2026-07-03 06:16:10,089 P1485450 INFO ---- Model: ----MSTGAD-6acdc28f----random_seed : 2----req_loss_approach : Legendre-style----rec_lambda : 1.0----auxi_lambda : 0.1----Freq Domain : FITS_Legendre----Multi Fits : false----train : True----evaluate : False
2026-07-03 06:16:10,089 P1485450 INFO read Tranform data
2026-07-03 06:16:11,251 P1485450 INFO read Graph edge data
2026-07-03 06:16:11,252 P1485450 INFO Fewshot: training with 1.0 of the 70% of the data
2026-07-03 06:16:12,891 P1485450 INFO Trainable Parameters Breakdown:
2026-07-03 06:16:12,892 P1485450 INFO --------------------------------------------------------------------------------
2026-07-03 06:16:12,892 P1485450 INFO Reconstruction-Specific Parameters:
2026-07-03 06:16:12,892 P1485450 INFO linear_attn.Wq.weight                    | shape: (10, 10)                  | params: 100
2026-07-03 06:16:12,892 P1485450 INFO linear_attn.Wk.weight                    | shape: (10, 10)                  | params: 100
2026-07-03 06:16:12,892 P1485450 INFO linear_attn.Wv.weight                    | shape: (10, 10)                  | params: 100
2026-07-03 06:16:12,892 P1485450 INFO linear_attn.out.weight                   | shape: (10, 10)                  | params: 100
2026-07-03 06:16:12,892 P1485450 INFO linear_attn.out.bias                     | shape: (10,)                     | params: 10
2026-07-03 06:16:12,892 P1485450 INFO linear_attn.norm.weight                  | shape: (10,)                     | params: 10
2026-07-03 06:16:12,892 P1485450 INFO linear_attn.norm.bias                    | shape: (10,)                     | params: 10
2026-07-03 06:16:12,892 P1485450 INFO shared_fits.normlin_W                    | shape: (5, 5)                    | params: 25
2026-07-03 06:16:12,892 P1485450 INFO shared_fits.freq_upsampler.weight        | shape: (5, 5)                    | params: 25
2026-07-03 06:16:12,892 P1485450 INFO shared_fits.freq_upsampler.bias          | shape: (5,)                      | params: 5
2026-07-03 06:16:12,892 P1485450 INFO modality_proj.node.weight                | shape: (10, 4)                   | params: 40
2026-07-03 06:16:12,892 P1485450 INFO modality_proj.node.bias                  | shape: (10,)                     | params: 10
2026-07-03 06:16:12,892 P1485450 INFO modality_proj.log.weight                 | shape: (10, 16)                  | params: 160
2026-07-03 06:16:12,892 P1485450 INFO modality_proj.log.bias                   | shape: (10,)                     | params: 10
2026-07-03 06:16:12,892 P1485450 INFO modality_proj.edge.weight                | shape: (10, 4)                   | params: 40
2026-07-03 06:16:12,892 P1485450 INFO modality_proj.edge.bias                  | shape: (10,)                     | params: 10
2026-07-03 06:16:12,892 P1485450 INFO modality_proj_out.node.weight            | shape: (4, 10)                   | params: 40
2026-07-03 06:16:12,892 P1485450 INFO modality_proj_out.node.bias              | shape: (4,)                      | params: 4
2026-07-03 06:16:12,892 P1485450 INFO modality_proj_out.log.weight             | shape: (16, 10)                  | params: 160
2026-07-03 06:16:12,892 P1485450 INFO modality_proj_out.log.bias               | shape: (16,)                     | params: 16
2026-07-03 06:16:12,893 P1485450 INFO modality_proj_out.edge.weight            | shape: (4, 10)                   | params: 40
2026-07-03 06:16:12,893 P1485450 INFO modality_proj_out.edge.bias              | shape: (4,)                      | params: 4
2026-07-03 06:16:12,893 P1485450 INFO Subtotal: 1,019
2026-07-03 06:16:12,893 P1485450 INFO --------------------------------------------------------------------------------
2026-07-03 06:16:12,893 P1485450 INFO Common Parameters:
2026-07-03 06:16:12,893 P1485450 INFO node_emb.linear.weight                   | shape: (4, 3)                    | params: 12
2026-07-03 06:16:12,893 P1485450 INFO node_emb.linear.bias                     | shape: (4,)                      | params: 4
2026-07-03 06:16:12,893 P1485450 INFO log_emb.linear.weight                    | shape: (16, 256)                 | params: 4,096
2026-07-03 06:16:12,893 P1485450 INFO log_emb.linear.bias                      | shape: (16,)                     | params: 16
2026-07-03 06:16:12,893 P1485450 INFO egde_emb.linear.weight                   | shape: (4, 7)                    | params: 28
2026-07-03 06:16:12,893 P1485450 INFO egde_emb.linear.bias                     | shape: (4,)                      | params: 4
2026-07-03 06:16:12,893 P1485450 INFO dense_node.weight                        | shape: (3, 4)                    | params: 12
2026-07-03 06:16:12,893 P1485450 INFO dense_node.bias                          | shape: (3,)                      | params: 3
2026-07-03 06:16:12,893 P1485450 INFO dense_log.weight                         | shape: (256, 16)                 | params: 4,096
2026-07-03 06:16:12,893 P1485450 INFO dense_log.bias                           | shape: (256,)                    | params: 256
2026-07-03 06:16:12,893 P1485450 INFO dense_edge.weight                        | shape: (7, 4)                    | params: 28
2026-07-03 06:16:12,893 P1485450 INFO dense_edge.bias                          | shape: (7,)                      | params: 7
2026-07-03 06:16:12,893 P1485450 INFO show.0.weight                            | shape: (128, 266)                | params: 34,048
2026-07-03 06:16:12,893 P1485450 INFO show.0.bias                              | shape: (128,)                    | params: 128
2026-07-03 06:16:12,893 P1485450 INFO show.2.weight                            | shape: (2, 128)                  | params: 256
2026-07-03 06:16:12,893 P1485450 INFO show.2.bias                              | shape: (2,)                      | params: 2
2026-07-03 06:16:12,893 P1485450 INFO Subtotal: 42,996
2026-07-03 06:16:12,893 P1485450 INFO --------------------------------------------------------------------------------
2026-07-03 06:16:12,893 P1485450 INFO Total Trainable Parameters: 44,015

2026-07-03 06:16:12,894 P1485450 INFO Trainable Parameters: 44015, reconstruction: 1019, common: 42996
2026-07-03 06:16:12,894 P1485450 INFO model : init weight
2026-07-03 06:16:12,894 P1485450 INFO Using GPU...
2026-07-03 06:16:12,898 P1485450 INFO optimizer : using AdaBelief
2026-07-03 06:16:12,898 P1485450 INFO ----------------------------------------------------------------------------------------------------
2026-07-03 06:16:12,899 P1485450 INFO 0/300 starting... lr: 0.001 para:1.0
2026-07-03 06:16:19,692 P1485450 INFO Epoch 0/300, all_loss:0.28109 cls_loss:158.00897 rec_loss:0.28109 [6.79s]; best loss:0.28109, patience : 0
2026-07-03 06:16:19,692 P1485450 INFO ----------------------------------------------------------------------------------------------------
2026-07-03 06:16:19,692 P1485450 INFO 1/300 starting... lr: 0.001 para:0.5
2026-07-03 06:16:25,648 P1485450 INFO Epoch 1/300, all_loss:5.36096 cls_loss:10.43727 rec_loss:0.28465 [5.95s]; best loss:5.36096, patience : 0
2026-07-03 06:16:25,648 P1485450 INFO ----------------------------------------------------------------------------------------------------
2026-07-03 06:16:25,648 P1485450 INFO 2/300 starting... lr: 0.001 para:0.3333333432674408
2026-07-03 06:16:31,746 P1485450 INFO Epoch 2/300, all_loss:2.84536 cls_loss:4.11120 rec_loss:0.31367 [6.09s]; best loss:2.84536, patience : 0
2026-07-03 06:16:33,903 P1485450 INFO pr:0.9918  rc:0.6111  auc:0.9469 ap:0.9279 f1: 0.7562 pred_right: 38756 pred_wrong:244 actu_right: 38604 actu_wrong: 396
2026-07-03 06:16:34,899 P1485450 INFO pr:0.9773  rc:0.6667  auc:0.9609 ap:0.9403 f1: 0.7926 pred_right: 16412 pred_wrong:88 actu_right: 16371 actu_wrong: 129
2026-07-03 06:16:34,906 P1485450 INFO ----------------------------------------------------------------------------------------------------
2026-07-03 06:16:34,906 P1485450 INFO 3/300 starting... lr: 0.001 para:0.25
2026-07-03 06:16:40,990 P1485450 INFO Epoch 3/300, all_loss:0.82700 cls_loss:0.99701 rec_loss:0.31699 [6.08s]; best loss:0.82700, patience : 0
2026-07-03 06:16:44,518 P1485450 INFO pr:0.9477  rc:0.7797  auc:0.9713 ap:0.9118 f1: 0.8556 pred_right: 38675 pred_wrong:325 actu_right: 38605 actu_wrong: 395
2026-07-03 06:16:45,234 P1485450 INFO pr:0.9643  rc:0.8372  auc:0.9923 ap:0.9716 f1: 0.8963 pred_right: 16388 pred_wrong:112 actu_right: 16371 actu_wrong: 129
2026-07-03 06:16:45,238 P1485450 INFO ----------------------------------------------------------------------------------------------------
2026-07-03 06:16:45,238 P1485450 INFO 4/300 starting... lr: 0.001 para:0.20000000298023224
2026-07-03 06:16:50,099 P1485450 INFO Epoch 4/300, all_loss:0.63684 cls_loss:0.72510 rec_loss:0.28380 [4.86s]; best loss:0.63684, patience : 0
2026-07-03 06:16:52,219 P1485450 INFO pr:0.9588  rc:0.8232  auc:0.9584 ap:0.9406 f1: 0.8859 pred_right: 38660 pred_wrong:340 actu_right: 38604 actu_wrong: 396
2026-07-03 06:16:53,118 P1485450 INFO pr:0.9496  rc:0.8760  auc:0.9778 ap:0.9641 f1: 0.9113 pred_right: 16381 pred_wrong:119 actu_right: 16371 actu_wrong: 129
2026-07-03 06:16:53,122 P1485450 INFO ----------------------------------------------------------------------------------------------------
2026-07-03 06:16:53,122 P1485450 INFO 5/300 starting... lr: 0.001 para:0.1666666716337204
2026-07-03 06:17:01,262 P1485450 INFO Epoch 5/300, all_loss:0.77316 cls_loss:0.87386 rec_loss:0.26965 [8.14s]; best loss:0.63684, patience : 1
2026-07-03 06:17:06,490 P1485450 INFO pr:0.9549  rc:0.8539  auc:0.9756 ap:0.9254 f1: 0.9016 pred_right: 38645 pred_wrong:355 actu_right: 38603 actu_wrong: 397
2026-07-03 06:17:08,205 P1485450 INFO pr:0.9672  rc:0.9147  auc:0.9948 ap:0.9872 f1: 0.9402 pred_right: 16378 pred_wrong:122 actu_right: 16371 actu_wrong: 129
2026-07-03 06:17:08,211 P1485450 INFO ----------------------------------------------------------------------------------------------------
2026-07-03 06:17:08,211 P1485450 INFO 6/300 starting... lr: 0.001 para:0.1428571492433548
2026-07-03 06:17:14,738 P1485450 INFO Epoch 6/300, all_loss:2.98168 cls_loss:3.43938 rec_loss:0.23545 [6.53s]; best loss:0.63684, patience : 2
2026-07-03 06:17:16,960 P1485450 INFO pr:0.9580  rc:0.8615  auc:0.9799 ap:0.9473 f1: 0.9072 pred_right: 38643 pred_wrong:357 actu_right: 38603 actu_wrong: 397
2026-07-03 06:17:17,982 P1485450 INFO pr:0.9512  rc:0.9070  auc:0.9996 ap:0.9811 f1: 0.9286 pred_right: 16377 pred_wrong:123 actu_right: 16371 actu_wrong: 129
2026-07-03 06:17:17,987 P1485450 INFO ----------------------------------------------------------------------------------------------------
2026-07-03 06:17:17,987 P1485450 INFO 7/300 starting... lr: 0.001 para:0.125
2026-07-03 06:17:24,230 P1485450 INFO Epoch 7/300, all_loss:1.04857 cls_loss:1.16585 rec_loss:0.22761 [6.24s]; best loss:0.63684, patience : 2
2026-07-03 06:17:26,389 P1485450 INFO pr:0.9614  rc:0.8813  auc:0.9798 ap:0.9538 f1: 0.9196 pred_right: 38637 pred_wrong:363 actu_right: 38604 actu_wrong: 396
2026-07-03 06:17:27,266 P1485450 INFO pr:0.9685  rc:0.9535  auc:0.9937 ap:0.9856 f1: 0.9609 pred_right: 16373 pred_wrong:127 actu_right: 16371 actu_wrong: 129
2026-07-03 06:17:27,270 P1485450 INFO ----------------------------------------------------------------------------------------------------
2026-07-03 06:17:27,270 P1485450 INFO 8/300 starting... lr: 0.001 para:0.1111111119389534
2026-07-03 06:17:33,338 P1485450 INFO Epoch 8/300, all_loss:56.80573 cls_loss:63.88271 rec_loss:0.18972 [6.07s]; best loss:0.63684, patience : 3
2026-07-03 06:17:35,353 P1485450 INFO pr:0.9401  rc:0.9093  auc:0.9800 ap:0.9549 f1: 0.9245 pred_right: 38616 pred_wrong:384 actu_right: 38603 actu_wrong: 397
2026-07-03 06:17:36,193 P1485450 INFO pr:0.9615  rc:0.9690  auc:0.9816 ap:0.9796 f1: 0.9653 pred_right: 16370 pred_wrong:130 actu_right: 16371 actu_wrong: 129
2026-07-03 06:17:36,197 P1485450 INFO ----------------------------------------------------------------------------------------------------
2026-07-03 06:17:36,197 P1485450 INFO 9/300 starting... lr: 0.001 para:0.10000000149011612
2026-07-03 06:17:42,363 P1485450 INFO Epoch 9/300, all_loss:1.20322 cls_loss:1.31680 rec_loss:0.18104 [6.17s]; best loss:0.63684, patience : 3
2026-07-03 06:17:44,777 P1485450 INFO pr:0.9630  rc:0.8535  auc:0.9672 ap:0.9489 f1: 0.9050 pred_right: 38649 pred_wrong:351 actu_right: 38604 actu_wrong: 396
2026-07-03 06:17:45,633 P1485450 INFO pr:0.9672  rc:0.9147  auc:0.9823 ap:0.9674 f1: 0.9402 pred_right: 16378 pred_wrong:122 actu_right: 16371 actu_wrong: 129
2026-07-03 06:17:45,634 P1485450 INFO ----------------------------------------------------------------------------------------------------
2026-07-03 06:17:45,634 P1485450 INFO 10/300 starting... lr: 0.001 para:0.09090909361839294
2026-07-03 06:17:51,435 P1485450 INFO Epoch 10/300, all_loss:21.13523 cls_loss:23.23074 rec_loss:0.18021 [5.80s]; best loss:0.63684, patience : 4
2026-07-03 06:17:53,774 P1485450 INFO pr:0.9507  rc:0.8741  auc:0.9754 ap:0.9465 f1: 0.9108 pred_right: 38635 pred_wrong:365 actu_right: 38603 actu_wrong: 397
2026-07-03 06:17:54,838 P1485450 INFO pr:0.9380  rc:0.9380  auc:0.9809 ap:0.9714 f1: 0.9380 pred_right: 16371 pred_wrong:129 actu_right: 16371 actu_wrong: 129
2026-07-03 06:17:54,838 P1485450 INFO ----------------------------------------------------------------------------------------------------
2026-07-03 06:17:54,839 P1485450 INFO 11/300 starting... lr: 0.001 para:0.0833333358168602
2026-07-03 06:18:00,889 P1485450 INFO Epoch 11/300, all_loss:9.18238 cls_loss:10.00231 rec_loss:0.16316 [6.05s]; best loss:0.63684, patience : 4
2026-07-03 06:18:03,218 P1485450 INFO pr:0.9452  rc:0.8690  auc:0.9804 ap:0.9383 f1: 0.9055 pred_right: 38635 pred_wrong:365 actu_right: 38603 actu_wrong: 397
2026-07-03 06:18:04,089 P1485450 INFO pr:0.9603  rc:0.9380  auc:0.9959 ap:0.9821 f1: 0.9490 pred_right: 16374 pred_wrong:126 actu_right: 16371 actu_wrong: 129
2026-07-03 06:18:04,090 P1485450 INFO ----------------------------------------------------------------------------------------------------
2026-07-03 06:18:04,090 P1485450 INFO 12/300 starting... lr: 0.001 para:0.07692307978868484
2026-07-03 06:18:11,266 P1485450 INFO Epoch 12/300, all_loss:0.84024 cls_loss:0.89677 rec_loss:0.16193 [7.18s]; best loss:0.63684, patience : 4
2026-07-03 06:18:12,930 P1485450 INFO pr:0.9186  rc:0.9093  auc:0.9811 ap:0.9424 f1: 0.9139 pred_right: 38607 pred_wrong:393 actu_right: 38603 actu_wrong: 397
2026-07-03 06:18:13,643 P1485450 INFO pr:0.8857  rc:0.9612  auc:0.9808 ap:0.9663 f1: 0.9219 pred_right: 16360 pred_wrong:140 actu_right: 16371 actu_wrong: 129
2026-07-03 06:18:13,644 P1485450 INFO ----------------------------------------------------------------------------------------------------
2026-07-03 06:18:13,644 P1485450 INFO 13/300 starting... lr: 0.001 para:0.0714285746216774
2026-07-03 06:18:18,870 P1485450 INFO Epoch 13/300, all_loss:1.50482 cls_loss:1.60906 rec_loss:0.14980 [5.23s]; best loss:0.63684, patience : 5
2026-07-03 06:18:20,936 P1485450 INFO pr:0.9568  rc:0.8384  auc:0.9800 ap:0.9307 f1: 0.8937 pred_right: 38653 pred_wrong:347 actu_right: 38604 actu_wrong: 396
2026-07-03 06:18:21,732 P1485450 INFO pr:0.9754  rc:0.9225  auc:0.9876 ap:0.9747 f1: 0.9482 pred_right: 16378 pred_wrong:122 actu_right: 16371 actu_wrong: 129
2026-07-03 06:18:21,732 P1485450 INFO ----------------------------------------------------------------------------------------------------
2026-07-03 06:18:21,732 P1485450 INFO 14/300 starting... lr: 0.001 para:0.06666667014360428
2026-07-03 06:18:34,051 P1485450 INFO Epoch 14/300, all_loss:0.55256 cls_loss:0.58176 rec_loss:0.14385 [12.31s]; best loss:0.55256, patience : 0
2026-07-03 06:18:36,618 P1485450 INFO pr:0.9444  rc:0.8992  auc:0.9811 ap:0.9420 f1: 0.9213 pred_right: 38622 pred_wrong:378 actu_right: 38603 actu_wrong: 397
2026-07-03 06:18:37,639 P1485450 INFO pr:0.9615  rc:0.9690  auc:0.9978 ap:0.9884 f1: 0.9653 pred_right: 16370 pred_wrong:130 actu_right: 16371 actu_wrong: 129
2026-07-03 06:18:37,640 P1485450 INFO ----------------------------------------------------------------------------------------------------
2026-07-03 06:18:37,640 P1485450 INFO 15/300 starting... lr: 0.001 para:0.0625
2026-07-03 06:18:43,888 P1485450 INFO Epoch 15/300, all_loss:37.06711 cls_loss:39.52907 rec_loss:0.13776 [6.25s]; best loss:0.55256, patience : 1
2026-07-03 06:18:46,239 P1485450 INFO pr:0.9706  rc:0.8312  auc:0.9622 ap:0.9384 f1: 0.8955 pred_right: 38660 pred_wrong:340 actu_right: 38603 actu_wrong: 397
2026-07-03 06:18:47,170 P1485450 INFO pr:0.9832  rc:0.9070  auc:0.9816 ap:0.9750 f1: 0.9435 pred_right: 16381 pred_wrong:119 actu_right: 16371 actu_wrong: 129
2026-07-03 06:18:47,171 P1485450 INFO ----------------------------------------------------------------------------------------------------
2026-07-03 06:18:47,171 P1485450 INFO 16/300 starting... lr: 0.001 para:0.05882352963089943
2026-07-03 06:18:53,258 P1485450 INFO Epoch 16/300, all_loss:0.56551 cls_loss:0.59254 rec_loss:0.13305 [6.09s]; best loss:0.55256, patience : 1
2026-07-03 06:18:55,610 P1485450 INFO pr:0.9645  rc:0.8212  auc:0.9670 ap:0.9407 f1: 0.8871 pred_right: 38662 pred_wrong:338 actu_right: 38603 actu_wrong: 397
2026-07-03 06:18:56,571 P1485450 INFO pr:0.9831  rc:0.8992  auc:0.9823 ap:0.9734 f1: 0.9393 pred_right: 16382 pred_wrong:118 actu_right: 16371 actu_wrong: 129
2026-07-03 06:18:56,572 P1485450 INFO ----------------------------------------------------------------------------------------------------
2026-07-03 06:18:56,572 P1485450 INFO 17/300 starting... lr: 0.001 para:0.0555555559694767
2026-07-03 06:19:02,586 P1485450 INFO Epoch 17/300, all_loss:0.65614 cls_loss:0.68622 rec_loss:0.14479 [6.01s]; best loss:0.55256, patience : 2
2026-07-03 06:19:04,920 P1485450 INFO pr:0.9555  rc:0.9194  auc:0.9858 ap:0.9671 f1: 0.9371 pred_right: 38618 pred_wrong:382 actu_right: 38603 actu_wrong: 397
2026-07-03 06:19:05,998 P1485450 INFO pr:0.9621  rc:0.9845  auc:0.9999 ap:0.9961 f1: 0.9732 pred_right: 16368 pred_wrong:132 actu_right: 16371 actu_wrong: 129
2026-07-03 06:19:06,004 P1485450 INFO ----------------------------------------------------------------------------------------------------
2026-07-03 06:19:06,004 P1485450 INFO 18/300 starting... lr: 0.001 para:0.05263157933950424
2026-07-03 06:19:11,974 P1485450 INFO Epoch 18/300, all_loss:0.44124 cls_loss:0.45805 rec_loss:0.13865 [5.97s]; best loss:0.44124, patience : 0
2026-07-03 06:19:14,344 P1485450 INFO pr:0.9622  rc:0.8967  auc:0.9729 ap:0.9589 f1: 0.9283 pred_right: 38630 pred_wrong:370 actu_right: 38603 actu_wrong: 397
2026-07-03 06:19:15,318 P1485450 INFO pr:0.9462  rc:0.9535  auc:0.9978 ap:0.9836 f1: 0.9498 pred_right: 16370 pred_wrong:130 actu_right: 16371 actu_wrong: 129
2026-07-03 06:19:15,319 P1485450 INFO ----------------------------------------------------------------------------------------------------
2026-07-03 06:19:15,319 P1485450 INFO 19/300 starting... lr: 0.001 para:0.05000000074505806
2026-07-03 06:19:21,376 P1485450 INFO Epoch 19/300, all_loss:0.46422 cls_loss:0.48132 rec_loss:0.13948 [6.06s]; best loss:0.44124, patience : 1
2026-07-03 06:19:23,382 P1485450 INFO pr:0.9623  rc:0.8992  auc:0.9808 ap:0.9665 f1: 0.9297 pred_right: 38629 pred_wrong:371 actu_right: 38603 actu_wrong: 397
2026-07-03 06:19:24,260 P1485450 INFO pr:0.9466  rc:0.9612  auc:0.9978 ap:0.9861 f1: 0.9538 pred_right: 16369 pred_wrong:131 actu_right: 16371 actu_wrong: 129
2026-07-03 06:19:24,261 P1485450 INFO ----------------------------------------------------------------------------------------------------
2026-07-03 06:19:24,261 P1485450 INFO 20/300 starting... lr: 0.001 para:0.0476190485060215
2026-07-03 06:19:30,467 P1485450 INFO Epoch 20/300, all_loss:5.47416 cls_loss:5.74093 rec_loss:0.13875 [6.21s]; best loss:0.44124, patience : 2
2026-07-03 06:19:33,115 P1485450 INFO pr:0.9587  rc:0.8766  auc:0.9819 ap:0.9539 f1: 0.9158 pred_right: 38637 pred_wrong:363 actu_right: 38603 actu_wrong: 397
2026-07-03 06:19:34,484 P1485450 INFO pr:0.9762  rc:0.9535  auc:0.9979 ap:0.9813 f1: 0.9647 pred_right: 16374 pred_wrong:126 actu_right: 16371 actu_wrong: 129
2026-07-03 06:19:34,484 P1485450 INFO ----------------------------------------------------------------------------------------------------
2026-07-03 06:19:34,484 P1485450 INFO 21/300 starting... lr: 0.001 para:0.04545454680919647
2026-07-03 06:19:39,113 P1485450 INFO Epoch 21/300, all_loss:0.34401 cls_loss:0.35405 rec_loss:0.13319 [4.63s]; best loss:0.34401, patience : 0
2026-07-03 06:19:40,999 P1485450 INFO pr:0.9386  rc:0.9268  auc:0.9858 ap:0.9684 f1: 0.9327 pred_right: 38609 pred_wrong:391 actu_right: 38604 actu_wrong: 396
2026-07-03 06:19:41,863 P1485450 INFO pr:0.9197  rc:0.9767  auc:0.9971 ap:0.9779 f1: 0.9474 pred_right: 16363 pred_wrong:137 actu_right: 16371 actu_wrong: 129
2026-07-03 06:19:41,863 P1485450 INFO ----------------------------------------------------------------------------------------------------
2026-07-03 06:19:41,864 P1485450 INFO 22/300 starting... lr: 0.001 para:0.043478261679410934
2026-07-03 06:19:48,924 P1485450 INFO Epoch 22/300, all_loss:0.36530 cls_loss:0.37577 rec_loss:0.13499 [7.06s]; best loss:0.34401, patience : 1
2026-07-03 06:19:53,103 P1485450 INFO pr:0.9619  rc:0.8914  auc:0.9844 ap:0.9557 f1: 0.9253 pred_right: 38633 pred_wrong:367 actu_right: 38604 actu_wrong: 396
2026-07-03 06:19:55,032 P1485450 INFO pr:0.9685  rc:0.9535  auc:0.9978 ap:0.9787 f1: 0.9609 pred_right: 16373 pred_wrong:127 actu_right: 16371 actu_wrong: 129
2026-07-03 06:19:55,032 P1485450 INFO ----------------------------------------------------------------------------------------------------
2026-07-03 06:19:55,033 P1485450 INFO 23/300 starting... lr: 0.001 para:0.0416666679084301
2026-07-03 06:20:03,167 P1485450 INFO Epoch 23/300, all_loss:0.80090 cls_loss:0.82999 rec_loss:0.13190 [8.13s]; best loss:0.34401, patience : 2
2026-07-03 06:20:05,436 P1485450 INFO pr:0.9421  rc:0.8615  auc:0.9829 ap:0.9343 f1: 0.9000 pred_right: 38637 pred_wrong:363 actu_right: 38603 actu_wrong: 397
2026-07-03 06:20:06,306 P1485450 INFO pr:0.9680  rc:0.9380  auc:0.9979 ap:0.9832 f1: 0.9528 pred_right: 16375 pred_wrong:125 actu_right: 16371 actu_wrong: 129
2026-07-03 06:20:06,306 P1485450 INFO ----------------------------------------------------------------------------------------------------
2026-07-03 06:20:06,306 P1485450 INFO 24/300 starting... lr: 0.001 para:0.03999999910593033
2026-07-03 06:20:12,361 P1485450 INFO Epoch 24/300, all_loss:1.17553 cls_loss:1.21918 rec_loss:0.12779 [6.05s]; best loss:0.34401, patience : 3
2026-07-03 06:20:14,505 P1485450 INFO pr:0.9650  rc:0.9018  auc:0.9806 ap:0.9660 f1: 0.9323 pred_right: 38629 pred_wrong:371 actu_right: 38603 actu_wrong: 397
2026-07-03 06:20:15,464 P1485450 INFO pr:0.9621  rc:0.9845  auc:0.9980 ap:0.9954 f1: 0.9732 pred_right: 16368 pred_wrong:132 actu_right: 16371 actu_wrong: 129
2026-07-03 06:20:15,465 P1485450 INFO ----------------------------------------------------------------------------------------------------
2026-07-03 06:20:15,465 P1485450 INFO 25/300 starting... lr: 0.001 para:0.03846153989434242
2026-07-03 06:20:21,568 P1485450 INFO Epoch 25/300, all_loss:0.25748 cls_loss:0.26238 rec_loss:0.13492 [6.10s]; best loss:0.25748, patience : 0
2026-07-03 06:20:23,819 P1485450 INFO pr:0.9628  rc:0.9118  auc:0.9821 ap:0.9629 f1: 0.9366 pred_right: 38624 pred_wrong:376 actu_right: 38603 actu_wrong: 397
2026-07-03 06:20:24,746 P1485450 INFO pr:0.9474  rc:0.9767  auc:0.9998 ap:0.9829 f1: 0.9618 pred_right: 16367 pred_wrong:133 actu_right: 16371 actu_wrong: 129
2026-07-03 06:20:24,747 P1485450 INFO ----------------------------------------------------------------------------------------------------
2026-07-03 06:20:24,747 P1485450 INFO 26/300 starting... lr: 0.001 para:0.03703703731298447
2026-07-03 06:20:30,729 P1485450 INFO Epoch 26/300, all_loss:0.92012 cls_loss:0.95036 rec_loss:0.13379 [5.98s]; best loss:0.25748, patience : 1
2026-07-03 06:20:33,106 P1485450 INFO pr:0.9622  rc:0.8967  auc:0.9752 ap:0.9613 f1: 0.9283 pred_right: 38630 pred_wrong:370 actu_right: 38603 actu_wrong: 397
2026-07-03 06:20:34,116 P1485450 INFO pr:0.9609  rc:0.9535  auc:0.9979 ap:0.9868 f1: 0.9572 pred_right: 16372 pred_wrong:128 actu_right: 16371 actu_wrong: 129
2026-07-03 06:20:34,117 P1485450 INFO ----------------------------------------------------------------------------------------------------
2026-07-03 06:20:34,117 P1485450 INFO 27/300 starting... lr: 0.001 para:0.0357142873108387
2026-07-03 06:20:40,240 P1485450 INFO Epoch 27/300, all_loss:2.50051 cls_loss:2.58819 rec_loss:0.13334 [6.12s]; best loss:0.25748, patience : 2
2026-07-03 06:20:42,646 P1485450 INFO pr:0.9449  rc:0.9091  auc:0.9817 ap:0.9584 f1: 0.9266 pred_right: 38619 pred_wrong:381 actu_right: 38604 actu_wrong: 396
2026-07-03 06:20:43,679 P1485450 INFO pr:0.9394  rc:0.9612  auc:0.9897 ap:0.9700 f1: 0.9502 pred_right: 16368 pred_wrong:132 actu_right: 16371 actu_wrong: 129
2026-07-03 06:20:43,679 P1485450 INFO ----------------------------------------------------------------------------------------------------
2026-07-03 06:20:43,679 P1485450 INFO 28/300 starting... lr: 0.001 para:0.03448275849223137
2026-07-03 06:20:49,882 P1485450 INFO Epoch 28/300, all_loss:0.20514 cls_loss:0.20762 rec_loss:0.13553 [6.20s]; best loss:0.20514, patience : 0
2026-07-03 06:20:52,052 P1485450 INFO pr:0.9291  rc:0.9244  auc:0.9883 ap:0.9605 f1: 0.9268 pred_right: 38605 pred_wrong:395 actu_right: 38603 actu_wrong: 397
2026-07-03 06:20:52,982 P1485450 INFO pr:0.9481  rc:0.9922  auc:0.9999 ap:0.9899 f1: 0.9697 pred_right: 16365 pred_wrong:135 actu_right: 16371 actu_wrong: 129
2026-07-03 06:20:52,983 P1485450 INFO ----------------------------------------------------------------------------------------------------
2026-07-03 06:20:52,983 P1485450 INFO 29/300 starting... lr: 0.001 para:0.03333333507180214
2026-07-03 06:21:00,410 P1485450 INFO Epoch 29/300, all_loss:0.23628 cls_loss:0.23991 rec_loss:0.13097 [7.43s]; best loss:0.20514, patience : 1
2026-07-03 06:21:02,518 P1485450 INFO pr:0.9383  rc:0.9241  auc:0.9876 ap:0.9584 f1: 0.9311 pred_right: 38611 pred_wrong:389 actu_right: 38605 actu_wrong: 395
2026-07-03 06:21:03,415 P1485450 INFO pr:0.9275  rc:0.9922  auc:0.9998 ap:0.9808 f1: 0.9588 pred_right: 16362 pred_wrong:138 actu_right: 16371 actu_wrong: 129
2026-07-03 06:21:03,415 P1485450 INFO ----------------------------------------------------------------------------------------------------
2026-07-03 06:21:03,415 P1485450 INFO 30/300 starting... lr: 0.001 para:0.032258063554763794
2026-07-03 06:21:09,057 P1485450 INFO Epoch 30/300, all_loss:0.47469 cls_loss:0.48617 rec_loss:0.13011 [5.64s]; best loss:0.20514, patience : 2
2026-07-03 06:21:11,003 P1485450 INFO pr:0.9658  rc:0.8539  auc:0.9773 ap:0.9535 f1: 0.9064 pred_right: 38649 pred_wrong:351 actu_right: 38603 actu_wrong: 397
2026-07-03 06:21:11,825 P1485450 INFO pr:0.9758  rc:0.9380  auc:0.9959 ap:0.9853 f1: 0.9565 pred_right: 16376 pred_wrong:124 actu_right: 16371 actu_wrong: 129
2026-07-03 06:21:11,826 P1485450 INFO ----------------------------------------------------------------------------------------------------
2026-07-03 06:21:11,826 P1485450 INFO 31/300 starting... lr: 0.001 para:0.03125
2026-07-03 06:21:22,769 P1485450 INFO Epoch 31/300, all_loss:0.20817 cls_loss:0.21076 rec_loss:0.12791 [10.94s]; best loss:0.20514, patience : 2
2026-07-03 06:21:25,764 P1485450 INFO pr:0.9434  rc:0.9291  auc:0.9868 ap:0.9692 f1: 0.9362 pred_right: 38611 pred_wrong:389 actu_right: 38605 actu_wrong: 395
2026-07-03 06:21:26,929 P1485450 INFO pr:0.9412  rc:0.9922  auc:0.9999 ap:0.9845 f1: 0.9660 pred_right: 16364 pred_wrong:136 actu_right: 16371 actu_wrong: 129
2026-07-03 06:21:26,930 P1485450 INFO ----------------------------------------------------------------------------------------------------
2026-07-03 06:21:26,930 P1485450 INFO 32/300 starting... lr: 0.001 para:0.03030303120613098
2026-07-03 06:21:33,558 P1485450 INFO Epoch 32/300, all_loss:0.16236 cls_loss:0.16348 rec_loss:0.12657 [6.62s]; best loss:0.16236, patience : 0
2026-07-03 06:21:35,993 P1485450 INFO pr:0.9530  rc:0.9194  auc:0.9881 ap:0.9675 f1: 0.9359 pred_right: 38617 pred_wrong:383 actu_right: 38603 actu_wrong: 397
2026-07-03 06:21:37,026 P1485450 INFO pr:0.9478  rc:0.9845  auc:0.9980 ap:0.9904 f1: 0.9658 pred_right: 16366 pred_wrong:134 actu_right: 16371 actu_wrong: 129
2026-07-03 06:21:37,027 P1485450 INFO ----------------------------------------------------------------------------------------------------
2026-07-03 06:21:37,027 P1485450 INFO 33/300 starting... lr: 0.001 para:0.029411764815449715
2026-07-03 06:21:43,337 P1485450 INFO Epoch 33/300, all_loss:1.04533 cls_loss:1.07321 rec_loss:0.12524 [6.31s]; best loss:0.16236, patience : 1
2026-07-03 06:21:45,787 P1485450 INFO pr:0.9629  rc:0.9144  auc:0.9894 ap:0.9656 f1: 0.9380 pred_right: 38623 pred_wrong:377 actu_right: 38603 actu_wrong: 397
2026-07-03 06:21:46,813 P1485450 INFO pr:0.9398  rc:0.9690  auc:0.9999 ap:0.9879 f1: 0.9542 pred_right: 16367 pred_wrong:133 actu_right: 16371 actu_wrong: 129
2026-07-03 06:21:46,818 P1485450 INFO ----------------------------------------------------------------------------------------------------
2026-07-03 06:21:46,818 P1485450 INFO 34/300 starting... lr: 0.001 para:0.02857142873108387
2026-07-03 06:21:53,177 P1485450 INFO Epoch 34/300, all_loss:0.09780 cls_loss:0.09697 rec_loss:0.12602 [6.36s]; best loss:0.09780, patience : 0
2026-07-03 06:21:55,422 P1485450 INFO pr:0.9651  rc:0.7657  auc:0.9693 ap:0.9458 f1: 0.8539 pred_right: 38685 pred_wrong:315 actu_right: 38603 actu_wrong: 397
2026-07-03 06:21:56,427 P1485450 INFO pr:0.9709  rc:0.7752  auc:0.9842 ap:0.9781 f1: 0.8621 pred_right: 16397 pred_wrong:103 actu_right: 16371 actu_wrong: 129
2026-07-03 06:21:56,427 P1485450 INFO ----------------------------------------------------------------------------------------------------
2026-07-03 06:21:56,427 P1485450 INFO 35/300 starting... lr: 0.001 para:0.02777777798473835
2026-07-03 06:22:02,568 P1485450 INFO Epoch 35/300, all_loss:0.81828 cls_loss:0.83787 rec_loss:0.13255 [6.14s]; best loss:0.09780, patience : 1
2026-07-03 06:22:04,556 P1485450 INFO pr:0.9633  rc:0.8589  auc:0.9805 ap:0.9549 f1: 0.9081 pred_right: 38646 pred_wrong:354 actu_right: 38603 actu_wrong: 397
2026-07-03 06:22:05,403 P1485450 INFO pr:0.9741  rc:0.8760  auc:0.9979 ap:0.9882 f1: 0.9224 pred_right: 16384 pred_wrong:116 actu_right: 16371 actu_wrong: 129
2026-07-03 06:22:05,404 P1485450 INFO ----------------------------------------------------------------------------------------------------
2026-07-03 06:22:05,404 P1485450 INFO 36/300 starting... lr: 0.001 para:0.027027027681469917
2026-07-03 06:22:11,660 P1485450 INFO Epoch 36/300, all_loss:7.21870 cls_loss:7.41523 rec_loss:0.14365 [6.26s]; best loss:0.09780, patience : 2
2026-07-03 06:22:13,771 P1485450 INFO pr:0.9728  rc:0.9018  auc:0.9810 ap:0.9624 f1: 0.9359 pred_right: 38632 pred_wrong:368 actu_right: 38603 actu_wrong: 397
2026-07-03 06:22:14,617 P1485450 INFO pr:0.9677  rc:0.9302  auc:0.9936 ap:0.9818 f1: 0.9486 pred_right: 16376 pred_wrong:124 actu_right: 16371 actu_wrong: 129
2026-07-03 06:22:14,617 P1485450 INFO ----------------------------------------------------------------------------------------------------
2026-07-03 06:22:14,625 P1485450 INFO 37/300 starting... lr: 0.001 para:0.02631578966975212
2026-07-03 06:22:20,608 P1485450 INFO Epoch 37/300, all_loss:0.08781 cls_loss:0.08616 rec_loss:0.14886 [5.98s]; best loss:0.08781, patience : 0
2026-07-03 06:22:22,871 P1485450 INFO pr:0.9704  rc:0.9068  auc:0.9818 ap:0.9717 f1: 0.9375 pred_right: 38629 pred_wrong:371 actu_right: 38603 actu_wrong: 397
2026-07-03 06:22:23,998 P1485450 INFO pr:0.9692  rc:0.9767  auc:0.9979 ap:0.9886 f1: 0.9730 pred_right: 16370 pred_wrong:130 actu_right: 16371 actu_wrong: 129
2026-07-03 06:22:23,999 P1485450 INFO ----------------------------------------------------------------------------------------------------
2026-07-03 06:22:23,999 P1485450 INFO 38/300 starting... lr: 0.001 para:0.025641025975346565
2026-07-03 06:22:29,359 P1485450 INFO Epoch 38/300, all_loss:0.28135 cls_loss:0.28503 rec_loss:0.14126 [5.36s]; best loss:0.08781, patience : 1
2026-07-03 06:22:31,177 P1485450 INFO pr:0.9679  rc:0.9118  auc:0.9814 ap:0.9705 f1: 0.9390 pred_right: 38626 pred_wrong:374 actu_right: 38603 actu_wrong: 397
2026-07-03 06:22:31,992 P1485450 INFO pr:0.9612  rc:0.9612  auc:0.9979 ap:0.9853 f1: 0.9612 pred_right: 16371 pred_wrong:129 actu_right: 16371 actu_wrong: 129
2026-07-03 06:22:31,996 P1485450 INFO ----------------------------------------------------------------------------------------------------
2026-07-03 06:22:31,997 P1485450 INFO 39/300 starting... lr: 0.001 para:0.02500000037252903
2026-07-03 06:22:38,185 P1485450 INFO Epoch 39/300, all_loss:0.37359 cls_loss:0.37968 rec_loss:0.13639 [6.19s]; best loss:0.08781, patience : 2
2026-07-03 06:22:42,210 P1485450 INFO pr:0.9506  rc:0.9219  auc:0.9823 ap:0.9644 f1: 0.9361 pred_right: 38615 pred_wrong:385 actu_right: 38603 actu_wrong: 397
2026-07-03 06:22:44,161 P1485450 INFO pr:0.9621  rc:0.9845  auc:0.9978 ap:0.9816 f1: 0.9732 pred_right: 16368 pred_wrong:132 actu_right: 16371 actu_wrong: 129
2026-07-03 06:22:44,162 P1485450 INFO ----------------------------------------------------------------------------------------------------
2026-07-03 06:22:44,162 P1485450 INFO 40/300 starting... lr: 0.001 para:0.024390242993831635
2026-07-03 06:22:53,503 P1485450 INFO Epoch 40/300, all_loss:0.16860 cls_loss:0.16952 rec_loss:0.13155 [9.34s]; best loss:0.08781, patience : 2
2026-07-03 06:22:55,624 P1485450 INFO pr:0.9632  rc:0.9219  auc:0.9887 ap:0.9720 f1: 0.9421 pred_right: 38620 pred_wrong:380 actu_right: 38603 actu_wrong: 397
2026-07-03 06:22:56,532 P1485450 INFO pr:0.9412  rc:0.9922  auc:0.9978 ap:0.9830 f1: 0.9660 pred_right: 16364 pred_wrong:136 actu_right: 16371 actu_wrong: 129
2026-07-03 06:22:56,536 P1485450 INFO ----------------------------------------------------------------------------------------------------
2026-07-03 06:22:56,536 P1485450 INFO 41/300 starting... lr: 0.001 para:0.02380952425301075
2026-07-03 06:23:02,648 P1485450 INFO Epoch 41/300, all_loss:0.07502 cls_loss:0.07386 rec_loss:0.12236 [6.11s]; best loss:0.07502, patience : 0
2026-07-03 06:23:04,650 P1485450 INFO pr:0.9501  rc:0.9118  auc:0.9827 ap:0.9591 f1: 0.9306 pred_right: 38619 pred_wrong:381 actu_right: 38603 actu_wrong: 397
2026-07-03 06:23:05,599 P1485450 INFO pr:0.9538  rc:0.9612  auc:0.9979 ap:0.9869 f1: 0.9575 pred_right: 16370 pred_wrong:130 actu_right: 16371 actu_wrong: 129
2026-07-03 06:23:05,599 P1485450 INFO ----------------------------------------------------------------------------------------------------
2026-07-03 06:23:05,600 P1485450 INFO 42/300 starting... lr: 0.001 para:0.023255813866853714
2026-07-03 06:23:11,551 P1485450 INFO Epoch 42/300, all_loss:0.05413 cls_loss:0.05226 rec_loss:0.13278 [5.95s]; best loss:0.05413, patience : 0
2026-07-03 06:23:13,584 P1485450 INFO pr:0.9268  rc:0.9268  auc:0.9866 ap:0.9631 f1: 0.9268 pred_right: 38604 pred_wrong:396 actu_right: 38604 actu_wrong: 396
2026-07-03 06:23:14,485 P1485450 INFO pr:0.9343  rc:0.9922  auc:0.9978 ap:0.9818 f1: 0.9624 pred_right: 16363 pred_wrong:137 actu_right: 16371 actu_wrong: 129
2026-07-03 06:23:14,486 P1485450 INFO ----------------------------------------------------------------------------------------------------
2026-07-03 06:23:14,486 P1485450 INFO 43/300 starting... lr: 0.001 para:0.022727273404598236
2026-07-03 06:23:20,650 P1485450 INFO Epoch 43/300, all_loss:0.06552 cls_loss:0.06380 rec_loss:0.13964 [6.16s]; best loss:0.05413, patience : 1
2026-07-03 06:23:23,193 P1485450 INFO pr:0.9775  rc:0.8741  auc:0.9778 ap:0.9676 f1: 0.9229 pred_right: 38645 pred_wrong:355 actu_right: 38603 actu_wrong: 397
2026-07-03 06:23:24,101 P1485450 INFO pr:0.9683  rc:0.9457  auc:0.9918 ap:0.9792 f1: 0.9569 pred_right: 16374 pred_wrong:126 actu_right: 16371 actu_wrong: 129
2026-07-03 06:23:24,102 P1485450 INFO ----------------------------------------------------------------------------------------------------
2026-07-03 06:23:24,102 P1485450 INFO 44/300 starting... lr: 0.001 para:0.02222222276031971
2026-07-03 06:23:30,175 P1485450 INFO Epoch 44/300, all_loss:0.08256 cls_loss:0.08129 rec_loss:0.13849 [6.07s]; best loss:0.05413, patience : 2
2026-07-03 06:23:32,379 P1485450 INFO pr:0.9560  rc:0.9295  auc:0.9883 ap:0.9762 f1: 0.9425 pred_right: 38614 pred_wrong:386 actu_right: 38603 actu_wrong: 397
2026-07-03 06:23:33,469 P1485450 INFO pr:0.9275  rc:0.9922  auc:0.9979 ap:0.9845 f1: 0.9588 pred_right: 16362 pred_wrong:138 actu_right: 16371 actu_wrong: 129
2026-07-03 06:23:33,474 P1485450 INFO ----------------------------------------------------------------------------------------------------
2026-07-03 06:23:33,477 P1485450 INFO 45/300 starting... lr: 0.001 para:0.021739130839705467
2026-07-03 06:23:39,313 P1485450 INFO Epoch 45/300, all_loss:0.07035 cls_loss:0.06898 rec_loss:0.13225 [5.84s]; best loss:0.05413, patience : 2
2026-07-03 06:23:41,337 P1485450 INFO pr:0.9486  rc:0.9295  auc:0.9865 ap:0.9691 f1: 0.9389 pred_right: 38611 pred_wrong:389 actu_right: 38603 actu_wrong: 397
2026-07-03 06:23:42,164 P1485450 INFO pr:0.9191  rc:0.9690  auc:0.9940 ap:0.9741 f1: 0.9434 pred_right: 16364 pred_wrong:136 actu_right: 16371 actu_wrong: 129
2026-07-03 06:23:42,165 P1485450 INFO ----------------------------------------------------------------------------------------------------
2026-07-03 06:23:42,165 P1485450 INFO 46/300 starting... lr: 0.001 para:0.021276595070958138
2026-07-03 06:23:48,263 P1485450 INFO Epoch 46/300, all_loss:0.08352 cls_loss:0.08241 rec_loss:0.13453 [6.10s]; best loss:0.05413, patience : 3
2026-07-03 06:23:51,178 P1485450 INFO pr:0.9561  rc:0.9343  auc:0.9874 ap:0.9740 f1: 0.9451 pred_right: 38613 pred_wrong:387 actu_right: 38604 actu_wrong: 396
2026-07-03 06:23:52,106 P1485450 INFO pr:0.9071  rc:0.9845  auc:0.9978 ap:0.9791 f1: 0.9442 pred_right: 16360 pred_wrong:140 actu_right: 16371 actu_wrong: 129
2026-07-03 06:23:52,110 P1485450 INFO ----------------------------------------------------------------------------------------------------
2026-07-03 06:23:52,110 P1485450 INFO 47/300 starting... lr: 0.001 para:0.02083333395421505
2026-07-03 06:23:56,612 P1485450 INFO Epoch 47/300, all_loss:0.04367 cls_loss:0.04176 rec_loss:0.13349 [4.50s]; best loss:0.04367, patience : 0
2026-07-03 06:23:58,532 P1485450 INFO pr:0.9683  rc:0.9244  auc:0.9756 ap:0.9660 f1: 0.9459 pred_right: 38621 pred_wrong:379 actu_right: 38603 actu_wrong: 397
2026-07-03 06:23:59,503 P1485450 INFO pr:0.9318  rc:0.9535  auc:0.9976 ap:0.9768 f1: 0.9425 pred_right: 16368 pred_wrong:132 actu_right: 16371 actu_wrong: 129
2026-07-03 06:23:59,507 P1485450 INFO ----------------------------------------------------------------------------------------------------
2026-07-03 06:23:59,507 P1485450 INFO 48/300 starting... lr: 0.001 para:0.020408162847161293
2026-07-03 06:24:06,472 P1485450 INFO Epoch 48/300, all_loss:0.07371 cls_loss:0.07229 rec_loss:0.14175 [6.96s]; best loss:0.04367, patience : 1
2026-07-03 06:24:10,318 P1485450 INFO pr:0.9860  rc:0.8841  auc:0.9769 ap:0.9701 f1: 0.9323 pred_right: 38644 pred_wrong:356 actu_right: 38603 actu_wrong: 397
2026-07-03 06:24:11,914 P1485450 INFO pr:0.9516  rc:0.9147  auc:0.9938 ap:0.9759 f1: 0.9328 pred_right: 16376 pred_wrong:124 actu_right: 16371 actu_wrong: 129
2026-07-03 06:24:11,918 P1485450 INFO ----------------------------------------------------------------------------------------------------
2026-07-03 06:24:11,918 P1485450 INFO 49/300 starting... lr: 0.001 para:0.019999999552965164
2026-07-03 06:24:20,683 P1485450 INFO Epoch 49/300, all_loss:0.11389 cls_loss:0.11341 rec_loss:0.13774 [8.76s]; best loss:0.04367, patience : 2
2026-07-03 06:24:22,843 P1485450 INFO pr:0.9786  rc:0.9194  auc:0.9786 ap:0.9725 f1: 0.9481 pred_right: 38627 pred_wrong:373 actu_right: 38603 actu_wrong: 397
2026-07-03 06:24:23,714 P1485450 INFO pr:0.9403  rc:0.9767  auc:0.9938 ap:0.9699 f1: 0.9582 pred_right: 16366 pred_wrong:134 actu_right: 16371 actu_wrong: 129
2026-07-03 06:24:23,718 P1485450 INFO ----------------------------------------------------------------------------------------------------
2026-07-03 06:24:23,718 P1485450 INFO 50/300 starting... lr: 0.001 para:0.019607843831181526
2026-07-03 06:24:29,767 P1485450 INFO Epoch 50/300, all_loss:0.11756 cls_loss:0.11724 rec_loss:0.13372 [6.05s]; best loss:0.04367, patience : 3
2026-07-03 06:24:32,117 P1485450 INFO pr:0.9836  rc:0.9068  auc:0.9801 ap:0.9739 f1: 0.9436 pred_right: 38634 pred_wrong:366 actu_right: 38603 actu_wrong: 397
2026-07-03 06:24:33,122 P1485450 INFO pr:0.9389  rc:0.9535  auc:0.9939 ap:0.9744 f1: 0.9462 pred_right: 16369 pred_wrong:131 actu_right: 16371 actu_wrong: 129
2026-07-03 06:24:33,123 P1485450 INFO ----------------------------------------------------------------------------------------------------
2026-07-03 06:24:33,123 P1485450 INFO 51/300 starting... lr: 0.001 para:0.01923076994717121
2026-07-03 06:24:39,142 P1485450 INFO Epoch 51/300, all_loss:0.05904 cls_loss:0.05723 rec_loss:0.15179 [6.02s]; best loss:0.04367, patience : 3
2026-07-03 06:24:41,160 P1485450 INFO pr:0.9661  rc:0.9320  auc:0.9820 ap:0.9744 f1: 0.9487 pred_right: 38617 pred_wrong:383 actu_right: 38603 actu_wrong: 397
2026-07-03 06:24:42,035 P1485450 INFO pr:0.9407  rc:0.9845  auc:0.9959 ap:0.9846 f1: 0.9621 pred_right: 16365 pred_wrong:135 actu_right: 16371 actu_wrong: 129
2026-07-03 06:24:42,039 P1485450 INFO ----------------------------------------------------------------------------------------------------
2026-07-03 06:24:42,040 P1485450 INFO 52/300 starting... lr: 0.001 para:0.01886792480945587
2026-07-03 06:24:47,913 P1485450 INFO Epoch 52/300, all_loss:0.04236 cls_loss:0.04052 rec_loss:0.13794 [5.87s]; best loss:0.04236, patience : 0
2026-07-03 06:24:49,977 P1485450 INFO pr:0.9585  rc:0.9343  auc:0.9852 ap:0.9730 f1: 0.9463 pred_right: 38614 pred_wrong:386 actu_right: 38604 actu_wrong: 396
2026-07-03 06:24:50,870 P1485450 INFO pr:0.9270  rc:0.9845  auc:0.9978 ap:0.9842 f1: 0.9549 pred_right: 16363 pred_wrong:137 actu_right: 16371 actu_wrong: 129
2026-07-03 06:24:50,871 P1485450 INFO ----------------------------------------------------------------------------------------------------
2026-07-03 06:24:50,871 P1485450 INFO 53/300 starting... lr: 0.001 para:0.018518518656492233
2026-07-03 06:24:57,003 P1485450 INFO Epoch 53/300, all_loss:0.00414 cls_loss:0.00203 rec_loss:0.11598 [6.13s]; best loss:0.00414, patience : 0
2026-07-03 06:24:59,307 P1485450 INFO pr:0.9709  rc:0.9244  auc:0.9809 ap:0.9727 f1: 0.9471 pred_right: 38622 pred_wrong:378 actu_right: 38603 actu_wrong: 397
2026-07-03 06:25:00,278 P1485450 INFO pr:0.9545  rc:0.9767  auc:0.9978 ap:0.9829 f1: 0.9655 pred_right: 16368 pred_wrong:132 actu_right: 16371 actu_wrong: 129
2026-07-03 06:25:00,278 P1485450 INFO ----------------------------------------------------------------------------------------------------
2026-07-03 06:25:00,278 P1485450 INFO 54/300 starting... lr: 0.001 para:0.0181818176060915
2026-07-03 06:25:06,246 P1485450 INFO Epoch 54/300, all_loss:0.00332 cls_loss:0.00139 rec_loss:0.10717 [5.96s]; best loss:0.00332, patience : 0
2026-07-03 06:25:08,216 P1485450 INFO pr:0.9634  rc:0.9270  auc:0.9816 ap:0.9708 f1: 0.9448 pred_right: 38618 pred_wrong:382 actu_right: 38603 actu_wrong: 397
2026-07-03 06:25:09,270 P1485450 INFO pr:0.9407  rc:0.9845  auc:0.9978 ap:0.9826 f1: 0.9621 pred_right: 16365 pred_wrong:135 actu_right: 16371 actu_wrong: 129
2026-07-03 06:25:09,270 P1485450 INFO ----------------------------------------------------------------------------------------------------
2026-07-03 06:25:09,271 P1485450 INFO 55/300 starting... lr: 0.001 para:0.01785714365541935
2026-07-03 06:25:16,202 P1485450 INFO Epoch 55/300, all_loss:0.00277 cls_loss:0.00093 rec_loss:0.10393 [6.93s]; best loss:0.00277, patience : 0
2026-07-03 06:25:17,856 P1485450 INFO pr:0.9708  rc:0.9242  auc:0.9807 ap:0.9712 f1: 0.9470 pred_right: 38623 pred_wrong:377 actu_right: 38604 actu_wrong: 396
2026-07-03 06:25:18,561 P1485450 INFO pr:0.9545  rc:0.9767  auc:0.9978 ap:0.9821 f1: 0.9655 pred_right: 16368 pred_wrong:132 actu_right: 16371 actu_wrong: 129
2026-07-03 06:25:18,561 P1485450 INFO ----------------------------------------------------------------------------------------------------
2026-07-03 06:25:18,561 P1485450 INFO 56/300 starting... lr: 0.001 para:0.017543859779834747
2026-07-03 06:25:24,003 P1485450 INFO Epoch 56/300, all_loss:0.00227 cls_loss:0.00052 rec_loss:0.10035 [5.44s]; best loss:0.00227, patience : 0
2026-07-03 06:25:25,844 P1485450 INFO pr:0.9733  rc:0.9194  auc:0.9806 ap:0.9710 f1: 0.9456 pred_right: 38625 pred_wrong:375 actu_right: 38603 actu_wrong: 397
2026-07-03 06:25:26,619 P1485450 INFO pr:0.9615  rc:0.9690  auc:0.9978 ap:0.9820 f1: 0.9653 pred_right: 16370 pred_wrong:130 actu_right: 16371 actu_wrong: 129
2026-07-03 06:25:26,619 P1485450 INFO ----------------------------------------------------------------------------------------------------
2026-07-03 06:25:26,620 P1485450 INFO 57/300 starting... lr: 0.001 para:0.017241379246115685
2026-07-03 06:25:38,136 P1485450 INFO Epoch 57/300, all_loss:0.00223 cls_loss:0.00056 rec_loss:0.09698 [11.51s]; best loss:0.00223, patience : 0
2026-07-03 06:25:40,680 P1485450 INFO pr:0.9683  rc:0.9242  auc:0.9806 ap:0.9715 f1: 0.9457 pred_right: 38622 pred_wrong:378 actu_right: 38604 actu_wrong: 396
2026-07-03 06:25:41,687 P1485450 INFO pr:0.9545  rc:0.9767  auc:0.9978 ap:0.9829 f1: 0.9655 pred_right: 16368 pred_wrong:132 actu_right: 16371 actu_wrong: 129
2026-07-03 06:25:41,687 P1485450 INFO ----------------------------------------------------------------------------------------------------
2026-07-03 06:25:41,688 P1485450 INFO 58/300 starting... lr: 0.001 para:0.016949152573943138
2026-07-03 06:25:47,625 P1485450 INFO Epoch 58/300, all_loss:0.00172 cls_loss:0.00014 rec_loss:0.09325 [5.93s]; best loss:0.00172, patience : 0
2026-07-03 06:25:49,904 P1485450 INFO pr:0.9658  rc:0.9244  auc:0.9806 ap:0.9692 f1: 0.9447 pred_right: 38620 pred_wrong:380 actu_right: 38603 actu_wrong: 397
2026-07-03 06:25:50,902 P1485450 INFO pr:0.9545  rc:0.9767  auc:0.9978 ap:0.9828 f1: 0.9655 pred_right: 16368 pred_wrong:132 actu_right: 16371 actu_wrong: 129
2026-07-03 06:25:50,903 P1485450 INFO ----------------------------------------------------------------------------------------------------
2026-07-03 06:25:50,903 P1485450 INFO 59/300 starting... lr: 0.001 para:0.01666666753590107
2026-07-03 06:25:56,813 P1485450 INFO Epoch 59/300, all_loss:0.00180 cls_loss:0.00034 rec_loss:0.08783 [5.91s]; best loss:0.00172, patience : 1
2026-07-03 06:25:58,889 P1485450 INFO pr:0.9609  rc:0.9295  auc:0.9818 ap:0.9693 f1: 0.9449 pred_right: 38616 pred_wrong:384 actu_right: 38603 actu_wrong: 397
2026-07-03 06:25:59,797 P1485450 INFO pr:0.9403  rc:0.9767  auc:0.9978 ap:0.9832 f1: 0.9582 pred_right: 16366 pred_wrong:134 actu_right: 16371 actu_wrong: 129
2026-07-03 06:25:59,798 P1485450 INFO ----------------------------------------------------------------------------------------------------
2026-07-03 06:25:59,798 P1485450 INFO 60/300 starting... lr: 0.001 para:0.016393441706895828
2026-07-03 06:26:05,891 P1485450 INFO Epoch 60/300, all_loss:0.00166 cls_loss:0.00025 rec_loss:0.08612 [6.09s]; best loss:0.00166, patience : 0
2026-07-03 06:26:07,882 P1485450 INFO pr:0.9634  rc:0.9295  auc:0.9805 ap:0.9695 f1: 0.9462 pred_right: 38617 pred_wrong:383 actu_right: 38603 actu_wrong: 397
2026-07-03 06:26:08,719 P1485450 INFO pr:0.9403  rc:0.9767  auc:0.9978 ap:0.9832 f1: 0.9582 pred_right: 16366 pred_wrong:134 actu_right: 16371 actu_wrong: 129
2026-07-03 06:26:08,720 P1485450 INFO ----------------------------------------------------------------------------------------------------
2026-07-03 06:26:08,720 P1485450 INFO 61/300 starting... lr: 0.001 para:0.016129031777381897
2026-07-03 06:26:14,553 P1485450 INFO Epoch 61/300, all_loss:0.00151 cls_loss:0.00019 rec_loss:0.08222 [5.83s]; best loss:0.00151, patience : 0
2026-07-03 06:26:16,763 P1485450 INFO pr:0.9635  rc:0.9320  auc:0.9797 ap:0.9690 f1: 0.9475 pred_right: 38616 pred_wrong:384 actu_right: 38603 actu_wrong: 397
2026-07-03 06:26:17,689 P1485450 INFO pr:0.9412  rc:0.9922  auc:0.9978 ap:0.9836 f1: 0.9660 pred_right: 16364 pred_wrong:136 actu_right: 16371 actu_wrong: 129
2026-07-03 06:26:17,690 P1485450 INFO ----------------------------------------------------------------------------------------------------
2026-07-03 06:26:17,690 P1485450 INFO 62/300 starting... lr: 0.001 para:0.01587301678955555
2026-07-03 06:26:23,785 P1485450 INFO Epoch 62/300, all_loss:0.00163 cls_loss:0.00035 rec_loss:0.08130 [6.09s]; best loss:0.00151, patience : 1
2026-07-03 06:26:25,958 P1485450 INFO pr:0.9759  rc:0.9194  auc:0.9766 ap:0.9693 f1: 0.9468 pred_right: 38626 pred_wrong:374 actu_right: 38603 actu_wrong: 397
2026-07-03 06:26:26,882 P1485450 INFO pr:0.9692  rc:0.9767  auc:0.9976 ap:0.9838 f1: 0.9730 pred_right: 16370 pred_wrong:130 actu_right: 16371 actu_wrong: 129
2026-07-03 06:26:26,883 P1485450 INFO ----------------------------------------------------------------------------------------------------
2026-07-03 06:26:26,883 P1485450 INFO 63/300 starting... lr: 0.001 para:0.015625
2026-07-03 06:26:33,005 P1485450 INFO Epoch 63/300, all_loss:0.29166 cls_loss:0.29467 rec_loss:0.10176 [6.12s]; best loss:0.00151, patience : 2
2026-07-03 06:26:35,296 P1485450 INFO pr:0.9651  rc:0.9091  auc:0.9691 ap:0.9633 f1: 0.9363 pred_right: 38627 pred_wrong:373 actu_right: 38604 actu_wrong: 396
2026-07-03 06:26:36,395 P1485450 INFO pr:0.9618  rc:0.9767  auc:0.9928 ap:0.9795 f1: 0.9692 pred_right: 16369 pred_wrong:131 actu_right: 16371 actu_wrong: 129
2026-07-03 06:26:36,396 P1485450 INFO ----------------------------------------------------------------------------------------------------
2026-07-03 06:26:36,396 P1485450 INFO 64/300 starting... lr: 0.001 para:0.015384615398943424
2026-07-03 06:26:41,910 P1485450 INFO Epoch 64/300, all_loss:2.14478 cls_loss:2.17616 rec_loss:0.13657 [5.51s]; best loss:0.00151, patience : 3
2026-07-03 06:26:43,746 P1485450 INFO pr:0.9467  rc:0.9419  auc:0.9889 ap:0.9724 f1: 0.9443 pred_right: 38606 pred_wrong:394 actu_right: 38604 actu_wrong: 396
2026-07-03 06:26:44,599 P1485450 INFO pr:0.9137  rc:0.9845  auc:0.9978 ap:0.9847 f1: 0.9478 pred_right: 16361 pred_wrong:139 actu_right: 16371 actu_wrong: 129
2026-07-03 06:26:44,599 P1485450 INFO ----------------------------------------------------------------------------------------------------
2026-07-03 06:26:44,599 P1485450 INFO 65/300 starting... lr: 0.001 para:0.01515151560306549
2026-07-03 06:26:50,279 P1485450 INFO Epoch 65/300, all_loss:0.15298 cls_loss:0.15329 rec_loss:0.13257 [5.68s]; best loss:0.00151, patience : 3
2026-07-03 06:26:53,967 P1485450 INFO pr:0.9777  rc:0.8816  auc:0.9707 ap:0.9611 f1: 0.9272 pred_right: 38642 pred_wrong:358 actu_right: 38603 actu_wrong: 397
2026-07-03 06:26:55,998 P1485450 INFO pr:0.9612  rc:0.9612  auc:0.9955 ap:0.9830 f1: 0.9612 pred_right: 16371 pred_wrong:129 actu_right: 16371 actu_wrong: 129
2026-07-03 06:26:55,999 P1485450 INFO ----------------------------------------------------------------------------------------------------
2026-07-03 06:26:55,999 P1485450 INFO 66/300 starting... lr: 0.001 para:0.014925372786819935
2026-07-03 06:27:05,740 P1485450 INFO Epoch 66/300, all_loss:0.21712 cls_loss:0.21822 rec_loss:0.14449 [9.74s]; best loss:0.00151, patience : 4
2026-07-03 06:27:07,917 P1485450 INFO pr:0.9388  rc:0.9340  auc:0.9838 ap:0.9702 f1: 0.9364 pred_right: 38608 pred_wrong:392 actu_right: 38606 actu_wrong: 394
2026-07-03 06:27:08,845 P1485450 INFO pr:0.8951  rc:0.9922  auc:0.9977 ap:0.9779 f1: 0.9412 pred_right: 16357 pred_wrong:143 actu_right: 16371 actu_wrong: 129
2026-07-03 06:27:08,846 P1485450 INFO ----------------------------------------------------------------------------------------------------
2026-07-03 06:27:08,846 P1485450 INFO 67/300 starting... lr: 0.001 para:0.014705882407724857
2026-07-03 06:27:14,931 P1485450 INFO Epoch 67/300, all_loss:0.08388 cls_loss:0.08295 rec_loss:0.14645 [6.08s]; best loss:0.00151, patience : 4
2026-07-03 06:27:17,145 P1485450 INFO pr:0.9755  rc:0.9018  auc:0.9801 ap:0.9694 f1: 0.9372 pred_right: 38633 pred_wrong:367 actu_right: 38603 actu_wrong: 397
2026-07-03 06:27:18,023 P1485450 INFO pr:0.9677  rc:0.9302  auc:0.9956 ap:0.9811 f1: 0.9486 pred_right: 16376 pred_wrong:124 actu_right: 16371 actu_wrong: 129
2026-07-03 06:27:18,024 P1485450 INFO ----------------------------------------------------------------------------------------------------
2026-07-03 06:27:18,024 P1485450 INFO 68/300 starting... lr: 0.001 para:0.014492753893136978
2026-07-03 06:27:23,986 P1485450 INFO Epoch 68/300, all_loss:0.00731 cls_loss:0.00553 rec_loss:0.12875 [5.96s]; best loss:0.00151, patience : 4
2026-07-03 06:27:26,232 P1485450 INFO pr:0.9636  rc:0.9345  auc:0.9842 ap:0.9736 f1: 0.9488 pred_right: 38615 pred_wrong:385 actu_right: 38603 actu_wrong: 397
2026-07-03 06:27:27,249 P1485450 INFO pr:0.9338  rc:0.9845  auc:0.9977 ap:0.9868 f1: 0.9585 pred_right: 16364 pred_wrong:136 actu_right: 16371 actu_wrong: 129
2026-07-03 06:27:27,253 P1485450 INFO ----------------------------------------------------------------------------------------------------
2026-07-03 06:27:27,253 P1485450 INFO 69/300 starting... lr: 0.001 para:0.014285714365541935
2026-07-03 06:27:33,275 P1485450 INFO Epoch 69/300, all_loss:0.02091 cls_loss:0.01931 rec_loss:0.13139 [6.02s]; best loss:0.00151, patience : 5
2026-07-03 06:27:35,573 P1485450 INFO pr:0.9799  rc:0.8611  auc:0.9763 ap:0.9688 f1: 0.9167 pred_right: 38652 pred_wrong:348 actu_right: 38604 actu_wrong: 396
2026-07-03 06:27:36,571 P1485450 INFO pr:0.9750  rc:0.9070  auc:0.9934 ap:0.9800 f1: 0.9398 pred_right: 16380 pred_wrong:120 actu_right: 16371 actu_wrong: 129
2026-07-03 06:27:36,572 P1485450 INFO ----------------------------------------------------------------------------------------------------
2026-07-03 06:27:36,572 P1485450 INFO 70/300 starting... lr: 0.001 para:0.014084506779909134
2026-07-03 06:27:42,687 P1485450 INFO Epoch 70/300, all_loss:0.02307 cls_loss:0.02126 rec_loss:0.14966 [6.11s]; best loss:0.00151, patience : 6
2026-07-03 06:27:44,933 P1485450 INFO pr:0.9608  rc:0.9293  auc:0.9833 ap:0.9729 f1: 0.9448 pred_right: 38617 pred_wrong:383 actu_right: 38604 actu_wrong: 396
2026-07-03 06:27:45,893 P1485450 INFO pr:0.9403  rc:0.9767  auc:0.9957 ap:0.9773 f1: 0.9582 pred_right: 16366 pred_wrong:134 actu_right: 16371 actu_wrong: 129
2026-07-03 06:27:45,893 P1485450 INFO ----------------------------------------------------------------------------------------------------
2026-07-03 06:27:45,893 P1485450 INFO 71/300 starting... lr: 0.001 para:0.013888888992369175
2026-07-03 06:27:51,914 P1485450 INFO Epoch 71/300, all_loss:0.00222 cls_loss:0.00033 rec_loss:0.13674 [6.02s]; best loss:0.00151, patience : 6
2026-07-03 06:27:54,023 P1485450 INFO pr:0.9658  rc:0.9244  auc:0.9808 ap:0.9727 f1: 0.9447 pred_right: 38620 pred_wrong:380 actu_right: 38603 actu_wrong: 397
2026-07-03 06:27:54,897 P1485450 INFO pr:0.9398  rc:0.9690  auc:0.9938 ap:0.9795 f1: 0.9542 pred_right: 16367 pred_wrong:133 actu_right: 16371 actu_wrong: 129
2026-07-03 06:27:54,897 P1485450 INFO ----------------------------------------------------------------------------------------------------
2026-07-03 06:27:54,897 P1485450 INFO 72/300 starting... lr: 0.001 para:0.013698630034923553
2026-07-03 06:28:02,048 P1485450 INFO Epoch 72/300, all_loss:0.00192 cls_loss:0.00018 rec_loss:0.12715 [7.15s]; best loss:0.00151, patience : 6
2026-07-03 06:28:03,648 P1485450 INFO pr:0.9658  rc:0.9244  auc:0.9807 ap:0.9729 f1: 0.9447 pred_right: 38620 pred_wrong:380 actu_right: 38603 actu_wrong: 397
2026-07-03 06:28:04,334 P1485450 INFO pr:0.9398  rc:0.9690  auc:0.9938 ap:0.9762 f1: 0.9542 pred_right: 16367 pred_wrong:133 actu_right: 16371 actu_wrong: 129
2026-07-03 06:28:04,334 P1485450 INFO ----------------------------------------------------------------------------------------------------
2026-07-03 06:28:04,334 P1485450 INFO 73/300 starting... lr: 0.001 para:0.013513513840734959
2026-07-03 06:28:09,264 P1485450 INFO Epoch 73/300, all_loss:0.00176 cls_loss:0.00013 rec_loss:0.12049 [4.93s]; best loss:0.00151, patience : 6
2026-07-03 06:28:11,294 P1485450 INFO pr:0.9633  rc:0.9244  auc:0.9814 ap:0.9717 f1: 0.9434 pred_right: 38619 pred_wrong:381 actu_right: 38603 actu_wrong: 397
2026-07-03 06:28:12,105 P1485450 INFO pr:0.9403  rc:0.9767  auc:0.9957 ap:0.9772 f1: 0.9582 pred_right: 16366 pred_wrong:134 actu_right: 16371 actu_wrong: 129
2026-07-03 06:28:12,105 P1485450 INFO ----------------------------------------------------------------------------------------------------
2026-07-03 06:28:12,105 P1485450 INFO 74/300 starting... lr: 0.001 para:0.013333333656191826
2026-07-03 06:28:24,175 P1485450 INFO Epoch 74/300, all_loss:0.00167 cls_loss:0.00014 rec_loss:0.11450 [12.07s]; best loss:0.00151, patience : 6
2026-07-03 06:28:27,053 P1485450 INFO pr:0.9633  rc:0.9244  auc:0.9807 ap:0.9717 f1: 0.9434 pred_right: 38619 pred_wrong:381 actu_right: 38603 actu_wrong: 397
2026-07-03 06:28:28,008 P1485450 INFO pr:0.9403  rc:0.9767  auc:0.9938 ap:0.9770 f1: 0.9582 pred_right: 16366 pred_wrong:134 actu_right: 16371 actu_wrong: 129
2026-07-03 06:28:28,009 P1485450 INFO ----------------------------------------------------------------------------------------------------
2026-07-03 06:28:28,009 P1485450 INFO 75/300 starting... lr: 0.001 para:0.01315789483487606
2026-07-03 06:28:34,151 P1485450 INFO Epoch 75/300, all_loss:0.00156 cls_loss:0.00012 rec_loss:0.10950 [6.14s]; best loss:0.00151, patience : 6
2026-07-03 06:28:36,525 P1485450 INFO pr:0.9633  rc:0.9244  auc:0.9814 ap:0.9718 f1: 0.9434 pred_right: 38619 pred_wrong:381 actu_right: 38603 actu_wrong: 397
2026-07-03 06:28:37,525 P1485450 INFO pr:0.9403  rc:0.9767  auc:0.9957 ap:0.9775 f1: 0.9582 pred_right: 16366 pred_wrong:134 actu_right: 16371 actu_wrong: 129
2026-07-03 06:28:37,526 P1485450 INFO ----------------------------------------------------------------------------------------------------
2026-07-03 06:28:37,526 P1485450 INFO 76/300 starting... lr: 0.001 para:0.012987012974917889
2026-07-03 06:28:43,678 P1485450 INFO Epoch 76/300, all_loss:0.00147 cls_loss:0.00010 rec_loss:0.10512 [6.15s]; best loss:0.00147, patience : 0
2026-07-03 06:28:45,894 P1485450 INFO pr:0.9605  rc:0.9241  auc:0.9812 ap:0.9717 f1: 0.9419 pred_right: 38620 pred_wrong:380 actu_right: 38605 actu_wrong: 395
2026-07-03 06:28:46,882 P1485450 INFO pr:0.9403  rc:0.9767  auc:0.9938 ap:0.9775 f1: 0.9582 pred_right: 16366 pred_wrong:134 actu_right: 16371 actu_wrong: 129
2026-07-03 06:28:46,882 P1485450 INFO ----------------------------------------------------------------------------------------------------
2026-07-03 06:28:46,882 P1485450 INFO 77/300 starting... lr: 0.001 para:0.012820512987673283
2026-07-03 06:28:52,808 P1485450 INFO Epoch 77/300, all_loss:0.00144 cls_loss:0.00015 rec_loss:0.10108 [5.92s]; best loss:0.00144, patience : 0
2026-07-03 06:28:55,061 P1485450 INFO pr:0.9608  rc:0.9270  auc:0.9807 ap:0.9708 f1: 0.9436 pred_right: 38617 pred_wrong:383 actu_right: 38603 actu_wrong: 397
2026-07-03 06:28:56,128 P1485450 INFO pr:0.9474  rc:0.9767  auc:0.9938 ap:0.9810 f1: 0.9618 pred_right: 16367 pred_wrong:133 actu_right: 16371 actu_wrong: 129
2026-07-03 06:28:56,129 P1485450 INFO ----------------------------------------------------------------------------------------------------
2026-07-03 06:28:56,129 P1485450 INFO 78/300 starting... lr: 0.001 para:0.012658228166401386
2026-07-03 06:29:02,188 P1485450 INFO Epoch 78/300, all_loss:0.00132 cls_loss:0.00009 rec_loss:0.09715 [6.06s]; best loss:0.00132, patience : 0
2026-07-03 06:29:04,514 P1485450 INFO pr:0.9634  rc:0.9270  auc:0.9806 ap:0.9708 f1: 0.9448 pred_right: 38618 pred_wrong:382 actu_right: 38603 actu_wrong: 397
2026-07-03 06:29:05,425 P1485450 INFO pr:0.9403  rc:0.9767  auc:0.9938 ap:0.9775 f1: 0.9582 pred_right: 16366 pred_wrong:134 actu_right: 16371 actu_wrong: 129
2026-07-03 06:29:05,425 P1485450 INFO ----------------------------------------------------------------------------------------------------
2026-07-03 06:29:05,426 P1485450 INFO 79/300 starting... lr: 0.001 para:0.012500000186264515
2026-07-03 06:29:11,532 P1485450 INFO Epoch 79/300, all_loss:0.00126 cls_loss:0.00009 rec_loss:0.09368 [6.10s]; best loss:0.00126, patience : 0
2026-07-03 06:29:13,588 P1485450 INFO pr:0.9609  rc:0.9295  auc:0.9804 ap:0.9708 f1: 0.9449 pred_right: 38616 pred_wrong:384 actu_right: 38603 actu_wrong: 397
2026-07-03 06:29:14,577 P1485450 INFO pr:0.9403  rc:0.9767  auc:0.9938 ap:0.9776 f1: 0.9582 pred_right: 16366 pred_wrong:134 actu_right: 16371 actu_wrong: 129
2026-07-03 06:29:14,578 P1485450 INFO ----------------------------------------------------------------------------------------------------
2026-07-03 06:29:14,578 P1485450 INFO 80/300 starting... lr: 0.001 para:0.012345679104328156
2026-07-03 06:29:20,638 P1485450 INFO Epoch 80/300, all_loss:0.00120 cls_loss:0.00009 rec_loss:0.09032 [6.06s]; best loss:0.00120, patience : 0
2026-07-03 06:29:22,764 P1485450 INFO pr:0.9633  rc:0.9268  auc:0.9800 ap:0.9706 f1: 0.9447 pred_right: 38619 pred_wrong:381 actu_right: 38604 actu_wrong: 396
2026-07-03 06:29:23,586 P1485450 INFO pr:0.9474  rc:0.9767  auc:0.9938 ap:0.9806 f1: 0.9618 pred_right: 16367 pred_wrong:133 actu_right: 16371 actu_wrong: 129
2026-07-03 06:29:23,586 P1485450 INFO ----------------------------------------------------------------------------------------------------
2026-07-03 06:29:23,586 P1485450 INFO 81/300 starting... lr: 0.001 para:0.012195121496915817
2026-07-03 06:29:29,767 P1485450 INFO Epoch 81/300, all_loss:0.00113 cls_loss:0.00007 rec_loss:0.08707 [6.18s]; best loss:0.00113, patience : 0
2026-07-03 06:29:31,334 P1485450 INFO pr:0.9633  rc:0.9244  auc:0.9800 ap:0.9707 f1: 0.9434 pred_right: 38619 pred_wrong:381 actu_right: 38603 actu_wrong: 397
2026-07-03 06:29:32,008 P1485450 INFO pr:0.9403  rc:0.9767  auc:0.9938 ap:0.9773 f1: 0.9582 pred_right: 16366 pred_wrong:134 actu_right: 16371 actu_wrong: 129
2026-07-03 06:29:32,009 P1485450 INFO ----------------------------------------------------------------------------------------------------
2026-07-03 06:29:32,009 P1485450 INFO 82/300 starting... lr: 0.001 para:0.012048192322254181
2026-07-03 06:29:37,602 P1485450 INFO Epoch 82/300, all_loss:0.00109 cls_loss:0.00008 rec_loss:0.08388 [5.59s]; best loss:0.00109, patience : 0
2026-07-03 06:29:40,340 P1485450 INFO pr:0.9633  rc:0.9244  auc:0.9794 ap:0.9706 f1: 0.9434 pred_right: 38619 pred_wrong:381 actu_right: 38603 actu_wrong: 397
2026-07-03 06:29:42,238 P1485450 INFO pr:0.9403  rc:0.9767  auc:0.9938 ap:0.9772 f1: 0.9582 pred_right: 16366 pred_wrong:134 actu_right: 16371 actu_wrong: 129
2026-07-03 06:29:42,239 P1485450 INFO ----------------------------------------------------------------------------------------------------
2026-07-03 06:29:42,239 P1485450 INFO 83/300 starting... lr: 0.001 para:0.011904762126505375
2026-07-03 06:29:53,600 P1485450 INFO Epoch 83/300, all_loss:0.00103 cls_loss:0.00006 rec_loss:0.08077 [11.36s]; best loss:0.00103, patience : 0
2026-07-03 06:29:55,852 P1485450 INFO pr:0.9634  rc:0.9270  auc:0.9793 ap:0.9706 f1: 0.9448 pred_right: 38618 pred_wrong:382 actu_right: 38603 actu_wrong: 397
2026-07-03 06:29:56,790 P1485450 INFO pr:0.9403  rc:0.9767  auc:0.9937 ap:0.9771 f1: 0.9582 pred_right: 16366 pred_wrong:134 actu_right: 16371 actu_wrong: 129
2026-07-03 06:29:56,791 P1485450 INFO ----------------------------------------------------------------------------------------------------
2026-07-03 06:29:56,791 P1485450 INFO 84/300 starting... lr: 0.001 para:0.0117647061124444
2026-07-03 06:30:02,937 P1485450 INFO Epoch 84/300, all_loss:0.00099 cls_loss:0.00006 rec_loss:0.07915 [6.14s]; best loss:0.00099, patience : 0
2026-07-03 06:30:05,285 P1485450 INFO pr:0.9608  rc:0.9270  auc:0.9792 ap:0.9705 f1: 0.9436 pred_right: 38617 pred_wrong:383 actu_right: 38603 actu_wrong: 397
2026-07-03 06:30:06,318 P1485450 INFO pr:0.9403  rc:0.9767  auc:0.9937 ap:0.9770 f1: 0.9582 pred_right: 16366 pred_wrong:134 actu_right: 16371 actu_wrong: 129
2026-07-03 06:30:06,318 P1485450 INFO ----------------------------------------------------------------------------------------------------
2026-07-03 06:30:06,325 P1485450 INFO 85/300 starting... lr: 0.001 para:0.011627906933426857
2026-07-03 06:30:12,428 P1485450 INFO Epoch 85/300, all_loss:0.00095 cls_loss:0.00006 rec_loss:0.07657 [6.10s]; best loss:0.00095, patience : 0
2026-07-03 06:30:14,550 P1485450 INFO pr:0.9659  rc:0.9270  auc:0.9791 ap:0.9705 f1: 0.9460 pred_right: 38619 pred_wrong:381 actu_right: 38603 actu_wrong: 397
2026-07-03 06:30:15,438 P1485450 INFO pr:0.9403  rc:0.9767  auc:0.9937 ap:0.9768 f1: 0.9582 pred_right: 16366 pred_wrong:134 actu_right: 16371 actu_wrong: 129
2026-07-03 06:30:15,439 P1485450 INFO ----------------------------------------------------------------------------------------------------
2026-07-03 06:30:15,439 P1485450 INFO 86/300 starting... lr: 0.001 para:0.01149425283074379
2026-07-03 06:30:21,453 P1485450 INFO Epoch 86/300, all_loss:0.00089 cls_loss:0.00006 rec_loss:0.07220 [6.01s]; best loss:0.00089, patience : 0
2026-07-03 06:30:23,540 P1485450 INFO pr:0.9658  rc:0.9244  auc:0.9786 ap:0.9703 f1: 0.9447 pred_right: 38620 pred_wrong:380 actu_right: 38603 actu_wrong: 397
2026-07-03 06:30:24,402 P1485450 INFO pr:0.9618  rc:0.9767  auc:0.9937 ap:0.9799 f1: 0.9692 pred_right: 16369 pred_wrong:131 actu_right: 16371 actu_wrong: 129
2026-07-03 06:30:24,402 P1485450 INFO ----------------------------------------------------------------------------------------------------
2026-07-03 06:30:24,402 P1485450 INFO 87/300 starting... lr: 0.001 para:0.011363636702299118
2026-07-03 06:30:30,506 P1485450 INFO Epoch 87/300, all_loss:0.00809 cls_loss:0.00724 rec_loss:0.08183 [6.10s]; best loss:0.00089, patience : 1
2026-07-03 06:30:32,716 P1485450 INFO pr:0.9710  rc:0.9270  auc:0.9855 ap:0.9772 f1: 0.9485 pred_right: 38621 pred_wrong:379 actu_right: 38603 actu_wrong: 397
2026-07-03 06:30:33,618 P1485450 INFO pr:0.9697  rc:0.9922  auc:0.9977 ap:0.9811 f1: 0.9808 pred_right: 16368 pred_wrong:132 actu_right: 16371 actu_wrong: 129
2026-07-03 06:30:33,618 P1485450 INFO ----------------------------------------------------------------------------------------------------
2026-07-03 06:30:33,618 P1485450 INFO 88/300 starting... lr: 0.001 para:0.01123595517128706
2026-07-03 06:30:39,594 P1485450 INFO Epoch 88/300, all_loss:0.17095 cls_loss:0.17122 rec_loss:0.14791 [5.98s]; best loss:0.00089, patience : 2
2026-07-03 06:30:41,704 P1485450 INFO pr:0.9818  rc:0.8136  auc:0.9604 ap:0.9629 f1: 0.8898 pred_right: 38671 pred_wrong:329 actu_right: 38603 actu_wrong: 397
2026-07-03 06:30:42,675 P1485450 INFO pr:0.9346  rc:0.7752  auc:0.9900 ap:0.9701 f1: 0.8475 pred_right: 16393 pred_wrong:107 actu_right: 16371 actu_wrong: 129
2026-07-03 06:30:42,675 P1485450 INFO ----------------------------------------------------------------------------------------------------
2026-07-03 06:30:42,676 P1485450 INFO 89/300 starting... lr: 0.001 para:0.011111111380159855
2026-07-03 06:30:48,588 P1485450 INFO Epoch 89/300, all_loss:0.84135 cls_loss:0.84894 rec_loss:0.16633 [5.91s]; best loss:0.00089, patience : 3
2026-07-03 06:30:50,774 P1485450 INFO pr:0.9634  rc:0.9295  auc:0.9824 ap:0.9763 f1: 0.9462 pred_right: 38617 pred_wrong:383 actu_right: 38603 actu_wrong: 397
2026-07-03 06:30:52,388 P1485450 INFO pr:0.9343  rc:0.9922  auc:0.9979 ap:0.9888 f1: 0.9624 pred_right: 16363 pred_wrong:137 actu_right: 16371 actu_wrong: 129
2026-07-03 06:30:52,389 P1485450 INFO ----------------------------------------------------------------------------------------------------
2026-07-03 06:30:52,390 P1485450 INFO 90/300 starting... lr: 0.001 para:0.010989011265337467
2026-07-03 06:30:57,347 P1485450 INFO Epoch 90/300, all_loss:0.09514 cls_loss:0.09445 rec_loss:0.15688 [4.96s]; best loss:0.00089, patience : 3
2026-07-03 06:30:59,075 P1485450 INFO pr:0.9838  rc:0.9194  auc:0.9806 ap:0.9769 f1: 0.9505 pred_right: 38629 pred_wrong:371 actu_right: 38603 actu_wrong: 397
2026-07-03 06:30:59,861 P1485450 INFO pr:0.9265  rc:0.9767  auc:0.9979 ap:0.9822 f1: 0.9509 pred_right: 16364 pred_wrong:136 actu_right: 16371 actu_wrong: 129
2026-07-03 06:30:59,866 P1485450 INFO ----------------------------------------------------------------------------------------------------
2026-07-03 06:30:59,866 P1485450 INFO 91/300 starting... lr: 0.001 para:0.010869565419852734
2026-07-03 06:31:05,705 P1485450 INFO Epoch 91/300, all_loss:0.78955 cls_loss:0.79680 rec_loss:0.12985 [5.84s]; best loss:0.00089, patience : 4
2026-07-03 06:31:08,957 P1485450 INFO pr:0.9811  rc:0.9169  auc:0.9781 ap:0.9774 f1: 0.9479 pred_right: 38629 pred_wrong:371 actu_right: 38603 actu_wrong: 397
2026-07-03 06:31:10,980 P1485450 INFO pr:0.9398  rc:0.9690  auc:0.9958 ap:0.9807 f1: 0.9542 pred_right: 16367 pred_wrong:133 actu_right: 16371 actu_wrong: 129
2026-07-03 06:31:10,981 P1485450 INFO ----------------------------------------------------------------------------------------------------
2026-07-03 06:31:10,981 P1485450 INFO 92/300 starting... lr: 0.001 para:0.01075268816202879
2026-07-03 06:31:20,640 P1485450 INFO Epoch 92/300, all_loss:0.07218 cls_loss:0.07134 rec_loss:0.14895 [9.66s]; best loss:0.00089, patience : 4
2026-07-03 06:31:23,051 P1485450 INFO pr:0.9784  rc:0.9167  auc:0.9788 ap:0.9746 f1: 0.9465 pred_right: 38629 pred_wrong:371 actu_right: 38604 actu_wrong: 396
2026-07-03 06:31:23,999 P1485450 INFO pr:0.9538  rc:0.9612  auc:0.9939 ap:0.9801 f1: 0.9575 pred_right: 16370 pred_wrong:130 actu_right: 16371 actu_wrong: 129
2026-07-03 06:31:24,000 P1485450 INFO ----------------------------------------------------------------------------------------------------
2026-07-03 06:31:24,000 P1485450 INFO 93/300 starting... lr: 0.001 para:0.010638297535479069
2026-07-03 06:31:29,923 P1485450 INFO Epoch 93/300, all_loss:0.12000 cls_loss:0.11973 rec_loss:0.14466 [5.92s]; best loss:0.00089, patience : 5
2026-07-03 06:31:32,206 P1485450 INFO pr:0.9611  rc:0.9369  auc:0.9866 ap:0.9782 f1: 0.9488 pred_right: 38614 pred_wrong:386 actu_right: 38604 actu_wrong: 396
2026-07-03 06:31:33,262 P1485450 INFO pr:0.9343  rc:0.9922  auc:0.9978 ap:0.9775 f1: 0.9624 pred_right: 16363 pred_wrong:137 actu_right: 16371 actu_wrong: 129
2026-07-03 06:31:33,262 P1485450 INFO ----------------------------------------------------------------------------------------------------
2026-07-03 06:31:33,263 P1485450 INFO 94/300 starting... lr: 0.001 para:0.010526316240429878
2026-07-03 06:31:39,264 P1485450 INFO Epoch 94/300, all_loss:0.02097 cls_loss:0.01956 rec_loss:0.15310 [6.00s]; best loss:0.00089, patience : 5
2026-07-03 06:31:41,322 P1485450 INFO pr:0.9866  rc:0.9270  auc:0.9781 ap:0.9764 f1: 0.9558 pred_right: 38627 pred_wrong:373 actu_right: 38603 actu_wrong: 397
2026-07-03 06:31:42,204 P1485450 INFO pr:0.9769  rc:0.9845  auc:0.9957 ap:0.9831 f1: 0.9807 pred_right: 16370 pred_wrong:130 actu_right: 16371 actu_wrong: 129
2026-07-03 06:31:42,208 P1485450 INFO ----------------------------------------------------------------------------------------------------
2026-07-03 06:31:42,209 P1485450 INFO 95/300 starting... lr: 0.001 para:0.010416666977107525
2026-07-03 06:31:48,277 P1485450 INFO Epoch 95/300, all_loss:0.00804 cls_loss:0.00655 rec_loss:0.14982 [6.07s]; best loss:0.00089, patience : 5
2026-07-03 06:31:50,357 P1485450 INFO pr:0.9787  rc:0.9293  auc:0.9795 ap:0.9762 f1: 0.9534 pred_right: 38624 pred_wrong:376 actu_right: 38604 actu_wrong: 396
2026-07-03 06:31:51,225 P1485450 INFO pr:0.9545  rc:0.9767  auc:0.9957 ap:0.9825 f1: 0.9655 pred_right: 16368 pred_wrong:132 actu_right: 16371 actu_wrong: 129
2026-07-03 06:31:51,226 P1485450 INFO ----------------------------------------------------------------------------------------------------
2026-07-03 06:31:51,226 P1485450 INFO 96/300 starting... lr: 0.001 para:0.010309278033673763
2026-07-03 06:31:57,040 P1485450 INFO Epoch 96/300, all_loss:0.02005 cls_loss:0.01877 rec_loss:0.14342 [5.81s]; best loss:0.00089, patience : 6
2026-07-03 06:31:59,315 P1485450 INFO pr:0.9840  rc:0.9270  auc:0.9790 ap:0.9761 f1: 0.9546 pred_right: 38626 pred_wrong:374 actu_right: 38603 actu_wrong: 397
2026-07-03 06:32:00,341 P1485450 INFO pr:0.9545  rc:0.9767  auc:0.9938 ap:0.9823 f1: 0.9655 pred_right: 16368 pred_wrong:132 actu_right: 16371 actu_wrong: 129
2026-07-03 06:32:00,341 P1485450 INFO ----------------------------------------------------------------------------------------------------
2026-07-03 06:32:00,342 P1485450 INFO 97/300 starting... lr: 0.001 para:0.010204081423580647
2026-07-03 06:32:06,337 P1485450 INFO Epoch 97/300, all_loss:0.00153 cls_loss:0.00021 rec_loss:0.13028 [5.99s]; best loss:0.00089, patience : 6
2026-07-03 06:32:08,343 P1485450 INFO pr:0.9764  rc:0.9370  auc:0.9801 ap:0.9763 f1: 0.9563 pred_right: 38619 pred_wrong:381 actu_right: 38603 actu_wrong: 397
2026-07-03 06:32:09,230 P1485450 INFO pr:0.9403  rc:0.9767  auc:0.9957 ap:0.9793 f1: 0.9582 pred_right: 16366 pred_wrong:134 actu_right: 16371 actu_wrong: 129
2026-07-03 06:32:09,234 P1485450 INFO ----------------------------------------------------------------------------------------------------
2026-07-03 06:32:09,234 P1485450 INFO 98/300 starting... lr: 0.001 para:0.010101010091602802
2026-07-03 06:32:15,168 P1485450 INFO Epoch 98/300, all_loss:0.00131 cls_loss:0.00011 rec_loss:0.11897 [5.93s]; best loss:0.00089, patience : 6
2026-07-03 06:32:17,386 P1485450 INFO pr:0.9763  rc:0.9320  auc:0.9805 ap:0.9765 f1: 0.9536 pred_right: 38621 pred_wrong:379 actu_right: 38603 actu_wrong: 397
2026-07-03 06:32:19,122 P1485450 INFO pr:0.9478  rc:0.9845  auc:0.9957 ap:0.9793 f1: 0.9658 pred_right: 16366 pred_wrong:134 actu_right: 16371 actu_wrong: 129
2026-07-03 06:32:19,123 P1485450 INFO ----------------------------------------------------------------------------------------------------
2026-07-03 06:32:19,123 P1485450 INFO 99/300 starting... lr: 0.001 para:0.01
2026-07-03 06:32:23,903 P1485450 INFO Epoch 99/300, all_loss:0.00120 cls_loss:0.00008 rec_loss:0.11186 [4.78s]; best loss:0.00089, patience : 6
2026-07-03 06:32:25,654 P1485450 INFO pr:0.9763  rc:0.9345  auc:0.9809 ap:0.9765 f1: 0.9550 pred_right: 38620 pred_wrong:380 actu_right: 38603 actu_wrong: 397
2026-07-03 06:32:26,488 P1485450 INFO pr:0.9407  rc:0.9845  auc:0.9957 ap:0.9794 f1: 0.9621 pred_right: 16365 pred_wrong:135 actu_right: 16371 actu_wrong: 129
2026-07-03 06:32:26,489 P1485450 INFO ----------------------------------------------------------------------------------------------------
2026-07-03 06:32:26,489 P1485450 INFO 100/300 starting... lr: 0.0009000000000000001 para:0.01
2026-07-03 06:32:32,105 P1485450 INFO Epoch 100/300, all_loss:0.00113 cls_loss:0.00007 rec_loss:0.10554 [5.62s]; best loss:0.00089, patience : 6
2026-07-03 06:32:36,535 P1485450 INFO pr:0.9763  rc:0.9320  auc:0.9809 ap:0.9764 f1: 0.9536 pred_right: 38621 pred_wrong:379 actu_right: 38603 actu_wrong: 397
2026-07-03 06:32:38,672 P1485450 INFO pr:0.9478  rc:0.9845  auc:0.9957 ap:0.9793 f1: 0.9658 pred_right: 16366 pred_wrong:134 actu_right: 16371 actu_wrong: 129
2026-07-03 06:32:38,673 P1485450 INFO ----------------------------------------------------------------------------------------------------
2026-07-03 06:32:38,673 P1485450 INFO 101/300 starting... lr: 0.0009000000000000001 para:0.01
2026-07-03 06:32:48,285 P1485450 INFO Epoch 101/300, all_loss:0.00108 cls_loss:0.00006 rec_loss:0.10141 [9.61s]; best loss:0.00089, patience : 6
2026-07-03 06:32:50,616 P1485450 INFO pr:0.9763  rc:0.9320  auc:0.9810 ap:0.9764 f1: 0.9536 pred_right: 38621 pred_wrong:379 actu_right: 38603 actu_wrong: 397
2026-07-03 06:32:51,507 P1485450 INFO pr:0.9478  rc:0.9845  auc:0.9957 ap:0.9794 f1: 0.9658 pred_right: 16366 pred_wrong:134 actu_right: 16371 actu_wrong: 129
2026-07-03 06:32:51,508 P1485450 INFO ----------------------------------------------------------------------------------------------------
2026-07-03 06:32:51,508 P1485450 INFO 102/300 starting... lr: 0.0009000000000000001 para:0.01
2026-07-03 06:32:57,731 P1485450 INFO Epoch 102/300, all_loss:0.00103 cls_loss:0.00007 rec_loss:0.09674 [6.22s]; best loss:0.00089, patience : 6
2026-07-03 06:33:00,044 P1485450 INFO pr:0.9763  rc:0.9345  auc:0.9810 ap:0.9762 f1: 0.9550 pred_right: 38620 pred_wrong:380 actu_right: 38603 actu_wrong: 397
2026-07-03 06:33:01,003 P1485450 INFO pr:0.9478  rc:0.9845  auc:0.9957 ap:0.9794 f1: 0.9658 pred_right: 16366 pred_wrong:134 actu_right: 16371 actu_wrong: 129
2026-07-03 06:33:01,004 P1485450 INFO ----------------------------------------------------------------------------------------------------
2026-07-03 06:33:01,004 P1485450 INFO 103/300 starting... lr: 0.0009000000000000001 para:0.01
2026-07-03 06:33:06,991 P1485450 INFO Epoch 103/300, all_loss:0.00099 cls_loss:0.00006 rec_loss:0.09295 [5.99s]; best loss:0.00089, patience : 6
2026-07-03 06:33:09,189 P1485450 INFO pr:0.9763  rc:0.9320  auc:0.9803 ap:0.9761 f1: 0.9536 pred_right: 38621 pred_wrong:379 actu_right: 38603 actu_wrong: 397
2026-07-03 06:33:10,097 P1485450 INFO pr:0.9478  rc:0.9845  auc:0.9957 ap:0.9793 f1: 0.9658 pred_right: 16366 pred_wrong:134 actu_right: 16371 actu_wrong: 129
2026-07-03 06:33:10,097 P1485450 INFO ----------------------------------------------------------------------------------------------------
2026-07-03 06:33:10,104 P1485450 INFO 104/300 starting... lr: 0.0009000000000000001 para:0.01
2026-07-03 06:33:15,964 P1485450 INFO Epoch 104/300, all_loss:0.00094 cls_loss:0.00005 rec_loss:0.08937 [5.86s]; best loss:0.00089, patience : 6
2026-07-03 06:33:18,021 P1485450 INFO pr:0.9737  rc:0.9320  auc:0.9803 ap:0.9747 f1: 0.9524 pred_right: 38620 pred_wrong:380 actu_right: 38603 actu_wrong: 397
2026-07-03 06:33:19,014 P1485450 INFO pr:0.9478  rc:0.9845  auc:0.9957 ap:0.9794 f1: 0.9658 pred_right: 16366 pred_wrong:134 actu_right: 16371 actu_wrong: 129
2026-07-03 06:33:19,015 P1485450 INFO ----------------------------------------------------------------------------------------------------
2026-07-03 06:33:19,015 P1485450 INFO 105/300 starting... lr: 0.0009000000000000001 para:0.01
2026-07-03 06:33:25,101 P1485450 INFO Epoch 105/300, all_loss:0.00092 cls_loss:0.00006 rec_loss:0.08618 [6.09s]; best loss:0.00089, patience : 6
2026-07-03 06:33:27,256 P1485450 INFO pr:0.9738  rc:0.9345  auc:0.9803 ap:0.9746 f1: 0.9537 pred_right: 38619 pred_wrong:381 actu_right: 38603 actu_wrong: 397
2026-07-03 06:33:28,118 P1485450 INFO pr:0.9478  rc:0.9845  auc:0.9957 ap:0.9795 f1: 0.9658 pred_right: 16366 pred_wrong:134 actu_right: 16371 actu_wrong: 129
2026-07-03 06:33:28,118 P1485450 INFO ----------------------------------------------------------------------------------------------------
2026-07-03 06:33:28,118 P1485450 INFO 106/300 starting... lr: 0.0009000000000000001 para:0.01
2026-07-03 06:33:33,949 P1485450 INFO Epoch 106/300, all_loss:0.00089 cls_loss:0.00006 rec_loss:0.08305 [5.83s]; best loss:0.00089, patience : 0
2026-07-03 06:33:36,032 P1485450 INFO pr:0.9711  rc:0.9320  auc:0.9796 ap:0.9732 f1: 0.9512 pred_right: 38619 pred_wrong:381 actu_right: 38603 actu_wrong: 397
2026-07-03 06:33:37,049 P1485450 INFO pr:0.9549  rc:0.9845  auc:0.9957 ap:0.9830 f1: 0.9695 pred_right: 16367 pred_wrong:133 actu_right: 16371 actu_wrong: 129
2026-07-03 06:33:37,050 P1485450 INFO ----------------------------------------------------------------------------------------------------
2026-07-03 06:33:37,050 P1485450 INFO 107/300 starting... lr: 0.0009000000000000001 para:0.01
2026-07-03 06:33:43,839 P1485450 INFO Epoch 107/300, all_loss:0.00085 cls_loss:0.00004 rec_loss:0.08115 [6.79s]; best loss:0.00085, patience : 0
2026-07-03 06:33:45,406 P1485450 INFO pr:0.9711  rc:0.9320  auc:0.9796 ap:0.9732 f1: 0.9512 pred_right: 38619 pred_wrong:381 actu_right: 38603 actu_wrong: 397
2026-07-03 06:33:46,081 P1485450 INFO pr:0.9478  rc:0.9845  auc:0.9956 ap:0.9794 f1: 0.9658 pred_right: 16366 pred_wrong:134 actu_right: 16371 actu_wrong: 129
2026-07-03 06:33:46,081 P1485450 INFO ----------------------------------------------------------------------------------------------------
2026-07-03 06:33:46,082 P1485450 INFO 108/300 starting... lr: 0.0009000000000000001 para:0.01
2026-07-03 06:33:50,956 P1485450 INFO Epoch 108/300, all_loss:0.00083 cls_loss:0.00005 rec_loss:0.07815 [4.87s]; best loss:0.00083, patience : 0
2026-07-03 06:33:52,952 P1485450 INFO pr:0.9763  rc:0.9320  auc:0.9795 ap:0.9732 f1: 0.9536 pred_right: 38621 pred_wrong:379 actu_right: 38603 actu_wrong: 397
2026-07-03 06:33:53,775 P1485450 INFO pr:0.9545  rc:0.9767  auc:0.9957 ap:0.9831 f1: 0.9655 pred_right: 16368 pred_wrong:132 actu_right: 16371 actu_wrong: 129
2026-07-03 06:33:53,776 P1485450 INFO ----------------------------------------------------------------------------------------------------
2026-07-03 06:33:53,776 P1485450 INFO 109/300 starting... lr: 0.0009000000000000001 para:0.01
2026-07-03 06:34:05,457 P1485450 INFO Epoch 109/300, all_loss:0.00080 cls_loss:0.00004 rec_loss:0.07645 [11.67s]; best loss:0.00080, patience : 0
2026-07-03 06:34:08,416 P1485450 INFO pr:0.9712  rc:0.9345  auc:0.9795 ap:0.9730 f1: 0.9525 pred_right: 38618 pred_wrong:382 actu_right: 38603 actu_wrong: 397
2026-07-03 06:34:09,480 P1485450 INFO pr:0.9478  rc:0.9845  auc:0.9956 ap:0.9795 f1: 0.9658 pred_right: 16366 pred_wrong:134 actu_right: 16371 actu_wrong: 129
2026-07-03 06:34:09,481 P1485450 INFO ----------------------------------------------------------------------------------------------------
2026-07-03 06:34:09,481 P1485450 INFO 110/300 starting... lr: 0.0009000000000000001 para:0.01
2026-07-03 06:34:15,796 P1485450 INFO Epoch 110/300, all_loss:0.00077 cls_loss:0.00004 rec_loss:0.07291 [6.31s]; best loss:0.00077, patience : 0
2026-07-03 06:34:18,198 P1485450 INFO pr:0.9814  rc:0.9320  auc:0.9793 ap:0.9731 f1: 0.9561 pred_right: 38623 pred_wrong:377 actu_right: 38603 actu_wrong: 397
2026-07-03 06:34:19,205 P1485450 INFO pr:0.9545  rc:0.9767  auc:0.9956 ap:0.9832 f1: 0.9655 pred_right: 16368 pred_wrong:132 actu_right: 16371 actu_wrong: 129
2026-07-03 06:34:19,206 P1485450 INFO ----------------------------------------------------------------------------------------------------
2026-07-03 06:34:19,206 P1485450 INFO 111/300 starting... lr: 0.0009000000000000001 para:0.01
2026-07-03 06:34:25,304 P1485450 INFO Epoch 111/300, all_loss:0.00077 cls_loss:0.00006 rec_loss:0.07141 [6.09s]; best loss:0.00077, patience : 0
2026-07-03 06:34:27,539 P1485450 INFO pr:0.9713  rc:0.9370  auc:0.9800 ap:0.9729 f1: 0.9538 pred_right: 38617 pred_wrong:383 actu_right: 38603 actu_wrong: 397
2026-07-03 06:34:28,418 P1485450 INFO pr:0.9478  rc:0.9845  auc:0.9975 ap:0.9796 f1: 0.9658 pred_right: 16366 pred_wrong:134 actu_right: 16371 actu_wrong: 129
2026-07-03 06:34:28,418 P1485450 INFO ----------------------------------------------------------------------------------------------------
2026-07-03 06:34:28,418 P1485450 INFO 112/300 starting... lr: 0.0009000000000000001 para:0.01
2026-07-03 06:34:34,498 P1485450 INFO Epoch 112/300, all_loss:0.00073 cls_loss:0.00004 rec_loss:0.06979 [6.08s]; best loss:0.00073, patience : 0
2026-07-03 06:34:36,686 P1485450 INFO pr:0.9711  rc:0.9320  auc:0.9790 ap:0.9728 f1: 0.9512 pred_right: 38619 pred_wrong:381 actu_right: 38603 actu_wrong: 397
2026-07-03 06:34:37,540 P1485450 INFO pr:0.9478  rc:0.9845  auc:0.9955 ap:0.9796 f1: 0.9658 pred_right: 16366 pred_wrong:134 actu_right: 16371 actu_wrong: 129
2026-07-03 06:34:37,540 P1485450 INFO ----------------------------------------------------------------------------------------------------
2026-07-03 06:34:37,540 P1485450 INFO 113/300 starting... lr: 0.0009000000000000001 para:0.01
2026-07-03 06:34:43,521 P1485450 INFO Epoch 113/300, all_loss:0.00071 cls_loss:0.00003 rec_loss:0.06778 [5.98s]; best loss:0.00071, patience : 0
2026-07-03 06:34:45,838 P1485450 INFO pr:0.9711  rc:0.9320  auc:0.9780 ap:0.9728 f1: 0.9512 pred_right: 38619 pred_wrong:381 actu_right: 38603 actu_wrong: 397
2026-07-03 06:34:46,828 P1485450 INFO pr:0.9478  rc:0.9845  auc:0.9954 ap:0.9796 f1: 0.9658 pred_right: 16366 pred_wrong:134 actu_right: 16371 actu_wrong: 129
2026-07-03 06:34:46,828 P1485450 INFO ----------------------------------------------------------------------------------------------------
2026-07-03 06:34:46,829 P1485450 INFO 114/300 starting... lr: 0.0009000000000000001 para:0.01
2026-07-03 06:34:52,993 P1485450 INFO Epoch 114/300, all_loss:0.00070 cls_loss:0.00004 rec_loss:0.06531 [6.16s]; best loss:0.00070, patience : 0
2026-07-03 06:34:55,423 P1485450 INFO pr:0.9737  rc:0.9320  auc:0.9780 ap:0.9725 f1: 0.9524 pred_right: 38620 pred_wrong:380 actu_right: 38603 actu_wrong: 397
2026-07-03 06:34:56,420 P1485450 INFO pr:0.9545  rc:0.9767  auc:0.9954 ap:0.9830 f1: 0.9655 pred_right: 16368 pred_wrong:132 actu_right: 16371 actu_wrong: 129
2026-07-03 06:34:56,421 P1485450 INFO ----------------------------------------------------------------------------------------------------
2026-07-03 06:34:56,421 P1485450 INFO 115/300 starting... lr: 0.0009000000000000001 para:0.01
2026-07-03 06:35:02,288 P1485450 INFO Epoch 115/300, all_loss:0.00067 cls_loss:0.00003 rec_loss:0.06348 [5.86s]; best loss:0.00067, patience : 0
2026-07-03 06:35:04,550 P1485450 INFO pr:0.9711  rc:0.9318  auc:0.9775 ap:0.9723 f1: 0.9510 pred_right: 38620 pred_wrong:380 actu_right: 38604 actu_wrong: 396
2026-07-03 06:35:05,510 P1485450 INFO pr:0.9545  rc:0.9767  auc:0.9947 ap:0.9794 f1: 0.9655 pred_right: 16368 pred_wrong:132 actu_right: 16371 actu_wrong: 129
2026-07-03 06:35:05,511 P1485450 INFO ----------------------------------------------------------------------------------------------------
2026-07-03 06:35:05,518 P1485450 INFO 116/300 starting... lr: 0.0009000000000000001 para:0.01
2026-07-03 06:35:12,121 P1485450 INFO Epoch 116/300, all_loss:0.00065 cls_loss:0.00003 rec_loss:0.06185 [6.60s]; best loss:0.00065, patience : 0
2026-07-03 06:35:13,769 P1485450 INFO pr:0.9814  rc:0.9320  auc:0.9766 ap:0.9723 f1: 0.9561 pred_right: 38623 pred_wrong:377 actu_right: 38603 actu_wrong: 397
2026-07-03 06:35:14,484 P1485450 INFO pr:0.9545  rc:0.9767  auc:0.9938 ap:0.9829 f1: 0.9655 pred_right: 16368 pred_wrong:132 actu_right: 16371 actu_wrong: 129
2026-07-03 06:35:14,484 P1485450 INFO ----------------------------------------------------------------------------------------------------
2026-07-03 06:35:14,485 P1485450 INFO 117/300 starting... lr: 0.0009000000000000001 para:0.01
2026-07-03 06:35:20,092 P1485450 INFO Epoch 117/300, all_loss:0.00064 cls_loss:0.00004 rec_loss:0.06015 [5.60s]; best loss:0.00064, patience : 0
2026-07-03 06:35:22,002 P1485450 INFO pr:0.9763  rc:0.9320  auc:0.9756 ap:0.9721 f1: 0.9536 pred_right: 38621 pred_wrong:379 actu_right: 38603 actu_wrong: 397
2026-07-03 06:35:23,307 P1485450 INFO pr:0.9545  rc:0.9767  auc:0.9934 ap:0.9830 f1: 0.9655 pred_right: 16368 pred_wrong:132 actu_right: 16371 actu_wrong: 129
2026-07-03 06:35:23,308 P1485450 INFO ----------------------------------------------------------------------------------------------------
2026-07-03 06:35:23,308 P1485450 INFO 118/300 starting... lr: 0.0009000000000000001 para:0.01
2026-07-03 06:35:35,387 P1485450 INFO Epoch 118/300, all_loss:0.00063 cls_loss:0.00005 rec_loss:0.05859 [12.07s]; best loss:0.00063, patience : 0
2026-07-03 06:35:37,884 P1485450 INFO pr:0.9814  rc:0.9318  auc:0.9758 ap:0.9719 f1: 0.9560 pred_right: 38624 pred_wrong:376 actu_right: 38604 actu_wrong: 396
2026-07-03 06:35:38,876 P1485450 INFO pr:0.9545  rc:0.9767  auc:0.9934 ap:0.9828 f1: 0.9655 pred_right: 16368 pred_wrong:132 actu_right: 16371 actu_wrong: 129
2026-07-03 06:35:38,877 P1485450 INFO ----------------------------------------------------------------------------------------------------
2026-07-03 06:35:38,877 P1485450 INFO 119/300 starting... lr: 0.0009000000000000001 para:0.01
2026-07-03 06:35:45,137 P1485450 INFO Epoch 119/300, all_loss:0.00060 cls_loss:0.00002 rec_loss:0.05797 [6.26s]; best loss:0.00060, patience : 0
2026-07-03 06:35:47,495 P1485450 INFO pr:0.9814  rc:0.9320  auc:0.9752 ap:0.9719 f1: 0.9561 pred_right: 38623 pred_wrong:377 actu_right: 38603 actu_wrong: 397
2026-07-03 06:35:48,496 P1485450 INFO pr:0.9545  rc:0.9767  auc:0.9933 ap:0.9831 f1: 0.9655 pred_right: 16368 pred_wrong:132 actu_right: 16371 actu_wrong: 129
2026-07-03 06:35:48,496 P1485450 INFO ----------------------------------------------------------------------------------------------------
2026-07-03 06:35:48,496 P1485450 INFO 120/300 starting... lr: 0.0009000000000000001 para:0.01
2026-07-03 06:35:54,623 P1485450 INFO Epoch 120/300, all_loss:0.00059 cls_loss:0.00003 rec_loss:0.05600 [6.12s]; best loss:0.00059, patience : 0
2026-07-03 06:35:56,958 P1485450 INFO pr:0.9763  rc:0.9320  auc:0.9743 ap:0.9715 f1: 0.9536 pred_right: 38621 pred_wrong:379 actu_right: 38603 actu_wrong: 397
2026-07-03 06:35:57,837 P1485450 INFO pr:0.9545  rc:0.9767  auc:0.9933 ap:0.9830 f1: 0.9655 pred_right: 16368 pred_wrong:132 actu_right: 16371 actu_wrong: 129
2026-07-03 06:35:57,838 P1485450 INFO ----------------------------------------------------------------------------------------------------
2026-07-03 06:35:57,838 P1485450 INFO 121/300 starting... lr: 0.0009000000000000001 para:0.01
2026-07-03 06:36:03,873 P1485450 INFO Epoch 121/300, all_loss:0.00057 cls_loss:0.00002 rec_loss:0.05504 [6.03s]; best loss:0.00057, patience : 0
2026-07-03 06:36:05,939 P1485450 INFO pr:0.9711  rc:0.9318  auc:0.9741 ap:0.9702 f1: 0.9510 pred_right: 38620 pred_wrong:380 actu_right: 38604 actu_wrong: 396
2026-07-03 06:36:06,854 P1485450 INFO pr:0.9474  rc:0.9767  auc:0.9952 ap:0.9832 f1: 0.9618 pred_right: 16367 pred_wrong:133 actu_right: 16371 actu_wrong: 129
2026-07-03 06:36:06,855 P1485450 INFO ----------------------------------------------------------------------------------------------------
2026-07-03 06:36:06,855 P1485450 INFO 122/300 starting... lr: 0.0009000000000000001 para:0.01
2026-07-03 06:36:13,011 P1485450 INFO Epoch 122/300, all_loss:0.63117 cls_loss:0.63675 rec_loss:0.07860 [6.16s]; best loss:0.00057, patience : 1
2026-07-03 06:36:15,083 P1485450 INFO pr:0.9928  rc:0.6977  auc:0.9512 ap:0.9493 f1: 0.8195 pred_right: 38721 pred_wrong:279 actu_right: 38603 actu_wrong: 397
2026-07-03 06:36:15,952 P1485450 INFO pr:0.9697  rc:0.7442  auc:0.9872 ap:0.9659 f1: 0.8421 pred_right: 16401 pred_wrong:99 actu_right: 16371 actu_wrong: 129
2026-07-03 06:36:15,953 P1485450 INFO ----------------------------------------------------------------------------------------------------
2026-07-03 06:36:15,953 P1485450 INFO 123/300 starting... lr: 0.0009000000000000001 para:0.01
2026-07-03 06:36:21,987 P1485450 INFO Epoch 123/300, all_loss:0.38853 cls_loss:0.39128 rec_loss:0.11708 [6.03s]; best loss:0.00057, patience : 1
2026-07-03 06:36:23,992 P1485450 INFO pr:0.9782  rc:0.9066  auc:0.9806 ap:0.9791 f1: 0.9410 pred_right: 38633 pred_wrong:367 actu_right: 38604 actu_wrong: 396
2026-07-03 06:36:24,926 P1485450 INFO pr:0.9444  rc:0.9225  auc:0.9978 ap:0.9799 f1: 0.9333 pred_right: 16374 pred_wrong:126 actu_right: 16371 actu_wrong: 129
2026-07-03 06:36:24,927 P1485450 INFO ----------------------------------------------------------------------------------------------------
2026-07-03 06:36:24,927 P1485450 INFO 124/300 starting... lr: 0.0009000000000000001 para:0.01
2026-07-03 06:36:31,844 P1485450 INFO Epoch 124/300, all_loss:0.14890 cls_loss:0.14928 rec_loss:0.11089 [6.92s]; best loss:0.00057, patience : 1
2026-07-03 06:36:34,071 P1485450 INFO pr:0.9540  rc:0.9395  auc:0.9814 ap:0.9740 f1: 0.9467 pred_right: 38609 pred_wrong:391 actu_right: 38603 actu_wrong: 397
2026-07-03 06:36:34,782 P1485450 INFO pr:0.8944  rc:0.9845  auc:0.9954 ap:0.9790 f1: 0.9373 pred_right: 16358 pred_wrong:142 actu_right: 16371 actu_wrong: 129
2026-07-03 06:36:34,783 P1485450 INFO ----------------------------------------------------------------------------------------------------
2026-07-03 06:36:34,783 P1485450 INFO 125/300 starting... lr: 0.0009000000000000001 para:0.01
2026-07-03 06:36:39,666 P1485450 INFO Epoch 125/300, all_loss:0.11196 cls_loss:0.11214 rec_loss:0.09473 [4.88s]; best loss:0.00057, patience : 1
2026-07-03 06:36:41,656 P1485450 INFO pr:0.9788  rc:0.9320  auc:0.9770 ap:0.9751 f1: 0.9548 pred_right: 38622 pred_wrong:378 actu_right: 38603 actu_wrong: 397
2026-07-03 06:36:42,506 P1485450 INFO pr:0.9618  rc:0.9767  auc:0.9958 ap:0.9881 f1: 0.9692 pred_right: 16369 pred_wrong:131 actu_right: 16371 actu_wrong: 129
2026-07-03 06:36:42,506 P1485450 INFO ----------------------------------------------------------------------------------------------------
2026-07-03 06:36:42,506 P1485450 INFO 126/300 starting... lr: 0.0009000000000000001 para:0.01
2026-07-03 06:36:52,097 P1485450 INFO Epoch 126/300, all_loss:0.01243 cls_loss:0.01136 rec_loss:0.11905 [9.59s]; best loss:0.00057, patience : 1
2026-07-03 06:36:55,470 P1485450 INFO pr:0.9634  rc:0.9318  auc:0.9816 ap:0.9737 f1: 0.9474 pred_right: 38617 pred_wrong:383 actu_right: 38604 actu_wrong: 396
2026-07-03 06:36:56,804 P1485450 INFO pr:0.9270  rc:0.9845  auc:0.9976 ap:0.9830 f1: 0.9549 pred_right: 16363 pred_wrong:137 actu_right: 16371 actu_wrong: 129
2026-07-03 06:36:56,804 P1485450 INFO ----------------------------------------------------------------------------------------------------
2026-07-03 06:36:56,805 P1485450 INFO 127/300 starting... lr: 0.0009000000000000001 para:0.01
2026-07-03 06:37:03,410 P1485450 INFO Epoch 127/300, all_loss:0.00167 cls_loss:0.00065 rec_loss:0.10329 [6.60s]; best loss:0.00057, patience : 1
2026-07-03 06:37:05,694 P1485450 INFO pr:0.9763  rc:0.9320  auc:0.9779 ap:0.9732 f1: 0.9536 pred_right: 38621 pred_wrong:379 actu_right: 38603 actu_wrong: 397
2026-07-03 06:37:06,706 P1485450 INFO pr:0.9474  rc:0.9767  auc:0.9976 ap:0.9819 f1: 0.9618 pred_right: 16367 pred_wrong:133 actu_right: 16371 actu_wrong: 129
2026-07-03 06:37:06,707 P1485450 INFO ----------------------------------------------------------------------------------------------------
2026-07-03 06:37:06,707 P1485450 INFO 128/300 starting... lr: 0.0009000000000000001 para:0.01
2026-07-03 06:37:12,798 P1485450 INFO Epoch 128/300, all_loss:0.00130 cls_loss:0.00029 rec_loss:0.10113 [6.09s]; best loss:0.00057, patience : 1
2026-07-03 06:37:15,021 P1485450 INFO pr:0.9763  rc:0.9320  auc:0.9782 ap:0.9736 f1: 0.9536 pred_right: 38621 pred_wrong:379 actu_right: 38603 actu_wrong: 397
2026-07-03 06:37:16,061 P1485450 INFO pr:0.9407  rc:0.9845  auc:0.9976 ap:0.9829 f1: 0.9621 pred_right: 16365 pred_wrong:135 actu_right: 16371 actu_wrong: 129
2026-07-03 06:37:16,061 P1485450 INFO ----------------------------------------------------------------------------------------------------
2026-07-03 06:37:16,062 P1485450 INFO 129/300 starting... lr: 0.0009000000000000001 para:0.01
2026-07-03 06:37:22,198 P1485450 INFO Epoch 129/300, all_loss:0.00114 cls_loss:0.00018 rec_loss:0.09582 [6.14s]; best loss:0.00057, patience : 1
2026-07-03 06:37:24,308 P1485450 INFO pr:0.9737  rc:0.9320  auc:0.9781 ap:0.9737 f1: 0.9524 pred_right: 38620 pred_wrong:380 actu_right: 38603 actu_wrong: 397
2026-07-03 06:37:25,227 P1485450 INFO pr:0.9407  rc:0.9845  auc:0.9976 ap:0.9832 f1: 0.9621 pred_right: 16365 pred_wrong:135 actu_right: 16371 actu_wrong: 129
2026-07-03 06:37:25,228 P1485450 INFO ----------------------------------------------------------------------------------------------------
2026-07-03 06:37:25,228 P1485450 INFO 130/300 starting... lr: 0.0009000000000000001 para:0.01
2026-07-03 06:37:31,215 P1485450 INFO Epoch 130/300, all_loss:0.00108 cls_loss:0.00016 rec_loss:0.09184 [5.99s]; best loss:0.00057, patience : 1
2026-07-03 06:37:33,535 P1485450 INFO pr:0.9763  rc:0.9320  auc:0.9779 ap:0.9738 f1: 0.9536 pred_right: 38621 pred_wrong:379 actu_right: 38603 actu_wrong: 397
2026-07-03 06:37:34,524 P1485450 INFO pr:0.9407  rc:0.9845  auc:0.9977 ap:0.9833 f1: 0.9621 pred_right: 16365 pred_wrong:135 actu_right: 16371 actu_wrong: 129
2026-07-03 06:37:34,525 P1485450 INFO ----------------------------------------------------------------------------------------------------
2026-07-03 06:37:34,525 P1485450 INFO 131/300 starting... lr: 0.0009000000000000001 para:0.01
2026-07-03 06:37:40,559 P1485450 INFO Epoch 131/300, all_loss:0.00101 cls_loss:0.00014 rec_loss:0.08761 [6.03s]; best loss:0.00057, patience : 1
2026-07-03 06:37:42,997 P1485450 INFO pr:0.9711  rc:0.9318  auc:0.9779 ap:0.9736 f1: 0.9510 pred_right: 38620 pred_wrong:380 actu_right: 38604 actu_wrong: 396
2026-07-03 06:37:44,082 P1485450 INFO pr:0.9338  rc:0.9845  auc:0.9977 ap:0.9834 f1: 0.9585 pred_right: 16364 pred_wrong:136 actu_right: 16371 actu_wrong: 129
2026-07-03 06:37:44,082 P1485450 INFO ----------------------------------------------------------------------------------------------------
2026-07-03 06:37:44,082 P1485450 INFO 132/300 starting... lr: 0.0009000000000000001 para:0.01
2026-07-03 06:37:50,201 P1485450 INFO Epoch 132/300, all_loss:0.00096 cls_loss:0.00013 rec_loss:0.08393 [6.12s]; best loss:0.00057, patience : 1
2026-07-03 06:37:52,521 P1485450 INFO pr:0.9737  rc:0.9320  auc:0.9779 ap:0.9738 f1: 0.9524 pred_right: 38620 pred_wrong:380 actu_right: 38603 actu_wrong: 397
2026-07-03 06:37:53,485 P1485450 INFO pr:0.9407  rc:0.9845  auc:0.9977 ap:0.9834 f1: 0.9621 pred_right: 16365 pred_wrong:135 actu_right: 16371 actu_wrong: 129
2026-07-03 06:37:53,486 P1485450 INFO ----------------------------------------------------------------------------------------------------
2026-07-03 06:37:53,486 P1485450 INFO 133/300 starting... lr: 0.0009000000000000001 para:0.01
2026-07-03 06:38:00,017 P1485450 INFO Epoch 133/300, all_loss:0.00092 cls_loss:0.00012 rec_loss:0.08056 [6.53s]; best loss:0.00057, patience : 1
2026-07-03 06:38:01,667 P1485450 INFO pr:0.9737  rc:0.9320  auc:0.9778 ap:0.9739 f1: 0.9524 pred_right: 38620 pred_wrong:380 actu_right: 38603 actu_wrong: 397
2026-07-03 06:38:02,387 P1485450 INFO pr:0.9407  rc:0.9845  auc:0.9977 ap:0.9835 f1: 0.9621 pred_right: 16365 pred_wrong:135 actu_right: 16371 actu_wrong: 129
2026-07-03 06:38:02,387 P1485450 INFO ----------------------------------------------------------------------------------------------------
2026-07-03 06:38:02,388 P1485450 INFO 134/300 starting... lr: 0.0009000000000000001 para:0.01
2026-07-03 06:38:07,778 P1485450 INFO Epoch 134/300, all_loss:0.00087 cls_loss:0.00009 rec_loss:0.07784 [5.39s]; best loss:0.00057, patience : 1
2026-07-03 06:38:09,641 P1485450 INFO pr:0.9737  rc:0.9320  auc:0.9777 ap:0.9739 f1: 0.9524 pred_right: 38620 pred_wrong:380 actu_right: 38603 actu_wrong: 397
2026-07-03 06:38:10,433 P1485450 INFO pr:0.9407  rc:0.9845  auc:0.9977 ap:0.9837 f1: 0.9621 pred_right: 16365 pred_wrong:135 actu_right: 16371 actu_wrong: 129
2026-07-03 06:38:10,434 P1485450 INFO ----------------------------------------------------------------------------------------------------
2026-07-03 06:38:10,434 P1485450 INFO 135/300 starting... lr: 0.0009000000000000001 para:0.01
2026-07-03 06:38:22,623 P1485450 INFO Epoch 135/300, all_loss:0.00084 cls_loss:0.00009 rec_loss:0.07515 [12.19s]; best loss:0.00057, patience : 1
2026-07-03 06:38:25,125 P1485450 INFO pr:0.9711  rc:0.9320  auc:0.9784 ap:0.9739 f1: 0.9512 pred_right: 38619 pred_wrong:381 actu_right: 38603 actu_wrong: 397
2026-07-03 06:38:25,975 P1485450 INFO pr:0.9270  rc:0.9845  auc:0.9977 ap:0.9838 f1: 0.9549 pred_right: 16363 pred_wrong:137 actu_right: 16371 actu_wrong: 129
2026-07-03 06:38:25,975 P1485450 INFO ----------------------------------------------------------------------------------------------------
2026-07-03 06:38:25,975 P1485450 INFO 136/300 starting... lr: 0.0009000000000000001 para:0.01
2026-07-03 06:38:32,064 P1485450 INFO Epoch 136/300, all_loss:0.00081 cls_loss:0.00009 rec_loss:0.07274 [6.09s]; best loss:0.00057, patience : 1
2026-07-03 06:38:34,411 P1485450 INFO pr:0.9711  rc:0.9320  auc:0.9782 ap:0.9738 f1: 0.9512 pred_right: 38619 pred_wrong:381 actu_right: 38603 actu_wrong: 397
2026-07-03 06:38:35,316 P1485450 INFO pr:0.9338  rc:0.9845  auc:0.9977 ap:0.9838 f1: 0.9585 pred_right: 16364 pred_wrong:136 actu_right: 16371 actu_wrong: 129
2026-07-03 06:38:35,317 P1485450 INFO ----------------------------------------------------------------------------------------------------
2026-07-03 06:38:35,317 P1485450 INFO 137/300 starting... lr: 0.0009000000000000001 para:0.01
2026-07-03 06:38:41,442 P1485450 INFO Epoch 137/300, all_loss:0.00077 cls_loss:0.00007 rec_loss:0.07047 [6.13s]; best loss:0.00057, patience : 1
2026-07-03 06:38:43,554 P1485450 INFO pr:0.9711  rc:0.9318  auc:0.9782 ap:0.9737 f1: 0.9510 pred_right: 38620 pred_wrong:380 actu_right: 38604 actu_wrong: 396
2026-07-03 06:38:44,484 P1485450 INFO pr:0.9270  rc:0.9845  auc:0.9977 ap:0.9838 f1: 0.9549 pred_right: 16363 pred_wrong:137 actu_right: 16371 actu_wrong: 129
2026-07-03 06:38:44,485 P1485450 INFO ----------------------------------------------------------------------------------------------------
2026-07-03 06:38:44,485 P1485450 INFO 138/300 starting... lr: 0.0009000000000000001 para:0.01
2026-07-03 06:38:50,628 P1485450 INFO Epoch 138/300, all_loss:0.00075 cls_loss:0.00007 rec_loss:0.06766 [6.14s]; best loss:0.00057, patience : 1
2026-07-03 06:38:52,835 P1485450 INFO pr:0.9711  rc:0.9320  auc:0.9774 ap:0.9739 f1: 0.9512 pred_right: 38619 pred_wrong:381 actu_right: 38603 actu_wrong: 397
2026-07-03 06:38:53,814 P1485450 INFO pr:0.9407  rc:0.9845  auc:0.9977 ap:0.9839 f1: 0.9621 pred_right: 16365 pred_wrong:135 actu_right: 16371 actu_wrong: 129
2026-07-03 06:38:53,814 P1485450 INFO ----------------------------------------------------------------------------------------------------
2026-07-03 06:38:53,814 P1485450 INFO 139/300 starting... lr: 0.0009000000000000001 para:0.01
2026-07-03 06:38:59,809 P1485450 INFO Epoch 139/300, all_loss:0.00072 cls_loss:0.00006 rec_loss:0.06680 [5.99s]; best loss:0.00057, patience : 1
2026-07-03 06:39:02,039 P1485450 INFO pr:0.9711  rc:0.9318  auc:0.9780 ap:0.9736 f1: 0.9510 pred_right: 38620 pred_wrong:380 actu_right: 38604 actu_wrong: 396
2026-07-03 06:39:02,890 P1485450 INFO pr:0.9270  rc:0.9845  auc:0.9977 ap:0.9802 f1: 0.9549 pred_right: 16363 pred_wrong:137 actu_right: 16371 actu_wrong: 129
2026-07-03 06:39:02,891 P1485450 INFO ----------------------------------------------------------------------------------------------------
2026-07-03 06:39:02,891 P1485450 INFO 140/300 starting... lr: 0.0009000000000000001 para:0.01
2026-07-03 06:39:08,949 P1485450 INFO Epoch 140/300, all_loss:0.00070 cls_loss:0.00006 rec_loss:0.06425 [6.06s]; best loss:0.00057, patience : 1
2026-07-03 06:39:10,965 P1485450 INFO pr:0.9685  rc:0.9318  auc:0.9770 ap:0.9736 f1: 0.9498 pred_right: 38619 pred_wrong:381 actu_right: 38604 actu_wrong: 396
2026-07-03 06:39:11,818 P1485450 INFO pr:0.9407  rc:0.9845  auc:0.9977 ap:0.9839 f1: 0.9621 pred_right: 16365 pred_wrong:135 actu_right: 16371 actu_wrong: 129
2026-07-03 06:39:11,819 P1485450 INFO ----------------------------------------------------------------------------------------------------
2026-07-03 06:39:11,819 P1485450 INFO 141/300 starting... lr: 0.0009000000000000001 para:0.01
2026-07-03 06:39:17,835 P1485450 INFO Epoch 141/300, all_loss:0.00068 cls_loss:0.00005 rec_loss:0.06342 [6.02s]; best loss:0.00057, patience : 1
2026-07-03 06:39:20,030 P1485450 INFO pr:0.9685  rc:0.9318  auc:0.9777 ap:0.9723 f1: 0.9498 pred_right: 38619 pred_wrong:381 actu_right: 38604 actu_wrong: 396
2026-07-03 06:39:20,888 P1485450 INFO pr:0.9270  rc:0.9845  auc:0.9977 ap:0.9839 f1: 0.9549 pred_right: 16363 pred_wrong:137 actu_right: 16371 actu_wrong: 129
2026-07-03 06:39:20,888 P1485450 INFO ----------------------------------------------------------------------------------------------------
2026-07-03 06:39:20,888 P1485450 INFO 142/300 starting... lr: 0.0009000000000000001 para:0.01
2026-07-03 06:39:27,124 P1485450 INFO Epoch 142/300, all_loss:0.00066 cls_loss:0.00005 rec_loss:0.06125 [6.24s]; best loss:0.00057, patience : 1
2026-07-03 06:39:28,815 P1485450 INFO pr:0.9711  rc:0.9320  auc:0.9767 ap:0.9725 f1: 0.9512 pred_right: 38619 pred_wrong:381 actu_right: 38603 actu_wrong: 397
2026-07-03 06:39:29,569 P1485450 INFO pr:0.9407  rc:0.9845  auc:0.9977 ap:0.9839 f1: 0.9621 pred_right: 16365 pred_wrong:135 actu_right: 16371 actu_wrong: 129
2026-07-03 06:39:29,570 P1485450 INFO ----------------------------------------------------------------------------------------------------
2026-07-03 06:39:29,570 P1485450 INFO 143/300 starting... lr: 0.0009000000000000001 para:0.01
2026-07-03 06:39:35,125 P1485450 INFO Epoch 143/300, all_loss:0.00065 cls_loss:0.00004 rec_loss:0.06045 [5.56s]; best loss:0.00057, patience : 1
2026-07-03 06:39:37,850 P1485450 INFO pr:0.9685  rc:0.9318  auc:0.9774 ap:0.9723 f1: 0.9498 pred_right: 38619 pred_wrong:381 actu_right: 38604 actu_wrong: 396
2026-07-03 06:39:40,032 P1485450 INFO pr:0.9338  rc:0.9845  auc:0.9977 ap:0.9839 f1: 0.9585 pred_right: 16364 pred_wrong:136 actu_right: 16371 actu_wrong: 129
2026-07-03 06:39:40,033 P1485450 INFO ----------------------------------------------------------------------------------------------------
2026-07-03 06:39:40,033 P1485450 INFO 144/300 starting... lr: 0.0009000000000000001 para:0.01
2026-07-03 06:39:50,717 P1485450 INFO Epoch 144/300, all_loss:0.00063 cls_loss:0.00005 rec_loss:0.05858 [10.68s]; best loss:0.00057, patience : 1
2026-07-03 06:39:53,036 P1485450 INFO pr:0.9686  rc:0.9320  auc:0.9773 ap:0.9723 f1: 0.9499 pred_right: 38618 pred_wrong:382 actu_right: 38603 actu_wrong: 397
2026-07-03 06:39:54,172 P1485450 INFO pr:0.9338  rc:0.9845  auc:0.9977 ap:0.9839 f1: 0.9585 pred_right: 16364 pred_wrong:136 actu_right: 16371 actu_wrong: 129
2026-07-03 06:39:54,173 P1485450 INFO ----------------------------------------------------------------------------------------------------
2026-07-03 06:39:54,173 P1485450 INFO 145/300 starting... lr: 0.0009000000000000001 para:0.01
2026-07-03 06:40:00,201 P1485450 INFO Epoch 145/300, all_loss:0.00061 cls_loss:0.00003 rec_loss:0.05794 [6.03s]; best loss:0.00057, patience : 1
2026-07-03 06:40:02,492 P1485450 INFO pr:0.9660  rc:0.9318  auc:0.9772 ap:0.9723 f1: 0.9486 pred_right: 38618 pred_wrong:382 actu_right: 38604 actu_wrong: 396
2026-07-03 06:40:03,456 P1485450 INFO pr:0.9338  rc:0.9845  auc:0.9977 ap:0.9840 f1: 0.9585 pred_right: 16364 pred_wrong:136 actu_right: 16371 actu_wrong: 129
2026-07-03 06:40:03,457 P1485450 INFO ----------------------------------------------------------------------------------------------------
2026-07-03 06:40:03,457 P1485450 INFO 146/300 starting... lr: 0.0009000000000000001 para:0.01
2026-07-03 06:40:09,551 P1485450 INFO Epoch 146/300, all_loss:0.00060 cls_loss:0.00004 rec_loss:0.05585 [6.09s]; best loss:0.00057, patience : 1
2026-07-03 06:40:11,912 P1485450 INFO pr:0.9711  rc:0.9320  auc:0.9769 ap:0.9725 f1: 0.9512 pred_right: 38619 pred_wrong:381 actu_right: 38603 actu_wrong: 397
2026-07-03 06:40:12,892 P1485450 INFO pr:0.9338  rc:0.9845  auc:0.9977 ap:0.9840 f1: 0.9585 pred_right: 16364 pred_wrong:136 actu_right: 16371 actu_wrong: 129
2026-07-03 06:40:12,892 P1485450 INFO ----------------------------------------------------------------------------------------------------
2026-07-03 06:40:12,892 P1485450 INFO 147/300 starting... lr: 0.0009000000000000001 para:0.01
2026-07-03 06:40:18,754 P1485450 INFO Epoch 147/300, all_loss:0.00058 cls_loss:0.00003 rec_loss:0.05550 [5.86s]; best loss:0.00057, patience : 1
2026-07-03 06:40:21,032 P1485450 INFO pr:0.9661  rc:0.9320  auc:0.9770 ap:0.9723 f1: 0.9487 pred_right: 38617 pred_wrong:383 actu_right: 38603 actu_wrong: 397
2026-07-03 06:40:22,025 P1485450 INFO pr:0.9338  rc:0.9845  auc:0.9976 ap:0.9840 f1: 0.9585 pred_right: 16364 pred_wrong:136 actu_right: 16371 actu_wrong: 129
2026-07-03 06:40:22,025 P1485450 INFO ----------------------------------------------------------------------------------------------------
2026-07-03 06:40:22,025 P1485450 INFO 148/300 starting... lr: 0.0009000000000000001 para:0.01
2026-07-03 06:40:28,049 P1485450 INFO Epoch 148/300, all_loss:0.00057 cls_loss:0.00003 rec_loss:0.05386 [6.02s]; best loss:0.00057, patience : 0
2026-07-03 06:40:30,194 P1485450 INFO pr:0.9661  rc:0.9320  auc:0.9768 ap:0.9724 f1: 0.9487 pred_right: 38617 pred_wrong:383 actu_right: 38603 actu_wrong: 397
2026-07-03 06:40:31,123 P1485450 INFO pr:0.9338  rc:0.9845  auc:0.9976 ap:0.9840 f1: 0.9585 pred_right: 16364 pred_wrong:136 actu_right: 16371 actu_wrong: 129
2026-07-03 06:40:31,124 P1485450 INFO ----------------------------------------------------------------------------------------------------
2026-07-03 06:40:31,124 P1485450 INFO 149/300 starting... lr: 0.0009000000000000001 para:0.01
2026-07-03 06:40:37,221 P1485450 INFO Epoch 149/300, all_loss:0.00056 cls_loss:0.00003 rec_loss:0.05301 [6.09s]; best loss:0.00056, patience : 0
2026-07-03 06:40:39,447 P1485450 INFO pr:0.9661  rc:0.9320  auc:0.9768 ap:0.9711 f1: 0.9487 pred_right: 38617 pred_wrong:383 actu_right: 38603 actu_wrong: 397
2026-07-03 06:40:40,586 P1485450 INFO pr:0.9338  rc:0.9845  auc:0.9976 ap:0.9840 f1: 0.9585 pred_right: 16364 pred_wrong:136 actu_right: 16371 actu_wrong: 129
2026-07-03 06:40:40,587 P1485450 INFO ----------------------------------------------------------------------------------------------------
2026-07-03 06:40:40,587 P1485450 INFO 150/300 starting... lr: 0.0009000000000000001 para:0.01
2026-07-03 06:40:47,859 P1485450 INFO Epoch 150/300, all_loss:0.08889 cls_loss:0.08920 rec_loss:0.05820 [7.27s]; best loss:0.00056, patience : 1
2026-07-03 06:40:49,516 P1485450 INFO pr:0.9842  rc:0.7879  auc:0.9481 ap:0.9442 f1: 0.8752 pred_right: 38683 pred_wrong:317 actu_right: 38604 actu_wrong: 396
2026-07-03 06:40:50,238 P1485450 INFO pr:0.9714  rc:0.7907  auc:0.9675 ap:0.9607 f1: 0.8718 pred_right: 16395 pred_wrong:105 actu_right: 16371 actu_wrong: 129
2026-07-03 06:40:50,238 P1485450 INFO ----------------------------------------------------------------------------------------------------
2026-07-03 06:40:50,238 P1485450 INFO 151/300 starting... lr: 0.0009000000000000001 para:0.01
2026-07-03 06:40:55,350 P1485450 INFO Epoch 151/300, all_loss:0.75712 cls_loss:0.76356 rec_loss:0.11924 [5.11s]; best loss:0.00056, patience : 2
2026-07-03 06:40:57,333 P1485450 INFO pr:0.9891  rc:0.9167  auc:0.9726 ap:0.9756 f1: 0.9515 pred_right: 38633 pred_wrong:367 actu_right: 38604 actu_wrong: 396
2026-07-03 06:40:58,113 P1485450 INFO pr:0.9690  rc:0.9690  auc:0.9978 ap:0.9833 f1: 0.9690 pred_right: 16371 pred_wrong:129 actu_right: 16371 actu_wrong: 129
2026-07-03 06:40:58,113 P1485450 INFO ----------------------------------------------------------------------------------------------------
2026-07-03 06:40:58,113 P1485450 INFO 152/300 starting... lr: 0.0009000000000000001 para:0.01
2026-07-03 06:41:08,594 P1485450 INFO Epoch 152/300, all_loss:7.11629 cls_loss:7.18684 rec_loss:0.13159 [10.48s]; best loss:0.00056, patience : 3
2026-07-03 06:41:11,817 P1485450 INFO pr:0.9837  rc:0.9116  auc:0.9711 ap:0.9728 f1: 0.9463 pred_right: 38633 pred_wrong:367 actu_right: 38604 actu_wrong: 396
2026-07-03 06:41:12,957 P1485450 INFO pr:0.9542  rc:0.9690  auc:0.9939 ap:0.9797 f1: 0.9615 pred_right: 16369 pred_wrong:131 actu_right: 16371 actu_wrong: 129
2026-07-03 06:41:12,958 P1485450 INFO ----------------------------------------------------------------------------------------------------
2026-07-03 06:41:12,958 P1485450 INFO 153/300 starting... lr: 0.0009000000000000001 para:0.01
2026-07-03 06:41:19,373 P1485450 INFO Epoch 153/300, all_loss:0.13859 cls_loss:0.13881 rec_loss:0.11703 [6.41s]; best loss:0.00056, patience : 3
2026-07-03 06:41:21,546 P1485450 INFO pr:0.9712  rc:0.9369  auc:0.9769 ap:0.9759 f1: 0.9537 pred_right: 38618 pred_wrong:382 actu_right: 38604 actu_wrong: 396
2026-07-03 06:41:22,461 P1485450 INFO pr:0.9328  rc:0.9690  auc:0.9979 ap:0.9828 f1: 0.9506 pred_right: 16366 pred_wrong:134 actu_right: 16371 actu_wrong: 129
2026-07-03 06:41:22,462 P1485450 INFO ----------------------------------------------------------------------------------------------------
2026-07-03 06:41:22,462 P1485450 INFO 154/300 starting... lr: 0.0009000000000000001 para:0.01
2026-07-03 06:41:28,630 P1485450 INFO Epoch 154/300, all_loss:0.01236 cls_loss:0.01148 rec_loss:0.09929 [6.17s]; best loss:0.00056, patience : 3
2026-07-03 06:41:30,851 P1485450 INFO pr:0.9761  rc:0.9270  auc:0.9803 ap:0.9751 f1: 0.9509 pred_right: 38623 pred_wrong:377 actu_right: 38603 actu_wrong: 397
2026-07-03 06:41:31,802 P1485450 INFO pr:0.9474  rc:0.9767  auc:0.9977 ap:0.9837 f1: 0.9618 pred_right: 16367 pred_wrong:133 actu_right: 16371 actu_wrong: 129
2026-07-03 06:41:31,802 P1485450 INFO ----------------------------------------------------------------------------------------------------
2026-07-03 06:41:31,802 P1485450 INFO 155/300 starting... lr: 0.0009000000000000001 para:0.01
2026-07-03 06:41:37,954 P1485450 INFO Epoch 155/300, all_loss:0.02665 cls_loss:0.02593 rec_loss:0.09831 [6.15s]; best loss:0.00056, patience : 4
2026-07-03 06:41:39,923 P1485450 INFO pr:0.9889  rc:0.8992  auc:0.9703 ap:0.9737 f1: 0.9420 pred_right: 38639 pred_wrong:361 actu_right: 38603 actu_wrong: 397
2026-07-03 06:41:40,736 P1485450 INFO pr:0.9535  rc:0.9535  auc:0.9887 ap:0.9722 f1: 0.9535 pred_right: 16371 pred_wrong:129 actu_right: 16371 actu_wrong: 129
2026-07-03 06:41:40,736 P1485450 INFO ----------------------------------------------------------------------------------------------------
2026-07-03 06:41:40,736 P1485450 INFO 156/300 starting... lr: 0.0009000000000000001 para:0.01
2026-07-03 06:41:46,626 P1485450 INFO Epoch 156/300, all_loss:0.00176 cls_loss:0.00075 rec_loss:0.10210 [5.89s]; best loss:0.00056, patience : 4
2026-07-03 06:41:48,975 P1485450 INFO pr:0.9840  rc:0.9270  auc:0.9739 ap:0.9750 f1: 0.9546 pred_right: 38626 pred_wrong:374 actu_right: 38603 actu_wrong: 397
2026-07-03 06:41:49,846 P1485450 INFO pr:0.9542  rc:0.9690  auc:0.9958 ap:0.9816 f1: 0.9615 pred_right: 16369 pred_wrong:131 actu_right: 16371 actu_wrong: 129
2026-07-03 06:41:49,847 P1485450 INFO ----------------------------------------------------------------------------------------------------
2026-07-03 06:41:49,847 P1485450 INFO 157/300 starting... lr: 0.0009000000000000001 para:0.01
2026-07-03 06:41:55,917 P1485450 INFO Epoch 157/300, all_loss:0.00116 cls_loss:0.00020 rec_loss:0.09625 [6.07s]; best loss:0.00056, patience : 4
2026-07-03 06:41:58,279 P1485450 INFO pr:0.9840  rc:0.9270  auc:0.9738 ap:0.9750 f1: 0.9546 pred_right: 38626 pred_wrong:374 actu_right: 38603 actu_wrong: 397
2026-07-03 06:41:59,284 P1485450 INFO pr:0.9474  rc:0.9767  auc:0.9958 ap:0.9780 f1: 0.9618 pred_right: 16367 pred_wrong:133 actu_right: 16371 actu_wrong: 129
2026-07-03 06:41:59,284 P1485450 INFO ----------------------------------------------------------------------------------------------------
2026-07-03 06:41:59,284 P1485450 INFO 158/300 starting... lr: 0.0009000000000000001 para:0.01
2026-07-03 06:42:05,490 P1485450 INFO Epoch 158/300, all_loss:0.00109 cls_loss:0.00017 rec_loss:0.09228 [6.21s]; best loss:0.00056, patience : 4
2026-07-03 06:42:07,937 P1485450 INFO pr:0.9840  rc:0.9270  auc:0.9737 ap:0.9750 f1: 0.9546 pred_right: 38626 pred_wrong:374 actu_right: 38603 actu_wrong: 397
2026-07-03 06:42:08,921 P1485450 INFO pr:0.9474  rc:0.9767  auc:0.9957 ap:0.9779 f1: 0.9618 pred_right: 16367 pred_wrong:133 actu_right: 16371 actu_wrong: 129
2026-07-03 06:42:08,922 P1485450 INFO ----------------------------------------------------------------------------------------------------
2026-07-03 06:42:08,922 P1485450 INFO 159/300 starting... lr: 0.0009000000000000001 para:0.01
2026-07-03 06:42:14,636 P1485450 INFO Epoch 159/300, all_loss:0.00103 cls_loss:0.00015 rec_loss:0.08812 [5.71s]; best loss:0.00056, patience : 4
2026-07-03 06:42:16,305 P1485450 INFO pr:0.9839  rc:0.9268  auc:0.9734 ap:0.9750 f1: 0.9545 pred_right: 38627 pred_wrong:373 actu_right: 38604 actu_wrong: 396
2026-07-03 06:42:17,053 P1485450 INFO pr:0.9474  rc:0.9767  auc:0.9957 ap:0.9816 f1: 0.9618 pred_right: 16367 pred_wrong:133 actu_right: 16371 actu_wrong: 129
2026-07-03 06:42:17,054 P1485450 INFO ----------------------------------------------------------------------------------------------------
2026-07-03 06:42:17,054 P1485450 INFO 160/300 starting... lr: 0.0009000000000000001 para:0.01
2026-07-03 06:42:22,563 P1485450 INFO Epoch 160/300, all_loss:0.00095 cls_loss:0.00010 rec_loss:0.08523 [5.51s]; best loss:0.00056, patience : 4
2026-07-03 06:42:26,321 P1485450 INFO pr:0.9813  rc:0.9270  auc:0.9735 ap:0.9750 f1: 0.9534 pred_right: 38625 pred_wrong:375 actu_right: 38603 actu_wrong: 397
2026-07-03 06:42:28,335 P1485450 INFO pr:0.9474  rc:0.9767  auc:0.9957 ap:0.9780 f1: 0.9618 pred_right: 16367 pred_wrong:133 actu_right: 16371 actu_wrong: 129
2026-07-03 06:42:28,336 P1485450 INFO ----------------------------------------------------------------------------------------------------
2026-07-03 06:42:28,337 P1485450 INFO 161/300 starting... lr: 0.0009000000000000001 para:0.01
2026-07-03 06:42:37,943 P1485450 INFO Epoch 161/300, all_loss:0.00091 cls_loss:0.00010 rec_loss:0.08119 [9.61s]; best loss:0.00056, patience : 4
2026-07-03 06:42:40,136 P1485450 INFO pr:0.9813  rc:0.9270  auc:0.9731 ap:0.9750 f1: 0.9534 pred_right: 38625 pred_wrong:375 actu_right: 38603 actu_wrong: 397
2026-07-03 06:42:41,094 P1485450 INFO pr:0.9474  rc:0.9767  auc:0.9957 ap:0.9815 f1: 0.9618 pred_right: 16367 pred_wrong:133 actu_right: 16371 actu_wrong: 129
2026-07-03 06:42:41,094 P1485450 INFO ----------------------------------------------------------------------------------------------------
2026-07-03 06:42:41,094 P1485450 INFO 162/300 starting... lr: 0.0009000000000000001 para:0.01
2026-07-03 06:42:47,318 P1485450 INFO Epoch 162/300, all_loss:0.00087 cls_loss:0.00009 rec_loss:0.07792 [6.22s]; best loss:0.00056, patience : 4
2026-07-03 06:42:49,451 P1485450 INFO pr:0.9866  rc:0.9295  auc:0.9728 ap:0.9751 f1: 0.9572 pred_right: 38626 pred_wrong:374 actu_right: 38603 actu_wrong: 397
2026-07-03 06:42:50,358 P1485450 INFO pr:0.9545  rc:0.9767  auc:0.9957 ap:0.9815 f1: 0.9655 pred_right: 16368 pred_wrong:132 actu_right: 16371 actu_wrong: 129
2026-07-03 06:42:50,362 P1485450 INFO ----------------------------------------------------------------------------------------------------
2026-07-03 06:42:50,366 P1485450 INFO 163/300 starting... lr: 0.0009000000000000001 para:0.01
2026-07-03 06:42:56,349 P1485450 INFO Epoch 163/300, all_loss:0.00084 cls_loss:0.00007 rec_loss:0.07654 [5.98s]; best loss:0.00056, patience : 4
2026-07-03 06:42:58,586 P1485450 INFO pr:0.9814  rc:0.9295  auc:0.9728 ap:0.9750 f1: 0.9547 pred_right: 38624 pred_wrong:376 actu_right: 38603 actu_wrong: 397
2026-07-03 06:42:59,512 P1485450 INFO pr:0.9474  rc:0.9767  auc:0.9956 ap:0.9815 f1: 0.9618 pred_right: 16367 pred_wrong:133 actu_right: 16371 actu_wrong: 129
2026-07-03 06:42:59,513 P1485450 INFO ----------------------------------------------------------------------------------------------------
2026-07-03 06:42:59,513 P1485450 INFO 164/300 starting... lr: 0.0009000000000000001 para:0.01
2026-07-03 06:43:05,687 P1485450 INFO Epoch 164/300, all_loss:0.00080 cls_loss:0.00007 rec_loss:0.07329 [6.17s]; best loss:0.00056, patience : 4
2026-07-03 06:43:07,998 P1485450 INFO pr:0.9840  rc:0.9295  auc:0.9726 ap:0.9751 f1: 0.9560 pred_right: 38625 pred_wrong:375 actu_right: 38603 actu_wrong: 397
2026-07-03 06:43:08,867 P1485450 INFO pr:0.9545  rc:0.9767  auc:0.9956 ap:0.9814 f1: 0.9655 pred_right: 16368 pred_wrong:132 actu_right: 16371 actu_wrong: 129
2026-07-03 06:43:08,868 P1485450 INFO ----------------------------------------------------------------------------------------------------
2026-07-03 06:43:08,868 P1485450 INFO 165/300 starting... lr: 0.0009000000000000001 para:0.01
2026-07-03 06:43:14,790 P1485450 INFO Epoch 165/300, all_loss:0.00077 cls_loss:0.00007 rec_loss:0.07088 [5.92s]; best loss:0.00056, patience : 4
2026-07-03 06:43:16,885 P1485450 INFO pr:0.9840  rc:0.9293  auc:0.9712 ap:0.9749 f1: 0.9558 pred_right: 38626 pred_wrong:374 actu_right: 38604 actu_wrong: 396
2026-07-03 06:43:17,918 P1485450 INFO pr:0.9545  rc:0.9767  auc:0.9955 ap:0.9815 f1: 0.9655 pred_right: 16368 pred_wrong:132 actu_right: 16371 actu_wrong: 129
2026-07-03 06:43:17,918 P1485450 INFO ----------------------------------------------------------------------------------------------------
2026-07-03 06:43:17,918 P1485450 INFO 166/300 starting... lr: 0.0009000000000000001 para:0.01
2026-07-03 06:43:24,028 P1485450 INFO Epoch 166/300, all_loss:0.00075 cls_loss:0.00006 rec_loss:0.06916 [6.11s]; best loss:0.00056, patience : 4
2026-07-03 06:43:26,139 P1485450 INFO pr:0.9814  rc:0.9295  auc:0.9721 ap:0.9750 f1: 0.9547 pred_right: 38624 pred_wrong:376 actu_right: 38603 actu_wrong: 397
2026-07-03 06:43:26,983 P1485450 INFO pr:0.9474  rc:0.9767  auc:0.9955 ap:0.9817 f1: 0.9618 pred_right: 16367 pred_wrong:133 actu_right: 16371 actu_wrong: 129
2026-07-03 06:43:26,984 P1485450 INFO ----------------------------------------------------------------------------------------------------
2026-07-03 06:43:26,984 P1485450 INFO 167/300 starting... lr: 0.0009000000000000001 para:0.01
2026-07-03 06:43:33,857 P1485450 INFO Epoch 167/300, all_loss:0.00074 cls_loss:0.00007 rec_loss:0.06696 [6.87s]; best loss:0.00056, patience : 4
2026-07-03 06:43:35,876 P1485450 INFO pr:0.9866  rc:0.9295  auc:0.9712 ap:0.9751 f1: 0.9572 pred_right: 38626 pred_wrong:374 actu_right: 38603 actu_wrong: 397
2026-07-03 06:43:36,581 P1485450 INFO pr:0.9545  rc:0.9767  auc:0.9955 ap:0.9816 f1: 0.9655 pred_right: 16368 pred_wrong:132 actu_right: 16371 actu_wrong: 129
2026-07-03 06:43:36,585 P1485450 INFO ----------------------------------------------------------------------------------------------------
2026-07-03 06:43:36,585 P1485450 INFO 168/300 starting... lr: 0.0009000000000000001 para:0.01
2026-07-03 06:43:41,408 P1485450 INFO Epoch 168/300, all_loss:0.00070 cls_loss:0.00005 rec_loss:0.06524 [4.82s]; best loss:0.00056, patience : 4
2026-07-03 06:43:43,411 P1485450 INFO pr:0.9866  rc:0.9295  auc:0.9711 ap:0.9751 f1: 0.9572 pred_right: 38626 pred_wrong:374 actu_right: 38603 actu_wrong: 397
2026-07-03 06:43:44,259 P1485450 INFO pr:0.9545  rc:0.9767  auc:0.9954 ap:0.9816 f1: 0.9655 pred_right: 16368 pred_wrong:132 actu_right: 16371 actu_wrong: 129
2026-07-03 06:43:44,264 P1485450 INFO ----------------------------------------------------------------------------------------------------
2026-07-03 06:43:44,264 P1485450 INFO 169/300 starting... lr: 0.0009000000000000001 para:0.01
2026-07-03 06:43:53,851 P1485450 INFO Epoch 169/300, all_loss:0.00068 cls_loss:0.00005 rec_loss:0.06316 [9.59s]; best loss:0.00056, patience : 4
2026-07-03 06:43:57,526 P1485450 INFO pr:0.9840  rc:0.9295  auc:0.9711 ap:0.9750 f1: 0.9560 pred_right: 38625 pred_wrong:375 actu_right: 38603 actu_wrong: 397
2026-07-03 06:43:58,816 P1485450 INFO pr:0.9545  rc:0.9767  auc:0.9953 ap:0.9817 f1: 0.9655 pred_right: 16368 pred_wrong:132 actu_right: 16371 actu_wrong: 129
2026-07-03 06:43:58,817 P1485450 INFO ----------------------------------------------------------------------------------------------------
2026-07-03 06:43:58,817 P1485450 INFO 170/300 starting... lr: 0.0009000000000000001 para:0.01
2026-07-03 06:44:05,102 P1485450 INFO Epoch 170/300, all_loss:0.00066 cls_loss:0.00004 rec_loss:0.06163 [6.28s]; best loss:0.00056, patience : 4
2026-07-03 06:44:07,283 P1485450 INFO pr:0.9840  rc:0.9295  auc:0.9711 ap:0.9750 f1: 0.9560 pred_right: 38625 pred_wrong:375 actu_right: 38603 actu_wrong: 397
2026-07-03 06:44:08,176 P1485450 INFO pr:0.9545  rc:0.9767  auc:0.9951 ap:0.9818 f1: 0.9655 pred_right: 16368 pred_wrong:132 actu_right: 16371 actu_wrong: 129
2026-07-03 06:44:08,177 P1485450 INFO ----------------------------------------------------------------------------------------------------
2026-07-03 06:44:08,177 P1485450 INFO 171/300 starting... lr: 0.0009000000000000001 para:0.01
2026-07-03 06:44:14,379 P1485450 INFO Epoch 171/300, all_loss:0.00064 cls_loss:0.00005 rec_loss:0.05929 [6.20s]; best loss:0.00056, patience : 4
2026-07-03 06:44:16,733 P1485450 INFO pr:0.9840  rc:0.9295  auc:0.9710 ap:0.9750 f1: 0.9560 pred_right: 38625 pred_wrong:375 actu_right: 38603 actu_wrong: 397
2026-07-03 06:44:17,740 P1485450 INFO pr:0.9545  rc:0.9767  auc:0.9948 ap:0.9817 f1: 0.9655 pred_right: 16368 pred_wrong:132 actu_right: 16371 actu_wrong: 129
2026-07-03 06:44:17,741 P1485450 INFO ----------------------------------------------------------------------------------------------------
2026-07-03 06:44:17,741 P1485450 INFO 172/300 starting... lr: 0.0009000000000000001 para:0.01
2026-07-03 06:44:23,738 P1485450 INFO Epoch 172/300, all_loss:0.00062 cls_loss:0.00004 rec_loss:0.05794 [6.00s]; best loss:0.00056, patience : 4
2026-07-03 06:44:25,947 P1485450 INFO pr:0.9840  rc:0.9295  auc:0.9708 ap:0.9750 f1: 0.9560 pred_right: 38625 pred_wrong:375 actu_right: 38603 actu_wrong: 397
2026-07-03 06:44:26,897 P1485450 INFO pr:0.9545  rc:0.9767  auc:0.9945 ap:0.9817 f1: 0.9655 pred_right: 16368 pred_wrong:132 actu_right: 16371 actu_wrong: 129
2026-07-03 06:44:26,898 P1485450 INFO ----------------------------------------------------------------------------------------------------
2026-07-03 06:44:26,898 P1485450 INFO 173/300 starting... lr: 0.0009000000000000001 para:0.01
2026-07-03 06:44:32,923 P1485450 INFO Epoch 173/300, all_loss:0.00060 cls_loss:0.00004 rec_loss:0.05661 [6.03s]; best loss:0.00056, patience : 4
2026-07-03 06:44:35,096 P1485450 INFO pr:0.9840  rc:0.9293  auc:0.9710 ap:0.9750 f1: 0.9558 pred_right: 38626 pred_wrong:374 actu_right: 38604 actu_wrong: 396
2026-07-03 06:44:35,937 P1485450 INFO pr:0.9545  rc:0.9767  auc:0.9943 ap:0.9818 f1: 0.9655 pred_right: 16368 pred_wrong:132 actu_right: 16371 actu_wrong: 129
2026-07-03 06:44:35,937 P1485450 INFO ----------------------------------------------------------------------------------------------------
2026-07-03 06:44:35,937 P1485450 INFO 174/300 starting... lr: 0.0009000000000000001 para:0.01
2026-07-03 06:44:42,144 P1485450 INFO Epoch 174/300, all_loss:0.00059 cls_loss:0.00004 rec_loss:0.05584 [6.21s]; best loss:0.00056, patience : 4
2026-07-03 06:44:44,264 P1485450 INFO pr:0.9840  rc:0.9295  auc:0.9707 ap:0.9750 f1: 0.9560 pred_right: 38625 pred_wrong:375 actu_right: 38603 actu_wrong: 397
2026-07-03 06:44:45,120 P1485450 INFO pr:0.9545  rc:0.9767  auc:0.9940 ap:0.9818 f1: 0.9655 pred_right: 16368 pred_wrong:132 actu_right: 16371 actu_wrong: 129
2026-07-03 06:44:45,120 P1485450 INFO ----------------------------------------------------------------------------------------------------
2026-07-03 06:44:45,120 P1485450 INFO 175/300 starting... lr: 0.0009000000000000001 para:0.01
2026-07-03 06:44:51,005 P1485450 INFO Epoch 175/300, all_loss:0.00058 cls_loss:0.00004 rec_loss:0.05395 [5.88s]; best loss:0.00056, patience : 4
2026-07-03 06:44:53,031 P1485450 INFO pr:0.9840  rc:0.9295  auc:0.9705 ap:0.9751 f1: 0.9560 pred_right: 38625 pred_wrong:375 actu_right: 38603 actu_wrong: 397
2026-07-03 06:44:53,928 P1485450 INFO pr:0.9545  rc:0.9767  auc:0.9938 ap:0.9819 f1: 0.9655 pred_right: 16368 pred_wrong:132 actu_right: 16371 actu_wrong: 129
2026-07-03 06:44:53,929 P1485450 INFO ----------------------------------------------------------------------------------------------------
2026-07-03 06:44:53,929 P1485450 INFO 176/300 starting... lr: 0.0009000000000000001 para:0.01
2026-07-03 06:45:00,800 P1485450 INFO Epoch 176/300, all_loss:0.00055 cls_loss:0.00003 rec_loss:0.05272 [6.87s]; best loss:0.00055, patience : 0
2026-07-03 06:45:02,366 P1485450 INFO pr:0.9840  rc:0.9293  auc:0.9704 ap:0.9749 f1: 0.9558 pred_right: 38626 pred_wrong:374 actu_right: 38604 actu_wrong: 396
2026-07-03 06:45:03,035 P1485450 INFO pr:0.9545  rc:0.9767  auc:0.9936 ap:0.9818 f1: 0.9655 pred_right: 16368 pred_wrong:132 actu_right: 16371 actu_wrong: 129
2026-07-03 06:45:03,035 P1485450 INFO ----------------------------------------------------------------------------------------------------
2026-07-03 06:45:03,035 P1485450 INFO 177/300 starting... lr: 0.0009000000000000001 para:0.01
2026-07-03 06:45:08,122 P1485450 INFO Epoch 177/300, all_loss:0.00054 cls_loss:0.00003 rec_loss:0.05137 [5.08s]; best loss:0.00054, patience : 0
2026-07-03 06:45:10,106 P1485450 INFO pr:0.9840  rc:0.9295  auc:0.9711 ap:0.9749 f1: 0.9560 pred_right: 38625 pred_wrong:375 actu_right: 38603 actu_wrong: 397
2026-07-03 06:45:10,917 P1485450 INFO pr:0.9545  rc:0.9767  auc:0.9935 ap:0.9819 f1: 0.9655 pred_right: 16368 pred_wrong:132 actu_right: 16371 actu_wrong: 129
2026-07-03 06:45:10,917 P1485450 INFO ----------------------------------------------------------------------------------------------------
2026-07-03 06:45:10,917 P1485450 INFO 178/300 starting... lr: 0.0009000000000000001 para:0.01
2026-07-03 06:45:23,266 P1485450 INFO Epoch 178/300, all_loss:0.00053 cls_loss:0.00003 rec_loss:0.04992 [12.34s]; best loss:0.00053, patience : 0
2026-07-03 06:45:25,875 P1485450 INFO pr:0.9840  rc:0.9295  auc:0.9709 ap:0.9750 f1: 0.9560 pred_right: 38625 pred_wrong:375 actu_right: 38603 actu_wrong: 397
2026-07-03 06:45:26,868 P1485450 INFO pr:0.9542  rc:0.9690  auc:0.9934 ap:0.9818 f1: 0.9615 pred_right: 16369 pred_wrong:131 actu_right: 16371 actu_wrong: 129
2026-07-03 06:45:26,869 P1485450 INFO ----------------------------------------------------------------------------------------------------
2026-07-03 06:45:26,869 P1485450 INFO 179/300 starting... lr: 0.0009000000000000001 para:0.01
2026-07-03 06:45:33,039 P1485450 INFO Epoch 179/300, all_loss:0.00051 cls_loss:0.00002 rec_loss:0.04898 [6.17s]; best loss:0.00051, patience : 0
2026-07-03 06:45:35,124 P1485450 INFO pr:0.9840  rc:0.9293  auc:0.9701 ap:0.9749 f1: 0.9558 pred_right: 38626 pred_wrong:374 actu_right: 38604 actu_wrong: 396
2026-07-03 06:45:35,958 P1485450 INFO pr:0.9542  rc:0.9690  auc:0.9934 ap:0.9818 f1: 0.9615 pred_right: 16369 pred_wrong:131 actu_right: 16371 actu_wrong: 129
2026-07-03 06:45:35,959 P1485450 INFO ----------------------------------------------------------------------------------------------------
2026-07-03 06:45:35,959 P1485450 INFO 180/300 starting... lr: 0.0009000000000000001 para:0.01
2026-07-03 06:45:42,026 P1485450 INFO Epoch 180/300, all_loss:0.00050 cls_loss:0.00002 rec_loss:0.04786 [6.06s]; best loss:0.00050, patience : 0
2026-07-03 06:45:44,036 P1485450 INFO pr:0.9866  rc:0.9295  auc:0.9701 ap:0.9750 f1: 0.9572 pred_right: 38626 pred_wrong:374 actu_right: 38603 actu_wrong: 397
2026-07-03 06:45:44,933 P1485450 INFO pr:0.9542  rc:0.9690  auc:0.9933 ap:0.9817 f1: 0.9615 pred_right: 16369 pred_wrong:131 actu_right: 16371 actu_wrong: 129
2026-07-03 06:45:44,937 P1485450 INFO ----------------------------------------------------------------------------------------------------
2026-07-03 06:45:44,937 P1485450 INFO 181/300 starting... lr: 0.0009000000000000001 para:0.01
2026-07-03 06:45:50,986 P1485450 INFO Epoch 181/300, all_loss:0.00049 cls_loss:0.00002 rec_loss:0.04664 [6.04s]; best loss:0.00049, patience : 0
2026-07-03 06:45:53,189 P1485450 INFO pr:0.9840  rc:0.9293  auc:0.9706 ap:0.9749 f1: 0.9558 pred_right: 38626 pred_wrong:374 actu_right: 38604 actu_wrong: 396
2026-07-03 06:45:54,140 P1485450 INFO pr:0.9542  rc:0.9690  auc:0.9933 ap:0.9817 f1: 0.9615 pred_right: 16369 pred_wrong:131 actu_right: 16371 actu_wrong: 129
2026-07-03 06:45:54,141 P1485450 INFO ----------------------------------------------------------------------------------------------------
2026-07-03 06:45:54,141 P1485450 INFO 182/300 starting... lr: 0.0009000000000000001 para:0.01
2026-07-03 06:45:59,968 P1485450 INFO Epoch 182/300, all_loss:0.00821 cls_loss:0.00780 rec_loss:0.04829 [5.83s]; best loss:0.00049, patience : 1
2026-07-03 06:46:02,269 P1485450 INFO pr:0.9851  rc:0.8338  auc:0.9608 ap:0.9602 f1: 0.9031 pred_right: 38664 pred_wrong:336 actu_right: 38603 actu_wrong: 397
2026-07-03 06:46:03,160 P1485450 INFO pr:0.9167  rc:0.8527  auc:0.9826 ap:0.9516 f1: 0.8835 pred_right: 16380 pred_wrong:120 actu_right: 16371 actu_wrong: 129
2026-07-03 06:46:03,160 P1485450 INFO ----------------------------------------------------------------------------------------------------
2026-07-03 06:46:03,160 P1485450 INFO 183/300 starting... lr: 0.0009000000000000001 para:0.01
2026-07-03 06:46:09,085 P1485450 INFO Epoch 183/300, all_loss:0.22597 cls_loss:0.22741 rec_loss:0.08332 [5.92s]; best loss:0.00049, patience : 2
2026-07-03 06:46:11,352 P1485450 INFO pr:0.9340  rc:0.9270  auc:0.9828 ap:0.9694 f1: 0.9305 pred_right: 38606 pred_wrong:394 actu_right: 38603 actu_wrong: 397
2026-07-03 06:46:12,353 P1485450 INFO pr:0.9000  rc:0.9767  auc:0.9975 ap:0.9719 f1: 0.9368 pred_right: 16360 pred_wrong:140 actu_right: 16371 actu_wrong: 129
2026-07-03 06:46:12,353 P1485450 INFO ----------------------------------------------------------------------------------------------------
2026-07-03 06:46:12,353 P1485450 INFO 184/300 starting... lr: 0.0009000000000000001 para:0.01
2026-07-03 06:46:18,363 P1485450 INFO Epoch 184/300, all_loss:0.07306 cls_loss:0.07272 rec_loss:0.10695 [6.01s]; best loss:0.00049, patience : 2
2026-07-03 06:46:20,478 P1485450 INFO pr:0.9607  rc:0.9291  auc:0.9802 ap:0.9732 f1: 0.9447 pred_right: 38618 pred_wrong:382 actu_right: 38605 actu_wrong: 395
2026-07-03 06:46:21,773 P1485450 INFO pr:0.9270  rc:0.9845  auc:0.9956 ap:0.9769 f1: 0.9549 pred_right: 16363 pred_wrong:137 actu_right: 16371 actu_wrong: 129
2026-07-03 06:46:21,773 P1485450 INFO ----------------------------------------------------------------------------------------------------
2026-07-03 06:46:21,774 P1485450 INFO 185/300 starting... lr: 0.0009000000000000001 para:0.01
2026-07-03 06:46:27,458 P1485450 INFO Epoch 185/300, all_loss:0.03699 cls_loss:0.03610 rec_loss:0.12492 [5.68s]; best loss:0.00049, patience : 2
2026-07-03 06:46:29,194 P1485450 INFO pr:0.9686  rc:0.9343  auc:0.9770 ap:0.9751 f1: 0.9512 pred_right: 38618 pred_wrong:382 actu_right: 38604 actu_wrong: 396
2026-07-03 06:46:29,997 P1485450 INFO pr:0.9338  rc:0.9845  auc:0.9971 ap:0.9831 f1: 0.9585 pred_right: 16364 pred_wrong:136 actu_right: 16371 actu_wrong: 129
2026-07-03 06:46:29,998 P1485450 INFO ----------------------------------------------------------------------------------------------------
2026-07-03 06:46:29,998 P1485450 INFO 186/300 starting... lr: 0.0009000000000000001 para:0.01
2026-07-03 06:46:35,478 P1485450 INFO Epoch 186/300, all_loss:0.00146 cls_loss:0.00047 rec_loss:0.09981 [5.48s]; best loss:0.00049, patience : 2
2026-07-03 06:46:38,823 P1485450 INFO pr:0.9710  rc:0.9270  auc:0.9747 ap:0.9747 f1: 0.9485 pred_right: 38621 pred_wrong:379 actu_right: 38603 actu_wrong: 397
2026-07-03 06:46:40,530 P1485450 INFO pr:0.9549  rc:0.9845  auc:0.9942 ap:0.9825 f1: 0.9695 pred_right: 16367 pred_wrong:133 actu_right: 16371 actu_wrong: 129
2026-07-03 06:46:40,531 P1485450 INFO ----------------------------------------------------------------------------------------------------
2026-07-03 06:46:40,531 P1485450 INFO 187/300 starting... lr: 0.0009000000000000001 para:0.01
2026-07-03 06:46:50,505 P1485450 INFO Epoch 187/300, all_loss:0.00099 cls_loss:0.00010 rec_loss:0.08936 [9.97s]; best loss:0.00049, patience : 2
2026-07-03 06:46:52,911 P1485450 INFO pr:0.9812  rc:0.9266  auc:0.9748 ap:0.9747 f1: 0.9531 pred_right: 38627 pred_wrong:373 actu_right: 38605 actu_wrong: 395
2026-07-03 06:46:53,934 P1485450 INFO pr:0.9549  rc:0.9845  auc:0.9941 ap:0.9825 f1: 0.9695 pred_right: 16367 pred_wrong:133 actu_right: 16371 actu_wrong: 129
2026-07-03 06:46:53,935 P1485450 INFO ----------------------------------------------------------------------------------------------------
2026-07-03 06:46:53,935 P1485450 INFO 188/300 starting... lr: 0.0009000000000000001 para:0.01
2026-07-03 06:47:00,082 P1485450 INFO Epoch 188/300, all_loss:0.00090 cls_loss:0.00009 rec_loss:0.08145 [6.15s]; best loss:0.00049, patience : 2
2026-07-03 06:47:02,532 P1485450 INFO pr:0.9814  rc:0.9295  auc:0.9758 ap:0.9750 f1: 0.9547 pred_right: 38624 pred_wrong:376 actu_right: 38603 actu_wrong: 397
2026-07-03 06:47:03,573 P1485450 INFO pr:0.9549  rc:0.9845  auc:0.9941 ap:0.9826 f1: 0.9695 pred_right: 16367 pred_wrong:133 actu_right: 16371 actu_wrong: 129
2026-07-03 06:47:03,574 P1485450 INFO ----------------------------------------------------------------------------------------------------
2026-07-03 06:47:03,574 P1485450 INFO 189/300 starting... lr: 0.0009000000000000001 para:0.01
2026-07-03 06:47:09,675 P1485450 INFO Epoch 189/300, all_loss:0.00083 cls_loss:0.00007 rec_loss:0.07541 [6.10s]; best loss:0.00049, patience : 2
2026-07-03 06:47:11,893 P1485450 INFO pr:0.9814  rc:0.9295  auc:0.9759 ap:0.9754 f1: 0.9547 pred_right: 38624 pred_wrong:376 actu_right: 38603 actu_wrong: 397
2026-07-03 06:47:12,745 P1485450 INFO pr:0.9549  rc:0.9845  auc:0.9941 ap:0.9826 f1: 0.9695 pred_right: 16367 pred_wrong:133 actu_right: 16371 actu_wrong: 129
2026-07-03 06:47:12,745 P1485450 INFO ----------------------------------------------------------------------------------------------------
2026-07-03 06:47:12,745 P1485450 INFO 190/300 starting... lr: 0.0009000000000000001 para:0.01
2026-07-03 06:47:18,877 P1485450 INFO Epoch 190/300, all_loss:0.00077 cls_loss:0.00006 rec_loss:0.07085 [6.13s]; best loss:0.00049, patience : 2
2026-07-03 06:47:21,262 P1485450 INFO pr:0.9814  rc:0.9295  auc:0.9759 ap:0.9757 f1: 0.9547 pred_right: 38624 pred_wrong:376 actu_right: 38603 actu_wrong: 397
2026-07-03 06:47:22,324 P1485450 INFO pr:0.9549  rc:0.9845  auc:0.9940 ap:0.9827 f1: 0.9695 pred_right: 16367 pred_wrong:133 actu_right: 16371 actu_wrong: 129
2026-07-03 06:47:22,325 P1485450 INFO ----------------------------------------------------------------------------------------------------
2026-07-03 06:47:22,325 P1485450 INFO 191/300 starting... lr: 0.0009000000000000001 para:0.01
2026-07-03 06:47:28,375 P1485450 INFO Epoch 191/300, all_loss:0.00073 cls_loss:0.00006 rec_loss:0.06703 [6.05s]; best loss:0.00049, patience : 2
2026-07-03 06:47:30,668 P1485450 INFO pr:0.9814  rc:0.9295  auc:0.9759 ap:0.9760 f1: 0.9547 pred_right: 38624 pred_wrong:376 actu_right: 38603 actu_wrong: 397
2026-07-03 06:47:31,563 P1485450 INFO pr:0.9549  rc:0.9845  auc:0.9939 ap:0.9827 f1: 0.9695 pred_right: 16367 pred_wrong:133 actu_right: 16371 actu_wrong: 129
2026-07-03 06:47:31,564 P1485450 INFO ----------------------------------------------------------------------------------------------------
2026-07-03 06:47:31,564 P1485450 INFO 192/300 starting... lr: 0.0009000000000000001 para:0.01
2026-07-03 06:47:37,492 P1485450 INFO Epoch 192/300, all_loss:0.00069 cls_loss:0.00005 rec_loss:0.06364 [5.93s]; best loss:0.00049, patience : 2
2026-07-03 06:47:39,632 P1485450 INFO pr:0.9813  rc:0.9293  auc:0.9758 ap:0.9760 f1: 0.9546 pred_right: 38625 pred_wrong:375 actu_right: 38604 actu_wrong: 396
2026-07-03 06:47:40,512 P1485450 INFO pr:0.9549  rc:0.9845  auc:0.9939 ap:0.9827 f1: 0.9695 pred_right: 16367 pred_wrong:133 actu_right: 16371 actu_wrong: 129
2026-07-03 06:47:40,513 P1485450 INFO ----------------------------------------------------------------------------------------------------
2026-07-03 06:47:40,513 P1485450 INFO 193/300 starting... lr: 0.0009000000000000001 para:0.01
2026-07-03 06:47:46,492 P1485450 INFO Epoch 193/300, all_loss:0.00066 cls_loss:0.00004 rec_loss:0.06151 [5.98s]; best loss:0.00049, patience : 2
2026-07-03 06:47:49,363 P1485450 INFO pr:0.9814  rc:0.9318  auc:0.9763 ap:0.9761 f1: 0.9560 pred_right: 38624 pred_wrong:376 actu_right: 38604 actu_wrong: 396
2026-07-03 06:47:50,058 P1485450 INFO pr:0.9549  rc:0.9845  auc:0.9937 ap:0.9827 f1: 0.9695 pred_right: 16367 pred_wrong:133 actu_right: 16371 actu_wrong: 129
2026-07-03 06:47:50,059 P1485450 INFO ----------------------------------------------------------------------------------------------------
2026-07-03 06:47:50,059 P1485450 INFO 194/300 starting... lr: 0.0009000000000000001 para:0.01
2026-07-03 06:47:54,792 P1485450 INFO Epoch 194/300, all_loss:0.00063 cls_loss:0.00004 rec_loss:0.05912 [4.73s]; best loss:0.00049, patience : 2
2026-07-03 06:47:56,868 P1485450 INFO pr:0.9814  rc:0.9320  auc:0.9762 ap:0.9762 f1: 0.9561 pred_right: 38623 pred_wrong:377 actu_right: 38603 actu_wrong: 397
2026-07-03 06:47:57,778 P1485450 INFO pr:0.9549  rc:0.9845  auc:0.9936 ap:0.9827 f1: 0.9695 pred_right: 16367 pred_wrong:133 actu_right: 16371 actu_wrong: 129
2026-07-03 06:47:57,779 P1485450 INFO ----------------------------------------------------------------------------------------------------
2026-07-03 06:47:57,779 P1485450 INFO 195/300 starting... lr: 0.0009000000000000001 para:0.01
2026-07-03 06:48:05,821 P1485450 INFO Epoch 195/300, all_loss:0.00061 cls_loss:0.00004 rec_loss:0.05724 [8.04s]; best loss:0.00049, patience : 2
2026-07-03 06:48:09,841 P1485450 INFO pr:0.9814  rc:0.9320  auc:0.9760 ap:0.9761 f1: 0.9561 pred_right: 38623 pred_wrong:377 actu_right: 38603 actu_wrong: 397
2026-07-03 06:48:11,866 P1485450 INFO pr:0.9549  rc:0.9845  auc:0.9936 ap:0.9827 f1: 0.9695 pred_right: 16367 pred_wrong:133 actu_right: 16371 actu_wrong: 129
2026-07-03 06:48:11,867 P1485450 INFO ----------------------------------------------------------------------------------------------------
2026-07-03 06:48:11,867 P1485450 INFO 196/300 starting... lr: 0.0009000000000000001 para:0.01
2026-07-03 06:48:19,031 P1485450 INFO Epoch 196/300, all_loss:0.00059 cls_loss:0.00004 rec_loss:0.05556 [7.16s]; best loss:0.00049, patience : 2
2026-07-03 06:48:21,272 P1485450 INFO pr:0.9840  rc:0.9320  auc:0.9758 ap:0.9762 f1: 0.9573 pred_right: 38624 pred_wrong:376 actu_right: 38603 actu_wrong: 397
2026-07-03 06:48:22,159 P1485450 INFO pr:0.9549  rc:0.9845  auc:0.9935 ap:0.9828 f1: 0.9695 pred_right: 16367 pred_wrong:133 actu_right: 16371 actu_wrong: 129
2026-07-03 06:48:22,163 P1485450 INFO ----------------------------------------------------------------------------------------------------
2026-07-03 06:48:22,163 P1485450 INFO 197/300 starting... lr: 0.0009000000000000001 para:0.01
2026-07-03 06:48:28,172 P1485450 INFO Epoch 197/300, all_loss:0.00058 cls_loss:0.00003 rec_loss:0.05456 [6.01s]; best loss:0.00049, patience : 2
2026-07-03 06:48:30,370 P1485450 INFO pr:0.9814  rc:0.9320  auc:0.9758 ap:0.9762 f1: 0.9561 pred_right: 38623 pred_wrong:377 actu_right: 38603 actu_wrong: 397
2026-07-03 06:48:31,257 P1485450 INFO pr:0.9549  rc:0.9845  auc:0.9934 ap:0.9828 f1: 0.9695 pred_right: 16367 pred_wrong:133 actu_right: 16371 actu_wrong: 129
2026-07-03 06:48:31,258 P1485450 INFO ----------------------------------------------------------------------------------------------------
2026-07-03 06:48:31,258 P1485450 INFO 198/300 starting... lr: 0.0009000000000000001 para:0.01
2026-07-03 06:48:37,179 P1485450 INFO Epoch 198/300, all_loss:0.00056 cls_loss:0.00003 rec_loss:0.05301 [5.92s]; best loss:0.00049, patience : 2
2026-07-03 06:48:39,275 P1485450 INFO pr:0.9814  rc:0.9343  auc:0.9773 ap:0.9774 f1: 0.9573 pred_right: 38623 pred_wrong:377 actu_right: 38604 actu_wrong: 396
2026-07-03 06:48:40,164 P1485450 INFO pr:0.9549  rc:0.9845  auc:0.9934 ap:0.9828 f1: 0.9695 pred_right: 16367 pred_wrong:133 actu_right: 16371 actu_wrong: 129
2026-07-03 06:48:40,169 P1485450 INFO ----------------------------------------------------------------------------------------------------
2026-07-03 06:48:40,169 P1485450 INFO 199/300 starting... lr: 0.0009000000000000001 para:0.01
2026-07-03 06:48:46,281 P1485450 INFO Epoch 199/300, all_loss:0.00055 cls_loss:0.00003 rec_loss:0.05197 [6.11s]; best loss:0.00049, patience : 2
2026-07-03 06:48:48,676 P1485450 INFO pr:0.9814  rc:0.9320  auc:0.9750 ap:0.9762 f1: 0.9561 pred_right: 38623 pred_wrong:377 actu_right: 38603 actu_wrong: 397
2026-07-03 06:48:49,691 P1485450 INFO pr:0.9549  rc:0.9845  auc:0.9933 ap:0.9829 f1: 0.9695 pred_right: 16367 pred_wrong:133 actu_right: 16371 actu_wrong: 129
2026-07-03 06:48:49,692 P1485450 INFO ----------------------------------------------------------------------------------------------------
2026-07-03 06:48:49,692 P1485450 INFO 200/300 starting... lr: 0.0008100000000000001 para:0.01
2026-07-03 06:48:55,699 P1485450 INFO Epoch 200/300, all_loss:0.00053 cls_loss:0.00003 rec_loss:0.05085 [6.01s]; best loss:0.00049, patience : 2
2026-07-03 06:48:58,115 P1485450 INFO pr:0.9841  rc:0.9345  auc:0.9749 ap:0.9762 f1: 0.9587 pred_right: 38623 pred_wrong:377 actu_right: 38603 actu_wrong: 397
2026-07-03 06:48:58,975 P1485450 INFO pr:0.9549  rc:0.9845  auc:0.9933 ap:0.9829 f1: 0.9695 pred_right: 16367 pred_wrong:133 actu_right: 16371 actu_wrong: 129
2026-07-03 06:48:58,979 P1485450 INFO ----------------------------------------------------------------------------------------------------
2026-07-03 06:48:58,979 P1485450 INFO 201/300 starting... lr: 0.0008100000000000001 para:0.01
2026-07-03 06:49:04,879 P1485450 INFO Epoch 201/300, all_loss:0.00053 cls_loss:0.00003 rec_loss:0.04994 [5.90s]; best loss:0.00049, patience : 2
2026-07-03 06:49:07,032 P1485450 INFO pr:0.9840  rc:0.9320  auc:0.9747 ap:0.9762 f1: 0.9573 pred_right: 38624 pred_wrong:376 actu_right: 38603 actu_wrong: 397
2026-07-03 06:49:07,907 P1485450 INFO pr:0.9549  rc:0.9845  auc:0.9933 ap:0.9829 f1: 0.9695 pred_right: 16367 pred_wrong:133 actu_right: 16371 actu_wrong: 129
2026-07-03 06:49:07,908 P1485450 INFO ----------------------------------------------------------------------------------------------------
2026-07-03 06:49:07,908 P1485450 INFO 202/300 starting... lr: 0.0008100000000000001 para:0.01
2026-07-03 06:49:14,536 P1485450 INFO Epoch 202/300, all_loss:0.00052 cls_loss:0.00002 rec_loss:0.04937 [6.63s]; best loss:0.00049, patience : 2
2026-07-03 06:49:16,785 P1485450 INFO pr:0.9841  rc:0.9345  auc:0.9746 ap:0.9762 f1: 0.9587 pred_right: 38623 pred_wrong:377 actu_right: 38603 actu_wrong: 397
2026-07-03 06:49:17,499 P1485450 INFO pr:0.9549  rc:0.9845  auc:0.9933 ap:0.9829 f1: 0.9695 pred_right: 16367 pred_wrong:133 actu_right: 16371 actu_wrong: 129
2026-07-03 06:49:17,503 P1485450 INFO ----------------------------------------------------------------------------------------------------
2026-07-03 06:49:17,503 P1485450 INFO 203/300 starting... lr: 0.0008100000000000001 para:0.01
2026-07-03 06:49:22,414 P1485450 INFO Epoch 203/300, all_loss:0.00051 cls_loss:0.00002 rec_loss:0.04839 [4.91s]; best loss:0.00049, patience : 2
2026-07-03 06:49:24,548 P1485450 INFO pr:0.9841  rc:0.9345  auc:0.9745 ap:0.9762 f1: 0.9587 pred_right: 38623 pred_wrong:377 actu_right: 38603 actu_wrong: 397
2026-07-03 06:49:25,352 P1485450 INFO pr:0.9549  rc:0.9845  auc:0.9932 ap:0.9829 f1: 0.9695 pred_right: 16367 pred_wrong:133 actu_right: 16371 actu_wrong: 129
2026-07-03 06:49:25,356 P1485450 INFO ----------------------------------------------------------------------------------------------------
2026-07-03 06:49:25,356 P1485450 INFO 204/300 starting... lr: 0.0008100000000000001 para:0.01
2026-07-03 06:49:35,336 P1485450 INFO Epoch 204/300, all_loss:0.00050 cls_loss:0.00002 rec_loss:0.04769 [9.98s]; best loss:0.00049, patience : 2
2026-07-03 06:49:38,719 P1485450 INFO pr:0.9841  rc:0.9345  auc:0.9744 ap:0.9761 f1: 0.9587 pred_right: 38623 pred_wrong:377 actu_right: 38603 actu_wrong: 397
2026-07-03 06:49:40,042 P1485450 INFO pr:0.9549  rc:0.9845  auc:0.9932 ap:0.9830 f1: 0.9695 pred_right: 16367 pred_wrong:133 actu_right: 16371 actu_wrong: 129
2026-07-03 06:49:40,047 P1485450 INFO ----------------------------------------------------------------------------------------------------
2026-07-03 06:49:40,047 P1485450 INFO 205/300 starting... lr: 0.0008100000000000001 para:0.01
2026-07-03 06:49:46,285 P1485450 INFO Epoch 205/300, all_loss:0.00049 cls_loss:0.00002 rec_loss:0.04691 [6.24s]; best loss:0.00049, patience : 2
2026-07-03 06:49:48,437 P1485450 INFO pr:0.9841  rc:0.9345  auc:0.9741 ap:0.9761 f1: 0.9587 pred_right: 38623 pred_wrong:377 actu_right: 38603 actu_wrong: 397
2026-07-03 06:49:49,297 P1485450 INFO pr:0.9549  rc:0.9845  auc:0.9932 ap:0.9829 f1: 0.9695 pred_right: 16367 pred_wrong:133 actu_right: 16371 actu_wrong: 129
2026-07-03 06:49:49,301 P1485450 INFO ----------------------------------------------------------------------------------------------------
2026-07-03 06:49:49,301 P1485450 INFO 206/300 starting... lr: 0.0008100000000000001 para:0.01
2026-07-03 06:49:55,430 P1485450 INFO Epoch 206/300, all_loss:0.00048 cls_loss:0.00002 rec_loss:0.04625 [6.12s]; best loss:0.00048, patience : 0
2026-07-03 06:49:57,719 P1485450 INFO pr:0.9840  rc:0.9343  auc:0.9738 ap:0.9760 f1: 0.9585 pred_right: 38624 pred_wrong:376 actu_right: 38604 actu_wrong: 396
2026-07-03 06:49:58,701 P1485450 INFO pr:0.9549  rc:0.9845  auc:0.9932 ap:0.9830 f1: 0.9695 pred_right: 16367 pred_wrong:133 actu_right: 16371 actu_wrong: 129
2026-07-03 06:49:58,702 P1485450 INFO ----------------------------------------------------------------------------------------------------
2026-07-03 06:49:58,702 P1485450 INFO 207/300 starting... lr: 0.0008100000000000001 para:0.01
2026-07-03 06:50:04,713 P1485450 INFO Epoch 207/300, all_loss:0.00047 cls_loss:0.00002 rec_loss:0.04535 [6.01s]; best loss:0.00047, patience : 0
2026-07-03 06:50:06,843 P1485450 INFO pr:0.9840  rc:0.9343  auc:0.9737 ap:0.9760 f1: 0.9585 pred_right: 38624 pred_wrong:376 actu_right: 38604 actu_wrong: 396
2026-07-03 06:50:07,808 P1485450 INFO pr:0.9549  rc:0.9845  auc:0.9932 ap:0.9830 f1: 0.9695 pred_right: 16367 pred_wrong:133 actu_right: 16371 actu_wrong: 129
2026-07-03 06:50:07,809 P1485450 INFO ----------------------------------------------------------------------------------------------------
2026-07-03 06:50:07,809 P1485450 INFO 208/300 starting... lr: 0.0008100000000000001 para:0.01
2026-07-03 06:50:13,758 P1485450 INFO Epoch 208/300, all_loss:0.00046 cls_loss:0.00002 rec_loss:0.04486 [5.95s]; best loss:0.00046, patience : 0
2026-07-03 06:50:16,070 P1485450 INFO pr:0.9841  rc:0.9345  auc:0.9736 ap:0.9761 f1: 0.9587 pred_right: 38623 pred_wrong:377 actu_right: 38603 actu_wrong: 397
2026-07-03 06:50:17,048 P1485450 INFO pr:0.9549  rc:0.9845  auc:0.9932 ap:0.9830 f1: 0.9695 pred_right: 16367 pred_wrong:133 actu_right: 16371 actu_wrong: 129
2026-07-03 06:50:17,052 P1485450 INFO ----------------------------------------------------------------------------------------------------
2026-07-03 06:50:17,053 P1485450 INFO 209/300 starting... lr: 0.0008100000000000001 para:0.01
2026-07-03 06:50:23,349 P1485450 INFO Epoch 209/300, all_loss:0.00046 cls_loss:0.00002 rec_loss:0.04391 [6.29s]; best loss:0.00046, patience : 0
2026-07-03 06:50:25,657 P1485450 INFO pr:0.9867  rc:0.9345  auc:0.9735 ap:0.9761 f1: 0.9599 pred_right: 38624 pred_wrong:376 actu_right: 38603 actu_wrong: 397
2026-07-03 06:50:26,646 P1485450 INFO pr:0.9549  rc:0.9845  auc:0.9932 ap:0.9830 f1: 0.9695 pred_right: 16367 pred_wrong:133 actu_right: 16371 actu_wrong: 129
2026-07-03 06:50:26,650 P1485450 INFO ----------------------------------------------------------------------------------------------------
2026-07-03 06:50:26,651 P1485450 INFO 210/300 starting... lr: 0.0008100000000000001 para:0.01
2026-07-03 06:50:32,693 P1485450 INFO Epoch 210/300, all_loss:0.00045 cls_loss:0.00002 rec_loss:0.04356 [6.04s]; best loss:0.00045, patience : 0
2026-07-03 06:50:34,876 P1485450 INFO pr:0.9867  rc:0.9343  auc:0.9734 ap:0.9760 f1: 0.9598 pred_right: 38625 pred_wrong:375 actu_right: 38604 actu_wrong: 396
2026-07-03 06:50:35,759 P1485450 INFO pr:0.9549  rc:0.9845  auc:0.9932 ap:0.9831 f1: 0.9695 pred_right: 16367 pred_wrong:133 actu_right: 16371 actu_wrong: 129
2026-07-03 06:50:35,759 P1485450 INFO ----------------------------------------------------------------------------------------------------
2026-07-03 06:50:35,760 P1485450 INFO 211/300 starting... lr: 0.0008100000000000001 para:0.01
2026-07-03 06:50:41,805 P1485450 INFO Epoch 211/300, all_loss:0.00044 cls_loss:0.00001 rec_loss:0.04273 [6.04s]; best loss:0.00044, patience : 0
2026-07-03 06:50:43,461 P1485450 INFO pr:0.9867  rc:0.9345  auc:0.9734 ap:0.9760 f1: 0.9599 pred_right: 38624 pred_wrong:376 actu_right: 38603 actu_wrong: 397
2026-07-03 06:50:44,214 P1485450 INFO pr:0.9549  rc:0.9845  auc:0.9932 ap:0.9830 f1: 0.9695 pred_right: 16367 pred_wrong:133 actu_right: 16371 actu_wrong: 129
2026-07-03 06:50:44,217 P1485450 INFO ----------------------------------------------------------------------------------------------------
2026-07-03 06:50:44,218 P1485450 INFO 212/300 starting... lr: 0.0008100000000000001 para:0.01
2026-07-03 06:50:49,673 P1485450 INFO Epoch 212/300, all_loss:0.00044 cls_loss:0.00001 rec_loss:0.04224 [5.45s]; best loss:0.00044, patience : 0
2026-07-03 06:50:52,551 P1485450 INFO pr:0.9867  rc:0.9345  auc:0.9733 ap:0.9760 f1: 0.9599 pred_right: 38624 pred_wrong:376 actu_right: 38603 actu_wrong: 397
2026-07-03 06:50:54,111 P1485450 INFO pr:0.9549  rc:0.9845  auc:0.9931 ap:0.9831 f1: 0.9695 pred_right: 16367 pred_wrong:133 actu_right: 16371 actu_wrong: 129
2026-07-03 06:50:54,117 P1485450 INFO ----------------------------------------------------------------------------------------------------
2026-07-03 06:50:54,117 P1485450 INFO 213/300 starting... lr: 0.0008100000000000001 para:0.01
2026-07-03 06:51:04,214 P1485450 INFO Epoch 213/300, all_loss:0.00043 cls_loss:0.00001 rec_loss:0.04166 [10.09s]; best loss:0.00043, patience : 0
2026-07-03 06:51:06,702 P1485450 INFO pr:0.9867  rc:0.9345  auc:0.9733 ap:0.9761 f1: 0.9599 pred_right: 38624 pred_wrong:376 actu_right: 38603 actu_wrong: 397
2026-07-03 06:51:07,692 P1485450 INFO pr:0.9549  rc:0.9845  auc:0.9931 ap:0.9831 f1: 0.9695 pred_right: 16367 pred_wrong:133 actu_right: 16371 actu_wrong: 129
2026-07-03 06:51:07,697 P1485450 INFO ----------------------------------------------------------------------------------------------------
2026-07-03 06:51:07,697 P1485450 INFO 214/300 starting... lr: 0.0008100000000000001 para:0.01
2026-07-03 06:51:13,796 P1485450 INFO Epoch 214/300, all_loss:0.00042 cls_loss:0.00001 rec_loss:0.04092 [6.10s]; best loss:0.00042, patience : 0
2026-07-03 06:51:16,018 P1485450 INFO pr:0.9840  rc:0.9343  auc:0.9732 ap:0.9759 f1: 0.9585 pred_right: 38624 pred_wrong:376 actu_right: 38604 actu_wrong: 396
2026-07-03 06:51:16,930 P1485450 INFO pr:0.9549  rc:0.9845  auc:0.9931 ap:0.9832 f1: 0.9695 pred_right: 16367 pred_wrong:133 actu_right: 16371 actu_wrong: 129
2026-07-03 06:51:16,931 P1485450 INFO ----------------------------------------------------------------------------------------------------
2026-07-03 06:51:16,931 P1485450 INFO 215/300 starting... lr: 0.0008100000000000001 para:0.01
2026-07-03 06:51:22,964 P1485450 INFO Epoch 215/300, all_loss:0.00041 cls_loss:0.00001 rec_loss:0.03998 [6.03s]; best loss:0.00041, patience : 0
2026-07-03 06:51:25,289 P1485450 INFO pr:0.9867  rc:0.9345  auc:0.9732 ap:0.9759 f1: 0.9599 pred_right: 38624 pred_wrong:376 actu_right: 38603 actu_wrong: 397
2026-07-03 06:51:26,260 P1485450 INFO pr:0.9549  rc:0.9845  auc:0.9931 ap:0.9830 f1: 0.9695 pred_right: 16367 pred_wrong:133 actu_right: 16371 actu_wrong: 129
2026-07-03 06:51:26,265 P1485450 INFO ----------------------------------------------------------------------------------------------------
2026-07-03 06:51:26,265 P1485450 INFO 216/300 starting... lr: 0.0008100000000000001 para:0.01
2026-07-03 06:51:32,276 P1485450 INFO Epoch 216/300, all_loss:0.00041 cls_loss:0.00001 rec_loss:0.04008 [6.01s]; best loss:0.00041, patience : 0
2026-07-03 06:51:34,276 P1485450 INFO pr:0.9867  rc:0.9345  auc:0.9731 ap:0.9760 f1: 0.9599 pred_right: 38624 pred_wrong:376 actu_right: 38603 actu_wrong: 397
2026-07-03 06:51:35,150 P1485450 INFO pr:0.9549  rc:0.9845  auc:0.9931 ap:0.9831 f1: 0.9695 pred_right: 16367 pred_wrong:133 actu_right: 16371 actu_wrong: 129
2026-07-03 06:51:35,154 P1485450 INFO ----------------------------------------------------------------------------------------------------
2026-07-03 06:51:35,154 P1485450 INFO 217/300 starting... lr: 0.0008100000000000001 para:0.01
2026-07-03 06:51:41,091 P1485450 INFO Epoch 217/300, all_loss:0.00040 cls_loss:0.00001 rec_loss:0.03890 [5.93s]; best loss:0.00040, patience : 0
2026-07-03 06:51:43,381 P1485450 INFO pr:0.9867  rc:0.9345  auc:0.9731 ap:0.9759 f1: 0.9599 pred_right: 38624 pred_wrong:376 actu_right: 38603 actu_wrong: 397
2026-07-03 06:51:44,312 P1485450 INFO pr:0.9549  rc:0.9845  auc:0.9931 ap:0.9831 f1: 0.9695 pred_right: 16367 pred_wrong:133 actu_right: 16371 actu_wrong: 129
2026-07-03 06:51:44,316 P1485450 INFO ----------------------------------------------------------------------------------------------------
2026-07-03 06:51:44,316 P1485450 INFO 218/300 starting... lr: 0.0008100000000000001 para:0.01
2026-07-03 06:51:50,366 P1485450 INFO Epoch 218/300, all_loss:0.00040 cls_loss:0.00001 rec_loss:0.03901 [6.05s]; best loss:0.00040, patience : 1
2026-07-03 06:51:52,396 P1485450 INFO pr:0.9867  rc:0.9345  auc:0.9730 ap:0.9759 f1: 0.9599 pred_right: 38624 pred_wrong:376 actu_right: 38603 actu_wrong: 397
2026-07-03 06:51:53,303 P1485450 INFO pr:0.9549  rc:0.9845  auc:0.9931 ap:0.9830 f1: 0.9695 pred_right: 16367 pred_wrong:133 actu_right: 16371 actu_wrong: 129
2026-07-03 06:51:53,308 P1485450 INFO ----------------------------------------------------------------------------------------------------
2026-07-03 06:51:53,308 P1485450 INFO 219/300 starting... lr: 0.0008100000000000001 para:0.01
2026-07-03 06:52:00,016 P1485450 INFO Epoch 219/300, all_loss:0.00038 cls_loss:0.00001 rec_loss:0.03766 [6.70s]; best loss:0.00038, patience : 0
2026-07-03 06:52:02,940 P1485450 INFO pr:0.9841  rc:0.9345  auc:0.9731 ap:0.9757 f1: 0.9587 pred_right: 38623 pred_wrong:377 actu_right: 38603 actu_wrong: 397
2026-07-03 06:52:03,645 P1485450 INFO pr:0.9549  rc:0.9845  auc:0.9950 ap:0.9831 f1: 0.9695 pred_right: 16367 pred_wrong:133 actu_right: 16371 actu_wrong: 129
2026-07-03 06:52:03,645 P1485450 INFO ----------------------------------------------------------------------------------------------------
2026-07-03 06:52:03,645 P1485450 INFO 220/300 starting... lr: 0.0008100000000000001 para:0.01
2026-07-03 06:52:08,554 P1485450 INFO Epoch 220/300, all_loss:0.00039 cls_loss:0.00001 rec_loss:0.03772 [4.91s]; best loss:0.00038, patience : 1
2026-07-03 06:52:10,753 P1485450 INFO pr:0.9867  rc:0.9320  auc:0.9729 ap:0.9758 f1: 0.9585 pred_right: 38625 pred_wrong:375 actu_right: 38603 actu_wrong: 397
2026-07-03 06:52:11,692 P1485450 INFO pr:0.9545  rc:0.9767  auc:0.9931 ap:0.9830 f1: 0.9655 pred_right: 16368 pred_wrong:132 actu_right: 16371 actu_wrong: 129
2026-07-03 06:52:11,693 P1485450 INFO ----------------------------------------------------------------------------------------------------
2026-07-03 06:52:11,693 P1485450 INFO 221/300 starting... lr: 0.0008100000000000001 para:0.01
2026-07-03 06:52:20,661 P1485450 INFO Epoch 221/300, all_loss:0.00038 cls_loss:0.00001 rec_loss:0.03682 [8.96s]; best loss:0.00038, patience : 0
2026-07-03 06:52:24,164 P1485450 INFO pr:0.9866  rc:0.9318  auc:0.9728 ap:0.9756 f1: 0.9584 pred_right: 38626 pred_wrong:374 actu_right: 38604 actu_wrong: 396
2026-07-03 06:52:25,576 P1485450 INFO pr:0.9545  rc:0.9767  auc:0.9931 ap:0.9831 f1: 0.9655 pred_right: 16368 pred_wrong:132 actu_right: 16371 actu_wrong: 129
2026-07-03 06:52:25,577 P1485450 INFO ----------------------------------------------------------------------------------------------------
2026-07-03 06:52:25,577 P1485450 INFO 222/300 starting... lr: 0.0008100000000000001 para:0.01
2026-07-03 06:52:32,135 P1485450 INFO Epoch 222/300, all_loss:0.00037 cls_loss:0.00001 rec_loss:0.03641 [6.55s]; best loss:0.00037, patience : 0
2026-07-03 06:52:34,341 P1485450 INFO pr:0.9866  rc:0.9318  auc:0.9721 ap:0.9754 f1: 0.9584 pred_right: 38626 pred_wrong:374 actu_right: 38604 actu_wrong: 396
2026-07-03 06:52:35,228 P1485450 INFO pr:0.9545  rc:0.9767  auc:0.9931 ap:0.9830 f1: 0.9655 pred_right: 16368 pred_wrong:132 actu_right: 16371 actu_wrong: 129
2026-07-03 06:52:35,229 P1485450 INFO ----------------------------------------------------------------------------------------------------
2026-07-03 06:52:35,229 P1485450 INFO 223/300 starting... lr: 0.0008100000000000001 para:0.01
2026-07-03 06:52:41,389 P1485450 INFO Epoch 223/300, all_loss:0.00036 cls_loss:0.00001 rec_loss:0.03574 [6.16s]; best loss:0.00036, patience : 0
2026-07-03 06:52:43,521 P1485450 INFO pr:0.9867  rc:0.9320  auc:0.9722 ap:0.9752 f1: 0.9585 pred_right: 38625 pred_wrong:375 actu_right: 38603 actu_wrong: 397
2026-07-03 06:52:44,398 P1485450 INFO pr:0.9545  rc:0.9767  auc:0.9931 ap:0.9830 f1: 0.9655 pred_right: 16368 pred_wrong:132 actu_right: 16371 actu_wrong: 129
2026-07-03 06:52:44,398 P1485450 INFO ----------------------------------------------------------------------------------------------------
2026-07-03 06:52:44,398 P1485450 INFO 224/300 starting... lr: 0.0008100000000000001 para:0.01
2026-07-03 06:52:50,437 P1485450 INFO Epoch 224/300, all_loss:0.00036 cls_loss:0.00001 rec_loss:0.03528 [6.03s]; best loss:0.00036, patience : 0
2026-07-03 06:52:52,787 P1485450 INFO pr:0.9867  rc:0.9320  auc:0.9722 ap:0.9750 f1: 0.9585 pred_right: 38625 pred_wrong:375 actu_right: 38603 actu_wrong: 397
2026-07-03 06:52:53,839 P1485450 INFO pr:0.9545  rc:0.9767  auc:0.9950 ap:0.9829 f1: 0.9655 pred_right: 16368 pred_wrong:132 actu_right: 16371 actu_wrong: 129
2026-07-03 06:52:53,839 P1485450 INFO ----------------------------------------------------------------------------------------------------
2026-07-03 06:52:53,839 P1485450 INFO 225/300 starting... lr: 0.0008100000000000001 para:0.01
2026-07-03 06:52:59,939 P1485450 INFO Epoch 225/300, all_loss:0.00035 cls_loss:0.00001 rec_loss:0.03466 [6.10s]; best loss:0.00035, patience : 0
2026-07-03 06:53:02,025 P1485450 INFO pr:0.9866  rc:0.9318  auc:0.9713 ap:0.9744 f1: 0.9584 pred_right: 38626 pred_wrong:374 actu_right: 38604 actu_wrong: 396
2026-07-03 06:53:02,934 P1485450 INFO pr:0.9545  rc:0.9767  auc:0.9950 ap:0.9829 f1: 0.9655 pred_right: 16368 pred_wrong:132 actu_right: 16371 actu_wrong: 129
2026-07-03 06:53:02,935 P1485450 INFO ----------------------------------------------------------------------------------------------------
2026-07-03 06:53:02,935 P1485450 INFO 226/300 starting... lr: 0.0008100000000000001 para:0.01
2026-07-03 06:53:09,084 P1485450 INFO Epoch 226/300, all_loss:0.00034 cls_loss:0.00001 rec_loss:0.03341 [6.15s]; best loss:0.00034, patience : 0
2026-07-03 06:53:11,206 P1485450 INFO pr:0.9867  rc:0.9320  auc:0.9704 ap:0.9744 f1: 0.9585 pred_right: 38625 pred_wrong:375 actu_right: 38603 actu_wrong: 397
2026-07-03 06:53:12,106 P1485450 INFO pr:0.9542  rc:0.9690  auc:0.9930 ap:0.9829 f1: 0.9615 pred_right: 16369 pred_wrong:131 actu_right: 16371 actu_wrong: 129
2026-07-03 06:53:12,107 P1485450 INFO ----------------------------------------------------------------------------------------------------
2026-07-03 06:53:12,107 P1485450 INFO 227/300 starting... lr: 0.0008100000000000001 para:0.01
2026-07-03 06:53:18,164 P1485450 INFO Epoch 227/300, all_loss:0.00035 cls_loss:0.00001 rec_loss:0.03467 [6.06s]; best loss:0.00034, patience : 1
2026-07-03 06:53:20,313 P1485450 INFO pr:0.9867  rc:0.9320  auc:0.9709 ap:0.9744 f1: 0.9585 pred_right: 38625 pred_wrong:375 actu_right: 38603 actu_wrong: 397
2026-07-03 06:53:21,219 P1485450 INFO pr:0.9542  rc:0.9690  auc:0.9930 ap:0.9825 f1: 0.9615 pred_right: 16369 pred_wrong:131 actu_right: 16371 actu_wrong: 129
2026-07-03 06:53:21,220 P1485450 INFO ----------------------------------------------------------------------------------------------------
2026-07-03 06:53:21,220 P1485450 INFO 228/300 starting... lr: 0.0008100000000000001 para:0.01
2026-07-03 06:53:28,375 P1485450 INFO Epoch 228/300, all_loss:0.00034 cls_loss:0.00001 rec_loss:0.03326 [7.15s]; best loss:0.00034, patience : 0
2026-07-03 06:53:29,959 P1485450 INFO pr:0.9867  rc:0.9320  auc:0.9714 ap:0.9753 f1: 0.9585 pred_right: 38625 pred_wrong:375 actu_right: 38603 actu_wrong: 397
2026-07-03 06:53:30,633 P1485450 INFO pr:0.9545  rc:0.9767  auc:0.9930 ap:0.9829 f1: 0.9655 pred_right: 16368 pred_wrong:132 actu_right: 16371 actu_wrong: 129
2026-07-03 06:53:30,633 P1485450 INFO ----------------------------------------------------------------------------------------------------
2026-07-03 06:53:30,633 P1485450 INFO 229/300 starting... lr: 0.0008100000000000001 para:0.01
2026-07-03 06:53:35,587 P1485450 INFO Epoch 229/300, all_loss:0.00033 cls_loss:0.00001 rec_loss:0.03254 [4.95s]; best loss:0.00033, patience : 0
2026-07-03 06:53:37,751 P1485450 INFO pr:0.9867  rc:0.9343  auc:0.9721 ap:0.9763 f1: 0.9598 pred_right: 38625 pred_wrong:375 actu_right: 38604 actu_wrong: 396
2026-07-03 06:53:38,616 P1485450 INFO pr:0.9545  rc:0.9767  auc:0.9930 ap:0.9834 f1: 0.9655 pred_right: 16368 pred_wrong:132 actu_right: 16371 actu_wrong: 129
2026-07-03 06:53:38,616 P1485450 INFO ----------------------------------------------------------------------------------------------------
2026-07-03 06:53:38,617 P1485450 INFO 230/300 starting... lr: 0.0008100000000000001 para:0.01
2026-07-03 06:53:49,526 P1485450 INFO Epoch 230/300, all_loss:0.00035 cls_loss:0.00001 rec_loss:0.03403 [10.91s]; best loss:0.00033, patience : 1
2026-07-03 06:53:52,947 P1485450 INFO pr:0.9867  rc:0.9345  auc:0.9735 ap:0.9753 f1: 0.9599 pred_right: 38624 pred_wrong:376 actu_right: 38603 actu_wrong: 397
2026-07-03 06:53:54,047 P1485450 INFO pr:0.9474  rc:0.9767  auc:0.9949 ap:0.9801 f1: 0.9618 pred_right: 16367 pred_wrong:133 actu_right: 16371 actu_wrong: 129
2026-07-03 06:53:54,052 P1485450 INFO ----------------------------------------------------------------------------------------------------
2026-07-03 06:53:54,053 P1485450 INFO 231/300 starting... lr: 0.0008100000000000001 para:0.01
2026-07-03 06:54:00,270 P1485450 INFO Epoch 231/300, all_loss:0.00033 cls_loss:0.00000 rec_loss:0.03219 [6.21s]; best loss:0.00033, patience : 0
2026-07-03 06:54:02,619 P1485450 INFO pr:0.9867  rc:0.9345  auc:0.9733 ap:0.9765 f1: 0.9599 pred_right: 38624 pred_wrong:376 actu_right: 38603 actu_wrong: 397
2026-07-03 06:54:03,695 P1485450 INFO pr:0.9474  rc:0.9767  auc:0.9949 ap:0.9798 f1: 0.9618 pred_right: 16367 pred_wrong:133 actu_right: 16371 actu_wrong: 129
2026-07-03 06:54:03,700 P1485450 INFO ----------------------------------------------------------------------------------------------------
2026-07-03 06:54:03,700 P1485450 INFO 232/300 starting... lr: 0.0008100000000000001 para:0.01
2026-07-03 06:54:09,658 P1485450 INFO Epoch 232/300, all_loss:0.00032 cls_loss:0.00000 rec_loss:0.03155 [5.95s]; best loss:0.00032, patience : 0
2026-07-03 06:54:11,903 P1485450 INFO pr:0.9867  rc:0.9345  auc:0.9723 ap:0.9765 f1: 0.9599 pred_right: 38624 pred_wrong:376 actu_right: 38603 actu_wrong: 397
2026-07-03 06:54:12,805 P1485450 INFO pr:0.9474  rc:0.9767  auc:0.9930 ap:0.9830 f1: 0.9618 pred_right: 16367 pred_wrong:133 actu_right: 16371 actu_wrong: 129
2026-07-03 06:54:12,809 P1485450 INFO ----------------------------------------------------------------------------------------------------
2026-07-03 06:54:12,809 P1485450 INFO 233/300 starting... lr: 0.0008100000000000001 para:0.01
2026-07-03 06:54:18,802 P1485450 INFO Epoch 233/300, all_loss:0.00032 cls_loss:0.00001 rec_loss:0.03144 [5.99s]; best loss:0.00032, patience : 1
2026-07-03 06:54:21,118 P1485450 INFO pr:0.9867  rc:0.9345  auc:0.9721 ap:0.9764 f1: 0.9599 pred_right: 38624 pred_wrong:376 actu_right: 38603 actu_wrong: 397
2026-07-03 06:54:21,998 P1485450 INFO pr:0.9474  rc:0.9767  auc:0.9911 ap:0.9823 f1: 0.9618 pred_right: 16367 pred_wrong:133 actu_right: 16371 actu_wrong: 129
2026-07-03 06:54:22,003 P1485450 INFO ----------------------------------------------------------------------------------------------------
2026-07-03 06:54:22,003 P1485450 INFO 234/300 starting... lr: 0.0008100000000000001 para:0.01
2026-07-03 06:54:27,999 P1485450 INFO Epoch 234/300, all_loss:0.00031 cls_loss:0.00000 rec_loss:0.03065 [5.99s]; best loss:0.00031, patience : 0
2026-07-03 06:54:30,050 P1485450 INFO pr:0.9866  rc:0.9342  auc:0.9719 ap:0.9761 f1: 0.9597 pred_right: 38626 pred_wrong:374 actu_right: 38605 actu_wrong: 395
2026-07-03 06:54:30,967 P1485450 INFO pr:0.9470  rc:0.9690  auc:0.9910 ap:0.9813 f1: 0.9579 pred_right: 16368 pred_wrong:132 actu_right: 16371 actu_wrong: 129
2026-07-03 06:54:30,967 P1485450 INFO ----------------------------------------------------------------------------------------------------
2026-07-03 06:54:30,968 P1485450 INFO 235/300 starting... lr: 0.0008100000000000001 para:0.01
2026-07-03 06:54:37,069 P1485450 INFO Epoch 235/300, all_loss:0.00036 cls_loss:0.00000 rec_loss:0.03520 [6.10s]; best loss:0.00031, patience : 1
2026-07-03 06:54:39,557 P1485450 INFO pr:0.9867  rc:0.9345  auc:0.9731 ap:0.9766 f1: 0.9599 pred_right: 38624 pred_wrong:376 actu_right: 38603 actu_wrong: 397
2026-07-03 06:54:40,537 P1485450 INFO pr:0.9474  rc:0.9767  auc:0.9901 ap:0.9800 f1: 0.9618 pred_right: 16367 pred_wrong:133 actu_right: 16371 actu_wrong: 129
2026-07-03 06:54:40,541 P1485450 INFO ----------------------------------------------------------------------------------------------------
2026-07-03 06:54:40,544 P1485450 INFO 236/300 starting... lr: 0.0008100000000000001 para:0.01
2026-07-03 06:54:46,449 P1485450 INFO Epoch 236/300, all_loss:0.00029 cls_loss:0.00000 rec_loss:0.02908 [5.90s]; best loss:0.00029, patience : 0
2026-07-03 06:54:48,796 P1485450 INFO pr:0.9841  rc:0.9345  auc:0.9742 ap:0.9754 f1: 0.9587 pred_right: 38623 pred_wrong:377 actu_right: 38603 actu_wrong: 397
2026-07-03 06:54:49,621 P1485450 INFO pr:0.9403  rc:0.9767  auc:0.9901 ap:0.9729 f1: 0.9582 pred_right: 16366 pred_wrong:134 actu_right: 16371 actu_wrong: 129
2026-07-03 06:54:49,621 P1485450 INFO ----------------------------------------------------------------------------------------------------
2026-07-03 06:54:49,621 P1485450 INFO 237/300 starting... lr: 0.0008100000000000001 para:0.01
2026-07-03 06:54:55,938 P1485450 INFO Epoch 237/300, all_loss:0.00029 cls_loss:0.00000 rec_loss:0.02904 [6.31s]; best loss:0.00029, patience : 0
2026-07-03 06:54:57,584 P1485450 INFO pr:0.9866  rc:0.9318  auc:0.9718 ap:0.9766 f1: 0.9584 pred_right: 38626 pred_wrong:374 actu_right: 38604 actu_wrong: 396
2026-07-03 06:54:58,293 P1485450 INFO pr:0.9470  rc:0.9690  auc:0.9896 ap:0.9800 f1: 0.9579 pred_right: 16368 pred_wrong:132 actu_right: 16371 actu_wrong: 129
2026-07-03 06:54:58,294 P1485450 INFO ----------------------------------------------------------------------------------------------------
2026-07-03 06:54:58,301 P1485450 INFO 238/300 starting... lr: 0.0008100000000000001 para:0.01
2026-07-03 06:55:03,725 P1485450 INFO Epoch 238/300, all_loss:0.00027 cls_loss:0.00000 rec_loss:0.02702 [5.42s]; best loss:0.00027, patience : 0
2026-07-03 06:55:05,535 P1485450 INFO pr:0.9867  rc:0.9320  auc:0.9715 ap:0.9763 f1: 0.9585 pred_right: 38625 pred_wrong:375 actu_right: 38603 actu_wrong: 397
2026-07-03 06:55:06,770 P1485450 INFO pr:0.9470  rc:0.9690  auc:0.9876 ap:0.9798 f1: 0.9579 pred_right: 16368 pred_wrong:132 actu_right: 16371 actu_wrong: 129
2026-07-03 06:55:06,771 P1485450 INFO ----------------------------------------------------------------------------------------------------
2026-07-03 06:55:06,771 P1485450 INFO 239/300 starting... lr: 0.0008100000000000001 para:0.01
2026-07-03 06:55:18,358 P1485450 INFO Epoch 239/300, all_loss:0.00031 cls_loss:0.00000 rec_loss:0.03077 [11.59s]; best loss:0.00027, patience : 1
2026-07-03 06:55:20,599 P1485450 INFO pr:0.9867  rc:0.9320  auc:0.9716 ap:0.9756 f1: 0.9585 pred_right: 38625 pred_wrong:375 actu_right: 38603 actu_wrong: 397
2026-07-03 06:55:21,547 P1485450 INFO pr:0.9470  rc:0.9690  auc:0.9892 ap:0.9800 f1: 0.9579 pred_right: 16368 pred_wrong:132 actu_right: 16371 actu_wrong: 129
2026-07-03 06:55:21,548 P1485450 INFO ----------------------------------------------------------------------------------------------------
2026-07-03 06:55:21,548 P1485450 INFO 240/300 starting... lr: 0.0008100000000000001 para:0.01
2026-07-03 06:55:27,756 P1485450 INFO Epoch 240/300, all_loss:0.00027 cls_loss:0.00000 rec_loss:0.02685 [6.20s]; best loss:0.00027, patience : 0
2026-07-03 06:55:30,008 P1485450 INFO pr:0.9867  rc:0.9320  auc:0.9711 ap:0.9753 f1: 0.9585 pred_right: 38625 pred_wrong:375 actu_right: 38603 actu_wrong: 397
2026-07-03 06:55:31,067 P1485450 INFO pr:0.9470  rc:0.9690  auc:0.9892 ap:0.9799 f1: 0.9579 pred_right: 16368 pred_wrong:132 actu_right: 16371 actu_wrong: 129
2026-07-03 06:55:31,067 P1485450 INFO ----------------------------------------------------------------------------------------------------
2026-07-03 06:55:31,068 P1485450 INFO 241/300 starting... lr: 0.0008100000000000001 para:0.01
2026-07-03 06:55:37,165 P1485450 INFO Epoch 241/300, all_loss:0.00029 cls_loss:0.00000 rec_loss:0.02860 [6.10s]; best loss:0.00027, patience : 1
2026-07-03 06:55:39,231 P1485450 INFO pr:0.9867  rc:0.9320  auc:0.9703 ap:0.9755 f1: 0.9585 pred_right: 38625 pred_wrong:375 actu_right: 38603 actu_wrong: 397
2026-07-03 06:55:40,126 P1485450 INFO pr:0.9542  rc:0.9690  auc:0.9891 ap:0.9799 f1: 0.9615 pred_right: 16369 pred_wrong:131 actu_right: 16371 actu_wrong: 129
2026-07-03 06:55:40,126 P1485450 INFO ----------------------------------------------------------------------------------------------------
2026-07-03 06:55:40,126 P1485450 INFO 242/300 starting... lr: 0.0008100000000000001 para:0.01
2026-07-03 06:55:46,199 P1485450 INFO Epoch 242/300, all_loss:0.00025 cls_loss:0.00000 rec_loss:0.02518 [6.07s]; best loss:0.00025, patience : 0
2026-07-03 06:55:48,519 P1485450 INFO pr:0.9867  rc:0.9320  auc:0.9722 ap:0.9754 f1: 0.9585 pred_right: 38625 pred_wrong:375 actu_right: 38603 actu_wrong: 397
2026-07-03 06:55:49,444 P1485450 INFO pr:0.9470  rc:0.9690  auc:0.9891 ap:0.9799 f1: 0.9579 pred_right: 16368 pred_wrong:132 actu_right: 16371 actu_wrong: 129
2026-07-03 06:55:49,444 P1485450 INFO ----------------------------------------------------------------------------------------------------
2026-07-03 06:55:49,445 P1485450 INFO 243/300 starting... lr: 0.0008100000000000001 para:0.01
2026-07-03 06:55:55,495 P1485450 INFO Epoch 243/300, all_loss:0.00027 cls_loss:0.00000 rec_loss:0.02724 [6.05s]; best loss:0.00025, patience : 1
2026-07-03 06:55:57,814 P1485450 INFO pr:0.9866  rc:0.9318  auc:0.9713 ap:0.9754 f1: 0.9584 pred_right: 38626 pred_wrong:374 actu_right: 38604 actu_wrong: 396
2026-07-03 06:55:58,838 P1485450 INFO pr:0.9470  rc:0.9690  auc:0.9891 ap:0.9797 f1: 0.9579 pred_right: 16368 pred_wrong:132 actu_right: 16371 actu_wrong: 129
2026-07-03 06:55:58,838 P1485450 INFO ----------------------------------------------------------------------------------------------------
2026-07-03 06:55:58,838 P1485450 INFO 244/300 starting... lr: 0.0008100000000000001 para:0.01
2026-07-03 06:56:04,795 P1485450 INFO Epoch 244/300, all_loss:0.00025 cls_loss:0.00000 rec_loss:0.02506 [5.95s]; best loss:0.00025, patience : 0
2026-07-03 06:56:06,876 P1485450 INFO pr:0.9867  rc:0.9320  auc:0.9721 ap:0.9754 f1: 0.9585 pred_right: 38625 pred_wrong:375 actu_right: 38603 actu_wrong: 397
2026-07-03 06:56:07,769 P1485450 INFO pr:0.9470  rc:0.9690  auc:0.9872 ap:0.9797 f1: 0.9579 pred_right: 16368 pred_wrong:132 actu_right: 16371 actu_wrong: 129
2026-07-03 06:56:07,770 P1485450 INFO ----------------------------------------------------------------------------------------------------
2026-07-03 06:56:07,770 P1485450 INFO 245/300 starting... lr: 0.0008100000000000001 para:0.01
2026-07-03 06:56:13,801 P1485450 INFO Epoch 245/300, all_loss:0.00025 cls_loss:0.00000 rec_loss:0.02513 [6.03s]; best loss:0.00025, patience : 1
2026-07-03 06:56:16,557 P1485450 INFO pr:0.9866  rc:0.9316  auc:0.9711 ap:0.9751 f1: 0.9583 pred_right: 38627 pred_wrong:373 actu_right: 38605 actu_wrong: 395
2026-07-03 06:56:18,121 P1485450 INFO pr:0.9470  rc:0.9690  auc:0.9871 ap:0.9758 f1: 0.9579 pred_right: 16368 pred_wrong:132 actu_right: 16371 actu_wrong: 129
2026-07-03 06:56:18,121 P1485450 INFO ----------------------------------------------------------------------------------------------------
2026-07-03 06:56:18,121 P1485450 INFO 246/300 starting... lr: 0.0008100000000000001 para:0.01
2026-07-03 06:56:22,754 P1485450 INFO Epoch 246/300, all_loss:0.08805 cls_loss:0.08862 rec_loss:0.03143 [4.63s]; best loss:0.00025, patience : 2
2026-07-03 06:56:24,480 P1485450 INFO pr:0.9940  rc:0.8359  auc:0.9521 ap:0.9665 f1: 0.9081 pred_right: 38667 pred_wrong:333 actu_right: 38604 actu_wrong: 396
2026-07-03 06:56:25,283 P1485450 INFO pr:0.9752  rc:0.9147  auc:0.9836 ap:0.9751 f1: 0.9440 pred_right: 16379 pred_wrong:121 actu_right: 16371 actu_wrong: 129
2026-07-03 06:56:25,283 P1485450 INFO ----------------------------------------------------------------------------------------------------
2026-07-03 06:56:25,283 P1485450 INFO 247/300 starting... lr: 0.0008100000000000001 para:0.01
2026-07-03 06:56:30,744 P1485450 INFO Epoch 247/300, all_loss:0.12379 cls_loss:0.12445 rec_loss:0.05858 [5.46s]; best loss:0.00025, patience : 3
2026-07-03 06:56:34,120 P1485450 INFO pr:0.9915  rc:0.8866  auc:0.9639 ap:0.9699 f1: 0.9362 pred_right: 38645 pred_wrong:355 actu_right: 38603 actu_wrong: 397
2026-07-03 06:56:35,474 P1485450 INFO pr:0.9764  rc:0.9612  auc:0.9918 ap:0.9826 f1: 0.9688 pred_right: 16373 pred_wrong:127 actu_right: 16371 actu_wrong: 129
2026-07-03 06:56:35,475 P1485450 INFO ----------------------------------------------------------------------------------------------------
2026-07-03 06:56:35,475 P1485450 INFO 248/300 starting... lr: 0.0008100000000000001 para:0.01
2026-07-03 06:56:45,359 P1485450 INFO Epoch 248/300, all_loss:0.66140 cls_loss:0.66748 rec_loss:0.06007 [9.88s]; best loss:0.00025, patience : 4
2026-07-03 06:56:47,571 P1485450 INFO pr:0.9657  rc:0.9242  auc:0.9742 ap:0.9700 f1: 0.9445 pred_right: 38621 pred_wrong:379 actu_right: 38604 actu_wrong: 396
2026-07-03 06:56:48,585 P1485450 INFO pr:0.9191  rc:0.9690  auc:0.9902 ap:0.9729 f1: 0.9434 pred_right: 16364 pred_wrong:136 actu_right: 16371 actu_wrong: 129
2026-07-03 06:56:48,585 P1485450 INFO ----------------------------------------------------------------------------------------------------
2026-07-03 06:56:48,585 P1485450 INFO 249/300 starting... lr: 0.0008100000000000001 para:0.01
2026-07-03 06:56:54,727 P1485450 INFO Epoch 249/300, all_loss:0.04273 cls_loss:0.04250 rec_loss:0.06546 [6.14s]; best loss:0.00025, patience : 4
2026-07-03 06:56:57,033 P1485450 INFO pr:0.9735  rc:0.9268  auc:0.9769 ap:0.9768 f1: 0.9495 pred_right: 38623 pred_wrong:377 actu_right: 38604 actu_wrong: 396
2026-07-03 06:56:57,980 P1485450 INFO pr:0.9407  rc:0.9845  auc:0.9975 ap:0.9809 f1: 0.9621 pred_right: 16365 pred_wrong:135 actu_right: 16371 actu_wrong: 129
2026-07-03 06:56:57,981 P1485450 INFO ----------------------------------------------------------------------------------------------------
2026-07-03 06:56:57,981 P1485450 INFO 250/300 starting... lr: 0.0008100000000000001 para:0.01
2026-07-03 06:57:03,957 P1485450 INFO Epoch 250/300, all_loss:0.01057 cls_loss:0.01001 rec_loss:0.06651 [5.98s]; best loss:0.00025, patience : 4
2026-07-03 06:57:06,155 P1485450 INFO pr:0.9787  rc:0.9244  auc:0.9769 ap:0.9764 f1: 0.9508 pred_right: 38625 pred_wrong:375 actu_right: 38603 actu_wrong: 397
2026-07-03 06:57:07,085 P1485450 INFO pr:0.9542  rc:0.9690  auc:0.9919 ap:0.9810 f1: 0.9615 pred_right: 16369 pred_wrong:131 actu_right: 16371 actu_wrong: 129
2026-07-03 06:57:07,086 P1485450 INFO ----------------------------------------------------------------------------------------------------
2026-07-03 06:57:07,086 P1485450 INFO 251/300 starting... lr: 0.0008100000000000001 para:0.01
2026-07-03 06:57:13,070 P1485450 INFO Epoch 251/300, all_loss:0.00067 cls_loss:0.00004 rec_loss:0.06342 [5.98s]; best loss:0.00025, patience : 4
2026-07-03 06:57:15,339 P1485450 INFO pr:0.9786  rc:0.9219  auc:0.9766 ap:0.9765 f1: 0.9494 pred_right: 38626 pred_wrong:374 actu_right: 38603 actu_wrong: 397
2026-07-03 06:57:16,202 P1485450 INFO pr:0.9542  rc:0.9690  auc:0.9919 ap:0.9809 f1: 0.9615 pred_right: 16369 pred_wrong:131 actu_right: 16371 actu_wrong: 129
2026-07-03 06:57:16,202 P1485450 INFO ----------------------------------------------------------------------------------------------------
2026-07-03 06:57:16,202 P1485450 INFO 252/300 starting... lr: 0.0008100000000000001 para:0.01
2026-07-03 06:57:22,127 P1485450 INFO Epoch 252/300, all_loss:0.00061 cls_loss:0.00001 rec_loss:0.06021 [5.92s]; best loss:0.00025, patience : 4
2026-07-03 06:57:24,381 P1485450 INFO pr:0.9786  rc:0.9217  auc:0.9764 ap:0.9764 f1: 0.9493 pred_right: 38627 pred_wrong:373 actu_right: 38604 actu_wrong: 396
2026-07-03 06:57:25,362 P1485450 INFO pr:0.9542  rc:0.9690  auc:0.9918 ap:0.9805 f1: 0.9615 pred_right: 16369 pred_wrong:131 actu_right: 16371 actu_wrong: 129
2026-07-03 06:57:25,363 P1485450 INFO ----------------------------------------------------------------------------------------------------
2026-07-03 06:57:25,363 P1485450 INFO 253/300 starting... lr: 0.0008100000000000001 para:0.01
2026-07-03 06:57:31,473 P1485450 INFO Epoch 253/300, all_loss:0.00058 cls_loss:0.00001 rec_loss:0.05666 [6.11s]; best loss:0.00025, patience : 4
2026-07-03 06:57:33,668 P1485450 INFO pr:0.9787  rc:0.9270  auc:0.9764 ap:0.9765 f1: 0.9521 pred_right: 38624 pred_wrong:376 actu_right: 38603 actu_wrong: 397
2026-07-03 06:57:34,549 P1485450 INFO pr:0.9542  rc:0.9690  auc:0.9918 ap:0.9804 f1: 0.9615 pred_right: 16369 pred_wrong:131 actu_right: 16371 actu_wrong: 129
2026-07-03 06:57:34,550 P1485450 INFO ----------------------------------------------------------------------------------------------------
2026-07-03 06:57:34,550 P1485450 INFO 254/300 starting... lr: 0.0008100000000000001 para:0.01
2026-07-03 06:57:42,009 P1485450 INFO Epoch 254/300, all_loss:0.00055 cls_loss:0.00001 rec_loss:0.05370 [7.46s]; best loss:0.00025, patience : 4
2026-07-03 06:57:43,683 P1485450 INFO pr:0.9787  rc:0.9270  auc:0.9763 ap:0.9766 f1: 0.9521 pred_right: 38624 pred_wrong:376 actu_right: 38603 actu_wrong: 397
2026-07-03 06:57:44,406 P1485450 INFO pr:0.9542  rc:0.9690  auc:0.9918 ap:0.9801 f1: 0.9615 pred_right: 16369 pred_wrong:131 actu_right: 16371 actu_wrong: 129
2026-07-03 06:57:44,407 P1485450 INFO ----------------------------------------------------------------------------------------------------
2026-07-03 06:57:44,407 P1485450 INFO 255/300 starting... lr: 0.0008100000000000001 para:0.01
2026-07-03 06:57:49,508 P1485450 INFO Epoch 255/300, all_loss:0.00052 cls_loss:0.00001 rec_loss:0.05090 [5.10s]; best loss:0.00025, patience : 4
2026-07-03 06:57:51,525 P1485450 INFO pr:0.9787  rc:0.9268  auc:0.9761 ap:0.9765 f1: 0.9520 pred_right: 38625 pred_wrong:375 actu_right: 38604 actu_wrong: 396
2026-07-03 06:57:52,349 P1485450 INFO pr:0.9542  rc:0.9690  auc:0.9937 ap:0.9799 f1: 0.9615 pred_right: 16369 pred_wrong:131 actu_right: 16371 actu_wrong: 129
2026-07-03 06:57:52,349 P1485450 INFO ----------------------------------------------------------------------------------------------------
2026-07-03 06:57:52,349 P1485450 INFO 256/300 starting... lr: 0.0008100000000000001 para:0.01
2026-07-03 06:58:03,100 P1485450 INFO Epoch 256/300, all_loss:0.00049 cls_loss:0.00001 rec_loss:0.04836 [10.75s]; best loss:0.00025, patience : 4
2026-07-03 06:58:06,945 P1485450 INFO pr:0.9787  rc:0.9270  auc:0.9760 ap:0.9766 f1: 0.9521 pred_right: 38624 pred_wrong:376 actu_right: 38603 actu_wrong: 397
2026-07-03 06:58:07,995 P1485450 INFO pr:0.9470  rc:0.9690  auc:0.9936 ap:0.9798 f1: 0.9579 pred_right: 16368 pred_wrong:132 actu_right: 16371 actu_wrong: 129
2026-07-03 06:58:07,996 P1485450 INFO ----------------------------------------------------------------------------------------------------
2026-07-03 06:58:07,996 P1485450 INFO 257/300 starting... lr: 0.0008100000000000001 para:0.01
2026-07-03 06:58:14,041 P1485450 INFO Epoch 257/300, all_loss:0.00047 cls_loss:0.00001 rec_loss:0.04624 [6.04s]; best loss:0.00025, patience : 4
2026-07-03 06:58:16,357 P1485450 INFO pr:0.9787  rc:0.9293  auc:0.9759 ap:0.9766 f1: 0.9534 pred_right: 38624 pred_wrong:376 actu_right: 38604 actu_wrong: 396
2026-07-03 06:58:17,263 P1485450 INFO pr:0.9470  rc:0.9690  auc:0.9935 ap:0.9795 f1: 0.9579 pred_right: 16368 pred_wrong:132 actu_right: 16371 actu_wrong: 129
2026-07-03 06:58:17,263 P1485450 INFO ----------------------------------------------------------------------------------------------------
2026-07-03 06:58:17,264 P1485450 INFO 258/300 starting... lr: 0.0008100000000000001 para:0.01
2026-07-03 06:58:23,224 P1485450 INFO Epoch 258/300, all_loss:0.00045 cls_loss:0.00001 rec_loss:0.04420 [5.96s]; best loss:0.00025, patience : 4
2026-07-03 06:58:25,584 P1485450 INFO pr:0.9762  rc:0.9295  auc:0.9758 ap:0.9767 f1: 0.9523 pred_right: 38622 pred_wrong:378 actu_right: 38603 actu_wrong: 397
2026-07-03 06:58:26,447 P1485450 INFO pr:0.9398  rc:0.9690  auc:0.9934 ap:0.9793 f1: 0.9542 pred_right: 16367 pred_wrong:133 actu_right: 16371 actu_wrong: 129
2026-07-03 06:58:26,448 P1485450 INFO ----------------------------------------------------------------------------------------------------
2026-07-03 06:58:26,448 P1485450 INFO 259/300 starting... lr: 0.0008100000000000001 para:0.01
2026-07-03 06:58:32,373 P1485450 INFO Epoch 259/300, all_loss:0.00043 cls_loss:0.00001 rec_loss:0.04256 [5.92s]; best loss:0.00025, patience : 4
2026-07-03 06:58:34,500 P1485450 INFO pr:0.9762  rc:0.9295  auc:0.9757 ap:0.9767 f1: 0.9523 pred_right: 38622 pred_wrong:378 actu_right: 38603 actu_wrong: 397
2026-07-03 06:58:35,635 P1485450 INFO pr:0.9398  rc:0.9690  auc:0.9933 ap:0.9791 f1: 0.9542 pred_right: 16367 pred_wrong:133 actu_right: 16371 actu_wrong: 129
2026-07-03 06:58:35,636 P1485450 INFO ----------------------------------------------------------------------------------------------------
2026-07-03 06:58:35,636 P1485450 INFO 260/300 starting... lr: 0.0008100000000000001 para:0.01
2026-07-03 06:58:41,518 P1485450 INFO Epoch 260/300, all_loss:0.00042 cls_loss:0.00001 rec_loss:0.04087 [5.88s]; best loss:0.00025, patience : 4
2026-07-03 06:58:43,755 P1485450 INFO pr:0.9761  rc:0.9293  auc:0.9762 ap:0.9768 f1: 0.9521 pred_right: 38623 pred_wrong:377 actu_right: 38604 actu_wrong: 396
2026-07-03 06:58:44,601 P1485450 INFO pr:0.9398  rc:0.9690  auc:0.9929 ap:0.9789 f1: 0.9542 pred_right: 16367 pred_wrong:133 actu_right: 16371 actu_wrong: 129
2026-07-03 06:58:44,602 P1485450 INFO ----------------------------------------------------------------------------------------------------
2026-07-03 06:58:44,602 P1485450 INFO 261/300 starting... lr: 0.0008100000000000001 para:0.01
2026-07-03 06:58:50,716 P1485450 INFO Epoch 261/300, all_loss:0.00040 cls_loss:0.00001 rec_loss:0.03949 [6.11s]; best loss:0.00025, patience : 4
2026-07-03 06:58:53,154 P1485450 INFO pr:0.9735  rc:0.9293  auc:0.9761 ap:0.9768 f1: 0.9509 pred_right: 38622 pred_wrong:378 actu_right: 38604 actu_wrong: 396
2026-07-03 06:58:53,995 P1485450 INFO pr:0.9398  rc:0.9690  auc:0.9925 ap:0.9785 f1: 0.9542 pred_right: 16367 pred_wrong:133 actu_right: 16371 actu_wrong: 129
2026-07-03 06:58:53,995 P1485450 INFO ----------------------------------------------------------------------------------------------------
2026-07-03 06:58:53,996 P1485450 INFO 262/300 starting... lr: 0.0008100000000000001 para:0.01
2026-07-03 06:59:00,149 P1485450 INFO Epoch 262/300, all_loss:0.00039 cls_loss:0.00001 rec_loss:0.03814 [6.15s]; best loss:0.00025, patience : 4
2026-07-03 06:59:02,304 P1485450 INFO pr:0.9735  rc:0.9293  auc:0.9760 ap:0.9768 f1: 0.9509 pred_right: 38622 pred_wrong:378 actu_right: 38604 actu_wrong: 396
2026-07-03 06:59:03,160 P1485450 INFO pr:0.9398  rc:0.9690  auc:0.9922 ap:0.9784 f1: 0.9542 pred_right: 16367 pred_wrong:133 actu_right: 16371 actu_wrong: 129
2026-07-03 06:59:03,161 P1485450 INFO ----------------------------------------------------------------------------------------------------
2026-07-03 06:59:03,161 P1485450 INFO 263/300 starting... lr: 0.0008100000000000001 para:0.01
2026-07-03 06:59:09,763 P1485450 INFO Epoch 263/300, all_loss:0.00038 cls_loss:0.00001 rec_loss:0.03697 [6.60s]; best loss:0.00025, patience : 4
2026-07-03 06:59:11,347 P1485450 INFO pr:0.9736  rc:0.9295  auc:0.9760 ap:0.9769 f1: 0.9510 pred_right: 38621 pred_wrong:379 actu_right: 38603 actu_wrong: 397
2026-07-03 06:59:12,023 P1485450 INFO pr:0.9398  rc:0.9690  auc:0.9919 ap:0.9781 f1: 0.9542 pred_right: 16367 pred_wrong:133 actu_right: 16371 actu_wrong: 129
2026-07-03 06:59:12,024 P1485450 INFO ----------------------------------------------------------------------------------------------------
2026-07-03 06:59:12,024 P1485450 INFO 264/300 starting... lr: 0.0008100000000000001 para:0.01
2026-07-03 06:59:17,260 P1485450 INFO Epoch 264/300, all_loss:0.00037 cls_loss:0.00001 rec_loss:0.03593 [5.24s]; best loss:0.00025, patience : 4
2026-07-03 06:59:18,973 P1485450 INFO pr:0.9736  rc:0.9295  auc:0.9759 ap:0.9769 f1: 0.9510 pred_right: 38621 pred_wrong:379 actu_right: 38603 actu_wrong: 397
2026-07-03 06:59:19,736 P1485450 INFO pr:0.9398  rc:0.9690  auc:0.9917 ap:0.9779 f1: 0.9542 pred_right: 16367 pred_wrong:133 actu_right: 16371 actu_wrong: 129
2026-07-03 06:59:19,736 P1485450 INFO ----------------------------------------------------------------------------------------------------
2026-07-03 06:59:19,736 P1485450 INFO 265/300 starting... lr: 0.0008100000000000001 para:0.01
2026-07-03 06:59:32,051 P1485450 INFO Epoch 265/300, all_loss:0.00036 cls_loss:0.00001 rec_loss:0.03491 [12.31s]; best loss:0.00025, patience : 4
2026-07-03 06:59:34,477 P1485450 INFO pr:0.9736  rc:0.9295  auc:0.9765 ap:0.9770 f1: 0.9510 pred_right: 38621 pred_wrong:379 actu_right: 38603 actu_wrong: 397
2026-07-03 06:59:35,400 P1485450 INFO pr:0.9398  rc:0.9690  auc:0.9916 ap:0.9776 f1: 0.9542 pred_right: 16367 pred_wrong:133 actu_right: 16371 actu_wrong: 129
2026-07-03 06:59:35,400 P1485450 INFO ----------------------------------------------------------------------------------------------------
2026-07-03 06:59:35,401 P1485450 INFO 266/300 starting... lr: 0.0008100000000000001 para:0.01
2026-07-03 06:59:41,567 P1485450 INFO Epoch 266/300, all_loss:0.00035 cls_loss:0.00001 rec_loss:0.03406 [6.17s]; best loss:0.00025, patience : 4
2026-07-03 06:59:43,833 P1485450 INFO pr:0.9762  rc:0.9295  auc:0.9758 ap:0.9770 f1: 0.9523 pred_right: 38622 pred_wrong:378 actu_right: 38603 actu_wrong: 397
2026-07-03 06:59:44,782 P1485450 INFO pr:0.9398  rc:0.9690  auc:0.9912 ap:0.9771 f1: 0.9542 pred_right: 16367 pred_wrong:133 actu_right: 16371 actu_wrong: 129
2026-07-03 06:59:44,782 P1485450 INFO ----------------------------------------------------------------------------------------------------
2026-07-03 06:59:44,782 P1485450 INFO 267/300 starting... lr: 0.0008100000000000001 para:0.01
2026-07-03 06:59:50,948 P1485450 INFO Epoch 267/300, all_loss:0.00034 cls_loss:0.00001 rec_loss:0.03327 [6.16s]; best loss:0.00025, patience : 4
2026-07-03 06:59:53,269 P1485450 INFO pr:0.9762  rc:0.9295  auc:0.9764 ap:0.9770 f1: 0.9523 pred_right: 38622 pred_wrong:378 actu_right: 38603 actu_wrong: 397
2026-07-03 06:59:54,237 P1485450 INFO pr:0.9398  rc:0.9690  auc:0.9907 ap:0.9768 f1: 0.9542 pred_right: 16367 pred_wrong:133 actu_right: 16371 actu_wrong: 129
2026-07-03 06:59:54,238 P1485450 INFO ----------------------------------------------------------------------------------------------------
2026-07-03 06:59:54,238 P1485450 INFO 268/300 starting... lr: 0.0008100000000000001 para:0.01
2026-07-03 07:00:00,210 P1485450 INFO Epoch 268/300, all_loss:0.00033 cls_loss:0.00001 rec_loss:0.03240 [5.97s]; best loss:0.00025, patience : 4
2026-07-03 07:00:02,145 P1485450 INFO pr:0.9762  rc:0.9295  auc:0.9763 ap:0.9770 f1: 0.9523 pred_right: 38622 pred_wrong:378 actu_right: 38603 actu_wrong: 397
2026-07-03 07:00:02,977 P1485450 INFO pr:0.9398  rc:0.9690  auc:0.9885 ap:0.9763 f1: 0.9542 pred_right: 16367 pred_wrong:133 actu_right: 16371 actu_wrong: 129
2026-07-03 07:00:02,978 P1485450 INFO ----------------------------------------------------------------------------------------------------
2026-07-03 07:00:02,985 P1485450 INFO 269/300 starting... lr: 0.0008100000000000001 para:0.01
2026-07-03 07:00:08,937 P1485450 INFO Epoch 269/300, all_loss:0.00032 cls_loss:0.00001 rec_loss:0.03184 [5.95s]; best loss:0.00025, patience : 4
2026-07-03 07:00:11,156 P1485450 INFO pr:0.9762  rc:0.9295  auc:0.9763 ap:0.9770 f1: 0.9523 pred_right: 38622 pred_wrong:378 actu_right: 38603 actu_wrong: 397
2026-07-03 07:00:12,054 P1485450 INFO pr:0.9398  rc:0.9690  auc:0.9872 ap:0.9763 f1: 0.9542 pred_right: 16367 pred_wrong:133 actu_right: 16371 actu_wrong: 129
2026-07-03 07:00:12,054 P1485450 INFO ----------------------------------------------------------------------------------------------------
2026-07-03 07:00:12,055 P1485450 INFO 270/300 starting... lr: 0.0008100000000000001 para:0.01
2026-07-03 07:00:18,051 P1485450 INFO Epoch 270/300, all_loss:0.00032 cls_loss:0.00001 rec_loss:0.03115 [6.00s]; best loss:0.00025, patience : 4
2026-07-03 07:00:20,243 P1485450 INFO pr:0.9761  rc:0.9244  auc:0.9761 ap:0.9769 f1: 0.9495 pred_right: 38624 pred_wrong:376 actu_right: 38603 actu_wrong: 397
2026-07-03 07:00:21,117 P1485450 INFO pr:0.9398  rc:0.9690  auc:0.9865 ap:0.9763 f1: 0.9542 pred_right: 16367 pred_wrong:133 actu_right: 16371 actu_wrong: 129
2026-07-03 07:00:21,118 P1485450 INFO ----------------------------------------------------------------------------------------------------
2026-07-03 07:00:21,118 P1485450 INFO 271/300 starting... lr: 0.0008100000000000001 para:0.01
2026-07-03 07:00:27,167 P1485450 INFO Epoch 271/300, all_loss:0.00031 cls_loss:0.00001 rec_loss:0.03052 [6.05s]; best loss:0.00025, patience : 4
2026-07-03 07:00:29,626 P1485450 INFO pr:0.9761  rc:0.9244  auc:0.9767 ap:0.9769 f1: 0.9495 pred_right: 38624 pred_wrong:376 actu_right: 38603 actu_wrong: 397
2026-07-03 07:00:30,496 P1485450 INFO pr:0.9470  rc:0.9690  auc:0.9862 ap:0.9762 f1: 0.9579 pred_right: 16368 pred_wrong:132 actu_right: 16371 actu_wrong: 129
2026-07-03 07:00:30,496 P1485450 INFO ----------------------------------------------------------------------------------------------------
2026-07-03 07:00:30,503 P1485450 INFO 272/300 starting... lr: 0.0008100000000000001 para:0.01
2026-07-03 07:00:36,685 P1485450 INFO Epoch 272/300, all_loss:0.00031 cls_loss:0.00001 rec_loss:0.03001 [6.18s]; best loss:0.00025, patience : 4
2026-07-03 07:00:38,263 P1485450 INFO pr:0.9761  rc:0.9244  auc:0.9766 ap:0.9768 f1: 0.9495 pred_right: 38624 pred_wrong:376 actu_right: 38603 actu_wrong: 397
2026-07-03 07:00:38,960 P1485450 INFO pr:0.9542  rc:0.9690  auc:0.9860 ap:0.9762 f1: 0.9615 pred_right: 16369 pred_wrong:131 actu_right: 16371 actu_wrong: 129
2026-07-03 07:00:38,961 P1485450 INFO ----------------------------------------------------------------------------------------------------
2026-07-03 07:00:38,961 P1485450 INFO 273/300 starting... lr: 0.0008100000000000001 para:0.01
2026-07-03 07:00:44,657 P1485450 INFO Epoch 273/300, all_loss:0.00030 cls_loss:0.00000 rec_loss:0.02955 [5.70s]; best loss:0.00025, patience : 4
2026-07-03 07:00:47,046 P1485450 INFO pr:0.9761  rc:0.9244  auc:0.9765 ap:0.9768 f1: 0.9495 pred_right: 38624 pred_wrong:376 actu_right: 38603 actu_wrong: 397
2026-07-03 07:00:49,177 P1485450 INFO pr:0.9542  rc:0.9690  auc:0.9858 ap:0.9762 f1: 0.9615 pred_right: 16369 pred_wrong:131 actu_right: 16371 actu_wrong: 129
2026-07-03 07:00:49,178 P1485450 INFO ----------------------------------------------------------------------------------------------------
2026-07-03 07:00:49,178 P1485450 INFO 274/300 starting... lr: 0.0008100000000000001 para:0.01
2026-07-03 07:00:59,760 P1485450 INFO Epoch 274/300, all_loss:0.00030 cls_loss:0.00000 rec_loss:0.02918 [10.58s]; best loss:0.00025, patience : 4
2026-07-03 07:01:01,998 P1485450 INFO pr:0.9787  rc:0.9244  auc:0.9764 ap:0.9768 f1: 0.9508 pred_right: 38625 pred_wrong:375 actu_right: 38603 actu_wrong: 397
2026-07-03 07:01:02,843 P1485450 INFO pr:0.9542  rc:0.9690  auc:0.9856 ap:0.9761 f1: 0.9615 pred_right: 16369 pred_wrong:131 actu_right: 16371 actu_wrong: 129
2026-07-03 07:01:02,844 P1485450 INFO ----------------------------------------------------------------------------------------------------
2026-07-03 07:01:02,844 P1485450 INFO 275/300 starting... lr: 0.0008100000000000001 para:0.01
2026-07-03 07:01:08,919 P1485450 INFO Epoch 275/300, all_loss:0.00029 cls_loss:0.00000 rec_loss:0.02863 [6.08s]; best loss:0.00025, patience : 4
2026-07-03 07:01:11,327 P1485450 INFO pr:0.9813  rc:0.9244  auc:0.9764 ap:0.9767 f1: 0.9520 pred_right: 38626 pred_wrong:374 actu_right: 38603 actu_wrong: 397
2026-07-03 07:01:12,362 P1485450 INFO pr:0.9542  rc:0.9690  auc:0.9855 ap:0.9761 f1: 0.9615 pred_right: 16369 pred_wrong:131 actu_right: 16371 actu_wrong: 129
2026-07-03 07:01:12,363 P1485450 INFO ----------------------------------------------------------------------------------------------------
2026-07-03 07:01:12,363 P1485450 INFO 276/300 starting... lr: 0.0008100000000000001 para:0.01
2026-07-03 07:01:18,316 P1485450 INFO Epoch 276/300, all_loss:0.00029 cls_loss:0.00000 rec_loss:0.02811 [5.95s]; best loss:0.00025, patience : 4
2026-07-03 07:01:20,294 P1485450 INFO pr:0.9839  rc:0.9242  auc:0.9762 ap:0.9766 f1: 0.9531 pred_right: 38628 pred_wrong:372 actu_right: 38604 actu_wrong: 396
2026-07-03 07:01:21,135 P1485450 INFO pr:0.9542  rc:0.9690  auc:0.9854 ap:0.9761 f1: 0.9615 pred_right: 16369 pred_wrong:131 actu_right: 16371 actu_wrong: 129
2026-07-03 07:01:21,136 P1485450 INFO ----------------------------------------------------------------------------------------------------
2026-07-03 07:01:21,136 P1485450 INFO 277/300 starting... lr: 0.0008100000000000001 para:0.01
2026-07-03 07:01:27,100 P1485450 INFO Epoch 277/300, all_loss:0.00028 cls_loss:0.00000 rec_loss:0.02794 [5.96s]; best loss:0.00025, patience : 4
2026-07-03 07:01:29,448 P1485450 INFO pr:0.9839  rc:0.9244  auc:0.9762 ap:0.9766 f1: 0.9532 pred_right: 38627 pred_wrong:373 actu_right: 38603 actu_wrong: 397
2026-07-03 07:01:30,329 P1485450 INFO pr:0.9542  rc:0.9690  auc:0.9853 ap:0.9761 f1: 0.9615 pred_right: 16369 pred_wrong:131 actu_right: 16371 actu_wrong: 129
2026-07-03 07:01:30,330 P1485450 INFO ----------------------------------------------------------------------------------------------------
2026-07-03 07:01:30,330 P1485450 INFO 278/300 starting... lr: 0.0008100000000000001 para:0.01
2026-07-03 07:01:36,412 P1485450 INFO Epoch 278/300, all_loss:0.00028 cls_loss:0.00000 rec_loss:0.02768 [6.08s]; best loss:0.00025, patience : 4
2026-07-03 07:01:38,549 P1485450 INFO pr:0.9839  rc:0.9244  auc:0.9762 ap:0.9766 f1: 0.9532 pred_right: 38627 pred_wrong:373 actu_right: 38603 actu_wrong: 397
2026-07-03 07:01:39,418 P1485450 INFO pr:0.9542  rc:0.9690  auc:0.9852 ap:0.9761 f1: 0.9615 pred_right: 16369 pred_wrong:131 actu_right: 16371 actu_wrong: 129
2026-07-03 07:01:39,419 P1485450 INFO ----------------------------------------------------------------------------------------------------
2026-07-03 07:01:39,419 P1485450 INFO 279/300 starting... lr: 0.0008100000000000001 para:0.01
2026-07-03 07:01:45,652 P1485450 INFO Epoch 279/300, all_loss:0.00027 cls_loss:0.00000 rec_loss:0.02695 [6.23s]; best loss:0.00025, patience : 4
2026-07-03 07:01:47,640 P1485450 INFO pr:0.9839  rc:0.9244  auc:0.9761 ap:0.9765 f1: 0.9532 pred_right: 38627 pred_wrong:373 actu_right: 38603 actu_wrong: 397
2026-07-03 07:01:48,478 P1485450 INFO pr:0.9542  rc:0.9690  auc:0.9850 ap:0.9761 f1: 0.9615 pred_right: 16369 pred_wrong:131 actu_right: 16371 actu_wrong: 129
2026-07-03 07:01:48,478 P1485450 INFO ----------------------------------------------------------------------------------------------------
2026-07-03 07:01:48,478 P1485450 INFO 280/300 starting... lr: 0.0008100000000000001 para:0.01
2026-07-03 07:01:54,549 P1485450 INFO Epoch 280/300, all_loss:0.00027 cls_loss:0.00000 rec_loss:0.02685 [6.07s]; best loss:0.00025, patience : 4
2026-07-03 07:01:57,352 P1485450 INFO pr:0.9839  rc:0.9266  auc:0.9767 ap:0.9775 f1: 0.9544 pred_right: 38628 pred_wrong:372 actu_right: 38605 actu_wrong: 395
2026-07-03 07:01:58,216 P1485450 INFO pr:0.9542  rc:0.9690  auc:0.9850 ap:0.9761 f1: 0.9615 pred_right: 16369 pred_wrong:131 actu_right: 16371 actu_wrong: 129
2026-07-03 07:01:58,217 P1485450 INFO ----------------------------------------------------------------------------------------------------
2026-07-03 07:01:58,217 P1485450 INFO 281/300 starting... lr: 0.0008100000000000001 para:0.01
2026-07-03 07:02:02,791 P1485450 INFO Epoch 281/300, all_loss:0.00027 cls_loss:0.00000 rec_loss:0.02668 [4.57s]; best loss:0.00025, patience : 4
2026-07-03 07:02:04,973 P1485450 INFO pr:0.9839  rc:0.9242  auc:0.9759 ap:0.9764 f1: 0.9531 pred_right: 38628 pred_wrong:372 actu_right: 38604 actu_wrong: 396
2026-07-03 07:02:05,835 P1485450 INFO pr:0.9542  rc:0.9690  auc:0.9849 ap:0.9761 f1: 0.9615 pred_right: 16369 pred_wrong:131 actu_right: 16371 actu_wrong: 129
2026-07-03 07:02:05,836 P1485450 INFO ----------------------------------------------------------------------------------------------------
2026-07-03 07:02:05,836 P1485450 INFO 282/300 starting... lr: 0.0008100000000000001 para:0.01
2026-07-03 07:02:13,504 P1485450 INFO Epoch 282/300, all_loss:0.00027 cls_loss:0.00000 rec_loss:0.02629 [7.67s]; best loss:0.00025, patience : 4
2026-07-03 07:02:18,920 P1485450 INFO pr:0.9839  rc:0.9244  auc:0.9757 ap:0.9763 f1: 0.9532 pred_right: 38627 pred_wrong:373 actu_right: 38603 actu_wrong: 397
2026-07-03 07:02:21,100 P1485450 INFO pr:0.9542  rc:0.9690  auc:0.9848 ap:0.9761 f1: 0.9615 pred_right: 16369 pred_wrong:131 actu_right: 16371 actu_wrong: 129
2026-07-03 07:02:21,101 P1485450 INFO ----------------------------------------------------------------------------------------------------
2026-07-03 07:02:21,101 P1485450 INFO 283/300 starting... lr: 0.0008100000000000001 para:0.01
2026-07-03 07:02:27,660 P1485450 INFO Epoch 283/300, all_loss:0.00027 cls_loss:0.00000 rec_loss:0.02613 [6.56s]; best loss:0.00025, patience : 4
2026-07-03 07:02:29,717 P1485450 INFO pr:0.9839  rc:0.9244  auc:0.9756 ap:0.9763 f1: 0.9532 pred_right: 38627 pred_wrong:373 actu_right: 38603 actu_wrong: 397
2026-07-03 07:02:30,679 P1485450 INFO pr:0.9542  rc:0.9690  auc:0.9847 ap:0.9761 f1: 0.9615 pred_right: 16369 pred_wrong:131 actu_right: 16371 actu_wrong: 129
2026-07-03 07:02:30,680 P1485450 INFO ----------------------------------------------------------------------------------------------------
2026-07-03 07:02:30,680 P1485450 INFO 284/300 starting... lr: 0.0008100000000000001 para:0.01
2026-07-03 07:02:36,712 P1485450 INFO Epoch 284/300, all_loss:0.00026 cls_loss:0.00000 rec_loss:0.02568 [6.03s]; best loss:0.00025, patience : 4
2026-07-03 07:02:38,950 P1485450 INFO pr:0.9839  rc:0.9244  auc:0.9755 ap:0.9762 f1: 0.9532 pred_right: 38627 pred_wrong:373 actu_right: 38603 actu_wrong: 397
2026-07-03 07:02:39,797 P1485450 INFO pr:0.9542  rc:0.9690  auc:0.9846 ap:0.9761 f1: 0.9615 pred_right: 16369 pred_wrong:131 actu_right: 16371 actu_wrong: 129
2026-07-03 07:02:39,798 P1485450 INFO ----------------------------------------------------------------------------------------------------
2026-07-03 07:02:39,798 P1485450 INFO 285/300 starting... lr: 0.0008100000000000001 para:0.01
2026-07-03 07:02:45,765 P1485450 INFO Epoch 285/300, all_loss:0.00026 cls_loss:0.00000 rec_loss:0.02519 [5.97s]; best loss:0.00025, patience : 4
2026-07-03 07:02:47,888 P1485450 INFO pr:0.9839  rc:0.9244  auc:0.9753 ap:0.9762 f1: 0.9532 pred_right: 38627 pred_wrong:373 actu_right: 38603 actu_wrong: 397
2026-07-03 07:02:48,777 P1485450 INFO pr:0.9542  rc:0.9690  auc:0.9846 ap:0.9761 f1: 0.9615 pred_right: 16369 pred_wrong:131 actu_right: 16371 actu_wrong: 129
2026-07-03 07:02:48,777 P1485450 INFO ----------------------------------------------------------------------------------------------------
2026-07-03 07:02:48,778 P1485450 INFO 286/300 starting... lr: 0.0008100000000000001 para:0.01
2026-07-03 07:02:54,696 P1485450 INFO Epoch 286/300, all_loss:0.00026 cls_loss:0.00000 rec_loss:0.02566 [5.92s]; best loss:0.00025, patience : 5
2026-07-03 07:02:56,757 P1485450 INFO pr:0.9839  rc:0.9268  auc:0.9765 ap:0.9775 f1: 0.9545 pred_right: 38627 pred_wrong:373 actu_right: 38604 actu_wrong: 396
2026-07-03 07:02:57,647 P1485450 INFO pr:0.9542  rc:0.9690  auc:0.9845 ap:0.9761 f1: 0.9615 pred_right: 16369 pred_wrong:131 actu_right: 16371 actu_wrong: 129
2026-07-03 07:02:57,648 P1485450 INFO ----------------------------------------------------------------------------------------------------
2026-07-03 07:02:57,648 P1485450 INFO 287/300 starting... lr: 0.0008100000000000001 para:0.01
2026-07-03 07:03:03,817 P1485450 INFO Epoch 287/300, all_loss:0.00025 cls_loss:0.00000 rec_loss:0.02457 [6.16s]; best loss:0.00025, patience : 0
2026-07-03 07:03:05,974 P1485450 INFO pr:0.9839  rc:0.9242  auc:0.9750 ap:0.9760 f1: 0.9531 pred_right: 38628 pred_wrong:372 actu_right: 38604 actu_wrong: 396
2026-07-03 07:03:06,932 P1485450 INFO pr:0.9542  rc:0.9690  auc:0.9845 ap:0.9761 f1: 0.9615 pred_right: 16369 pred_wrong:131 actu_right: 16371 actu_wrong: 129
2026-07-03 07:03:06,932 P1485450 INFO ----------------------------------------------------------------------------------------------------
2026-07-03 07:03:06,939 P1485450 INFO 288/300 starting... lr: 0.0008100000000000001 para:0.01
2026-07-03 07:03:13,036 P1485450 INFO Epoch 288/300, all_loss:0.00027 cls_loss:0.00000 rec_loss:0.02617 [6.10s]; best loss:0.00025, patience : 1
2026-07-03 07:03:15,243 P1485450 INFO pr:0.9839  rc:0.9242  auc:0.9750 ap:0.9761 f1: 0.9531 pred_right: 38628 pred_wrong:372 actu_right: 38604 actu_wrong: 396
2026-07-03 07:03:16,125 P1485450 INFO pr:0.9542  rc:0.9690  auc:0.9844 ap:0.9760 f1: 0.9615 pred_right: 16369 pred_wrong:131 actu_right: 16371 actu_wrong: 129
2026-07-03 07:03:16,125 P1485450 INFO ----------------------------------------------------------------------------------------------------
2026-07-03 07:03:16,125 P1485450 INFO 289/300 starting... lr: 0.0008100000000000001 para:0.01
2026-07-03 07:03:23,175 P1485450 INFO Epoch 289/300, all_loss:0.00025 cls_loss:0.00000 rec_loss:0.02449 [7.04s]; best loss:0.00025, patience : 0
2026-07-03 07:03:24,904 P1485450 INFO pr:0.9839  rc:0.9244  auc:0.9749 ap:0.9761 f1: 0.9532 pred_right: 38627 pred_wrong:373 actu_right: 38603 actu_wrong: 397
2026-07-03 07:03:25,572 P1485450 INFO pr:0.9542  rc:0.9690  auc:0.9844 ap:0.9760 f1: 0.9615 pred_right: 16369 pred_wrong:131 actu_right: 16371 actu_wrong: 129
2026-07-03 07:03:25,573 P1485450 INFO ----------------------------------------------------------------------------------------------------
2026-07-03 07:03:25,580 P1485450 INFO 290/300 starting... lr: 0.0008100000000000001 para:0.01
2026-07-03 07:03:30,551 P1485450 INFO Epoch 290/300, all_loss:0.00024 cls_loss:0.00000 rec_loss:0.02390 [4.97s]; best loss:0.00024, patience : 0
2026-07-03 07:03:32,887 P1485450 INFO pr:0.9839  rc:0.9244  auc:0.9748 ap:0.9761 f1: 0.9532 pred_right: 38627 pred_wrong:373 actu_right: 38603 actu_wrong: 397
2026-07-03 07:03:33,758 P1485450 INFO pr:0.9542  rc:0.9690  auc:0.9843 ap:0.9760 f1: 0.9615 pred_right: 16369 pred_wrong:131 actu_right: 16371 actu_wrong: 129
2026-07-03 07:03:33,758 P1485450 INFO ----------------------------------------------------------------------------------------------------
2026-07-03 07:03:33,758 P1485450 INFO 291/300 starting... lr: 0.0008100000000000001 para:0.01
2026-07-03 07:03:43,485 P1485450 INFO Epoch 291/300, all_loss:0.00024 cls_loss:0.00000 rec_loss:0.02364 [9.72s]; best loss:0.00024, patience : 0
2026-07-03 07:03:47,424 P1485450 INFO pr:0.9839  rc:0.9242  auc:0.9738 ap:0.9760 f1: 0.9531 pred_right: 38628 pred_wrong:372 actu_right: 38604 actu_wrong: 396
2026-07-03 07:03:48,519 P1485450 INFO pr:0.9542  rc:0.9690  auc:0.9842 ap:0.9760 f1: 0.9615 pred_right: 16369 pred_wrong:131 actu_right: 16371 actu_wrong: 129
2026-07-03 07:03:48,520 P1485450 INFO ----------------------------------------------------------------------------------------------------
2026-07-03 07:03:48,520 P1485450 INFO 292/300 starting... lr: 0.0008100000000000001 para:0.01
2026-07-03 07:03:54,629 P1485450 INFO Epoch 292/300, all_loss:0.00024 cls_loss:0.00000 rec_loss:0.02386 [6.11s]; best loss:0.00024, patience : 1
2026-07-03 07:03:56,810 P1485450 INFO pr:0.9839  rc:0.9244  auc:0.9738 ap:0.9760 f1: 0.9532 pred_right: 38627 pred_wrong:373 actu_right: 38603 actu_wrong: 397
2026-07-03 07:03:57,687 P1485450 INFO pr:0.9542  rc:0.9690  auc:0.9842 ap:0.9760 f1: 0.9615 pred_right: 16369 pred_wrong:131 actu_right: 16371 actu_wrong: 129
2026-07-03 07:03:57,687 P1485450 INFO ----------------------------------------------------------------------------------------------------
2026-07-03 07:03:57,687 P1485450 INFO 293/300 starting... lr: 0.0008100000000000001 para:0.01
2026-07-03 07:04:03,688 P1485450 INFO Epoch 293/300, all_loss:0.00024 cls_loss:0.00000 rec_loss:0.02335 [6.00s]; best loss:0.00024, patience : 0
2026-07-03 07:04:05,612 P1485450 INFO pr:0.9839  rc:0.9242  auc:0.9738 ap:0.9760 f1: 0.9531 pred_right: 38628 pred_wrong:372 actu_right: 38604 actu_wrong: 396
2026-07-03 07:04:06,489 P1485450 INFO pr:0.9542  rc:0.9690  auc:0.9842 ap:0.9760 f1: 0.9615 pred_right: 16369 pred_wrong:131 actu_right: 16371 actu_wrong: 129
2026-07-03 07:04:06,490 P1485450 INFO ----------------------------------------------------------------------------------------------------
2026-07-03 07:04:06,490 P1485450 INFO 294/300 starting... lr: 0.0008100000000000001 para:0.01
2026-07-03 07:04:12,409 P1485450 INFO Epoch 294/300, all_loss:0.00024 cls_loss:0.00000 rec_loss:0.02384 [5.92s]; best loss:0.00024, patience : 1
2026-07-03 07:04:14,754 P1485450 INFO pr:0.9839  rc:0.9242  auc:0.9737 ap:0.9760 f1: 0.9531 pred_right: 38628 pred_wrong:372 actu_right: 38604 actu_wrong: 396
2026-07-03 07:04:15,750 P1485450 INFO pr:0.9542  rc:0.9690  auc:0.9842 ap:0.9760 f1: 0.9615 pred_right: 16369 pred_wrong:131 actu_right: 16371 actu_wrong: 129
2026-07-03 07:04:15,751 P1485450 INFO ----------------------------------------------------------------------------------------------------
2026-07-03 07:04:15,751 P1485450 INFO 295/300 starting... lr: 0.0008100000000000001 para:0.01
2026-07-03 07:04:22,010 P1485450 INFO Epoch 295/300, all_loss:0.00023 cls_loss:0.00000 rec_loss:0.02288 [6.26s]; best loss:0.00023, patience : 0
2026-07-03 07:04:24,041 P1485450 INFO pr:0.9839  rc:0.9244  auc:0.9737 ap:0.9773 f1: 0.9532 pred_right: 38627 pred_wrong:373 actu_right: 38603 actu_wrong: 397
2026-07-03 07:04:24,873 P1485450 INFO pr:0.9615  rc:0.9690  auc:0.9841 ap:0.9760 f1: 0.9653 pred_right: 16370 pred_wrong:130 actu_right: 16371 actu_wrong: 129
2026-07-03 07:04:24,873 P1485450 INFO ----------------------------------------------------------------------------------------------------
2026-07-03 07:04:24,873 P1485450 INFO 296/300 starting... lr: 0.0008100000000000001 para:0.01
2026-07-03 07:04:31,056 P1485450 INFO Epoch 296/300, all_loss:0.00025 cls_loss:0.00000 rec_loss:0.02520 [6.18s]; best loss:0.00023, patience : 1
2026-07-03 07:04:33,373 P1485450 INFO pr:0.9813  rc:0.9244  auc:0.9744 ap:0.9761 f1: 0.9520 pred_right: 38626 pred_wrong:374 actu_right: 38603 actu_wrong: 397
2026-07-03 07:04:34,375 P1485450 INFO pr:0.9542  rc:0.9690  auc:0.9842 ap:0.9760 f1: 0.9615 pred_right: 16369 pred_wrong:131 actu_right: 16371 actu_wrong: 129
2026-07-03 07:04:34,376 P1485450 INFO ----------------------------------------------------------------------------------------------------
2026-07-03 07:04:34,376 P1485450 INFO 297/300 starting... lr: 0.0008100000000000001 para:0.01
2026-07-03 07:04:40,360 P1485450 INFO Epoch 297/300, all_loss:0.00023 cls_loss:0.00000 rec_loss:0.02268 [5.98s]; best loss:0.00023, patience : 0
2026-07-03 07:04:42,384 P1485450 INFO pr:0.9839  rc:0.9244  auc:0.9743 ap:0.9774 f1: 0.9532 pred_right: 38627 pred_wrong:373 actu_right: 38603 actu_wrong: 397
2026-07-03 07:04:43,209 P1485450 INFO pr:0.9542  rc:0.9690  auc:0.9841 ap:0.9760 f1: 0.9615 pred_right: 16369 pred_wrong:131 actu_right: 16371 actu_wrong: 129
2026-07-03 07:04:43,210 P1485450 INFO ----------------------------------------------------------------------------------------------------
2026-07-03 07:04:43,210 P1485450 INFO 298/300 starting... lr: 0.0008100000000000001 para:0.01
2026-07-03 07:04:49,442 P1485450 INFO Epoch 298/300, all_loss:0.00028 cls_loss:0.00000 rec_loss:0.02737 [6.23s]; best loss:0.00023, patience : 1
2026-07-03 07:04:51,148 P1485450 INFO pr:0.9839  rc:0.9244  auc:0.9743 ap:0.9774 f1: 0.9532 pred_right: 38627 pred_wrong:373 actu_right: 38603 actu_wrong: 397
2026-07-03 07:04:51,875 P1485450 INFO pr:0.9615  rc:0.9690  auc:0.9841 ap:0.9760 f1: 0.9653 pred_right: 16370 pred_wrong:130 actu_right: 16371 actu_wrong: 129
2026-07-03 07:04:51,876 P1485450 INFO ----------------------------------------------------------------------------------------------------
2026-07-03 07:04:51,876 P1485450 INFO 299/300 starting... lr: 0.0008100000000000001 para:0.01
2026-07-03 07:04:57,502 P1485450 INFO Epoch 299/300, all_loss:0.00023 cls_loss:0.00000 rec_loss:0.02303 [5.63s]; best loss:0.00023, patience : 1
2026-07-03 07:05:00,524 P1485450 INFO pr:0.9839  rc:0.9244  auc:0.9743 ap:0.9787 f1: 0.9532 pred_right: 38627 pred_wrong:373 actu_right: 38603 actu_wrong: 397
2026-07-03 07:05:02,345 P1485450 INFO pr:0.9542  rc:0.9690  auc:0.9841 ap:0.9760 f1: 0.9615 pred_right: 16369 pred_wrong:131 actu_right: 16371 actu_wrong: 129
2026-07-03 07:05:02,346 P1485450 INFO saving model...
2026-07-03 07:05:02,346 P1485450 INFO FITS_Legendre - loss  best score:0.0002287544630235061 at epoch 297
2026-07-03 07:05:02,354 P1485450 INFO FITS_Legendre - f1  best score:0.9598965071151359 at epoch 235
2026-07-03 07:05:02,361 P1485450 INFO Average training time per epoch: 6.50 seconds
2026-07-03 07:05:02,362 P1485450 INFO calculate scores...
2026-07-03 07:05:02,362 P1485450 INFO calculate label with loss...
2026-07-03 07:05:02,363 P1485450 INFO FITS_Legendre on ./result/FITS_Legendre-MSDS-Epochs300-Seed2 loading...
2026-07-03 07:05:03,972 P1485450 INFO pr:0.9542  rc:0.9690  auc:0.9841 ap:0.9760 f1: 0.9615 pred_right: 16369 pred_wrong:131 actu_right: 16371 actu_wrong: 129
2026-07-03 07:05:04,050 P1485450 ERROR Error during inference: Expected all tensors to be on the same device, but got mask is on cuda:0, different from other tensors on cpu (when checking argument in method wrapper_CUDA__masked_select)
2026-07-03 07:05:04,079 P1485450 ERROR Error during inference: Expected all tensors to be on the same device, but got mask is on cuda:0, different from other tensors on cpu (when checking argument in method wrapper_CUDA__masked_select)
2026-07-03 07:05:04,109 P1485450 ERROR Error during inference: Expected all tensors to be on the same device, but got mask is on cuda:0, different from other tensors on cpu (when checking argument in method wrapper_CUDA__masked_select)
2026-07-03 07:05:04,141 P1485450 ERROR Error during inference: Expected all tensors to be on the same device, but got mask is on cuda:0, different from other tensors on cpu (when checking argument in method wrapper_CUDA__masked_select)
2026-07-03 07:05:04,189 P1485450 ERROR Error during inference: Expected all tensors to be on the same device, but got mask is on cuda:0, different from other tensors on cpu (when checking argument in method wrapper_CUDA__masked_select)
2026-07-03 07:05:04,234 P1485450 ERROR Error during inference: Expected all tensors to be on the same device, but got mask is on cuda:0, different from other tensors on cpu (when checking argument in method wrapper_CUDA__masked_select)
2026-07-03 07:05:04,281 P1485450 ERROR Error during inference: Expected all tensors to be on the same device, but got mask is on cuda:0, different from other tensors on cpu (when checking argument in method wrapper_CUDA__masked_select)
2026-07-03 07:05:04,335 P1485450 ERROR Error during inference: Expected all tensors to be on the same device, but got mask is on cuda:0, different from other tensors on cpu (when checking argument in method wrapper_CUDA__masked_select)
2026-07-03 07:05:04,366 P1485450 ERROR Error during inference: Expected all tensors to be on the same device, but got mask is on cuda:0, different from other tensors on cpu (when checking argument in method wrapper_CUDA__masked_select)
2026-07-03 07:05:04,419 P1485450 ERROR Error during inference: Expected all tensors to be on the same device, but got mask is on cuda:0, different from other tensors on cpu (when checking argument in method wrapper_CUDA__masked_select)
2026-07-03 07:05:04,442 P1485450 ERROR Error during inference: Expected all tensors to be on the same device, but got mask is on cuda:0, different from other tensors on cpu (when checking argument in method wrapper_CUDA__masked_select)
2026-07-03 07:05:04,465 P1485450 ERROR Error during inference: Expected all tensors to be on the same device, but got mask is on cuda:0, different from other tensors on cpu (when checking argument in method wrapper_CUDA__masked_select)
2026-07-03 07:05:04,484 P1485450 ERROR Error during inference: Expected all tensors to be on the same device, but got mask is on cuda:0, different from other tensors on cpu (when checking argument in method wrapper_CUDA__masked_select)
2026-07-03 07:05:04,502 P1485450 ERROR Error during inference: Expected all tensors to be on the same device, but got mask is on cuda:0, different from other tensors on cpu (when checking argument in method wrapper_CUDA__masked_select)
2026-07-03 07:05:04,525 P1485450 ERROR Error during inference: Expected all tensors to be on the same device, but got mask is on cuda:0, different from other tensors on cpu (when checking argument in method wrapper_CUDA__masked_select)
2026-07-03 07:05:04,549 P1485450 ERROR Error during inference: Expected all tensors to be on the same device, but got mask is on cuda:0, different from other tensors on cpu (when checking argument in method wrapper_CUDA__masked_select)
2026-07-03 07:05:04,597 P1485450 ERROR Error during inference: Expected all tensors to be on the same device, but got mask is on cuda:0, different from other tensors on cpu (when checking argument in method wrapper_CUDA__masked_select)
2026-07-03 07:05:04,654 P1485450 ERROR Error during inference: Expected all tensors to be on the same device, but got mask is on cuda:0, different from other tensors on cpu (when checking argument in method wrapper_CUDA__masked_select)
2026-07-03 07:05:04,687 P1485450 ERROR Error during inference: Expected all tensors to be on the same device, but got mask is on cuda:0, different from other tensors on cpu (when checking argument in method wrapper_CUDA__masked_select)
2026-07-03 07:05:04,721 P1485450 ERROR Error during inference: Expected all tensors to be on the same device, but got mask is on cuda:0, different from other tensors on cpu (when checking argument in method wrapper_CUDA__masked_select)
2026-07-03 07:05:04,756 P1485450 ERROR Error during inference: Expected all tensors to be on the same device, but got mask is on cuda:0, different from other tensors on cpu (when checking argument in method wrapper_CUDA__masked_select)
2026-07-03 07:05:04,775 P1485450 ERROR Error during inference: Expected all tensors to be on the same device, but got mask is on cuda:0, different from other tensors on cpu (when checking argument in method wrapper_CUDA__masked_select)
2026-07-03 07:05:04,798 P1485450 ERROR Error during inference: Expected all tensors to be on the same device, but got mask is on cuda:0, different from other tensors on cpu (when checking argument in method wrapper_CUDA__masked_select)
2026-07-03 07:05:04,817 P1485450 ERROR Error during inference: Expected all tensors to be on the same device, but got mask is on cuda:0, different from other tensors on cpu (when checking argument in method wrapper_CUDA__masked_select)
2026-07-03 07:05:04,834 P1485450 ERROR Error during inference: Expected all tensors to be on the same device, but got mask is on cuda:0, different from other tensors on cpu (when checking argument in method wrapper_CUDA__masked_select)
2026-07-03 07:05:04,859 P1485450 ERROR Error during inference: Expected all tensors to be on the same device, but got mask is on cuda:0, different from other tensors on cpu (when checking argument in method wrapper_CUDA__masked_select)
2026-07-03 07:05:04,883 P1485450 ERROR Error during inference: Expected all tensors to be on the same device, but got mask is on cuda:0, different from other tensors on cpu (when checking argument in method wrapper_CUDA__masked_select)
2026-07-03 07:05:04,921 P1485450 ERROR Error during inference: Expected all tensors to be on the same device, but got mask is on cuda:0, different from other tensors on cpu (when checking argument in method wrapper_CUDA__masked_select)
2026-07-03 07:05:04,947 P1485450 ERROR Error during inference: Expected all tensors to be on the same device, but got mask is on cuda:0, different from other tensors on cpu (when checking argument in method wrapper_CUDA__masked_select)
2026-07-03 07:05:04,991 P1485450 ERROR Error during inference: Expected all tensors to be on the same device, but got mask is on cuda:0, different from other tensors on cpu (when checking argument in method wrapper_CUDA__masked_select)
2026-07-03 07:05:05,028 P1485450 ERROR Error during inference: Expected all tensors to be on the same device, but got mask is on cuda:0, different from other tensors on cpu (when checking argument in method wrapper_CUDA__masked_select)
2026-07-03 07:05:05,069 P1485450 ERROR Error during inference: Expected all tensors to be on the same device, but got mask is on cuda:0, different from other tensors on cpu (when checking argument in method wrapper_CUDA__masked_select)
2026-07-03 07:05:05,109 P1485450 ERROR Error during inference: Expected all tensors to be on the same device, but got mask is on cuda:0, different from other tensors on cpu (when checking argument in method wrapper_CUDA__masked_select)
2026-07-03 07:05:05,143 P1485450 ERROR Error during inference: Expected all tensors to be on the same device, but got mask is on cuda:0, different from other tensors on cpu (when checking argument in method wrapper_CUDA__masked_select)
2026-07-03 07:05:05,174 P1485450 ERROR Error during inference: Expected all tensors to be on the same device, but got mask is on cuda:0, different from other tensors on cpu (when checking argument in method wrapper_CUDA__masked_select)
2026-07-03 07:05:05,202 P1485450 ERROR Error during inference: Expected all tensors to be on the same device, but got mask is on cuda:0, different from other tensors on cpu (when checking argument in method wrapper_CUDA__masked_select)
2026-07-03 07:05:05,226 P1485450 ERROR Error during inference: Expected all tensors to be on the same device, but got mask is on cuda:0, different from other tensors on cpu (when checking argument in method wrapper_CUDA__masked_select)
2026-07-03 07:05:05,249 P1485450 ERROR Error during inference: Expected all tensors to be on the same device, but got mask is on cuda:0, different from other tensors on cpu (when checking argument in method wrapper_CUDA__masked_select)
2026-07-03 07:05:05,287 P1485450 ERROR Error during inference: Expected all tensors to be on the same device, but got mask is on cuda:0, different from other tensors on cpu (when checking argument in method wrapper_CUDA__masked_select)
2026-07-03 07:05:05,304 P1485450 ERROR Error during inference: Expected all tensors to be on the same device, but got mask is on cuda:0, different from other tensors on cpu (when checking argument in method wrapper_CUDA__masked_select)
2026-07-03 07:05:05,328 P1485450 ERROR Error during inference: Expected all tensors to be on the same device, but got mask is on cuda:0, different from other tensors on cpu (when checking argument in method wrapper_CUDA__masked_select)
2026-07-03 07:05:05,352 P1485450 ERROR Error during inference: Expected all tensors to be on the same device, but got mask is on cuda:0, different from other tensors on cpu (when checking argument in method wrapper_CUDA__masked_select)
2026-07-03 07:05:05,396 P1485450 ERROR Error during inference: Expected all tensors to be on the same device, but got mask is on cuda:0, different from other tensors on cpu (when checking argument in method wrapper_CUDA__masked_select)
2026-07-03 07:05:05,449 P1485450 ERROR Error during inference: Expected all tensors to be on the same device, but got mask is on cuda:0, different from other tensors on cpu (when checking argument in method wrapper_CUDA__masked_select)
2026-07-03 07:05:05,647 P1485450 ERROR Error during inference: Expected all tensors to be on the same device, but got mask is on cuda:0, different from other tensors on cpu (when checking argument in method wrapper_CUDA__masked_select)
2026-07-03 07:05:05,733 P1485450 ERROR Error during inference: Expected all tensors to be on the same device, but got mask is on cuda:0, different from other tensors on cpu (when checking argument in method wrapper_CUDA__masked_select)
2026-07-03 07:05:05,804 P1485450 ERROR Error during inference: Expected all tensors to be on the same device, but got mask is on cuda:0, different from other tensors on cpu (when checking argument in method wrapper_CUDA__masked_select)
2026-07-03 07:05:05,851 P1485450 ERROR Error during inference: Expected all tensors to be on the same device, but got mask is on cuda:0, different from other tensors on cpu (when checking argument in method wrapper_CUDA__masked_select)
2026-07-03 07:05:05,880 P1485450 ERROR Error during inference: Expected all tensors to be on the same device, but got mask is on cuda:0, different from other tensors on cpu (when checking argument in method wrapper_CUDA__masked_select)
2026-07-03 07:05:05,912 P1485450 ERROR Error during inference: Expected all tensors to be on the same device, but got mask is on cuda:0, different from other tensors on cpu (when checking argument in method wrapper_CUDA__masked_select)
2026-07-03 07:05:05,943 P1485450 ERROR Error during inference: Expected all tensors to be on the same device, but got mask is on cuda:0, different from other tensors on cpu (when checking argument in method wrapper_CUDA__masked_select)
2026-07-03 07:05:05,974 P1485450 ERROR Error during inference: Expected all tensors to be on the same device, but got mask is on cuda:0, different from other tensors on cpu (when checking argument in method wrapper_CUDA__masked_select)
2026-07-03 07:05:06,030 P1485450 ERROR Error during inference: Expected all tensors to be on the same device, but got mask is on cuda:0, different from other tensors on cpu (when checking argument in method wrapper_CUDA__masked_select)
2026-07-03 07:05:06,059 P1485450 ERROR Error during inference: Expected all tensors to be on the same device, but got mask is on cuda:0, different from other tensors on cpu (when checking argument in method wrapper_CUDA__masked_select)
2026-07-03 07:05:06,105 P1485450 ERROR Error during inference: Expected all tensors to be on the same device, but got mask is on cuda:0, different from other tensors on cpu (when checking argument in method wrapper_CUDA__masked_select)
2026-07-03 07:05:06,144 P1485450 ERROR Error during inference: Expected all tensors to be on the same device, but got mask is on cuda:0, different from other tensors on cpu (when checking argument in method wrapper_CUDA__masked_select)
2026-07-03 07:05:06,179 P1485450 ERROR Error during inference: Expected all tensors to be on the same device, but got mask is on cuda:0, different from other tensors on cpu (when checking argument in method wrapper_CUDA__masked_select)
2026-07-03 07:05:06,208 P1485450 ERROR Error during inference: Expected all tensors to be on the same device, but got mask is on cuda:0, different from other tensors on cpu (when checking argument in method wrapper_CUDA__masked_select)
2026-07-03 07:05:06,233 P1485450 ERROR Error during inference: Expected all tensors to be on the same device, but got mask is on cuda:0, different from other tensors on cpu (when checking argument in method wrapper_CUDA__masked_select)
2026-07-03 07:05:06,270 P1485450 ERROR Error during inference: Expected all tensors to be on the same device, but got mask is on cuda:0, different from other tensors on cpu (when checking argument in method wrapper_CUDA__masked_select)
2026-07-03 07:05:06,311 P1485450 ERROR Error during inference: Expected all tensors to be on the same device, but got mask is on cuda:0, different from other tensors on cpu (when checking argument in method wrapper_CUDA__masked_select)
2026-07-03 07:05:06,331 P1485450 ERROR Error during inference: Expected all tensors to be on the same device, but got mask is on cuda:0, different from other tensors on cpu (when checking argument in method wrapper_CUDA__masked_select)
2026-07-03 07:05:06,358 P1485450 ERROR Error during inference: Expected all tensors to be on the same device, but got mask is on cuda:0, different from other tensors on cpu (when checking argument in method wrapper_CUDA__masked_select)
2026-07-03 07:05:06,378 P1485450 ERROR Error during inference: Expected all tensors to be on the same device, but got mask is on cuda:0, different from other tensors on cpu (when checking argument in method wrapper_CUDA__masked_select)
2026-07-03 07:05:06,412 P1485450 ERROR Error during inference: Expected all tensors to be on the same device, but got mask is on cuda:0, different from other tensors on cpu (when checking argument in method wrapper_CUDA__masked_select)
2026-07-03 07:05:06,449 P1485450 ERROR Error during inference: Expected all tensors to be on the same device, but got mask is on cuda:0, different from other tensors on cpu (when checking argument in method wrapper_CUDA__masked_select)
