2026-07-14 05:00:53,860 P1446560 INFO ---- Model: ----MSTGAD-184cb949----random_seed : 2----req_loss_approach : Legendre-style----rec_lambda : 1.0----auxi_lambda : 0.5----Freq Domain : iTransformer----Multi Fits : false----train : True----evaluate : False
2026-07-14 05:00:53,860 P1446560 INFO Load from /home/db2003/Desktop/Amr/Tests/Eadro/codes/chunks/SN
2026-07-14 05:00:54,781 P1446560 INFO Fewshot: training with 1.0 of the 70% of the data
2026-07-14 05:01:01,030 P1446560 INFO Trainable Parameters Breakdown:
2026-07-14 05:01:01,030 P1446560 INFO --------------------------------------------------------------------------------
2026-07-14 05:01:01,031 P1446560 INFO Reconstruction-Specific Parameters:
2026-07-14 05:01:01,031 P1446560 INFO linear_attn.Wq.weight                    | shape: (10, 10)                  | params: 100
2026-07-14 05:01:01,031 P1446560 INFO linear_attn.Wk.weight                    | shape: (10, 10)                  | params: 100
2026-07-14 05:01:01,031 P1446560 INFO linear_attn.Wv.weight                    | shape: (10, 10)                  | params: 100
2026-07-14 05:01:01,031 P1446560 INFO linear_attn.out.weight                   | shape: (10, 10)                  | params: 100
2026-07-14 05:01:01,031 P1446560 INFO linear_attn.out.bias                     | shape: (10,)                     | params: 10
2026-07-14 05:01:01,031 P1446560 INFO linear_attn.norm.weight                  | shape: (10,)                     | params: 10
2026-07-14 05:01:01,031 P1446560 INFO linear_attn.norm.bias                    | shape: (10,)                     | params: 10
2026-07-14 05:01:01,031 P1446560 INFO shared_fits.enc_embedding.value_embedding.weight | shape: (128, 10)                 | params: 1,280
2026-07-14 05:01:01,031 P1446560 INFO shared_fits.enc_embedding.value_embedding.bias | shape: (128,)                    | params: 128
2026-07-14 05:01:01,032 P1446560 INFO shared_fits.encoder.attn_layers.0.attention.query_projection.weight | shape: (128, 128)                | params: 16,384
2026-07-14 05:01:01,032 P1446560 INFO shared_fits.encoder.attn_layers.0.attention.query_projection.bias | shape: (128,)                    | params: 128
2026-07-14 05:01:01,032 P1446560 INFO shared_fits.encoder.attn_layers.0.attention.key_projection.weight | shape: (128, 128)                | params: 16,384
2026-07-14 05:01:01,032 P1446560 INFO shared_fits.encoder.attn_layers.0.attention.key_projection.bias | shape: (128,)                    | params: 128
2026-07-14 05:01:01,032 P1446560 INFO shared_fits.encoder.attn_layers.0.attention.value_projection.weight | shape: (128, 128)                | params: 16,384
2026-07-14 05:01:01,032 P1446560 INFO shared_fits.encoder.attn_layers.0.attention.value_projection.bias | shape: (128,)                    | params: 128
2026-07-14 05:01:01,032 P1446560 INFO shared_fits.encoder.attn_layers.0.attention.out_projection.weight | shape: (128, 128)                | params: 16,384
2026-07-14 05:01:01,032 P1446560 INFO shared_fits.encoder.attn_layers.0.attention.out_projection.bias | shape: (128,)                    | params: 128
2026-07-14 05:01:01,032 P1446560 INFO shared_fits.encoder.attn_layers.0.conv1.weight | shape: (128, 128, 1)             | params: 16,384
2026-07-14 05:01:01,032 P1446560 INFO shared_fits.encoder.attn_layers.0.conv1.bias | shape: (128,)                    | params: 128
2026-07-14 05:01:01,032 P1446560 INFO shared_fits.encoder.attn_layers.0.conv2.weight | shape: (128, 128, 1)             | params: 16,384
2026-07-14 05:01:01,033 P1446560 INFO shared_fits.encoder.attn_layers.0.conv2.bias | shape: (128,)                    | params: 128
2026-07-14 05:01:01,033 P1446560 INFO shared_fits.encoder.attn_layers.0.norm1.weight | shape: (128,)                    | params: 128
2026-07-14 05:01:01,033 P1446560 INFO shared_fits.encoder.attn_layers.0.norm1.bias | shape: (128,)                    | params: 128
2026-07-14 05:01:01,033 P1446560 INFO shared_fits.encoder.attn_layers.0.norm2.weight | shape: (128,)                    | params: 128
2026-07-14 05:01:01,033 P1446560 INFO shared_fits.encoder.attn_layers.0.norm2.bias | shape: (128,)                    | params: 128
2026-07-14 05:01:01,033 P1446560 INFO shared_fits.encoder.attn_layers.1.attention.query_projection.weight | shape: (128, 128)                | params: 16,384
2026-07-14 05:01:01,033 P1446560 INFO shared_fits.encoder.attn_layers.1.attention.query_projection.bias | shape: (128,)                    | params: 128
2026-07-14 05:01:01,033 P1446560 INFO shared_fits.encoder.attn_layers.1.attention.key_projection.weight | shape: (128, 128)                | params: 16,384
2026-07-14 05:01:01,033 P1446560 INFO shared_fits.encoder.attn_layers.1.attention.key_projection.bias | shape: (128,)                    | params: 128
2026-07-14 05:01:01,034 P1446560 INFO shared_fits.encoder.attn_layers.1.attention.value_projection.weight | shape: (128, 128)                | params: 16,384
2026-07-14 05:01:01,034 P1446560 INFO shared_fits.encoder.attn_layers.1.attention.value_projection.bias | shape: (128,)                    | params: 128
2026-07-14 05:01:01,034 P1446560 INFO shared_fits.encoder.attn_layers.1.attention.out_projection.weight | shape: (128, 128)                | params: 16,384
2026-07-14 05:01:01,034 P1446560 INFO shared_fits.encoder.attn_layers.1.attention.out_projection.bias | shape: (128,)                    | params: 128
2026-07-14 05:01:01,034 P1446560 INFO shared_fits.encoder.attn_layers.1.conv1.weight | shape: (128, 128, 1)             | params: 16,384
2026-07-14 05:01:01,034 P1446560 INFO shared_fits.encoder.attn_layers.1.conv1.bias | shape: (128,)                    | params: 128
2026-07-14 05:01:01,034 P1446560 INFO shared_fits.encoder.attn_layers.1.conv2.weight | shape: (128, 128, 1)             | params: 16,384
2026-07-14 05:01:01,034 P1446560 INFO shared_fits.encoder.attn_layers.1.conv2.bias | shape: (128,)                    | params: 128
2026-07-14 05:01:01,034 P1446560 INFO shared_fits.encoder.attn_layers.1.norm1.weight | shape: (128,)                    | params: 128
2026-07-14 05:01:01,034 P1446560 INFO shared_fits.encoder.attn_layers.1.norm1.bias | shape: (128,)                    | params: 128
2026-07-14 05:01:01,035 P1446560 INFO shared_fits.encoder.attn_layers.1.norm2.weight | shape: (128,)                    | params: 128
2026-07-14 05:01:01,035 P1446560 INFO shared_fits.encoder.attn_layers.1.norm2.bias | shape: (128,)                    | params: 128
2026-07-14 05:01:01,035 P1446560 INFO shared_fits.encoder.norm.weight          | shape: (128,)                    | params: 128
2026-07-14 05:01:01,035 P1446560 INFO shared_fits.encoder.norm.bias            | shape: (128,)                    | params: 128
2026-07-14 05:01:01,035 P1446560 INFO shared_fits.projection.weight            | shape: (10, 128)                 | params: 1,280
2026-07-14 05:01:01,035 P1446560 INFO shared_fits.projection.bias              | shape: (10,)                     | params: 10
2026-07-14 05:01:01,035 P1446560 INFO modality_proj.node.weight                | shape: (10, 8)                   | params: 80
2026-07-14 05:01:01,035 P1446560 INFO modality_proj.node.bias                  | shape: (10,)                     | params: 10
2026-07-14 05:01:01,035 P1446560 INFO modality_proj.log.weight                 | shape: (10, 32)                  | params: 320
2026-07-14 05:01:01,035 P1446560 INFO modality_proj.log.bias                   | shape: (10,)                     | params: 10
2026-07-14 05:01:01,036 P1446560 INFO modality_proj.edge.weight                | shape: (10, 8)                   | params: 80
2026-07-14 05:01:01,037 P1446560 INFO modality_proj.edge.bias                  | shape: (10,)                     | params: 10
2026-07-14 05:01:01,038 P1446560 INFO modality_proj_out.node.weight            | shape: (8, 10)                   | params: 80
2026-07-14 05:01:01,038 P1446560 INFO modality_proj_out.node.bias              | shape: (8,)                      | params: 8
2026-07-14 05:01:01,038 P1446560 INFO modality_proj_out.log.weight             | shape: (32, 10)                  | params: 320
2026-07-14 05:01:01,038 P1446560 INFO modality_proj_out.log.bias               | shape: (32,)                     | params: 32
2026-07-14 05:01:01,038 P1446560 INFO modality_proj_out.edge.weight            | shape: (8, 10)                   | params: 80
2026-07-14 05:01:01,038 P1446560 INFO modality_proj_out.edge.bias              | shape: (8,)                      | params: 8
2026-07-14 05:01:01,038 P1446560 INFO Subtotal: 203,590
2026-07-14 05:01:01,038 P1446560 INFO --------------------------------------------------------------------------------
2026-07-14 05:01:01,039 P1446560 INFO Common Parameters:
2026-07-14 05:01:01,039 P1446560 INFO node_emb.linear.weight                   | shape: (8, 7)                    | params: 56
2026-07-14 05:01:01,039 P1446560 INFO node_emb.linear.bias                     | shape: (8,)                      | params: 8
2026-07-14 05:01:01,039 P1446560 INFO log_emb.linear.weight                    | shape: (32, 7)                   | params: 224
2026-07-14 05:01:01,039 P1446560 INFO log_emb.linear.bias                      | shape: (32,)                     | params: 32
2026-07-14 05:01:01,039 P1446560 INFO egde_emb.linear.weight                   | shape: (8, 2)                    | params: 16
2026-07-14 05:01:01,039 P1446560 INFO egde_emb.linear.bias                     | shape: (8,)                      | params: 8
2026-07-14 05:01:01,039 P1446560 INFO dense_node.weight                        | shape: (7, 8)                    | params: 56
2026-07-14 05:01:01,039 P1446560 INFO dense_node.bias                          | shape: (7,)                      | params: 7
2026-07-14 05:01:01,039 P1446560 INFO dense_log.weight                         | shape: (7, 32)                   | params: 224
2026-07-14 05:01:01,040 P1446560 INFO dense_log.bias                           | shape: (7,)                      | params: 7
2026-07-14 05:01:01,040 P1446560 INFO dense_edge.weight                        | shape: (2, 8)                    | params: 16
2026-07-14 05:01:01,040 P1446560 INFO dense_edge.bias                          | shape: (2,)                      | params: 2
2026-07-14 05:01:01,040 P1446560 INFO show.0.weight                            | shape: (128, 16)                 | params: 2,048
2026-07-14 05:01:01,040 P1446560 INFO show.0.bias                              | shape: (128,)                    | params: 128
2026-07-14 05:01:01,040 P1446560 INFO show.2.weight                            | shape: (2, 128)                  | params: 256
2026-07-14 05:01:01,040 P1446560 INFO show.2.bias                              | shape: (2,)                      | params: 2
2026-07-14 05:01:01,040 P1446560 INFO Subtotal: 3,090
2026-07-14 05:01:01,040 P1446560 INFO --------------------------------------------------------------------------------
2026-07-14 05:01:01,040 P1446560 INFO Total Trainable Parameters: 206,680

2026-07-14 05:01:01,041 P1446560 INFO Trainable Parameters: 206680, reconstruction: 203590, common: 3090
2026-07-14 05:01:01,041 P1446560 INFO model : init weight
2026-07-14 05:01:01,045 P1446560 INFO Using GPU...
2026-07-14 05:01:01,057 P1446560 INFO optimizer : using AdaBelief
2026-07-14 05:01:01,058 P1446560 INFO ----------------------------------------------------------------------------------------------------
2026-07-14 05:01:01,058 P1446560 INFO 0/300 starting... lr: 0.001 para:1.0
2026-07-14 05:01:08,380 P1446560 INFO Epoch 0/300, all_loss:1.20469 cls_loss:63.97885 rec_loss:1.20469 [7.31s]; best loss:1.20469, patience : 0
2026-07-14 05:01:08,381 P1446560 INFO ----------------------------------------------------------------------------------------------------
2026-07-14 05:01:08,381 P1446560 INFO 1/300 starting... lr: 0.001 para:0.5
2026-07-14 05:01:12,347 P1446560 INFO Epoch 1/300, all_loss:14.36076 cls_loss:27.47965 rec_loss:1.24187 [3.96s]; best loss:14.36076, patience : 0
2026-07-14 05:01:12,347 P1446560 INFO ----------------------------------------------------------------------------------------------------
2026-07-14 05:01:12,347 P1446560 INFO 2/300 starting... lr: 0.001 para:0.3333333432674408
2026-07-14 05:01:16,062 P1446560 INFO Epoch 2/300, all_loss:8.25398 cls_loss:11.78793 rec_loss:1.18609 [3.71s]; best loss:8.25398, patience : 0
2026-07-14 05:01:17,127 P1446560 INFO pr:0.0000  rc:0.0000  auc:0.6392 ap:0.6461 f1: 0.0000 pred_right: 46800 pred_wrong: 0  actu_right: 43560 actu_wrong: 3240
2026-07-14 05:01:17,569 P1446560 INFO pr:0.0000  rc:0.0000  auc:0.6407 ap:0.6455 f1: 0.0000 pred_right: 19200 pred_wrong: 0  actu_right: 17874 actu_wrong: 1326
2026-07-14 05:01:17,576 P1446560 INFO ----------------------------------------------------------------------------------------------------
2026-07-14 05:01:17,576 P1446560 INFO 3/300 starting... lr: 0.001 para:0.25
2026-07-14 05:01:21,211 P1446560 INFO Epoch 3/300, all_loss:7.46722 cls_loss:9.58991 rec_loss:1.09914 [3.63s]; best loss:7.46722, patience : 0
2026-07-14 05:01:22,264 P1446560 INFO pr:1.0000  rc:0.2340  auc:0.7695 ap:0.6938 f1: 0.3792 pred_right: 46041 pred_wrong:759 actu_right: 43556 actu_wrong: 3244
2026-07-14 05:01:22,711 P1446560 INFO pr:1.0000  rc:0.2338  auc:0.7690 ap:0.6909 f1: 0.3790 pred_right: 18890 pred_wrong:310 actu_right: 17874 actu_wrong: 1326
2026-07-14 05:01:22,718 P1446560 INFO ----------------------------------------------------------------------------------------------------
2026-07-14 05:01:22,719 P1446560 INFO 4/300 starting... lr: 0.001 para:0.20000000298023224
2026-07-14 05:01:26,539 P1446560 INFO Epoch 4/300, all_loss:7.04073 cls_loss:8.53633 rec_loss:1.05834 [3.81s]; best loss:7.04073, patience : 0
2026-07-14 05:01:27,588 P1446560 INFO pr:0.9979  rc:0.2914  auc:0.8125 ap:0.7204 f1: 0.4511 pred_right: 45853 pred_wrong:947 actu_right: 43557 actu_wrong: 3243
2026-07-14 05:01:28,041 P1446560 INFO pr:1.0000  rc:0.2858  auc:0.8121 ap:0.7181 f1: 0.4446 pred_right: 18821 pred_wrong:379 actu_right: 17874 actu_wrong: 1326
2026-07-14 05:01:28,048 P1446560 INFO ----------------------------------------------------------------------------------------------------
2026-07-14 05:01:28,049 P1446560 INFO 5/300 starting... lr: 0.001 para:0.1666666716337204
2026-07-14 05:01:31,688 P1446560 INFO Epoch 5/300, all_loss:6.67667 cls_loss:7.78744 rec_loss:1.12282 [3.63s]; best loss:6.67667, patience : 0
2026-07-14 05:01:32,737 P1446560 INFO pr:0.9520  rc:0.3061  auc:0.8784 ap:0.7725 f1: 0.4633 pred_right: 45759 pred_wrong:1041 actu_right: 43563 actu_wrong: 3237
2026-07-14 05:01:33,175 P1446560 INFO pr:0.9543  rc:0.2994  auc:0.8703 ap:0.7667 f1: 0.4558 pred_right: 18784 pred_wrong:416 actu_right: 17874 actu_wrong: 1326
2026-07-14 05:01:33,182 P1446560 INFO ----------------------------------------------------------------------------------------------------
2026-07-14 05:01:33,183 P1446560 INFO 6/300 starting... lr: 0.001 para:0.1428571492433548
2026-07-14 05:01:36,811 P1446560 INFO Epoch 6/300, all_loss:6.26820 cls_loss:7.07372 rec_loss:1.43504 [3.62s]; best loss:6.26820, patience : 0
2026-07-14 05:01:37,866 P1446560 INFO pr:0.9639  rc:0.3215  auc:0.9053 ap:0.8082 f1: 0.4822 pred_right: 45720 pred_wrong:1080 actu_right: 43562 actu_wrong: 3238
2026-07-14 05:01:38,310 P1446560 INFO pr:0.9562  rc:0.3130  auc:0.8979 ap:0.8010 f1: 0.4716 pred_right: 18766 pred_wrong:434 actu_right: 17874 actu_wrong: 1326
2026-07-14 05:01:38,317 P1446560 INFO ----------------------------------------------------------------------------------------------------
2026-07-14 05:01:38,318 P1446560 INFO 7/300 starting... lr: 0.001 para:0.125
2026-07-14 05:01:41,965 P1446560 INFO Epoch 7/300, all_loss:5.88007 cls_loss:6.48434 rec_loss:1.65020 [3.64s]; best loss:5.88007, patience : 0
2026-07-14 05:01:43,014 P1446560 INFO pr:0.9342  rc:0.3679  auc:0.9163 ap:0.8218 f1: 0.5279 pred_right: 45524 pred_wrong:1276 actu_right: 43560 actu_wrong: 3240
2026-07-14 05:01:43,447 P1446560 INFO pr:0.9373  rc:0.3718  auc:0.9107 ap:0.8163 f1: 0.5324 pred_right: 18674 pred_wrong:526 actu_right: 17874 actu_wrong: 1326
2026-07-14 05:01:43,454 P1446560 INFO ----------------------------------------------------------------------------------------------------
2026-07-14 05:01:43,454 P1446560 INFO 8/300 starting... lr: 0.001 para:0.1111111119389534
2026-07-14 05:01:47,098 P1446560 INFO Epoch 8/300, all_loss:5.51498 cls_loss:5.98227 rec_loss:1.77664 [3.64s]; best loss:5.51498, patience : 0
2026-07-14 05:01:48,124 P1446560 INFO pr:0.8813  rc:0.3828  auc:0.9400 ap:0.8454 f1: 0.5338 pred_right: 45393 pred_wrong:1407 actu_right: 43561 actu_wrong: 3239
2026-07-14 05:01:48,559 P1446560 INFO pr:0.8920  rc:0.3801  auc:0.9339 ap:0.8346 f1: 0.5331 pred_right: 18635 pred_wrong:565 actu_right: 17874 actu_wrong: 1326
2026-07-14 05:01:48,566 P1446560 INFO ----------------------------------------------------------------------------------------------------
2026-07-14 05:01:48,567 P1446560 INFO 9/300 starting... lr: 0.001 para:0.10000000149011612
2026-07-14 05:01:52,230 P1446560 INFO Epoch 9/300, all_loss:5.06631 cls_loss:5.39817 rec_loss:2.07958 [3.66s]; best loss:5.06631, patience : 0
2026-07-14 05:01:53,325 P1446560 INFO pr:0.9172  rc:0.3897  auc:0.9537 ap:0.8777 f1: 0.5470 pred_right: 45424 pred_wrong:1376 actu_right: 43562 actu_wrong: 3238
2026-07-14 05:01:53,772 P1446560 INFO pr:0.9162  rc:0.3876  auc:0.9500 ap:0.8702 f1: 0.5448 pred_right: 18639 pred_wrong:561 actu_right: 17874 actu_wrong: 1326
2026-07-14 05:01:53,780 P1446560 INFO ----------------------------------------------------------------------------------------------------
2026-07-14 05:01:53,780 P1446560 INFO 10/300 starting... lr: 0.001 para:0.09090909361839294
2026-07-14 05:01:57,416 P1446560 INFO Epoch 10/300, all_loss:4.61505 cls_loss:4.84648 rec_loss:2.30075 [3.63s]; best loss:4.61505, patience : 0
2026-07-14 05:01:58,466 P1446560 INFO pr:0.9163  rc:0.4157  auc:0.9665 ap:0.8994 f1: 0.5720 pred_right: 45330 pred_wrong:1470 actu_right: 43560 actu_wrong: 3240
2026-07-14 05:01:58,911 P1446560 INFO pr:0.9253  rc:0.4020  auc:0.9633 ap:0.8904 f1: 0.5605 pred_right: 18624 pred_wrong:576 actu_right: 17874 actu_wrong: 1326
2026-07-14 05:01:58,917 P1446560 INFO ----------------------------------------------------------------------------------------------------
2026-07-14 05:01:58,918 P1446560 INFO 11/300 starting... lr: 0.001 para:0.0833333358168602
2026-07-14 05:02:02,507 P1446560 INFO Epoch 11/300, all_loss:4.38654 cls_loss:4.56921 rec_loss:2.37715 [3.58s]; best loss:4.38654, patience : 0
2026-07-14 05:02:03,581 P1446560 INFO pr:0.9223  rc:0.4609  auc:0.9605 ap:0.9007 f1: 0.6146 pred_right: 45179 pred_wrong:1621 actu_right: 43556 actu_wrong: 3244
2026-07-14 05:02:04,022 P1446560 INFO pr:0.9183  rc:0.4495  auc:0.9571 ap:0.8932 f1: 0.6035 pred_right: 18551 pred_wrong:649 actu_right: 17874 actu_wrong: 1326
2026-07-14 05:02:04,031 P1446560 INFO ----------------------------------------------------------------------------------------------------
2026-07-14 05:02:04,031 P1446560 INFO 12/300 starting... lr: 0.001 para:0.07692307978868484
2026-07-14 05:02:07,667 P1446560 INFO Epoch 12/300, all_loss:3.91082 cls_loss:4.01832 rec_loss:2.62076 [3.63s]; best loss:3.91082, patience : 0
2026-07-14 05:02:10,191 P1446560 INFO pr:0.9175  rc:0.4875  auc:0.9763 ap:0.9215 f1: 0.6367 pred_right: 45079 pred_wrong:1721 actu_right: 43561 actu_wrong: 3239
2026-07-14 05:02:10,595 P1446560 INFO pr:0.9254  rc:0.4585  auc:0.9738 ap:0.9135 f1: 0.6132 pred_right: 18543 pred_wrong:657 actu_right: 17874 actu_wrong: 1326
2026-07-14 05:02:10,601 P1446560 INFO ----------------------------------------------------------------------------------------------------
2026-07-14 05:02:10,601 P1446560 INFO 13/300 starting... lr: 0.001 para:0.0714285746216774
2026-07-14 05:02:13,902 P1446560 INFO Epoch 13/300, all_loss:3.81581 cls_loss:3.89173 rec_loss:2.82895 [3.30s]; best loss:3.81581, patience : 0
2026-07-14 05:02:14,839 P1446560 INFO pr:0.8228  rc:0.7329  auc:0.9791 ap:0.9289 f1: 0.7752 pred_right: 43916 pred_wrong:2884 actu_right: 43562 actu_wrong: 3238
2026-07-14 05:02:15,235 P1446560 INFO pr:0.8118  rc:0.6833  auc:0.9758 ap:0.9178 f1: 0.7420 pred_right: 18084 pred_wrong:1116 actu_right: 17874 actu_wrong: 1326
2026-07-14 05:02:15,241 P1446560 INFO ----------------------------------------------------------------------------------------------------
2026-07-14 05:02:15,242 P1446560 INFO 14/300 starting... lr: 0.001 para:0.06666667014360428
2026-07-14 05:02:18,775 P1446560 INFO Epoch 14/300, all_loss:3.54709 cls_loss:3.58373 rec_loss:3.03402 [3.53s]; best loss:3.54709, patience : 0
2026-07-14 05:02:19,755 P1446560 INFO pr:0.8652  rc:0.7090  auc:0.9826 ap:0.9395 f1: 0.7794 pred_right: 44144 pred_wrong:2656 actu_right: 43559 actu_wrong: 3241
2026-07-14 05:02:20,156 P1446560 INFO pr:0.8615  rc:0.6614  auc:0.9803 ap:0.9308 f1: 0.7483 pred_right: 18182 pred_wrong:1018 actu_right: 17874 actu_wrong: 1326
2026-07-14 05:02:20,162 P1446560 INFO ----------------------------------------------------------------------------------------------------
2026-07-14 05:02:20,162 P1446560 INFO 15/300 starting... lr: 0.001 para:0.0625
2026-07-14 05:02:25,183 P1446560 INFO Epoch 15/300, all_loss:3.44519 cls_loss:3.47078 rec_loss:3.06130 [5.01s]; best loss:3.44519, patience : 0
2026-07-14 05:02:26,932 P1446560 INFO pr:0.8562  rc:0.7243  auc:0.9831 ap:0.9396 f1: 0.7847 pred_right: 44060 pred_wrong:2740 actu_right: 43561 actu_wrong: 3239
2026-07-14 05:02:27,614 P1446560 INFO pr:0.8579  rc:0.7014  auc:0.9812 ap:0.9339 f1: 0.7718 pred_right: 18116 pred_wrong:1084 actu_right: 17874 actu_wrong: 1326
2026-07-14 05:02:27,625 P1446560 INFO ----------------------------------------------------------------------------------------------------
2026-07-14 05:02:27,626 P1446560 INFO 16/300 starting... lr: 0.001 para:0.05882352963089943
2026-07-14 05:02:34,001 P1446560 INFO Epoch 16/300, all_loss:3.22438 cls_loss:3.22119 rec_loss:3.27529 [6.37s]; best loss:3.22438, patience : 0
2026-07-14 05:02:35,170 P1446560 INFO pr:0.9135  rc:0.7098  auc:0.9866 ap:0.9501 f1: 0.7989 pred_right: 44280 pred_wrong:2520 actu_right: 43557 actu_wrong: 3243
2026-07-14 05:02:35,655 P1446560 INFO pr:0.9043  rc:0.6697  auc:0.9850 ap:0.9463 f1: 0.7695 pred_right: 18218 pred_wrong:982 actu_right: 17874 actu_wrong: 1326
2026-07-14 05:02:35,663 P1446560 INFO ----------------------------------------------------------------------------------------------------
2026-07-14 05:02:35,664 P1446560 INFO 17/300 starting... lr: 0.001 para:0.0555555559694767
2026-07-14 05:02:39,453 P1446560 INFO Epoch 17/300, all_loss:3.14459 cls_loss:3.12741 rec_loss:3.43670 [3.78s]; best loss:3.14459, patience : 0
2026-07-14 05:02:40,514 P1446560 INFO pr:0.7971  rc:0.8241  auc:0.9855 ap:0.9476 f1: 0.8104 pred_right: 43449 pred_wrong:3351 actu_right: 43559 actu_wrong: 3241
2026-07-14 05:02:40,951 P1446560 INFO pr:0.7885  rc:0.8069  auc:0.9837 ap:0.9421 f1: 0.7976 pred_right: 17843 pred_wrong:1357 actu_right: 17874 actu_wrong: 1326
2026-07-14 05:02:40,958 P1446560 INFO ----------------------------------------------------------------------------------------------------
2026-07-14 05:02:40,958 P1446560 INFO 18/300 starting... lr: 0.001 para:0.05263157933950424
2026-07-14 05:02:44,611 P1446560 INFO Epoch 18/300, all_loss:3.12097 cls_loss:3.09947 rec_loss:3.50809 [3.65s]; best loss:3.12097, patience : 0
2026-07-14 05:02:45,682 P1446560 INFO pr:0.8784  rc:0.7849  auc:0.9894 ap:0.9538 f1: 0.8290 pred_right: 43905 pred_wrong:2895 actu_right: 43560 actu_wrong: 3240
2026-07-14 05:02:46,118 P1446560 INFO pr:0.8679  rc:0.7632  auc:0.9891 ap:0.9489 f1: 0.8122 pred_right: 18034 pred_wrong:1166 actu_right: 17874 actu_wrong: 1326
2026-07-14 05:02:46,126 P1446560 INFO ----------------------------------------------------------------------------------------------------
2026-07-14 05:02:46,126 P1446560 INFO 19/300 starting... lr: 0.001 para:0.05000000074505806
2026-07-14 05:02:49,797 P1446560 INFO Epoch 19/300, all_loss:2.84747 cls_loss:2.81214 rec_loss:3.51878 [3.66s]; best loss:2.84747, patience : 0
2026-07-14 05:02:50,891 P1446560 INFO pr:0.8194  rc:0.8738  auc:0.9905 ap:0.9619 f1: 0.8457 pred_right: 43345 pred_wrong:3455 actu_right: 43560 actu_wrong: 3240
2026-07-14 05:02:51,338 P1446560 INFO pr:0.8129  rc:0.8650  auc:0.9895 ap:0.9561 f1: 0.8381 pred_right: 17789 pred_wrong:1411 actu_right: 17874 actu_wrong: 1326
2026-07-14 05:02:51,345 P1446560 INFO ----------------------------------------------------------------------------------------------------
2026-07-14 05:02:51,345 P1446560 INFO 20/300 starting... lr: 0.001 para:0.0476190485060215
2026-07-14 05:02:55,042 P1446560 INFO Epoch 20/300, all_loss:2.74746 cls_loss:2.69933 rec_loss:3.71010 [3.69s]; best loss:2.74746, patience : 0
2026-07-14 05:02:56,137 P1446560 INFO pr:0.8624  rc:0.8107  auc:0.9910 ap:0.9612 f1: 0.8357 pred_right: 43756 pred_wrong:3044 actu_right: 43562 actu_wrong: 3238
2026-07-14 05:02:56,574 P1446560 INFO pr:0.8436  rc:0.7851  auc:0.9897 ap:0.9551 f1: 0.8133 pred_right: 17966 pred_wrong:1234 actu_right: 17874 actu_wrong: 1326
2026-07-14 05:02:56,575 P1446560 INFO ----------------------------------------------------------------------------------------------------
2026-07-14 05:02:56,575 P1446560 INFO 21/300 starting... lr: 0.001 para:0.04545454680919647
2026-07-14 05:03:00,237 P1446560 INFO Epoch 21/300, all_loss:2.64026 cls_loss:2.58538 rec_loss:3.79267 [3.66s]; best loss:2.64026, patience : 0
2026-07-14 05:03:01,287 P1446560 INFO pr:0.8921  rc:0.7434  auc:0.9910 ap:0.9594 f1: 0.8110 pred_right: 44102 pred_wrong:2698 actu_right: 43562 actu_wrong: 3238
2026-07-14 05:03:01,716 P1446560 INFO pr:0.8849  rc:0.7134  auc:0.9883 ap:0.9519 f1: 0.7900 pred_right: 18131 pred_wrong:1069 actu_right: 17874 actu_wrong: 1326
2026-07-14 05:03:01,717 P1446560 INFO ----------------------------------------------------------------------------------------------------
2026-07-14 05:03:01,717 P1446560 INFO 22/300 starting... lr: 0.001 para:0.043478261679410934
2026-07-14 05:03:05,308 P1446560 INFO Epoch 22/300, all_loss:2.57345 cls_loss:2.51271 rec_loss:3.90963 [3.59s]; best loss:2.57345, patience : 0
2026-07-14 05:03:06,324 P1446560 INFO pr:0.8824  rc:0.8010  auc:0.9903 ap:0.9639 f1: 0.8398 pred_right: 43857 pred_wrong:2943 actu_right: 43558 actu_wrong: 3242
2026-07-14 05:03:06,754 P1446560 INFO pr:0.8799  rc:0.7790  auc:0.9889 ap:0.9591 f1: 0.8264 pred_right: 18026 pred_wrong:1174 actu_right: 17874 actu_wrong: 1326
2026-07-14 05:03:06,755 P1446560 INFO ----------------------------------------------------------------------------------------------------
2026-07-14 05:03:06,755 P1446560 INFO 23/300 starting... lr: 0.001 para:0.0416666679084301
2026-07-14 05:03:10,458 P1446560 INFO Epoch 23/300, all_loss:2.60258 cls_loss:2.54631 rec_loss:3.89672 [3.70s]; best loss:2.57345, patience : 1
2026-07-14 05:03:11,659 P1446560 INFO pr:0.8847  rc:0.8164  auc:0.9907 ap:0.9660 f1: 0.8492 pred_right: 43809 pred_wrong:2991 actu_right: 43559 actu_wrong: 3241
2026-07-14 05:03:12,105 P1446560 INFO pr:0.8779  rc:0.8024  auc:0.9889 ap:0.9623 f1: 0.8385 pred_right: 17988 pred_wrong:1212 actu_right: 17874 actu_wrong: 1326
2026-07-14 05:03:12,112 P1446560 INFO ----------------------------------------------------------------------------------------------------
2026-07-14 05:03:12,112 P1446560 INFO 24/300 starting... lr: 0.001 para:0.03999999910593033
2026-07-14 05:03:15,735 P1446560 INFO Epoch 24/300, all_loss:2.53420 cls_loss:2.47211 rec_loss:4.02428 [3.62s]; best loss:2.53420, patience : 0
2026-07-14 05:03:16,767 P1446560 INFO pr:0.8755  rc:0.8215  auc:0.9929 ap:0.9676 f1: 0.8476 pred_right: 43756 pred_wrong:3044 actu_right: 43556 actu_wrong: 3244
2026-07-14 05:03:17,194 P1446560 INFO pr:0.8783  rc:0.8054  auc:0.9913 ap:0.9631 f1: 0.8403 pred_right: 17984 pred_wrong:1216 actu_right: 17874 actu_wrong: 1326
2026-07-14 05:03:17,194 P1446560 INFO ----------------------------------------------------------------------------------------------------
2026-07-14 05:03:17,195 P1446560 INFO 25/300 starting... lr: 0.001 para:0.03846153989434242
2026-07-14 05:03:20,810 P1446560 INFO Epoch 25/300, all_loss:2.39986 cls_loss:2.33572 rec_loss:4.00342 [3.61s]; best loss:2.39986, patience : 0
2026-07-14 05:03:21,842 P1446560 INFO pr:0.8659  rc:0.8464  auc:0.9913 ap:0.9663 f1: 0.8561 pred_right: 43630 pred_wrong:3170 actu_right: 43557 actu_wrong: 3243
2026-07-14 05:03:22,273 P1446560 INFO pr:0.8564  rc:0.8228  auc:0.9893 ap:0.9607 f1: 0.8392 pred_right: 17926 pred_wrong:1274 actu_right: 17874 actu_wrong: 1326
2026-07-14 05:03:22,280 P1446560 INFO ----------------------------------------------------------------------------------------------------
2026-07-14 05:03:22,281 P1446560 INFO 26/300 starting... lr: 0.001 para:0.03703703731298447
2026-07-14 05:03:25,985 P1446560 INFO Epoch 26/300, all_loss:2.28130 cls_loss:2.21278 rec_loss:4.06268 [3.70s]; best loss:2.28130, patience : 0
2026-07-14 05:03:27,005 P1446560 INFO pr:0.8279  rc:0.8818  auc:0.9923 ap:0.9654 f1: 0.8540 pred_right: 43348 pred_wrong:3452 actu_right: 43559 actu_wrong: 3241
2026-07-14 05:03:27,441 P1446560 INFO pr:0.8099  rc:0.8643  auc:0.9899 ap:0.9585 f1: 0.8362 pred_right: 17785 pred_wrong:1415 actu_right: 17874 actu_wrong: 1326
2026-07-14 05:03:27,442 P1446560 INFO ----------------------------------------------------------------------------------------------------
2026-07-14 05:03:27,442 P1446560 INFO 27/300 starting... lr: 0.001 para:0.0357142873108387
2026-07-14 05:03:31,162 P1446560 INFO Epoch 27/300, all_loss:2.31844 cls_loss:2.24818 rec_loss:4.21547 [3.72s]; best loss:2.28130, patience : 1
2026-07-14 05:03:32,263 P1446560 INFO pr:0.9119  rc:0.7087  auc:0.9897 ap:0.9609 f1: 0.7976 pred_right: 44281 pred_wrong:2519 actu_right: 43559 actu_wrong: 3241
2026-07-14 05:03:32,689 P1446560 INFO pr:0.9062  rc:0.6848  auc:0.9880 ap:0.9562 f1: 0.7801 pred_right: 18198 pred_wrong:1002 actu_right: 17874 actu_wrong: 1326
2026-07-14 05:03:32,690 P1446560 INFO ----------------------------------------------------------------------------------------------------
2026-07-14 05:03:32,690 P1446560 INFO 28/300 starting... lr: 0.001 para:0.03448275849223137
2026-07-14 05:03:37,151 P1446560 INFO Epoch 28/300, all_loss:2.27849 cls_loss:2.20504 rec_loss:4.33528 [4.46s]; best loss:2.27849, patience : 0
2026-07-14 05:03:38,089 P1446560 INFO pr:0.8796  rc:0.8628  auc:0.9938 ap:0.9745 f1: 0.8711 pred_right: 43619 pred_wrong:3181 actu_right: 43557 actu_wrong: 3243
2026-07-14 05:03:38,477 P1446560 INFO pr:0.8716  rc:0.8499  auc:0.9919 ap:0.9703 f1: 0.8606 pred_right: 17907 pred_wrong:1293 actu_right: 17874 actu_wrong: 1326
2026-07-14 05:03:38,482 P1446560 INFO ----------------------------------------------------------------------------------------------------
2026-07-14 05:03:38,482 P1446560 INFO 29/300 starting... lr: 0.001 para:0.03333333507180214
2026-07-14 05:03:41,821 P1446560 INFO Epoch 29/300, all_loss:2.05457 cls_loss:1.97612 rec_loss:4.32962 [3.33s]; best loss:2.05457, patience : 0
2026-07-14 05:03:42,820 P1446560 INFO pr:0.8822  rc:0.8775  auc:0.9937 ap:0.9744 f1: 0.8799 pred_right: 43575 pred_wrong:3225 actu_right: 43558 actu_wrong: 3242
2026-07-14 05:03:43,242 P1446560 INFO pr:0.8845  rc:0.8718  auc:0.9914 ap:0.9704 f1: 0.8781 pred_right: 17893 pred_wrong:1307 actu_right: 17874 actu_wrong: 1326
2026-07-14 05:03:43,248 P1446560 INFO ----------------------------------------------------------------------------------------------------
2026-07-14 05:03:43,249 P1446560 INFO 30/300 starting... lr: 0.001 para:0.032258063554763794
2026-07-14 05:03:46,779 P1446560 INFO Epoch 30/300, all_loss:1.93185 cls_loss:1.84758 rec_loss:4.45990 [3.52s]; best loss:1.93185, patience : 0
2026-07-14 05:03:47,819 P1446560 INFO pr:0.8953  rc:0.8613  auc:0.9938 ap:0.9744 f1: 0.8780 pred_right: 43685 pred_wrong:3115 actu_right: 43562 actu_wrong: 3238
2026-07-14 05:03:48,736 P1446560 INFO pr:0.8749  rc:0.8492  auc:0.9922 ap:0.9695 f1: 0.8618 pred_right: 17913 pred_wrong:1287 actu_right: 17874 actu_wrong: 1326
2026-07-14 05:03:48,737 P1446560 INFO ----------------------------------------------------------------------------------------------------
2026-07-14 05:03:48,737 P1446560 INFO 31/300 starting... lr: 0.001 para:0.03125
2026-07-14 05:03:56,319 P1446560 INFO Epoch 31/300, all_loss:1.96130 cls_loss:1.87878 rec_loss:4.51949 [7.58s]; best loss:1.93185, patience : 1
2026-07-14 05:03:59,191 P1446560 INFO pr:0.8943  rc:0.8626  auc:0.9939 ap:0.9723 f1: 0.8782 pred_right: 43677 pred_wrong:3123 actu_right: 43562 actu_wrong: 3238
2026-07-14 05:03:59,832 P1446560 INFO pr:0.8852  rc:0.8492  auc:0.9922 ap:0.9667 f1: 0.8668 pred_right: 17928 pred_wrong:1272 actu_right: 17874 actu_wrong: 1326
2026-07-14 05:03:59,833 P1446560 INFO ----------------------------------------------------------------------------------------------------
2026-07-14 05:03:59,833 P1446560 INFO 32/300 starting... lr: 0.001 para:0.03030303120613098
2026-07-14 05:04:03,662 P1446560 INFO Epoch 32/300, all_loss:2.06595 cls_loss:1.98664 rec_loss:4.60373 [3.83s]; best loss:1.93185, patience : 2
2026-07-14 05:04:04,730 P1446560 INFO pr:0.8767  rc:0.8991  auc:0.9945 ap:0.9781 f1: 0.8877 pred_right: 43476 pred_wrong:3324 actu_right: 43559 actu_wrong: 3241
2026-07-14 05:04:05,200 P1446560 INFO pr:0.8820  rc:0.8854  auc:0.9926 ap:0.9736 f1: 0.8837 pred_right: 17869 pred_wrong:1331 actu_right: 17874 actu_wrong: 1326
2026-07-14 05:04:05,208 P1446560 INFO ----------------------------------------------------------------------------------------------------
2026-07-14 05:04:05,208 P1446560 INFO 33/300 starting... lr: 0.001 para:0.029411764815449715
2026-07-14 05:04:08,853 P1446560 INFO Epoch 33/300, all_loss:1.86050 cls_loss:1.77447 rec_loss:4.69949 [3.64s]; best loss:1.86050, patience : 0
2026-07-14 05:04:09,933 P1446560 INFO pr:0.9212  rc:0.8183  auc:0.9935 ap:0.9736 f1: 0.8667 pred_right: 43921 pred_wrong:2879 actu_right: 43559 actu_wrong: 3241
2026-07-14 05:04:10,411 P1446560 INFO pr:0.9072  rc:0.8032  auc:0.9912 ap:0.9664 f1: 0.8520 pred_right: 18026 pred_wrong:1174 actu_right: 17874 actu_wrong: 1326
2026-07-14 05:04:10,411 P1446560 INFO ----------------------------------------------------------------------------------------------------
2026-07-14 05:04:10,411 P1446560 INFO 34/300 starting... lr: 0.001 para:0.02857142873108387
2026-07-14 05:04:14,060 P1446560 INFO Epoch 34/300, all_loss:1.74756 cls_loss:1.65754 rec_loss:4.80812 [3.64s]; best loss:1.74756, patience : 0
2026-07-14 05:04:15,146 P1446560 INFO pr:0.9213  rc:0.8335  auc:0.9940 ap:0.9772 f1: 0.8752 pred_right: 43866 pred_wrong:2934 actu_right: 43557 actu_wrong: 3243
2026-07-14 05:04:15,607 P1446560 INFO pr:0.9175  rc:0.8137  auc:0.9923 ap:0.9724 f1: 0.8625 pred_right: 18024 pred_wrong:1176 actu_right: 17874 actu_wrong: 1326
2026-07-14 05:04:15,607 P1446560 INFO ----------------------------------------------------------------------------------------------------
2026-07-14 05:04:15,607 P1446560 INFO 35/300 starting... lr: 0.001 para:0.02777777798473835
2026-07-14 05:04:19,211 P1446560 INFO Epoch 35/300, all_loss:1.77279 cls_loss:1.68650 rec_loss:4.79276 [3.60s]; best loss:1.74756, patience : 1
2026-07-14 05:04:20,293 P1446560 INFO pr:0.9153  rc:0.8099  auc:0.9935 ap:0.9725 f1: 0.8594 pred_right: 43932 pred_wrong:2868 actu_right: 43559 actu_wrong: 3241
2026-07-14 05:04:20,767 P1446560 INFO pr:0.9103  rc:0.8039  auc:0.9911 ap:0.9672 f1: 0.8538 pred_right: 18029 pred_wrong:1171 actu_right: 17874 actu_wrong: 1326
2026-07-14 05:04:20,767 P1446560 INFO ----------------------------------------------------------------------------------------------------
2026-07-14 05:04:20,767 P1446560 INFO 36/300 starting... lr: 0.001 para:0.027027027681469917
2026-07-14 05:04:24,409 P1446560 INFO Epoch 36/300, all_loss:1.72874 cls_loss:1.64093 rec_loss:4.88984 [3.64s]; best loss:1.72874, patience : 0
2026-07-14 05:04:25,475 P1446560 INFO pr:0.8722  rc:0.9325  auc:0.9953 ap:0.9806 f1: 0.9013 pred_right: 43333 pred_wrong:3467 actu_right: 43557 actu_wrong: 3243
2026-07-14 05:04:25,926 P1446560 INFO pr:0.8520  rc:0.9072  auc:0.9940 ap:0.9741 f1: 0.8787 pred_right: 17788 pred_wrong:1412 actu_right: 17874 actu_wrong: 1326
2026-07-14 05:04:25,933 P1446560 INFO ----------------------------------------------------------------------------------------------------
2026-07-14 05:04:25,933 P1446560 INFO 37/300 starting... lr: 0.001 para:0.02631578966975212
2026-07-14 05:04:29,527 P1446560 INFO Epoch 37/300, all_loss:1.73874 cls_loss:1.65177 rec_loss:4.95673 [3.59s]; best loss:1.72874, patience : 1
2026-07-14 05:04:30,582 P1446560 INFO pr:0.9033  rc:0.9083  auc:0.9954 ap:0.9813 f1: 0.9058 pred_right: 43543 pred_wrong:3257 actu_right: 43561 actu_wrong: 3239
2026-07-14 05:04:31,029 P1446560 INFO pr:0.8902  rc:0.8869  auc:0.9957 ap:0.9746 f1: 0.8886 pred_right: 17879 pred_wrong:1321 actu_right: 17874 actu_wrong: 1326
2026-07-14 05:04:31,037 P1446560 INFO ----------------------------------------------------------------------------------------------------
2026-07-14 05:04:31,037 P1446560 INFO 38/300 starting... lr: 0.001 para:0.025641025975346565
2026-07-14 05:04:34,621 P1446560 INFO Epoch 38/300, all_loss:1.48461 cls_loss:1.39110 rec_loss:5.03792 [3.58s]; best loss:1.48461, patience : 0
2026-07-14 05:04:35,664 P1446560 INFO pr:0.8762  rc:0.9189  auc:0.9945 ap:0.9756 f1: 0.8970 pred_right: 43400 pred_wrong:3400 actu_right: 43558 actu_wrong: 3242
2026-07-14 05:04:36,114 P1446560 INFO pr:0.8565  rc:0.8959  auc:0.9919 ap:0.9670 f1: 0.8758 pred_right: 17813 pred_wrong:1387 actu_right: 17874 actu_wrong: 1326
2026-07-14 05:04:36,115 P1446560 INFO ----------------------------------------------------------------------------------------------------
2026-07-14 05:04:36,115 P1446560 INFO 39/300 starting... lr: 0.001 para:0.02500000037252903
2026-07-14 05:04:39,772 P1446560 INFO Epoch 39/300, all_loss:1.55447 cls_loss:1.46396 rec_loss:5.08445 [3.66s]; best loss:1.48461, patience : 1
2026-07-14 05:04:40,837 P1446560 INFO pr:0.9455  rc:0.8075  auc:0.9929 ap:0.9791 f1: 0.8711 pred_right: 44027 pred_wrong:2773 actu_right: 43553 actu_wrong: 3247
2026-07-14 05:04:41,306 P1446560 INFO pr:0.9451  rc:0.7919  auc:0.9899 ap:0.9723 f1: 0.8617 pred_right: 18089 pred_wrong:1111 actu_right: 17874 actu_wrong: 1326
2026-07-14 05:04:41,307 P1446560 INFO ----------------------------------------------------------------------------------------------------
2026-07-14 05:04:41,307 P1446560 INFO 40/300 starting... lr: 0.001 para:0.024390242993831635
2026-07-14 05:04:45,049 P1446560 INFO Epoch 40/300, all_loss:1.53627 cls_loss:1.44535 rec_loss:5.17299 [3.74s]; best loss:1.48461, patience : 1
2026-07-14 05:04:46,104 P1446560 INFO pr:0.9351  rc:0.8752  auc:0.9952 ap:0.9802 f1: 0.9041 pred_right: 43764 pred_wrong:3036 actu_right: 43556 actu_wrong: 3244
2026-07-14 05:04:46,554 P1446560 INFO pr:0.9287  rc:0.8552  auc:0.9929 ap:0.9725 f1: 0.8905 pred_right: 17979 pred_wrong:1221 actu_right: 17874 actu_wrong: 1326
2026-07-14 05:04:46,554 P1446560 INFO ----------------------------------------------------------------------------------------------------
2026-07-14 05:04:46,562 P1446560 INFO 41/300 starting... lr: 0.001 para:0.02380952425301075
2026-07-14 05:04:50,172 P1446560 INFO Epoch 41/300, all_loss:1.70796 cls_loss:1.62181 rec_loss:5.24029 [3.61s]; best loss:1.48461, patience : 2
2026-07-14 05:04:51,227 P1446560 INFO pr:0.9660  rc:0.7633  auc:0.9953 ap:0.9814 f1: 0.8528 pred_right: 44240 pred_wrong:2560 actu_right: 43560 actu_wrong: 3240
2026-07-14 05:04:51,664 P1446560 INFO pr:0.9634  rc:0.7345  auc:0.9929 ap:0.9757 f1: 0.8335 pred_right: 18189 pred_wrong:1011 actu_right: 17874 actu_wrong: 1326
2026-07-14 05:04:51,664 P1446560 INFO ----------------------------------------------------------------------------------------------------
2026-07-14 05:04:51,664 P1446560 INFO 42/300 starting... lr: 0.001 para:0.023255813866853714
2026-07-14 05:04:55,276 P1446560 INFO Epoch 42/300, all_loss:1.39251 cls_loss:1.30486 rec_loss:5.07344 [3.60s]; best loss:1.39251, patience : 0
2026-07-14 05:04:56,390 P1446560 INFO pr:0.9252  rc:0.8926  auc:0.9955 ap:0.9827 f1: 0.9086 pred_right: 43673 pred_wrong:3127 actu_right: 43559 actu_wrong: 3241
2026-07-14 05:04:56,846 P1446560 INFO pr:0.9159  rc:0.8620  auc:0.9932 ap:0.9765 f1: 0.8881 pred_right: 17952 pred_wrong:1248 actu_right: 17874 actu_wrong: 1326
2026-07-14 05:04:56,854 P1446560 INFO ----------------------------------------------------------------------------------------------------
2026-07-14 05:04:56,854 P1446560 INFO 43/300 starting... lr: 0.001 para:0.022727273404598236
2026-07-14 05:05:01,605 P1446560 INFO Epoch 43/300, all_loss:1.44164 cls_loss:1.35438 rec_loss:5.19382 [4.75s]; best loss:1.39251, patience : 1
2026-07-14 05:05:02,575 P1446560 INFO pr:0.8656  rc:0.9457  auc:0.9955 ap:0.9833 f1: 0.9039 pred_right: 43258 pred_wrong:3542 actu_right: 43558 actu_wrong: 3242
2026-07-14 05:05:02,978 P1446560 INFO pr:0.8460  rc:0.9238  auc:0.9933 ap:0.9741 f1: 0.8832 pred_right: 17752 pred_wrong:1448 actu_right: 17874 actu_wrong: 1326
2026-07-14 05:05:02,978 P1446560 INFO ----------------------------------------------------------------------------------------------------
2026-07-14 05:05:02,978 P1446560 INFO 44/300 starting... lr: 0.001 para:0.02222222276031971
2026-07-14 05:05:06,328 P1446560 INFO Epoch 44/300, all_loss:1.32623 cls_loss:1.23723 rec_loss:5.24240 [3.34s]; best loss:1.32623, patience : 0
2026-07-14 05:05:07,331 P1446560 INFO pr:0.9030  rc:0.9142  auc:0.9943 ap:0.9823 f1: 0.9086 pred_right: 43520 pred_wrong:3280 actu_right: 43560 actu_wrong: 3240
2026-07-14 05:05:07,743 P1446560 INFO pr:0.8825  rc:0.8891  auc:0.9923 ap:0.9754 f1: 0.8858 pred_right: 17864 pred_wrong:1336 actu_right: 17874 actu_wrong: 1326
2026-07-14 05:05:07,744 P1446560 INFO ----------------------------------------------------------------------------------------------------
2026-07-14 05:05:07,744 P1446560 INFO 45/300 starting... lr: 0.001 para:0.021739130839705467
2026-07-14 05:05:11,303 P1446560 INFO Epoch 45/300, all_loss:1.41625 cls_loss:1.32687 rec_loss:5.43848 [3.56s]; best loss:1.32623, patience : 1
2026-07-14 05:05:12,286 P1446560 INFO pr:0.9458  rc:0.8559  auc:0.9947 ap:0.9820 f1: 0.8986 pred_right: 43867 pred_wrong:2933 actu_right: 43559 actu_wrong: 3241
2026-07-14 05:05:12,689 P1446560 INFO pr:0.9356  rc:0.8333  auc:0.9917 ap:0.9753 f1: 0.8815 pred_right: 18019 pred_wrong:1181 actu_right: 17874 actu_wrong: 1326
2026-07-14 05:05:12,690 P1446560 INFO ----------------------------------------------------------------------------------------------------
2026-07-14 05:05:12,690 P1446560 INFO 46/300 starting... lr: 0.001 para:0.021276595070958138
2026-07-14 05:05:18,097 P1446560 INFO Epoch 46/300, all_loss:1.38240 cls_loss:1.29190 rec_loss:5.54521 [5.41s]; best loss:1.32623, patience : 1
2026-07-14 05:05:20,230 P1446560 INFO pr:0.9645  rc:0.8213  auc:0.9921 ap:0.9815 f1: 0.8871 pred_right: 44041 pred_wrong:2759 actu_right: 43560 actu_wrong: 3240
2026-07-14 05:05:20,961 P1446560 INFO pr:0.9439  rc:0.7994  auc:0.9893 ap:0.9719 f1: 0.8657 pred_right: 18077 pred_wrong:1123 actu_right: 17874 actu_wrong: 1326
2026-07-14 05:05:20,962 P1446560 INFO ----------------------------------------------------------------------------------------------------
2026-07-14 05:05:20,962 P1446560 INFO 47/300 starting... lr: 0.001 para:0.02083333395421505
2026-07-14 05:05:26,371 P1446560 INFO Epoch 47/300, all_loss:1.58170 cls_loss:1.49899 rec_loss:5.46929 [5.41s]; best loss:1.32623, patience : 2
2026-07-14 05:05:27,546 P1446560 INFO pr:0.9436  rc:0.8833  auc:0.9948 ap:0.9839 f1: 0.9125 pred_right: 43767 pred_wrong:3033 actu_right: 43560 actu_wrong: 3240
2026-07-14 05:05:28,025 P1446560 INFO pr:0.9251  rc:0.8575  auc:0.9925 ap:0.9761 f1: 0.8900 pred_right: 17971 pred_wrong:1229 actu_right: 17874 actu_wrong: 1326
2026-07-14 05:05:28,033 P1446560 INFO ----------------------------------------------------------------------------------------------------
2026-07-14 05:05:28,033 P1446560 INFO 48/300 starting... lr: 0.001 para:0.020408162847161293
2026-07-14 05:05:31,773 P1446560 INFO Epoch 48/300, all_loss:1.51920 cls_loss:1.43554 rec_loss:5.53516 [3.74s]; best loss:1.32623, patience : 2
2026-07-14 05:05:32,877 P1446560 INFO pr:0.9428  rc:0.8905  auc:0.9951 ap:0.9843 f1: 0.9159 pred_right: 43739 pred_wrong:3061 actu_right: 43559 actu_wrong: 3241
2026-07-14 05:05:33,331 P1446560 INFO pr:0.9171  rc:0.8590  auc:0.9926 ap:0.9767 f1: 0.8871 pred_right: 17958 pred_wrong:1242 actu_right: 17874 actu_wrong: 1326
2026-07-14 05:05:33,338 P1446560 INFO ----------------------------------------------------------------------------------------------------
2026-07-14 05:05:33,339 P1446560 INFO 49/300 starting... lr: 0.001 para:0.019999999552965164
2026-07-14 05:05:37,018 P1446560 INFO Epoch 49/300, all_loss:1.29230 cls_loss:1.20693 rec_loss:5.47539 [3.67s]; best loss:1.29230, patience : 0
2026-07-14 05:05:38,131 P1446560 INFO pr:0.8647  rc:0.9598  auc:0.9958 ap:0.9872 f1: 0.9098 pred_right: 43207 pred_wrong:3593 actu_right: 43563 actu_wrong: 3237
2026-07-14 05:05:38,570 P1446560 INFO pr:0.8443  rc:0.9321  auc:0.9939 ap:0.9791 f1: 0.8860 pred_right: 17736 pred_wrong:1464 actu_right: 17874 actu_wrong: 1326
2026-07-14 05:05:38,570 P1446560 INFO ----------------------------------------------------------------------------------------------------
2026-07-14 05:05:38,570 P1446560 INFO 50/300 starting... lr: 0.001 para:0.019607843831181526
2026-07-14 05:05:42,198 P1446560 INFO Epoch 50/300, all_loss:1.17147 cls_loss:1.08324 rec_loss:5.58290 [3.62s]; best loss:1.17147, patience : 0
2026-07-14 05:05:43,282 P1446560 INFO pr:0.9296  rc:0.9204  auc:0.9950 ap:0.9833 f1: 0.9250 pred_right: 43591 pred_wrong:3209 actu_right: 43559 actu_wrong: 3241
2026-07-14 05:05:43,715 P1446560 INFO pr:0.9068  rc:0.8808  auc:0.9932 ap:0.9736 f1: 0.8936 pred_right: 17912 pred_wrong:1288 actu_right: 17874 actu_wrong: 1326
2026-07-14 05:05:43,722 P1446560 INFO ----------------------------------------------------------------------------------------------------
2026-07-14 05:05:43,722 P1446560 INFO 51/300 starting... lr: 0.001 para:0.01923076994717121
2026-07-14 05:05:47,407 P1446560 INFO Epoch 51/300, all_loss:1.24414 cls_loss:1.15761 rec_loss:5.65761 [3.68s]; best loss:1.17147, patience : 1
2026-07-14 05:05:48,475 P1446560 INFO pr:0.9540  rc:0.8850  auc:0.9949 ap:0.9851 f1: 0.9182 pred_right: 43798 pred_wrong:3002 actu_right: 43564 actu_wrong: 3236
2026-07-14 05:05:48,909 P1446560 INFO pr:0.9407  rc:0.8492  auc:0.9919 ap:0.9761 f1: 0.8926 pred_right: 18003 pred_wrong:1197 actu_right: 17874 actu_wrong: 1326
2026-07-14 05:05:48,909 P1446560 INFO ----------------------------------------------------------------------------------------------------
2026-07-14 05:05:48,909 P1446560 INFO 52/300 starting... lr: 0.001 para:0.01886792480945587
2026-07-14 05:05:52,498 P1446560 INFO Epoch 52/300, all_loss:1.28079 cls_loss:1.19775 rec_loss:5.59913 [3.59s]; best loss:1.17147, patience : 2
2026-07-14 05:05:53,565 P1446560 INFO pr:0.9089  rc:0.9019  auc:0.9938 ap:0.9803 f1: 0.9054 pred_right: 43583 pred_wrong:3217 actu_right: 43558 actu_wrong: 3242
2026-07-14 05:05:54,000 P1446560 INFO pr:0.8794  rc:0.8635  auc:0.9902 ap:0.9696 f1: 0.8714 pred_right: 17898 pred_wrong:1302 actu_right: 17874 actu_wrong: 1326
2026-07-14 05:05:54,000 P1446560 INFO ----------------------------------------------------------------------------------------------------
2026-07-14 05:05:54,000 P1446560 INFO 53/300 starting... lr: 0.001 para:0.018518518656492233
2026-07-14 05:05:57,641 P1446560 INFO Epoch 53/300, all_loss:1.09999 cls_loss:1.01428 rec_loss:5.64252 [3.63s]; best loss:1.09999, patience : 0
2026-07-14 05:05:58,732 P1446560 INFO pr:0.9162  rc:0.9312  auc:0.9949 ap:0.9853 f1: 0.9236 pred_right: 43507 pred_wrong:3293 actu_right: 43560 actu_wrong: 3240
2026-07-14 05:05:59,168 P1446560 INFO pr:0.9039  rc:0.9005  auc:0.9925 ap:0.9769 f1: 0.9022 pred_right: 17879 pred_wrong:1321 actu_right: 17874 actu_wrong: 1326
2026-07-14 05:05:59,168 P1446560 INFO ----------------------------------------------------------------------------------------------------
2026-07-14 05:05:59,169 P1446560 INFO 54/300 starting... lr: 0.001 para:0.0181818176060915
2026-07-14 05:06:02,812 P1446560 INFO Epoch 54/300, all_loss:1.28427 cls_loss:1.20196 rec_loss:5.72911 [3.64s]; best loss:1.09999, patience : 1
2026-07-14 05:06:03,903 P1446560 INFO pr:0.9648  rc:0.8045  auc:0.9933 ap:0.9814 f1: 0.8774 pred_right: 44100 pred_wrong:2700 actu_right: 43562 actu_wrong: 3238
2026-07-14 05:06:04,324 P1446560 INFO pr:0.9489  rc:0.7707  auc:0.9902 ap:0.9724 f1: 0.8506 pred_right: 18123 pred_wrong:1077 actu_right: 17874 actu_wrong: 1326
2026-07-14 05:06:04,325 P1446560 INFO ----------------------------------------------------------------------------------------------------
2026-07-14 05:06:04,325 P1446560 INFO 55/300 starting... lr: 0.001 para:0.01785714365541935
2026-07-14 05:06:08,052 P1446560 INFO Epoch 55/300, all_loss:1.19903 cls_loss:1.11438 rec_loss:5.85476 [3.73s]; best loss:1.09999, patience : 1
2026-07-14 05:06:09,132 P1446560 INFO pr:0.9358  rc:0.9182  auc:0.9950 ap:0.9861 f1: 0.9269 pred_right: 43622 pred_wrong:3178 actu_right: 43561 actu_wrong: 3239
2026-07-14 05:06:09,572 P1446560 INFO pr:0.9180  rc:0.8778  auc:0.9926 ap:0.9755 f1: 0.8975 pred_right: 17932 pred_wrong:1268 actu_right: 17874 actu_wrong: 1326
2026-07-14 05:06:09,579 P1446560 INFO ----------------------------------------------------------------------------------------------------
2026-07-14 05:06:09,579 P1446560 INFO 56/300 starting... lr: 0.001 para:0.017543859779834747
2026-07-14 05:06:13,346 P1446560 INFO Epoch 56/300, all_loss:1.08597 cls_loss:1.00120 rec_loss:5.83360 [3.76s]; best loss:1.08597, patience : 0
2026-07-14 05:06:14,445 P1446560 INFO pr:0.9301  rc:0.9250  auc:0.9956 ap:0.9851 f1: 0.9276 pred_right: 43579 pred_wrong:3221 actu_right: 43561 actu_wrong: 3239
2026-07-14 05:06:14,891 P1446560 INFO pr:0.9165  rc:0.9020  auc:0.9940 ap:0.9769 f1: 0.9092 pred_right: 17895 pred_wrong:1305 actu_right: 17874 actu_wrong: 1326
2026-07-14 05:06:14,898 P1446560 INFO ----------------------------------------------------------------------------------------------------
2026-07-14 05:06:14,898 P1446560 INFO 57/300 starting... lr: 0.001 para:0.017241379246115685
2026-07-14 05:06:18,595 P1446560 INFO Epoch 57/300, all_loss:1.10274 cls_loss:1.01746 rec_loss:5.96375 [3.70s]; best loss:1.08597, patience : 1
2026-07-14 05:06:19,701 P1446560 INFO pr:0.9623  rc:0.8676  auc:0.9947 ap:0.9862 f1: 0.9125 pred_right: 43879 pred_wrong:2921 actu_right: 43560 actu_wrong: 3240
2026-07-14 05:06:20,156 P1446560 INFO pr:0.9422  rc:0.8243  auc:0.9919 ap:0.9765 f1: 0.8793 pred_right: 18040 pred_wrong:1160 actu_right: 17874 actu_wrong: 1326
2026-07-14 05:06:20,156 P1446560 INFO ----------------------------------------------------------------------------------------------------
2026-07-14 05:06:20,156 P1446560 INFO 58/300 starting... lr: 0.001 para:0.016949152573943138
2026-07-14 05:06:23,781 P1446560 INFO Epoch 58/300, all_loss:0.92488 cls_loss:0.83630 rec_loss:6.06210 [3.62s]; best loss:0.92488, patience : 0
2026-07-14 05:06:26,480 P1446560 INFO pr:0.9717  rc:0.8276  auc:0.9946 ap:0.9858 f1: 0.8939 pred_right: 44039 pred_wrong:2761 actu_right: 43558 actu_wrong: 3242
2026-07-14 05:06:27,024 P1446560 INFO pr:0.9592  rc:0.7805  auc:0.9915 ap:0.9770 f1: 0.8607 pred_right: 18121 pred_wrong:1079 actu_right: 17874 actu_wrong: 1326
2026-07-14 05:06:27,025 P1446560 INFO ----------------------------------------------------------------------------------------------------
2026-07-14 05:06:27,025 P1446560 INFO 59/300 starting... lr: 0.001 para:0.01666666753590107
2026-07-14 05:06:30,360 P1446560 INFO Epoch 59/300, all_loss:1.33866 cls_loss:1.25966 rec_loss:5.99921 [3.33s]; best loss:0.92488, patience : 1
2026-07-14 05:06:31,311 P1446560 INFO pr:0.8851  rc:0.9220  auc:0.9956 ap:0.9857 f1: 0.9032 pred_right: 43423 pred_wrong:3377 actu_right: 43558 actu_wrong: 3242
2026-07-14 05:06:31,710 P1446560 INFO pr:0.8629  rc:0.8922  auc:0.9911 ap:0.9733 f1: 0.8773 pred_right: 17829 pred_wrong:1371 actu_right: 17874 actu_wrong: 1326
2026-07-14 05:06:31,710 P1446560 INFO ----------------------------------------------------------------------------------------------------
2026-07-14 05:06:31,711 P1446560 INFO 60/300 starting... lr: 0.001 para:0.016393441706895828
2026-07-14 05:06:35,278 P1446560 INFO Epoch 60/300, all_loss:1.17354 cls_loss:1.09544 rec_loss:5.85974 [3.57s]; best loss:0.92488, patience : 1
2026-07-14 05:06:36,303 P1446560 INFO pr:0.9252  rc:0.9001  auc:0.9943 ap:0.9835 f1: 0.9125 pred_right: 43644 pred_wrong:3156 actu_right: 43556 actu_wrong: 3244
2026-07-14 05:06:36,730 P1446560 INFO pr:0.9172  rc:0.8688  auc:0.9940 ap:0.9770 f1: 0.8923 pred_right: 17944 pred_wrong:1256 actu_right: 17874 actu_wrong: 1326
2026-07-14 05:06:36,730 P1446560 INFO ----------------------------------------------------------------------------------------------------
2026-07-14 05:06:36,730 P1446560 INFO 61/300 starting... lr: 0.001 para:0.016129031777381897
2026-07-14 05:06:41,539 P1446560 INFO Epoch 61/300, all_loss:1.15502 cls_loss:1.07892 rec_loss:5.79766 [4.81s]; best loss:0.92488, patience : 1
2026-07-14 05:06:44,066 P1446560 INFO pr:0.9564  rc:0.8794  auc:0.9959 ap:0.9871 f1: 0.9163 pred_right: 43820 pred_wrong:2980 actu_right: 43559 actu_wrong: 3241
2026-07-14 05:06:45,295 P1446560 INFO pr:0.9384  rc:0.8394  auc:0.9924 ap:0.9756 f1: 0.8861 pred_right: 18014 pred_wrong:1186 actu_right: 17874 actu_wrong: 1326
2026-07-14 05:06:45,296 P1446560 INFO ----------------------------------------------------------------------------------------------------
2026-07-14 05:06:45,296 P1446560 INFO 62/300 starting... lr: 0.001 para:0.01587301678955555
2026-07-14 05:06:51,426 P1446560 INFO Epoch 62/300, all_loss:1.04075 cls_loss:0.96400 rec_loss:5.79903 [6.13s]; best loss:0.92488, patience : 1
2026-07-14 05:06:52,722 P1446560 INFO pr:0.8935  rc:0.9516  auc:0.9955 ap:0.9866 f1: 0.9216 pred_right: 43345 pred_wrong:3455 actu_right: 43556 actu_wrong: 3244
2026-07-14 05:06:53,211 P1446560 INFO pr:0.8802  rc:0.9140  auc:0.9918 ap:0.9777 f1: 0.8968 pred_right: 17823 pred_wrong:1377 actu_right: 17874 actu_wrong: 1326
2026-07-14 05:06:53,211 P1446560 INFO ----------------------------------------------------------------------------------------------------
2026-07-14 05:06:53,211 P1446560 INFO 63/300 starting... lr: 0.001 para:0.015625
2026-07-14 05:06:57,022 P1446560 INFO Epoch 63/300, all_loss:1.08151 cls_loss:1.00404 rec_loss:5.96245 [3.81s]; best loss:0.92488, patience : 2
2026-07-14 05:06:58,135 P1446560 INFO pr:0.9579  rc:0.9057  auc:0.9949 ap:0.9863 f1: 0.9311 pred_right: 43733 pred_wrong:3067 actu_right: 43556 actu_wrong: 3244
2026-07-14 05:06:58,591 P1446560 INFO pr:0.9379  rc:0.8650  auc:0.9905 ap:0.9761 f1: 0.9000 pred_right: 17977 pred_wrong:1223 actu_right: 17874 actu_wrong: 1326
2026-07-14 05:06:58,598 P1446560 INFO ----------------------------------------------------------------------------------------------------
2026-07-14 05:06:58,598 P1446560 INFO 64/300 starting... lr: 0.001 para:0.015384615398943424
2026-07-14 05:07:02,344 P1446560 INFO Epoch 64/300, all_loss:1.01354 cls_loss:0.93850 rec_loss:5.81635 [3.75s]; best loss:0.92488, patience : 2
2026-07-14 05:07:03,402 P1446560 INFO pr:0.9232  rc:0.9346  auc:0.9956 ap:0.9876 f1: 0.9288 pred_right: 43520 pred_wrong:3280 actu_right: 43560 actu_wrong: 3240
2026-07-14 05:07:03,851 P1446560 INFO pr:0.9127  rc:0.8989  auc:0.9922 ap:0.9789 f1: 0.9058 pred_right: 17894 pred_wrong:1306 actu_right: 17874 actu_wrong: 1326
2026-07-14 05:07:03,851 P1446560 INFO ----------------------------------------------------------------------------------------------------
2026-07-14 05:07:03,852 P1446560 INFO 65/300 starting... lr: 0.001 para:0.01515151560306549
2026-07-14 05:07:07,560 P1446560 INFO Epoch 65/300, all_loss:0.98212 cls_loss:0.90615 rec_loss:5.92049 [3.71s]; best loss:0.92488, patience : 2
2026-07-14 05:07:08,609 P1446560 INFO pr:0.9173  rc:0.9420  auc:0.9955 ap:0.9873 f1: 0.9295 pred_right: 43474 pred_wrong:3326 actu_right: 43561 actu_wrong: 3239
2026-07-14 05:07:09,043 P1446560 INFO pr:0.8973  rc:0.9027  auc:0.9915 ap:0.9790 f1: 0.9000 pred_right: 17866 pred_wrong:1334 actu_right: 17874 actu_wrong: 1326
2026-07-14 05:07:09,043 P1446560 INFO ----------------------------------------------------------------------------------------------------
2026-07-14 05:07:09,043 P1446560 INFO 66/300 starting... lr: 0.001 para:0.014925372786819935
2026-07-14 05:07:12,706 P1446560 INFO Epoch 66/300, all_loss:1.18436 cls_loss:1.11203 rec_loss:5.95820 [3.66s]; best loss:0.92488, patience : 3
2026-07-14 05:07:13,827 P1446560 INFO pr:0.9155  rc:0.9466  auc:0.9959 ap:0.9881 f1: 0.9308 pred_right: 43452 pred_wrong:3348 actu_right: 43562 actu_wrong: 3238
2026-07-14 05:07:14,270 P1446560 INFO pr:0.8958  rc:0.9072  auc:0.9938 ap:0.9788 f1: 0.9015 pred_right: 17857 pred_wrong:1343 actu_right: 17874 actu_wrong: 1326
2026-07-14 05:07:14,270 P1446560 INFO ----------------------------------------------------------------------------------------------------
2026-07-14 05:07:14,270 P1446560 INFO 67/300 starting... lr: 0.001 para:0.014705882407724857
2026-07-14 05:07:17,881 P1446560 INFO Epoch 67/300, all_loss:0.99775 cls_loss:0.92275 rec_loss:6.02257 [3.61s]; best loss:0.92488, patience : 3
2026-07-14 05:07:18,938 P1446560 INFO pr:0.9486  rc:0.8994  auc:0.9956 ap:0.9863 f1: 0.9233 pred_right: 43728 pred_wrong:3072 actu_right: 43560 actu_wrong: 3240
2026-07-14 05:07:19,370 P1446560 INFO pr:0.9337  rc:0.8605  auc:0.9923 ap:0.9771 f1: 0.8956 pred_right: 17978 pred_wrong:1222 actu_right: 17874 actu_wrong: 1326
2026-07-14 05:07:19,371 P1446560 INFO ----------------------------------------------------------------------------------------------------
2026-07-14 05:07:19,371 P1446560 INFO 68/300 starting... lr: 0.001 para:0.014492753893136978
2026-07-14 05:07:23,006 P1446560 INFO Epoch 68/300, all_loss:1.00402 cls_loss:0.92834 rec_loss:6.15020 [3.63s]; best loss:0.92488, patience : 4
2026-07-14 05:07:24,069 P1446560 INFO pr:0.8940  rc:0.9618  auc:0.9959 ap:0.9881 f1: 0.9266 pred_right: 43310 pred_wrong:3490 actu_right: 43556 actu_wrong: 3244
2026-07-14 05:07:24,506 P1446560 INFO pr:0.8771  rc:0.9367  auc:0.9947 ap:0.9810 f1: 0.9059 pred_right: 17784 pred_wrong:1416 actu_right: 17874 actu_wrong: 1326
2026-07-14 05:07:24,507 P1446560 INFO ----------------------------------------------------------------------------------------------------
2026-07-14 05:07:24,507 P1446560 INFO 69/300 starting... lr: 0.001 para:0.014285714365541935
2026-07-14 05:07:28,186 P1446560 INFO Epoch 69/300, all_loss:0.95292 cls_loss:0.87744 rec_loss:6.16129 [3.68s]; best loss:0.92488, patience : 4
2026-07-14 05:07:29,267 P1446560 INFO pr:0.9567  rc:0.9136  auc:0.9958 ap:0.9886 f1: 0.9347 pred_right: 43704 pred_wrong:3096 actu_right: 43558 actu_wrong: 3242
2026-07-14 05:07:29,711 P1446560 INFO pr:0.9385  rc:0.8748  auc:0.9933 ap:0.9798 f1: 0.9055 pred_right: 17964 pred_wrong:1236 actu_right: 17874 actu_wrong: 1326
2026-07-14 05:07:29,719 P1446560 INFO ----------------------------------------------------------------------------------------------------
2026-07-14 05:07:29,719 P1446560 INFO 70/300 starting... lr: 0.001 para:0.014084506779909134
2026-07-14 05:07:33,391 P1446560 INFO Epoch 70/300, all_loss:0.93875 cls_loss:0.86219 rec_loss:6.29765 [3.67s]; best loss:0.92488, patience : 4
2026-07-14 05:07:34,580 P1446560 INFO pr:0.9597  rc:0.9111  auc:0.9956 ap:0.9879 f1: 0.9348 pred_right: 43723 pred_wrong:3077 actu_right: 43559 actu_wrong: 3241
2026-07-14 05:07:35,024 P1446560 INFO pr:0.9460  rc:0.8718  auc:0.9934 ap:0.9784 f1: 0.9074 pred_right: 17978 pred_wrong:1222 actu_right: 17874 actu_wrong: 1326
2026-07-14 05:07:35,031 P1446560 INFO ----------------------------------------------------------------------------------------------------
2026-07-14 05:07:35,031 P1446560 INFO 71/300 starting... lr: 0.001 para:0.013888888992369175
2026-07-14 05:07:38,873 P1446560 INFO Epoch 71/300, all_loss:0.84737 cls_loss:0.76975 rec_loss:6.35818 [3.83s]; best loss:0.84737, patience : 0
2026-07-14 05:07:39,941 P1446560 INFO pr:0.9689  rc:0.8747  auc:0.9944 ap:0.9866 f1: 0.9194 pred_right: 43876 pred_wrong:2924 actu_right: 43561 actu_wrong: 3239
2026-07-14 05:07:40,378 P1446560 INFO pr:0.9549  rc:0.8303  auc:0.9911 ap:0.9776 f1: 0.8883 pred_right: 18047 pred_wrong:1153 actu_right: 17874 actu_wrong: 1326
2026-07-14 05:07:40,378 P1446560 INFO ----------------------------------------------------------------------------------------------------
2026-07-14 05:07:40,378 P1446560 INFO 72/300 starting... lr: 0.001 para:0.013698630034923553
2026-07-14 05:07:44,027 P1446560 INFO Epoch 72/300, all_loss:1.00781 cls_loss:0.93284 rec_loss:6.40527 [3.65s]; best loss:0.84737, patience : 1
2026-07-14 05:07:45,129 P1446560 INFO pr:0.9233  rc:0.9339  auc:0.9950 ap:0.9827 f1: 0.9286 pred_right: 43526 pred_wrong:3274 actu_right: 43563 actu_wrong: 3237
2026-07-14 05:07:45,576 P1446560 INFO pr:0.8975  rc:0.8846  auc:0.9921 ap:0.9710 f1: 0.8910 pred_right: 17893 pred_wrong:1307 actu_right: 17874 actu_wrong: 1326
2026-07-14 05:07:45,576 P1446560 INFO ----------------------------------------------------------------------------------------------------
2026-07-14 05:07:45,577 P1446560 INFO 73/300 starting... lr: 0.001 para:0.013513513840734959
2026-07-14 05:07:49,260 P1446560 INFO Epoch 73/300, all_loss:1.06872 cls_loss:0.99685 rec_loss:6.31508 [3.68s]; best loss:0.84737, patience : 2
2026-07-14 05:07:50,320 P1446560 INFO pr:0.9667  rc:0.8419  auc:0.9928 ap:0.9823 f1: 0.9000 pred_right: 43974 pred_wrong:2826 actu_right: 43555 actu_wrong: 3245
2026-07-14 05:07:50,773 P1446560 INFO pr:0.9406  rc:0.7994  auc:0.9883 ap:0.9701 f1: 0.8642 pred_right: 18073 pred_wrong:1127 actu_right: 17874 actu_wrong: 1326
2026-07-14 05:07:50,773 P1446560 INFO ----------------------------------------------------------------------------------------------------
2026-07-14 05:07:50,773 P1446560 INFO 74/300 starting... lr: 0.001 para:0.013333333656191826
2026-07-14 05:07:55,584 P1446560 INFO Epoch 74/300, all_loss:1.11924 cls_loss:1.05038 rec_loss:6.21441 [4.81s]; best loss:0.84737, patience : 3
2026-07-14 05:07:56,573 P1446560 INFO pr:0.9577  rc:0.8799  auc:0.9950 ap:0.9858 f1: 0.9171 pred_right: 43824 pred_wrong:2976 actu_right: 43561 actu_wrong: 3239
2026-07-14 05:07:56,979 P1446560 INFO pr:0.9391  rc:0.8379  auc:0.9919 ap:0.9765 f1: 0.8856 pred_right: 18017 pred_wrong:1183 actu_right: 17874 actu_wrong: 1326
2026-07-14 05:07:56,979 P1446560 INFO ----------------------------------------------------------------------------------------------------
2026-07-14 05:07:56,979 P1446560 INFO 75/300 starting... lr: 0.001 para:0.01315789483487606
2026-07-14 05:08:00,297 P1446560 INFO Epoch 75/300, all_loss:0.84296 cls_loss:0.77302 rec_loss:6.08863 [3.31s]; best loss:0.84296, patience : 0
2026-07-14 05:08:01,282 P1446560 INFO pr:0.9307  rc:0.9324  auc:0.9947 ap:0.9831 f1: 0.9315 pred_right: 43555 pred_wrong:3245 actu_right: 43561 actu_wrong: 3239
2026-07-14 05:08:01,727 P1446560 INFO pr:0.9014  rc:0.8959  auc:0.9916 ap:0.9722 f1: 0.8986 pred_right: 17882 pred_wrong:1318 actu_right: 17874 actu_wrong: 1326
2026-07-14 05:08:01,727 P1446560 INFO ----------------------------------------------------------------------------------------------------
2026-07-14 05:08:01,728 P1446560 INFO 76/300 starting... lr: 0.001 para:0.012987012974917889
2026-07-14 05:08:05,279 P1446560 INFO Epoch 76/300, all_loss:0.84143 cls_loss:0.77066 rec_loss:6.22047 [3.55s]; best loss:0.84143, patience : 0
2026-07-14 05:08:06,291 P1446560 INFO pr:0.9397  rc:0.9512  auc:0.9955 ap:0.9851 f1: 0.9454 pred_right: 43519 pred_wrong:3281 actu_right: 43559 actu_wrong: 3241
2026-07-14 05:08:06,780 P1446560 INFO pr:0.9119  rc:0.9208  auc:0.9931 ap:0.9773 f1: 0.9163 pred_right: 17861 pred_wrong:1339 actu_right: 17874 actu_wrong: 1326
2026-07-14 05:08:06,788 P1446560 INFO ----------------------------------------------------------------------------------------------------
2026-07-14 05:08:06,788 P1446560 INFO 77/300 starting... lr: 0.001 para:0.012820512987673283
2026-07-14 05:08:12,454 P1446560 INFO Epoch 77/300, all_loss:0.94141 cls_loss:0.87278 rec_loss:6.22552 [5.67s]; best loss:0.84143, patience : 1
2026-07-14 05:08:14,399 P1446560 INFO pr:0.9336  rc:0.9189  auc:0.9959 ap:0.9845 f1: 0.9262 pred_right: 43608 pred_wrong:3192 actu_right: 43557 actu_wrong: 3243
2026-07-14 05:08:15,202 P1446560 INFO pr:0.9125  rc:0.8891  auc:0.9935 ap:0.9757 f1: 0.9007 pred_right: 17908 pred_wrong:1292 actu_right: 17874 actu_wrong: 1326
2026-07-14 05:08:15,202 P1446560 INFO ----------------------------------------------------------------------------------------------------
2026-07-14 05:08:15,202 P1446560 INFO 78/300 starting... lr: 0.001 para:0.012658228166401386
2026-07-14 05:08:20,327 P1446560 INFO Epoch 78/300, all_loss:0.83997 cls_loss:0.77097 rec_loss:6.22181 [5.12s]; best loss:0.83997, patience : 0
2026-07-14 05:08:21,509 P1446560 INFO pr:0.9166  rc:0.9599  auc:0.9957 ap:0.9868 f1: 0.9377 pred_right: 43408 pred_wrong:3392 actu_right: 43561 actu_wrong: 3239
2026-07-14 05:08:21,981 P1446560 INFO pr:0.8897  rc:0.9246  auc:0.9928 ap:0.9789 f1: 0.9068 pred_right: 17822 pred_wrong:1378 actu_right: 17874 actu_wrong: 1326
2026-07-14 05:08:21,982 P1446560 INFO ----------------------------------------------------------------------------------------------------
2026-07-14 05:08:21,982 P1446560 INFO 79/300 starting... lr: 0.001 para:0.012500000186264515
2026-07-14 05:08:25,775 P1446560 INFO Epoch 79/300, all_loss:0.72991 cls_loss:0.65855 rec_loss:6.36731 [3.79s]; best loss:0.72991, patience : 0
2026-07-14 05:08:26,853 P1446560 INFO pr:0.9662  rc:0.8922  auc:0.9950 ap:0.9879 f1: 0.9277 pred_right: 43810 pred_wrong:2990 actu_right: 43562 actu_wrong: 3238
2026-07-14 05:08:27,290 P1446560 INFO pr:0.9434  rc:0.8552  auc:0.9927 ap:0.9800 f1: 0.8972 pred_right: 17998 pred_wrong:1202 actu_right: 17874 actu_wrong: 1326
2026-07-14 05:08:27,291 P1446560 INFO ----------------------------------------------------------------------------------------------------
2026-07-14 05:08:27,291 P1446560 INFO 80/300 starting... lr: 0.001 para:0.012345679104328156
2026-07-14 05:08:31,009 P1446560 INFO Epoch 80/300, all_loss:0.75898 cls_loss:0.68629 rec_loss:6.57390 [3.72s]; best loss:0.72991, patience : 1
2026-07-14 05:08:32,066 P1446560 INFO pr:0.9632  rc:0.9038  auc:0.9940 ap:0.9856 f1: 0.9325 pred_right: 43758 pred_wrong:3042 actu_right: 43558 actu_wrong: 3242
2026-07-14 05:08:32,508 P1446560 INFO pr:0.9458  rc:0.8560  auc:0.9904 ap:0.9766 f1: 0.8987 pred_right: 18000 pred_wrong:1200 actu_right: 17874 actu_wrong: 1326
2026-07-14 05:08:32,508 P1446560 INFO ----------------------------------------------------------------------------------------------------
2026-07-14 05:08:32,508 P1446560 INFO 81/300 starting... lr: 0.001 para:0.012195121496915817
2026-07-14 05:08:36,207 P1446560 INFO Epoch 81/300, all_loss:0.92686 cls_loss:0.85801 rec_loss:6.50351 [3.70s]; best loss:0.72991, patience : 2
2026-07-14 05:08:37,263 P1446560 INFO pr:0.9589  rc:0.9151  auc:0.9956 ap:0.9871 f1: 0.9365 pred_right: 43708 pred_wrong:3092 actu_right: 43560 actu_wrong: 3240
2026-07-14 05:08:37,708 P1446560 INFO pr:0.9359  rc:0.8703  auc:0.9930 ap:0.9786 f1: 0.9019 pred_right: 17967 pred_wrong:1233 actu_right: 17874 actu_wrong: 1326
2026-07-14 05:08:37,708 P1446560 INFO ----------------------------------------------------------------------------------------------------
2026-07-14 05:08:37,708 P1446560 INFO 82/300 starting... lr: 0.001 para:0.012048192322254181
2026-07-14 05:08:41,610 P1446560 INFO Epoch 82/300, all_loss:0.83660 cls_loss:0.76757 rec_loss:6.49688 [3.90s]; best loss:0.72991, patience : 2
2026-07-14 05:08:42,681 P1446560 INFO pr:0.9166  rc:0.9460  auc:0.9946 ap:0.9874 f1: 0.9311 pred_right: 43455 pred_wrong:3345 actu_right: 43559 actu_wrong: 3241
2026-07-14 05:08:43,139 P1446560 INFO pr:0.8858  rc:0.9005  auc:0.9905 ap:0.9771 f1: 0.8930 pred_right: 17852 pred_wrong:1348 actu_right: 17874 actu_wrong: 1326
2026-07-14 05:08:43,140 P1446560 INFO ----------------------------------------------------------------------------------------------------
2026-07-14 05:08:43,140 P1446560 INFO 83/300 starting... lr: 0.001 para:0.011904762126505375
2026-07-14 05:08:46,789 P1446560 INFO Epoch 83/300, all_loss:0.92301 cls_loss:0.85581 rec_loss:6.50074 [3.65s]; best loss:0.72991, patience : 3
2026-07-14 05:08:47,843 P1446560 INFO pr:0.9388  rc:0.9368  auc:0.9947 ap:0.9883 f1: 0.9378 pred_right: 43565 pred_wrong:3235 actu_right: 43558 actu_wrong: 3242
2026-07-14 05:08:48,298 P1446560 INFO pr:0.9119  rc:0.8982  auc:0.9903 ap:0.9804 f1: 0.9050 pred_right: 17894 pred_wrong:1306 actu_right: 17874 actu_wrong: 1326
2026-07-14 05:08:48,299 P1446560 INFO ----------------------------------------------------------------------------------------------------
2026-07-14 05:08:48,299 P1446560 INFO 84/300 starting... lr: 0.001 para:0.0117647061124444
2026-07-14 05:08:51,969 P1446560 INFO Epoch 84/300, all_loss:0.75700 cls_loss:0.68856 rec_loss:6.50590 [3.67s]; best loss:0.72991, patience : 3
2026-07-14 05:08:53,046 P1446560 INFO pr:0.9668  rc:0.8880  auc:0.9953 ap:0.9886 f1: 0.9257 pred_right: 43822 pred_wrong:2978 actu_right: 43558 actu_wrong: 3242
2026-07-14 05:08:53,520 P1446560 INFO pr:0.9547  rc:0.8416  auc:0.9921 ap:0.9817 f1: 0.8946 pred_right: 18031 pred_wrong:1169 actu_right: 17874 actu_wrong: 1326
2026-07-14 05:08:53,521 P1446560 INFO ----------------------------------------------------------------------------------------------------
2026-07-14 05:08:53,521 P1446560 INFO 85/300 starting... lr: 0.001 para:0.011627906933426857
2026-07-14 05:08:57,192 P1446560 INFO Epoch 85/300, all_loss:1.10019 cls_loss:1.03585 rec_loss:6.56936 [3.67s]; best loss:0.72991, patience : 4
2026-07-14 05:08:58,260 P1446560 INFO pr:0.9710  rc:0.9207  auc:0.9932 ap:0.9884 f1: 0.9452 pred_right: 43726 pred_wrong:3074 actu_right: 43558 actu_wrong: 3242
2026-07-14 05:08:58,729 P1446560 INFO pr:0.9568  rc:0.8695  auc:0.9898 ap:0.9818 f1: 0.9111 pred_right: 17995 pred_wrong:1205 actu_right: 17874 actu_wrong: 1326
2026-07-14 05:08:58,730 P1446560 INFO ----------------------------------------------------------------------------------------------------
2026-07-14 05:08:58,730 P1446560 INFO 86/300 starting... lr: 0.001 para:0.01149425283074379
2026-07-14 05:09:02,349 P1446560 INFO Epoch 86/300, all_loss:0.77134 cls_loss:0.70415 rec_loss:6.54956 [3.62s]; best loss:0.72991, patience : 4
2026-07-14 05:09:03,427 P1446560 INFO pr:0.9419  rc:0.9402  auc:0.9936 ap:0.9878 f1: 0.9410 pred_right: 43564 pred_wrong:3236 actu_right: 43558 actu_wrong: 3242
2026-07-14 05:09:03,884 P1446560 INFO pr:0.9215  rc:0.8944  auc:0.9890 ap:0.9792 f1: 0.9078 pred_right: 17913 pred_wrong:1287 actu_right: 17874 actu_wrong: 1326
2026-07-14 05:09:03,884 P1446560 INFO ----------------------------------------------------------------------------------------------------
2026-07-14 05:09:03,884 P1446560 INFO 87/300 starting... lr: 0.001 para:0.011363636702299118
2026-07-14 05:09:07,691 P1446560 INFO Epoch 87/300, all_loss:0.90447 cls_loss:0.83636 rec_loss:6.83036 [3.81s]; best loss:0.72991, patience : 5
2026-07-14 05:09:08,820 P1446560 INFO pr:0.9691  rc:0.9105  auc:0.9933 ap:0.9876 f1: 0.9389 pred_right: 43754 pred_wrong:3046 actu_right: 43558 actu_wrong: 3242
2026-07-14 05:09:09,270 P1446560 INFO pr:0.9596  rc:0.8597  auc:0.9885 ap:0.9793 f1: 0.9069 pred_right: 18012 pred_wrong:1188 actu_right: 17874 actu_wrong: 1326
2026-07-14 05:09:09,270 P1446560 INFO ----------------------------------------------------------------------------------------------------
2026-07-14 05:09:09,270 P1446560 INFO 88/300 starting... lr: 0.001 para:0.01123595517128706
2026-07-14 05:09:13,005 P1446560 INFO Epoch 88/300, all_loss:0.62251 cls_loss:0.55221 rec_loss:6.80832 [3.73s]; best loss:0.62251, patience : 0
2026-07-14 05:09:14,164 P1446560 INFO pr:0.9736  rc:0.9321  auc:0.9954 ap:0.9905 f1: 0.9524 pred_right: 43698 pred_wrong:3102 actu_right: 43560 actu_wrong: 3240
2026-07-14 05:09:14,603 P1446560 INFO pr:0.9523  rc:0.8876  auc:0.9916 ap:0.9825 f1: 0.9188 pred_right: 17964 pred_wrong:1236 actu_right: 17874 actu_wrong: 1326
2026-07-14 05:09:14,610 P1446560 INFO ----------------------------------------------------------------------------------------------------
2026-07-14 05:09:14,610 P1446560 INFO 89/300 starting... lr: 0.001 para:0.011111111380159855
2026-07-14 05:09:18,257 P1446560 INFO Epoch 89/300, all_loss:0.84282 cls_loss:0.77519 rec_loss:6.86170 [3.65s]; best loss:0.62251, patience : 1
2026-07-14 05:09:19,354 P1446560 INFO pr:0.9023  rc:0.9658  auc:0.9956 ap:0.9866 f1: 0.9330 pred_right: 43329 pred_wrong:3471 actu_right: 43557 actu_wrong: 3243
2026-07-14 05:09:20,296 P1446560 INFO pr:0.8669  rc:0.9231  auc:0.9932 ap:0.9780 f1: 0.8941 pred_right: 17788 pred_wrong:1412 actu_right: 17874 actu_wrong: 1326
2026-07-14 05:09:20,296 P1446560 INFO ----------------------------------------------------------------------------------------------------
2026-07-14 05:09:20,297 P1446560 INFO 90/300 starting... lr: 0.001 para:0.010989011265337467
2026-07-14 05:09:24,453 P1446560 INFO Epoch 90/300, all_loss:0.67927 cls_loss:0.61118 rec_loss:6.80757 [4.16s]; best loss:0.62251, patience : 1
2026-07-14 05:09:25,412 P1446560 INFO pr:0.9304  rc:0.9617  auc:0.9961 ap:0.9908 f1: 0.9458 pred_right: 43452 pred_wrong:3348 actu_right: 43561 actu_wrong: 3239
2026-07-14 05:09:25,809 P1446560 INFO pr:0.9124  rc:0.9193  auc:0.9935 ap:0.9848 f1: 0.9159 pred_right: 17864 pred_wrong:1336 actu_right: 17874 actu_wrong: 1326
2026-07-14 05:09:25,809 P1446560 INFO ----------------------------------------------------------------------------------------------------
2026-07-14 05:09:25,809 P1446560 INFO 91/300 starting... lr: 0.001 para:0.010869565419852734
2026-07-14 05:09:29,204 P1446560 INFO Epoch 91/300, all_loss:0.63655 cls_loss:0.56813 rec_loss:6.86289 [3.39s]; best loss:0.62251, patience : 1
2026-07-14 05:09:30,251 P1446560 INFO pr:0.9637  rc:0.9247  auc:0.9950 ap:0.9892 f1: 0.9438 pred_right: 43689 pred_wrong:3111 actu_right: 43558 actu_wrong: 3242
2026-07-14 05:09:30,674 P1446560 INFO pr:0.9493  rc:0.8748  auc:0.9919 ap:0.9815 f1: 0.9105 pred_right: 17978 pred_wrong:1222 actu_right: 17874 actu_wrong: 1326
2026-07-14 05:09:30,675 P1446560 INFO ----------------------------------------------------------------------------------------------------
2026-07-14 05:09:30,675 P1446560 INFO 92/300 starting... lr: 0.001 para:0.01075268816202879
2026-07-14 05:09:34,155 P1446560 INFO Epoch 92/300, all_loss:0.59647 cls_loss:0.52669 rec_loss:7.01561 [3.47s]; best loss:0.59647, patience : 0
2026-07-14 05:09:35,926 P1446560 INFO pr:0.9541  rc:0.9244  auc:0.9947 ap:0.9875 f1: 0.9390 pred_right: 43661 pred_wrong:3139 actu_right: 43560 actu_wrong: 3240
2026-07-14 05:09:37,238 P1446560 INFO pr:0.9295  rc:0.8756  auc:0.9904 ap:0.9749 f1: 0.9017 pred_right: 17951 pred_wrong:1249 actu_right: 17874 actu_wrong: 1326
2026-07-14 05:09:37,239 P1446560 INFO ----------------------------------------------------------------------------------------------------
2026-07-14 05:09:37,240 P1446560 INFO 93/300 starting... lr: 0.001 para:0.010638297535479069
2026-07-14 05:09:43,583 P1446560 INFO Epoch 93/300, all_loss:0.82955 cls_loss:0.76396 rec_loss:6.92895 [6.34s]; best loss:0.59647, patience : 1
2026-07-14 05:09:45,768 P1446560 INFO pr:0.9770  rc:0.8654  auc:0.9953 ap:0.9901 f1: 0.9178 pred_right: 43931 pred_wrong:2869 actu_right: 43561 actu_wrong: 3239
2026-07-14 05:09:46,373 P1446560 INFO pr:0.9665  rc:0.8273  auc:0.9935 ap:0.9833 f1: 0.8915 pred_right: 18065 pred_wrong:1135 actu_right: 17874 actu_wrong: 1326
2026-07-14 05:09:46,373 P1446560 INFO ----------------------------------------------------------------------------------------------------
2026-07-14 05:09:46,381 P1446560 INFO 94/300 starting... lr: 0.001 para:0.010526316240429878
2026-07-14 05:09:50,534 P1446560 INFO Epoch 94/300, all_loss:0.70222 cls_loss:0.63601 rec_loss:6.92547 [4.15s]; best loss:0.59647, patience : 1
2026-07-14 05:09:51,628 P1446560 INFO pr:0.9717  rc:0.9322  auc:0.9951 ap:0.9897 f1: 0.9516 pred_right: 43687 pred_wrong:3113 actu_right: 43555 actu_wrong: 3245
2026-07-14 05:09:52,081 P1446560 INFO pr:0.9494  rc:0.8922  auc:0.9915 ap:0.9815 f1: 0.9199 pred_right: 17954 pred_wrong:1246 actu_right: 17874 actu_wrong: 1326
2026-07-14 05:09:52,081 P1446560 INFO ----------------------------------------------------------------------------------------------------
2026-07-14 05:09:52,081 P1446560 INFO 95/300 starting... lr: 0.001 para:0.010416666977107525
2026-07-14 05:09:55,868 P1446560 INFO Epoch 95/300, all_loss:0.64933 cls_loss:0.58616 rec_loss:6.65111 [3.79s]; best loss:0.59647, patience : 1
2026-07-14 05:09:56,954 P1446560 INFO pr:0.9751  rc:0.9191  auc:0.9952 ap:0.9896 f1: 0.9463 pred_right: 43746 pred_wrong:3054 actu_right: 43560 actu_wrong: 3240
2026-07-14 05:09:57,401 P1446560 INFO pr:0.9574  rc:0.8650  auc:0.9905 ap:0.9811 f1: 0.9089 pred_right: 18002 pred_wrong:1198 actu_right: 17874 actu_wrong: 1326
2026-07-14 05:09:57,401 P1446560 INFO ----------------------------------------------------------------------------------------------------
2026-07-14 05:09:57,401 P1446560 INFO 96/300 starting... lr: 0.001 para:0.010309278033673763
2026-07-14 05:10:01,068 P1446560 INFO Epoch 96/300, all_loss:0.63108 cls_loss:0.56783 rec_loss:6.70243 [3.67s]; best loss:0.59647, patience : 1
2026-07-14 05:10:02,120 P1446560 INFO pr:0.9192  rc:0.9448  auc:0.9944 ap:0.9868 f1: 0.9318 pred_right: 43469 pred_wrong:3331 actu_right: 43559 actu_wrong: 3241
2026-07-14 05:10:02,558 P1446560 INFO pr:0.8840  rc:0.9080  auc:0.9914 ap:0.9785 f1: 0.8958 pred_right: 17838 pred_wrong:1362 actu_right: 17874 actu_wrong: 1326
2026-07-14 05:10:02,558 P1446560 INFO ----------------------------------------------------------------------------------------------------
2026-07-14 05:10:02,565 P1446560 INFO 97/300 starting... lr: 0.001 para:0.010204081423580647
2026-07-14 05:10:06,245 P1446560 INFO Epoch 97/300, all_loss:0.74303 cls_loss:0.68295 rec_loss:6.57077 [3.68s]; best loss:0.59647, patience : 2
2026-07-14 05:10:07,303 P1446560 INFO pr:0.9675  rc:0.9278  auc:0.9940 ap:0.9878 f1: 0.9472 pred_right: 43693 pred_wrong:3107 actu_right: 43560 actu_wrong: 3240
2026-07-14 05:10:07,744 P1446560 INFO pr:0.9452  rc:0.8839  auc:0.9912 ap:0.9823 f1: 0.9135 pred_right: 17960 pred_wrong:1240 actu_right: 17874 actu_wrong: 1326
2026-07-14 05:10:07,752 P1446560 INFO ----------------------------------------------------------------------------------------------------
2026-07-14 05:10:07,752 P1446560 INFO 98/300 starting... lr: 0.001 para:0.010101010091602802
2026-07-14 05:10:11,472 P1446560 INFO Epoch 98/300, all_loss:0.88493 cls_loss:0.82534 rec_loss:6.72405 [3.72s]; best loss:0.59647, patience : 3
2026-07-14 05:10:12,541 P1446560 INFO pr:0.9651  rc:0.8789  auc:0.9945 ap:0.9863 f1: 0.9200 pred_right: 43852 pred_wrong:2948 actu_right: 43563 actu_wrong: 3237
2026-07-14 05:10:13,001 P1446560 INFO pr:0.9488  rc:0.8379  auc:0.9909 ap:0.9771 f1: 0.8899 pred_right: 18029 pred_wrong:1171 actu_right: 17874 actu_wrong: 1326
2026-07-14 05:10:13,001 P1446560 INFO ----------------------------------------------------------------------------------------------------
2026-07-14 05:10:13,008 P1446560 INFO 99/300 starting... lr: 0.001 para:0.01
2026-07-14 05:10:16,835 P1446560 INFO Epoch 99/300, all_loss:0.79903 cls_loss:0.73961 rec_loss:6.68186 [3.83s]; best loss:0.59647, patience : 3
2026-07-14 05:10:17,925 P1446560 INFO pr:0.9437  rc:0.9568  auc:0.9964 ap:0.9909 f1: 0.9502 pred_right: 43514 pred_wrong:3286 actu_right: 43559 actu_wrong: 3241
2026-07-14 05:10:18,377 P1446560 INFO pr:0.9043  rc:0.9261  auc:0.9934 ap:0.9818 f1: 0.9151 pred_right: 17842 pred_wrong:1358 actu_right: 17874 actu_wrong: 1326
2026-07-14 05:10:18,377 P1446560 INFO ----------------------------------------------------------------------------------------------------
2026-07-14 05:10:18,385 P1446560 INFO 100/300 starting... lr: 0.0009000000000000001 para:0.01
2026-07-14 05:10:22,058 P1446560 INFO Epoch 100/300, all_loss:0.61254 cls_loss:0.55050 rec_loss:6.75502 [3.67s]; best loss:0.59647, patience : 3
2026-07-14 05:10:23,119 P1446560 INFO pr:0.9640  rc:0.9262  auc:0.9953 ap:0.9900 f1: 0.9448 pred_right: 43687 pred_wrong:3113 actu_right: 43560 actu_wrong: 3240
2026-07-14 05:10:23,553 P1446560 INFO pr:0.9457  rc:0.8793  auc:0.9939 ap:0.9821 f1: 0.9113 pred_right: 17967 pred_wrong:1233 actu_right: 17874 actu_wrong: 1326
2026-07-14 05:10:23,554 P1446560 INFO ----------------------------------------------------------------------------------------------------
2026-07-14 05:10:23,561 P1446560 INFO 101/300 starting... lr: 0.0009000000000000001 para:0.01
2026-07-14 05:10:27,302 P1446560 INFO Epoch 101/300, all_loss:0.63115 cls_loss:0.56745 rec_loss:6.93835 [3.74s]; best loss:0.59647, patience : 4
2026-07-14 05:10:28,410 P1446560 INFO pr:0.9257  rc:0.9694  auc:0.9965 ap:0.9903 f1: 0.9471 pred_right: 43408 pred_wrong:3392 actu_right: 43561 actu_wrong: 3239
2026-07-14 05:10:28,872 P1446560 INFO pr:0.8933  rc:0.9344  auc:0.9944 ap:0.9825 f1: 0.9134 pred_right: 17813 pred_wrong:1387 actu_right: 17874 actu_wrong: 1326
2026-07-14 05:10:28,872 P1446560 INFO ----------------------------------------------------------------------------------------------------
2026-07-14 05:10:28,879 P1446560 INFO 102/300 starting... lr: 0.0009000000000000001 para:0.01
2026-07-14 05:10:32,795 P1446560 INFO Epoch 102/300, all_loss:0.59053 cls_loss:0.52706 rec_loss:6.87362 [3.91s]; best loss:0.59053, patience : 0
2026-07-14 05:10:33,863 P1446560 INFO pr:0.9494  rc:0.9559  auc:0.9958 ap:0.9904 f1: 0.9526 pred_right: 43538 pred_wrong:3262 actu_right: 43560 actu_wrong: 3240
2026-07-14 05:10:34,311 P1446560 INFO pr:0.9249  rc:0.9103  auc:0.9942 ap:0.9846 f1: 0.9175 pred_right: 17895 pred_wrong:1305 actu_right: 17874 actu_wrong: 1326
2026-07-14 05:10:34,319 P1446560 INFO ----------------------------------------------------------------------------------------------------
2026-07-14 05:10:34,319 P1446560 INFO 103/300 starting... lr: 0.0009000000000000001 para:0.01
2026-07-14 05:10:37,991 P1446560 INFO Epoch 103/300, all_loss:0.52458 cls_loss:0.46041 rec_loss:6.87721 [3.66s]; best loss:0.52458, patience : 0
2026-07-14 05:10:39,060 P1446560 INFO pr:0.9540  rc:0.9404  auc:0.9946 ap:0.9894 f1: 0.9472 pred_right: 43606 pred_wrong:3194 actu_right: 43560 actu_wrong: 3240
2026-07-14 05:10:39,508 P1446560 INFO pr:0.9227  rc:0.8914  auc:0.9898 ap:0.9780 f1: 0.9068 pred_right: 17919 pred_wrong:1281 actu_right: 17874 actu_wrong: 1326
2026-07-14 05:10:39,508 P1446560 INFO ----------------------------------------------------------------------------------------------------
2026-07-14 05:10:39,509 P1446560 INFO 104/300 starting... lr: 0.0009000000000000001 para:0.01
2026-07-14 05:10:43,225 P1446560 INFO Epoch 104/300, all_loss:0.68529 cls_loss:0.62094 rec_loss:7.05614 [3.72s]; best loss:0.52458, patience : 1
2026-07-14 05:10:44,323 P1446560 INFO pr:0.9416  rc:0.9568  auc:0.9956 ap:0.9909 f1: 0.9491 pred_right: 43510 pred_wrong:3290 actu_right: 43562 actu_wrong: 3238
2026-07-14 05:10:44,786 P1446560 INFO pr:0.9114  rc:0.9231  auc:0.9929 ap:0.9822 f1: 0.9172 pred_right: 17857 pred_wrong:1343 actu_right: 17874 actu_wrong: 1326
2026-07-14 05:10:44,786 P1446560 INFO ----------------------------------------------------------------------------------------------------
2026-07-14 05:10:44,786 P1446560 INFO 105/300 starting... lr: 0.0009000000000000001 para:0.01
2026-07-14 05:10:49,504 P1446560 INFO Epoch 105/300, all_loss:0.54229 cls_loss:0.47640 rec_loss:7.06503 [4.72s]; best loss:0.52458, patience : 1
2026-07-14 05:10:50,459 P1446560 INFO pr:0.9328  rc:0.9472  auc:0.9957 ap:0.9898 f1: 0.9400 pred_right: 43511 pred_wrong:3289 actu_right: 43561 actu_wrong: 3239
2026-07-14 05:10:50,855 P1446560 INFO pr:0.9040  rc:0.9095  auc:0.9924 ap:0.9786 f1: 0.9068 pred_right: 17866 pred_wrong:1334 actu_right: 17874 actu_wrong: 1326
2026-07-14 05:10:50,855 P1446560 INFO ----------------------------------------------------------------------------------------------------
2026-07-14 05:10:50,855 P1446560 INFO 106/300 starting... lr: 0.0009000000000000001 para:0.01
2026-07-14 05:10:54,188 P1446560 INFO Epoch 106/300, all_loss:0.79244 cls_loss:0.73136 rec_loss:6.83966 [3.33s]; best loss:0.52458, patience : 2
2026-07-14 05:10:55,182 P1446560 INFO pr:0.9834  rc:0.8606  auc:0.9935 ap:0.9889 f1: 0.9179 pred_right: 43963 pred_wrong:2837 actu_right: 43558 actu_wrong: 3242
2026-07-14 05:10:55,604 P1446560 INFO pr:0.9756  rc:0.8130  auc:0.9889 ap:0.9810 f1: 0.8869 pred_right: 18095 pred_wrong:1105 actu_right: 17874 actu_wrong: 1326
2026-07-14 05:10:55,604 P1446560 INFO ----------------------------------------------------------------------------------------------------
2026-07-14 05:10:55,604 P1446560 INFO 107/300 starting... lr: 0.0009000000000000001 para:0.01
2026-07-14 05:10:59,184 P1446560 INFO Epoch 107/300, all_loss:0.53103 cls_loss:0.46598 rec_loss:6.97037 [3.58s]; best loss:0.52458, patience : 2
2026-07-14 05:11:00,196 P1446560 INFO pr:0.9666  rc:0.9469  auc:0.9950 ap:0.9890 f1: 0.9567 pred_right: 43626 pred_wrong:3174 actu_right: 43560 actu_wrong: 3240
2026-07-14 05:11:00,621 P1446560 INFO pr:0.9519  rc:0.9103  auc:0.9921 ap:0.9831 f1: 0.9306 pred_right: 17932 pred_wrong:1268 actu_right: 17874 actu_wrong: 1326
2026-07-14 05:11:00,629 P1446560 INFO ----------------------------------------------------------------------------------------------------
2026-07-14 05:11:00,629 P1446560 INFO 108/300 starting... lr: 0.0009000000000000001 para:0.01
2026-07-14 05:11:06,102 P1446560 INFO Epoch 108/300, all_loss:0.49106 cls_loss:0.42336 rec_loss:7.19359 [5.46s]; best loss:0.49106, patience : 0
2026-07-14 05:11:08,289 P1446560 INFO pr:0.9021  rc:0.9698  auc:0.9961 ap:0.9887 f1: 0.9347 pred_right: 43316 pred_wrong:3484 actu_right: 43559 actu_wrong: 3241
2026-07-14 05:11:09,038 P1446560 INFO pr:0.8696  rc:0.9351  auc:0.9923 ap:0.9804 f1: 0.9012 pred_right: 17774 pred_wrong:1426 actu_right: 17874 actu_wrong: 1326
2026-07-14 05:11:09,039 P1446560 INFO ----------------------------------------------------------------------------------------------------
2026-07-14 05:11:09,039 P1446560 INFO 109/300 starting... lr: 0.0009000000000000001 para:0.01
2026-07-14 05:11:14,595 P1446560 INFO Epoch 109/300, all_loss:0.53450 cls_loss:0.46735 rec_loss:7.18242 [5.56s]; best loss:0.49106, patience : 1
2026-07-14 05:11:15,758 P1446560 INFO pr:0.9616  rc:0.9506  auc:0.9951 ap:0.9908 f1: 0.9561 pred_right: 43598 pred_wrong:3202 actu_right: 43561 actu_wrong: 3239
2026-07-14 05:11:16,224 P1446560 INFO pr:0.9326  rc:0.9080  auc:0.9923 ap:0.9829 f1: 0.9201 pred_right: 17909 pred_wrong:1291 actu_right: 17874 actu_wrong: 1326
2026-07-14 05:11:16,224 P1446560 INFO ----------------------------------------------------------------------------------------------------
2026-07-14 05:11:16,225 P1446560 INFO 110/300 starting... lr: 0.0009000000000000001 para:0.01
2026-07-14 05:11:20,067 P1446560 INFO Epoch 110/300, all_loss:0.48523 cls_loss:0.41823 rec_loss:7.11799 [3.83s]; best loss:0.48523, patience : 0
2026-07-14 05:11:21,192 P1446560 INFO pr:0.9217  rc:0.9624  auc:0.9959 ap:0.9905 f1: 0.9416 pred_right: 43414 pred_wrong:3386 actu_right: 43557 actu_wrong: 3243
2026-07-14 05:11:21,643 P1446560 INFO pr:0.8857  rc:0.9351  auc:0.9930 ap:0.9813 f1: 0.9098 pred_right: 17800 pred_wrong:1400 actu_right: 17874 actu_wrong: 1326
2026-07-14 05:11:21,643 P1446560 INFO ----------------------------------------------------------------------------------------------------
2026-07-14 05:11:21,643 P1446560 INFO 111/300 starting... lr: 0.0009000000000000001 para:0.01
2026-07-14 05:11:25,405 P1446560 INFO Epoch 111/300, all_loss:0.56055 cls_loss:0.49436 rec_loss:7.11265 [3.76s]; best loss:0.48523, patience : 1
2026-07-14 05:11:26,484 P1446560 INFO pr:0.9674  rc:0.9351  auc:0.9954 ap:0.9905 f1: 0.9510 pred_right: 43670 pred_wrong:3130 actu_right: 43562 actu_wrong: 3238
2026-07-14 05:11:26,933 P1446560 INFO pr:0.9430  rc:0.8982  auc:0.9927 ap:0.9837 f1: 0.9200 pred_right: 17937 pred_wrong:1263 actu_right: 17874 actu_wrong: 1326
2026-07-14 05:11:26,933 P1446560 INFO ----------------------------------------------------------------------------------------------------
2026-07-14 05:11:26,933 P1446560 INFO 112/300 starting... lr: 0.0009000000000000001 para:0.01
2026-07-14 05:11:30,816 P1446560 INFO Epoch 112/300, all_loss:0.60764 cls_loss:0.54051 rec_loss:7.25299 [3.88s]; best loss:0.48523, patience : 2
2026-07-14 05:11:31,927 P1446560 INFO pr:0.9645  rc:0.9056  auc:0.9946 ap:0.9893 f1: 0.9341 pred_right: 43758 pred_wrong:3042 actu_right: 43560 actu_wrong: 3240
2026-07-14 05:11:32,385 P1446560 INFO pr:0.9461  rc:0.8597  auc:0.9913 ap:0.9816 f1: 0.9008 pred_right: 17995 pred_wrong:1205 actu_right: 17874 actu_wrong: 1326
2026-07-14 05:11:32,385 P1446560 INFO ----------------------------------------------------------------------------------------------------
2026-07-14 05:11:32,386 P1446560 INFO 113/300 starting... lr: 0.0009000000000000001 para:0.01
2026-07-14 05:11:36,102 P1446560 INFO Epoch 113/300, all_loss:0.60235 cls_loss:0.53641 rec_loss:7.13058 [3.72s]; best loss:0.48523, patience : 2
2026-07-14 05:11:37,167 P1446560 INFO pr:0.9284  rc:0.9599  auc:0.9949 ap:0.9894 f1: 0.9439 pred_right: 43449 pred_wrong:3351 actu_right: 43559 actu_wrong: 3241
2026-07-14 05:11:37,625 P1446560 INFO pr:0.9031  rc:0.9344  auc:0.9919 ap:0.9823 f1: 0.9185 pred_right: 17828 pred_wrong:1372 actu_right: 17874 actu_wrong: 1326
2026-07-14 05:11:37,626 P1446560 INFO ----------------------------------------------------------------------------------------------------
2026-07-14 05:11:37,626 P1446560 INFO 114/300 starting... lr: 0.0009000000000000001 para:0.01
2026-07-14 05:11:41,462 P1446560 INFO Epoch 114/300, all_loss:0.70808 cls_loss:0.64327 rec_loss:7.12377 [3.84s]; best loss:0.48523, patience : 3
2026-07-14 05:11:42,545 P1446560 INFO pr:0.9444  rc:0.9441  auc:0.9949 ap:0.9893 f1: 0.9443 pred_right: 43561 pred_wrong:3239 actu_right: 43560 actu_wrong: 3240
2026-07-14 05:11:43,011 P1446560 INFO pr:0.9298  rc:0.9095  auc:0.9920 ap:0.9824 f1: 0.9196 pred_right: 17903 pred_wrong:1297 actu_right: 17874 actu_wrong: 1326
2026-07-14 05:11:43,012 P1446560 INFO ----------------------------------------------------------------------------------------------------
2026-07-14 05:11:43,012 P1446560 INFO 115/300 starting... lr: 0.0009000000000000001 para:0.01
2026-07-14 05:11:46,727 P1446560 INFO Epoch 115/300, all_loss:0.55024 cls_loss:0.48326 rec_loss:7.18082 [3.71s]; best loss:0.48523, patience : 3
2026-07-14 05:11:47,822 P1446560 INFO pr:0.9452  rc:0.9645  auc:0.9955 ap:0.9892 f1: 0.9548 pred_right: 43496 pred_wrong:3304 actu_right: 43562 actu_wrong: 3238
2026-07-14 05:11:48,274 P1446560 INFO pr:0.9252  rc:0.9329  auc:0.9927 ap:0.9831 f1: 0.9290 pred_right: 17863 pred_wrong:1337 actu_right: 17874 actu_wrong: 1326
2026-07-14 05:11:48,274 P1446560 INFO ----------------------------------------------------------------------------------------------------
2026-07-14 05:11:48,274 P1446560 INFO 116/300 starting... lr: 0.0009000000000000001 para:0.01
2026-07-14 05:11:52,052 P1446560 INFO Epoch 116/300, all_loss:0.52668 cls_loss:0.45959 rec_loss:7.16916 [3.78s]; best loss:0.48523, patience : 3
2026-07-14 05:11:53,146 P1446560 INFO pr:0.9710  rc:0.8990  auc:0.9955 ap:0.9893 f1: 0.9336 pred_right: 43802 pred_wrong:2998 actu_right: 43562 actu_wrong: 3238
2026-07-14 05:11:53,591 P1446560 INFO pr:0.9520  rc:0.8529  auc:0.9915 ap:0.9809 f1: 0.8998 pred_right: 18012 pred_wrong:1188 actu_right: 17874 actu_wrong: 1326
2026-07-14 05:11:53,591 P1446560 INFO ----------------------------------------------------------------------------------------------------
2026-07-14 05:11:53,598 P1446560 INFO 117/300 starting... lr: 0.0009000000000000001 para:0.01
2026-07-14 05:11:57,406 P1446560 INFO Epoch 117/300, all_loss:0.47425 cls_loss:0.40749 rec_loss:7.08298 [3.80s]; best loss:0.47425, patience : 0
2026-07-14 05:11:58,515 P1446560 INFO pr:0.9417  rc:0.9624  auc:0.9954 ap:0.9883 f1: 0.9519 pred_right: 43487 pred_wrong:3313 actu_right: 43558 actu_wrong: 3242
2026-07-14 05:11:58,959 P1446560 INFO pr:0.9094  rc:0.9231  auc:0.9910 ap:0.9811 f1: 0.9162 pred_right: 17854 pred_wrong:1346 actu_right: 17874 actu_wrong: 1326
2026-07-14 05:11:58,959 P1446560 INFO ----------------------------------------------------------------------------------------------------
2026-07-14 05:11:58,967 P1446560 INFO 118/300 starting... lr: 0.0009000000000000001 para:0.01
2026-07-14 05:12:02,756 P1446560 INFO Epoch 118/300, all_loss:0.76970 cls_loss:0.70545 rec_loss:7.13013 [3.79s]; best loss:0.47425, patience : 1
2026-07-14 05:12:03,862 P1446560 INFO pr:0.9366  rc:0.9516  auc:0.9962 ap:0.9894 f1: 0.9440 pred_right: 43506 pred_wrong:3294 actu_right: 43558 actu_wrong: 3242
2026-07-14 05:12:04,302 P1446560 INFO pr:0.9094  rc:0.9080  auc:0.9932 ap:0.9822 f1: 0.9087 pred_right: 17876 pred_wrong:1324 actu_right: 17874 actu_wrong: 1326
2026-07-14 05:12:04,303 P1446560 INFO ----------------------------------------------------------------------------------------------------
2026-07-14 05:12:04,310 P1446560 INFO 119/300 starting... lr: 0.0009000000000000001 para:0.01
2026-07-14 05:12:07,986 P1446560 INFO Epoch 119/300, all_loss:0.60384 cls_loss:0.53589 rec_loss:7.33132 [3.68s]; best loss:0.47425, patience : 1
2026-07-14 05:12:09,077 P1446560 INFO pr:0.9626  rc:0.9213  auc:0.9960 ap:0.9897 f1: 0.9415 pred_right: 43698 pred_wrong:3102 actu_right: 43559 actu_wrong: 3241
2026-07-14 05:12:09,525 P1446560 INFO pr:0.9407  rc:0.8846  auc:0.9930 ap:0.9833 f1: 0.9118 pred_right: 17953 pred_wrong:1247 actu_right: 17874 actu_wrong: 1326
2026-07-14 05:12:09,525 P1446560 INFO ----------------------------------------------------------------------------------------------------
2026-07-14 05:12:09,525 P1446560 INFO 120/300 starting... lr: 0.0009000000000000001 para:0.01
2026-07-14 05:12:13,350 P1446560 INFO Epoch 120/300, all_loss:0.64220 cls_loss:0.57456 rec_loss:7.33893 [3.82s]; best loss:0.47425, patience : 2
2026-07-14 05:12:15,225 P1446560 INFO pr:0.9689  rc:0.9250  auc:0.9939 ap:0.9891 f1: 0.9464 pred_right: 43709 pred_wrong:3091 actu_right: 43562 actu_wrong: 3238
2026-07-14 05:12:16,687 P1446560 INFO pr:0.9509  rc:0.8763  auc:0.9924 ap:0.9836 f1: 0.9121 pred_right: 17978 pred_wrong:1222 actu_right: 17874 actu_wrong: 1326
2026-07-14 05:12:16,687 P1446560 INFO ----------------------------------------------------------------------------------------------------
2026-07-14 05:12:16,687 P1446560 INFO 121/300 starting... lr: 0.0009000000000000001 para:0.01
2026-07-14 05:12:19,963 P1446560 INFO Epoch 121/300, all_loss:0.56869 cls_loss:0.49936 rec_loss:7.43222 [3.28s]; best loss:0.47425, patience : 2
2026-07-14 05:12:20,925 P1446560 INFO pr:0.9672  rc:0.9463  auc:0.9953 ap:0.9905 f1: 0.9566 pred_right: 43630 pred_wrong:3170 actu_right: 43560 actu_wrong: 3240
2026-07-14 05:12:21,318 P1446560 INFO pr:0.9458  rc:0.8944  auc:0.9924 ap:0.9835 f1: 0.9194 pred_right: 17946 pred_wrong:1254 actu_right: 17874 actu_wrong: 1326
2026-07-14 05:12:21,318 P1446560 INFO ----------------------------------------------------------------------------------------------------
2026-07-14 05:12:21,318 P1446560 INFO 122/300 starting... lr: 0.0009000000000000001 para:0.01
2026-07-14 05:12:24,816 P1446560 INFO Epoch 122/300, all_loss:0.54153 cls_loss:0.47296 rec_loss:7.32918 [3.50s]; best loss:0.47425, patience : 2
2026-07-14 05:12:25,865 P1446560 INFO pr:0.9493  rc:0.9417  auc:0.9946 ap:0.9875 f1: 0.9455 pred_right: 43585 pred_wrong:3215 actu_right: 43559 actu_wrong: 3241
2026-07-14 05:12:26,276 P1446560 INFO pr:0.9298  rc:0.8989  auc:0.9919 ap:0.9805 f1: 0.9141 pred_right: 17918 pred_wrong:1282 actu_right: 17874 actu_wrong: 1326
2026-07-14 05:12:26,277 P1446560 INFO ----------------------------------------------------------------------------------------------------
2026-07-14 05:12:26,277 P1446560 INFO 123/300 starting... lr: 0.0009000000000000001 para:0.01
2026-07-14 05:12:30,145 P1446560 INFO Epoch 123/300, all_loss:0.54435 cls_loss:0.47591 rec_loss:7.31988 [3.87s]; best loss:0.47425, patience : 3
2026-07-14 05:12:33,245 P1446560 INFO pr:0.9677  rc:0.9512  auc:0.9954 ap:0.9913 f1: 0.9594 pred_right: 43616 pred_wrong:3184 actu_right: 43561 actu_wrong: 3239
2026-07-14 05:12:33,932 P1446560 INFO pr:0.9508  rc:0.9042  auc:0.9923 ap:0.9854 f1: 0.9269 pred_right: 17939 pred_wrong:1261 actu_right: 17874 actu_wrong: 1326
2026-07-14 05:12:33,945 P1446560 INFO ----------------------------------------------------------------------------------------------------
2026-07-14 05:12:33,946 P1446560 INFO 124/300 starting... lr: 0.0009000000000000001 para:0.01
2026-07-14 05:12:41,087 P1446560 INFO Epoch 124/300, all_loss:0.43142 cls_loss:0.36198 rec_loss:7.30540 [7.13s]; best loss:0.43142, patience : 0
2026-07-14 05:12:42,387 P1446560 INFO pr:0.9067  rc:0.9565  auc:0.9948 ap:0.9883 f1: 0.9309 pred_right: 43382 pred_wrong:3418 actu_right: 43560 actu_wrong: 3240
2026-07-14 05:12:42,926 P1446560 INFO pr:0.8736  rc:0.9170  auc:0.9909 ap:0.9808 f1: 0.8948 pred_right: 17808 pred_wrong:1392 actu_right: 17874 actu_wrong: 1326
2026-07-14 05:12:42,927 P1446560 INFO ----------------------------------------------------------------------------------------------------
2026-07-14 05:12:42,927 P1446560 INFO 125/300 starting... lr: 0.0009000000000000001 para:0.01
2026-07-14 05:12:46,867 P1446560 INFO Epoch 125/300, all_loss:0.53572 cls_loss:0.46855 rec_loss:7.18564 [3.94s]; best loss:0.43142, patience : 1
2026-07-14 05:12:48,040 P1446560 INFO pr:0.9116  rc:0.9651  auc:0.9944 ap:0.9882 f1: 0.9376 pred_right: 43371 pred_wrong:3429 actu_right: 43561 actu_wrong: 3239
2026-07-14 05:12:48,610 P1446560 INFO pr:0.8750  rc:0.9238  auc:0.9917 ap:0.9801 f1: 0.8988 pred_right: 17800 pred_wrong:1400 actu_right: 17874 actu_wrong: 1326
2026-07-14 05:12:48,611 P1446560 INFO ----------------------------------------------------------------------------------------------------
2026-07-14 05:12:48,611 P1446560 INFO 126/300 starting... lr: 0.0009000000000000001 para:0.01
2026-07-14 05:12:52,328 P1446560 INFO Epoch 126/300, all_loss:0.48638 cls_loss:0.41924 rec_loss:7.13293 [3.72s]; best loss:0.43142, patience : 1
2026-07-14 05:12:53,450 P1446560 INFO pr:0.9841  rc:0.8778  auc:0.9948 ap:0.9916 f1: 0.9279 pred_right: 43909 pred_wrong:2891 actu_right: 43559 actu_wrong: 3241
2026-07-14 05:12:53,902 P1446560 INFO pr:0.9748  rc:0.8160  auc:0.9885 ap:0.9829 f1: 0.8883 pred_right: 18090 pred_wrong:1110 actu_right: 17874 actu_wrong: 1326
2026-07-14 05:12:53,902 P1446560 INFO ----------------------------------------------------------------------------------------------------
2026-07-14 05:12:53,903 P1446560 INFO 127/300 starting... lr: 0.0009000000000000001 para:0.01
2026-07-14 05:12:57,595 P1446560 INFO Epoch 127/300, all_loss:0.67252 cls_loss:0.60639 rec_loss:7.21984 [3.69s]; best loss:0.43142, patience : 2
2026-07-14 05:12:58,697 P1446560 INFO pr:0.9431  rc:0.9404  auc:0.9933 ap:0.9886 f1: 0.9417 pred_right: 43569 pred_wrong:3231 actu_right: 43560 actu_wrong: 3240
2026-07-14 05:12:59,147 P1446560 INFO pr:0.9161  rc:0.8899  auc:0.9888 ap:0.9804 f1: 0.9028 pred_right: 17912 pred_wrong:1288 actu_right: 17874 actu_wrong: 1326
2026-07-14 05:12:59,148 P1446560 INFO ----------------------------------------------------------------------------------------------------
2026-07-14 05:12:59,148 P1446560 INFO 128/300 starting... lr: 0.0009000000000000001 para:0.01
2026-07-14 05:13:02,842 P1446560 INFO Epoch 128/300, all_loss:0.55154 cls_loss:0.48540 rec_loss:7.09852 [3.69s]; best loss:0.43142, patience : 2
2026-07-14 05:13:03,946 P1446560 INFO pr:0.9607  rc:0.9426  auc:0.9952 ap:0.9897 f1: 0.9515 pred_right: 43623 pred_wrong:3177 actu_right: 43562 actu_wrong: 3238
2026-07-14 05:13:04,399 P1446560 INFO pr:0.9374  rc:0.8914  auc:0.9912 ap:0.9813 f1: 0.9138 pred_right: 17939 pred_wrong:1261 actu_right: 17874 actu_wrong: 1326
2026-07-14 05:13:04,400 P1446560 INFO ----------------------------------------------------------------------------------------------------
2026-07-14 05:13:04,400 P1446560 INFO 129/300 starting... lr: 0.0009000000000000001 para:0.01
2026-07-14 05:13:08,126 P1446560 INFO Epoch 129/300, all_loss:0.57705 cls_loss:0.51007 rec_loss:7.20754 [3.73s]; best loss:0.43142, patience : 3
2026-07-14 05:13:09,229 P1446560 INFO pr:0.9447  rc:0.9491  auc:0.9939 ap:0.9891 f1: 0.9469 pred_right: 43545 pred_wrong:3255 actu_right: 43560 actu_wrong: 3240
2026-07-14 05:13:09,726 P1446560 INFO pr:0.9234  rc:0.8997  auc:0.9903 ap:0.9813 f1: 0.9114 pred_right: 17908 pred_wrong:1292 actu_right: 17874 actu_wrong: 1326
2026-07-14 05:13:09,727 P1446560 INFO ----------------------------------------------------------------------------------------------------
2026-07-14 05:13:09,727 P1446560 INFO 130/300 starting... lr: 0.0009000000000000001 para:0.01
2026-07-14 05:13:13,349 P1446560 INFO Epoch 130/300, all_loss:0.49932 cls_loss:0.43096 rec_loss:7.26654 [3.62s]; best loss:0.43142, patience : 3
2026-07-14 05:13:14,425 P1446560 INFO pr:0.9455  rc:0.9490  auc:0.9957 ap:0.9892 f1: 0.9473 pred_right: 43550 pred_wrong:3250 actu_right: 43562 actu_wrong: 3238
2026-07-14 05:13:14,874 P1446560 INFO pr:0.9218  rc:0.9072  auc:0.9923 ap:0.9822 f1: 0.9145 pred_right: 17895 pred_wrong:1305 actu_right: 17874 actu_wrong: 1326
2026-07-14 05:13:14,874 P1446560 INFO ----------------------------------------------------------------------------------------------------
2026-07-14 05:13:14,874 P1446560 INFO 131/300 starting... lr: 0.0009000000000000001 para:0.01
2026-07-14 05:13:18,543 P1446560 INFO Epoch 131/300, all_loss:0.47787 cls_loss:0.41127 rec_loss:7.07198 [3.67s]; best loss:0.43142, patience : 3
2026-07-14 05:13:19,644 P1446560 INFO pr:0.9483  rc:0.9506  auc:0.9949 ap:0.9895 f1: 0.9495 pred_right: 43551 pred_wrong:3249 actu_right: 43559 actu_wrong: 3241
2026-07-14 05:13:20,099 P1446560 INFO pr:0.9203  rc:0.8974  auc:0.9911 ap:0.9818 f1: 0.9087 pred_right: 17907 pred_wrong:1293 actu_right: 17874 actu_wrong: 1326
2026-07-14 05:13:20,099 P1446560 INFO ----------------------------------------------------------------------------------------------------
2026-07-14 05:13:20,099 P1446560 INFO 132/300 starting... lr: 0.0009000000000000001 para:0.01
2026-07-14 05:13:23,933 P1446560 INFO Epoch 132/300, all_loss:0.43959 cls_loss:0.37295 rec_loss:7.03645 [3.83s]; best loss:0.43142, patience : 3
2026-07-14 05:13:25,024 P1446560 INFO pr:0.9377  rc:0.9701  auc:0.9963 ap:0.9911 f1: 0.9536 pred_right: 43447 pred_wrong:3353 actu_right: 43559 actu_wrong: 3241
2026-07-14 05:13:25,492 P1446560 INFO pr:0.9113  rc:0.9449  auc:0.9940 ap:0.9852 f1: 0.9278 pred_right: 17825 pred_wrong:1375 actu_right: 17874 actu_wrong: 1326
2026-07-14 05:13:25,492 P1446560 INFO ----------------------------------------------------------------------------------------------------
2026-07-14 05:13:25,492 P1446560 INFO 133/300 starting... lr: 0.0009000000000000001 para:0.01
2026-07-14 05:13:29,278 P1446560 INFO Epoch 133/300, all_loss:0.32079 cls_loss:0.25205 rec_loss:7.12583 [3.78s]; best loss:0.32079, patience : 0
2026-07-14 05:13:30,420 P1446560 INFO pr:0.9345  rc:0.9731  auc:0.9967 ap:0.9879 f1: 0.9534 pred_right: 43428 pred_wrong:3372 actu_right: 43562 actu_wrong: 3238
2026-07-14 05:13:30,873 P1446560 INFO pr:0.8997  rc:0.9472  auc:0.9944 ap:0.9813 f1: 0.9229 pred_right: 17804 pred_wrong:1396 actu_right: 17874 actu_wrong: 1326
2026-07-14 05:13:30,873 P1446560 INFO ----------------------------------------------------------------------------------------------------
2026-07-14 05:13:30,873 P1446560 INFO 134/300 starting... lr: 0.0009000000000000001 para:0.01
2026-07-14 05:13:34,620 P1446560 INFO Epoch 134/300, all_loss:0.48569 cls_loss:0.41897 rec_loss:7.09089 [3.75s]; best loss:0.32079, patience : 1
2026-07-14 05:13:35,697 P1446560 INFO pr:0.9725  rc:0.9268  auc:0.9957 ap:0.9915 f1: 0.9491 pred_right: 43713 pred_wrong:3087 actu_right: 43561 actu_wrong: 3239
2026-07-14 05:13:36,170 P1446560 INFO pr:0.9518  rc:0.8944  auc:0.9921 ap:0.9834 f1: 0.9222 pred_right: 17954 pred_wrong:1246 actu_right: 17874 actu_wrong: 1326
2026-07-14 05:13:36,170 P1446560 INFO ----------------------------------------------------------------------------------------------------
2026-07-14 05:13:36,170 P1446560 INFO 135/300 starting... lr: 0.0009000000000000001 para:0.01
2026-07-14 05:13:39,910 P1446560 INFO Epoch 135/300, all_loss:0.42269 cls_loss:0.35458 rec_loss:7.16496 [3.74s]; best loss:0.32079, patience : 1
2026-07-14 05:13:41,001 P1446560 INFO pr:0.9528  rc:0.9475  auc:0.9957 ap:0.9911 f1: 0.9502 pred_right: 43578 pred_wrong:3222 actu_right: 43560 actu_wrong: 3240
2026-07-14 05:13:41,453 P1446560 INFO pr:0.9244  rc:0.9042  auc:0.9913 ap:0.9821 f1: 0.9142 pred_right: 17903 pred_wrong:1297 actu_right: 17874 actu_wrong: 1326
2026-07-14 05:13:41,454 P1446560 INFO ----------------------------------------------------------------------------------------------------
2026-07-14 05:13:41,454 P1446560 INFO 136/300 starting... lr: 0.0009000000000000001 para:0.01
2026-07-14 05:13:45,901 P1446560 INFO Epoch 136/300, all_loss:0.38332 cls_loss:0.31370 rec_loss:7.27621 [4.45s]; best loss:0.32079, patience : 1
2026-07-14 05:13:47,393 P1446560 INFO pr:0.9630  rc:0.9568  auc:0.9950 ap:0.9902 f1: 0.9599 pred_right: 43580 pred_wrong:3220 actu_right: 43559 actu_wrong: 3241
2026-07-14 05:13:47,801 P1446560 INFO pr:0.9320  rc:0.9201  auc:0.9900 ap:0.9819 f1: 0.9260 pred_right: 17891 pred_wrong:1309 actu_right: 17874 actu_wrong: 1326
2026-07-14 05:13:47,808 P1446560 INFO ----------------------------------------------------------------------------------------------------
2026-07-14 05:13:47,808 P1446560 INFO 137/300 starting... lr: 0.0009000000000000001 para:0.01
2026-07-14 05:13:51,123 P1446560 INFO Epoch 137/300, all_loss:0.45392 cls_loss:0.38611 rec_loss:7.16780 [3.32s]; best loss:0.32079, patience : 2
2026-07-14 05:13:52,095 P1446560 INFO pr:0.9350  rc:0.9642  auc:0.9963 ap:0.9910 f1: 0.9494 pred_right: 43459 pred_wrong:3341 actu_right: 43560 actu_wrong: 3240
2026-07-14 05:13:52,519 P1446560 INFO pr:0.9084  rc:0.9276  auc:0.9934 ap:0.9847 f1: 0.9179 pred_right: 17846 pred_wrong:1354 actu_right: 17874 actu_wrong: 1326
2026-07-14 05:13:52,520 P1446560 INFO ----------------------------------------------------------------------------------------------------
2026-07-14 05:13:52,520 P1446560 INFO 138/300 starting... lr: 0.0009000000000000001 para:0.01
2026-07-14 05:13:56,092 P1446560 INFO Epoch 138/300, all_loss:0.50342 cls_loss:0.43519 rec_loss:7.25747 [3.57s]; best loss:0.32079, patience : 3
2026-07-14 05:13:57,078 P1446560 INFO pr:0.9618  rc:0.9408  auc:0.9958 ap:0.9896 f1: 0.9512 pred_right: 43629 pred_wrong:3171 actu_right: 43558 actu_wrong: 3242
2026-07-14 05:13:57,487 P1446560 INFO pr:0.9313  rc:0.8989  auc:0.9922 ap:0.9829 f1: 0.9148 pred_right: 17920 pred_wrong:1280 actu_right: 17874 actu_wrong: 1326
2026-07-14 05:13:57,488 P1446560 INFO ----------------------------------------------------------------------------------------------------
2026-07-14 05:13:57,488 P1446560 INFO 139/300 starting... lr: 0.0009000000000000001 para:0.01
2026-07-14 05:14:03,127 P1446560 INFO Epoch 139/300, all_loss:0.40142 cls_loss:0.33112 rec_loss:7.36119 [5.64s]; best loss:0.32079, patience : 3
2026-07-14 05:14:06,021 P1446560 INFO pr:0.9542  rc:0.9642  auc:0.9951 ap:0.9898 f1: 0.9592 pred_right: 43524 pred_wrong:3276 actu_right: 43558 actu_wrong: 3242
2026-07-14 05:14:07,326 P1446560 INFO pr:0.9286  rc:0.9314  auc:0.9917 ap:0.9842 f1: 0.9300 pred_right: 17870 pred_wrong:1330 actu_right: 17874 actu_wrong: 1326
2026-07-14 05:14:07,327 P1446560 INFO ----------------------------------------------------------------------------------------------------
2026-07-14 05:14:07,328 P1446560 INFO 140/300 starting... lr: 0.0009000000000000001 para:0.01
2026-07-14 05:14:12,983 P1446560 INFO Epoch 140/300, all_loss:0.42216 cls_loss:0.35302 rec_loss:7.26656 [5.65s]; best loss:0.32079, patience : 4
2026-07-14 05:14:14,130 P1446560 INFO pr:0.9289  rc:0.9605  auc:0.9951 ap:0.9884 f1: 0.9444 pred_right: 43451 pred_wrong:3349 actu_right: 43561 actu_wrong: 3239
2026-07-14 05:14:14,593 P1446560 INFO pr:0.8959  rc:0.9284  auc:0.9927 ap:0.9827 f1: 0.9119 pred_right: 17826 pred_wrong:1374 actu_right: 17874 actu_wrong: 1326
2026-07-14 05:14:14,593 P1446560 INFO ----------------------------------------------------------------------------------------------------
2026-07-14 05:14:14,593 P1446560 INFO 141/300 starting... lr: 0.0009000000000000001 para:0.01
2026-07-14 05:14:18,385 P1446560 INFO Epoch 141/300, all_loss:0.47321 cls_loss:0.40438 rec_loss:7.28810 [3.79s]; best loss:0.32079, patience : 5
2026-07-14 05:14:19,498 P1446560 INFO pr:0.9483  rc:0.9685  auc:0.9964 ap:0.9918 f1: 0.9583 pred_right: 43492 pred_wrong:3308 actu_right: 43561 actu_wrong: 3239
2026-07-14 05:14:19,965 P1446560 INFO pr:0.9120  rc:0.9382  auc:0.9933 ap:0.9871 f1: 0.9249 pred_right: 17836 pred_wrong:1364 actu_right: 17874 actu_wrong: 1326
2026-07-14 05:14:19,966 P1446560 INFO ----------------------------------------------------------------------------------------------------
2026-07-14 05:14:19,966 P1446560 INFO 142/300 starting... lr: 0.0009000000000000001 para:0.01
2026-07-14 05:14:23,819 P1446560 INFO Epoch 142/300, all_loss:0.34679 cls_loss:0.27765 rec_loss:7.19088 [3.85s]; best loss:0.32079, patience : 5
2026-07-14 05:14:24,948 P1446560 INFO pr:0.9692  rc:0.9422  auc:0.9945 ap:0.9893 f1: 0.9555 pred_right: 43653 pred_wrong:3147 actu_right: 43563 actu_wrong: 3237
2026-07-14 05:14:25,406 P1446560 INFO pr:0.9534  rc:0.8952  auc:0.9916 ap:0.9835 f1: 0.9234 pred_right: 17955 pred_wrong:1245 actu_right: 17874 actu_wrong: 1326
2026-07-14 05:14:25,407 P1446560 INFO ----------------------------------------------------------------------------------------------------
2026-07-14 05:14:25,407 P1446560 INFO 143/300 starting... lr: 0.0009000000000000001 para:0.01
2026-07-14 05:14:29,159 P1446560 INFO Epoch 143/300, all_loss:0.51098 cls_loss:0.44269 rec_loss:7.27227 [3.75s]; best loss:0.32079, patience : 6
2026-07-14 05:14:30,232 P1446560 INFO pr:0.9801  rc:0.8962  auc:0.9956 ap:0.9914 f1: 0.9363 pred_right: 43840 pred_wrong:2960 actu_right: 43563 actu_wrong: 3237
2026-07-14 05:14:30,702 P1446560 INFO pr:0.9678  rc:0.8620  auc:0.9900 ap:0.9840 f1: 0.9118 pred_right: 18019 pred_wrong:1181 actu_right: 17874 actu_wrong: 1326
2026-07-14 05:14:30,702 P1446560 INFO ----------------------------------------------------------------------------------------------------
2026-07-14 05:14:30,703 P1446560 INFO 144/300 starting... lr: 0.0009000000000000001 para:0.01
2026-07-14 05:14:34,461 P1446560 INFO Epoch 144/300, all_loss:0.45698 cls_loss:0.38882 rec_loss:7.20490 [3.76s]; best loss:0.32079, patience : 6
2026-07-14 05:14:35,528 P1446560 INFO pr:0.9747  rc:0.9151  auc:0.9962 ap:0.9913 f1: 0.9439 pred_right: 43759 pred_wrong:3041 actu_right: 43561 actu_wrong: 3239
2026-07-14 05:14:35,990 P1446560 INFO pr:0.9602  rc:0.8733  auc:0.9931 ap:0.9851 f1: 0.9147 pred_right: 17994 pred_wrong:1206 actu_right: 17874 actu_wrong: 1326
2026-07-14 05:14:35,990 P1446560 INFO ----------------------------------------------------------------------------------------------------
2026-07-14 05:14:35,991 P1446560 INFO 145/300 starting... lr: 0.0009000000000000001 para:0.01
2026-07-14 05:14:39,709 P1446560 INFO Epoch 145/300, all_loss:0.48421 cls_loss:0.41679 rec_loss:7.15898 [3.72s]; best loss:0.32079, patience : 7
2026-07-14 05:14:40,807 P1446560 INFO pr:0.9592  rc:0.9506  auc:0.9954 ap:0.9917 f1: 0.9549 pred_right: 43589 pred_wrong:3211 actu_right: 43560 actu_wrong: 3240
2026-07-14 05:14:41,283 P1446560 INFO pr:0.9407  rc:0.8974  auc:0.9920 ap:0.9839 f1: 0.9186 pred_right: 17935 pred_wrong:1265 actu_right: 17874 actu_wrong: 1326
2026-07-14 05:14:41,283 P1446560 INFO ----------------------------------------------------------------------------------------------------
2026-07-14 05:14:41,283 P1446560 INFO 146/300 starting... lr: 0.0009000000000000001 para:0.01
2026-07-14 05:14:44,987 P1446560 INFO Epoch 146/300, all_loss:0.44708 cls_loss:0.37862 rec_loss:7.22413 [3.70s]; best loss:0.32079, patience : 7
2026-07-14 05:14:46,100 P1446560 INFO pr:0.9481  rc:0.9639  auc:0.9957 ap:0.9907 f1: 0.9559 pred_right: 43504 pred_wrong:3296 actu_right: 43558 actu_wrong: 3242
2026-07-14 05:14:46,566 P1446560 INFO pr:0.9209  rc:0.9133  auc:0.9931 ap:0.9851 f1: 0.9171 pred_right: 17885 pred_wrong:1315 actu_right: 17874 actu_wrong: 1326
2026-07-14 05:14:46,567 P1446560 INFO ----------------------------------------------------------------------------------------------------
2026-07-14 05:14:46,567 P1446560 INFO 147/300 starting... lr: 0.0009000000000000001 para:0.01
2026-07-14 05:14:50,301 P1446560 INFO Epoch 147/300, all_loss:0.35914 cls_loss:0.29009 rec_loss:7.19446 [3.73s]; best loss:0.32079, patience : 7
2026-07-14 05:14:51,402 P1446560 INFO pr:0.9674  rc:0.9453  auc:0.9941 ap:0.9898 f1: 0.9563 pred_right: 43636 pred_wrong:3164 actu_right: 43562 actu_wrong: 3238
2026-07-14 05:14:51,853 P1446560 INFO pr:0.9448  rc:0.8914  auc:0.9902 ap:0.9834 f1: 0.9173 pred_right: 17949 pred_wrong:1251 actu_right: 17874 actu_wrong: 1326
2026-07-14 05:14:51,861 P1446560 INFO ----------------------------------------------------------------------------------------------------
2026-07-14 05:14:51,861 P1446560 INFO 148/300 starting... lr: 0.0009000000000000001 para:0.01
2026-07-14 05:14:55,630 P1446560 INFO Epoch 148/300, all_loss:0.35510 cls_loss:0.28589 rec_loss:7.20649 [3.77s]; best loss:0.32079, patience : 7
2026-07-14 05:14:56,725 P1446560 INFO pr:0.9406  rc:0.9621  auc:0.9956 ap:0.9907 f1: 0.9512 pred_right: 43484 pred_wrong:3316 actu_right: 43558 actu_wrong: 3242
2026-07-14 05:14:57,187 P1446560 INFO pr:0.9142  rc:0.9246  auc:0.9933 ap:0.9848 f1: 0.9194 pred_right: 17859 pred_wrong:1341 actu_right: 17874 actu_wrong: 1326
2026-07-14 05:14:57,188 P1446560 INFO ----------------------------------------------------------------------------------------------------
2026-07-14 05:14:57,188 P1446560 INFO 149/300 starting... lr: 0.0009000000000000001 para:0.01
2026-07-14 05:15:00,919 P1446560 INFO Epoch 149/300, all_loss:0.28974 cls_loss:0.22159 rec_loss:7.03692 [3.72s]; best loss:0.28974, patience : 0
2026-07-14 05:15:02,143 P1446560 INFO pr:0.9750  rc:0.9253  auc:0.9952 ap:0.9907 f1: 0.9495 pred_right: 43725 pred_wrong:3075 actu_right: 43560 actu_wrong: 3240
2026-07-14 05:15:02,580 P1446560 INFO pr:0.9628  rc:0.8778  auc:0.9917 ap:0.9843 f1: 0.9183 pred_right: 17991 pred_wrong:1209 actu_right: 17874 actu_wrong: 1326
2026-07-14 05:15:02,581 P1446560 INFO ----------------------------------------------------------------------------------------------------
2026-07-14 05:15:02,581 P1446560 INFO 150/300 starting... lr: 0.0009000000000000001 para:0.01
2026-07-14 05:15:06,235 P1446560 INFO Epoch 150/300, all_loss:0.43591 cls_loss:0.36873 rec_loss:7.08651 [3.65s]; best loss:0.28974, patience : 1
2026-07-14 05:15:07,319 P1446560 INFO pr:0.9703  rc:0.9559  auc:0.9956 ap:0.9917 f1: 0.9630 pred_right: 43605 pred_wrong:3195 actu_right: 43557 actu_wrong: 3243
2026-07-14 05:15:07,753 P1446560 INFO pr:0.9425  rc:0.9155  auc:0.9929 ap:0.9851 f1: 0.9288 pred_right: 17912 pred_wrong:1288 actu_right: 17874 actu_wrong: 1326
2026-07-14 05:15:07,761 P1446560 INFO ----------------------------------------------------------------------------------------------------
2026-07-14 05:15:07,761 P1446560 INFO 151/300 starting... lr: 0.0009000000000000001 para:0.01
2026-07-14 05:15:11,414 P1446560 INFO Epoch 151/300, all_loss:0.35112 cls_loss:0.28253 rec_loss:7.14175 [3.65s]; best loss:0.28974, patience : 1
2026-07-14 05:15:12,502 P1446560 INFO pr:0.9762  rc:0.9358  auc:0.9951 ap:0.9909 f1: 0.9556 pred_right: 43693 pred_wrong:3107 actu_right: 43559 actu_wrong: 3241
2026-07-14 05:15:12,960 P1446560 INFO pr:0.9476  rc:0.8861  auc:0.9922 ap:0.9827 f1: 0.9158 pred_right: 17960 pred_wrong:1240 actu_right: 17874 actu_wrong: 1326
2026-07-14 05:15:12,960 P1446560 INFO ----------------------------------------------------------------------------------------------------
2026-07-14 05:15:12,960 P1446560 INFO 152/300 starting... lr: 0.0009000000000000001 para:0.01
2026-07-14 05:15:17,578 P1446560 INFO Epoch 152/300, all_loss:0.33362 cls_loss:0.26485 rec_loss:7.14240 [4.62s]; best loss:0.28974, patience : 1
2026-07-14 05:15:18,529 P1446560 INFO pr:0.9632  rc:0.9605  auc:0.9962 ap:0.9914 f1: 0.9618 pred_right: 43568 pred_wrong:3232 actu_right: 43559 actu_wrong: 3241
2026-07-14 05:15:18,923 P1446560 INFO pr:0.9306  rc:0.9201  auc:0.9935 ap:0.9842 f1: 0.9253 pred_right: 17889 pred_wrong:1311 actu_right: 17874 actu_wrong: 1326
2026-07-14 05:15:18,924 P1446560 INFO ----------------------------------------------------------------------------------------------------
2026-07-14 05:15:18,924 P1446560 INFO 153/300 starting... lr: 0.0009000000000000001 para:0.01
2026-07-14 05:15:22,301 P1446560 INFO Epoch 153/300, all_loss:0.31311 cls_loss:0.24543 rec_loss:7.01403 [3.38s]; best loss:0.28974, patience : 1
2026-07-14 05:15:23,321 P1446560 INFO pr:0.9719  rc:0.9413  auc:0.9939 ap:0.9893 f1: 0.9564 pred_right: 43664 pred_wrong:3136 actu_right: 43562 actu_wrong: 3238
2026-07-14 05:15:23,749 P1446560 INFO pr:0.9508  rc:0.8899  auc:0.9908 ap:0.9829 f1: 0.9194 pred_right: 17959 pred_wrong:1241 actu_right: 17874 actu_wrong: 1326
2026-07-14 05:15:23,749 P1446560 INFO ----------------------------------------------------------------------------------------------------
2026-07-14 05:15:23,749 P1446560 INFO 154/300 starting... lr: 0.0009000000000000001 para:0.01
2026-07-14 05:15:27,342 P1446560 INFO Epoch 154/300, all_loss:0.50552 cls_loss:0.44263 rec_loss:6.73135 [3.59s]; best loss:0.28974, patience : 2
2026-07-14 05:15:28,346 P1446560 INFO pr:0.9432  rc:0.9621  auc:0.9958 ap:0.9907 f1: 0.9525 pred_right: 43493 pred_wrong:3307 actu_right: 43558 actu_wrong: 3242
2026-07-14 05:15:28,795 P1446560 INFO pr:0.9142  rc:0.9246  auc:0.9938 ap:0.9842 f1: 0.9194 pred_right: 17859 pred_wrong:1341 actu_right: 17874 actu_wrong: 1326
2026-07-14 05:15:28,796 P1446560 INFO ----------------------------------------------------------------------------------------------------
2026-07-14 05:15:28,796 P1446560 INFO 155/300 starting... lr: 0.0009000000000000001 para:0.01
2026-07-14 05:15:35,463 P1446560 INFO Epoch 155/300, all_loss:0.56960 cls_loss:0.50700 rec_loss:6.76775 [6.67s]; best loss:0.28974, patience : 3
2026-07-14 05:15:37,179 P1446560 INFO pr:0.9677  rc:0.9512  auc:0.9962 ap:0.9915 f1: 0.9594 pred_right: 43616 pred_wrong:3184 actu_right: 43561 actu_wrong: 3239
2026-07-14 05:15:38,216 P1446560 INFO pr:0.9469  rc:0.9140  auc:0.9934 ap:0.9873 f1: 0.9302 pred_right: 17920 pred_wrong:1280 actu_right: 17874 actu_wrong: 1326
2026-07-14 05:15:38,217 P1446560 INFO ----------------------------------------------------------------------------------------------------
2026-07-14 05:15:38,217 P1446560 INFO 156/300 starting... lr: 0.0009000000000000001 para:0.01
2026-07-14 05:15:43,551 P1446560 INFO Epoch 156/300, all_loss:0.45195 cls_loss:0.38714 rec_loss:6.86794 [5.33s]; best loss:0.28974, patience : 3
2026-07-14 05:15:44,673 P1446560 INFO pr:0.9528  rc:0.9657  auc:0.9965 ap:0.9923 f1: 0.9592 pred_right: 43518 pred_wrong:3282 actu_right: 43562 actu_wrong: 3238
2026-07-14 05:15:45,144 P1446560 INFO pr:0.9250  rc:0.9306  auc:0.9936 ap:0.9869 f1: 0.9278 pred_right: 17866 pred_wrong:1334 actu_right: 17874 actu_wrong: 1326
2026-07-14 05:15:45,145 P1446560 INFO ----------------------------------------------------------------------------------------------------
2026-07-14 05:15:45,145 P1446560 INFO 157/300 starting... lr: 0.0009000000000000001 para:0.01
2026-07-14 05:15:49,197 P1446560 INFO Epoch 157/300, all_loss:0.38713 cls_loss:0.32162 rec_loss:6.87245 [4.05s]; best loss:0.28974, patience : 3
2026-07-14 05:15:50,297 P1446560 INFO pr:0.9720  rc:0.9417  auc:0.9951 ap:0.9907 f1: 0.9566 pred_right: 43658 pred_wrong:3142 actu_right: 43557 actu_wrong: 3243
2026-07-14 05:15:50,749 P1446560 INFO pr:0.9510  rc:0.8929  auc:0.9917 ap:0.9844 f1: 0.9210 pred_right: 17955 pred_wrong:1245 actu_right: 17874 actu_wrong: 1326
2026-07-14 05:15:50,750 P1446560 INFO ----------------------------------------------------------------------------------------------------
2026-07-14 05:15:50,750 P1446560 INFO 158/300 starting... lr: 0.0009000000000000001 para:0.01
2026-07-14 05:15:54,548 P1446560 INFO Epoch 158/300, all_loss:0.40290 cls_loss:0.33654 rec_loss:6.97193 [3.80s]; best loss:0.28974, patience : 4
2026-07-14 05:15:55,622 P1446560 INFO pr:0.9731  rc:0.9128  auc:0.9953 ap:0.9904 f1: 0.9419 pred_right: 43757 pred_wrong:3043 actu_right: 43556 actu_wrong: 3244
2026-07-14 05:15:56,073 P1446560 INFO pr:0.9575  rc:0.8658  auc:0.9901 ap:0.9820 f1: 0.9093 pred_right: 18001 pred_wrong:1199 actu_right: 17874 actu_wrong: 1326
2026-07-14 05:15:56,073 P1446560 INFO ----------------------------------------------------------------------------------------------------
2026-07-14 05:15:56,073 P1446560 INFO 159/300 starting... lr: 0.0009000000000000001 para:0.01
2026-07-14 05:15:59,840 P1446560 INFO Epoch 159/300, all_loss:0.48122 cls_loss:0.41711 rec_loss:6.82748 [3.77s]; best loss:0.28974, patience : 5
2026-07-14 05:16:00,931 P1446560 INFO pr:0.9347  rc:0.9571  auc:0.9951 ap:0.9883 f1: 0.9458 pred_right: 43479 pred_wrong:3321 actu_right: 43557 actu_wrong: 3243
2026-07-14 05:16:01,373 P1446560 INFO pr:0.9104  rc:0.9201  auc:0.9914 ap:0.9836 f1: 0.9152 pred_right: 17860 pred_wrong:1340 actu_right: 17874 actu_wrong: 1326
2026-07-14 05:16:01,374 P1446560 INFO ----------------------------------------------------------------------------------------------------
2026-07-14 05:16:01,374 P1446560 INFO 160/300 starting... lr: 0.0009000000000000001 para:0.01
2026-07-14 05:16:05,185 P1446560 INFO Epoch 160/300, all_loss:0.37506 cls_loss:0.31048 rec_loss:6.76817 [3.81s]; best loss:0.28974, patience : 5
2026-07-14 05:16:06,284 P1446560 INFO pr:0.9708  rc:0.9423  auc:0.9951 ap:0.9906 f1: 0.9563 pred_right: 43653 pred_wrong:3147 actu_right: 43558 actu_wrong: 3242
2026-07-14 05:16:06,736 P1446560 INFO pr:0.9498  rc:0.8854  auc:0.9918 ap:0.9851 f1: 0.9165 pred_right: 17964 pred_wrong:1236 actu_right: 17874 actu_wrong: 1326
2026-07-14 05:16:06,737 P1446560 INFO ----------------------------------------------------------------------------------------------------
2026-07-14 05:16:06,737 P1446560 INFO 161/300 starting... lr: 0.0009000000000000001 para:0.01
2026-07-14 05:16:10,535 P1446560 INFO Epoch 161/300, all_loss:0.36867 cls_loss:0.30249 rec_loss:6.92102 [3.80s]; best loss:0.28974, patience : 5
2026-07-14 05:16:11,615 P1446560 INFO pr:0.9255  rc:0.9574  auc:0.9953 ap:0.9885 f1: 0.9412 pred_right: 43445 pred_wrong:3355 actu_right: 43557 actu_wrong: 3243
2026-07-14 05:16:12,066 P1446560 INFO pr:0.8908  rc:0.9163  auc:0.9914 ap:0.9803 f1: 0.9033 pred_right: 17836 pred_wrong:1364 actu_right: 17874 actu_wrong: 1326
2026-07-14 05:16:12,067 P1446560 INFO ----------------------------------------------------------------------------------------------------
2026-07-14 05:16:12,067 P1446560 INFO 162/300 starting... lr: 0.0009000000000000001 para:0.01
2026-07-14 05:16:15,872 P1446560 INFO Epoch 162/300, all_loss:0.31971 cls_loss:0.25237 rec_loss:6.98689 [3.80s]; best loss:0.28974, patience : 5
2026-07-14 05:16:16,952 P1446560 INFO pr:0.9794  rc:0.9371  auc:0.9948 ap:0.9916 f1: 0.9578 pred_right: 43698 pred_wrong:3102 actu_right: 43558 actu_wrong: 3242
2026-07-14 05:16:17,409 P1446560 INFO pr:0.9662  rc:0.8846  auc:0.9914 ap:0.9857 f1: 0.9236 pred_right: 17986 pred_wrong:1214 actu_right: 17874 actu_wrong: 1326
2026-07-14 05:16:17,409 P1446560 INFO ----------------------------------------------------------------------------------------------------
2026-07-14 05:16:17,409 P1446560 INFO 163/300 starting... lr: 0.0009000000000000001 para:0.01
2026-07-14 05:16:21,121 P1446560 INFO Epoch 163/300, all_loss:0.38439 cls_loss:0.31833 rec_loss:6.92503 [3.71s]; best loss:0.28974, patience : 6
2026-07-14 05:16:22,188 P1446560 INFO pr:0.9352  rc:0.9618  auc:0.9953 ap:0.9884 f1: 0.9483 pred_right: 43465 pred_wrong:3335 actu_right: 43557 actu_wrong: 3243
2026-07-14 05:16:22,635 P1446560 INFO pr:0.9120  rc:0.9140  auc:0.9915 ap:0.9818 f1: 0.9130 pred_right: 17871 pred_wrong:1329 actu_right: 17874 actu_wrong: 1326
2026-07-14 05:16:22,636 P1446560 INFO ----------------------------------------------------------------------------------------------------
2026-07-14 05:16:22,636 P1446560 INFO 164/300 starting... lr: 0.0009000000000000001 para:0.01
2026-07-14 05:16:26,442 P1446560 INFO Epoch 164/300, all_loss:0.29823 cls_loss:0.23150 rec_loss:6.90478 [3.81s]; best loss:0.28974, patience : 6
2026-07-14 05:16:27,507 P1446560 INFO pr:0.9687  rc:0.9253  auc:0.9961 ap:0.9902 f1: 0.9465 pred_right: 43704 pred_wrong:3096 actu_right: 43559 actu_wrong: 3241
2026-07-14 05:16:27,975 P1446560 INFO pr:0.9448  rc:0.8914  auc:0.9922 ap:0.9846 f1: 0.9173 pred_right: 17949 pred_wrong:1251 actu_right: 17874 actu_wrong: 1326
2026-07-14 05:16:27,976 P1446560 INFO ----------------------------------------------------------------------------------------------------
2026-07-14 05:16:27,976 P1446560 INFO 165/300 starting... lr: 0.0009000000000000001 para:0.01
2026-07-14 05:16:31,865 P1446560 INFO Epoch 165/300, all_loss:0.68283 cls_loss:0.62048 rec_loss:6.85490 [3.89s]; best loss:0.28974, patience : 7
2026-07-14 05:16:32,950 P1446560 INFO pr:0.9718  rc:0.9365  auc:0.9946 ap:0.9902 f1: 0.9538 pred_right: 43676 pred_wrong:3124 actu_right: 43558 actu_wrong: 3242
2026-07-14 05:16:33,402 P1446560 INFO pr:0.9508  rc:0.9035  auc:0.9916 ap:0.9848 f1: 0.9265 pred_right: 17940 pred_wrong:1260 actu_right: 17874 actu_wrong: 1326
2026-07-14 05:16:33,402 P1446560 INFO ----------------------------------------------------------------------------------------------------
2026-07-14 05:16:33,402 P1446560 INFO 166/300 starting... lr: 0.0009000000000000001 para:0.01
2026-07-14 05:16:37,311 P1446560 INFO Epoch 166/300, all_loss:0.40790 cls_loss:0.34185 rec_loss:6.94628 [3.91s]; best loss:0.28974, patience : 7
2026-07-14 05:16:38,375 P1446560 INFO pr:0.9463  rc:0.9679  auc:0.9952 ap:0.9889 f1: 0.9570 pred_right: 43484 pred_wrong:3316 actu_right: 43558 actu_wrong: 3242
2026-07-14 05:16:38,827 P1446560 INFO pr:0.9214  rc:0.9374  auc:0.9933 ap:0.9847 f1: 0.9293 pred_right: 17851 pred_wrong:1349 actu_right: 17874 actu_wrong: 1326
2026-07-14 05:16:38,827 P1446560 INFO ----------------------------------------------------------------------------------------------------
2026-07-14 05:16:38,827 P1446560 INFO 167/300 starting... lr: 0.0009000000000000001 para:0.01
2026-07-14 05:16:42,608 P1446560 INFO Epoch 167/300, all_loss:0.33467 cls_loss:0.26897 rec_loss:6.83835 [3.78s]; best loss:0.28974, patience : 7
2026-07-14 05:16:43,672 P1446560 INFO pr:0.9776  rc:0.9417  auc:0.9946 ap:0.9912 f1: 0.9593 pred_right: 43675 pred_wrong:3125 actu_right: 43556 actu_wrong: 3244
2026-07-14 05:16:44,126 P1446560 INFO pr:0.9582  rc:0.8989  auc:0.9925 ap:0.9865 f1: 0.9276 pred_right: 17956 pred_wrong:1244 actu_right: 17874 actu_wrong: 1326
2026-07-14 05:16:44,126 P1446560 INFO ----------------------------------------------------------------------------------------------------
2026-07-14 05:16:44,127 P1446560 INFO 168/300 starting... lr: 0.0009000000000000001 para:0.01
2026-07-14 05:16:48,729 P1446560 INFO Epoch 168/300, all_loss:0.51084 cls_loss:0.44670 rec_loss:6.86065 [4.60s]; best loss:0.28974, patience : 8
2026-07-14 05:16:49,734 P1446560 INFO pr:0.9458  rc:0.9636  auc:0.9953 ap:0.9905 f1: 0.9546 pred_right: 43497 pred_wrong:3303 actu_right: 43558 actu_wrong: 3242
2026-07-14 05:16:50,143 P1446560 INFO pr:0.9133  rc:0.9291  auc:0.9915 ap:0.9847 f1: 0.9211 pred_right: 17851 pred_wrong:1349 actu_right: 17874 actu_wrong: 1326
2026-07-14 05:16:50,143 P1446560 INFO ----------------------------------------------------------------------------------------------------
2026-07-14 05:16:50,151 P1446560 INFO 169/300 starting... lr: 0.0009000000000000001 para:0.01
2026-07-14 05:16:53,446 P1446560 INFO Epoch 169/300, all_loss:0.44896 cls_loss:0.38069 rec_loss:7.20847 [3.29s]; best loss:0.28974, patience : 8
2026-07-14 05:16:54,443 P1446560 INFO pr:0.9731  rc:0.9383  auc:0.9960 ap:0.9911 f1: 0.9554 pred_right: 43674 pred_wrong:3126 actu_right: 43558 actu_wrong: 3242
2026-07-14 05:16:54,875 P1446560 INFO pr:0.9598  rc:0.9005  auc:0.9920 ap:0.9854 f1: 0.9292 pred_right: 17956 pred_wrong:1244 actu_right: 17874 actu_wrong: 1326
2026-07-14 05:16:54,875 P1446560 INFO ----------------------------------------------------------------------------------------------------
2026-07-14 05:16:54,875 P1446560 INFO 170/300 starting... lr: 0.0009000000000000001 para:0.01
2026-07-14 05:16:58,459 P1446560 INFO Epoch 170/300, all_loss:0.45082 cls_loss:0.38436 rec_loss:7.03090 [3.58s]; best loss:0.28974, patience : 9
2026-07-14 05:16:59,481 P1446560 INFO pr:0.9472  rc:0.9478  auc:0.9952 ap:0.9888 f1: 0.9475 pred_right: 43560 pred_wrong:3240 actu_right: 43562 actu_wrong: 3238
2026-07-14 05:16:59,922 P1446560 INFO pr:0.9207  rc:0.9193  auc:0.9915 ap:0.9833 f1: 0.9200 pred_right: 17876 pred_wrong:1324 actu_right: 17874 actu_wrong: 1326
2026-07-14 05:16:59,922 P1446560 INFO ----------------------------------------------------------------------------------------------------
2026-07-14 05:16:59,922 P1446560 INFO 171/300 starting... lr: 0.0009000000000000001 para:0.01
2026-07-14 05:17:05,177 P1446560 INFO Epoch 171/300, all_loss:0.40868 cls_loss:0.34410 rec_loss:6.80277 [5.25s]; best loss:0.28974, patience : 9
2026-07-14 05:17:07,383 P1446560 INFO pr:0.9631  rc:0.9593  auc:0.9967 ap:0.9911 f1: 0.9612 pred_right: 43573 pred_wrong:3227 actu_right: 43560 actu_wrong: 3240
2026-07-14 05:17:08,124 P1446560 INFO pr:0.9350  rc:0.9223  auc:0.9918 ap:0.9846 f1: 0.9286 pred_right: 17892 pred_wrong:1308 actu_right: 17874 actu_wrong: 1326
2026-07-14 05:17:08,125 P1446560 INFO ----------------------------------------------------------------------------------------------------
2026-07-14 05:17:08,125 P1446560 INFO 172/300 starting... lr: 0.0009000000000000001 para:0.01
2026-07-14 05:17:13,914 P1446560 INFO Epoch 172/300, all_loss:0.39727 cls_loss:0.33250 rec_loss:6.80976 [5.79s]; best loss:0.28974, patience : 9
2026-07-14 05:17:15,220 P1446560 INFO pr:0.9531  rc:0.9478  auc:0.9961 ap:0.9897 f1: 0.9504 pred_right: 43580 pred_wrong:3220 actu_right: 43562 actu_wrong: 3238
2026-07-14 05:17:15,740 P1446560 INFO pr:0.9298  rc:0.9186  auc:0.9929 ap:0.9849 f1: 0.9241 pred_right: 17890 pred_wrong:1310 actu_right: 17874 actu_wrong: 1326
2026-07-14 05:17:15,740 P1446560 INFO ----------------------------------------------------------------------------------------------------
2026-07-14 05:17:15,740 P1446560 INFO 173/300 starting... lr: 0.0009000000000000001 para:0.01
2026-07-14 05:17:19,847 P1446560 INFO Epoch 173/300, all_loss:0.39252 cls_loss:0.32652 rec_loss:6.92634 [4.11s]; best loss:0.28974, patience : 9
2026-07-14 05:17:20,966 P1446560 INFO pr:0.9738  rc:0.9308  auc:0.9935 ap:0.9905 f1: 0.9519 pred_right: 43704 pred_wrong:3096 actu_right: 43561 actu_wrong: 3239
2026-07-14 05:17:21,411 P1446560 INFO pr:0.9582  rc:0.8808  auc:0.9875 ap:0.9825 f1: 0.9179 pred_right: 17981 pred_wrong:1219 actu_right: 17874 actu_wrong: 1326
2026-07-14 05:17:21,412 P1446560 INFO ----------------------------------------------------------------------------------------------------
2026-07-14 05:17:21,412 P1446560 INFO 174/300 starting... lr: 0.0009000000000000001 para:0.01
2026-07-14 05:17:25,213 P1446560 INFO Epoch 174/300, all_loss:0.32326 cls_loss:0.25684 rec_loss:6.89889 [3.80s]; best loss:0.28974, patience : 9
2026-07-14 05:17:26,322 P1446560 INFO pr:0.9624  rc:0.9546  auc:0.9955 ap:0.9907 f1: 0.9585 pred_right: 43586 pred_wrong:3214 actu_right: 43560 actu_wrong: 3240
2026-07-14 05:17:26,775 P1446560 INFO pr:0.9353  rc:0.9268  auc:0.9925 ap:0.9859 f1: 0.9311 pred_right: 17886 pred_wrong:1314 actu_right: 17874 actu_wrong: 1326
2026-07-14 05:17:26,775 P1446560 INFO ----------------------------------------------------------------------------------------------------
2026-07-14 05:17:26,775 P1446560 INFO 175/300 starting... lr: 0.0009000000000000001 para:0.01
2026-07-14 05:17:30,487 P1446560 INFO Epoch 175/300, all_loss:0.36293 cls_loss:0.29533 rec_loss:7.05488 [3.71s]; best loss:0.28974, patience : 10
2026-07-14 05:17:31,588 P1446560 INFO pr:0.9246  rc:0.9614  auc:0.9962 ap:0.9891 f1: 0.9426 pred_right: 43432 pred_wrong:3368 actu_right: 43561 actu_wrong: 3239
2026-07-14 05:17:32,052 P1446560 INFO pr:0.8978  rc:0.9276  auc:0.9933 ap:0.9824 f1: 0.9125 pred_right: 17830 pred_wrong:1370 actu_right: 17874 actu_wrong: 1326
2026-07-14 05:17:32,052 P1446560 INFO ----------------------------------------------------------------------------------------------------
2026-07-14 05:17:32,052 P1446560 INFO 176/300 starting... lr: 0.0009000000000000001 para:0.01
2026-07-14 05:17:35,746 P1446560 INFO Epoch 176/300, all_loss:0.29290 cls_loss:0.22618 rec_loss:6.89773 [3.69s]; best loss:0.28974, patience : 10
2026-07-14 05:17:36,838 P1446560 INFO pr:0.9680  rc:0.9611  auc:0.9957 ap:0.9916 f1: 0.9646 pred_right: 43580 pred_wrong:3220 actu_right: 43557 actu_wrong: 3243
2026-07-14 05:17:37,281 P1446560 INFO pr:0.9435  rc:0.9314  auc:0.9922 ap:0.9869 f1: 0.9374 pred_right: 17891 pred_wrong:1309 actu_right: 17874 actu_wrong: 1326
2026-07-14 05:17:37,290 P1446560 INFO ----------------------------------------------------------------------------------------------------
2026-07-14 05:17:37,290 P1446560 INFO 177/300 starting... lr: 0.0009000000000000001 para:0.01
2026-07-14 05:17:40,981 P1446560 INFO Epoch 177/300, all_loss:0.21405 cls_loss:0.14605 rec_loss:6.94610 [3.68s]; best loss:0.21405, patience : 0
2026-07-14 05:17:42,096 P1446560 INFO pr:0.9697  rc:0.9589  auc:0.9949 ap:0.9912 f1: 0.9643 pred_right: 43597 pred_wrong:3203 actu_right: 43561 actu_wrong: 3239
2026-07-14 05:17:42,548 P1446560 INFO pr:0.9460  rc:0.9246  auc:0.9909 ap:0.9858 f1: 0.9352 pred_right: 17904 pred_wrong:1296 actu_right: 17874 actu_wrong: 1326
2026-07-14 05:17:42,549 P1446560 INFO ----------------------------------------------------------------------------------------------------
2026-07-14 05:17:42,549 P1446560 INFO 178/300 starting... lr: 0.0009000000000000001 para:0.01
2026-07-14 05:17:46,254 P1446560 INFO Epoch 178/300, all_loss:0.26388 cls_loss:0.19454 rec_loss:7.12905 [3.70s]; best loss:0.21405, patience : 1
2026-07-14 05:17:47,402 P1446560 INFO pr:0.9524  rc:0.9694  auc:0.9963 ap:0.9892 f1: 0.9608 pred_right: 43503 pred_wrong:3297 actu_right: 43561 actu_wrong: 3239
2026-07-14 05:17:47,851 P1446560 INFO pr:0.9195  rc:0.9299  auc:0.9941 ap:0.9843 f1: 0.9246 pred_right: 17859 pred_wrong:1341 actu_right: 17874 actu_wrong: 1326
2026-07-14 05:17:47,852 P1446560 INFO ----------------------------------------------------------------------------------------------------
2026-07-14 05:17:47,852 P1446560 INFO 179/300 starting... lr: 0.0009000000000000001 para:0.01
2026-07-14 05:17:51,647 P1446560 INFO Epoch 179/300, all_loss:0.51618 cls_loss:0.44906 rec_loss:7.16026 [3.79s]; best loss:0.21405, patience : 2
2026-07-14 05:17:52,724 P1446560 INFO pr:0.9608  rc:0.9528  auc:0.9940 ap:0.9881 f1: 0.9568 pred_right: 43587 pred_wrong:3213 actu_right: 43560 actu_wrong: 3240
2026-07-14 05:17:53,176 P1446560 INFO pr:0.9355  rc:0.9080  auc:0.9890 ap:0.9835 f1: 0.9215 pred_right: 17913 pred_wrong:1287 actu_right: 17874 actu_wrong: 1326
2026-07-14 05:17:53,177 P1446560 INFO ----------------------------------------------------------------------------------------------------
2026-07-14 05:17:53,177 P1446560 INFO 180/300 starting... lr: 0.0009000000000000001 para:0.01
2026-07-14 05:17:56,930 P1446560 INFO Epoch 180/300, all_loss:0.35306 cls_loss:0.28559 rec_loss:7.03289 [3.75s]; best loss:0.21405, patience : 2
2026-07-14 05:17:58,034 P1446560 INFO pr:0.9634  rc:0.9509  auc:0.9954 ap:0.9896 f1: 0.9571 pred_right: 43602 pred_wrong:3198 actu_right: 43560 actu_wrong: 3240
2026-07-14 05:17:58,491 P1446560 INFO pr:0.9389  rc:0.9163  auc:0.9927 ap:0.9851 f1: 0.9275 pred_right: 17906 pred_wrong:1294 actu_right: 17874 actu_wrong: 1326
2026-07-14 05:17:58,492 P1446560 INFO ----------------------------------------------------------------------------------------------------
2026-07-14 05:17:58,492 P1446560 INFO 181/300 starting... lr: 0.0009000000000000001 para:0.01
2026-07-14 05:18:02,270 P1446560 INFO Epoch 181/300, all_loss:0.32737 cls_loss:0.25999 rec_loss:6.99743 [3.78s]; best loss:0.21405, patience : 2
2026-07-14 05:18:03,348 P1446560 INFO pr:0.9647  rc:0.9605  auc:0.9960 ap:0.9907 f1: 0.9626 pred_right: 43575 pred_wrong:3225 actu_right: 43561 actu_wrong: 3239
2026-07-14 05:18:03,787 P1446560 INFO pr:0.9440  rc:0.9276  auc:0.9926 ap:0.9870 f1: 0.9357 pred_right: 17897 pred_wrong:1303 actu_right: 17874 actu_wrong: 1326
2026-07-14 05:18:03,787 P1446560 INFO ----------------------------------------------------------------------------------------------------
2026-07-14 05:18:03,787 P1446560 INFO 182/300 starting... lr: 0.0009000000000000001 para:0.01
2026-07-14 05:18:07,492 P1446560 INFO Epoch 182/300, all_loss:0.25846 cls_loss:0.18968 rec_loss:7.06789 [3.70s]; best loss:0.21405, patience : 2
2026-07-14 05:18:08,557 P1446560 INFO pr:0.9670  rc:0.9497  auc:0.9950 ap:0.9908 f1: 0.9582 pred_right: 43620 pred_wrong:3180 actu_right: 43562 actu_wrong: 3238
2026-07-14 05:18:08,998 P1446560 INFO pr:0.9490  rc:0.9125  auc:0.9904 ap:0.9845 f1: 0.9304 pred_right: 17925 pred_wrong:1275 actu_right: 17874 actu_wrong: 1326
2026-07-14 05:18:08,999 P1446560 INFO ----------------------------------------------------------------------------------------------------
2026-07-14 05:18:08,999 P1446560 INFO 183/300 starting... lr: 0.0009000000000000001 para:0.01
2026-07-14 05:18:12,709 P1446560 INFO Epoch 183/300, all_loss:0.28888 cls_loss:0.22231 rec_loss:6.87871 [3.71s]; best loss:0.21405, patience : 3
2026-07-14 05:18:13,812 P1446560 INFO pr:0.9712  rc:0.9257  auc:0.9947 ap:0.9898 f1: 0.9479 pred_right: 43707 pred_wrong:3093 actu_right: 43555 actu_wrong: 3245
2026-07-14 05:18:14,258 P1446560 INFO pr:0.9540  rc:0.8914  auc:0.9898 ap:0.9833 f1: 0.9216 pred_right: 17961 pred_wrong:1239 actu_right: 17874 actu_wrong: 1326
2026-07-14 05:18:14,259 P1446560 INFO ----------------------------------------------------------------------------------------------------
2026-07-14 05:18:14,259 P1446560 INFO 184/300 starting... lr: 0.0009000000000000001 para:0.01
2026-07-14 05:18:19,189 P1446560 INFO Epoch 184/300, all_loss:0.35503 cls_loss:0.28949 rec_loss:6.84313 [4.93s]; best loss:0.21405, patience : 4
2026-07-14 05:18:20,176 P1446560 INFO pr:0.9818  rc:0.9308  auc:0.9940 ap:0.9901 f1: 0.9556 pred_right: 43730 pred_wrong:3070 actu_right: 43562 actu_wrong: 3238
2026-07-14 05:18:20,578 P1446560 INFO pr:0.9727  rc:0.8854  auc:0.9893 ap:0.9851 f1: 0.9270 pred_right: 17993 pred_wrong:1207 actu_right: 17874 actu_wrong: 1326
2026-07-14 05:18:20,579 P1446560 INFO ----------------------------------------------------------------------------------------------------
2026-07-14 05:18:20,579 P1446560 INFO 185/300 starting... lr: 0.0009000000000000001 para:0.01
2026-07-14 05:18:23,960 P1446560 INFO Epoch 185/300, all_loss:0.41190 cls_loss:0.34583 rec_loss:6.95297 [3.38s]; best loss:0.21405, patience : 5
2026-07-14 05:18:24,942 P1446560 INFO pr:0.9516  rc:0.9593  auc:0.9959 ap:0.9908 f1: 0.9554 pred_right: 43533 pred_wrong:3267 actu_right: 43559 actu_wrong: 3241
2026-07-14 05:18:25,357 P1446560 INFO pr:0.9299  rc:0.9201  auc:0.9916 ap:0.9853 f1: 0.9249 pred_right: 17888 pred_wrong:1312 actu_right: 17874 actu_wrong: 1326
2026-07-14 05:18:25,358 P1446560 INFO ----------------------------------------------------------------------------------------------------
2026-07-14 05:18:25,358 P1446560 INFO 186/300 starting... lr: 0.0009000000000000001 para:0.01
2026-07-14 05:18:28,974 P1446560 INFO Epoch 186/300, all_loss:0.29160 cls_loss:0.22488 rec_loss:6.89745 [3.62s]; best loss:0.21405, patience : 5
2026-07-14 05:18:29,983 P1446560 INFO pr:0.9462  rc:0.9673  auc:0.9966 ap:0.9900 f1: 0.9566 pred_right: 43490 pred_wrong:3310 actu_right: 43562 actu_wrong: 3238
2026-07-14 05:18:30,410 P1446560 INFO pr:0.9156  rc:0.9321  auc:0.9930 ap:0.9855 f1: 0.9238 pred_right: 17850 pred_wrong:1350 actu_right: 17874 actu_wrong: 1326
2026-07-14 05:18:30,411 P1446560 INFO ----------------------------------------------------------------------------------------------------
2026-07-14 05:18:30,411 P1446560 INFO 187/300 starting... lr: 0.0009000000000000001 para:0.01
2026-07-14 05:18:35,674 P1446560 INFO Epoch 187/300, all_loss:0.24033 cls_loss:0.17278 rec_loss:6.92850 [5.26s]; best loss:0.21405, patience : 5
2026-07-14 05:18:37,691 P1446560 INFO pr:0.9763  rc:0.9550  auc:0.9954 ap:0.9919 f1: 0.9655 pred_right: 43630 pred_wrong:3170 actu_right: 43559 actu_wrong: 3241
2026-07-14 05:18:38,938 P1446560 INFO pr:0.9617  rc:0.9080  auc:0.9936 ap:0.9883 f1: 0.9341 pred_right: 17948 pred_wrong:1252 actu_right: 17874 actu_wrong: 1326
2026-07-14 05:18:38,952 P1446560 INFO ----------------------------------------------------------------------------------------------------
2026-07-14 05:18:38,952 P1446560 INFO 188/300 starting... lr: 0.0009000000000000001 para:0.01
2026-07-14 05:18:44,598 P1446560 INFO Epoch 188/300, all_loss:0.25199 cls_loss:0.18390 rec_loss:6.99262 [5.65s]; best loss:0.21405, patience : 6
2026-07-14 05:18:45,865 P1446560 INFO pr:0.9493  rc:0.9695  auc:0.9958 ap:0.9899 f1: 0.9593 pred_right: 43488 pred_wrong:3312 actu_right: 43557 actu_wrong: 3243
2026-07-14 05:18:46,338 P1446560 INFO pr:0.9166  rc:0.9449  auc:0.9922 ap:0.9857 f1: 0.9306 pred_right: 17833 pred_wrong:1367 actu_right: 17874 actu_wrong: 1326
2026-07-14 05:18:46,339 P1446560 INFO ----------------------------------------------------------------------------------------------------
2026-07-14 05:18:46,339 P1446560 INFO 189/300 starting... lr: 0.0009000000000000001 para:0.01
2026-07-14 05:18:50,251 P1446560 INFO Epoch 189/300, all_loss:0.41802 cls_loss:0.35266 rec_loss:6.88935 [3.91s]; best loss:0.21405, patience : 7
2026-07-14 05:18:51,345 P1446560 INFO pr:0.9602  rc:0.9691  auc:0.9966 ap:0.9916 f1: 0.9646 pred_right: 43532 pred_wrong:3268 actu_right: 43562 actu_wrong: 3238
2026-07-14 05:18:51,801 P1446560 INFO pr:0.9277  rc:0.9389  auc:0.9933 ap:0.9854 f1: 0.9333 pred_right: 17858 pred_wrong:1342 actu_right: 17874 actu_wrong: 1326
2026-07-14 05:18:51,801 P1446560 INFO ----------------------------------------------------------------------------------------------------
2026-07-14 05:18:51,801 P1446560 INFO 190/300 starting... lr: 0.0009000000000000001 para:0.01
2026-07-14 05:18:55,520 P1446560 INFO Epoch 190/300, all_loss:0.26629 cls_loss:0.20003 rec_loss:6.82578 [3.72s]; best loss:0.21405, patience : 7
2026-07-14 05:18:56,624 P1446560 INFO pr:0.9703  rc:0.9481  auc:0.9962 ap:0.9919 f1: 0.9591 pred_right: 43634 pred_wrong:3166 actu_right: 43560 actu_wrong: 3240
2026-07-14 05:18:57,096 P1446560 INFO pr:0.9530  rc:0.9020  auc:0.9932 ap:0.9853 f1: 0.9268 pred_right: 17945 pred_wrong:1255 actu_right: 17874 actu_wrong: 1326
2026-07-14 05:18:57,096 P1446560 INFO ----------------------------------------------------------------------------------------------------
2026-07-14 05:18:57,097 P1446560 INFO 191/300 starting... lr: 0.0009000000000000001 para:0.01
2026-07-14 05:19:00,816 P1446560 INFO Epoch 191/300, all_loss:0.46044 cls_loss:0.39545 rec_loss:6.89448 [3.72s]; best loss:0.21405, patience : 8
2026-07-14 05:19:01,891 P1446560 INFO pr:0.9741  rc:0.9079  auc:0.9947 ap:0.9884 f1: 0.9399 pred_right: 43784 pred_wrong:3016 actu_right: 43564 actu_wrong: 3236
2026-07-14 05:19:02,326 P1446560 INFO pr:0.9549  rc:0.8627  auc:0.9905 ap:0.9785 f1: 0.9065 pred_right: 18002 pred_wrong:1198 actu_right: 17874 actu_wrong: 1326
2026-07-14 05:19:02,327 P1446560 INFO ----------------------------------------------------------------------------------------------------
2026-07-14 05:19:02,327 P1446560 INFO 192/300 starting... lr: 0.0009000000000000001 para:0.01
2026-07-14 05:19:06,037 P1446560 INFO Epoch 192/300, all_loss:0.45344 cls_loss:0.39019 rec_loss:6.71485 [3.71s]; best loss:0.21405, patience : 8
2026-07-14 05:19:07,129 P1446560 INFO pr:0.9283  rc:0.9784  auc:0.9965 ap:0.9909 f1: 0.9527 pred_right: 43384 pred_wrong:3416 actu_right: 43559 actu_wrong: 3241
2026-07-14 05:19:07,577 P1446560 INFO pr:0.9069  rc:0.9548  auc:0.9944 ap:0.9882 f1: 0.9302 pred_right: 17804 pred_wrong:1396 actu_right: 17874 actu_wrong: 1326
2026-07-14 05:19:07,577 P1446560 INFO ----------------------------------------------------------------------------------------------------
2026-07-14 05:19:07,577 P1446560 INFO 193/300 starting... lr: 0.0009000000000000001 para:0.01
2026-07-14 05:19:11,318 P1446560 INFO Epoch 193/300, all_loss:0.51054 cls_loss:0.44666 rec_loss:6.83477 [3.74s]; best loss:0.21405, patience : 9
2026-07-14 05:19:12,392 P1446560 INFO pr:0.9376  rc:0.9738  auc:0.9968 ap:0.9871 f1: 0.9554 pred_right: 43433 pred_wrong:3367 actu_right: 43558 actu_wrong: 3242
2026-07-14 05:19:12,845 P1446560 INFO pr:0.9042  rc:0.9465  auc:0.9954 ap:0.9820 f1: 0.9248 pred_right: 17812 pred_wrong:1388 actu_right: 17874 actu_wrong: 1326
2026-07-14 05:19:12,846 P1446560 INFO ----------------------------------------------------------------------------------------------------
2026-07-14 05:19:12,846 P1446560 INFO 194/300 starting... lr: 0.0009000000000000001 para:0.01
2026-07-14 05:19:16,583 P1446560 INFO Epoch 194/300, all_loss:0.40857 cls_loss:0.34388 rec_loss:6.81307 [3.74s]; best loss:0.21405, patience : 9
2026-07-14 05:19:17,663 P1446560 INFO pr:0.9450  rc:0.9707  auc:0.9956 ap:0.9890 f1: 0.9576 pred_right: 43474 pred_wrong:3326 actu_right: 43562 actu_wrong: 3238
2026-07-14 05:19:18,107 P1446560 INFO pr:0.9181  rc:0.9389  auc:0.9935 ap:0.9841 f1: 0.9284 pred_right: 17844 pred_wrong:1356 actu_right: 17874 actu_wrong: 1326
2026-07-14 05:19:18,107 P1446560 INFO ----------------------------------------------------------------------------------------------------
2026-07-14 05:19:18,107 P1446560 INFO 195/300 starting... lr: 0.0009000000000000001 para:0.01
2026-07-14 05:19:21,841 P1446560 INFO Epoch 195/300, all_loss:0.38034 cls_loss:0.31589 rec_loss:6.76118 [3.73s]; best loss:0.21405, patience : 9
2026-07-14 05:19:22,908 P1446560 INFO pr:0.9639  rc:0.9485  auc:0.9964 ap:0.9911 f1: 0.9561 pred_right: 43612 pred_wrong:3188 actu_right: 43560 actu_wrong: 3240
2026-07-14 05:19:23,355 P1446560 INFO pr:0.9335  rc:0.9103  auc:0.9920 ap:0.9809 f1: 0.9217 pred_right: 17907 pred_wrong:1293 actu_right: 17874 actu_wrong: 1326
2026-07-14 05:19:23,355 P1446560 INFO ----------------------------------------------------------------------------------------------------
2026-07-14 05:19:23,356 P1446560 INFO 196/300 starting... lr: 0.0009000000000000001 para:0.01
2026-07-14 05:19:27,114 P1446560 INFO Epoch 196/300, all_loss:0.36302 cls_loss:0.30042 rec_loss:6.56061 [3.76s]; best loss:0.21405, patience : 9
2026-07-14 05:19:28,222 P1446560 INFO pr:0.9676  rc:0.9599  auc:0.9969 ap:0.9926 f1: 0.9637 pred_right: 43586 pred_wrong:3214 actu_right: 43560 actu_wrong: 3240
2026-07-14 05:19:28,697 P1446560 INFO pr:0.9463  rc:0.9163  auc:0.9943 ap:0.9870 f1: 0.9310 pred_right: 17916 pred_wrong:1284 actu_right: 17874 actu_wrong: 1326
2026-07-14 05:19:28,697 P1446560 INFO ----------------------------------------------------------------------------------------------------
2026-07-14 05:19:28,697 P1446560 INFO 197/300 starting... lr: 0.0009000000000000001 para:0.01
2026-07-14 05:19:32,577 P1446560 INFO Epoch 197/300, all_loss:0.39778 cls_loss:0.33531 rec_loss:6.58292 [3.88s]; best loss:0.21405, patience : 10
2026-07-14 05:19:33,642 P1446560 INFO pr:0.9763  rc:0.9531  auc:0.9953 ap:0.9919 f1: 0.9645 pred_right: 43638 pred_wrong:3162 actu_right: 43561 actu_wrong: 3239
2026-07-14 05:19:34,089 P1446560 INFO pr:0.9514  rc:0.9155  auc:0.9923 ap:0.9869 f1: 0.9331 pred_right: 17924 pred_wrong:1276 actu_right: 17874 actu_wrong: 1326
2026-07-14 05:19:34,089 P1446560 INFO ----------------------------------------------------------------------------------------------------
2026-07-14 05:19:34,089 P1446560 INFO 198/300 starting... lr: 0.0009000000000000001 para:0.01
2026-07-14 05:19:37,857 P1446560 INFO Epoch 198/300, all_loss:0.44550 cls_loss:0.38453 rec_loss:6.48162 [3.77s]; best loss:0.21405, patience : 11
2026-07-14 05:19:38,953 P1446560 INFO pr:0.9611  rc:0.9527  auc:0.9955 ap:0.9885 f1: 0.9569 pred_right: 43590 pred_wrong:3210 actu_right: 43562 actu_wrong: 3238
2026-07-14 05:19:39,407 P1446560 INFO pr:0.9307  rc:0.9118  auc:0.9917 ap:0.9823 f1: 0.9211 pred_right: 17901 pred_wrong:1299 actu_right: 17874 actu_wrong: 1326
2026-07-14 05:19:39,408 P1446560 INFO ----------------------------------------------------------------------------------------------------
2026-07-14 05:19:39,408 P1446560 INFO 199/300 starting... lr: 0.0009000000000000001 para:0.01
2026-07-14 05:19:43,094 P1446560 INFO Epoch 199/300, all_loss:0.50052 cls_loss:0.44251 rec_loss:6.24385 [3.69s]; best loss:0.21405, patience : 12
2026-07-14 05:19:44,155 P1446560 INFO pr:0.9816  rc:0.9386  auc:0.9959 ap:0.9927 f1: 0.9596 pred_right: 43701 pred_wrong:3099 actu_right: 43559 actu_wrong: 3241
2026-07-14 05:19:44,617 P1446560 INFO pr:0.9621  rc:0.8997  auc:0.9921 ap:0.9885 f1: 0.9299 pred_right: 17960 pred_wrong:1240 actu_right: 17874 actu_wrong: 1326
2026-07-14 05:19:44,617 P1446560 INFO ----------------------------------------------------------------------------------------------------
2026-07-14 05:19:44,617 P1446560 INFO 200/300 starting... lr: 0.0008100000000000001 para:0.01
2026-07-14 05:19:49,376 P1446560 INFO Epoch 200/300, all_loss:0.43862 cls_loss:0.37842 rec_loss:6.39783 [4.76s]; best loss:0.21405, patience : 12
2026-07-14 05:19:50,355 P1446560 INFO pr:0.9680  rc:0.9336  auc:0.9942 ap:0.9905 f1: 0.9505 pred_right: 43676 pred_wrong:3124 actu_right: 43561 actu_wrong: 3239
2026-07-14 05:19:50,765 P1446560 INFO pr:0.9640  rc:0.8891  auc:0.9922 ap:0.9852 f1: 0.9251 pred_right: 17977 pred_wrong:1223 actu_right: 17874 actu_wrong: 1326
2026-07-14 05:19:50,765 P1446560 INFO ----------------------------------------------------------------------------------------------------
2026-07-14 05:19:50,765 P1446560 INFO 201/300 starting... lr: 0.0008100000000000001 para:0.01
2026-07-14 05:19:54,113 P1446560 INFO Epoch 201/300, all_loss:0.26208 cls_loss:0.20124 rec_loss:6.28519 [3.35s]; best loss:0.21405, patience : 12
2026-07-14 05:19:55,104 P1446560 INFO pr:0.9590  rc:0.9596  auc:0.9957 ap:0.9921 f1: 0.9593 pred_right: 43557 pred_wrong:3243 actu_right: 43559 actu_wrong: 3241
2026-07-14 05:19:55,548 P1446560 INFO pr:0.9290  rc:0.9276  auc:0.9929 ap:0.9860 f1: 0.9283 pred_right: 17876 pred_wrong:1324 actu_right: 17874 actu_wrong: 1326
2026-07-14 05:19:55,549 P1446560 INFO ----------------------------------------------------------------------------------------------------
2026-07-14 05:19:55,549 P1446560 INFO 202/300 starting... lr: 0.0008100000000000001 para:0.01
2026-07-14 05:19:59,075 P1446560 INFO Epoch 202/300, all_loss:0.27885 cls_loss:0.21709 rec_loss:6.39317 [3.53s]; best loss:0.21405, patience : 13
2026-07-14 05:20:00,049 P1446560 INFO pr:0.9587  rc:0.9463  auc:0.9967 ap:0.9910 f1: 0.9524 pred_right: 43604 pred_wrong:3196 actu_right: 43562 actu_wrong: 3238
2026-07-14 05:20:00,480 P1446560 INFO pr:0.9375  rc:0.9155  auc:0.9942 ap:0.9861 f1: 0.9264 pred_right: 17905 pred_wrong:1295 actu_right: 17874 actu_wrong: 1326
2026-07-14 05:20:00,480 P1446560 INFO ----------------------------------------------------------------------------------------------------
2026-07-14 05:20:00,480 P1446560 INFO 203/300 starting... lr: 0.0008100000000000001 para:0.01
2026-07-14 05:20:06,753 P1446560 INFO Epoch 203/300, all_loss:0.30860 cls_loss:0.24691 rec_loss:6.41583 [6.27s]; best loss:0.21405, patience : 14
2026-07-14 05:20:09,137 P1446560 INFO pr:0.9689  rc:0.9620  auc:0.9957 ap:0.9914 f1: 0.9655 pred_right: 43584 pred_wrong:3216 actu_right: 43561 actu_wrong: 3239
2026-07-14 05:20:09,912 P1446560 INFO pr:0.9410  rc:0.9268  auc:0.9912 ap:0.9866 f1: 0.9339 pred_right: 17894 pred_wrong:1306 actu_right: 17874 actu_wrong: 1326
2026-07-14 05:20:09,912 P1446560 INFO ----------------------------------------------------------------------------------------------------
2026-07-14 05:20:09,912 P1446560 INFO 204/300 starting... lr: 0.0008100000000000001 para:0.01
2026-07-14 05:20:15,919 P1446560 INFO Early stop at epoch: 204
2026-07-14 05:20:15,919 P1446560 INFO saving model...
2026-07-14 05:20:15,920 P1446560 INFO iTransformer - loss  best score:0.2140464037656784 at epoch 177
2026-07-14 05:20:15,937 P1446560 INFO iTransformer - f1  best score:0.9655279987521448 at epoch 187
2026-07-14 05:20:15,952 P1446560 INFO Average training time per epoch: 3.99 seconds
2026-07-14 05:20:15,954 P1446560 INFO calculate scores...
2026-07-14 05:20:15,954 P1446560 INFO calculate label with loss...
2026-07-14 05:20:15,954 P1446560 INFO iTransformer on ./result/server_only_exps/Architecture_updatedFreDF/iTransformer-SN-Epochs300-Seed2-ExpNameRQ2_architecture-LPFLPF-Attnlinear_attn-NormLinTrue-RecLambda1.0-AuxiLambda0.5 loading...
2026-07-14 05:20:16,511 P1446560 INFO pr:0.9460  rc:0.9246  auc:0.9909 ap:0.9858 f1: 0.9352 pred_right: 17904 pred_wrong:1296 actu_right: 17874 actu_wrong: 1326
2026-07-14 05:20:20,617 P1446560 INFO pr:0.9460  rc:0.9246  auc:0.9909 ap:0.9858 f1: 0.9352 pred_right: 17904 pred_wrong:1296 actu_right: 17874 actu_wrong: 1326
2026-07-14 05:20:20,625 P1446560 INFO Performance Summary:
{'GPU': {'inference_time_per_sample_ms': 0.28733208260221704, 'throughput_samples_per_sec': 3480.293571617624, 'peak_memory_mb': 143.8330078125, 'energy_per_sample_joules': 0.03770874419050846}, 'CPU': {'inference_time_per_sample_ms': 2.4074570309598746, 'throughput_samples_per_sec': 415.37605329607527, 'peak_memory_mb': 2066.73828125, 'energy_per_sample_joules': 0.15648470701239184}}
2026-07-14 05:20:20,625 P1446560 INFO Starting clean-room hardware benchmarking...
2026-07-14 05:20:22,294 P1446560 INFO Performance with loss: pr:0.9460  rc:0.9246  auc:0.9909 ap:0.9858 f1: 0.9352 pred_right: 17904 pred_wrong:1296 actu_right: 17874 actu_wrong: 1326
2026-07-14 05:20:22,295 P1446560 INFO calculate label with f1...
2026-07-14 05:20:22,295 P1446560 INFO iTransformer on ./result/server_only_exps/Architecture_updatedFreDF/iTransformer-SN-Epochs300-Seed2-ExpNameRQ2_architecture-LPFLPF-Attnlinear_attn-NormLinTrue-RecLambda1.0-AuxiLambda0.5 loading...
2026-07-14 05:20:22,784 P1446560 INFO pr:0.9617  rc:0.9080  auc:0.9936 ap:0.9883 f1: 0.9341 pred_right: 17948 pred_wrong:1252 actu_right: 17874 actu_wrong: 1326
2026-07-14 05:20:26,868 P1446560 INFO pr:0.9617  rc:0.9080  auc:0.9936 ap:0.9883 f1: 0.9341 pred_right: 17948 pred_wrong:1252 actu_right: 17874 actu_wrong: 1326
2026-07-14 05:20:26,869 P1446560 INFO Performance Summary:
{'GPU': {'inference_time_per_sample_ms': 0.2584915569121825, 'throughput_samples_per_sec': 3868.5983091499215, 'peak_memory_mb': 141.865234375, 'energy_per_sample_joules': 0.03930273650804816}, 'CPU': {'inference_time_per_sample_ms': 2.3949860251523596, 'throughput_samples_per_sec': 417.5389707906058, 'peak_memory_mb': 2064.3515625, 'energy_per_sample_joules': 0.15567409163490337}}
2026-07-14 05:20:26,869 P1446560 INFO Starting clean-room hardware benchmarking...
2026-07-14 05:20:28,474 P1446560 INFO Performance with f1: pr:0.9617  rc:0.9080  auc:0.9936 ap:0.9883 f1: 0.9341 pred_right: 17948 pred_wrong:1252 actu_right: 17874 actu_wrong: 1326
