2026-07-11 23:52:14,716 P3667910 INFO ---- Model: ----MSTGAD-5f93a5a8----random_seed : 1----req_loss_approach : Legendre-style----rec_lambda : 1.0----auxi_lambda : 0.5----Freq Domain : FITS_Legendre----Multi Fits : false----train : True----evaluate : False
2026-07-11 23:52:14,716 P3667910 INFO Load from /home/db2003/Desktop/Amr/Tests/Eadro/codes/chunks/SN
2026-07-11 23:52:15,603 P3667910 INFO Fewshot: training with 1.0 of the 70% of the data
2026-07-11 23:52:20,577 P3667910 INFO Trainable Parameters Breakdown:
2026-07-11 23:52:20,577 P3667910 INFO --------------------------------------------------------------------------------
2026-07-11 23:52:20,578 P3667910 INFO Reconstruction-Specific Parameters:
2026-07-11 23:52:20,578 P3667910 INFO linear_attn.Wq.weight                    | shape: (10, 10)                  | params: 100
2026-07-11 23:52:20,578 P3667910 INFO linear_attn.Wk.weight                    | shape: (10, 10)                  | params: 100
2026-07-11 23:52:20,578 P3667910 INFO linear_attn.Wv.weight                    | shape: (10, 10)                  | params: 100
2026-07-11 23:52:20,578 P3667910 INFO linear_attn.out.weight                   | shape: (10, 10)                  | params: 100
2026-07-11 23:52:20,578 P3667910 INFO linear_attn.out.bias                     | shape: (10,)                     | params: 10
2026-07-11 23:52:20,578 P3667910 INFO linear_attn.norm.weight                  | shape: (10,)                     | params: 10
2026-07-11 23:52:20,578 P3667910 INFO linear_attn.norm.bias                    | shape: (10,)                     | params: 10
2026-07-11 23:52:20,578 P3667910 INFO shared_fits.normlin_W                    | shape: (5, 5)                    | params: 25
2026-07-11 23:52:20,578 P3667910 INFO shared_fits.freq_upsampler.weight        | shape: (5, 5)                    | params: 25
2026-07-11 23:52:20,578 P3667910 INFO shared_fits.freq_upsampler.bias          | shape: (5,)                      | params: 5
2026-07-11 23:52:20,578 P3667910 INFO modality_proj.node.weight                | shape: (10, 8)                   | params: 80
2026-07-11 23:52:20,578 P3667910 INFO modality_proj.node.bias                  | shape: (10,)                     | params: 10
2026-07-11 23:52:20,578 P3667910 INFO modality_proj.log.weight                 | shape: (10, 32)                  | params: 320
2026-07-11 23:52:20,578 P3667910 INFO modality_proj.log.bias                   | shape: (10,)                     | params: 10
2026-07-11 23:52:20,578 P3667910 INFO modality_proj.edge.weight                | shape: (10, 8)                   | params: 80
2026-07-11 23:52:20,578 P3667910 INFO modality_proj.edge.bias                  | shape: (10,)                     | params: 10
2026-07-11 23:52:20,578 P3667910 INFO modality_proj_out.node.weight            | shape: (8, 10)                   | params: 80
2026-07-11 23:52:20,578 P3667910 INFO modality_proj_out.node.bias              | shape: (8,)                      | params: 8
2026-07-11 23:52:20,578 P3667910 INFO modality_proj_out.log.weight             | shape: (32, 10)                  | params: 320
2026-07-11 23:52:20,578 P3667910 INFO modality_proj_out.log.bias               | shape: (32,)                     | params: 32
2026-07-11 23:52:20,578 P3667910 INFO modality_proj_out.edge.weight            | shape: (8, 10)                   | params: 80
2026-07-11 23:52:20,578 P3667910 INFO modality_proj_out.edge.bias              | shape: (8,)                      | params: 8
2026-07-11 23:52:20,579 P3667910 INFO Subtotal: 1,523
2026-07-11 23:52:20,579 P3667910 INFO --------------------------------------------------------------------------------
2026-07-11 23:52:20,579 P3667910 INFO Common Parameters:
2026-07-11 23:52:20,579 P3667910 INFO node_emb.linear.weight                   | shape: (8, 7)                    | params: 56
2026-07-11 23:52:20,579 P3667910 INFO node_emb.linear.bias                     | shape: (8,)                      | params: 8
2026-07-11 23:52:20,579 P3667910 INFO log_emb.linear.weight                    | shape: (32, 7)                   | params: 224
2026-07-11 23:52:20,579 P3667910 INFO log_emb.linear.bias                      | shape: (32,)                     | params: 32
2026-07-11 23:52:20,579 P3667910 INFO egde_emb.linear.weight                   | shape: (8, 2)                    | params: 16
2026-07-11 23:52:20,579 P3667910 INFO egde_emb.linear.bias                     | shape: (8,)                      | params: 8
2026-07-11 23:52:20,579 P3667910 INFO dense_node.weight                        | shape: (7, 8)                    | params: 56
2026-07-11 23:52:20,579 P3667910 INFO dense_node.bias                          | shape: (7,)                      | params: 7
2026-07-11 23:52:20,579 P3667910 INFO dense_log.weight                         | shape: (7, 32)                   | params: 224
2026-07-11 23:52:20,579 P3667910 INFO dense_log.bias                           | shape: (7,)                      | params: 7
2026-07-11 23:52:20,579 P3667910 INFO dense_edge.weight                        | shape: (2, 8)                    | params: 16
2026-07-11 23:52:20,579 P3667910 INFO dense_edge.bias                          | shape: (2,)                      | params: 2
2026-07-11 23:52:20,579 P3667910 INFO show.0.weight                            | shape: (128, 16)                 | params: 2,048
2026-07-11 23:52:20,579 P3667910 INFO show.0.bias                              | shape: (128,)                    | params: 128
2026-07-11 23:52:20,579 P3667910 INFO show.2.weight                            | shape: (2, 128)                  | params: 256
2026-07-11 23:52:20,579 P3667910 INFO show.2.bias                              | shape: (2,)                      | params: 2
2026-07-11 23:52:20,579 P3667910 INFO Subtotal: 3,090
2026-07-11 23:52:20,579 P3667910 INFO --------------------------------------------------------------------------------
2026-07-11 23:52:20,579 P3667910 INFO Total Trainable Parameters: 4,613

2026-07-11 23:52:20,579 P3667910 INFO Trainable Parameters: 4613, reconstruction: 1523, common: 3090
2026-07-11 23:52:20,580 P3667910 INFO model : init weight
2026-07-11 23:52:20,580 P3667910 INFO Using GPU...
2026-07-11 23:52:20,585 P3667910 INFO optimizer : using AdaBelief
2026-07-11 23:52:20,585 P3667910 INFO ----------------------------------------------------------------------------------------------------
2026-07-11 23:52:20,585 P3667910 INFO 0/300 starting... lr: 0.001 para:1.0
2026-07-11 23:52:22,706 P3667910 INFO Epoch 0/300, all_loss:0.76901 cls_loss:42.99255 rec_loss:0.76901 [2.12s]; best loss:0.76901, patience : 0
2026-07-11 23:52:22,706 P3667910 INFO ----------------------------------------------------------------------------------------------------
2026-07-11 23:52:22,706 P3667910 INFO 1/300 starting... lr: 0.001 para:0.5
2026-07-11 23:52:24,311 P3667910 INFO Epoch 1/300, all_loss:12.49749 cls_loss:24.36593 rec_loss:0.62906 [1.60s]; best loss:12.49749, patience : 0
2026-07-11 23:52:24,311 P3667910 INFO ----------------------------------------------------------------------------------------------------
2026-07-11 23:52:24,311 P3667910 INFO 2/300 starting... lr: 0.001 para:0.3333333432674408
2026-07-11 23:52:26,007 P3667910 INFO Epoch 2/300, all_loss:7.44228 cls_loss:10.77579 rec_loss:0.77526 [1.69s]; best loss:7.44228, patience : 0
2026-07-11 23:52:26,701 P3667910 INFO pr:1.0000  rc:0.0022  auc:0.7683 ap:0.6815 f1: 0.0043 pred_right: 46793 pred_wrong:7 actu_right: 43561 actu_wrong: 3239
2026-07-11 23:52:26,981 P3667910 INFO pr:1.0000  rc:0.0015  auc:0.7637 ap:0.6783 f1: 0.0030 pred_right: 19198 pred_wrong:2 actu_right: 17874 actu_wrong: 1326
2026-07-11 23:52:26,986 P3667910 INFO ----------------------------------------------------------------------------------------------------
2026-07-11 23:52:26,986 P3667910 INFO 3/300 starting... lr: 0.001 para:0.25
2026-07-11 23:52:28,681 P3667910 INFO Epoch 3/300, all_loss:6.99596 cls_loss:9.06817 rec_loss:0.77931 [1.69s]; best loss:6.99596, patience : 0
2026-07-11 23:52:29,280 P3667910 INFO pr:1.0000  rc:0.1680  auc:0.8440 ap:0.7338 f1: 0.2877 pred_right: 46255 pred_wrong:545 actu_right: 43556 actu_wrong: 3244
2026-07-11 23:52:29,518 P3667910 INFO pr:1.0000  rc:0.1599  auc:0.8341 ap:0.7283 f1: 0.2757 pred_right: 18988 pred_wrong:212 actu_right: 17874 actu_wrong: 1326
2026-07-11 23:52:29,523 P3667910 INFO ----------------------------------------------------------------------------------------------------
2026-07-11 23:52:29,523 P3667910 INFO 4/300 starting... lr: 0.001 para:0.20000000298023224
2026-07-11 23:52:31,079 P3667910 INFO Epoch 4/300, all_loss:6.67970 cls_loss:8.12985 rec_loss:0.87910 [1.55s]; best loss:6.67970, patience : 0
2026-07-11 23:52:31,632 P3667910 INFO pr:0.9657  rc:0.2867  auc:0.8865 ap:0.7652 f1: 0.4422 pred_right: 45838 pred_wrong:962 actu_right: 43560 actu_wrong: 3240
2026-07-11 23:52:31,876 P3667910 INFO pr:0.9620  rc:0.2670  auc:0.8767 ap:0.7616 f1: 0.4179 pred_right: 18832 pred_wrong:368 actu_right: 17874 actu_wrong: 1326
2026-07-11 23:52:31,880 P3667910 INFO ----------------------------------------------------------------------------------------------------
2026-07-11 23:52:31,880 P3667910 INFO 5/300 starting... lr: 0.001 para:0.1666666716337204
2026-07-11 23:52:34,448 P3667910 INFO Epoch 5/300, all_loss:6.14219 cls_loss:7.15449 rec_loss:1.08070 [2.56s]; best loss:6.14219, patience : 0
2026-07-11 23:52:34,914 P3667910 INFO pr:0.9822  rc:0.2895  auc:0.9258 ap:0.8209 f1: 0.4472 pred_right: 45845 pred_wrong:955 actu_right: 43560 actu_wrong: 3240
2026-07-11 23:52:35,109 P3667910 INFO pr:0.9676  rc:0.2700  auc:0.9192 ap:0.8165 f1: 0.4222 pred_right: 18830 pred_wrong:370 actu_right: 17874 actu_wrong: 1326
2026-07-11 23:52:35,112 P3667910 INFO ----------------------------------------------------------------------------------------------------
2026-07-11 23:52:35,112 P3667910 INFO 6/300 starting... lr: 0.001 para:0.1428571492433548
2026-07-11 23:52:36,326 P3667910 INFO Epoch 6/300, all_loss:5.58881 cls_loss:6.29877 rec_loss:1.32903 [1.21s]; best loss:5.58881, patience : 0
2026-07-11 23:52:36,815 P3667910 INFO pr:0.9520  rc:0.3182  auc:0.9443 ap:0.8463 f1: 0.4770 pred_right: 45716 pred_wrong:1084 actu_right: 43557 actu_wrong: 3243
2026-07-11 23:52:37,022 P3667910 INFO pr:0.9384  rc:0.2986  auc:0.9372 ap:0.8400 f1: 0.4531 pred_right: 18778 pred_wrong:422 actu_right: 17874 actu_wrong: 1326
2026-07-11 23:52:37,025 P3667910 INFO ----------------------------------------------------------------------------------------------------
2026-07-11 23:52:37,025 P3667910 INFO 7/300 starting... lr: 0.001 para:0.125
2026-07-11 23:52:38,230 P3667910 INFO Epoch 7/300, all_loss:5.16363 cls_loss:5.67532 rec_loss:1.58180 [1.20s]; best loss:5.16363, patience : 0
2026-07-11 23:52:38,715 P3667910 INFO pr:0.9499  rc:0.3564  auc:0.9551 ap:0.8714 f1: 0.5183 pred_right: 45583 pred_wrong:1217 actu_right: 43556 actu_wrong: 3244
2026-07-11 23:52:38,916 P3667910 INFO pr:0.9396  rc:0.3401  auc:0.9489 ap:0.8645 f1: 0.4994 pred_right: 18720 pred_wrong:480 actu_right: 17874 actu_wrong: 1326
2026-07-11 23:52:38,920 P3667910 INFO ----------------------------------------------------------------------------------------------------
2026-07-11 23:52:38,920 P3667910 INFO 8/300 starting... lr: 0.001 para:0.1111111119389534
2026-07-11 23:52:40,284 P3667910 INFO Epoch 8/300, all_loss:4.83324 cls_loss:5.21902 rec_loss:1.74693 [1.36s]; best loss:4.83324, patience : 0
2026-07-11 23:52:40,845 P3667910 INFO pr:0.9408  rc:0.4220  auc:0.9614 ap:0.8859 f1: 0.5827 pred_right: 45347 pred_wrong:1453 actu_right: 43561 actu_wrong: 3239
2026-07-11 23:52:41,080 P3667910 INFO pr:0.9127  rc:0.4020  auc:0.9579 ap:0.8795 f1: 0.5581 pred_right: 18616 pred_wrong:584 actu_right: 17874 actu_wrong: 1326
2026-07-11 23:52:41,084 P3667910 INFO ----------------------------------------------------------------------------------------------------
2026-07-11 23:52:41,084 P3667910 INFO 9/300 starting... lr: 0.001 para:0.10000000149011612
2026-07-11 23:52:42,637 P3667910 INFO Epoch 9/300, all_loss:4.63541 cls_loss:4.93719 rec_loss:1.91940 [1.55s]; best loss:4.63541, patience : 0
2026-07-11 23:52:43,281 P3667910 INFO pr:0.9153  rc:0.4704  auc:0.9649 ap:0.8924 f1: 0.6214 pred_right: 45136 pred_wrong:1664 actu_right: 43562 actu_wrong: 3238
2026-07-11 23:52:43,539 P3667910 INFO pr:0.8911  rc:0.4630  auc:0.9620 ap:0.8876 f1: 0.6094 pred_right: 18511 pred_wrong:689 actu_right: 17874 actu_wrong: 1326
2026-07-11 23:52:43,543 P3667910 INFO ----------------------------------------------------------------------------------------------------
2026-07-11 23:52:43,543 P3667910 INFO 10/300 starting... lr: 0.001 para:0.09090909361839294
2026-07-11 23:52:44,961 P3667910 INFO Epoch 10/300, all_loss:4.45220 cls_loss:4.69168 rec_loss:2.05742 [1.41s]; best loss:4.45220, patience : 0
2026-07-11 23:52:45,494 P3667910 INFO pr:0.9060  rc:0.4875  auc:0.9676 ap:0.8986 f1: 0.6339 pred_right: 45055 pred_wrong:1745 actu_right: 43557 actu_wrong: 3243
2026-07-11 23:52:45,717 P3667910 INFO pr:0.8910  rc:0.4872  auc:0.9649 ap:0.8935 f1: 0.6299 pred_right: 18475 pred_wrong:725 actu_right: 17874 actu_wrong: 1326
2026-07-11 23:52:45,720 P3667910 INFO ----------------------------------------------------------------------------------------------------
2026-07-11 23:52:45,720 P3667910 INFO 11/300 starting... lr: 0.001 para:0.0833333358168602
2026-07-11 23:52:48,298 P3667910 INFO Epoch 11/300, all_loss:4.34527 cls_loss:4.54798 rec_loss:2.11543 [2.57s]; best loss:4.34527, patience : 0
2026-07-11 23:52:49,787 P3667910 INFO pr:0.9451  rc:0.4835  auc:0.9707 ap:0.9072 f1: 0.6397 pred_right: 45143 pred_wrong:1657 actu_right: 43561 actu_wrong: 3239
2026-07-11 23:52:50,210 P3667910 INFO pr:0.9179  rc:0.4721  auc:0.9677 ap:0.9023 f1: 0.6235 pred_right: 18518 pred_wrong:682 actu_right: 17874 actu_wrong: 1326
2026-07-11 23:52:50,216 P3667910 INFO ----------------------------------------------------------------------------------------------------
2026-07-11 23:52:50,217 P3667910 INFO 12/300 starting... lr: 0.001 para:0.07692307978868484
2026-07-11 23:52:54,834 P3667910 INFO Epoch 12/300, all_loss:4.20813 cls_loss:4.37424 rec_loss:2.21483 [4.61s]; best loss:4.20813, patience : 0
2026-07-11 23:52:55,935 P3667910 INFO pr:0.8335  rc:0.5720  auc:0.9717 ap:0.9064 f1: 0.6784 pred_right: 44578 pred_wrong:2222 actu_right: 43562 actu_wrong: 3238
2026-07-11 23:52:56,385 P3667910 INFO pr:0.8280  rc:0.5664  auc:0.9685 ap:0.9018 f1: 0.6726 pred_right: 18293 pred_wrong:907 actu_right: 17874 actu_wrong: 1326
2026-07-11 23:52:56,390 P3667910 INFO ----------------------------------------------------------------------------------------------------
2026-07-11 23:52:56,391 P3667910 INFO 13/300 starting... lr: 0.001 para:0.0714285746216774
2026-07-11 23:52:59,646 P3667910 INFO Epoch 13/300, all_loss:4.23292 cls_loss:4.38254 rec_loss:2.28796 [3.25s]; best loss:4.20813, patience : 1
2026-07-11 23:53:00,442 P3667910 INFO pr:0.8769  rc:0.5693  auc:0.9726 ap:0.9122 f1: 0.6904 pred_right: 44696 pred_wrong:2104 actu_right: 43559 actu_wrong: 3241
2026-07-11 23:53:00,765 P3667910 INFO pr:0.8627  rc:0.5732  auc:0.9674 ap:0.9074 f1: 0.6887 pred_right: 18319 pred_wrong:881 actu_right: 17874 actu_wrong: 1326
2026-07-11 23:53:00,770 P3667910 INFO ----------------------------------------------------------------------------------------------------
2026-07-11 23:53:00,770 P3667910 INFO 14/300 starting... lr: 0.001 para:0.06666667014360428
2026-07-11 23:53:02,473 P3667910 INFO Epoch 14/300, all_loss:4.04440 cls_loss:4.16712 rec_loss:2.32626 [1.70s]; best loss:4.04440, patience : 0
2026-07-11 23:53:03,178 P3667910 INFO pr:0.8631  rc:0.6034  auc:0.9747 ap:0.9178 f1: 0.7103 pred_right: 44535 pred_wrong:2265 actu_right: 43560 actu_wrong: 3240
2026-07-11 23:53:03,478 P3667910 INFO pr:0.8521  rc:0.5995  auc:0.9708 ap:0.9124 f1: 0.7039 pred_right: 18267 pred_wrong:933 actu_right: 17874 actu_wrong: 1326
2026-07-11 23:53:03,482 P3667910 INFO ----------------------------------------------------------------------------------------------------
2026-07-11 23:53:03,483 P3667910 INFO 15/300 starting... lr: 0.001 para:0.0625
2026-07-11 23:53:05,050 P3667910 INFO Epoch 15/300, all_loss:3.97403 cls_loss:4.07821 rec_loss:2.41140 [1.56s]; best loss:3.97403, patience : 0
2026-07-11 23:53:05,651 P3667910 INFO pr:0.8903  rc:0.5785  auc:0.9758 ap:0.9191 f1: 0.7013 pred_right: 44694 pred_wrong:2106 actu_right: 43559 actu_wrong: 3241
2026-07-11 23:53:05,890 P3667910 INFO pr:0.8826  rc:0.5724  auc:0.9720 ap:0.9142 f1: 0.6944 pred_right: 18340 pred_wrong:860 actu_right: 17874 actu_wrong: 1326
2026-07-11 23:53:05,890 P3667910 INFO ----------------------------------------------------------------------------------------------------
2026-07-11 23:53:05,890 P3667910 INFO 16/300 starting... lr: 0.001 para:0.05882352963089943
2026-07-11 23:53:07,533 P3667910 INFO Epoch 16/300, all_loss:3.86113 cls_loss:3.95014 rec_loss:2.43707 [1.64s]; best loss:3.86113, patience : 0
2026-07-11 23:53:08,207 P3667910 INFO pr:0.8786  rc:0.6230  auc:0.9770 ap:0.9257 f1: 0.7290 pred_right: 44502 pred_wrong:2298 actu_right: 43559 actu_wrong: 3241
2026-07-11 23:53:08,450 P3667910 INFO pr:0.8634  rc:0.6290  auc:0.9732 ap:0.9193 f1: 0.7277 pred_right: 18234 pred_wrong:966 actu_right: 17874 actu_wrong: 1326
2026-07-11 23:53:08,454 P3667910 INFO ----------------------------------------------------------------------------------------------------
2026-07-11 23:53:08,455 P3667910 INFO 17/300 starting... lr: 0.001 para:0.0555555559694767
2026-07-11 23:53:10,106 P3667910 INFO Epoch 17/300, all_loss:3.82703 cls_loss:3.90542 rec_loss:2.49429 [1.65s]; best loss:3.82703, patience : 0
2026-07-11 23:53:10,805 P3667910 INFO pr:0.9037  rc:0.5962  auc:0.9778 ap:0.9269 f1: 0.7185 pred_right: 44661 pred_wrong:2139 actu_right: 43558 actu_wrong: 3242
2026-07-11 23:53:11,099 P3667910 INFO pr:0.8925  rc:0.5950  auc:0.9742 ap:0.9221 f1: 0.7140 pred_right: 18316 pred_wrong:884 actu_right: 17874 actu_wrong: 1326
2026-07-11 23:53:11,099 P3667910 INFO ----------------------------------------------------------------------------------------------------
2026-07-11 23:53:11,099 P3667910 INFO 18/300 starting... lr: 0.001 para:0.05263157933950424
2026-07-11 23:53:12,711 P3667910 INFO Epoch 18/300, all_loss:3.82870 cls_loss:3.89963 rec_loss:2.55199 [1.61s]; best loss:3.82703, patience : 1
2026-07-11 23:53:13,382 P3667910 INFO pr:0.9426  rc:0.5168  auc:0.9776 ap:0.9230 f1: 0.6676 pred_right: 45024 pred_wrong:1776 actu_right: 43561 actu_wrong: 3239
2026-07-11 23:53:13,623 P3667910 INFO pr:0.9186  rc:0.5106  auc:0.9739 ap:0.9183 f1: 0.6563 pred_right: 18463 pred_wrong:737 actu_right: 17874 actu_wrong: 1326
2026-07-11 23:53:13,624 P3667910 INFO ----------------------------------------------------------------------------------------------------
2026-07-11 23:53:13,624 P3667910 INFO 19/300 starting... lr: 0.001 para:0.05000000074505806
2026-07-11 23:53:15,301 P3667910 INFO Epoch 19/300, all_loss:3.73320 cls_loss:3.79462 rec_loss:2.56637 [1.67s]; best loss:3.73320, patience : 0
2026-07-11 23:53:15,974 P3667910 INFO pr:0.8624  rc:0.6681  auc:0.9785 ap:0.9296 f1: 0.7529 pred_right: 44286 pred_wrong:2514 actu_right: 43555 actu_wrong: 3245
2026-07-11 23:53:16,266 P3667910 INFO pr:0.8439  rc:0.6644  auc:0.9744 ap:0.9238 f1: 0.7435 pred_right: 18156 pred_wrong:1044 actu_right: 17874 actu_wrong: 1326
2026-07-11 23:53:16,272 P3667910 INFO ----------------------------------------------------------------------------------------------------
2026-07-11 23:53:16,272 P3667910 INFO 20/300 starting... lr: 0.001 para:0.0476190485060215
2026-07-11 23:53:17,815 P3667910 INFO Epoch 20/300, all_loss:3.58832 cls_loss:3.63792 rec_loss:2.59630 [1.54s]; best loss:3.58832, patience : 0
2026-07-11 23:53:18,405 P3667910 INFO pr:0.8313  rc:0.7155  auc:0.9786 ap:0.9295 f1: 0.7691 pred_right: 44014 pred_wrong:2786 actu_right: 43563 actu_wrong: 3237
2026-07-11 23:53:18,650 P3667910 INFO pr:0.8254  rc:0.7059  auc:0.9745 ap:0.9225 f1: 0.7610 pred_right: 18066 pred_wrong:1134 actu_right: 17874 actu_wrong: 1326
2026-07-11 23:53:18,654 P3667910 INFO ----------------------------------------------------------------------------------------------------
2026-07-11 23:53:18,654 P3667910 INFO 21/300 starting... lr: 0.001 para:0.04545454680919647
2026-07-11 23:53:20,233 P3667910 INFO Epoch 21/300, all_loss:3.53065 cls_loss:3.57102 rec_loss:2.68288 [1.58s]; best loss:3.53065, patience : 0
2026-07-11 23:53:20,834 P3667910 INFO pr:0.8798  rc:0.6622  auc:0.9788 ap:0.9307 f1: 0.7557 pred_right: 44362 pred_wrong:2438 actu_right: 43561 actu_wrong: 3239
2026-07-11 23:53:21,078 P3667910 INFO pr:0.8748  rc:0.6637  auc:0.9744 ap:0.9263 f1: 0.7547 pred_right: 18194 pred_wrong:1006 actu_right: 17874 actu_wrong: 1326
2026-07-11 23:53:21,078 P3667910 INFO ----------------------------------------------------------------------------------------------------
2026-07-11 23:53:21,079 P3667910 INFO 22/300 starting... lr: 0.001 para:0.043478261679410934
2026-07-11 23:53:22,641 P3667910 INFO Epoch 22/300, all_loss:3.48720 cls_loss:3.52006 rec_loss:2.76424 [1.56s]; best loss:3.48720, patience : 0
2026-07-11 23:53:23,257 P3667910 INFO pr:0.9306  rc:0.6208  auc:0.9825 ap:0.9396 f1: 0.7447 pred_right: 44640 pred_wrong:2160 actu_right: 43562 actu_wrong: 3238
2026-07-11 23:53:23,507 P3667910 INFO pr:0.9050  rc:0.6252  auc:0.9780 ap:0.9340 f1: 0.7395 pred_right: 18284 pred_wrong:916 actu_right: 17874 actu_wrong: 1326
2026-07-11 23:53:23,508 P3667910 INFO ----------------------------------------------------------------------------------------------------
2026-07-11 23:53:23,508 P3667910 INFO 23/300 starting... lr: 0.001 para:0.0416666679084301
2026-07-11 23:53:25,056 P3667910 INFO Epoch 23/300, all_loss:3.54940 cls_loss:3.58223 rec_loss:2.79446 [1.55s]; best loss:3.48720, patience : 1
2026-07-11 23:53:25,695 P3667910 INFO pr:0.9250  rc:0.5977  auc:0.9817 ap:0.9338 f1: 0.7262 pred_right: 44707 pred_wrong:2093 actu_right: 43561 actu_wrong: 3239
2026-07-11 23:53:25,942 P3667910 INFO pr:0.9119  rc:0.6011  auc:0.9784 ap:0.9301 f1: 0.7245 pred_right: 18326 pred_wrong:874 actu_right: 17874 actu_wrong: 1326
2026-07-11 23:53:25,942 P3667910 INFO ----------------------------------------------------------------------------------------------------
2026-07-11 23:53:25,942 P3667910 INFO 24/300 starting... lr: 0.001 para:0.03999999910593033
2026-07-11 23:53:27,548 P3667910 INFO Epoch 24/300, all_loss:3.32764 cls_loss:3.34801 rec_loss:2.83876 [1.60s]; best loss:3.32764, patience : 0
2026-07-11 23:53:28,242 P3667910 INFO pr:0.8548  rc:0.7374  auc:0.9836 ap:0.9436 f1: 0.7918 pred_right: 44004 pred_wrong:2796 actu_right: 43559 actu_wrong: 3241
2026-07-11 23:53:28,537 P3667910 INFO pr:0.8451  rc:0.7406  auc:0.9794 ap:0.9376 f1: 0.7894 pred_right: 18038 pred_wrong:1162 actu_right: 17874 actu_wrong: 1326
2026-07-11 23:53:28,542 P3667910 INFO ----------------------------------------------------------------------------------------------------
2026-07-11 23:53:28,542 P3667910 INFO 25/300 starting... lr: 0.001 para:0.03846153989434242
2026-07-11 23:53:30,185 P3667910 INFO Epoch 25/300, all_loss:3.21078 cls_loss:3.22210 rec_loss:2.92772 [1.64s]; best loss:3.21078, patience : 0
2026-07-11 23:53:30,869 P3667910 INFO pr:0.8430  rc:0.7701  auc:0.9845 ap:0.9462 f1: 0.8049 pred_right: 43839 pred_wrong:2961 actu_right: 43559 actu_wrong: 3241
2026-07-11 23:53:31,150 P3667910 INFO pr:0.8321  rc:0.7700  auc:0.9805 ap:0.9402 f1: 0.7998 pred_right: 17973 pred_wrong:1227 actu_right: 17874 actu_wrong: 1326
2026-07-11 23:53:31,154 P3667910 INFO ----------------------------------------------------------------------------------------------------
2026-07-11 23:53:31,154 P3667910 INFO 26/300 starting... lr: 0.001 para:0.03703703731298447
2026-07-11 23:53:32,825 P3667910 INFO Epoch 26/300, all_loss:3.17445 cls_loss:3.18068 rec_loss:3.01249 [1.67s]; best loss:3.17445, patience : 0
2026-07-11 23:53:33,480 P3667910 INFO pr:0.9165  rc:0.6776  auc:0.9851 ap:0.9481 f1: 0.7791 pred_right: 44404 pred_wrong:2396 actu_right: 43559 actu_wrong: 3241
2026-07-11 23:53:33,739 P3667910 INFO pr:0.8985  rc:0.6878  auc:0.9812 ap:0.9424 f1: 0.7792 pred_right: 18185 pred_wrong:1015 actu_right: 17874 actu_wrong: 1326
2026-07-11 23:53:33,740 P3667910 INFO ----------------------------------------------------------------------------------------------------
2026-07-11 23:53:33,740 P3667910 INFO 27/300 starting... lr: 0.001 para:0.0357142873108387
2026-07-11 23:53:35,312 P3667910 INFO Epoch 27/300, all_loss:3.09831 cls_loss:3.09770 rec_loss:3.11455 [1.57s]; best loss:3.09831, patience : 0
2026-07-11 23:53:35,970 P3667910 INFO pr:0.8922  rc:0.7015  auc:0.9857 ap:0.9493 f1: 0.7854 pred_right: 44250 pred_wrong:2550 actu_right: 43557 actu_wrong: 3243
2026-07-11 23:53:36,255 P3667910 INFO pr:0.8787  rc:0.7104  auc:0.9798 ap:0.9430 f1: 0.7857 pred_right: 18128 pred_wrong:1072 actu_right: 17874 actu_wrong: 1326
2026-07-11 23:53:36,255 P3667910 INFO ----------------------------------------------------------------------------------------------------
2026-07-11 23:53:36,255 P3667910 INFO 28/300 starting... lr: 0.001 para:0.03448275849223137
2026-07-11 23:53:37,847 P3667910 INFO Epoch 28/300, all_loss:2.97239 cls_loss:2.96446 rec_loss:3.19456 [1.59s]; best loss:2.97239, patience : 0
2026-07-11 23:53:38,545 P3667910 INFO pr:0.9255  rc:0.6784  auc:0.9859 ap:0.9513 f1: 0.7829 pred_right: 44423 pred_wrong:2377 actu_right: 43557 actu_wrong: 3243
2026-07-11 23:53:38,824 P3667910 INFO pr:0.9128  rc:0.6870  auc:0.9823 ap:0.9468 f1: 0.7840 pred_right: 18202 pred_wrong:998 actu_right: 17874 actu_wrong: 1326
2026-07-11 23:53:38,825 P3667910 INFO ----------------------------------------------------------------------------------------------------
2026-07-11 23:53:38,825 P3667910 INFO 29/300 starting... lr: 0.001 para:0.03333333507180214
2026-07-11 23:53:40,442 P3667910 INFO Epoch 29/300, all_loss:2.89689 cls_loss:2.88233 rec_loss:3.31936 [1.61s]; best loss:2.89689, patience : 0
2026-07-11 23:53:41,017 P3667910 INFO pr:0.8577  rc:0.7923  auc:0.9869 ap:0.9548 f1: 0.8237 pred_right: 43806 pred_wrong:2994 actu_right: 43559 actu_wrong: 3241
2026-07-11 23:53:41,268 P3667910 INFO pr:0.8519  rc:0.7896  auc:0.9832 ap:0.9494 f1: 0.8196 pred_right: 17971 pred_wrong:1229 actu_right: 17874 actu_wrong: 1326
2026-07-11 23:53:41,272 P3667910 INFO ----------------------------------------------------------------------------------------------------
2026-07-11 23:53:41,272 P3667910 INFO 30/300 starting... lr: 0.001 para:0.032258063554763794
2026-07-11 23:53:42,893 P3667910 INFO Epoch 30/300, all_loss:2.89828 cls_loss:2.88328 rec_loss:3.34813 [1.62s]; best loss:2.89689, patience : 1
2026-07-11 23:53:43,495 P3667910 INFO pr:0.8689  rc:0.7865  auc:0.9874 ap:0.9560 f1: 0.8257 pred_right: 43870 pred_wrong:2930 actu_right: 43563 actu_wrong: 3237
2026-07-11 23:53:43,751 P3667910 INFO pr:0.8591  rc:0.7866  auc:0.9842 ap:0.9510 f1: 0.8213 pred_right: 17986 pred_wrong:1214 actu_right: 17874 actu_wrong: 1326
2026-07-11 23:53:43,755 P3667910 INFO ----------------------------------------------------------------------------------------------------
2026-07-11 23:53:43,755 P3667910 INFO 31/300 starting... lr: 0.001 para:0.03125
2026-07-11 23:53:45,572 P3667910 INFO Epoch 31/300, all_loss:2.93238 cls_loss:2.91584 rec_loss:3.44530 [1.82s]; best loss:2.89689, patience : 2
2026-07-11 23:53:46,265 P3667910 INFO pr:0.8733  rc:0.7835  auc:0.9881 ap:0.9579 f1: 0.8260 pred_right: 43895 pred_wrong:2905 actu_right: 43562 actu_wrong: 3238
2026-07-11 23:53:46,537 P3667910 INFO pr:0.8771  rc:0.7805  auc:0.9844 ap:0.9529 f1: 0.8260 pred_right: 18020 pred_wrong:1180 actu_right: 17874 actu_wrong: 1326
2026-07-11 23:53:46,541 P3667910 INFO ----------------------------------------------------------------------------------------------------
2026-07-11 23:53:46,541 P3667910 INFO 32/300 starting... lr: 0.001 para:0.03030303120613098
2026-07-11 23:53:48,161 P3667910 INFO Epoch 32/300, all_loss:2.73733 cls_loss:2.71333 rec_loss:3.50537 [1.62s]; best loss:2.73733, patience : 0
2026-07-11 23:53:48,854 P3667910 INFO pr:0.9075  rc:0.7389  auc:0.9885 ap:0.9598 f1: 0.8146 pred_right: 44162 pred_wrong:2638 actu_right: 43560 actu_wrong: 3240
2026-07-11 23:53:49,152 P3667910 INFO pr:0.8944  rc:0.7474  auc:0.9850 ap:0.9547 f1: 0.8143 pred_right: 18092 pred_wrong:1108 actu_right: 17874 actu_wrong: 1326
2026-07-11 23:53:49,153 P3667910 INFO ----------------------------------------------------------------------------------------------------
2026-07-11 23:53:49,153 P3667910 INFO 33/300 starting... lr: 0.001 para:0.029411764815449715
2026-07-11 23:53:50,760 P3667910 INFO Epoch 33/300, all_loss:2.66340 cls_loss:2.63582 rec_loss:3.57345 [1.60s]; best loss:2.66340, patience : 0
2026-07-11 23:53:51,404 P3667910 INFO pr:0.9051  rc:0.7741  auc:0.9886 ap:0.9625 f1: 0.8345 pred_right: 44028 pred_wrong:2772 actu_right: 43559 actu_wrong: 3241
2026-07-11 23:53:51,648 P3667910 INFO pr:0.8907  rc:0.7685  auc:0.9850 ap:0.9564 f1: 0.8251 pred_right: 18056 pred_wrong:1144 actu_right: 17874 actu_wrong: 1326
2026-07-11 23:53:51,653 P3667910 INFO ----------------------------------------------------------------------------------------------------
2026-07-11 23:53:51,653 P3667910 INFO 34/300 starting... lr: 0.001 para:0.02857142873108387
2026-07-11 23:53:53,157 P3667910 INFO Epoch 34/300, all_loss:2.57284 cls_loss:2.53999 rec_loss:3.68982 [1.50s]; best loss:2.57284, patience : 0
2026-07-11 23:53:53,739 P3667910 INFO pr:0.8744  rc:0.7668  auc:0.9872 ap:0.9530 f1: 0.8171 pred_right: 43957 pred_wrong:2843 actu_right: 43558 actu_wrong: 3242
2026-07-11 23:53:53,981 P3667910 INFO pr:0.8712  rc:0.7753  auc:0.9846 ap:0.9493 f1: 0.8204 pred_right: 18020 pred_wrong:1180 actu_right: 17874 actu_wrong: 1326
2026-07-11 23:53:53,982 P3667910 INFO ----------------------------------------------------------------------------------------------------
2026-07-11 23:53:53,982 P3667910 INFO 35/300 starting... lr: 0.001 para:0.02777777798473835
2026-07-11 23:53:55,586 P3667910 INFO Epoch 35/300, all_loss:2.51684 cls_loss:2.48086 rec_loss:3.77632 [1.60s]; best loss:2.51684, patience : 0
2026-07-11 23:53:56,270 P3667910 INFO pr:0.9308  rc:0.7607  auc:0.9900 ap:0.9665 f1: 0.8372 pred_right: 44154 pred_wrong:2646 actu_right: 43562 actu_wrong: 3238
2026-07-11 23:53:56,553 P3667910 INFO pr:0.9251  rc:0.7541  auc:0.9866 ap:0.9610 f1: 0.8309 pred_right: 18119 pred_wrong:1081 actu_right: 17874 actu_wrong: 1326
2026-07-11 23:53:56,558 P3667910 INFO ----------------------------------------------------------------------------------------------------
2026-07-11 23:53:56,559 P3667910 INFO 36/300 starting... lr: 0.001 para:0.027027027681469917
2026-07-11 23:53:58,224 P3667910 INFO Epoch 36/300, all_loss:2.41626 cls_loss:2.37458 rec_loss:3.91659 [1.66s]; best loss:2.41626, patience : 0
2026-07-11 23:53:58,990 P3667910 INFO pr:0.9433  rc:0.7439  auc:0.9903 ap:0.9678 f1: 0.8318 pred_right: 44244 pred_wrong:2556 actu_right: 43559 actu_wrong: 3241
2026-07-11 23:53:59,305 P3667910 INFO pr:0.9316  rc:0.7398  auc:0.9855 ap:0.9628 f1: 0.8247 pred_right: 18147 pred_wrong:1053 actu_right: 17874 actu_wrong: 1326
2026-07-11 23:53:59,306 P3667910 INFO ----------------------------------------------------------------------------------------------------
2026-07-11 23:53:59,306 P3667910 INFO 37/300 starting... lr: 0.001 para:0.02631578966975212
2026-07-11 23:54:01,015 P3667910 INFO Epoch 37/300, all_loss:2.39543 cls_loss:2.35184 rec_loss:4.00798 [1.71s]; best loss:2.39543, patience : 0
2026-07-11 23:54:01,716 P3667910 INFO pr:0.8708  rc:0.8388  auc:0.9910 ap:0.9682 f1: 0.8545 pred_right: 43680 pred_wrong:3120 actu_right: 43561 actu_wrong: 3239
2026-07-11 23:54:02,000 P3667910 INFO pr:0.8704  rc:0.8303  auc:0.9866 ap:0.9629 f1: 0.8499 pred_right: 17935 pred_wrong:1265 actu_right: 17874 actu_wrong: 1326
2026-07-11 23:54:02,004 P3667910 INFO ----------------------------------------------------------------------------------------------------
2026-07-11 23:54:02,005 P3667910 INFO 38/300 starting... lr: 0.001 para:0.025641025975346565
2026-07-11 23:54:03,526 P3667910 INFO Epoch 38/300, all_loss:2.23600 cls_loss:2.18641 rec_loss:4.12051 [1.52s]; best loss:2.23600, patience : 0
2026-07-11 23:54:04,236 P3667910 INFO pr:0.8922  rc:0.8493  auc:0.9917 ap:0.9719 f1: 0.8702 pred_right: 43711 pred_wrong:3089 actu_right: 43555 actu_wrong: 3245
2026-07-11 23:54:04,617 P3667910 INFO pr:0.8901  rc:0.8431  auc:0.9890 ap:0.9674 f1: 0.8660 pred_right: 17944 pred_wrong:1256 actu_right: 17874 actu_wrong: 1326
2026-07-11 23:54:04,623 P3667910 INFO ----------------------------------------------------------------------------------------------------
2026-07-11 23:54:04,623 P3667910 INFO 39/300 starting... lr: 0.001 para:0.02500000037252903
2026-07-11 23:54:07,272 P3667910 INFO Epoch 39/300, all_loss:2.19485 cls_loss:2.14330 rec_loss:4.20527 [2.65s]; best loss:2.19485, patience : 0
2026-07-11 23:54:07,792 P3667910 INFO pr:0.8740  rc:0.8840  auc:0.9916 ap:0.9734 f1: 0.8789 pred_right: 43523 pred_wrong:3277 actu_right: 43560 actu_wrong: 3240
2026-07-11 23:54:08,001 P3667910 INFO pr:0.8692  rc:0.8771  auc:0.9890 ap:0.9683 f1: 0.8731 pred_right: 17862 pred_wrong:1338 actu_right: 17874 actu_wrong: 1326
2026-07-11 23:54:08,005 P3667910 INFO ----------------------------------------------------------------------------------------------------
2026-07-11 23:54:08,006 P3667910 INFO 40/300 starting... lr: 0.001 para:0.024390242993831635
2026-07-11 23:54:09,194 P3667910 INFO Epoch 40/300, all_loss:2.12449 cls_loss:2.06970 rec_loss:4.31620 [1.18s]; best loss:2.12449, patience : 0
2026-07-11 23:54:09,698 P3667910 INFO pr:0.9249  rc:0.8321  auc:0.9919 ap:0.9741 f1: 0.8760 pred_right: 43885 pred_wrong:2915 actu_right: 43560 actu_wrong: 3240
2026-07-11 23:54:09,912 P3667910 INFO pr:0.9243  rc:0.8198  auc:0.9885 ap:0.9700 f1: 0.8689 pred_right: 18024 pred_wrong:1176 actu_right: 17874 actu_wrong: 1326
2026-07-11 23:54:09,913 P3667910 INFO ----------------------------------------------------------------------------------------------------
2026-07-11 23:54:09,920 P3667910 INFO 41/300 starting... lr: 0.001 para:0.02380952425301075
2026-07-11 23:54:11,127 P3667910 INFO Epoch 41/300, all_loss:1.97592 cls_loss:1.91687 rec_loss:4.39707 [1.20s]; best loss:1.97592, patience : 0
2026-07-11 23:54:11,607 P3667910 INFO pr:0.9044  rc:0.8614  auc:0.9928 ap:0.9752 f1: 0.8824 pred_right: 43715 pred_wrong:3085 actu_right: 43561 actu_wrong: 3239
2026-07-11 23:54:11,817 P3667910 INFO pr:0.9046  rc:0.8507  auc:0.9905 ap:0.9716 f1: 0.8768 pred_right: 17953 pred_wrong:1247 actu_right: 17874 actu_wrong: 1326
2026-07-11 23:54:11,821 P3667910 INFO ----------------------------------------------------------------------------------------------------
2026-07-11 23:54:11,821 P3667910 INFO 42/300 starting... lr: 0.001 para:0.023255813866853714
2026-07-11 23:54:13,507 P3667910 INFO Epoch 42/300, all_loss:1.92053 cls_loss:1.85883 rec_loss:4.51205 [1.68s]; best loss:1.92053, patience : 0
2026-07-11 23:54:14,141 P3667910 INFO pr:0.9121  rc:0.8778  auc:0.9932 ap:0.9776 f1: 0.8946 pred_right: 43682 pred_wrong:3118 actu_right: 43560 actu_wrong: 3240
2026-07-11 23:54:14,412 P3667910 INFO pr:0.9041  rc:0.8741  auc:0.9898 ap:0.9721 f1: 0.8888 pred_right: 17918 pred_wrong:1282 actu_right: 17874 actu_wrong: 1326
2026-07-11 23:54:14,416 P3667910 INFO ----------------------------------------------------------------------------------------------------
2026-07-11 23:54:14,416 P3667910 INFO 43/300 starting... lr: 0.001 para:0.022727273404598236
2026-07-11 23:54:16,029 P3667910 INFO Epoch 43/300, all_loss:1.85955 cls_loss:1.79546 rec_loss:4.61565 [1.61s]; best loss:1.85955, patience : 0
2026-07-11 23:54:16,596 P3667910 INFO pr:0.9223  rc:0.8745  auc:0.9939 ap:0.9790 f1: 0.8977 pred_right: 43726 pred_wrong:3074 actu_right: 43558 actu_wrong: 3242
2026-07-11 23:54:16,822 P3667910 INFO pr:0.9211  rc:0.8718  auc:0.9918 ap:0.9759 f1: 0.8958 pred_right: 17945 pred_wrong:1255 actu_right: 17874 actu_wrong: 1326
2026-07-11 23:54:16,826 P3667910 INFO ----------------------------------------------------------------------------------------------------
2026-07-11 23:54:16,826 P3667910 INFO 44/300 starting... lr: 0.001 para:0.02222222276031971
2026-07-11 23:54:18,203 P3667910 INFO Epoch 44/300, all_loss:1.82569 cls_loss:1.76092 rec_loss:4.67549 [1.37s]; best loss:1.82569, patience : 0
2026-07-11 23:54:18,702 P3667910 INFO pr:0.9106  rc:0.8833  auc:0.9933 ap:0.9781 f1: 0.8968 pred_right: 43657 pred_wrong:3143 actu_right: 43560 actu_wrong: 3240
2026-07-11 23:54:18,924 P3667910 INFO pr:0.9063  rc:0.8756  auc:0.9896 ap:0.9736 f1: 0.8907 pred_right: 17919 pred_wrong:1281 actu_right: 17874 actu_wrong: 1326
2026-07-11 23:54:18,925 P3667910 INFO ----------------------------------------------------------------------------------------------------
2026-07-11 23:54:18,925 P3667910 INFO 45/300 starting... lr: 0.001 para:0.021739130839705467
2026-07-11 23:54:21,890 P3667910 INFO Epoch 45/300, all_loss:1.80577 cls_loss:1.73996 rec_loss:4.76713 [2.96s]; best loss:1.80577, patience : 0
2026-07-11 23:54:23,469 P3667910 INFO pr:0.9472  rc:0.8515  auc:0.9940 ap:0.9806 f1: 0.8968 pred_right: 43883 pred_wrong:2917 actu_right: 43555 actu_wrong: 3245
2026-07-11 23:54:24,161 P3667910 INFO pr:0.9398  rc:0.8484  auc:0.9923 ap:0.9772 f1: 0.8918 pred_right: 18003 pred_wrong:1197 actu_right: 17874 actu_wrong: 1326
2026-07-11 23:54:24,161 P3667910 INFO ----------------------------------------------------------------------------------------------------
2026-07-11 23:54:24,162 P3667910 INFO 46/300 starting... lr: 0.001 para:0.021276595070958138
2026-07-11 23:54:27,487 P3667910 INFO Epoch 46/300, all_loss:1.70010 cls_loss:1.63158 rec_loss:4.85190 [3.32s]; best loss:1.70010, patience : 0
2026-07-11 23:54:29,388 P3667910 INFO pr:0.9383  rc:0.8729  auc:0.9949 ap:0.9819 f1: 0.9044 pred_right: 43784 pred_wrong:3016 actu_right: 43558 actu_wrong: 3242
2026-07-11 23:54:30,446 P3667910 INFO pr:0.9295  rc:0.8748  auc:0.9933 ap:0.9794 f1: 0.9013 pred_right: 17952 pred_wrong:1248 actu_right: 17874 actu_wrong: 1326
2026-07-11 23:54:30,455 P3667910 INFO ----------------------------------------------------------------------------------------------------
2026-07-11 23:54:30,455 P3667910 INFO 47/300 starting... lr: 0.001 para:0.02083333395421505
2026-07-11 23:54:33,116 P3667910 INFO Epoch 47/300, all_loss:1.68537 cls_loss:1.61607 rec_loss:4.94235 [2.66s]; best loss:1.68537, patience : 0
2026-07-11 23:54:33,896 P3667910 INFO pr:0.9273  rc:0.9009  auc:0.9947 ap:0.9836 f1: 0.9139 pred_right: 43652 pred_wrong:3148 actu_right: 43560 actu_wrong: 3240
2026-07-11 23:54:34,201 P3667910 INFO pr:0.9221  rc:0.8922  auc:0.9923 ap:0.9797 f1: 0.9069 pred_right: 17917 pred_wrong:1283 actu_right: 17874 actu_wrong: 1326
2026-07-11 23:54:34,206 P3667910 INFO ----------------------------------------------------------------------------------------------------
2026-07-11 23:54:34,207 P3667910 INFO 48/300 starting... lr: 0.001 para:0.020408162847161293
2026-07-11 23:54:35,881 P3667910 INFO Epoch 48/300, all_loss:1.57070 cls_loss:1.49870 rec_loss:5.02693 [1.67s]; best loss:1.57070, patience : 0
2026-07-11 23:54:36,607 P3667910 INFO pr:0.9691  rc:0.8313  auc:0.9950 ap:0.9841 f1: 0.8949 pred_right: 44019 pred_wrong:2781 actu_right: 43558 actu_wrong: 3242
2026-07-11 23:54:36,882 P3667910 INFO pr:0.9653  rc:0.8183  auc:0.9923 ap:0.9810 f1: 0.8857 pred_right: 18076 pred_wrong:1124 actu_right: 17874 actu_wrong: 1326
2026-07-11 23:54:36,882 P3667910 INFO ----------------------------------------------------------------------------------------------------
2026-07-11 23:54:36,882 P3667910 INFO 49/300 starting... lr: 0.001 para:0.019999999552965164
2026-07-11 23:54:38,576 P3667910 INFO Epoch 49/300, all_loss:1.45685 cls_loss:1.38165 rec_loss:5.14159 [1.69s]; best loss:1.45685, patience : 0
2026-07-11 23:54:39,217 P3667910 INFO pr:0.9406  rc:0.9194  auc:0.9953 ap:0.9861 f1: 0.9299 pred_right: 43635 pred_wrong:3165 actu_right: 43562 actu_wrong: 3238
2026-07-11 23:54:39,518 P3667910 INFO pr:0.9378  rc:0.8989  auc:0.9928 ap:0.9820 f1: 0.9180 pred_right: 17929 pred_wrong:1271 actu_right: 17874 actu_wrong: 1326
2026-07-11 23:54:39,523 P3667910 INFO ----------------------------------------------------------------------------------------------------
2026-07-11 23:54:39,524 P3667910 INFO 50/300 starting... lr: 0.001 para:0.019607843831181526
2026-07-11 23:54:41,208 P3667910 INFO Epoch 50/300, all_loss:1.39824 cls_loss:1.32293 rec_loss:5.16373 [1.68s]; best loss:1.39824, patience : 0
2026-07-11 23:54:41,858 P3667910 INFO pr:0.9379  rc:0.9136  auc:0.9953 ap:0.9856 f1: 0.9256 pred_right: 43643 pred_wrong:3157 actu_right: 43559 actu_wrong: 3241
2026-07-11 23:54:42,118 P3667910 INFO pr:0.9332  rc:0.8952  auc:0.9930 ap:0.9824 f1: 0.9138 pred_right: 17928 pred_wrong:1272 actu_right: 17874 actu_wrong: 1326
2026-07-11 23:54:42,118 P3667910 INFO ----------------------------------------------------------------------------------------------------
2026-07-11 23:54:42,118 P3667910 INFO 51/300 starting... lr: 0.001 para:0.01923076994717121
2026-07-11 23:54:43,776 P3667910 INFO Epoch 51/300, all_loss:1.35068 cls_loss:1.27342 rec_loss:5.29072 [1.65s]; best loss:1.35068, patience : 0
2026-07-11 23:54:44,420 P3667910 INFO pr:0.9608  rc:0.8848  auc:0.9960 ap:0.9864 f1: 0.9212 pred_right: 43818 pred_wrong:2982 actu_right: 43562 actu_wrong: 3238
2026-07-11 23:54:44,706 P3667910 INFO pr:0.9480  rc:0.8801  auc:0.9930 ap:0.9832 f1: 0.9128 pred_right: 17969 pred_wrong:1231 actu_right: 17874 actu_wrong: 1326
2026-07-11 23:54:44,707 P3667910 INFO ----------------------------------------------------------------------------------------------------
2026-07-11 23:54:44,707 P3667910 INFO 52/300 starting... lr: 0.001 para:0.01886792480945587
2026-07-11 23:54:46,296 P3667910 INFO Epoch 52/300, all_loss:1.37683 cls_loss:1.30089 rec_loss:5.32585 [1.59s]; best loss:1.35068, patience : 1
2026-07-11 23:54:46,979 P3667910 INFO pr:0.9292  rc:0.8868  auc:0.9951 ap:0.9836 f1: 0.9075 pred_right: 43707 pred_wrong:3093 actu_right: 43559 actu_wrong: 3241
2026-07-11 23:54:47,271 P3667910 INFO pr:0.9243  rc:0.8748  auc:0.9918 ap:0.9806 f1: 0.8989 pred_right: 17945 pred_wrong:1255 actu_right: 17874 actu_wrong: 1326
2026-07-11 23:54:47,271 P3667910 INFO ----------------------------------------------------------------------------------------------------
2026-07-11 23:54:47,271 P3667910 INFO 53/300 starting... lr: 0.001 para:0.018518518656492233
2026-07-11 23:54:48,933 P3667910 INFO Epoch 53/300, all_loss:1.52816 cls_loss:1.45588 rec_loss:5.35904 [1.66s]; best loss:1.35068, patience : 2
2026-07-11 23:54:49,604 P3667910 INFO pr:0.9735  rc:0.8500  auc:0.9955 ap:0.9855 f1: 0.9076 pred_right: 43970 pred_wrong:2830 actu_right: 43559 actu_wrong: 3241
2026-07-11 23:54:49,903 P3667910 INFO pr:0.9713  rc:0.8409  auc:0.9922 ap:0.9823 f1: 0.9014 pred_right: 18052 pred_wrong:1148 actu_right: 17874 actu_wrong: 1326
2026-07-11 23:54:49,903 P3667910 INFO ----------------------------------------------------------------------------------------------------
2026-07-11 23:54:49,903 P3667910 INFO 54/300 starting... lr: 0.001 para:0.0181818176060915
2026-07-11 23:54:51,492 P3667910 INFO Epoch 54/300, all_loss:1.24978 cls_loss:1.17333 rec_loss:5.37816 [1.58s]; best loss:1.24978, patience : 0
2026-07-11 23:54:52,182 P3667910 INFO pr:0.9414  rc:0.9377  auc:0.9960 ap:0.9884 f1: 0.9395 pred_right: 43573 pred_wrong:3227 actu_right: 43560 actu_wrong: 3240
2026-07-11 23:54:52,461 P3667910 INFO pr:0.9335  rc:0.9208  auc:0.9929 ap:0.9854 f1: 0.9271 pred_right: 17892 pred_wrong:1308 actu_right: 17874 actu_wrong: 1326
2026-07-11 23:54:52,466 P3667910 INFO ----------------------------------------------------------------------------------------------------
2026-07-11 23:54:52,466 P3667910 INFO 55/300 starting... lr: 0.001 para:0.01785714365541935
2026-07-11 23:54:54,110 P3667910 INFO Epoch 55/300, all_loss:1.27525 cls_loss:1.19903 rec_loss:5.46786 [1.64s]; best loss:1.24978, patience : 1
2026-07-11 23:54:54,674 P3667910 INFO pr:0.9834  rc:0.8229  auc:0.9965 ap:0.9891 f1: 0.8960 pred_right: 44088 pred_wrong:2712 actu_right: 43559 actu_wrong: 3241
2026-07-11 23:54:54,924 P3667910 INFO pr:0.9826  rc:0.8115  auc:0.9943 ap:0.9864 f1: 0.8889 pred_right: 18105 pred_wrong:1095 actu_right: 17874 actu_wrong: 1326
2026-07-11 23:54:54,924 P3667910 INFO ----------------------------------------------------------------------------------------------------
2026-07-11 23:54:54,925 P3667910 INFO 56/300 starting... lr: 0.001 para:0.017543859779834747
2026-07-11 23:54:56,613 P3667910 INFO Epoch 56/300, all_loss:1.21341 cls_loss:1.13682 rec_loss:5.50283 [1.68s]; best loss:1.21341, patience : 0
2026-07-11 23:54:57,277 P3667910 INFO pr:0.9373  rc:0.9410  auc:0.9964 ap:0.9892 f1: 0.9392 pred_right: 43547 pred_wrong:3253 actu_right: 43560 actu_wrong: 3240
2026-07-11 23:54:57,574 P3667910 INFO pr:0.9212  rc:0.9344  auc:0.9955 ap:0.9868 f1: 0.9277 pred_right: 17855 pred_wrong:1345 actu_right: 17874 actu_wrong: 1326
2026-07-11 23:54:57,574 P3667910 INFO ----------------------------------------------------------------------------------------------------
2026-07-11 23:54:57,575 P3667910 INFO 57/300 starting... lr: 0.001 para:0.017241379246115685
2026-07-11 23:54:59,171 P3667910 INFO Epoch 57/300, all_loss:1.22895 cls_loss:1.15253 rec_loss:5.58450 [1.60s]; best loss:1.21341, patience : 1
2026-07-11 23:54:59,887 P3667910 INFO pr:0.8656  rc:0.9589  auc:0.9966 ap:0.9871 f1: 0.9099 pred_right: 43213 pred_wrong:3587 actu_right: 43562 actu_wrong: 3238
2026-07-11 23:55:00,182 P3667910 INFO pr:0.8547  rc:0.9495  auc:0.9954 ap:0.9844 f1: 0.8996 pred_right: 17727 pred_wrong:1473 actu_right: 17874 actu_wrong: 1326
2026-07-11 23:55:00,183 P3667910 INFO ----------------------------------------------------------------------------------------------------
2026-07-11 23:55:00,183 P3667910 INFO 58/300 starting... lr: 0.001 para:0.016949152573943138
2026-07-11 23:55:01,811 P3667910 INFO Epoch 58/300, all_loss:1.21682 cls_loss:1.14014 rec_loss:5.66400 [1.63s]; best loss:1.21341, patience : 1
2026-07-11 23:55:02,496 P3667910 INFO pr:0.9817  rc:0.8804  auc:0.9971 ap:0.9905 f1: 0.9283 pred_right: 43898 pred_wrong:2902 actu_right: 43564 actu_wrong: 3236
2026-07-11 23:55:02,777 P3667910 INFO pr:0.9742  rc:0.8831  auc:0.9964 ap:0.9883 f1: 0.9264 pred_right: 17998 pred_wrong:1202 actu_right: 17874 actu_wrong: 1326
2026-07-11 23:55:02,777 P3667910 INFO ----------------------------------------------------------------------------------------------------
2026-07-11 23:55:02,777 P3667910 INFO 59/300 starting... lr: 0.001 para:0.01666666753590107
2026-07-11 23:55:04,514 P3667910 INFO Epoch 59/300, all_loss:1.12570 cls_loss:1.04728 rec_loss:5.75276 [1.73s]; best loss:1.12570, patience : 0
2026-07-11 23:55:05,118 P3667910 INFO pr:0.9329  rc:0.9441  auc:0.9970 ap:0.9894 f1: 0.9385 pred_right: 43522 pred_wrong:3278 actu_right: 43561 actu_wrong: 3239
2026-07-11 23:55:05,382 P3667910 INFO pr:0.9186  rc:0.9367  auc:0.9965 ap:0.9868 f1: 0.9276 pred_right: 17848 pred_wrong:1352 actu_right: 17874 actu_wrong: 1326
2026-07-11 23:55:05,382 P3667910 INFO ----------------------------------------------------------------------------------------------------
2026-07-11 23:55:05,382 P3667910 INFO 60/300 starting... lr: 0.001 para:0.016393441706895828
2026-07-11 23:55:06,939 P3667910 INFO Epoch 60/300, all_loss:1.11339 cls_loss:1.03448 rec_loss:5.84817 [1.55s]; best loss:1.11339, patience : 0
2026-07-11 23:55:07,625 P3667910 INFO pr:0.9867  rc:0.8679  auc:0.9968 ap:0.9915 f1: 0.9235 pred_right: 43949 pred_wrong:2851 actu_right: 43559 actu_wrong: 3241
2026-07-11 23:55:07,881 P3667910 INFO pr:0.9845  rc:0.8627  auc:0.9944 ap:0.9887 f1: 0.9196 pred_right: 18038 pred_wrong:1162 actu_right: 17874 actu_wrong: 1326
2026-07-11 23:55:07,881 P3667910 INFO ----------------------------------------------------------------------------------------------------
2026-07-11 23:55:07,881 P3667910 INFO 61/300 starting... lr: 0.001 para:0.016129031777381897
2026-07-11 23:55:09,484 P3667910 INFO Epoch 61/300, all_loss:1.17982 cls_loss:1.10345 rec_loss:5.83847 [1.60s]; best loss:1.11339, patience : 1
2026-07-11 23:55:10,174 P3667910 INFO pr:0.9427  rc:0.9464  auc:0.9973 ap:0.9908 f1: 0.9445 pred_right: 43539 pred_wrong:3261 actu_right: 43552 actu_wrong: 3248
2026-07-11 23:55:10,449 P3667910 INFO pr:0.9235  rc:0.9374  auc:0.9966 ap:0.9879 f1: 0.9304 pred_right: 17854 pred_wrong:1346 actu_right: 17874 actu_wrong: 1326
2026-07-11 23:55:10,453 P3667910 INFO ----------------------------------------------------------------------------------------------------
2026-07-11 23:55:10,453 P3667910 INFO 62/300 starting... lr: 0.001 para:0.01587301678955555
2026-07-11 23:55:12,098 P3667910 INFO Epoch 62/300, all_loss:1.08126 cls_loss:1.00357 rec_loss:5.89792 [1.64s]; best loss:1.08126, patience : 0
2026-07-11 23:55:12,802 P3667910 INFO pr:0.9799  rc:0.9030  auc:0.9975 ap:0.9918 f1: 0.9399 pred_right: 43816 pred_wrong:2984 actu_right: 43562 actu_wrong: 3238
2026-07-11 23:55:13,080 P3667910 INFO pr:0.9682  rc:0.8944  auc:0.9968 ap:0.9893 f1: 0.9298 pred_right: 17975 pred_wrong:1225 actu_right: 17874 actu_wrong: 1326
2026-07-11 23:55:13,080 P3667910 INFO ----------------------------------------------------------------------------------------------------
2026-07-11 23:55:13,080 P3667910 INFO 63/300 starting... lr: 0.001 para:0.015625
2026-07-11 23:55:14,783 P3667910 INFO Epoch 63/300, all_loss:0.99160 cls_loss:0.91312 rec_loss:5.93586 [1.70s]; best loss:0.99160, patience : 0
2026-07-11 23:55:15,490 P3667910 INFO pr:0.9236  rc:0.9660  auc:0.9973 ap:0.9914 f1: 0.9443 pred_right: 43411 pred_wrong:3389 actu_right: 43560 actu_wrong: 3240
2026-07-11 23:55:15,767 P3667910 INFO pr:0.9148  rc:0.9555  auc:0.9966 ap:0.9899 f1: 0.9347 pred_right: 17815 pred_wrong:1385 actu_right: 17874 actu_wrong: 1326
2026-07-11 23:55:15,767 P3667910 INFO ----------------------------------------------------------------------------------------------------
2026-07-11 23:55:15,767 P3667910 INFO 64/300 starting... lr: 0.001 para:0.015384615398943424
2026-07-11 23:55:17,317 P3667910 INFO Epoch 64/300, all_loss:1.06911 cls_loss:0.99199 rec_loss:6.00504 [1.55s]; best loss:0.99160, patience : 1
2026-07-11 23:55:17,934 P3667910 INFO pr:0.9599  rc:0.9238  auc:0.9970 ap:0.9907 f1: 0.9415 pred_right: 43679 pred_wrong:3121 actu_right: 43557 actu_wrong: 3243
2026-07-11 23:55:18,203 P3667910 INFO pr:0.9504  rc:0.9110  auc:0.9960 ap:0.9882 f1: 0.9303 pred_right: 17929 pred_wrong:1271 actu_right: 17874 actu_wrong: 1326
2026-07-11 23:55:18,203 P3667910 INFO ----------------------------------------------------------------------------------------------------
2026-07-11 23:55:18,203 P3667910 INFO 65/300 starting... lr: 0.001 para:0.01515151560306549
2026-07-11 23:55:19,830 P3667910 INFO Epoch 65/300, all_loss:0.98474 cls_loss:0.90731 rec_loss:6.01740 [1.62s]; best loss:0.98474, patience : 0
2026-07-11 23:55:20,511 P3667910 INFO pr:0.9798  rc:0.9008  auc:0.9974 ap:0.9919 f1: 0.9387 pred_right: 43824 pred_wrong:2976 actu_right: 43563 actu_wrong: 3237
2026-07-11 23:55:20,788 P3667910 INFO pr:0.9736  rc:0.8891  auc:0.9964 ap:0.9904 f1: 0.9294 pred_right: 17989 pred_wrong:1211 actu_right: 17874 actu_wrong: 1326
2026-07-11 23:55:20,788 P3667910 INFO ----------------------------------------------------------------------------------------------------
2026-07-11 23:55:20,788 P3667910 INFO 66/300 starting... lr: 0.001 para:0.014925372786819935
2026-07-11 23:55:22,400 P3667910 INFO Epoch 66/300, all_loss:0.98670 cls_loss:0.90844 rec_loss:6.15170 [1.61s]; best loss:0.98474, patience : 1
2026-07-11 23:55:23,025 P3667910 INFO pr:0.9808  rc:0.9297  auc:0.9976 ap:0.9930 f1: 0.9545 pred_right: 43728 pred_wrong:3072 actu_right: 43559 actu_wrong: 3241
2026-07-11 23:55:23,311 P3667910 INFO pr:0.9736  rc:0.9193  auc:0.9969 ap:0.9915 f1: 0.9457 pred_right: 17948 pred_wrong:1252 actu_right: 17874 actu_wrong: 1326
2026-07-11 23:55:23,316 P3667910 INFO ----------------------------------------------------------------------------------------------------
2026-07-11 23:55:23,316 P3667910 INFO 67/300 starting... lr: 0.001 para:0.014705882407724857
2026-07-11 23:55:24,835 P3667910 INFO Epoch 67/300, all_loss:0.91740 cls_loss:0.83868 rec_loss:6.19170 [1.52s]; best loss:0.91740, patience : 0
2026-07-11 23:55:25,418 P3667910 INFO pr:0.9698  rc:0.9432  auc:0.9975 ap:0.9927 f1: 0.9563 pred_right: 43651 pred_wrong:3149 actu_right: 43562 actu_wrong: 3238
2026-07-11 23:55:25,668 P3667910 INFO pr:0.9615  rc:0.9231  auc:0.9959 ap:0.9903 f1: 0.9419 pred_right: 17927 pred_wrong:1273 actu_right: 17874 actu_wrong: 1326
2026-07-11 23:55:25,672 P3667910 INFO ----------------------------------------------------------------------------------------------------
2026-07-11 23:55:25,672 P3667910 INFO 68/300 starting... lr: 0.001 para:0.014492753893136978
2026-07-11 23:55:27,272 P3667910 INFO Epoch 68/300, all_loss:0.91764 cls_loss:0.83950 rec_loss:6.23094 [1.60s]; best loss:0.91740, patience : 1
2026-07-11 23:55:27,897 P3667910 INFO pr:0.9600  rc:0.9488  auc:0.9975 ap:0.9926 f1: 0.9544 pred_right: 43597 pred_wrong:3203 actu_right: 43559 actu_wrong: 3241
2026-07-11 23:55:28,161 P3667910 INFO pr:0.9505  rc:0.9419  auc:0.9970 ap:0.9916 f1: 0.9462 pred_right: 17886 pred_wrong:1314 actu_right: 17874 actu_wrong: 1326
2026-07-11 23:55:28,162 P3667910 INFO ----------------------------------------------------------------------------------------------------
2026-07-11 23:55:28,162 P3667910 INFO 69/300 starting... lr: 0.001 para:0.014285714365541935
2026-07-11 23:55:29,768 P3667910 INFO Epoch 69/300, all_loss:0.93707 cls_loss:0.86015 rec_loss:6.24472 [1.61s]; best loss:0.91740, patience : 2
2026-07-11 23:55:30,366 P3667910 INFO pr:0.9553  rc:0.9367  auc:0.9973 ap:0.9915 f1: 0.9459 pred_right: 43623 pred_wrong:3177 actu_right: 43560 actu_wrong: 3240
2026-07-11 23:55:30,611 P3667910 INFO pr:0.9461  rc:0.9261  auc:0.9949 ap:0.9879 f1: 0.9360 pred_right: 17902 pred_wrong:1298 actu_right: 17874 actu_wrong: 1326
2026-07-11 23:55:30,611 P3667910 INFO ----------------------------------------------------------------------------------------------------
2026-07-11 23:55:30,611 P3667910 INFO 70/300 starting... lr: 0.001 para:0.014084506779909134
2026-07-11 23:55:32,188 P3667910 INFO Epoch 70/300, all_loss:0.97294 cls_loss:0.89689 rec_loss:6.29618 [1.58s]; best loss:0.91740, patience : 3
2026-07-11 23:55:32,894 P3667910 INFO pr:0.9557  rc:0.9392  auc:0.9971 ap:0.9913 f1: 0.9474 pred_right: 43614 pred_wrong:3186 actu_right: 43558 actu_wrong: 3242
2026-07-11 23:55:33,193 P3667910 INFO pr:0.9412  rc:0.9178  auc:0.9942 ap:0.9882 f1: 0.9294 pred_right: 17907 pred_wrong:1293 actu_right: 17874 actu_wrong: 1326
2026-07-11 23:55:33,194 P3667910 INFO ----------------------------------------------------------------------------------------------------
2026-07-11 23:55:33,194 P3667910 INFO 71/300 starting... lr: 0.001 para:0.013888888992369175
2026-07-11 23:55:34,963 P3667910 INFO Epoch 71/300, all_loss:0.92411 cls_loss:0.84765 rec_loss:6.35318 [1.77s]; best loss:0.91740, patience : 3
2026-07-11 23:55:35,674 P3667910 INFO pr:0.9486  rc:0.9624  auc:0.9973 ap:0.9926 f1: 0.9555 pred_right: 43510 pred_wrong:3290 actu_right: 43557 actu_wrong: 3243
2026-07-11 23:55:35,965 P3667910 INFO pr:0.9402  rc:0.9487  auc:0.9947 ap:0.9900 f1: 0.9444 pred_right: 17862 pred_wrong:1338 actu_right: 17874 actu_wrong: 1326
2026-07-11 23:55:35,965 P3667910 INFO ----------------------------------------------------------------------------------------------------
2026-07-11 23:55:35,965 P3667910 INFO 72/300 starting... lr: 0.001 para:0.013698630034923553
2026-07-11 23:55:38,877 P3667910 INFO Epoch 72/300, all_loss:0.84017 cls_loss:0.76386 rec_loss:6.33475 [2.91s]; best loss:0.84017, patience : 0
2026-07-11 23:55:39,358 P3667910 INFO pr:0.9617  rc:0.9439  auc:0.9977 ap:0.9931 f1: 0.9527 pred_right: 43616 pred_wrong:3184 actu_right: 43556 actu_wrong: 3244
2026-07-11 23:55:39,567 P3667910 INFO pr:0.9513  rc:0.9276  auc:0.9966 ap:0.9904 f1: 0.9393 pred_right: 17907 pred_wrong:1293 actu_right: 17874 actu_wrong: 1326
2026-07-11 23:55:39,567 P3667910 INFO ----------------------------------------------------------------------------------------------------
2026-07-11 23:55:39,567 P3667910 INFO 73/300 starting... lr: 0.001 para:0.013513513840734959
2026-07-11 23:55:40,782 P3667910 INFO Epoch 73/300, all_loss:0.87036 cls_loss:0.79468 rec_loss:6.39474 [1.21s]; best loss:0.84017, patience : 1
2026-07-11 23:55:41,264 P3667910 INFO pr:0.9801  rc:0.9426  auc:0.9979 ap:0.9939 f1: 0.9610 pred_right: 43684 pred_wrong:3116 actu_right: 43560 actu_wrong: 3240
2026-07-11 23:55:41,466 P3667910 INFO pr:0.9724  rc:0.9291  auc:0.9966 ap:0.9925 f1: 0.9503 pred_right: 17933 pred_wrong:1267 actu_right: 17874 actu_wrong: 1326
2026-07-11 23:55:41,470 P3667910 INFO ----------------------------------------------------------------------------------------------------
2026-07-11 23:55:41,470 P3667910 INFO 74/300 starting... lr: 0.001 para:0.013333333656191826
2026-07-11 23:55:42,689 P3667910 INFO Epoch 74/300, all_loss:0.87232 cls_loss:0.79664 rec_loss:6.47325 [1.22s]; best loss:0.84017, patience : 2
2026-07-11 23:55:43,200 P3667910 INFO pr:0.9099  rc:0.9698  auc:0.9973 ap:0.9910 f1: 0.9389 pred_right: 43339 pred_wrong:3461 actu_right: 43553 actu_wrong: 3247
2026-07-11 23:55:43,410 P3667910 INFO pr:0.8968  rc:0.9630  auc:0.9962 ap:0.9881 f1: 0.9287 pred_right: 17776 pred_wrong:1424 actu_right: 17874 actu_wrong: 1326
2026-07-11 23:55:43,410 P3667910 INFO ----------------------------------------------------------------------------------------------------
2026-07-11 23:55:43,410 P3667910 INFO 75/300 starting... lr: 0.001 para:0.01315789483487606
2026-07-11 23:55:44,805 P3667910 INFO Epoch 75/300, all_loss:0.93300 cls_loss:0.85796 rec_loss:6.56093 [1.39s]; best loss:0.84017, patience : 3
2026-07-11 23:55:45,354 P3667910 INFO pr:0.9709  rc:0.9565  auc:0.9977 ap:0.9940 f1: 0.9636 pred_right: 43606 pred_wrong:3194 actu_right: 43558 actu_wrong: 3242
2026-07-11 23:55:45,588 P3667910 INFO pr:0.9652  rc:0.9404  auc:0.9948 ap:0.9909 f1: 0.9526 pred_right: 17908 pred_wrong:1292 actu_right: 17874 actu_wrong: 1326
2026-07-11 23:55:45,592 P3667910 INFO ----------------------------------------------------------------------------------------------------
2026-07-11 23:55:45,592 P3667910 INFO 76/300 starting... lr: 0.001 para:0.012987012974917889
2026-07-11 23:55:47,061 P3667910 INFO Epoch 76/300, all_loss:0.81020 cls_loss:0.73476 rec_loss:6.54386 [1.47s]; best loss:0.81020, patience : 0
2026-07-11 23:55:47,628 P3667910 INFO pr:0.9772  rc:0.9379  auc:0.9978 ap:0.9940 f1: 0.9571 pred_right: 43692 pred_wrong:3108 actu_right: 43562 actu_wrong: 3238
2026-07-11 23:55:47,896 P3667910 INFO pr:0.9609  rc:0.9261  auc:0.9950 ap:0.9898 f1: 0.9432 pred_right: 17922 pred_wrong:1278 actu_right: 17874 actu_wrong: 1326
2026-07-11 23:55:47,897 P3667910 INFO ----------------------------------------------------------------------------------------------------
2026-07-11 23:55:47,897 P3667910 INFO 77/300 starting... lr: 0.001 para:0.012820512987673283
2026-07-11 23:55:49,500 P3667910 INFO Epoch 77/300, all_loss:0.83126 cls_loss:0.75689 rec_loss:6.55754 [1.60s]; best loss:0.81020, patience : 1
2026-07-11 23:55:50,037 P3667910 INFO pr:0.9712  rc:0.9382  auc:0.9978 ap:0.9933 f1: 0.9544 pred_right: 43672 pred_wrong:3128 actu_right: 43562 actu_wrong: 3238
2026-07-11 23:55:50,264 P3667910 INFO pr:0.9626  rc:0.9314  auc:0.9969 ap:0.9909 f1: 0.9467 pred_right: 17917 pred_wrong:1283 actu_right: 17874 actu_wrong: 1326
2026-07-11 23:55:50,265 P3667910 INFO ----------------------------------------------------------------------------------------------------
2026-07-11 23:55:50,265 P3667910 INFO 78/300 starting... lr: 0.001 para:0.012658228166401386
2026-07-11 23:55:53,084 P3667910 INFO Epoch 78/300, all_loss:0.77780 cls_loss:0.70273 rec_loss:6.63271 [2.81s]; best loss:0.77780, patience : 0
2026-07-11 23:55:55,812 P3667910 INFO pr:0.9806  rc:0.9062  auc:0.9976 ap:0.9931 f1: 0.9419 pred_right: 43806 pred_wrong:2994 actu_right: 43560 actu_wrong: 3240
2026-07-11 23:55:56,336 P3667910 INFO pr:0.9680  rc:0.8891  auc:0.9957 ap:0.9900 f1: 0.9269 pred_right: 17982 pred_wrong:1218 actu_right: 17874 actu_wrong: 1326
2026-07-11 23:55:56,337 P3667910 INFO ----------------------------------------------------------------------------------------------------
2026-07-11 23:55:56,337 P3667910 INFO 79/300 starting... lr: 0.001 para:0.012500000186264515
2026-07-11 23:56:00,644 P3667910 INFO Epoch 79/300, all_loss:0.74940 cls_loss:0.67350 rec_loss:6.74548 [4.30s]; best loss:0.74940, patience : 0
2026-07-11 23:56:01,758 P3667910 INFO pr:0.9686  rc:0.9599  auc:0.9978 ap:0.9944 f1: 0.9642 pred_right: 43586 pred_wrong:3214 actu_right: 43557 actu_wrong: 3243
2026-07-11 23:56:02,830 P3667910 INFO pr:0.9595  rc:0.9472  auc:0.9963 ap:0.9916 f1: 0.9533 pred_right: 17891 pred_wrong:1309 actu_right: 17874 actu_wrong: 1326
2026-07-11 23:56:02,836 P3667910 INFO ----------------------------------------------------------------------------------------------------
2026-07-11 23:56:02,836 P3667910 INFO 80/300 starting... lr: 0.001 para:0.012345679104328156
2026-07-11 23:56:05,435 P3667910 INFO Epoch 80/300, all_loss:0.71688 cls_loss:0.64171 rec_loss:6.73076 [2.59s]; best loss:0.71688, patience : 0
2026-07-11 23:56:06,234 P3667910 INFO pr:0.9851  rc:0.9166  auc:0.9976 ap:0.9937 f1: 0.9496 pred_right: 43787 pred_wrong:3013 actu_right: 43562 actu_wrong: 3238
2026-07-11 23:56:06,562 P3667910 INFO pr:0.9804  rc:0.9042  auc:0.9958 ap:0.9910 f1: 0.9408 pred_right: 17977 pred_wrong:1223 actu_right: 17874 actu_wrong: 1326
2026-07-11 23:56:06,562 P3667910 INFO ----------------------------------------------------------------------------------------------------
2026-07-11 23:56:06,563 P3667910 INFO 81/300 starting... lr: 0.001 para:0.012195121496915817
2026-07-11 23:56:08,309 P3667910 INFO Epoch 81/300, all_loss:0.78681 cls_loss:0.71262 rec_loss:6.79623 [1.75s]; best loss:0.71688, patience : 1
2026-07-11 23:56:09,008 P3667910 INFO pr:0.9607  rc:0.9663  auc:0.9980 ap:0.9943 f1: 0.9635 pred_right: 43544 pred_wrong:3256 actu_right: 43563 actu_wrong: 3237
2026-07-11 23:56:09,284 P3667910 INFO pr:0.9439  rc:0.9517  auc:0.9970 ap:0.9913 f1: 0.9478 pred_right: 17863 pred_wrong:1337 actu_right: 17874 actu_wrong: 1326
2026-07-11 23:56:09,284 P3667910 INFO ----------------------------------------------------------------------------------------------------
2026-07-11 23:56:09,292 P3667910 INFO 82/300 starting... lr: 0.001 para:0.012048192322254181
2026-07-11 23:56:10,958 P3667910 INFO Epoch 82/300, all_loss:0.76346 cls_loss:0.68955 rec_loss:6.82404 [1.67s]; best loss:0.71688, patience : 1
2026-07-11 23:56:11,549 P3667910 INFO pr:0.9650  rc:0.9447  auc:0.9976 ap:0.9931 f1: 0.9547 pred_right: 43631 pred_wrong:3169 actu_right: 43563 actu_wrong: 3237
2026-07-11 23:56:11,799 P3667910 INFO pr:0.9585  rc:0.9238  auc:0.9958 ap:0.9891 f1: 0.9409 pred_right: 17922 pred_wrong:1278 actu_right: 17874 actu_wrong: 1326
2026-07-11 23:56:11,799 P3667910 INFO ----------------------------------------------------------------------------------------------------
2026-07-11 23:56:11,799 P3667910 INFO 83/300 starting... lr: 0.001 para:0.011904762126505375
2026-07-11 23:56:13,473 P3667910 INFO Epoch 83/300, all_loss:0.75290 cls_loss:0.67937 rec_loss:6.85613 [1.67s]; best loss:0.71688, patience : 1
2026-07-11 23:56:14,058 P3667910 INFO pr:0.9607  rc:0.9349  auc:0.9973 ap:0.9910 f1: 0.9476 pred_right: 43648 pred_wrong:3152 actu_right: 43561 actu_wrong: 3239
2026-07-11 23:56:14,336 P3667910 INFO pr:0.9460  rc:0.9253  auc:0.9966 ap:0.9881 f1: 0.9356 pred_right: 17903 pred_wrong:1297 actu_right: 17874 actu_wrong: 1326
2026-07-11 23:56:14,337 P3667910 INFO ----------------------------------------------------------------------------------------------------
2026-07-11 23:56:14,344 P3667910 INFO 84/300 starting... lr: 0.001 para:0.0117647061124444
2026-07-11 23:56:15,961 P3667910 INFO Epoch 84/300, all_loss:0.83227 cls_loss:0.75974 rec_loss:6.92480 [1.62s]; best loss:0.71688, patience : 2
2026-07-11 23:56:16,545 P3667910 INFO pr:0.9510  rc:0.9590  auc:0.9976 ap:0.9907 f1: 0.9550 pred_right: 43533 pred_wrong:3267 actu_right: 43560 actu_wrong: 3240
2026-07-11 23:56:16,795 P3667910 INFO pr:0.9371  rc:0.9442  auc:0.9967 ap:0.9900 f1: 0.9406 pred_right: 17864 pred_wrong:1336 actu_right: 17874 actu_wrong: 1326
2026-07-11 23:56:16,795 P3667910 INFO ----------------------------------------------------------------------------------------------------
2026-07-11 23:56:16,795 P3667910 INFO 85/300 starting... lr: 0.001 para:0.011627906933426857
2026-07-11 23:56:18,364 P3667910 INFO Epoch 85/300, all_loss:0.76439 cls_loss:0.69224 rec_loss:6.89728 [1.57s]; best loss:0.71688, patience : 2
2026-07-11 23:56:19,031 P3667910 INFO pr:0.9846  rc:0.9250  auc:0.9979 ap:0.9942 f1: 0.9538 pred_right: 43757 pred_wrong:3043 actu_right: 43561 actu_wrong: 3239
2026-07-11 23:56:19,297 P3667910 INFO pr:0.9804  rc:0.9072  auc:0.9958 ap:0.9914 f1: 0.9424 pred_right: 17973 pred_wrong:1227 actu_right: 17874 actu_wrong: 1326
2026-07-11 23:56:19,298 P3667910 INFO ----------------------------------------------------------------------------------------------------
2026-07-11 23:56:19,298 P3667910 INFO 86/300 starting... lr: 0.001 para:0.01149425283074379
2026-07-11 23:56:20,909 P3667910 INFO Epoch 86/300, all_loss:0.81022 cls_loss:0.73854 rec_loss:6.97497 [1.61s]; best loss:0.71688, patience : 3
2026-07-11 23:56:21,580 P3667910 INFO pr:0.9748  rc:0.9422  auc:0.9971 ap:0.9927 f1: 0.9582 pred_right: 43670 pred_wrong:3130 actu_right: 43562 actu_wrong: 3238
2026-07-11 23:56:21,865 P3667910 INFO pr:0.9688  rc:0.9118  auc:0.9947 ap:0.9899 f1: 0.9394 pred_right: 17952 pred_wrong:1248 actu_right: 17874 actu_wrong: 1326
2026-07-11 23:56:21,865 P3667910 INFO ----------------------------------------------------------------------------------------------------
2026-07-11 23:56:21,865 P3667910 INFO 87/300 starting... lr: 0.001 para:0.011363636702299118
2026-07-11 23:56:23,509 P3667910 INFO Epoch 87/300, all_loss:0.75862 cls_loss:0.68768 rec_loss:6.93006 [1.64s]; best loss:0.71688, patience : 3
2026-07-11 23:56:24,211 P3667910 INFO pr:0.9545  rc:0.9707  auc:0.9977 ap:0.9942 f1: 0.9625 pred_right: 43506 pred_wrong:3294 actu_right: 43561 actu_wrong: 3239
2026-07-11 23:56:24,494 P3667910 INFO pr:0.9375  rc:0.9608  auc:0.9959 ap:0.9912 f1: 0.9490 pred_right: 17841 pred_wrong:1359 actu_right: 17874 actu_wrong: 1326
2026-07-11 23:56:24,494 P3667910 INFO ----------------------------------------------------------------------------------------------------
2026-07-11 23:56:24,494 P3667910 INFO 88/300 starting... lr: 0.001 para:0.01123595517128706
2026-07-11 23:56:26,153 P3667910 INFO Epoch 88/300, all_loss:0.66694 cls_loss:0.59582 rec_loss:6.92536 [1.65s]; best loss:0.66694, patience : 0
2026-07-11 23:56:26,894 P3667910 INFO pr:0.9580  rc:0.9639  auc:0.9977 ap:0.9929 f1: 0.9609 pred_right: 43540 pred_wrong:3260 actu_right: 43560 actu_wrong: 3240
2026-07-11 23:56:27,176 P3667910 INFO pr:0.9432  rc:0.9510  auc:0.9962 ap:0.9900 f1: 0.9471 pred_right: 17863 pred_wrong:1337 actu_right: 17874 actu_wrong: 1326
2026-07-11 23:56:27,176 P3667910 INFO ----------------------------------------------------------------------------------------------------
2026-07-11 23:56:27,176 P3667910 INFO 89/300 starting... lr: 0.001 para:0.011111111380159855
2026-07-11 23:56:28,712 P3667910 INFO Epoch 89/300, all_loss:0.64951 cls_loss:0.57765 rec_loss:7.04545 [1.53s]; best loss:0.64951, patience : 0
2026-07-11 23:56:29,310 P3667910 INFO pr:0.9825  rc:0.9527  auc:0.9980 ap:0.9951 f1: 0.9674 pred_right: 43660 pred_wrong:3140 actu_right: 43562 actu_wrong: 3238
2026-07-11 23:56:29,578 P3667910 INFO pr:0.9682  rc:0.9404  auc:0.9955 ap:0.9910 f1: 0.9541 pred_right: 17912 pred_wrong:1288 actu_right: 17874 actu_wrong: 1326
2026-07-11 23:56:29,583 P3667910 INFO ----------------------------------------------------------------------------------------------------
2026-07-11 23:56:29,583 P3667910 INFO 90/300 starting... lr: 0.001 para:0.010989011265337467
2026-07-11 23:56:31,165 P3667910 INFO Epoch 90/300, all_loss:0.68265 cls_loss:0.61185 rec_loss:7.05485 [1.58s]; best loss:0.64951, patience : 1
2026-07-11 23:56:31,754 P3667910 INFO pr:0.9588  rc:0.9340  auc:0.9971 ap:0.9917 f1: 0.9462 pred_right: 43644 pred_wrong:3156 actu_right: 43560 actu_wrong: 3240
2026-07-11 23:56:32,013 P3667910 INFO pr:0.9486  rc:0.9178  auc:0.9943 ap:0.9876 f1: 0.9329 pred_right: 17917 pred_wrong:1283 actu_right: 17874 actu_wrong: 1326
2026-07-11 23:56:32,013 P3667910 INFO ----------------------------------------------------------------------------------------------------
2026-07-11 23:56:32,013 P3667910 INFO 91/300 starting... lr: 0.001 para:0.010869565419852734
2026-07-11 23:56:33,584 P3667910 INFO Epoch 91/300, all_loss:0.68583 cls_loss:0.61605 rec_loss:7.03617 [1.57s]; best loss:0.64951, patience : 2
2026-07-11 23:56:34,255 P3667910 INFO pr:0.9855  rc:0.9444  auc:0.9979 ap:0.9951 f1: 0.9645 pred_right: 43697 pred_wrong:3103 actu_right: 43562 actu_wrong: 3238
2026-07-11 23:56:34,490 P3667910 INFO pr:0.9815  rc:0.9223  auc:0.9950 ap:0.9914 f1: 0.9510 pred_right: 17954 pred_wrong:1246 actu_right: 17874 actu_wrong: 1326
2026-07-11 23:56:34,490 P3667910 INFO ----------------------------------------------------------------------------------------------------
2026-07-11 23:56:34,490 P3667910 INFO 92/300 starting... lr: 0.001 para:0.01075268816202879
2026-07-11 23:56:36,074 P3667910 INFO Epoch 92/300, all_loss:0.67360 cls_loss:0.60310 rec_loss:7.15967 [1.58s]; best loss:0.64951, patience : 2
2026-07-11 23:56:36,735 P3667910 INFO pr:0.9695  rc:0.9713  auc:0.9979 ap:0.9952 f1: 0.9704 pred_right: 43553 pred_wrong:3247 actu_right: 43559 actu_wrong: 3241
2026-07-11 23:56:37,019 P3667910 INFO pr:0.9550  rc:0.9608  auc:0.9950 ap:0.9907 f1: 0.9579 pred_right: 17866 pred_wrong:1334 actu_right: 17874 actu_wrong: 1326
2026-07-11 23:56:37,024 P3667910 INFO ----------------------------------------------------------------------------------------------------
2026-07-11 23:56:37,024 P3667910 INFO 93/300 starting... lr: 0.001 para:0.010638297535479069
2026-07-11 23:56:38,692 P3667910 INFO Epoch 93/300, all_loss:0.72258 cls_loss:0.65363 rec_loss:7.13424 [1.67s]; best loss:0.64951, patience : 3
2026-07-11 23:56:39,412 P3667910 INFO pr:0.9768  rc:0.9608  auc:0.9975 ap:0.9945 f1: 0.9687 pred_right: 43613 pred_wrong:3187 actu_right: 43560 actu_wrong: 3240
2026-07-11 23:56:39,678 P3667910 INFO pr:0.9681  rc:0.9389  auc:0.9942 ap:0.9910 f1: 0.9533 pred_right: 17914 pred_wrong:1286 actu_right: 17874 actu_wrong: 1326
2026-07-11 23:56:39,678 P3667910 INFO ----------------------------------------------------------------------------------------------------
2026-07-11 23:56:39,678 P3667910 INFO 94/300 starting... lr: 0.001 para:0.010526316240429878
2026-07-11 23:56:41,328 P3667910 INFO Epoch 94/300, all_loss:0.61880 cls_loss:0.54898 rec_loss:7.18266 [1.65s]; best loss:0.61880, patience : 0
2026-07-11 23:56:41,944 P3667910 INFO pr:0.9668  rc:0.9608  auc:0.9978 ap:0.9945 f1: 0.9638 pred_right: 43581 pred_wrong:3219 actu_right: 43561 actu_wrong: 3239
2026-07-11 23:56:42,195 P3667910 INFO pr:0.9523  rc:0.9480  auc:0.9949 ap:0.9905 f1: 0.9501 pred_right: 17880 pred_wrong:1320 actu_right: 17874 actu_wrong: 1326
2026-07-11 23:56:42,196 P3667910 INFO ----------------------------------------------------------------------------------------------------
2026-07-11 23:56:42,196 P3667910 INFO 95/300 starting... lr: 0.001 para:0.010416666977107525
2026-07-11 23:56:43,747 P3667910 INFO Epoch 95/300, all_loss:0.64507 cls_loss:0.57608 rec_loss:7.19918 [1.55s]; best loss:0.61880, patience : 1
2026-07-11 23:56:44,349 P3667910 INFO pr:0.9757  rc:0.9438  auc:0.9972 ap:0.9943 f1: 0.9595 pred_right: 43667 pred_wrong:3133 actu_right: 43561 actu_wrong: 3239
2026-07-11 23:56:44,608 P3667910 INFO pr:0.9799  rc:0.9201  auc:0.9937 ap:0.9910 f1: 0.9490 pred_right: 17955 pred_wrong:1245 actu_right: 17874 actu_wrong: 1326
2026-07-11 23:56:44,608 P3667910 INFO ----------------------------------------------------------------------------------------------------
2026-07-11 23:56:44,608 P3667910 INFO 96/300 starting... lr: 0.001 para:0.010309278033673763
2026-07-11 23:56:46,174 P3667910 INFO Epoch 96/300, all_loss:0.62964 cls_loss:0.56057 rec_loss:7.25973 [1.56s]; best loss:0.61880, patience : 1
2026-07-11 23:56:46,817 P3667910 INFO pr:0.9801  rc:0.9580  auc:0.9980 ap:0.9957 f1: 0.9689 pred_right: 43634 pred_wrong:3166 actu_right: 43561 actu_wrong: 3239
2026-07-11 23:56:47,053 P3667910 INFO pr:0.9767  rc:0.9472  auc:0.9954 ap:0.9928 f1: 0.9617 pred_right: 17914 pred_wrong:1286 actu_right: 17874 actu_wrong: 1326
2026-07-11 23:56:47,053 P3667910 INFO ----------------------------------------------------------------------------------------------------
2026-07-11 23:56:47,053 P3667910 INFO 97/300 starting... lr: 0.001 para:0.010204081423580647
2026-07-11 23:56:48,626 P3667910 INFO Epoch 97/300, all_loss:0.57050 cls_loss:0.50090 rec_loss:7.32117 [1.57s]; best loss:0.57050, patience : 0
2026-07-11 23:56:49,220 P3667910 INFO pr:0.9829  rc:0.9544  auc:0.9981 ap:0.9957 f1: 0.9684 pred_right: 43651 pred_wrong:3149 actu_right: 43557 actu_wrong: 3243
2026-07-11 23:56:49,460 P3667910 INFO pr:0.9750  rc:0.9404  auc:0.9956 ap:0.9923 f1: 0.9574 pred_right: 17921 pred_wrong:1279 actu_right: 17874 actu_wrong: 1326
2026-07-11 23:56:49,461 P3667910 INFO ----------------------------------------------------------------------------------------------------
2026-07-11 23:56:49,461 P3667910 INFO 98/300 starting... lr: 0.001 para:0.010101010091602802
2026-07-11 23:56:51,066 P3667910 INFO Epoch 98/300, all_loss:0.58266 cls_loss:0.51347 rec_loss:7.36294 [1.60s]; best loss:0.57050, patience : 1
2026-07-11 23:56:51,734 P3667910 INFO pr:0.9501  rc:0.9741  auc:0.9977 ap:0.9922 f1: 0.9619 pred_right: 43475 pred_wrong:3325 actu_right: 43557 actu_wrong: 3243
2026-07-11 23:56:52,007 P3667910 INFO pr:0.9416  rc:0.9608  auc:0.9958 ap:0.9905 f1: 0.9511 pred_right: 17847 pred_wrong:1353 actu_right: 17874 actu_wrong: 1326
2026-07-11 23:56:52,007 P3667910 INFO ----------------------------------------------------------------------------------------------------
2026-07-11 23:56:52,008 P3667910 INFO 99/300 starting... lr: 0.001 para:0.01
2026-07-11 23:56:53,624 P3667910 INFO Epoch 99/300, all_loss:0.69699 cls_loss:0.62842 rec_loss:7.48628 [1.62s]; best loss:0.57050, patience : 2
2026-07-11 23:56:54,325 P3667910 INFO pr:0.9768  rc:0.9325  auc:0.9980 ap:0.9947 f1: 0.9541 pred_right: 43702 pred_wrong:3098 actu_right: 43555 actu_wrong: 3245
2026-07-11 23:56:54,624 P3667910 INFO pr:0.9736  rc:0.9163  auc:0.9949 ap:0.9913 f1: 0.9441 pred_right: 17952 pred_wrong:1248 actu_right: 17874 actu_wrong: 1326
2026-07-11 23:56:54,625 P3667910 INFO ----------------------------------------------------------------------------------------------------
2026-07-11 23:56:54,625 P3667910 INFO 100/300 starting... lr: 0.0009000000000000001 para:0.01
2026-07-11 23:56:56,248 P3667910 INFO Epoch 100/300, all_loss:0.66436 cls_loss:0.59596 rec_loss:7.43547 [1.62s]; best loss:0.57050, patience : 2
2026-07-11 23:56:56,971 P3667910 INFO pr:0.9535  rc:0.9738  auc:0.9979 ap:0.9951 f1: 0.9635 pred_right: 43490 pred_wrong:3310 actu_right: 43559 actu_wrong: 3241
2026-07-11 23:56:57,230 P3667910 INFO pr:0.9451  rc:0.9600  auc:0.9947 ap:0.9915 f1: 0.9525 pred_right: 17853 pred_wrong:1347 actu_right: 17874 actu_wrong: 1326
2026-07-11 23:56:57,230 P3667910 INFO ----------------------------------------------------------------------------------------------------
2026-07-11 23:56:57,230 P3667910 INFO 101/300 starting... lr: 0.0009000000000000001 para:0.01
2026-07-11 23:56:58,837 P3667910 INFO Epoch 101/300, all_loss:0.60113 cls_loss:0.53171 rec_loss:7.47410 [1.61s]; best loss:0.57050, patience : 2
2026-07-11 23:56:59,423 P3667910 INFO pr:0.9790  rc:0.9630  auc:0.9979 ap:0.9945 f1: 0.9709 pred_right: 43611 pred_wrong:3189 actu_right: 43558 actu_wrong: 3242
2026-07-11 23:56:59,667 P3667910 INFO pr:0.9759  rc:0.9472  auc:0.9951 ap:0.9926 f1: 0.9613 pred_right: 17913 pred_wrong:1287 actu_right: 17874 actu_wrong: 1326
2026-07-11 23:56:59,672 P3667910 INFO ----------------------------------------------------------------------------------------------------
2026-07-11 23:56:59,672 P3667910 INFO 102/300 starting... lr: 0.0009000000000000001 para:0.01
2026-07-11 23:57:01,302 P3667910 INFO Epoch 102/300, all_loss:0.57138 cls_loss:0.50166 rec_loss:7.47355 [1.63s]; best loss:0.57050, patience : 2
2026-07-11 23:57:01,990 P3667910 INFO pr:0.9657  rc:0.9657  auc:0.9980 ap:0.9931 f1: 0.9657 pred_right: 43562 pred_wrong:3238 actu_right: 43562 actu_wrong: 3238
2026-07-11 23:57:02,234 P3667910 INFO pr:0.9546  rc:0.9517  auc:0.9971 ap:0.9910 f1: 0.9532 pred_right: 17878 pred_wrong:1322 actu_right: 17874 actu_wrong: 1326
2026-07-11 23:57:02,235 P3667910 INFO ----------------------------------------------------------------------------------------------------
2026-07-11 23:57:02,235 P3667910 INFO 103/300 starting... lr: 0.0009000000000000001 para:0.01
2026-07-11 23:57:03,925 P3667910 INFO Epoch 103/300, all_loss:0.56124 cls_loss:0.48969 rec_loss:7.64457 [1.69s]; best loss:0.56124, patience : 0
2026-07-11 23:57:04,610 P3667910 INFO pr:0.9632  rc:0.9769  auc:0.9977 ap:0.9942 f1: 0.9700 pred_right: 43513 pred_wrong:3287 actu_right: 43559 actu_wrong: 3241
2026-07-11 23:57:04,895 P3667910 INFO pr:0.9559  rc:0.9638  auc:0.9963 ap:0.9928 f1: 0.9598 pred_right: 17863 pred_wrong:1337 actu_right: 17874 actu_wrong: 1326
2026-07-11 23:57:04,895 P3667910 INFO ----------------------------------------------------------------------------------------------------
2026-07-11 23:57:04,895 P3667910 INFO 104/300 starting... lr: 0.0009000000000000001 para:0.01
2026-07-11 23:57:06,518 P3667910 INFO Epoch 104/300, all_loss:0.59142 cls_loss:0.52038 rec_loss:7.62446 [1.62s]; best loss:0.56124, patience : 1
2026-07-11 23:57:07,218 P3667910 INFO pr:0.9598  rc:0.9815  auc:0.9978 ap:0.9947 f1: 0.9705 pred_right: 43488 pred_wrong:3312 actu_right: 43561 actu_wrong: 3239
2026-07-11 23:57:07,507 P3667910 INFO pr:0.9497  rc:0.9683  auc:0.9968 ap:0.9932 f1: 0.9589 pred_right: 17848 pred_wrong:1352 actu_right: 17874 actu_wrong: 1326
2026-07-11 23:57:07,508 P3667910 INFO ----------------------------------------------------------------------------------------------------
2026-07-11 23:57:07,508 P3667910 INFO 105/300 starting... lr: 0.0009000000000000001 para:0.01
2026-07-11 23:57:09,106 P3667910 INFO Epoch 105/300, all_loss:0.50120 cls_loss:0.42856 rec_loss:7.69239 [1.59s]; best loss:0.50120, patience : 0
2026-07-11 23:57:09,783 P3667910 INFO pr:0.9689  rc:0.9319  auc:0.9973 ap:0.9915 f1: 0.9500 pred_right: 43681 pred_wrong:3119 actu_right: 43557 actu_wrong: 3243
2026-07-11 23:57:10,081 P3667910 INFO pr:0.9576  rc:0.9201  auc:0.9955 ap:0.9891 f1: 0.9385 pred_right: 17926 pred_wrong:1274 actu_right: 17874 actu_wrong: 1326
2026-07-11 23:57:10,082 P3667910 INFO ----------------------------------------------------------------------------------------------------
2026-07-11 23:57:10,082 P3667910 INFO 106/300 starting... lr: 0.0009000000000000001 para:0.01
2026-07-11 23:57:13,230 P3667910 INFO Epoch 106/300, all_loss:0.58093 cls_loss:0.50914 rec_loss:7.68813 [3.15s]; best loss:0.50120, patience : 1
2026-07-11 23:57:13,727 P3667910 INFO pr:0.9548  rc:0.9466  auc:0.9975 ap:0.9938 f1: 0.9507 pred_right: 43589 pred_wrong:3211 actu_right: 43561 actu_wrong: 3239
2026-07-11 23:57:13,932 P3667910 INFO pr:0.9467  rc:0.9382  auc:0.9948 ap:0.9892 f1: 0.9424 pred_right: 17886 pred_wrong:1314 actu_right: 17874 actu_wrong: 1326
2026-07-11 23:57:13,932 P3667910 INFO ----------------------------------------------------------------------------------------------------
2026-07-11 23:57:13,933 P3667910 INFO 107/300 starting... lr: 0.0009000000000000001 para:0.01
2026-07-11 23:57:15,104 P3667910 INFO Epoch 107/300, all_loss:0.53086 cls_loss:0.45782 rec_loss:7.76148 [1.17s]; best loss:0.50120, patience : 1
2026-07-11 23:57:15,587 P3667910 INFO pr:0.9847  rc:0.9556  auc:0.9981 ap:0.9964 f1: 0.9699 pred_right: 43654 pred_wrong:3146 actu_right: 43558 actu_wrong: 3242
2026-07-11 23:57:15,790 P3667910 INFO pr:0.9827  rc:0.9427  auc:0.9952 ap:0.9928 f1: 0.9623 pred_right: 17928 pred_wrong:1272 actu_right: 17874 actu_wrong: 1326
2026-07-11 23:57:15,790 P3667910 INFO ----------------------------------------------------------------------------------------------------
2026-07-11 23:57:15,790 P3667910 INFO 108/300 starting... lr: 0.0009000000000000001 para:0.01
2026-07-11 23:57:16,990 P3667910 INFO Epoch 108/300, all_loss:0.52988 cls_loss:0.45637 rec_loss:7.80764 [1.20s]; best loss:0.50120, patience : 1
2026-07-11 23:57:17,471 P3667910 INFO pr:0.9425  rc:0.9759  auc:0.9976 ap:0.9939 f1: 0.9589 pred_right: 43444 pred_wrong:3356 actu_right: 43559 actu_wrong: 3241
2026-07-11 23:57:17,674 P3667910 INFO pr:0.9348  rc:0.9623  auc:0.9945 ap:0.9907 f1: 0.9483 pred_right: 17835 pred_wrong:1365 actu_right: 17874 actu_wrong: 1326
2026-07-11 23:57:17,674 P3667910 INFO ----------------------------------------------------------------------------------------------------
2026-07-11 23:57:17,674 P3667910 INFO 109/300 starting... lr: 0.0009000000000000001 para:0.01
2026-07-11 23:57:18,959 P3667910 INFO Epoch 109/300, all_loss:0.49036 cls_loss:0.41584 rec_loss:7.86830 [1.28s]; best loss:0.49036, patience : 0
2026-07-11 23:57:19,478 P3667910 INFO pr:0.9702  rc:0.9544  auc:0.9977 ap:0.9945 f1: 0.9622 pred_right: 43609 pred_wrong:3191 actu_right: 43556 actu_wrong: 3244
2026-07-11 23:57:19,706 P3667910 INFO pr:0.9650  rc:0.9359  auc:0.9946 ap:0.9914 f1: 0.9502 pred_right: 17914 pred_wrong:1286 actu_right: 17874 actu_wrong: 1326
2026-07-11 23:57:19,707 P3667910 INFO ----------------------------------------------------------------------------------------------------
2026-07-11 23:57:19,707 P3667910 INFO 110/300 starting... lr: 0.0009000000000000001 para:0.01
2026-07-11 23:57:21,248 P3667910 INFO Epoch 110/300, all_loss:0.53763 cls_loss:0.46399 rec_loss:7.82788 [1.54s]; best loss:0.49036, patience : 1
2026-07-11 23:57:21,915 P3667910 INFO pr:0.9505  rc:0.9793  auc:0.9979 ap:0.9958 f1: 0.9647 pred_right: 43464 pred_wrong:3336 actu_right: 43562 actu_wrong: 3238
2026-07-11 23:57:22,167 P3667910 INFO pr:0.9525  rc:0.9683  auc:0.9951 ap:0.9922 f1: 0.9604 pred_right: 17852 pred_wrong:1348 actu_right: 17874 actu_wrong: 1326
2026-07-11 23:57:22,167 P3667910 INFO ----------------------------------------------------------------------------------------------------
2026-07-11 23:57:22,167 P3667910 INFO 111/300 starting... lr: 0.0009000000000000001 para:0.01
2026-07-11 23:57:23,742 P3667910 INFO Epoch 111/300, all_loss:0.49667 cls_loss:0.42208 rec_loss:7.88038 [1.57s]; best loss:0.49036, patience : 1
2026-07-11 23:57:24,320 P3667910 INFO pr:0.9730  rc:0.9784  auc:0.9978 ap:0.9946 f1: 0.9757 pred_right: 43539 pred_wrong:3261 actu_right: 43557 actu_wrong: 3243
2026-07-11 23:57:24,541 P3667910 INFO pr:0.9696  rc:0.9623  auc:0.9948 ap:0.9923 f1: 0.9659 pred_right: 17884 pred_wrong:1316 actu_right: 17874 actu_wrong: 1326
2026-07-11 23:57:24,545 P3667910 INFO ----------------------------------------------------------------------------------------------------
2026-07-11 23:57:24,545 P3667910 INFO 112/300 starting... lr: 0.0009000000000000001 para:0.01
2026-07-11 23:57:26,580 P3667910 INFO Epoch 112/300, all_loss:0.45499 cls_loss:0.37881 rec_loss:7.99693 [2.02s]; best loss:0.45499, patience : 0
2026-07-11 23:57:27,987 P3667910 INFO pr:0.9719  rc:0.9731  auc:0.9980 ap:0.9960 f1: 0.9725 pred_right: 43558 pred_wrong:3242 actu_right: 43562 actu_wrong: 3238
2026-07-11 23:57:28,453 P3667910 INFO pr:0.9693  rc:0.9532  auc:0.9952 ap:0.9922 f1: 0.9612 pred_right: 17896 pred_wrong:1304 actu_right: 17874 actu_wrong: 1326
2026-07-11 23:57:28,454 P3667910 INFO ----------------------------------------------------------------------------------------------------
2026-07-11 23:57:28,454 P3667910 INFO 113/300 starting... lr: 0.0009000000000000001 para:0.01
2026-07-11 23:57:32,827 P3667910 INFO Epoch 113/300, all_loss:0.44623 cls_loss:0.36988 rec_loss:8.00490 [4.37s]; best loss:0.44623, patience : 0
2026-07-11 23:57:34,075 P3667910 INFO pr:0.9625  rc:0.9812  auc:0.9978 ap:0.9956 f1: 0.9717 pred_right: 43496 pred_wrong:3304 actu_right: 43559 actu_wrong: 3241
2026-07-11 23:57:34,530 P3667910 INFO pr:0.9510  rc:0.9661  auc:0.9952 ap:0.9923 f1: 0.9585 pred_right: 17853 pred_wrong:1347 actu_right: 17874 actu_wrong: 1326
2026-07-11 23:57:34,530 P3667910 INFO ----------------------------------------------------------------------------------------------------
2026-07-11 23:57:34,530 P3667910 INFO 114/300 starting... lr: 0.0009000000000000001 para:0.01
2026-07-11 23:57:38,227 P3667910 INFO Epoch 114/300, all_loss:0.43249 cls_loss:0.35483 rec_loss:8.12156 [3.69s]; best loss:0.43249, patience : 0
2026-07-11 23:57:39,065 P3667910 INFO pr:0.9831  rc:0.9713  auc:0.9980 ap:0.9960 f1: 0.9772 pred_right: 43596 pred_wrong:3204 actu_right: 43557 actu_wrong: 3243
2026-07-11 23:57:39,390 P3667910 INFO pr:0.9783  rc:0.9525  auc:0.9952 ap:0.9925 f1: 0.9652 pred_right: 17909 pred_wrong:1291 actu_right: 17874 actu_wrong: 1326
2026-07-11 23:57:39,394 P3667910 INFO ----------------------------------------------------------------------------------------------------
2026-07-11 23:57:39,394 P3667910 INFO 115/300 starting... lr: 0.0009000000000000001 para:0.01
2026-07-11 23:57:41,199 P3667910 INFO Epoch 115/300, all_loss:0.45812 cls_loss:0.38009 rec_loss:8.18323 [1.80s]; best loss:0.43249, patience : 1
2026-07-11 23:57:41,919 P3667910 INFO pr:0.9616  rc:0.9796  auc:0.9981 ap:0.9961 f1: 0.9705 pred_right: 43496 pred_wrong:3304 actu_right: 43557 actu_wrong: 3243
2026-07-11 23:57:42,209 P3667910 INFO pr:0.9561  rc:0.9698  auc:0.9952 ap:0.9920 f1: 0.9629 pred_right: 17855 pred_wrong:1345 actu_right: 17874 actu_wrong: 1326
2026-07-11 23:57:42,210 P3667910 INFO ----------------------------------------------------------------------------------------------------
2026-07-11 23:57:42,210 P3667910 INFO 116/300 starting... lr: 0.0009000000000000001 para:0.01
2026-07-11 23:57:43,938 P3667910 INFO Epoch 116/300, all_loss:0.43575 cls_loss:0.35768 rec_loss:8.16519 [1.73s]; best loss:0.43249, patience : 1
2026-07-11 23:57:44,607 P3667910 INFO pr:0.9849  rc:0.9661  auc:0.9980 ap:0.9954 f1: 0.9754 pred_right: 43620 pred_wrong:3180 actu_right: 43558 actu_wrong: 3242
2026-07-11 23:57:44,873 P3667910 INFO pr:0.9783  rc:0.9532  auc:0.9974 ap:0.9934 f1: 0.9656 pred_right: 17908 pred_wrong:1292 actu_right: 17874 actu_wrong: 1326
2026-07-11 23:57:44,873 P3667910 INFO ----------------------------------------------------------------------------------------------------
2026-07-11 23:57:44,873 P3667910 INFO 117/300 starting... lr: 0.0009000000000000001 para:0.01
2026-07-11 23:57:46,503 P3667910 INFO Epoch 117/300, all_loss:0.39164 cls_loss:0.31226 rec_loss:8.25005 [1.63s]; best loss:0.39164, patience : 0
2026-07-11 23:57:47,170 P3667910 INFO pr:0.9773  rc:0.9679  auc:0.9978 ap:0.9961 f1: 0.9726 pred_right: 43588 pred_wrong:3212 actu_right: 43557 actu_wrong: 3243
2026-07-11 23:57:47,422 P3667910 INFO pr:0.9745  rc:0.9517  auc:0.9967 ap:0.9936 f1: 0.9630 pred_right: 17905 pred_wrong:1295 actu_right: 17874 actu_wrong: 1326
2026-07-11 23:57:47,422 P3667910 INFO ----------------------------------------------------------------------------------------------------
2026-07-11 23:57:47,422 P3667910 INFO 118/300 starting... lr: 0.0009000000000000001 para:0.01
2026-07-11 23:57:49,002 P3667910 INFO Epoch 118/300, all_loss:0.47492 cls_loss:0.39582 rec_loss:8.30544 [1.58s]; best loss:0.39164, patience : 1
2026-07-11 23:57:49,598 P3667910 INFO pr:0.9827  rc:0.9609  auc:0.9979 ap:0.9959 f1: 0.9716 pred_right: 43627 pred_wrong:3173 actu_right: 43555 actu_wrong: 3245
2026-07-11 23:57:49,867 P3667910 INFO pr:0.9836  rc:0.9480  auc:0.9971 ap:0.9932 f1: 0.9654 pred_right: 17922 pred_wrong:1278 actu_right: 17874 actu_wrong: 1326
2026-07-11 23:57:49,868 P3667910 INFO ----------------------------------------------------------------------------------------------------
2026-07-11 23:57:49,868 P3667910 INFO 119/300 starting... lr: 0.0009000000000000001 para:0.01
2026-07-11 23:57:51,465 P3667910 INFO Epoch 119/300, all_loss:0.44498 cls_loss:0.36510 rec_loss:8.35340 [1.60s]; best loss:0.39164, patience : 1
2026-07-11 23:57:52,024 P3667910 INFO pr:0.9830  rc:0.9639  auc:0.9978 ap:0.9962 f1: 0.9734 pred_right: 43621 pred_wrong:3179 actu_right: 43558 actu_wrong: 3242
2026-07-11 23:57:52,263 P3667910 INFO pr:0.9781  rc:0.9442  auc:0.9954 ap:0.9928 f1: 0.9609 pred_right: 17920 pred_wrong:1280 actu_right: 17874 actu_wrong: 1326
2026-07-11 23:57:52,264 P3667910 INFO ----------------------------------------------------------------------------------------------------
2026-07-11 23:57:52,264 P3667910 INFO 120/300 starting... lr: 0.0009000000000000001 para:0.01
2026-07-11 23:57:53,958 P3667910 INFO Epoch 120/300, all_loss:0.41748 cls_loss:0.33770 rec_loss:8.31567 [1.69s]; best loss:0.39164, patience : 1
2026-07-11 23:57:54,638 P3667910 INFO pr:0.9772  rc:0.9790  auc:0.9981 ap:0.9953 f1: 0.9781 pred_right: 43556 pred_wrong:3244 actu_right: 43562 actu_wrong: 3238
2026-07-11 23:57:54,933 P3667910 INFO pr:0.9704  rc:0.9653  auc:0.9975 ap:0.9938 f1: 0.9679 pred_right: 17881 pred_wrong:1319 actu_right: 17874 actu_wrong: 1326
2026-07-11 23:57:54,939 P3667910 INFO ----------------------------------------------------------------------------------------------------
2026-07-11 23:57:54,939 P3667910 INFO 121/300 starting... lr: 0.0009000000000000001 para:0.01
2026-07-11 23:57:56,594 P3667910 INFO Epoch 121/300, all_loss:0.38105 cls_loss:0.30027 rec_loss:8.37839 [1.65s]; best loss:0.38105, patience : 0
2026-07-11 23:57:57,211 P3667910 INFO pr:0.9789  rc:0.9611  auc:0.9979 ap:0.9955 f1: 0.9699 pred_right: 43620 pred_wrong:3180 actu_right: 43561 actu_wrong: 3239
2026-07-11 23:57:57,456 P3667910 INFO pr:0.9676  rc:0.9472  auc:0.9964 ap:0.9922 f1: 0.9573 pred_right: 17902 pred_wrong:1298 actu_right: 17874 actu_wrong: 1326
2026-07-11 23:57:57,456 P3667910 INFO ----------------------------------------------------------------------------------------------------
2026-07-11 23:57:57,456 P3667910 INFO 122/300 starting... lr: 0.0009000000000000001 para:0.01
2026-07-11 23:57:59,055 P3667910 INFO Epoch 122/300, all_loss:0.45247 cls_loss:0.37245 rec_loss:8.37473 [1.60s]; best loss:0.38105, patience : 1
2026-07-11 23:57:59,680 P3667910 INFO pr:0.9902  rc:0.9367  auc:0.9978 ap:0.9961 f1: 0.9627 pred_right: 43736 pred_wrong:3064 actu_right: 43561 actu_wrong: 3239
2026-07-11 23:57:59,919 P3667910 INFO pr:0.9830  rc:0.9133  auc:0.9954 ap:0.9922 f1: 0.9468 pred_right: 17968 pred_wrong:1232 actu_right: 17874 actu_wrong: 1326
2026-07-11 23:57:59,920 P3667910 INFO ----------------------------------------------------------------------------------------------------
2026-07-11 23:57:59,920 P3667910 INFO 123/300 starting... lr: 0.0009000000000000001 para:0.01
2026-07-11 23:58:01,510 P3667910 INFO Epoch 123/300, all_loss:0.39907 cls_loss:0.31841 rec_loss:8.38473 [1.59s]; best loss:0.38105, patience : 1
2026-07-11 23:58:02,101 P3667910 INFO pr:0.9658  rc:0.9836  auc:0.9980 ap:0.9954 f1: 0.9746 pred_right: 43499 pred_wrong:3301 actu_right: 43559 actu_wrong: 3241
2026-07-11 23:58:02,356 P3667910 INFO pr:0.9613  rc:0.9736  auc:0.9966 ap:0.9927 f1: 0.9674 pred_right: 17857 pred_wrong:1343 actu_right: 17874 actu_wrong: 1326
2026-07-11 23:58:02,356 P3667910 INFO ----------------------------------------------------------------------------------------------------
2026-07-11 23:58:02,356 P3667910 INFO 124/300 starting... lr: 0.0009000000000000001 para:0.01
2026-07-11 23:58:03,979 P3667910 INFO Epoch 124/300, all_loss:0.38224 cls_loss:0.30189 rec_loss:8.33661 [1.62s]; best loss:0.38105, patience : 1
2026-07-11 23:58:04,640 P3667910 INFO pr:0.9752  rc:0.9701  auc:0.9979 ap:0.9950 f1: 0.9726 pred_right: 43577 pred_wrong:3223 actu_right: 43560 actu_wrong: 3240
2026-07-11 23:58:04,924 P3667910 INFO pr:0.9769  rc:0.9548  auc:0.9956 ap:0.9931 f1: 0.9657 pred_right: 17904 pred_wrong:1296 actu_right: 17874 actu_wrong: 1326
2026-07-11 23:58:04,925 P3667910 INFO ----------------------------------------------------------------------------------------------------
2026-07-11 23:58:04,925 P3667910 INFO 125/300 starting... lr: 0.0009000000000000001 para:0.01
2026-07-11 23:58:06,527 P3667910 INFO Epoch 125/300, all_loss:0.40062 cls_loss:0.31998 rec_loss:8.38368 [1.60s]; best loss:0.38105, patience : 2
2026-07-11 23:58:07,203 P3667910 INFO pr:0.9774  rc:0.9756  auc:0.9981 ap:0.9966 f1: 0.9765 pred_right: 43566 pred_wrong:3234 actu_right: 43560 actu_wrong: 3240
2026-07-11 23:58:07,477 P3667910 INFO pr:0.9682  rc:0.9653  auc:0.9958 ap:0.9923 f1: 0.9668 pred_right: 17878 pred_wrong:1322 actu_right: 17874 actu_wrong: 1326
2026-07-11 23:58:07,478 P3667910 INFO ----------------------------------------------------------------------------------------------------
2026-07-11 23:58:07,478 P3667910 INFO 126/300 starting... lr: 0.0009000000000000001 para:0.01
2026-07-11 23:58:09,047 P3667910 INFO Epoch 126/300, all_loss:0.37211 cls_loss:0.29071 rec_loss:8.43034 [1.57s]; best loss:0.37211, patience : 0
2026-07-11 23:58:09,711 P3667910 INFO pr:0.9857  rc:0.9373  auc:0.9976 ap:0.9940 f1: 0.9609 pred_right: 43719 pred_wrong:3081 actu_right: 43560 actu_wrong: 3240
2026-07-11 23:58:09,988 P3667910 INFO pr:0.9862  rc:0.9178  auc:0.9959 ap:0.9927 f1: 0.9508 pred_right: 17966 pred_wrong:1234 actu_right: 17874 actu_wrong: 1326
2026-07-11 23:58:09,989 P3667910 INFO ----------------------------------------------------------------------------------------------------
2026-07-11 23:58:09,989 P3667910 INFO 127/300 starting... lr: 0.0009000000000000001 para:0.01
2026-07-11 23:58:11,657 P3667910 INFO Epoch 127/300, all_loss:0.35924 cls_loss:0.27744 rec_loss:8.45682 [1.67s]; best loss:0.35924, patience : 0
2026-07-11 23:58:12,285 P3667910 INFO pr:0.9782  rc:0.9806  auc:0.9979 ap:0.9952 f1: 0.9794 pred_right: 43549 pred_wrong:3251 actu_right: 43557 actu_wrong: 3243
2026-07-11 23:58:12,539 P3667910 INFO pr:0.9718  rc:0.9623  auc:0.9954 ap:0.9923 f1: 0.9670 pred_right: 17887 pred_wrong:1313 actu_right: 17874 actu_wrong: 1326
2026-07-11 23:58:12,543 P3667910 INFO ----------------------------------------------------------------------------------------------------
2026-07-11 23:58:12,543 P3667910 INFO 128/300 starting... lr: 0.0009000000000000001 para:0.01
2026-07-11 23:58:14,126 P3667910 INFO Epoch 128/300, all_loss:0.42036 cls_loss:0.33853 rec_loss:8.52130 [1.58s]; best loss:0.35924, patience : 1
2026-07-11 23:58:14,697 P3667910 INFO pr:0.9881  rc:0.9204  auc:0.9977 ap:0.9943 f1: 0.9530 pred_right: 43781 pred_wrong:3019 actu_right: 43559 actu_wrong: 3241
2026-07-11 23:58:14,937 P3667910 INFO pr:0.9835  rc:0.9012  auc:0.9956 ap:0.9909 f1: 0.9406 pred_right: 17985 pred_wrong:1215 actu_right: 17874 actu_wrong: 1326
2026-07-11 23:58:14,937 P3667910 INFO ----------------------------------------------------------------------------------------------------
2026-07-11 23:58:14,937 P3667910 INFO 129/300 starting... lr: 0.0009000000000000001 para:0.01
2026-07-11 23:58:16,516 P3667910 INFO Epoch 129/300, all_loss:0.40268 cls_loss:0.32045 rec_loss:8.54432 [1.58s]; best loss:0.35924, patience : 1
2026-07-11 23:58:17,170 P3667910 INFO pr:0.9702  rc:0.9836  auc:0.9978 ap:0.9962 f1: 0.9769 pred_right: 43514 pred_wrong:3286 actu_right: 43559 actu_wrong: 3241
2026-07-11 23:58:17,416 P3667910 INFO pr:0.9633  rc:0.9706  auc:0.9952 ap:0.9927 f1: 0.9669 pred_right: 17864 pred_wrong:1336 actu_right: 17874 actu_wrong: 1326
2026-07-11 23:58:17,417 P3667910 INFO ----------------------------------------------------------------------------------------------------
2026-07-11 23:58:17,417 P3667910 INFO 130/300 starting... lr: 0.0009000000000000001 para:0.01
2026-07-11 23:58:19,070 P3667910 INFO Epoch 130/300, all_loss:0.37853 cls_loss:0.29627 rec_loss:8.52225 [1.65s]; best loss:0.35924, patience : 1
2026-07-11 23:58:19,648 P3667910 INFO pr:0.9640  rc:0.9843  auc:0.9978 ap:0.9956 f1: 0.9740 pred_right: 43492 pred_wrong:3308 actu_right: 43560 actu_wrong: 3240
2026-07-11 23:58:19,893 P3667910 INFO pr:0.9576  rc:0.9698  auc:0.9948 ap:0.9925 f1: 0.9637 pred_right: 17857 pred_wrong:1343 actu_right: 17874 actu_wrong: 1326
2026-07-11 23:58:19,893 P3667910 INFO ----------------------------------------------------------------------------------------------------
2026-07-11 23:58:19,893 P3667910 INFO 131/300 starting... lr: 0.0009000000000000001 para:0.01
2026-07-11 23:58:21,478 P3667910 INFO Epoch 131/300, all_loss:0.39291 cls_loss:0.31017 rec_loss:8.58405 [1.58s]; best loss:0.35924, patience : 2
2026-07-11 23:58:22,141 P3667910 INFO pr:0.9701  rc:0.9821  auc:0.9980 ap:0.9959 f1: 0.9761 pred_right: 43520 pred_wrong:3280 actu_right: 43560 actu_wrong: 3240
2026-07-11 23:58:22,426 P3667910 INFO pr:0.9609  rc:0.9646  auc:0.9952 ap:0.9926 f1: 0.9627 pred_right: 17869 pred_wrong:1331 actu_right: 17874 actu_wrong: 1326
2026-07-11 23:58:22,426 P3667910 INFO ----------------------------------------------------------------------------------------------------
2026-07-11 23:58:22,426 P3667910 INFO 132/300 starting... lr: 0.0009000000000000001 para:0.01
2026-07-11 23:58:24,014 P3667910 INFO Epoch 132/300, all_loss:0.35065 cls_loss:0.26773 rec_loss:8.56050 [1.58s]; best loss:0.35065, patience : 0
2026-07-11 23:58:24,711 P3667910 INFO pr:0.9862  rc:0.9271  auc:0.9977 ap:0.9958 f1: 0.9557 pred_right: 43757 pred_wrong:3043 actu_right: 43563 actu_wrong: 3237
2026-07-11 23:58:25,001 P3667910 INFO pr:0.9837  rc:0.9103  auc:0.9946 ap:0.9917 f1: 0.9456 pred_right: 17973 pred_wrong:1227 actu_right: 17874 actu_wrong: 1326
2026-07-11 23:58:25,002 P3667910 INFO ----------------------------------------------------------------------------------------------------
2026-07-11 23:58:25,002 P3667910 INFO 133/300 starting... lr: 0.0009000000000000001 para:0.01
2026-07-11 23:58:26,683 P3667910 INFO Epoch 133/300, all_loss:0.49888 cls_loss:0.41727 rec_loss:8.57885 [1.68s]; best loss:0.35065, patience : 1
2026-07-11 23:58:27,380 P3667910 INFO pr:0.9798  rc:0.9574  auc:0.9978 ap:0.9943 f1: 0.9685 pred_right: 43633 pred_wrong:3167 actu_right: 43559 actu_wrong: 3241
2026-07-11 23:58:27,668 P3667910 INFO pr:0.9757  rc:0.9382  auc:0.9955 ap:0.9914 f1: 0.9566 pred_right: 17925 pred_wrong:1275 actu_right: 17874 actu_wrong: 1326
2026-07-11 23:58:27,668 P3667910 INFO ----------------------------------------------------------------------------------------------------
2026-07-11 23:58:27,669 P3667910 INFO 134/300 starting... lr: 0.0009000000000000001 para:0.01
2026-07-11 23:58:29,278 P3667910 INFO Epoch 134/300, all_loss:0.42425 cls_loss:0.34214 rec_loss:8.55359 [1.61s]; best loss:0.35065, patience : 1
2026-07-11 23:58:29,857 P3667910 INFO pr:0.9878  rc:0.9713  auc:0.9980 ap:0.9963 f1: 0.9795 pred_right: 43614 pred_wrong:3186 actu_right: 43560 actu_wrong: 3240
2026-07-11 23:58:30,095 P3667910 INFO pr:0.9829  rc:0.9555  auc:0.9956 ap:0.9931 f1: 0.9690 pred_right: 17911 pred_wrong:1289 actu_right: 17874 actu_wrong: 1326
2026-07-11 23:58:30,099 P3667910 INFO ----------------------------------------------------------------------------------------------------
2026-07-11 23:58:30,099 P3667910 INFO 135/300 starting... lr: 0.0009000000000000001 para:0.01
2026-07-11 23:58:31,665 P3667910 INFO Epoch 135/300, all_loss:0.34231 cls_loss:0.25946 rec_loss:8.54417 [1.56s]; best loss:0.34231, patience : 0
2026-07-11 23:58:32,338 P3667910 INFO pr:0.9877  rc:0.9685  auc:0.9978 ap:0.9953 f1: 0.9780 pred_right: 43623 pred_wrong:3177 actu_right: 43560 actu_wrong: 3240
2026-07-11 23:58:32,612 P3667910 INFO pr:0.9851  rc:0.9465  auc:0.9962 ap:0.9933 f1: 0.9654 pred_right: 17926 pred_wrong:1274 actu_right: 17874 actu_wrong: 1326
2026-07-11 23:58:32,612 P3667910 INFO ----------------------------------------------------------------------------------------------------
2026-07-11 23:58:32,612 P3667910 INFO 136/300 starting... lr: 0.0009000000000000001 para:0.01
2026-07-11 23:58:34,161 P3667910 INFO Epoch 136/300, all_loss:0.32530 cls_loss:0.24225 rec_loss:8.54780 [1.54s]; best loss:0.32530, patience : 0
2026-07-11 23:58:34,906 P3667910 INFO pr:0.9732  rc:0.9840  auc:0.9980 ap:0.9960 f1: 0.9785 pred_right: 43522 pred_wrong:3278 actu_right: 43558 actu_wrong: 3242
2026-07-11 23:58:35,199 P3667910 INFO pr:0.9640  rc:0.9698  auc:0.9974 ap:0.9942 f1: 0.9669 pred_right: 17866 pred_wrong:1334 actu_right: 17874 actu_wrong: 1326
2026-07-11 23:58:35,200 P3667910 INFO ----------------------------------------------------------------------------------------------------
2026-07-11 23:58:35,200 P3667910 INFO 137/300 starting... lr: 0.0009000000000000001 para:0.01
2026-07-11 23:58:36,827 P3667910 INFO Epoch 137/300, all_loss:0.30196 cls_loss:0.21806 rec_loss:8.60777 [1.62s]; best loss:0.30196, patience : 0
2026-07-11 23:58:37,435 P3667910 INFO pr:0.9571  rc:0.9843  auc:0.9978 ap:0.9952 f1: 0.9705 pred_right: 43465 pred_wrong:3335 actu_right: 43557 actu_wrong: 3243
2026-07-11 23:58:37,710 P3667910 INFO pr:0.9590  rc:0.9698  auc:0.9952 ap:0.9928 f1: 0.9644 pred_right: 17859 pred_wrong:1341 actu_right: 17874 actu_wrong: 1326
2026-07-11 23:58:37,710 P3667910 INFO ----------------------------------------------------------------------------------------------------
2026-07-11 23:58:37,710 P3667910 INFO 138/300 starting... lr: 0.0009000000000000001 para:0.01
2026-07-11 23:58:39,309 P3667910 INFO Epoch 138/300, all_loss:0.40289 cls_loss:0.32024 rec_loss:8.58543 [1.60s]; best loss:0.30196, patience : 1
2026-07-11 23:58:39,920 P3667910 INFO pr:0.9892  rc:0.9596  auc:0.9978 ap:0.9963 f1: 0.9742 pred_right: 43655 pred_wrong:3145 actu_right: 43558 actu_wrong: 3242
2026-07-11 23:58:40,190 P3667910 INFO pr:0.9835  rc:0.9449  auc:0.9960 ap:0.9934 f1: 0.9638 pred_right: 17926 pred_wrong:1274 actu_right: 17874 actu_wrong: 1326
2026-07-11 23:58:40,191 P3667910 INFO ----------------------------------------------------------------------------------------------------
2026-07-11 23:58:40,191 P3667910 INFO 139/300 starting... lr: 0.0009000000000000001 para:0.01
2026-07-11 23:58:41,870 P3667910 INFO Epoch 139/300, all_loss:0.40551 cls_loss:0.32234 rec_loss:8.63938 [1.68s]; best loss:0.30196, patience : 2
2026-07-11 23:58:42,474 P3667910 INFO pr:0.9848  rc:0.9380  auc:0.9978 ap:0.9956 f1: 0.9608 pred_right: 43712 pred_wrong:3088 actu_right: 43558 actu_wrong: 3242
2026-07-11 23:58:42,721 P3667910 INFO pr:0.9783  rc:0.9201  auc:0.9965 ap:0.9928 f1: 0.9483 pred_right: 17953 pred_wrong:1247 actu_right: 17874 actu_wrong: 1326
2026-07-11 23:58:42,722 P3667910 INFO ----------------------------------------------------------------------------------------------------
2026-07-11 23:58:42,722 P3667910 INFO 140/300 starting... lr: 0.0009000000000000001 para:0.01
2026-07-11 23:58:45,538 P3667910 INFO Epoch 140/300, all_loss:0.35257 cls_loss:0.26836 rec_loss:8.68956 [2.82s]; best loss:0.30196, patience : 2
2026-07-11 23:58:46,007 P3667910 INFO pr:0.9804  rc:0.9741  auc:0.9979 ap:0.9942 f1: 0.9772 pred_right: 43580 pred_wrong:3220 actu_right: 43559 actu_wrong: 3241
2026-07-11 23:58:46,201 P3667910 INFO pr:0.9807  rc:0.9563  auc:0.9955 ap:0.9918 f1: 0.9683 pred_right: 17907 pred_wrong:1293 actu_right: 17874 actu_wrong: 1326
2026-07-11 23:58:46,201 P3667910 INFO ----------------------------------------------------------------------------------------------------
2026-07-11 23:58:46,201 P3667910 INFO 141/300 starting... lr: 0.0009000000000000001 para:0.01
2026-07-11 23:58:47,345 P3667910 INFO Epoch 141/300, all_loss:0.37692 cls_loss:0.29301 rec_loss:8.68471 [1.14s]; best loss:0.30196, patience : 3
2026-07-11 23:58:47,806 P3667910 INFO pr:0.9658  rc:0.9855  auc:0.9980 ap:0.9961 f1: 0.9756 pred_right: 43493 pred_wrong:3307 actu_right: 43559 actu_wrong: 3241
2026-07-11 23:58:48,002 P3667910 INFO pr:0.9555  rc:0.9721  auc:0.9958 ap:0.9929 f1: 0.9637 pred_right: 17851 pred_wrong:1349 actu_right: 17874 actu_wrong: 1326
2026-07-11 23:58:48,002 P3667910 INFO ----------------------------------------------------------------------------------------------------
2026-07-11 23:58:48,003 P3667910 INFO 142/300 starting... lr: 0.0009000000000000001 para:0.01
2026-07-11 23:58:49,216 P3667910 INFO Epoch 142/300, all_loss:0.42360 cls_loss:0.33992 rec_loss:8.70855 [1.21s]; best loss:0.30196, patience : 4
2026-07-11 23:58:49,711 P3667910 INFO pr:0.9592  rc:0.9864  auc:0.9981 ap:0.9951 f1: 0.9726 pred_right: 43468 pred_wrong:3332 actu_right: 43560 actu_wrong: 3240
2026-07-11 23:58:49,921 P3667910 INFO pr:0.9531  rc:0.9661  auc:0.9959 ap:0.9930 f1: 0.9596 pred_right: 17856 pred_wrong:1344 actu_right: 17874 actu_wrong: 1326
2026-07-11 23:58:49,922 P3667910 INFO ----------------------------------------------------------------------------------------------------
2026-07-11 23:58:49,922 P3667910 INFO 143/300 starting... lr: 0.0009000000000000001 para:0.01
2026-07-11 23:58:51,264 P3667910 INFO Epoch 143/300, all_loss:0.37401 cls_loss:0.28986 rec_loss:8.70477 [1.34s]; best loss:0.30196, patience : 4
2026-07-11 23:58:51,793 P3667910 INFO pr:0.9701  rc:0.9812  auc:0.9980 ap:0.9956 f1: 0.9756 pred_right: 43518 pred_wrong:3282 actu_right: 43555 actu_wrong: 3245
2026-07-11 23:58:52,025 P3667910 INFO pr:0.9640  rc:0.9691  auc:0.9960 ap:0.9929 f1: 0.9665 pred_right: 17867 pred_wrong:1333 actu_right: 17874 actu_wrong: 1326
2026-07-11 23:58:52,026 P3667910 INFO ----------------------------------------------------------------------------------------------------
2026-07-11 23:58:52,026 P3667910 INFO 144/300 starting... lr: 0.0009000000000000001 para:0.01
2026-07-11 23:58:53,499 P3667910 INFO Epoch 144/300, all_loss:0.29659 cls_loss:0.21184 rec_loss:8.68656 [1.47s]; best loss:0.29659, patience : 0
2026-07-11 23:58:54,114 P3667910 INFO pr:0.9841  rc:0.9772  auc:0.9980 ap:0.9969 f1: 0.9806 pred_right: 43583 pred_wrong:3217 actu_right: 43560 actu_wrong: 3240
2026-07-11 23:58:54,335 P3667910 INFO pr:0.9792  rc:0.9593  auc:0.9958 ap:0.9938 f1: 0.9691 pred_right: 17901 pred_wrong:1299 actu_right: 17874 actu_wrong: 1326
2026-07-11 23:58:54,339 P3667910 INFO ----------------------------------------------------------------------------------------------------
2026-07-11 23:58:54,339 P3667910 INFO 145/300 starting... lr: 0.0009000000000000001 para:0.01
2026-07-11 23:58:55,833 P3667910 INFO Epoch 145/300, all_loss:0.32243 cls_loss:0.23769 rec_loss:8.71143 [1.49s]; best loss:0.29659, patience : 1
2026-07-11 23:58:56,426 P3667910 INFO pr:0.9862  rc:0.9734  auc:0.9979 ap:0.9962 f1: 0.9798 pred_right: 43603 pred_wrong:3197 actu_right: 43561 actu_wrong: 3239
2026-07-11 23:58:56,671 P3667910 INFO pr:0.9806  rc:0.9548  auc:0.9949 ap:0.9930 f1: 0.9675 pred_right: 17909 pred_wrong:1291 actu_right: 17874 actu_wrong: 1326
2026-07-11 23:58:56,671 P3667910 INFO ----------------------------------------------------------------------------------------------------
2026-07-11 23:58:56,672 P3667910 INFO 146/300 starting... lr: 0.0009000000000000001 para:0.01
2026-07-11 23:58:59,574 P3667910 INFO Epoch 146/300, all_loss:0.30295 cls_loss:0.21744 rec_loss:8.76830 [2.90s]; best loss:0.29659, patience : 1
2026-07-11 23:59:01,052 P3667910 INFO pr:0.9747  rc:0.9747  auc:0.9981 ap:0.9958 f1: 0.9747 pred_right: 43558 pred_wrong:3242 actu_right: 43558 actu_wrong: 3242
2026-07-11 23:59:01,738 P3667910 INFO pr:0.9621  rc:0.9578  auc:0.9966 ap:0.9920 f1: 0.9599 pred_right: 17880 pred_wrong:1320 actu_right: 17874 actu_wrong: 1326
2026-07-11 23:59:01,739 P3667910 INFO ----------------------------------------------------------------------------------------------------
2026-07-11 23:59:01,739 P3667910 INFO 147/300 starting... lr: 0.0009000000000000001 para:0.01
2026-07-11 23:59:05,640 P3667910 INFO Epoch 147/300, all_loss:0.37717 cls_loss:0.29158 rec_loss:8.85095 [3.90s]; best loss:0.29659, patience : 2
2026-07-11 23:59:07,403 P3667910 INFO pr:0.9850  rc:0.9509  auc:0.9978 ap:0.9954 f1: 0.9676 pred_right: 43675 pred_wrong:3125 actu_right: 43563 actu_wrong: 3237
2026-07-11 23:59:08,178 P3667910 INFO pr:0.9817  rc:0.9321  auc:0.9948 ap:0.9916 f1: 0.9563 pred_right: 17941 pred_wrong:1259 actu_right: 17874 actu_wrong: 1326
2026-07-11 23:59:08,179 P3667910 INFO ----------------------------------------------------------------------------------------------------
2026-07-11 23:59:08,179 P3667910 INFO 148/300 starting... lr: 0.0009000000000000001 para:0.01
2026-07-11 23:59:11,100 P3667910 INFO Epoch 148/300, all_loss:0.42739 cls_loss:0.34303 rec_loss:8.77886 [2.92s]; best loss:0.29659, patience : 3
2026-07-11 23:59:11,835 P3667910 INFO pr:0.9808  rc:0.9768  auc:0.9981 ap:0.9960 f1: 0.9788 pred_right: 43574 pred_wrong:3226 actu_right: 43561 actu_wrong: 3239
2026-07-11 23:59:12,148 P3667910 INFO pr:0.9697  rc:0.9638  auc:0.9977 ap:0.9938 f1: 0.9667 pred_right: 17882 pred_wrong:1318 actu_right: 17874 actu_wrong: 1326
2026-07-11 23:59:12,149 P3667910 INFO ----------------------------------------------------------------------------------------------------
2026-07-11 23:59:12,149 P3667910 INFO 149/300 starting... lr: 0.0009000000000000001 para:0.01
2026-07-11 23:59:13,980 P3667910 INFO Epoch 149/300, all_loss:0.33055 cls_loss:0.24476 rec_loss:8.82473 [1.83s]; best loss:0.29659, patience : 3
2026-07-11 23:59:14,692 P3667910 INFO pr:0.9859  rc:0.9713  auc:0.9979 ap:0.9959 f1: 0.9785 pred_right: 43610 pred_wrong:3190 actu_right: 43562 actu_wrong: 3238
2026-07-11 23:59:14,993 P3667910 INFO pr:0.9724  rc:0.9555  auc:0.9972 ap:0.9933 f1: 0.9639 pred_right: 17897 pred_wrong:1303 actu_right: 17874 actu_wrong: 1326
2026-07-11 23:59:14,993 P3667910 INFO ----------------------------------------------------------------------------------------------------
2026-07-11 23:59:14,993 P3667910 INFO 150/300 starting... lr: 0.0009000000000000001 para:0.01
2026-07-11 23:59:16,678 P3667910 INFO Epoch 150/300, all_loss:0.28277 cls_loss:0.19643 rec_loss:8.83029 [1.68s]; best loss:0.28277, patience : 0
2026-07-11 23:59:17,283 P3667910 INFO pr:0.9780  rc:0.9849  auc:0.9980 ap:0.9963 f1: 0.9814 pred_right: 43534 pred_wrong:3266 actu_right: 43557 actu_wrong: 3243
2026-07-11 23:59:17,624 P3667910 INFO pr:0.9670  rc:0.9721  auc:0.9966 ap:0.9937 f1: 0.9695 pred_right: 17867 pred_wrong:1333 actu_right: 17874 actu_wrong: 1326
2026-07-11 23:59:17,630 P3667910 INFO ----------------------------------------------------------------------------------------------------
2026-07-11 23:59:17,630 P3667910 INFO 151/300 starting... lr: 0.0009000000000000001 para:0.01
2026-07-11 23:59:19,241 P3667910 INFO Epoch 151/300, all_loss:0.26600 cls_loss:0.17900 rec_loss:8.87816 [1.61s]; best loss:0.26600, patience : 0
2026-07-11 23:59:19,928 P3667910 INFO pr:0.9841  rc:0.9750  auc:0.9979 ap:0.9966 f1: 0.9795 pred_right: 43589 pred_wrong:3211 actu_right: 43559 actu_wrong: 3241
2026-07-11 23:59:20,217 P3667910 INFO pr:0.9748  rc:0.9623  auc:0.9953 ap:0.9935 f1: 0.9685 pred_right: 17891 pred_wrong:1309 actu_right: 17874 actu_wrong: 1326
2026-07-11 23:59:20,217 P3667910 INFO ----------------------------------------------------------------------------------------------------
2026-07-11 23:59:20,217 P3667910 INFO 152/300 starting... lr: 0.0009000000000000001 para:0.01
2026-07-11 23:59:21,850 P3667910 INFO Epoch 152/300, all_loss:0.35704 cls_loss:0.27210 rec_loss:8.76520 [1.63s]; best loss:0.26600, patience : 1
2026-07-11 23:59:22,420 P3667910 INFO pr:0.9805  rc:0.9772  auc:0.9979 ap:0.9967 f1: 0.9788 pred_right: 43570 pred_wrong:3230 actu_right: 43559 actu_wrong: 3241
2026-07-11 23:59:22,661 P3667910 INFO pr:0.9770  rc:0.9623  auc:0.9963 ap:0.9933 f1: 0.9696 pred_right: 17894 pred_wrong:1306 actu_right: 17874 actu_wrong: 1326
2026-07-11 23:59:22,661 P3667910 INFO ----------------------------------------------------------------------------------------------------
2026-07-11 23:59:22,661 P3667910 INFO 153/300 starting... lr: 0.0009000000000000001 para:0.01
2026-07-11 23:59:24,266 P3667910 INFO Epoch 153/300, all_loss:0.30895 cls_loss:0.22249 rec_loss:8.86780 [1.60s]; best loss:0.26600, patience : 1
2026-07-11 23:59:24,930 P3667910 INFO pr:0.9733  rc:0.9784  auc:0.9979 ap:0.9959 f1: 0.9758 pred_right: 43543 pred_wrong:3257 actu_right: 43560 actu_wrong: 3240
2026-07-11 23:59:25,245 P3667910 INFO pr:0.9688  rc:0.9615  auc:0.9953 ap:0.9926 f1: 0.9652 pred_right: 17884 pred_wrong:1316 actu_right: 17874 actu_wrong: 1326
2026-07-11 23:59:25,246 P3667910 INFO ----------------------------------------------------------------------------------------------------
2026-07-11 23:59:25,246 P3667910 INFO 154/300 starting... lr: 0.0009000000000000001 para:0.01
2026-07-11 23:59:26,956 P3667910 INFO Epoch 154/300, all_loss:0.39232 cls_loss:0.30763 rec_loss:8.77649 [1.71s]; best loss:0.26600, patience : 2
2026-07-11 23:59:27,558 P3667910 INFO pr:0.9899  rc:0.9701  auc:0.9979 ap:0.9963 f1: 0.9799 pred_right: 43623 pred_wrong:3177 actu_right: 43558 actu_wrong: 3242
2026-07-11 23:59:27,818 P3667910 INFO pr:0.9836  rc:0.9502  auc:0.9957 ap:0.9939 f1: 0.9666 pred_right: 17919 pred_wrong:1281 actu_right: 17874 actu_wrong: 1326
2026-07-11 23:59:27,818 P3667910 INFO ----------------------------------------------------------------------------------------------------
2026-07-11 23:59:27,818 P3667910 INFO 155/300 starting... lr: 0.0009000000000000001 para:0.01
2026-07-11 23:59:29,553 P3667910 INFO Epoch 155/300, all_loss:0.27131 cls_loss:0.18522 rec_loss:8.79403 [1.73s]; best loss:0.26600, patience : 2
2026-07-11 23:59:30,234 P3667910 INFO pr:0.9824  rc:0.9651  auc:0.9977 ap:0.9956 f1: 0.9737 pred_right: 43617 pred_wrong:3183 actu_right: 43560 actu_wrong: 3240
2026-07-11 23:59:30,515 P3667910 INFO pr:0.9758  rc:0.9412  auc:0.9948 ap:0.9924 f1: 0.9582 pred_right: 17921 pred_wrong:1279 actu_right: 17874 actu_wrong: 1326
2026-07-11 23:59:30,515 P3667910 INFO ----------------------------------------------------------------------------------------------------
2026-07-11 23:59:30,515 P3667910 INFO 156/300 starting... lr: 0.0009000000000000001 para:0.01
2026-07-11 23:59:32,126 P3667910 INFO Epoch 156/300, all_loss:0.33583 cls_loss:0.24991 rec_loss:8.84273 [1.61s]; best loss:0.26600, patience : 3
2026-07-11 23:59:32,824 P3667910 INFO pr:0.9634  rc:0.9830  auc:0.9978 ap:0.9951 f1: 0.9731 pred_right: 43492 pred_wrong:3308 actu_right: 43558 actu_wrong: 3242
2026-07-11 23:59:33,118 P3667910 INFO pr:0.9463  rc:0.9706  auc:0.9960 ap:0.9923 f1: 0.9583 pred_right: 17840 pred_wrong:1360 actu_right: 17874 actu_wrong: 1326
2026-07-11 23:59:33,118 P3667910 INFO ----------------------------------------------------------------------------------------------------
2026-07-11 23:59:33,118 P3667910 INFO 157/300 starting... lr: 0.0009000000000000001 para:0.01
2026-07-11 23:59:34,818 P3667910 INFO Epoch 157/300, all_loss:0.29212 cls_loss:0.20621 rec_loss:8.79733 [1.70s]; best loss:0.26600, patience : 3
2026-07-11 23:59:35,459 P3667910 INFO pr:0.9739  rc:0.9809  auc:0.9977 ap:0.9937 f1: 0.9774 pred_right: 43538 pred_wrong:3262 actu_right: 43561 actu_wrong: 3239
2026-07-11 23:59:35,705 P3667910 INFO pr:0.9740  rc:0.9615  auc:0.9950 ap:0.9914 f1: 0.9677 pred_right: 17891 pred_wrong:1309 actu_right: 17874 actu_wrong: 1326
2026-07-11 23:59:35,705 P3667910 INFO ----------------------------------------------------------------------------------------------------
2026-07-11 23:59:35,706 P3667910 INFO 158/300 starting... lr: 0.0009000000000000001 para:0.01
2026-07-11 23:59:37,367 P3667910 INFO Epoch 158/300, all_loss:0.28774 cls_loss:0.20149 rec_loss:8.82617 [1.66s]; best loss:0.26600, patience : 3
2026-07-11 23:59:37,973 P3667910 INFO pr:0.9732  rc:0.9843  auc:0.9978 ap:0.9952 f1: 0.9787 pred_right: 43522 pred_wrong:3278 actu_right: 43559 actu_wrong: 3241
2026-07-11 23:59:38,234 P3667910 INFO pr:0.9647  rc:0.9698  auc:0.9955 ap:0.9920 f1: 0.9673 pred_right: 17867 pred_wrong:1333 actu_right: 17874 actu_wrong: 1326
2026-07-11 23:59:38,234 P3667910 INFO ----------------------------------------------------------------------------------------------------
2026-07-11 23:59:38,234 P3667910 INFO 159/300 starting... lr: 0.0009000000000000001 para:0.01
2026-07-11 23:59:39,876 P3667910 INFO Epoch 159/300, all_loss:0.29117 cls_loss:0.20565 rec_loss:8.75745 [1.64s]; best loss:0.26600, patience : 4
2026-07-11 23:59:40,544 P3667910 INFO pr:0.9862  rc:0.9744  auc:0.9980 ap:0.9949 f1: 0.9803 pred_right: 43601 pred_wrong:3199 actu_right: 43562 actu_wrong: 3238
2026-07-11 23:59:40,810 P3667910 INFO pr:0.9783  rc:0.9540  auc:0.9973 ap:0.9936 f1: 0.9660 pred_right: 17907 pred_wrong:1293 actu_right: 17874 actu_wrong: 1326
2026-07-11 23:59:40,811 P3667910 INFO ----------------------------------------------------------------------------------------------------
2026-07-11 23:59:40,811 P3667910 INFO 160/300 starting... lr: 0.0009000000000000001 para:0.01
2026-07-11 23:59:42,451 P3667910 INFO Epoch 160/300, all_loss:0.26569 cls_loss:0.17998 rec_loss:8.75176 [1.63s]; best loss:0.26569, patience : 0
2026-07-11 23:59:43,142 P3667910 INFO pr:0.9768  rc:0.9870  auc:0.9980 ap:0.9958 f1: 0.9819 pred_right: 43526 pred_wrong:3274 actu_right: 43560 actu_wrong: 3240
2026-07-11 23:59:43,449 P3667910 INFO pr:0.9743  rc:0.9736  auc:0.9966 ap:0.9940 f1: 0.9740 pred_right: 17875 pred_wrong:1325 actu_right: 17874 actu_wrong: 1326
2026-07-11 23:59:43,455 P3667910 INFO ----------------------------------------------------------------------------------------------------
2026-07-11 23:59:43,455 P3667910 INFO 161/300 starting... lr: 0.0009000000000000001 para:0.01
2026-07-11 23:59:45,023 P3667910 INFO Epoch 161/300, all_loss:0.27852 cls_loss:0.19224 rec_loss:8.82076 [1.57s]; best loss:0.26569, patience : 1
2026-07-11 23:59:45,683 P3667910 INFO pr:0.9873  rc:0.9556  auc:0.9979 ap:0.9956 f1: 0.9712 pred_right: 43661 pred_wrong:3139 actu_right: 43557 actu_wrong: 3243
2026-07-11 23:59:45,970 P3667910 INFO pr:0.9794  rc:0.9329  auc:0.9956 ap:0.9917 f1: 0.9556 pred_right: 17937 pred_wrong:1263 actu_right: 17874 actu_wrong: 1326
2026-07-11 23:59:45,970 P3667910 INFO ----------------------------------------------------------------------------------------------------
2026-07-11 23:59:45,970 P3667910 INFO 162/300 starting... lr: 0.0009000000000000001 para:0.01
2026-07-11 23:59:47,555 P3667910 INFO Epoch 162/300, all_loss:0.24438 cls_loss:0.15758 rec_loss:8.83785 [1.58s]; best loss:0.24438, patience : 0
2026-07-11 23:59:48,226 P3667910 INFO pr:0.9808  rc:0.9790  auc:0.9979 ap:0.9960 f1: 0.9799 pred_right: 43568 pred_wrong:3232 actu_right: 43562 actu_wrong: 3238
2026-07-11 23:59:48,516 P3667910 INFO pr:0.9742  rc:0.9676  auc:0.9963 ap:0.9938 f1: 0.9709 pred_right: 17883 pred_wrong:1317 actu_right: 17874 actu_wrong: 1326
2026-07-11 23:59:48,516 P3667910 INFO ----------------------------------------------------------------------------------------------------
2026-07-11 23:59:48,517 P3667910 INFO 163/300 starting... lr: 0.0009000000000000001 para:0.01
2026-07-11 23:59:50,038 P3667910 INFO Epoch 163/300, all_loss:0.28916 cls_loss:0.20142 rec_loss:8.97599 [1.52s]; best loss:0.24438, patience : 1
2026-07-11 23:59:50,683 P3667910 INFO pr:0.9818  rc:0.9676  auc:0.9977 ap:0.9955 f1: 0.9747 pred_right: 43608 pred_wrong:3192 actu_right: 43561 actu_wrong: 3239
2026-07-11 23:59:50,961 P3667910 INFO pr:0.9745  rc:0.9517  auc:0.9958 ap:0.9917 f1: 0.9630 pred_right: 17905 pred_wrong:1295 actu_right: 17874 actu_wrong: 1326
2026-07-11 23:59:50,961 P3667910 INFO ----------------------------------------------------------------------------------------------------
2026-07-11 23:59:50,961 P3667910 INFO 164/300 starting... lr: 0.0009000000000000001 para:0.01
2026-07-11 23:59:52,548 P3667910 INFO Epoch 164/300, all_loss:0.24627 cls_loss:0.15724 rec_loss:9.06064 [1.59s]; best loss:0.24438, patience : 1
2026-07-11 23:59:53,210 P3667910 INFO pr:0.9879  rc:0.9577  auc:0.9979 ap:0.9959 f1: 0.9726 pred_right: 43659 pred_wrong:3141 actu_right: 43560 actu_wrong: 3240
2026-07-11 23:59:53,498 P3667910 INFO pr:0.9866  rc:0.9404  auc:0.9964 ap:0.9935 f1: 0.9629 pred_right: 17936 pred_wrong:1264 actu_right: 17874 actu_wrong: 1326
2026-07-11 23:59:53,499 P3667910 INFO ----------------------------------------------------------------------------------------------------
2026-07-11 23:59:53,499 P3667910 INFO 165/300 starting... lr: 0.0009000000000000001 para:0.01
2026-07-11 23:59:55,201 P3667910 INFO Epoch 165/300, all_loss:0.26053 cls_loss:0.17331 rec_loss:8.89477 [1.70s]; best loss:0.24438, patience : 2
2026-07-11 23:59:55,971 P3667910 INFO pr:0.9788  rc:0.9824  auc:0.9979 ap:0.9960 f1: 0.9806 pred_right: 43547 pred_wrong:3253 actu_right: 43559 actu_wrong: 3241
2026-07-11 23:59:56,271 P3667910 INFO pr:0.9734  rc:0.9661  auc:0.9960 ap:0.9929 f1: 0.9697 pred_right: 17884 pred_wrong:1316 actu_right: 17874 actu_wrong: 1326
2026-07-11 23:59:56,272 P3667910 INFO ----------------------------------------------------------------------------------------------------
2026-07-11 23:59:56,272 P3667910 INFO 166/300 starting... lr: 0.0009000000000000001 para:0.01
2026-07-11 23:59:57,923 P3667910 INFO Epoch 166/300, all_loss:0.37681 cls_loss:0.29064 rec_loss:8.90814 [1.65s]; best loss:0.24438, patience : 3
2026-07-11 23:59:58,560 P3667910 INFO pr:0.9892  rc:0.9602  auc:0.9980 ap:0.9961 f1: 0.9745 pred_right: 43654 pred_wrong:3146 actu_right: 43559 actu_wrong: 3241
2026-07-11 23:59:58,811 P3667910 INFO pr:0.9850  rc:0.9419  auc:0.9959 ap:0.9945 f1: 0.9630 pred_right: 17932 pred_wrong:1268 actu_right: 17874 actu_wrong: 1326
2026-07-11 23:59:58,811 P3667910 INFO ----------------------------------------------------------------------------------------------------
2026-07-11 23:59:58,811 P3667910 INFO 167/300 starting... lr: 0.0009000000000000001 para:0.01
2026-07-12 00:00:00,505 P3667910 INFO Epoch 167/300, all_loss:0.29160 cls_loss:0.20524 rec_loss:8.84079 [1.69s]; best loss:0.24438, patience : 3
2026-07-12 00:00:01,096 P3667910 INFO pr:0.9830  rc:0.9799  auc:0.9979 ap:0.9960 f1: 0.9815 pred_right: 43570 pred_wrong:3230 actu_right: 43560 actu_wrong: 3240
2026-07-12 00:00:01,350 P3667910 INFO pr:0.9777  rc:0.9600  auc:0.9962 ap:0.9937 f1: 0.9688 pred_right: 17898 pred_wrong:1302 actu_right: 17874 actu_wrong: 1326
2026-07-12 00:00:01,350 P3667910 INFO ----------------------------------------------------------------------------------------------------
2026-07-12 00:00:01,350 P3667910 INFO 168/300 starting... lr: 0.0009000000000000001 para:0.01
2026-07-12 00:00:02,981 P3667910 INFO Epoch 168/300, all_loss:0.22340 cls_loss:0.13648 rec_loss:8.82835 [1.63s]; best loss:0.22340, patience : 0
2026-07-12 00:00:03,594 P3667910 INFO pr:0.9820  rc:0.9762  auc:0.9980 ap:0.9963 f1: 0.9791 pred_right: 43581 pred_wrong:3219 actu_right: 43562 actu_wrong: 3238
2026-07-12 00:00:03,828 P3667910 INFO pr:0.9784  rc:0.9563  auc:0.9958 ap:0.9946 f1: 0.9672 pred_right: 17904 pred_wrong:1296 actu_right: 17874 actu_wrong: 1326
2026-07-12 00:00:03,829 P3667910 INFO ----------------------------------------------------------------------------------------------------
2026-07-12 00:00:03,829 P3667910 INFO 169/300 starting... lr: 0.0009000000000000001 para:0.01
2026-07-12 00:00:05,416 P3667910 INFO Epoch 169/300, all_loss:0.25322 cls_loss:0.16638 rec_loss:8.85024 [1.59s]; best loss:0.22340, patience : 1
2026-07-12 00:00:06,118 P3667910 INFO pr:0.9803  rc:0.9812  auc:0.9979 ap:0.9963 f1: 0.9807 pred_right: 43556 pred_wrong:3244 actu_right: 43559 actu_wrong: 3241
2026-07-12 00:00:06,421 P3667910 INFO pr:0.9740  rc:0.9615  auc:0.9965 ap:0.9937 f1: 0.9677 pred_right: 17891 pred_wrong:1309 actu_right: 17874 actu_wrong: 1326
2026-07-12 00:00:06,422 P3667910 INFO ----------------------------------------------------------------------------------------------------
2026-07-12 00:00:06,422 P3667910 INFO 170/300 starting... lr: 0.0009000000000000001 para:0.01
2026-07-12 00:00:08,133 P3667910 INFO Epoch 170/300, all_loss:0.20794 cls_loss:0.12008 rec_loss:8.90568 [1.71s]; best loss:0.20794, patience : 0
2026-07-12 00:00:08,785 P3667910 INFO pr:0.9764  rc:0.9815  auc:0.9978 ap:0.9962 f1: 0.9789 pred_right: 43542 pred_wrong:3258 actu_right: 43559 actu_wrong: 3241
2026-07-12 00:00:09,082 P3667910 INFO pr:0.9654  rc:0.9683  auc:0.9965 ap:0.9935 f1: 0.9669 pred_right: 17870 pred_wrong:1330 actu_right: 17874 actu_wrong: 1326
2026-07-12 00:00:09,083 P3667910 INFO ----------------------------------------------------------------------------------------------------
2026-07-12 00:00:09,083 P3667910 INFO 171/300 starting... lr: 0.0009000000000000001 para:0.01
2026-07-12 00:00:10,795 P3667910 INFO Epoch 171/300, all_loss:0.26032 cls_loss:0.17308 rec_loss:8.89671 [1.71s]; best loss:0.20794, patience : 1
2026-07-12 00:00:11,562 P3667910 INFO pr:0.9821  rc:0.9793  auc:0.9980 ap:0.9963 f1: 0.9807 pred_right: 43568 pred_wrong:3232 actu_right: 43559 actu_wrong: 3241
2026-07-12 00:00:11,852 P3667910 INFO pr:0.9801  rc:0.9646  auc:0.9979 ap:0.9951 f1: 0.9723 pred_right: 17895 pred_wrong:1305 actu_right: 17874 actu_wrong: 1326
2026-07-12 00:00:11,852 P3667910 INFO ----------------------------------------------------------------------------------------------------
2026-07-12 00:00:11,852 P3667910 INFO 172/300 starting... lr: 0.0009000000000000001 para:0.01
2026-07-12 00:00:13,604 P3667910 INFO Epoch 172/300, all_loss:0.28859 cls_loss:0.20104 rec_loss:8.95645 [1.75s]; best loss:0.20794, patience : 2
2026-07-12 00:00:14,256 P3667910 INFO pr:0.9914  rc:0.9599  auc:0.9978 ap:0.9965 f1: 0.9754 pred_right: 43663 pred_wrong:3137 actu_right: 43560 actu_wrong: 3240
2026-07-12 00:00:14,531 P3667910 INFO pr:0.9865  rc:0.9389  auc:0.9961 ap:0.9942 f1: 0.9621 pred_right: 17938 pred_wrong:1262 actu_right: 17874 actu_wrong: 1326
2026-07-12 00:00:14,531 P3667910 INFO ----------------------------------------------------------------------------------------------------
2026-07-12 00:00:14,531 P3667910 INFO 173/300 starting... lr: 0.0009000000000000001 para:0.01
2026-07-12 00:00:16,135 P3667910 INFO Epoch 173/300, all_loss:0.22083 cls_loss:0.13235 rec_loss:8.98050 [1.60s]; best loss:0.20794, patience : 2
2026-07-12 00:00:16,860 P3667910 INFO pr:0.9780  rc:0.9858  auc:0.9980 ap:0.9962 f1: 0.9819 pred_right: 43531 pred_wrong:3269 actu_right: 43557 actu_wrong: 3243
2026-07-12 00:00:17,172 P3667910 INFO pr:0.9670  rc:0.9721  auc:0.9961 ap:0.9937 f1: 0.9695 pred_right: 17867 pred_wrong:1333 actu_right: 17874 actu_wrong: 1326
2026-07-12 00:00:17,173 P3667910 INFO ----------------------------------------------------------------------------------------------------
2026-07-12 00:00:17,173 P3667910 INFO 174/300 starting... lr: 0.0009000000000000001 para:0.01
2026-07-12 00:00:20,010 P3667910 INFO Epoch 174/300, all_loss:0.29123 cls_loss:0.20408 rec_loss:8.91901 [2.84s]; best loss:0.20794, patience : 3
2026-07-12 00:00:20,502 P3667910 INFO pr:0.9801  rc:0.9731  auc:0.9979 ap:0.9956 f1: 0.9766 pred_right: 43583 pred_wrong:3217 actu_right: 43560 actu_wrong: 3240
2026-07-12 00:00:20,700 P3667910 INFO pr:0.9747  rc:0.9570  auc:0.9964 ap:0.9924 f1: 0.9658 pred_right: 17898 pred_wrong:1302 actu_right: 17874 actu_wrong: 1326
2026-07-12 00:00:20,701 P3667910 INFO ----------------------------------------------------------------------------------------------------
2026-07-12 00:00:20,701 P3667910 INFO 175/300 starting... lr: 0.0009000000000000001 para:0.01
2026-07-12 00:00:21,862 P3667910 INFO Epoch 175/300, all_loss:0.24733 cls_loss:0.15879 rec_loss:9.01238 [1.16s]; best loss:0.20794, patience : 3
2026-07-12 00:00:22,348 P3667910 INFO pr:0.9778  rc:0.9765  auc:0.9976 ap:0.9947 f1: 0.9771 pred_right: 43564 pred_wrong:3236 actu_right: 43560 actu_wrong: 3240
2026-07-12 00:00:22,556 P3667910 INFO pr:0.9688  rc:0.9615  auc:0.9946 ap:0.9919 f1: 0.9652 pred_right: 17884 pred_wrong:1316 actu_right: 17874 actu_wrong: 1326
2026-07-12 00:00:22,556 P3667910 INFO ----------------------------------------------------------------------------------------------------
2026-07-12 00:00:22,556 P3667910 INFO 176/300 starting... lr: 0.0009000000000000001 para:0.01
2026-07-12 00:00:23,792 P3667910 INFO Epoch 176/300, all_loss:0.26897 cls_loss:0.18082 rec_loss:8.99612 [1.24s]; best loss:0.20794, patience : 4
2026-07-12 00:00:24,281 P3667910 INFO pr:0.9890  rc:0.9728  auc:0.9980 ap:0.9961 f1: 0.9809 pred_right: 43613 pred_wrong:3187 actu_right: 43560 actu_wrong: 3240
2026-07-12 00:00:24,488 P3667910 INFO pr:0.9798  rc:0.9532  auc:0.9954 ap:0.9933 f1: 0.9664 pred_right: 17910 pred_wrong:1290 actu_right: 17874 actu_wrong: 1326
2026-07-12 00:00:24,489 P3667910 INFO ----------------------------------------------------------------------------------------------------
2026-07-12 00:00:24,489 P3667910 INFO 177/300 starting... lr: 0.0009000000000000001 para:0.01
2026-07-12 00:00:25,941 P3667910 INFO Epoch 177/300, all_loss:0.19623 cls_loss:0.10773 rec_loss:8.95761 [1.45s]; best loss:0.19623, patience : 0
2026-07-12 00:00:26,517 P3667910 INFO pr:0.9881  rc:0.9731  auc:0.9979 ap:0.9962 f1: 0.9806 pred_right: 43609 pred_wrong:3191 actu_right: 43560 actu_wrong: 3240
2026-07-12 00:00:26,768 P3667910 INFO pr:0.9822  rc:0.9563  auc:0.9954 ap:0.9931 f1: 0.9690 pred_right: 17909 pred_wrong:1291 actu_right: 17874 actu_wrong: 1326
2026-07-12 00:00:26,768 P3667910 INFO ----------------------------------------------------------------------------------------------------
2026-07-12 00:00:26,768 P3667910 INFO 178/300 starting... lr: 0.0009000000000000001 para:0.01
2026-07-12 00:00:28,368 P3667910 INFO Epoch 178/300, all_loss:0.20015 cls_loss:0.11162 rec_loss:8.96417 [1.60s]; best loss:0.19623, patience : 1
2026-07-12 00:00:28,995 P3667910 INFO pr:0.9850  rc:0.9713  auc:0.9978 ap:0.9957 f1: 0.9781 pred_right: 43607 pred_wrong:3193 actu_right: 43562 actu_wrong: 3238
2026-07-12 00:00:29,235 P3667910 INFO pr:0.9783  rc:0.9517  auc:0.9962 ap:0.9932 f1: 0.9648 pred_right: 17910 pred_wrong:1290 actu_right: 17874 actu_wrong: 1326
2026-07-12 00:00:29,235 P3667910 INFO ----------------------------------------------------------------------------------------------------
2026-07-12 00:00:29,235 P3667910 INFO 179/300 starting... lr: 0.0009000000000000001 para:0.01
2026-07-12 00:00:30,683 P3667910 INFO Epoch 179/300, all_loss:0.24428 cls_loss:0.15611 rec_loss:8.97289 [1.45s]; best loss:0.19623, patience : 2
2026-07-12 00:00:31,228 P3667910 INFO pr:0.9744  rc:0.9741  auc:0.9979 ap:0.9953 f1: 0.9742 pred_right: 43564 pred_wrong:3236 actu_right: 43563 actu_wrong: 3237
2026-07-12 00:00:31,461 P3667910 INFO pr:0.9687  rc:0.9563  auc:0.9960 ap:0.9912 f1: 0.9624 pred_right: 17891 pred_wrong:1309 actu_right: 17874 actu_wrong: 1326
2026-07-12 00:00:31,462 P3667910 INFO ----------------------------------------------------------------------------------------------------
2026-07-12 00:00:31,462 P3667910 INFO 180/300 starting... lr: 0.0009000000000000001 para:0.01
2026-07-12 00:00:34,459 P3667910 INFO Epoch 180/300, all_loss:0.20031 cls_loss:0.11195 rec_loss:8.94799 [3.00s]; best loss:0.19623, patience : 2
2026-07-12 00:00:36,501 P3667910 INFO pr:0.9727  rc:0.9883  auc:0.9980 ap:0.9960 f1: 0.9804 pred_right: 43509 pred_wrong:3291 actu_right: 43561 actu_wrong: 3239
2026-07-12 00:00:36,950 P3667910 INFO pr:0.9656  rc:0.9744  auc:0.9967 ap:0.9936 f1: 0.9700 pred_right: 17862 pred_wrong:1338 actu_right: 17874 actu_wrong: 1326
2026-07-12 00:00:36,950 P3667910 INFO ----------------------------------------------------------------------------------------------------
2026-07-12 00:00:36,951 P3667910 INFO 181/300 starting... lr: 0.0009000000000000001 para:0.01
2026-07-12 00:00:41,838 P3667910 INFO Epoch 181/300, all_loss:0.26968 cls_loss:0.18305 rec_loss:8.84645 [4.89s]; best loss:0.19623, patience : 3
2026-07-12 00:00:44,201 P3667910 INFO pr:0.9803  rc:0.9673  auc:0.9976 ap:0.9936 f1: 0.9737 pred_right: 43604 pred_wrong:3196 actu_right: 43561 actu_wrong: 3239
2026-07-12 00:00:44,673 P3667910 INFO pr:0.9730  rc:0.9495  auc:0.9958 ap:0.9907 f1: 0.9611 pred_right: 17906 pred_wrong:1294 actu_right: 17874 actu_wrong: 1326
2026-07-12 00:00:44,674 P3667910 INFO ----------------------------------------------------------------------------------------------------
2026-07-12 00:00:44,674 P3667910 INFO 182/300 starting... lr: 0.0009000000000000001 para:0.01
2026-07-12 00:00:46,702 P3667910 INFO Epoch 182/300, all_loss:0.24070 cls_loss:0.15358 rec_loss:8.86652 [2.03s]; best loss:0.19623, patience : 3
2026-07-12 00:00:47,443 P3667910 INFO pr:0.9909  rc:0.9781  auc:0.9979 ap:0.9965 f1: 0.9845 pred_right: 43603 pred_wrong:3197 actu_right: 43561 actu_wrong: 3239
2026-07-12 00:00:47,746 P3667910 INFO pr:0.9822  rc:0.9585  auc:0.9951 ap:0.9936 f1: 0.9702 pred_right: 17906 pred_wrong:1294 actu_right: 17874 actu_wrong: 1326
2026-07-12 00:00:47,751 P3667910 INFO ----------------------------------------------------------------------------------------------------
2026-07-12 00:00:47,751 P3667910 INFO 183/300 starting... lr: 0.0009000000000000001 para:0.01
2026-07-12 00:00:49,573 P3667910 INFO Epoch 183/300, all_loss:0.19102 cls_loss:0.10390 rec_loss:8.81638 [1.82s]; best loss:0.19102, patience : 0
2026-07-12 00:00:50,188 P3667910 INFO pr:0.9745  rc:0.9772  auc:0.9978 ap:0.9954 f1: 0.9758 pred_right: 43550 pred_wrong:3250 actu_right: 43559 actu_wrong: 3241
2026-07-12 00:00:50,458 P3667910 INFO pr:0.9674  rc:0.9615  auc:0.9955 ap:0.9922 f1: 0.9644 pred_right: 17882 pred_wrong:1318 actu_right: 17874 actu_wrong: 1326
2026-07-12 00:00:50,459 P3667910 INFO ----------------------------------------------------------------------------------------------------
2026-07-12 00:00:50,466 P3667910 INFO 184/300 starting... lr: 0.0009000000000000001 para:0.01
2026-07-12 00:00:52,132 P3667910 INFO Epoch 184/300, all_loss:0.24232 cls_loss:0.15525 rec_loss:8.86257 [1.67s]; best loss:0.19102, patience : 1
2026-07-12 00:00:52,758 P3667910 INFO pr:0.9866  rc:0.9738  auc:0.9979 ap:0.9960 f1: 0.9801 pred_right: 43600 pred_wrong:3200 actu_right: 43558 actu_wrong: 3242
2026-07-12 00:00:53,038 P3667910 INFO pr:0.9822  rc:0.9555  auc:0.9953 ap:0.9936 f1: 0.9687 pred_right: 17910 pred_wrong:1290 actu_right: 17874 actu_wrong: 1326
2026-07-12 00:00:53,038 P3667910 INFO ----------------------------------------------------------------------------------------------------
2026-07-12 00:00:53,038 P3667910 INFO 185/300 starting... lr: 0.0009000000000000001 para:0.01
2026-07-12 00:00:54,736 P3667910 INFO Epoch 185/300, all_loss:0.21470 cls_loss:0.12852 rec_loss:8.74643 [1.70s]; best loss:0.19102, patience : 1
2026-07-12 00:00:55,471 P3667910 INFO pr:0.9887  rc:0.9750  auc:0.9979 ap:0.9963 f1: 0.9818 pred_right: 43605 pred_wrong:3195 actu_right: 43560 actu_wrong: 3240
2026-07-12 00:00:55,771 P3667910 INFO pr:0.9806  rc:0.9548  auc:0.9950 ap:0.9933 f1: 0.9675 pred_right: 17909 pred_wrong:1291 actu_right: 17874 actu_wrong: 1326
2026-07-12 00:00:55,771 P3667910 INFO ----------------------------------------------------------------------------------------------------
2026-07-12 00:00:55,771 P3667910 INFO 186/300 starting... lr: 0.0009000000000000001 para:0.01
2026-07-12 00:00:57,433 P3667910 INFO Epoch 186/300, all_loss:0.19203 cls_loss:0.10427 rec_loss:8.88024 [1.66s]; best loss:0.19102, patience : 1
2026-07-12 00:00:58,013 P3667910 INFO pr:0.9887  rc:0.9756  auc:0.9980 ap:0.9964 f1: 0.9821 pred_right: 43602 pred_wrong:3198 actu_right: 43559 actu_wrong: 3241
2026-07-12 00:00:58,261 P3667910 INFO pr:0.9823  rc:0.9630  auc:0.9957 ap:0.9932 f1: 0.9726 pred_right: 17900 pred_wrong:1300 actu_right: 17874 actu_wrong: 1326
2026-07-12 00:00:58,262 P3667910 INFO ----------------------------------------------------------------------------------------------------
2026-07-12 00:00:58,262 P3667910 INFO 187/300 starting... lr: 0.0009000000000000001 para:0.01
2026-07-12 00:00:59,887 P3667910 INFO Epoch 187/300, all_loss:0.21183 cls_loss:0.12472 rec_loss:8.83553 [1.63s]; best loss:0.19102, patience : 2
2026-07-12 00:01:00,524 P3667910 INFO pr:0.9841  rc:0.9738  auc:0.9980 ap:0.9955 f1: 0.9789 pred_right: 43593 pred_wrong:3207 actu_right: 43559 actu_wrong: 3241
2026-07-12 00:01:00,817 P3667910 INFO pr:0.9709  rc:0.9578  auc:0.9959 ap:0.9914 f1: 0.9643 pred_right: 17892 pred_wrong:1308 actu_right: 17874 actu_wrong: 1326
2026-07-12 00:01:00,817 P3667910 INFO ----------------------------------------------------------------------------------------------------
2026-07-12 00:01:00,824 P3667910 INFO 188/300 starting... lr: 0.0009000000000000001 para:0.01
2026-07-12 00:01:02,458 P3667910 INFO Epoch 188/300, all_loss:0.18923 cls_loss:0.10181 rec_loss:8.84411 [1.63s]; best loss:0.18923, patience : 0
2026-07-12 00:01:03,135 P3667910 INFO pr:0.9750  rc:0.9861  auc:0.9979 ap:0.9955 f1: 0.9805 pred_right: 43522 pred_wrong:3278 actu_right: 43559 actu_wrong: 3241
2026-07-12 00:01:03,430 P3667910 INFO pr:0.9707  rc:0.9736  auc:0.9956 ap:0.9918 f1: 0.9721 pred_right: 17870 pred_wrong:1330 actu_right: 17874 actu_wrong: 1326
2026-07-12 00:01:03,430 P3667910 INFO ----------------------------------------------------------------------------------------------------
2026-07-12 00:01:03,430 P3667910 INFO 189/300 starting... lr: 0.0009000000000000001 para:0.01
2026-07-12 00:01:05,089 P3667910 INFO Epoch 189/300, all_loss:0.20398 cls_loss:0.11643 rec_loss:8.87224 [1.66s]; best loss:0.18923, patience : 1
2026-07-12 00:01:05,708 P3667910 INFO pr:0.9794  rc:0.9830  auc:0.9978 ap:0.9935 f1: 0.9812 pred_right: 43546 pred_wrong:3254 actu_right: 43558 actu_wrong: 3242
2026-07-12 00:01:05,945 P3667910 INFO pr:0.9778  rc:0.9615  auc:0.9957 ap:0.9913 f1: 0.9696 pred_right: 17896 pred_wrong:1304 actu_right: 17874 actu_wrong: 1326
2026-07-12 00:01:05,946 P3667910 INFO ----------------------------------------------------------------------------------------------------
2026-07-12 00:01:05,946 P3667910 INFO 190/300 starting... lr: 0.0009000000000000001 para:0.01
2026-07-12 00:01:07,625 P3667910 INFO Epoch 190/300, all_loss:0.26326 cls_loss:0.17549 rec_loss:8.95222 [1.68s]; best loss:0.18923, patience : 2
2026-07-12 00:01:08,314 P3667910 INFO pr:0.9845  rc:0.9796  auc:0.9979 ap:0.9964 f1: 0.9821 pred_right: 43574 pred_wrong:3226 actu_right: 43558 actu_wrong: 3242
2026-07-12 00:01:08,580 P3667910 INFO pr:0.9771  rc:0.9668  auc:0.9957 ap:0.9944 f1: 0.9719 pred_right: 17888 pred_wrong:1312 actu_right: 17874 actu_wrong: 1326
2026-07-12 00:01:08,581 P3667910 INFO ----------------------------------------------------------------------------------------------------
2026-07-12 00:01:08,581 P3667910 INFO 191/300 starting... lr: 0.0009000000000000001 para:0.01
2026-07-12 00:01:10,244 P3667910 INFO Epoch 191/300, all_loss:0.26899 cls_loss:0.18153 rec_loss:8.92739 [1.66s]; best loss:0.18923, patience : 3
2026-07-12 00:01:10,935 P3667910 INFO pr:0.9749  rc:0.9840  auc:0.9979 ap:0.9964 f1: 0.9794 pred_right: 43529 pred_wrong:3271 actu_right: 43559 actu_wrong: 3241
2026-07-12 00:01:11,212 P3667910 INFO pr:0.9641  rc:0.9721  auc:0.9951 ap:0.9928 f1: 0.9681 pred_right: 17863 pred_wrong:1337 actu_right: 17874 actu_wrong: 1326
2026-07-12 00:01:11,212 P3667910 INFO ----------------------------------------------------------------------------------------------------
2026-07-12 00:01:11,212 P3667910 INFO 192/300 starting... lr: 0.0009000000000000001 para:0.01
2026-07-12 00:01:12,838 P3667910 INFO Epoch 192/300, all_loss:0.23578 cls_loss:0.14864 rec_loss:8.86256 [1.63s]; best loss:0.18923, patience : 3
2026-07-12 00:01:13,480 P3667910 INFO pr:0.9866  rc:0.9735  auc:0.9979 ap:0.9959 f1: 0.9800 pred_right: 43600 pred_wrong:3200 actu_right: 43557 actu_wrong: 3243
2026-07-12 00:01:13,755 P3667910 INFO pr:0.9799  rc:0.9578  auc:0.9953 ap:0.9935 f1: 0.9687 pred_right: 17904 pred_wrong:1296 actu_right: 17874 actu_wrong: 1326
2026-07-12 00:01:13,756 P3667910 INFO ----------------------------------------------------------------------------------------------------
2026-07-12 00:01:13,756 P3667910 INFO 193/300 starting... lr: 0.0009000000000000001 para:0.01
2026-07-12 00:01:15,355 P3667910 INFO Epoch 193/300, all_loss:0.18699 cls_loss:0.09907 rec_loss:8.89088 [1.60s]; best loss:0.18699, patience : 0
2026-07-12 00:01:16,015 P3667910 INFO pr:0.9906  rc:0.9720  auc:0.9979 ap:0.9961 f1: 0.9812 pred_right: 43616 pred_wrong:3184 actu_right: 43555 actu_wrong: 3245
2026-07-12 00:01:16,248 P3667910 INFO pr:0.9844  rc:0.9502  auc:0.9952 ap:0.9935 f1: 0.9670 pred_right: 17920 pred_wrong:1280 actu_right: 17874 actu_wrong: 1326
2026-07-12 00:01:16,248 P3667910 INFO ----------------------------------------------------------------------------------------------------
2026-07-12 00:01:16,256 P3667910 INFO 194/300 starting... lr: 0.0009000000000000001 para:0.01
2026-07-12 00:01:17,848 P3667910 INFO Epoch 194/300, all_loss:0.16353 cls_loss:0.07611 rec_loss:8.81832 [1.59s]; best loss:0.16353, patience : 0
2026-07-12 00:01:18,435 P3667910 INFO pr:0.9891  rc:0.9784  auc:0.9979 ap:0.9961 f1: 0.9837 pred_right: 43596 pred_wrong:3204 actu_right: 43561 actu_wrong: 3239
2026-07-12 00:01:18,672 P3667910 INFO pr:0.9815  rc:0.9593  auc:0.9955 ap:0.9936 f1: 0.9703 pred_right: 17904 pred_wrong:1296 actu_right: 17874 actu_wrong: 1326
2026-07-12 00:01:18,672 P3667910 INFO ----------------------------------------------------------------------------------------------------
2026-07-12 00:01:18,672 P3667910 INFO 195/300 starting... lr: 0.0009000000000000001 para:0.01
2026-07-12 00:01:20,422 P3667910 INFO Epoch 195/300, all_loss:0.15456 cls_loss:0.06767 rec_loss:8.75699 [1.75s]; best loss:0.15456, patience : 0
2026-07-12 00:01:21,049 P3667910 INFO pr:0.9839  rc:0.9809  auc:0.9979 ap:0.9961 f1: 0.9824 pred_right: 43568 pred_wrong:3232 actu_right: 43558 actu_wrong: 3242
2026-07-12 00:01:21,298 P3667910 INFO pr:0.9786  rc:0.9653  auc:0.9953 ap:0.9937 f1: 0.9719 pred_right: 17892 pred_wrong:1308 actu_right: 17874 actu_wrong: 1326
2026-07-12 00:01:21,298 P3667910 INFO ----------------------------------------------------------------------------------------------------
2026-07-12 00:01:21,298 P3667910 INFO 196/300 starting... lr: 0.0009000000000000001 para:0.01
2026-07-12 00:01:22,905 P3667910 INFO Epoch 196/300, all_loss:0.16755 cls_loss:0.08045 rec_loss:8.79064 [1.61s]; best loss:0.15456, patience : 1
2026-07-12 00:01:23,512 P3667910 INFO pr:0.9778  rc:0.9796  auc:0.9979 ap:0.9959 f1: 0.9787 pred_right: 43552 pred_wrong:3248 actu_right: 43558 actu_wrong: 3242
2026-07-12 00:01:23,770 P3667910 INFO pr:0.9659  rc:0.9608  auc:0.9957 ap:0.9930 f1: 0.9633 pred_right: 17881 pred_wrong:1319 actu_right: 17874 actu_wrong: 1326
2026-07-12 00:01:23,770 P3667910 INFO ----------------------------------------------------------------------------------------------------
2026-07-12 00:01:23,770 P3667910 INFO 197/300 starting... lr: 0.0009000000000000001 para:0.01
2026-07-12 00:01:25,435 P3667910 INFO Epoch 197/300, all_loss:0.31366 cls_loss:0.22820 rec_loss:8.77423 [1.66s]; best loss:0.15456, patience : 2
2026-07-12 00:01:26,066 P3667910 INFO pr:0.9750  rc:0.9889  auc:0.9980 ap:0.9960 f1: 0.9819 pred_right: 43514 pred_wrong:3286 actu_right: 43560 actu_wrong: 3240
2026-07-12 00:01:26,318 P3667910 INFO pr:0.9663  rc:0.9736  auc:0.9977 ap:0.9933 f1: 0.9699 pred_right: 17864 pred_wrong:1336 actu_right: 17874 actu_wrong: 1326
2026-07-12 00:01:26,318 P3667910 INFO ----------------------------------------------------------------------------------------------------
2026-07-12 00:01:26,326 P3667910 INFO 198/300 starting... lr: 0.0009000000000000001 para:0.01
2026-07-12 00:01:27,839 P3667910 INFO Epoch 198/300, all_loss:0.20678 cls_loss:0.11955 rec_loss:8.84254 [1.51s]; best loss:0.15456, patience : 2
2026-07-12 00:01:28,443 P3667910 INFO pr:0.9821  rc:0.9796  auc:0.9978 ap:0.9957 f1: 0.9808 pred_right: 43567 pred_wrong:3233 actu_right: 43559 actu_wrong: 3241
2026-07-12 00:01:28,695 P3667910 INFO pr:0.9747  rc:0.9600  auc:0.9964 ap:0.9925 f1: 0.9673 pred_right: 17894 pred_wrong:1306 actu_right: 17874 actu_wrong: 1326
2026-07-12 00:01:28,695 P3667910 INFO ----------------------------------------------------------------------------------------------------
2026-07-12 00:01:28,695 P3667910 INFO 199/300 starting... lr: 0.0009000000000000001 para:0.01
2026-07-12 00:01:30,234 P3667910 INFO Epoch 199/300, all_loss:0.28482 cls_loss:0.19906 rec_loss:8.77475 [1.54s]; best loss:0.15456, patience : 3
2026-07-12 00:01:30,841 P3667910 INFO pr:0.9884  rc:0.9744  auc:0.9979 ap:0.9961 f1: 0.9814 pred_right: 43605 pred_wrong:3195 actu_right: 43559 actu_wrong: 3241
2026-07-12 00:01:31,073 P3667910 INFO pr:0.9762  rc:0.9578  auc:0.9973 ap:0.9944 f1: 0.9669 pred_right: 17899 pred_wrong:1301 actu_right: 17874 actu_wrong: 1326
2026-07-12 00:01:31,073 P3667910 INFO ----------------------------------------------------------------------------------------------------
2026-07-12 00:01:31,074 P3667910 INFO 200/300 starting... lr: 0.0008100000000000001 para:0.01
2026-07-12 00:01:32,654 P3667910 INFO Epoch 200/300, all_loss:0.20494 cls_loss:0.11829 rec_loss:8.78312 [1.58s]; best loss:0.15456, patience : 3
2026-07-12 00:01:33,185 P3667910 INFO pr:0.9923  rc:0.9497  auc:0.9976 ap:0.9956 f1: 0.9705 pred_right: 43697 pred_wrong:3103 actu_right: 43558 actu_wrong: 3242
2026-07-12 00:01:33,431 P3667910 INFO pr:0.9871  rc:0.9253  auc:0.9960 ap:0.9937 f1: 0.9552 pred_right: 17957 pred_wrong:1243 actu_right: 17874 actu_wrong: 1326
2026-07-12 00:01:33,432 P3667910 INFO ----------------------------------------------------------------------------------------------------
2026-07-12 00:01:33,432 P3667910 INFO 201/300 starting... lr: 0.0008100000000000001 para:0.01
2026-07-12 00:01:35,040 P3667910 INFO Epoch 201/300, all_loss:0.23462 cls_loss:0.14937 rec_loss:8.67411 [1.61s]; best loss:0.15456, patience : 4
2026-07-12 00:01:35,636 P3667910 INFO pr:0.9838  rc:0.9775  auc:0.9975 ap:0.9954 f1: 0.9806 pred_right: 43583 pred_wrong:3217 actu_right: 43562 actu_wrong: 3238
2026-07-12 00:01:35,938 P3667910 INFO pr:0.9748  rc:0.9646  auc:0.9974 ap:0.9942 f1: 0.9697 pred_right: 17888 pred_wrong:1312 actu_right: 17874 actu_wrong: 1326
2026-07-12 00:01:35,938 P3667910 INFO ----------------------------------------------------------------------------------------------------
2026-07-12 00:01:35,938 P3667910 INFO 202/300 starting... lr: 0.0008100000000000001 para:0.01
2026-07-12 00:01:37,543 P3667910 INFO Epoch 202/300, all_loss:0.16324 cls_loss:0.07750 rec_loss:8.65169 [1.60s]; best loss:0.15456, patience : 4
2026-07-12 00:01:38,213 P3667910 INFO pr:0.9857  rc:0.9793  auc:0.9980 ap:0.9961 f1: 0.9825 pred_right: 43581 pred_wrong:3219 actu_right: 43560 actu_wrong: 3240
2026-07-12 00:01:38,493 P3667910 INFO pr:0.9823  rc:0.9630  auc:0.9971 ap:0.9949 f1: 0.9726 pred_right: 17900 pred_wrong:1300 actu_right: 17874 actu_wrong: 1326
2026-07-12 00:01:38,494 P3667910 INFO ----------------------------------------------------------------------------------------------------
2026-07-12 00:01:38,494 P3667910 INFO 203/300 starting... lr: 0.0008100000000000001 para:0.01
2026-07-12 00:01:40,126 P3667910 INFO Epoch 203/300, all_loss:0.17296 cls_loss:0.08821 rec_loss:8.56327 [1.63s]; best loss:0.15456, patience : 5
2026-07-12 00:01:40,754 P3667910 INFO pr:0.9815  rc:0.9478  auc:0.9969 ap:0.9935 f1: 0.9643 pred_right: 43672 pred_wrong:3128 actu_right: 43561 actu_wrong: 3239
2026-07-12 00:01:40,997 P3667910 INFO pr:0.9764  rc:0.9344  auc:0.9966 ap:0.9912 f1: 0.9549 pred_right: 17931 pred_wrong:1269 actu_right: 17874 actu_wrong: 1326
2026-07-12 00:01:40,998 P3667910 INFO ----------------------------------------------------------------------------------------------------
2026-07-12 00:01:40,998 P3667910 INFO 204/300 starting... lr: 0.0008100000000000001 para:0.01
2026-07-12 00:01:42,552 P3667910 INFO Epoch 204/300, all_loss:0.25748 cls_loss:0.17342 rec_loss:8.57886 [1.55s]; best loss:0.15456, patience : 6
2026-07-12 00:01:43,232 P3667910 INFO pr:0.9836  rc:0.9843  auc:0.9979 ap:0.9955 f1: 0.9840 pred_right: 43559 pred_wrong:3241 actu_right: 43561 actu_wrong: 3239
2026-07-12 00:01:43,515 P3667910 INFO pr:0.9764  rc:0.9661  auc:0.9975 ap:0.9937 f1: 0.9712 pred_right: 17888 pred_wrong:1312 actu_right: 17874 actu_wrong: 1326
2026-07-12 00:01:43,516 P3667910 INFO ----------------------------------------------------------------------------------------------------
2026-07-12 00:01:43,516 P3667910 INFO 205/300 starting... lr: 0.0008100000000000001 para:0.01
2026-07-12 00:01:45,177 P3667910 INFO Epoch 205/300, all_loss:0.16775 cls_loss:0.08262 rec_loss:8.59582 [1.66s]; best loss:0.15456, patience : 6
2026-07-12 00:01:45,854 P3667910 INFO pr:0.9762  rc:0.9880  auc:0.9980 ap:0.9960 f1: 0.9821 pred_right: 43521 pred_wrong:3279 actu_right: 43560 actu_wrong: 3240
2026-07-12 00:01:46,146 P3667910 INFO pr:0.9728  rc:0.9706  auc:0.9967 ap:0.9933 f1: 0.9717 pred_right: 17877 pred_wrong:1323 actu_right: 17874 actu_wrong: 1326
2026-07-12 00:01:46,146 P3667910 INFO ----------------------------------------------------------------------------------------------------
2026-07-12 00:01:46,146 P3667910 INFO 206/300 starting... lr: 0.0008100000000000001 para:0.01
2026-07-12 00:01:47,795 P3667910 INFO Epoch 206/300, all_loss:0.21589 cls_loss:0.13115 rec_loss:8.60574 [1.65s]; best loss:0.15456, patience : 7
2026-07-12 00:01:48,472 P3667910 INFO pr:0.9726  rc:0.9867  auc:0.9979 ap:0.9953 f1: 0.9796 pred_right: 43512 pred_wrong:3288 actu_right: 43559 actu_wrong: 3241
2026-07-12 00:01:48,743 P3667910 INFO pr:0.9715  rc:0.9751  auc:0.9971 ap:0.9937 f1: 0.9733 pred_right: 17869 pred_wrong:1331 actu_right: 17874 actu_wrong: 1326
2026-07-12 00:01:48,743 P3667910 INFO ----------------------------------------------------------------------------------------------------
2026-07-12 00:01:48,743 P3667910 INFO 207/300 starting... lr: 0.0008100000000000001 para:0.01
2026-07-12 00:01:51,597 P3667910 INFO Epoch 207/300, all_loss:0.17890 cls_loss:0.09461 rec_loss:8.52423 [2.85s]; best loss:0.15456, patience : 7
2026-07-12 00:01:52,067 P3667910 INFO pr:0.9866  rc:0.9799  auc:0.9979 ap:0.9957 f1: 0.9833 pred_right: 43584 pred_wrong:3216 actu_right: 43562 actu_wrong: 3238
2026-07-12 00:01:52,261 P3667910 INFO pr:0.9823  rc:0.9615  auc:0.9960 ap:0.9940 f1: 0.9718 pred_right: 17902 pred_wrong:1298 actu_right: 17874 actu_wrong: 1326
2026-07-12 00:01:52,261 P3667910 INFO ----------------------------------------------------------------------------------------------------
2026-07-12 00:01:52,262 P3667910 INFO 208/300 starting... lr: 0.0008100000000000001 para:0.01
2026-07-12 00:01:53,441 P3667910 INFO Epoch 208/300, all_loss:0.15242 cls_loss:0.06826 rec_loss:8.48408 [1.18s]; best loss:0.15242, patience : 0
2026-07-12 00:01:53,920 P3667910 INFO pr:0.9845  rc:0.9818  auc:0.9978 ap:0.9952 f1: 0.9831 pred_right: 43571 pred_wrong:3229 actu_right: 43562 actu_wrong: 3238
2026-07-12 00:01:54,120 P3667910 INFO pr:0.9749  rc:0.9661  auc:0.9968 ap:0.9932 f1: 0.9705 pred_right: 17886 pred_wrong:1314 actu_right: 17874 actu_wrong: 1326
2026-07-12 00:01:54,120 P3667910 INFO ----------------------------------------------------------------------------------------------------
2026-07-12 00:01:54,120 P3667910 INFO 209/300 starting... lr: 0.0008100000000000001 para:0.01
2026-07-12 00:01:55,300 P3667910 INFO Epoch 209/300, all_loss:0.17630 cls_loss:0.09278 rec_loss:8.44449 [1.18s]; best loss:0.15242, patience : 1
2026-07-12 00:01:55,757 P3667910 INFO pr:0.9694  rc:0.9867  auc:0.9979 ap:0.9956 f1: 0.9780 pred_right: 43502 pred_wrong:3298 actu_right: 43560 actu_wrong: 3240
2026-07-12 00:01:55,966 P3667910 INFO pr:0.9655  rc:0.9721  auc:0.9958 ap:0.9934 f1: 0.9688 pred_right: 17865 pred_wrong:1335 actu_right: 17874 actu_wrong: 1326
2026-07-12 00:01:55,966 P3667910 INFO ----------------------------------------------------------------------------------------------------
2026-07-12 00:01:55,967 P3667910 INFO 210/300 starting... lr: 0.0008100000000000001 para:0.01
2026-07-12 00:01:57,378 P3667910 INFO Epoch 210/300, all_loss:0.17818 cls_loss:0.09396 rec_loss:8.51524 [1.41s]; best loss:0.15242, patience : 2
2026-07-12 00:01:57,919 P3667910 INFO pr:0.9819  rc:0.9873  auc:0.9980 ap:0.9959 f1: 0.9846 pred_right: 43543 pred_wrong:3257 actu_right: 43561 actu_wrong: 3239
2026-07-12 00:01:58,151 P3667910 INFO pr:0.9758  rc:0.9713  auc:0.9972 ap:0.9940 f1: 0.9735 pred_right: 17880 pred_wrong:1320 actu_right: 17874 actu_wrong: 1326
2026-07-12 00:01:58,155 P3667910 INFO ----------------------------------------------------------------------------------------------------
2026-07-12 00:01:58,156 P3667910 INFO 211/300 starting... lr: 0.0008100000000000001 para:0.01
2026-07-12 00:01:59,696 P3667910 INFO Epoch 211/300, all_loss:0.14813 cls_loss:0.06394 rec_loss:8.48361 [1.54s]; best loss:0.14813, patience : 0
2026-07-12 00:02:00,272 P3667910 INFO pr:0.9845  rc:0.9824  auc:0.9981 ap:0.9952 f1: 0.9835 pred_right: 43569 pred_wrong:3231 actu_right: 43562 actu_wrong: 3238
2026-07-12 00:02:00,517 P3667910 INFO pr:0.9756  rc:0.9668  auc:0.9968 ap:0.9938 f1: 0.9712 pred_right: 17886 pred_wrong:1314 actu_right: 17874 actu_wrong: 1326
2026-07-12 00:02:00,517 P3667910 INFO ----------------------------------------------------------------------------------------------------
2026-07-12 00:02:00,517 P3667910 INFO 212/300 starting... lr: 0.0008100000000000001 para:0.01
2026-07-12 00:02:02,028 P3667910 INFO Epoch 212/300, all_loss:0.15659 cls_loss:0.07247 rec_loss:8.48436 [1.51s]; best loss:0.14813, patience : 1
2026-07-12 00:02:02,563 P3667910 INFO pr:0.9813  rc:0.9852  auc:0.9979 ap:0.9958 f1: 0.9832 pred_right: 43545 pred_wrong:3255 actu_right: 43558 actu_wrong: 3242
2026-07-12 00:02:02,788 P3667910 INFO pr:0.9779  rc:0.9683  auc:0.9968 ap:0.9936 f1: 0.9731 pred_right: 17887 pred_wrong:1313 actu_right: 17874 actu_wrong: 1326
2026-07-12 00:02:02,788 P3667910 INFO ----------------------------------------------------------------------------------------------------
2026-07-12 00:02:02,788 P3667910 INFO 213/300 starting... lr: 0.0008100000000000001 para:0.01
2026-07-12 00:02:04,762 P3667910 INFO Epoch 213/300, all_loss:0.17742 cls_loss:0.09401 rec_loss:8.43545 [1.97s]; best loss:0.14813, patience : 2
2026-07-12 00:02:06,516 P3667910 INFO pr:0.9797  rc:0.9843  auc:0.9979 ap:0.9956 f1: 0.9820 pred_right: 43543 pred_wrong:3257 actu_right: 43558 actu_wrong: 3242
2026-07-12 00:02:07,124 P3667910 INFO pr:0.9697  rc:0.9653  auc:0.9960 ap:0.9932 f1: 0.9675 pred_right: 17880 pred_wrong:1320 actu_right: 17874 actu_wrong: 1326
2026-07-12 00:02:07,124 P3667910 INFO ----------------------------------------------------------------------------------------------------
2026-07-12 00:02:07,125 P3667910 INFO 214/300 starting... lr: 0.0008100000000000001 para:0.01
2026-07-12 00:02:11,308 P3667910 INFO Epoch 214/300, all_loss:0.16657 cls_loss:0.08358 rec_loss:8.38235 [4.18s]; best loss:0.14813, patience : 2
2026-07-12 00:02:13,522 P3667910 INFO pr:0.9789  rc:0.9849  auc:0.9979 ap:0.9959 f1: 0.9819 pred_right: 43537 pred_wrong:3263 actu_right: 43557 actu_wrong: 3243
2026-07-12 00:02:14,057 P3667910 INFO pr:0.9734  rc:0.9676  auc:0.9964 ap:0.9937 f1: 0.9705 pred_right: 17882 pred_wrong:1318 actu_right: 17874 actu_wrong: 1326
2026-07-12 00:02:14,057 P3667910 INFO ----------------------------------------------------------------------------------------------------
2026-07-12 00:02:14,058 P3667910 INFO 215/300 starting... lr: 0.0008100000000000001 para:0.01
2026-07-12 00:02:17,416 P3667910 INFO Epoch 215/300, all_loss:0.18322 cls_loss:0.10046 rec_loss:8.37660 [3.36s]; best loss:0.14813, patience : 3
2026-07-12 00:02:18,095 P3667910 INFO pr:0.9891  rc:0.9818  auc:0.9979 ap:0.9963 f1: 0.9854 pred_right: 43584 pred_wrong:3216 actu_right: 43560 actu_wrong: 3240
2026-07-12 00:02:18,376 P3667910 INFO pr:0.9823  rc:0.9646  auc:0.9960 ap:0.9939 f1: 0.9734 pred_right: 17898 pred_wrong:1302 actu_right: 17874 actu_wrong: 1326
2026-07-12 00:02:18,380 P3667910 INFO ----------------------------------------------------------------------------------------------------
2026-07-12 00:02:18,380 P3667910 INFO 216/300 starting... lr: 0.0008100000000000001 para:0.01
2026-07-12 00:02:20,169 P3667910 INFO Epoch 216/300, all_loss:0.12890 cls_loss:0.04564 rec_loss:8.37159 [1.78s]; best loss:0.12890, patience : 0
2026-07-12 00:02:20,851 P3667910 INFO pr:0.9888  rc:0.9793  auc:0.9979 ap:0.9960 f1: 0.9840 pred_right: 43591 pred_wrong:3209 actu_right: 43560 actu_wrong: 3240
2026-07-12 00:02:21,163 P3667910 INFO pr:0.9838  rc:0.9593  auc:0.9960 ap:0.9933 f1: 0.9714 pred_right: 17907 pred_wrong:1293 actu_right: 17874 actu_wrong: 1326
2026-07-12 00:02:21,164 P3667910 INFO ----------------------------------------------------------------------------------------------------
2026-07-12 00:02:21,164 P3667910 INFO 217/300 starting... lr: 0.0008100000000000001 para:0.01
2026-07-12 00:02:22,879 P3667910 INFO Epoch 217/300, all_loss:0.19614 cls_loss:0.11392 rec_loss:8.33575 [1.71s]; best loss:0.12890, patience : 1
2026-07-12 00:02:23,499 P3667910 INFO pr:0.9900  rc:0.9778  auc:0.9979 ap:0.9963 f1: 0.9839 pred_right: 43599 pred_wrong:3201 actu_right: 43559 actu_wrong: 3241
2026-07-12 00:02:23,831 P3667910 INFO pr:0.9852  rc:0.9570  auc:0.9962 ap:0.9942 f1: 0.9709 pred_right: 17912 pred_wrong:1288 actu_right: 17874 actu_wrong: 1326
2026-07-12 00:02:23,831 P3667910 INFO ----------------------------------------------------------------------------------------------------
2026-07-12 00:02:23,831 P3667910 INFO 218/300 starting... lr: 0.0008100000000000001 para:0.01
2026-07-12 00:02:25,515 P3667910 INFO Epoch 218/300, all_loss:0.13933 cls_loss:0.05696 rec_loss:8.29463 [1.68s]; best loss:0.12890, patience : 1
2026-07-12 00:02:26,091 P3667910 INFO pr:0.9885  rc:0.9803  auc:0.9980 ap:0.9961 f1: 0.9844 pred_right: 43586 pred_wrong:3214 actu_right: 43559 actu_wrong: 3241
2026-07-12 00:02:26,344 P3667910 INFO pr:0.9815  rc:0.9623  auc:0.9966 ap:0.9943 f1: 0.9718 pred_right: 17900 pred_wrong:1300 actu_right: 17874 actu_wrong: 1326
2026-07-12 00:02:26,344 P3667910 INFO ----------------------------------------------------------------------------------------------------
2026-07-12 00:02:26,344 P3667910 INFO 219/300 starting... lr: 0.0008100000000000001 para:0.01
2026-07-12 00:02:27,985 P3667910 INFO Epoch 219/300, all_loss:0.12571 cls_loss:0.04305 rec_loss:8.30907 [1.64s]; best loss:0.12571, patience : 0
2026-07-12 00:02:28,586 P3667910 INFO pr:0.9795  rc:0.9889  auc:0.9980 ap:0.9962 f1: 0.9842 pred_right: 43530 pred_wrong:3270 actu_right: 43561 actu_wrong: 3239
2026-07-12 00:02:28,834 P3667910 INFO pr:0.9707  rc:0.9751  auc:0.9968 ap:0.9934 f1: 0.9729 pred_right: 17868 pred_wrong:1332 actu_right: 17874 actu_wrong: 1326
2026-07-12 00:02:28,835 P3667910 INFO ----------------------------------------------------------------------------------------------------
2026-07-12 00:02:28,835 P3667910 INFO 220/300 starting... lr: 0.0008100000000000001 para:0.01
2026-07-12 00:02:30,420 P3667910 INFO Epoch 220/300, all_loss:0.13836 cls_loss:0.05616 rec_loss:8.27594 [1.58s]; best loss:0.12571, patience : 1
2026-07-12 00:02:31,085 P3667910 INFO pr:0.9872  rc:0.9772  auc:0.9979 ap:0.9960 f1: 0.9822 pred_right: 43591 pred_wrong:3209 actu_right: 43558 actu_wrong: 3242
2026-07-12 00:02:31,374 P3667910 INFO pr:0.9801  rc:0.9638  auc:0.9964 ap:0.9937 f1: 0.9719 pred_right: 17896 pred_wrong:1304 actu_right: 17874 actu_wrong: 1326
2026-07-12 00:02:31,375 P3667910 INFO ----------------------------------------------------------------------------------------------------
2026-07-12 00:02:31,375 P3667910 INFO 221/300 starting... lr: 0.0008100000000000001 para:0.01
2026-07-12 00:02:32,981 P3667910 INFO Epoch 221/300, all_loss:0.16955 cls_loss:0.08846 rec_loss:8.19697 [1.61s]; best loss:0.12571, patience : 2
2026-07-12 00:02:33,682 P3667910 INFO pr:0.9818  rc:0.9818  auc:0.9980 ap:0.9949 f1: 0.9818 pred_right: 43558 pred_wrong:3242 actu_right: 43558 actu_wrong: 3242
2026-07-12 00:02:33,976 P3667910 INFO pr:0.9748  rc:0.9623  auc:0.9960 ap:0.9923 f1: 0.9685 pred_right: 17891 pred_wrong:1309 actu_right: 17874 actu_wrong: 1326
2026-07-12 00:02:33,976 P3667910 INFO ----------------------------------------------------------------------------------------------------
2026-07-12 00:02:33,976 P3667910 INFO 222/300 starting... lr: 0.0008100000000000001 para:0.01
2026-07-12 00:02:35,548 P3667910 INFO Epoch 222/300, all_loss:0.16032 cls_loss:0.07865 rec_loss:8.24624 [1.57s]; best loss:0.12571, patience : 2
2026-07-12 00:02:36,209 P3667910 INFO pr:0.9828  rc:0.9858  auc:0.9979 ap:0.9956 f1: 0.9843 pred_right: 43545 pred_wrong:3255 actu_right: 43555 actu_wrong: 3245
2026-07-12 00:02:36,473 P3667910 INFO pr:0.9794  rc:0.9698  auc:0.9966 ap:0.9933 f1: 0.9746 pred_right: 17887 pred_wrong:1313 actu_right: 17874 actu_wrong: 1326
2026-07-12 00:02:36,473 P3667910 INFO ----------------------------------------------------------------------------------------------------
2026-07-12 00:02:36,473 P3667910 INFO 223/300 starting... lr: 0.0008100000000000001 para:0.01
2026-07-12 00:02:38,064 P3667910 INFO Epoch 223/300, all_loss:0.16297 cls_loss:0.08147 rec_loss:8.23119 [1.59s]; best loss:0.12571, patience : 3
2026-07-12 00:02:38,777 P3667910 INFO pr:0.9783  rc:0.9892  auc:0.9980 ap:0.9957 f1: 0.9837 pred_right: 43522 pred_wrong:3278 actu_right: 43558 actu_wrong: 3242
2026-07-12 00:02:39,069 P3667910 INFO pr:0.9685  rc:0.9729  auc:0.9962 ap:0.9929 f1: 0.9707 pred_right: 17868 pred_wrong:1332 actu_right: 17874 actu_wrong: 1326
2026-07-12 00:02:39,069 P3667910 INFO ----------------------------------------------------------------------------------------------------
2026-07-12 00:02:39,069 P3667910 INFO 224/300 starting... lr: 0.0008100000000000001 para:0.01
2026-07-12 00:02:40,682 P3667910 INFO Epoch 224/300, all_loss:0.13081 cls_loss:0.04904 rec_loss:8.22599 [1.61s]; best loss:0.12571, patience : 3
2026-07-12 00:02:41,364 P3667910 INFO pr:0.9809  rc:0.9846  auc:0.9978 ap:0.9951 f1: 0.9827 pred_right: 43548 pred_wrong:3252 actu_right: 43560 actu_wrong: 3240
2026-07-12 00:02:41,641 P3667910 INFO pr:0.9793  rc:0.9646  auc:0.9963 ap:0.9928 f1: 0.9719 pred_right: 17894 pred_wrong:1306 actu_right: 17874 actu_wrong: 1326
2026-07-12 00:02:41,641 P3667910 INFO ----------------------------------------------------------------------------------------------------
2026-07-12 00:02:41,641 P3667910 INFO 225/300 starting... lr: 0.0008100000000000001 para:0.01
2026-07-12 00:02:43,340 P3667910 INFO Epoch 225/300, all_loss:0.15093 cls_loss:0.06946 rec_loss:8.21668 [1.70s]; best loss:0.12571, patience : 4
2026-07-12 00:02:43,898 P3667910 INFO pr:0.9812  rc:0.9849  auc:0.9980 ap:0.9963 f1: 0.9831 pred_right: 43548 pred_wrong:3252 actu_right: 43560 actu_wrong: 3240
2026-07-12 00:02:44,140 P3667910 INFO pr:0.9757  rc:0.9698  auc:0.9961 ap:0.9938 f1: 0.9728 pred_right: 17882 pred_wrong:1318 actu_right: 17874 actu_wrong: 1326
2026-07-12 00:02:44,140 P3667910 INFO ----------------------------------------------------------------------------------------------------
2026-07-12 00:02:44,141 P3667910 INFO 226/300 starting... lr: 0.0008100000000000001 para:0.01
2026-07-12 00:02:45,693 P3667910 INFO Epoch 226/300, all_loss:0.15096 cls_loss:0.06977 rec_loss:8.18948 [1.55s]; best loss:0.12571, patience : 5
2026-07-12 00:02:46,364 P3667910 INFO pr:0.9713  rc:0.9824  auc:0.9978 ap:0.9951 f1: 0.9768 pred_right: 43526 pred_wrong:3274 actu_right: 43563 actu_wrong: 3237
2026-07-12 00:02:46,646 P3667910 INFO pr:0.9610  rc:0.9668  auc:0.9963 ap:0.9905 f1: 0.9639 pred_right: 17866 pred_wrong:1334 actu_right: 17874 actu_wrong: 1326
2026-07-12 00:02:46,646 P3667910 INFO ----------------------------------------------------------------------------------------------------
2026-07-12 00:02:46,646 P3667910 INFO 227/300 starting... lr: 0.0008100000000000001 para:0.01
2026-07-12 00:02:48,256 P3667910 INFO Epoch 227/300, all_loss:0.23469 cls_loss:0.15425 rec_loss:8.19851 [1.61s]; best loss:0.12571, patience : 6
2026-07-12 00:02:48,948 P3667910 INFO pr:0.9800  rc:0.9827  auc:0.9977 ap:0.9961 f1: 0.9813 pred_right: 43552 pred_wrong:3248 actu_right: 43561 actu_wrong: 3239
2026-07-12 00:02:49,216 P3667910 INFO pr:0.9735  rc:0.9713  auc:0.9946 ap:0.9916 f1: 0.9724 pred_right: 17877 pred_wrong:1323 actu_right: 17874 actu_wrong: 1326
2026-07-12 00:02:49,216 P3667910 INFO ----------------------------------------------------------------------------------------------------
2026-07-12 00:02:49,216 P3667910 INFO 228/300 starting... lr: 0.0008100000000000001 para:0.01
2026-07-12 00:02:50,911 P3667910 INFO Epoch 228/300, all_loss:0.18139 cls_loss:0.09972 rec_loss:8.26680 [1.69s]; best loss:0.12571, patience : 6
2026-07-12 00:02:51,545 P3667910 INFO pr:0.9795  rc:0.9867  auc:0.9979 ap:0.9964 f1: 0.9831 pred_right: 43533 pred_wrong:3267 actu_right: 43557 actu_wrong: 3243
2026-07-12 00:02:51,781 P3667910 INFO pr:0.9729  rc:0.9751  auc:0.9970 ap:0.9941 f1: 0.9740 pred_right: 17871 pred_wrong:1329 actu_right: 17874 actu_wrong: 1326
2026-07-12 00:02:51,782 P3667910 INFO ----------------------------------------------------------------------------------------------------
2026-07-12 00:02:51,782 P3667910 INFO 229/300 starting... lr: 0.0008100000000000001 para:0.01
2026-07-12 00:02:53,443 P3667910 INFO Epoch 229/300, all_loss:0.16355 cls_loss:0.08135 rec_loss:8.30167 [1.66s]; best loss:0.12571, patience : 6
2026-07-12 00:02:54,164 P3667910 INFO pr:0.9737  rc:0.9818  auc:0.9979 ap:0.9956 f1: 0.9777 pred_right: 43533 pred_wrong:3267 actu_right: 43560 actu_wrong: 3240
2026-07-12 00:02:54,415 P3667910 INFO pr:0.9632  rc:0.9676  auc:0.9960 ap:0.9919 f1: 0.9654 pred_right: 17868 pred_wrong:1332 actu_right: 17874 actu_wrong: 1326
2026-07-12 00:02:54,415 P3667910 INFO ----------------------------------------------------------------------------------------------------
2026-07-12 00:02:54,415 P3667910 INFO 230/300 starting... lr: 0.0008100000000000001 para:0.01
2026-07-12 00:02:55,980 P3667910 INFO Epoch 230/300, all_loss:0.16296 cls_loss:0.08189 rec_loss:8.18850 [1.56s]; best loss:0.12571, patience : 6
2026-07-12 00:02:56,550 P3667910 INFO pr:0.9891  rc:0.9797  auc:0.9980 ap:0.9967 f1: 0.9844 pred_right: 43587 pred_wrong:3213 actu_right: 43556 actu_wrong: 3244
2026-07-12 00:02:56,794 P3667910 INFO pr:0.9838  rc:0.9638  auc:0.9964 ap:0.9941 f1: 0.9737 pred_right: 17901 pred_wrong:1299 actu_right: 17874 actu_wrong: 1326
2026-07-12 00:02:56,795 P3667910 INFO ----------------------------------------------------------------------------------------------------
2026-07-12 00:02:56,795 P3667910 INFO 231/300 starting... lr: 0.0008100000000000001 para:0.01
2026-07-12 00:02:58,440 P3667910 INFO Epoch 231/300, all_loss:0.18970 cls_loss:0.10907 rec_loss:8.17162 [1.64s]; best loss:0.12571, patience : 7
2026-07-12 00:02:59,046 P3667910 INFO pr:0.9891  rc:0.9821  auc:0.9980 ap:0.9967 f1: 0.9856 pred_right: 43583 pred_wrong:3217 actu_right: 43560 actu_wrong: 3240
2026-07-12 00:02:59,348 P3667910 INFO pr:0.9830  rc:0.9600  auc:0.9958 ap:0.9934 f1: 0.9714 pred_right: 17905 pred_wrong:1295 actu_right: 17874 actu_wrong: 1326
2026-07-12 00:02:59,353 P3667910 INFO ----------------------------------------------------------------------------------------------------
2026-07-12 00:02:59,356 P3667910 INFO 232/300 starting... lr: 0.0008100000000000001 para:0.01
2026-07-12 00:03:00,932 P3667910 INFO Epoch 232/300, all_loss:0.19348 cls_loss:0.11348 rec_loss:8.11394 [1.58s]; best loss:0.12571, patience : 8
2026-07-12 00:03:01,588 P3667910 INFO pr:0.9884  rc:0.9716  auc:0.9978 ap:0.9961 f1: 0.9800 pred_right: 43610 pred_wrong:3190 actu_right: 43555 actu_wrong: 3245
2026-07-12 00:03:01,868 P3667910 INFO pr:0.9798  rc:0.9525  auc:0.9957 ap:0.9934 f1: 0.9660 pred_right: 17911 pred_wrong:1289 actu_right: 17874 actu_wrong: 1326
2026-07-12 00:03:01,869 P3667910 INFO ----------------------------------------------------------------------------------------------------
2026-07-12 00:03:01,869 P3667910 INFO 233/300 starting... lr: 0.0008100000000000001 para:0.01
2026-07-12 00:03:03,558 P3667910 INFO Epoch 233/300, all_loss:0.18265 cls_loss:0.10263 rec_loss:8.10506 [1.69s]; best loss:0.12571, patience : 8
2026-07-12 00:03:04,247 P3667910 INFO pr:0.9878  rc:0.9778  auc:0.9980 ap:0.9965 f1: 0.9828 pred_right: 43592 pred_wrong:3208 actu_right: 43559 actu_wrong: 3241
2026-07-12 00:03:04,535 P3667910 INFO pr:0.9793  rc:0.9646  auc:0.9968 ap:0.9939 f1: 0.9719 pred_right: 17894 pred_wrong:1306 actu_right: 17874 actu_wrong: 1326
2026-07-12 00:03:04,535 P3667910 INFO ----------------------------------------------------------------------------------------------------
2026-07-12 00:03:04,543 P3667910 INFO 234/300 starting... lr: 0.0008100000000000001 para:0.01
2026-07-12 00:03:06,224 P3667910 INFO Epoch 234/300, all_loss:0.16741 cls_loss:0.08806 rec_loss:8.02307 [1.68s]; best loss:0.12571, patience : 8
2026-07-12 00:03:06,842 P3667910 INFO pr:0.9735  rc:0.9877  auc:0.9980 ap:0.9959 f1: 0.9805 pred_right: 43514 pred_wrong:3286 actu_right: 43561 actu_wrong: 3239
2026-07-12 00:03:07,091 P3667910 INFO pr:0.9670  rc:0.9721  auc:0.9968 ap:0.9930 f1: 0.9695 pred_right: 17867 pred_wrong:1333 actu_right: 17874 actu_wrong: 1326
2026-07-12 00:03:07,092 P3667910 INFO ----------------------------------------------------------------------------------------------------
2026-07-12 00:03:07,092 P3667910 INFO 235/300 starting... lr: 0.0008100000000000001 para:0.01
2026-07-12 00:03:08,759 P3667910 INFO Epoch 235/300, all_loss:0.21616 cls_loss:0.13705 rec_loss:8.04835 [1.67s]; best loss:0.12571, patience : 9
2026-07-12 00:03:09,330 P3667910 INFO pr:0.9909  rc:0.9707  auc:0.9978 ap:0.9965 f1: 0.9807 pred_right: 43627 pred_wrong:3173 actu_right: 43561 actu_wrong: 3239
2026-07-12 00:03:09,588 P3667910 INFO pr:0.9852  rc:0.9532  auc:0.9954 ap:0.9943 f1: 0.9690 pred_right: 17917 pred_wrong:1283 actu_right: 17874 actu_wrong: 1326
2026-07-12 00:03:09,588 P3667910 INFO ----------------------------------------------------------------------------------------------------
2026-07-12 00:03:09,596 P3667910 INFO 236/300 starting... lr: 0.0008100000000000001 para:0.01
2026-07-12 00:03:11,296 P3667910 INFO Epoch 236/300, all_loss:0.17876 cls_loss:0.10035 rec_loss:7.94116 [1.70s]; best loss:0.12571, patience : 9
2026-07-12 00:03:11,881 P3667910 INFO pr:0.9745  rc:0.9901  auc:0.9979 ap:0.9961 f1: 0.9822 pred_right: 43507 pred_wrong:3293 actu_right: 43559 actu_wrong: 3241
2026-07-12 00:03:12,143 P3667910 INFO pr:0.9686  rc:0.9774  auc:0.9963 ap:0.9938 f1: 0.9730 pred_right: 17862 pred_wrong:1338 actu_right: 17874 actu_wrong: 1326
2026-07-12 00:03:12,143 P3667910 INFO ----------------------------------------------------------------------------------------------------
2026-07-12 00:03:12,144 P3667910 INFO 237/300 starting... lr: 0.0008100000000000001 para:0.01
2026-07-12 00:03:13,764 P3667910 INFO Epoch 237/300, all_loss:0.16053 cls_loss:0.08132 rec_loss:8.00171 [1.62s]; best loss:0.12571, patience : 9
2026-07-12 00:03:14,352 P3667910 INFO pr:0.9857  rc:0.9772  auc:0.9977 ap:0.9960 f1: 0.9814 pred_right: 43588 pred_wrong:3212 actu_right: 43560 actu_wrong: 3240
2026-07-12 00:03:14,597 P3667910 INFO pr:0.9822  rc:0.9555  auc:0.9954 ap:0.9941 f1: 0.9687 pred_right: 17910 pred_wrong:1290 actu_right: 17874 actu_wrong: 1326
2026-07-12 00:03:14,598 P3667910 INFO ----------------------------------------------------------------------------------------------------
2026-07-12 00:03:14,605 P3667910 INFO 238/300 starting... lr: 0.0008100000000000001 para:0.01
2026-07-12 00:03:16,218 P3667910 INFO Epoch 238/300, all_loss:0.18647 cls_loss:0.10719 rec_loss:8.03555 [1.61s]; best loss:0.12571, patience : 10
2026-07-12 00:03:16,798 P3667910 INFO pr:0.9855  rc:0.9870  auc:0.9980 ap:0.9962 f1: 0.9863 pred_right: 43556 pred_wrong:3244 actu_right: 43561 actu_wrong: 3239
2026-07-12 00:03:17,040 P3667910 INFO pr:0.9787  rc:0.9698  auc:0.9961 ap:0.9937 f1: 0.9742 pred_right: 17886 pred_wrong:1314 actu_right: 17874 actu_wrong: 1326
2026-07-12 00:03:17,045 P3667910 INFO ----------------------------------------------------------------------------------------------------
2026-07-12 00:03:17,045 P3667910 INFO 239/300 starting... lr: 0.0008100000000000001 para:0.01
2026-07-12 00:03:18,629 P3667910 INFO Epoch 239/300, all_loss:0.13069 cls_loss:0.04967 rec_loss:8.15229 [1.58s]; best loss:0.12571, patience : 10
2026-07-12 00:03:19,261 P3667910 INFO pr:0.9915  rc:0.9774  auc:0.9979 ap:0.9965 f1: 0.9844 pred_right: 43609 pred_wrong:3191 actu_right: 43563 actu_wrong: 3237
2026-07-12 00:03:19,507 P3667910 INFO pr:0.9883  rc:0.9532  auc:0.9957 ap:0.9939 f1: 0.9704 pred_right: 17921 pred_wrong:1279 actu_right: 17874 actu_wrong: 1326
2026-07-12 00:03:19,507 P3667910 INFO ----------------------------------------------------------------------------------------------------
2026-07-12 00:03:19,507 P3667910 INFO 240/300 starting... lr: 0.0008100000000000001 para:0.01
2026-07-12 00:03:21,121 P3667910 INFO Epoch 240/300, all_loss:0.14168 cls_loss:0.06276 rec_loss:7.95488 [1.61s]; best loss:0.12571, patience : 11
2026-07-12 00:03:21,743 P3667910 INFO pr:0.9801  rc:0.9886  auc:0.9981 ap:0.9961 f1: 0.9843 pred_right: 43532 pred_wrong:3268 actu_right: 43560 actu_wrong: 3240
2026-07-12 00:03:22,003 P3667910 INFO pr:0.9759  rc:0.9789  auc:0.9972 ap:0.9939 f1: 0.9774 pred_right: 17870 pred_wrong:1330 actu_right: 17874 actu_wrong: 1326
2026-07-12 00:03:22,003 P3667910 INFO ----------------------------------------------------------------------------------------------------
2026-07-12 00:03:22,003 P3667910 INFO 241/300 starting... lr: 0.0008100000000000001 para:0.01
2026-07-12 00:03:24,238 P3667910 INFO Epoch 241/300, all_loss:0.14013 cls_loss:0.06145 rec_loss:7.92935 [2.23s]; best loss:0.12571, patience : 11
2026-07-12 00:03:25,825 P3667910 INFO pr:0.9837  rc:0.9852  auc:0.9979 ap:0.9961 f1: 0.9844 pred_right: 43555 pred_wrong:3245 actu_right: 43560 actu_wrong: 3240
2026-07-12 00:03:26,033 P3667910 INFO pr:0.9728  rc:0.9698  auc:0.9962 ap:0.9938 f1: 0.9713 pred_right: 17878 pred_wrong:1322 actu_right: 17874 actu_wrong: 1326
2026-07-12 00:03:26,033 P3667910 INFO ----------------------------------------------------------------------------------------------------
2026-07-12 00:03:26,033 P3667910 INFO 242/300 starting... lr: 0.0008100000000000001 para:0.01
2026-07-12 00:03:27,212 P3667910 INFO Epoch 242/300, all_loss:0.13106 cls_loss:0.05266 rec_loss:7.89294 [1.18s]; best loss:0.12571, patience : 11
2026-07-12 00:03:27,708 P3667910 INFO pr:0.9812  rc:0.9849  auc:0.9978 ap:0.9960 f1: 0.9830 pred_right: 43551 pred_wrong:3249 actu_right: 43563 actu_wrong: 3237
2026-07-12 00:03:27,920 P3667910 INFO pr:0.9728  rc:0.9721  auc:0.9960 ap:0.9942 f1: 0.9725 pred_right: 17875 pred_wrong:1325 actu_right: 17874 actu_wrong: 1326
2026-07-12 00:03:27,921 P3667910 INFO ----------------------------------------------------------------------------------------------------
2026-07-12 00:03:27,921 P3667910 INFO 243/300 starting... lr: 0.0008100000000000001 para:0.01
2026-07-12 00:03:29,139 P3667910 INFO Epoch 243/300, all_loss:0.14479 cls_loss:0.06654 rec_loss:7.89085 [1.22s]; best loss:0.12571, patience : 12
2026-07-12 00:03:29,644 P3667910 INFO pr:0.9868  rc:0.9722  auc:0.9972 ap:0.9947 f1: 0.9795 pred_right: 43608 pred_wrong:3192 actu_right: 43560 actu_wrong: 3240
2026-07-12 00:03:29,858 P3667910 INFO pr:0.9791  rc:0.9517  auc:0.9970 ap:0.9939 f1: 0.9652 pred_right: 17911 pred_wrong:1289 actu_right: 17874 actu_wrong: 1326
2026-07-12 00:03:29,858 P3667910 INFO ----------------------------------------------------------------------------------------------------
2026-07-12 00:03:29,859 P3667910 INFO 244/300 starting... lr: 0.0008100000000000001 para:0.01
2026-07-12 00:03:31,066 P3667910 INFO Epoch 244/300, all_loss:0.26134 cls_loss:0.18420 rec_loss:7.89908 [1.21s]; best loss:0.12571, patience : 13
2026-07-12 00:03:31,612 P3667910 INFO pr:0.9628  rc:0.9886  auc:0.9980 ap:0.9957 f1: 0.9755 pred_right: 43471 pred_wrong:3329 actu_right: 43558 actu_wrong: 3242
2026-07-12 00:03:31,841 P3667910 INFO pr:0.9501  rc:0.9774  auc:0.9963 ap:0.9920 f1: 0.9636 pred_right: 17836 pred_wrong:1364 actu_right: 17874 actu_wrong: 1326
2026-07-12 00:03:31,841 P3667910 INFO ----------------------------------------------------------------------------------------------------
2026-07-12 00:03:31,841 P3667910 INFO 245/300 starting... lr: 0.0008100000000000001 para:0.01
2026-07-12 00:03:33,270 P3667910 INFO Epoch 245/300, all_loss:0.17006 cls_loss:0.09211 rec_loss:7.88716 [1.43s]; best loss:0.12571, patience : 13
2026-07-12 00:03:33,843 P3667910 INFO pr:0.9897  rc:0.9821  auc:0.9980 ap:0.9964 f1: 0.9859 pred_right: 43585 pred_wrong:3215 actu_right: 43560 actu_wrong: 3240
2026-07-12 00:03:34,094 P3667910 INFO pr:0.9838  rc:0.9630  auc:0.9961 ap:0.9938 f1: 0.9733 pred_right: 17902 pred_wrong:1298 actu_right: 17874 actu_wrong: 1326
2026-07-12 00:03:34,094 P3667910 INFO ----------------------------------------------------------------------------------------------------
2026-07-12 00:03:34,094 P3667910 INFO 246/300 starting... lr: 0.0008100000000000001 para:0.01
2026-07-12 00:03:35,579 P3667910 INFO Epoch 246/300, all_loss:0.11257 cls_loss:0.03453 rec_loss:7.83811 [1.48s]; best loss:0.11257, patience : 0
2026-07-12 00:03:36,124 P3667910 INFO pr:0.9861  rc:0.9833  auc:0.9980 ap:0.9963 f1: 0.9847 pred_right: 43569 pred_wrong:3231 actu_right: 43560 actu_wrong: 3240
2026-07-12 00:03:36,375 P3667910 INFO pr:0.9772  rc:0.9683  auc:0.9966 ap:0.9940 f1: 0.9727 pred_right: 17886 pred_wrong:1314 actu_right: 17874 actu_wrong: 1326
2026-07-12 00:03:36,376 P3667910 INFO ----------------------------------------------------------------------------------------------------
2026-07-12 00:03:36,376 P3667910 INFO 247/300 starting... lr: 0.0008100000000000001 para:0.01
2026-07-12 00:03:37,839 P3667910 INFO Epoch 247/300, all_loss:0.13879 cls_loss:0.06094 rec_loss:7.84557 [1.46s]; best loss:0.11257, patience : 1
2026-07-12 00:03:38,448 P3667910 INFO pr:0.9872  rc:0.9756  auc:0.9976 ap:0.9952 f1: 0.9814 pred_right: 43595 pred_wrong:3205 actu_right: 43557 actu_wrong: 3243
2026-07-12 00:03:38,723 P3667910 INFO pr:0.9821  rc:0.9502  auc:0.9959 ap:0.9925 f1: 0.9659 pred_right: 17917 pred_wrong:1283 actu_right: 17874 actu_wrong: 1326
2026-07-12 00:03:38,723 P3667910 INFO ----------------------------------------------------------------------------------------------------
2026-07-12 00:03:38,723 P3667910 INFO 248/300 starting... lr: 0.0008100000000000001 para:0.01
2026-07-12 00:03:42,280 P3667910 INFO Epoch 248/300, all_loss:0.17209 cls_loss:0.09404 rec_loss:7.89893 [3.56s]; best loss:0.11257, patience : 2
2026-07-12 00:03:43,956 P3667910 INFO pr:0.9771  rc:0.9877  auc:0.9979 ap:0.9954 f1: 0.9824 pred_right: 43522 pred_wrong:3278 actu_right: 43557 actu_wrong: 3243
2026-07-12 00:03:44,603 P3667910 INFO pr:0.9699  rc:0.9736  auc:0.9971 ap:0.9930 f1: 0.9718 pred_right: 17869 pred_wrong:1331 actu_right: 17874 actu_wrong: 1326
2026-07-12 00:03:44,604 P3667910 INFO ----------------------------------------------------------------------------------------------------
2026-07-12 00:03:44,605 P3667910 INFO 249/300 starting... lr: 0.0008100000000000001 para:0.01
2026-07-12 00:03:48,153 P3667910 INFO Epoch 249/300, all_loss:0.16816 cls_loss:0.09021 rec_loss:7.88564 [3.55s]; best loss:0.11257, patience : 2
2026-07-12 00:03:49,655 P3667910 INFO pr:0.9762  rc:0.9886  auc:0.9980 ap:0.9952 f1: 0.9823 pred_right: 43522 pred_wrong:3278 actu_right: 43563 actu_wrong: 3237
2026-07-12 00:03:50,648 P3667910 INFO pr:0.9686  rc:0.9781  auc:0.9970 ap:0.9926 f1: 0.9734 pred_right: 17861 pred_wrong:1339 actu_right: 17874 actu_wrong: 1326
2026-07-12 00:03:50,649 P3667910 INFO ----------------------------------------------------------------------------------------------------
2026-07-12 00:03:50,649 P3667910 INFO 250/300 starting... lr: 0.0008100000000000001 para:0.01
2026-07-12 00:03:52,897 P3667910 INFO Epoch 250/300, all_loss:0.12234 cls_loss:0.04392 rec_loss:7.88632 [2.25s]; best loss:0.11257, patience : 2
2026-07-12 00:03:53,652 P3667910 INFO pr:0.9783  rc:0.9873  auc:0.9978 ap:0.9957 f1: 0.9828 pred_right: 43532 pred_wrong:3268 actu_right: 43562 actu_wrong: 3238
2026-07-12 00:03:53,968 P3667910 INFO pr:0.9722  rc:0.9759  auc:0.9969 ap:0.9931 f1: 0.9740 pred_right: 17869 pred_wrong:1331 actu_right: 17874 actu_wrong: 1326
2026-07-12 00:03:53,970 P3667910 INFO ----------------------------------------------------------------------------------------------------
2026-07-12 00:03:53,970 P3667910 INFO 251/300 starting... lr: 0.0008100000000000001 para:0.01
2026-07-12 00:03:55,779 P3667910 INFO Epoch 251/300, all_loss:0.12955 cls_loss:0.05274 rec_loss:7.73358 [1.81s]; best loss:0.11257, patience : 3
2026-07-12 00:03:56,422 P3667910 INFO pr:0.9792  rc:0.9864  auc:0.9979 ap:0.9962 f1: 0.9828 pred_right: 43536 pred_wrong:3264 actu_right: 43560 actu_wrong: 3240
2026-07-12 00:03:56,678 P3667910 INFO pr:0.9751  rc:0.9729  auc:0.9963 ap:0.9941 f1: 0.9740 pred_right: 17877 pred_wrong:1323 actu_right: 17874 actu_wrong: 1326
2026-07-12 00:03:56,678 P3667910 INFO ----------------------------------------------------------------------------------------------------
2026-07-12 00:03:56,678 P3667910 INFO 252/300 starting... lr: 0.0008100000000000001 para:0.01
2026-07-12 00:03:58,354 P3667910 INFO Epoch 252/300, all_loss:0.12489 cls_loss:0.04716 rec_loss:7.81965 [1.68s]; best loss:0.11257, patience : 3
2026-07-12 00:03:58,954 P3667910 INFO pr:0.9828  rc:0.9858  auc:0.9976 ap:0.9960 f1: 0.9843 pred_right: 43550 pred_wrong:3250 actu_right: 43560 actu_wrong: 3240
2026-07-12 00:03:59,209 P3667910 INFO pr:0.9787  rc:0.9691  auc:0.9956 ap:0.9928 f1: 0.9739 pred_right: 17887 pred_wrong:1313 actu_right: 17874 actu_wrong: 1326
2026-07-12 00:03:59,209 P3667910 INFO ----------------------------------------------------------------------------------------------------
2026-07-12 00:03:59,209 P3667910 INFO 253/300 starting... lr: 0.0008100000000000001 para:0.01
2026-07-12 00:04:00,852 P3667910 INFO Epoch 253/300, all_loss:0.13745 cls_loss:0.06051 rec_loss:7.75449 [1.64s]; best loss:0.11257, patience : 4
2026-07-12 00:04:01,453 P3667910 INFO pr:0.9876  rc:0.9821  auc:0.9979 ap:0.9960 f1: 0.9848 pred_right: 43577 pred_wrong:3223 actu_right: 43559 actu_wrong: 3241
2026-07-12 00:04:01,702 P3667910 INFO pr:0.9786  rc:0.9661  auc:0.9968 ap:0.9931 f1: 0.9723 pred_right: 17891 pred_wrong:1309 actu_right: 17874 actu_wrong: 1326
2026-07-12 00:04:01,703 P3667910 INFO ----------------------------------------------------------------------------------------------------
2026-07-12 00:04:01,710 P3667910 INFO 254/300 starting... lr: 0.0008100000000000001 para:0.01
2026-07-12 00:04:03,325 P3667910 INFO Epoch 254/300, all_loss:0.11281 cls_loss:0.03683 rec_loss:7.63507 [1.61s]; best loss:0.11257, patience : 4
2026-07-12 00:04:03,922 P3667910 INFO pr:0.9745  rc:0.9892  auc:0.9980 ap:0.9958 f1: 0.9818 pred_right: 43510 pred_wrong:3290 actu_right: 43559 actu_wrong: 3241
2026-07-12 00:04:04,212 P3667910 INFO pr:0.9629  rc:0.9781  auc:0.9969 ap:0.9927 f1: 0.9704 pred_right: 17853 pred_wrong:1347 actu_right: 17874 actu_wrong: 1326
2026-07-12 00:04:04,213 P3667910 INFO ----------------------------------------------------------------------------------------------------
2026-07-12 00:04:04,213 P3667910 INFO 255/300 starting... lr: 0.0008100000000000001 para:0.01
2026-07-12 00:04:05,833 P3667910 INFO Epoch 255/300, all_loss:0.23555 cls_loss:0.16116 rec_loss:7.59964 [1.62s]; best loss:0.11257, patience : 5
2026-07-12 00:04:06,390 P3667910 INFO pr:0.9463  rc:0.9852  auc:0.9976 ap:0.9927 f1: 0.9654 pred_right: 43428 pred_wrong:3372 actu_right: 43561 actu_wrong: 3239
2026-07-12 00:04:06,631 P3667910 INFO pr:0.9368  rc:0.9721  auc:0.9971 ap:0.9907 f1: 0.9541 pred_right: 17824 pred_wrong:1376 actu_right: 17874 actu_wrong: 1326
2026-07-12 00:04:06,631 P3667910 INFO ----------------------------------------------------------------------------------------------------
2026-07-12 00:04:06,631 P3667910 INFO 256/300 starting... lr: 0.0008100000000000001 para:0.01
2026-07-12 00:04:08,235 P3667910 INFO Epoch 256/300, all_loss:0.15847 cls_loss:0.08409 rec_loss:7.52214 [1.60s]; best loss:0.11257, patience : 5
2026-07-12 00:04:08,828 P3667910 INFO pr:0.9888  rc:0.9781  auc:0.9979 ap:0.9959 f1: 0.9834 pred_right: 43595 pred_wrong:3205 actu_right: 43560 actu_wrong: 3240
2026-07-12 00:04:09,081 P3667910 INFO pr:0.9830  rc:0.9608  auc:0.9957 ap:0.9930 f1: 0.9718 pred_right: 17904 pred_wrong:1296 actu_right: 17874 actu_wrong: 1326
2026-07-12 00:04:09,081 P3667910 INFO ----------------------------------------------------------------------------------------------------
2026-07-12 00:04:09,081 P3667910 INFO 257/300 starting... lr: 0.0008100000000000001 para:0.01
2026-07-12 00:04:10,619 P3667910 INFO Epoch 257/300, all_loss:0.13027 cls_loss:0.05585 rec_loss:7.49691 [1.54s]; best loss:0.11257, patience : 5
2026-07-12 00:04:11,322 P3667910 INFO pr:0.9873  rc:0.9827  auc:0.9979 ap:0.9964 f1: 0.9850 pred_right: 43574 pred_wrong:3226 actu_right: 43559 actu_wrong: 3241
2026-07-12 00:04:11,581 P3667910 INFO pr:0.9815  rc:0.9585  auc:0.9956 ap:0.9926 f1: 0.9699 pred_right: 17905 pred_wrong:1295 actu_right: 17874 actu_wrong: 1326
2026-07-12 00:04:11,582 P3667910 INFO ----------------------------------------------------------------------------------------------------
2026-07-12 00:04:11,582 P3667910 INFO 258/300 starting... lr: 0.0008100000000000001 para:0.01
2026-07-12 00:04:13,248 P3667910 INFO Epoch 258/300, all_loss:0.10296 cls_loss:0.02873 rec_loss:7.45152 [1.66s]; best loss:0.10296, patience : 0
2026-07-12 00:04:13,891 P3667910 INFO pr:0.9858  rc:0.9836  auc:0.9979 ap:0.9961 f1: 0.9847 pred_right: 43566 pred_wrong:3234 actu_right: 43559 actu_wrong: 3241
2026-07-12 00:04:14,144 P3667910 INFO pr:0.9780  rc:0.9713  auc:0.9959 ap:0.9925 f1: 0.9747 pred_right: 17883 pred_wrong:1317 actu_right: 17874 actu_wrong: 1326
2026-07-12 00:04:14,144 P3667910 INFO ----------------------------------------------------------------------------------------------------
2026-07-12 00:04:14,144 P3667910 INFO 259/300 starting... lr: 0.0008100000000000001 para:0.01
2026-07-12 00:04:15,711 P3667910 INFO Epoch 259/300, all_loss:0.11035 cls_loss:0.03647 rec_loss:7.42436 [1.57s]; best loss:0.10296, patience : 1
2026-07-12 00:04:16,307 P3667910 INFO pr:0.9885  rc:0.9803  auc:0.9978 ap:0.9961 f1: 0.9844 pred_right: 43585 pred_wrong:3215 actu_right: 43558 actu_wrong: 3242
2026-07-12 00:04:16,577 P3667910 INFO pr:0.9839  rc:0.9653  auc:0.9959 ap:0.9939 f1: 0.9745 pred_right: 17899 pred_wrong:1301 actu_right: 17874 actu_wrong: 1326
2026-07-12 00:04:16,578 P3667910 INFO ----------------------------------------------------------------------------------------------------
2026-07-12 00:04:16,578 P3667910 INFO 260/300 starting... lr: 0.0008100000000000001 para:0.01
2026-07-12 00:04:18,177 P3667910 INFO Epoch 260/300, all_loss:0.09825 cls_loss:0.02463 rec_loss:7.38607 [1.59s]; best loss:0.09825, patience : 0
2026-07-12 00:04:18,749 P3667910 INFO pr:0.9780  rc:0.9880  auc:0.9979 ap:0.9959 f1: 0.9830 pred_right: 43528 pred_wrong:3272 actu_right: 43561 actu_wrong: 3239
2026-07-12 00:04:18,985 P3667910 INFO pr:0.9694  rc:0.9781  auc:0.9964 ap:0.9921 f1: 0.9737 pred_right: 17862 pred_wrong:1338 actu_right: 17874 actu_wrong: 1326
2026-07-12 00:04:18,986 P3667910 INFO ----------------------------------------------------------------------------------------------------
2026-07-12 00:04:18,986 P3667910 INFO 261/300 starting... lr: 0.0008100000000000001 para:0.01
2026-07-12 00:04:20,584 P3667910 INFO Epoch 261/300, all_loss:0.12545 cls_loss:0.05291 rec_loss:7.30663 [1.60s]; best loss:0.09825, patience : 1
2026-07-12 00:04:21,301 P3667910 INFO pr:0.9812  rc:0.9852  auc:0.9977 ap:0.9959 f1: 0.9832 pred_right: 43549 pred_wrong:3251 actu_right: 43562 actu_wrong: 3238
2026-07-12 00:04:21,595 P3667910 INFO pr:0.9773  rc:0.9744  auc:0.9960 ap:0.9929 f1: 0.9758 pred_right: 17878 pred_wrong:1322 actu_right: 17874 actu_wrong: 1326
2026-07-12 00:04:21,596 P3667910 INFO ----------------------------------------------------------------------------------------------------
2026-07-12 00:04:21,596 P3667910 INFO 262/300 starting... lr: 0.0008100000000000001 para:0.01
2026-07-12 00:04:23,178 P3667910 INFO Epoch 262/300, all_loss:0.18212 cls_loss:0.10924 rec_loss:7.39698 [1.58s]; best loss:0.09825, patience : 2
2026-07-12 00:04:23,771 P3667910 INFO pr:0.9867  rc:0.9852  auc:0.9978 ap:0.9959 f1: 0.9859 pred_right: 43565 pred_wrong:3235 actu_right: 43560 actu_wrong: 3240
2026-07-12 00:04:24,058 P3667910 INFO pr:0.9825  rc:0.9713  auc:0.9961 ap:0.9934 f1: 0.9769 pred_right: 17889 pred_wrong:1311 actu_right: 17874 actu_wrong: 1326
2026-07-12 00:04:24,058 P3667910 INFO ----------------------------------------------------------------------------------------------------
2026-07-12 00:04:24,059 P3667910 INFO 263/300 starting... lr: 0.0008100000000000001 para:0.01
2026-07-12 00:04:25,787 P3667910 INFO Epoch 263/300, all_loss:0.14295 cls_loss:0.07009 rec_loss:7.35654 [1.73s]; best loss:0.09825, patience : 2
2026-07-12 00:04:26,421 P3667910 INFO pr:0.9759  rc:0.9870  auc:0.9980 ap:0.9953 f1: 0.9814 pred_right: 43522 pred_wrong:3278 actu_right: 43559 actu_wrong: 3241
2026-07-12 00:04:26,666 P3667910 INFO pr:0.9685  rc:0.9736  auc:0.9964 ap:0.9919 f1: 0.9710 pred_right: 17867 pred_wrong:1333 actu_right: 17874 actu_wrong: 1326
2026-07-12 00:04:26,666 P3667910 INFO ----------------------------------------------------------------------------------------------------
2026-07-12 00:04:26,666 P3667910 INFO 264/300 starting... lr: 0.0008100000000000001 para:0.01
2026-07-12 00:04:28,296 P3667910 INFO Epoch 264/300, all_loss:0.17824 cls_loss:0.10643 rec_loss:7.28777 [1.63s]; best loss:0.09825, patience : 3
2026-07-12 00:04:28,878 P3667910 INFO pr:0.9841  rc:0.9769  auc:0.9976 ap:0.9960 f1: 0.9805 pred_right: 43584 pred_wrong:3216 actu_right: 43560 actu_wrong: 3240
2026-07-12 00:04:29,115 P3667910 INFO pr:0.9784  rc:0.9578  auc:0.9951 ap:0.9923 f1: 0.9680 pred_right: 17902 pred_wrong:1298 actu_right: 17874 actu_wrong: 1326
2026-07-12 00:04:29,116 P3667910 INFO ----------------------------------------------------------------------------------------------------
2026-07-12 00:04:29,116 P3667910 INFO 265/300 starting... lr: 0.0008100000000000001 para:0.01
2026-07-12 00:04:30,713 P3667910 INFO Epoch 265/300, all_loss:0.23562 cls_loss:0.16378 rec_loss:7.34742 [1.60s]; best loss:0.09825, patience : 4
2026-07-12 00:04:31,372 P3667910 INFO pr:0.9850  rc:0.9719  auc:0.9975 ap:0.9958 f1: 0.9784 pred_right: 43601 pred_wrong:3199 actu_right: 43558 actu_wrong: 3242
2026-07-12 00:04:31,648 P3667910 INFO pr:0.9805  rc:0.9487  auc:0.9953 ap:0.9932 f1: 0.9644 pred_right: 17917 pred_wrong:1283 actu_right: 17874 actu_wrong: 1326
2026-07-12 00:04:31,648 P3667910 INFO ----------------------------------------------------------------------------------------------------
2026-07-12 00:04:31,648 P3667910 INFO 266/300 starting... lr: 0.0008100000000000001 para:0.01
2026-07-12 00:04:33,267 P3667910 INFO Epoch 266/300, all_loss:0.17496 cls_loss:0.10253 rec_loss:7.34521 [1.62s]; best loss:0.09825, patience : 4
2026-07-12 00:04:33,862 P3667910 INFO pr:0.9837  rc:0.9858  auc:0.9980 ap:0.9959 f1: 0.9848 pred_right: 43547 pred_wrong:3253 actu_right: 43554 actu_wrong: 3246
2026-07-12 00:04:34,117 P3667910 INFO pr:0.9766  rc:0.9744  auc:0.9979 ap:0.9942 f1: 0.9755 pred_right: 17877 pred_wrong:1323 actu_right: 17874 actu_wrong: 1326
2026-07-12 00:04:34,118 P3667910 INFO ----------------------------------------------------------------------------------------------------
2026-07-12 00:04:34,125 P3667910 INFO 267/300 starting... lr: 0.0008100000000000001 para:0.01
2026-07-12 00:04:35,753 P3667910 INFO Epoch 267/300, all_loss:0.18601 cls_loss:0.11436 rec_loss:7.27918 [1.63s]; best loss:0.09825, patience : 5
2026-07-12 00:04:36,479 P3667910 INFO pr:0.9861  rc:0.9824  auc:0.9980 ap:0.9959 f1: 0.9842 pred_right: 43574 pred_wrong:3226 actu_right: 43562 actu_wrong: 3238
2026-07-12 00:04:36,765 P3667910 INFO pr:0.9794  rc:0.9691  auc:0.9966 ap:0.9934 f1: 0.9742 pred_right: 17888 pred_wrong:1312 actu_right: 17874 actu_wrong: 1326
2026-07-12 00:04:36,766 P3667910 INFO ----------------------------------------------------------------------------------------------------
2026-07-12 00:04:36,766 P3667910 INFO 268/300 starting... lr: 0.0008100000000000001 para:0.01
2026-07-12 00:04:38,447 P3667910 INFO Epoch 268/300, all_loss:0.15309 cls_loss:0.08063 rec_loss:7.32723 [1.68s]; best loss:0.09825, patience : 5
2026-07-12 00:04:39,053 P3667910 INFO pr:0.9873  rc:0.9827  auc:0.9979 ap:0.9966 f1: 0.9850 pred_right: 43575 pred_wrong:3225 actu_right: 43560 actu_wrong: 3240
2026-07-12 00:04:39,320 P3667910 INFO pr:0.9816  rc:0.9653  auc:0.9969 ap:0.9948 f1: 0.9734 pred_right: 17896 pred_wrong:1304 actu_right: 17874 actu_wrong: 1326
2026-07-12 00:04:39,320 P3667910 INFO ----------------------------------------------------------------------------------------------------
2026-07-12 00:04:39,328 P3667910 INFO 269/300 starting... lr: 0.0008100000000000001 para:0.01
2026-07-12 00:04:40,959 P3667910 INFO Epoch 269/300, all_loss:0.12334 cls_loss:0.05021 rec_loss:7.36388 [1.63s]; best loss:0.09825, patience : 5
2026-07-12 00:04:41,745 P3667910 INFO pr:0.9928  rc:0.9778  auc:0.9978 ap:0.9964 f1: 0.9852 pred_right: 43612 pred_wrong:3188 actu_right: 43563 actu_wrong: 3237
2026-07-12 00:04:41,986 P3667910 INFO pr:0.9853  rc:0.9623  auc:0.9972 ap:0.9951 f1: 0.9737 pred_right: 17905 pred_wrong:1295 actu_right: 17874 actu_wrong: 1326
2026-07-12 00:04:41,986 P3667910 INFO ----------------------------------------------------------------------------------------------------
2026-07-12 00:04:41,986 P3667910 INFO 270/300 starting... lr: 0.0008100000000000001 para:0.01
2026-07-12 00:04:43,563 P3667910 INFO Epoch 270/300, all_loss:0.12367 cls_loss:0.05124 rec_loss:7.29414 [1.58s]; best loss:0.09825, patience : 6
2026-07-12 00:04:44,241 P3667910 INFO pr:0.9837  rc:0.9873  auc:0.9977 ap:0.9965 f1: 0.9855 pred_right: 43550 pred_wrong:3250 actu_right: 43562 actu_wrong: 3238
2026-07-12 00:04:44,536 P3667910 INFO pr:0.9764  rc:0.9691  auc:0.9971 ap:0.9943 f1: 0.9727 pred_right: 17884 pred_wrong:1316 actu_right: 17874 actu_wrong: 1326
2026-07-12 00:04:44,536 P3667910 INFO ----------------------------------------------------------------------------------------------------
2026-07-12 00:04:44,537 P3667910 INFO 271/300 starting... lr: 0.0008100000000000001 para:0.01
2026-07-12 00:04:46,191 P3667910 INFO Epoch 271/300, all_loss:0.13008 cls_loss:0.05890 rec_loss:7.17646 [1.65s]; best loss:0.09825, patience : 7
2026-07-12 00:04:46,897 P3667910 INFO pr:0.9831  rc:0.9861  auc:0.9979 ap:0.9965 f1: 0.9846 pred_right: 43552 pred_wrong:3248 actu_right: 43562 actu_wrong: 3238
2026-07-12 00:04:47,188 P3667910 INFO pr:0.9729  rc:0.9751  auc:0.9976 ap:0.9944 f1: 0.9740 pred_right: 17871 pred_wrong:1329 actu_right: 17874 actu_wrong: 1326
2026-07-12 00:04:47,188 P3667910 INFO ----------------------------------------------------------------------------------------------------
2026-07-12 00:04:47,189 P3667910 INFO 272/300 starting... lr: 0.0008100000000000001 para:0.01
2026-07-12 00:04:48,770 P3667910 INFO Epoch 272/300, all_loss:0.12612 cls_loss:0.05399 rec_loss:7.26723 [1.58s]; best loss:0.09825, patience : 7
2026-07-12 00:04:49,368 P3667910 INFO pr:0.9881  rc:0.9781  auc:0.9975 ap:0.9960 f1: 0.9831 pred_right: 43594 pred_wrong:3206 actu_right: 43561 actu_wrong: 3239
2026-07-12 00:04:49,622 P3667910 INFO pr:0.9852  rc:0.9563  auc:0.9959 ap:0.9943 f1: 0.9705 pred_right: 17913 pred_wrong:1287 actu_right: 17874 actu_wrong: 1326
2026-07-12 00:04:49,622 P3667910 INFO ----------------------------------------------------------------------------------------------------
2026-07-12 00:04:49,622 P3667910 INFO 273/300 starting... lr: 0.0008100000000000001 para:0.01
2026-07-12 00:04:51,173 P3667910 INFO Epoch 273/300, all_loss:0.11628 cls_loss:0.04425 rec_loss:7.24744 [1.55s]; best loss:0.09825, patience : 7
2026-07-12 00:04:51,810 P3667910 INFO pr:0.9848  rc:0.9784  auc:0.9977 ap:0.9957 f1: 0.9816 pred_right: 43579 pred_wrong:3221 actu_right: 43558 actu_wrong: 3242
2026-07-12 00:04:52,059 P3667910 INFO pr:0.9807  rc:0.9570  auc:0.9968 ap:0.9934 f1: 0.9687 pred_right: 17906 pred_wrong:1294 actu_right: 17874 actu_wrong: 1326
2026-07-12 00:04:52,059 P3667910 INFO ----------------------------------------------------------------------------------------------------
2026-07-12 00:04:52,059 P3667910 INFO 274/300 starting... lr: 0.0008100000000000001 para:0.01
2026-07-12 00:04:53,637 P3667910 INFO Epoch 274/300, all_loss:0.11824 cls_loss:0.04625 rec_loss:7.24567 [1.58s]; best loss:0.09825, patience : 8
2026-07-12 00:04:54,244 P3667910 INFO pr:0.9819  rc:0.9889  auc:0.9980 ap:0.9962 f1: 0.9854 pred_right: 43540 pred_wrong:3260 actu_right: 43563 actu_wrong: 3237
2026-07-12 00:04:54,490 P3667910 INFO pr:0.9715  rc:0.9781  auc:0.9974 ap:0.9941 f1: 0.9748 pred_right: 17865 pred_wrong:1335 actu_right: 17874 actu_wrong: 1326
2026-07-12 00:04:54,491 P3667910 INFO ----------------------------------------------------------------------------------------------------
2026-07-12 00:04:54,491 P3667910 INFO 275/300 starting... lr: 0.0008100000000000001 para:0.01
2026-07-12 00:04:57,553 P3667910 INFO Epoch 275/300, all_loss:0.21573 cls_loss:0.14429 rec_loss:7.28837 [3.06s]; best loss:0.09825, patience : 9
2026-07-12 00:04:58,061 P3667910 INFO pr:0.9798  rc:0.9750  auc:0.9977 ap:0.9959 f1: 0.9774 pred_right: 43575 pred_wrong:3225 actu_right: 43559 actu_wrong: 3241
2026-07-12 00:04:58,275 P3667910 INFO pr:0.9695  rc:0.9600  auc:0.9969 ap:0.9934 f1: 0.9648 pred_right: 17887 pred_wrong:1313 actu_right: 17874 actu_wrong: 1326
2026-07-12 00:04:58,275 P3667910 INFO ----------------------------------------------------------------------------------------------------
2026-07-12 00:04:58,276 P3667910 INFO 276/300 starting... lr: 0.0008100000000000001 para:0.01
2026-07-12 00:04:59,464 P3667910 INFO Epoch 276/300, all_loss:0.18409 cls_loss:0.11251 rec_loss:7.27009 [1.19s]; best loss:0.09825, patience : 9
2026-07-12 00:04:59,934 P3667910 INFO pr:0.9755  rc:0.9830  auc:0.9977 ap:0.9953 f1: 0.9792 pred_right: 43536 pred_wrong:3264 actu_right: 43561 actu_wrong: 3239
2026-07-12 00:05:00,137 P3667910 INFO pr:0.9590  rc:0.9706  auc:0.9975 ap:0.9936 f1: 0.9648 pred_right: 17858 pred_wrong:1342 actu_right: 17874 actu_wrong: 1326
2026-07-12 00:05:00,137 P3667910 INFO ----------------------------------------------------------------------------------------------------
2026-07-12 00:05:00,137 P3667910 INFO 277/300 starting... lr: 0.0008100000000000001 para:0.01
2026-07-12 00:05:01,328 P3667910 INFO Epoch 277/300, all_loss:0.27927 cls_loss:0.20909 rec_loss:7.22660 [1.19s]; best loss:0.09825, patience : 10
2026-07-12 00:05:01,798 P3667910 INFO pr:0.9857  rc:0.9790  auc:0.9977 ap:0.9963 f1: 0.9824 pred_right: 43581 pred_wrong:3219 actu_right: 43559 actu_wrong: 3241
2026-07-12 00:05:02,001 P3667910 INFO pr:0.9793  rc:0.9615  auc:0.9965 ap:0.9942 f1: 0.9703 pred_right: 17898 pred_wrong:1302 actu_right: 17874 actu_wrong: 1326
2026-07-12 00:05:02,001 P3667910 INFO ----------------------------------------------------------------------------------------------------
2026-07-12 00:05:02,009 P3667910 INFO 278/300 starting... lr: 0.0008100000000000001 para:0.01
2026-07-12 00:05:03,288 P3667910 INFO Epoch 278/300, all_loss:0.28161 cls_loss:0.21170 rec_loss:7.20279 [1.28s]; best loss:0.09825, patience : 11
2026-07-12 00:05:03,798 P3667910 INFO pr:0.9697  rc:0.9870  auc:0.9979 ap:0.9961 f1: 0.9783 pred_right: 43505 pred_wrong:3295 actu_right: 43563 actu_wrong: 3237
2026-07-12 00:05:04,031 P3667910 INFO pr:0.9557  rc:0.9751  auc:0.9970 ap:0.9933 f1: 0.9653 pred_right: 17847 pred_wrong:1353 actu_right: 17874 actu_wrong: 1326
2026-07-12 00:05:04,031 P3667910 INFO ----------------------------------------------------------------------------------------------------
2026-07-12 00:05:04,032 P3667910 INFO 279/300 starting... lr: 0.0008100000000000001 para:0.01
2026-07-12 00:05:05,513 P3667910 INFO Epoch 279/300, all_loss:0.18739 cls_loss:0.11715 rec_loss:7.14154 [1.48s]; best loss:0.09825, patience : 11
2026-07-12 00:05:06,056 P3667910 INFO pr:0.9876  rc:0.9830  auc:0.9978 ap:0.9961 f1: 0.9853 pred_right: 43573 pred_wrong:3227 actu_right: 43558 actu_wrong: 3242
2026-07-12 00:05:06,286 P3667910 INFO pr:0.9816  rc:0.9668  auc:0.9965 ap:0.9940 f1: 0.9742 pred_right: 17894 pred_wrong:1306 actu_right: 17874 actu_wrong: 1326
2026-07-12 00:05:06,287 P3667910 INFO ----------------------------------------------------------------------------------------------------
2026-07-12 00:05:06,287 P3667910 INFO 280/300 starting... lr: 0.0008100000000000001 para:0.01
2026-07-12 00:05:07,797 P3667910 INFO Epoch 280/300, all_loss:0.13907 cls_loss:0.06861 rec_loss:7.11488 [1.51s]; best loss:0.09825, patience : 11
2026-07-12 00:05:08,324 P3667910 INFO pr:0.9782  rc:0.9839  auc:0.9976 ap:0.9958 f1: 0.9811 pred_right: 43544 pred_wrong:3256 actu_right: 43563 actu_wrong: 3237
2026-07-12 00:05:08,542 P3667910 INFO pr:0.9605  rc:0.9713  auc:0.9967 ap:0.9934 f1: 0.9659 pred_right: 17859 pred_wrong:1341 actu_right: 17874 actu_wrong: 1326
2026-07-12 00:05:08,542 P3667910 INFO ----------------------------------------------------------------------------------------------------
2026-07-12 00:05:08,542 P3667910 INFO 281/300 starting... lr: 0.0008100000000000001 para:0.01
2026-07-12 00:05:10,044 P3667910 INFO Epoch 281/300, all_loss:0.15005 cls_loss:0.07878 rec_loss:7.20532 [1.50s]; best loss:0.09825, patience : 12
2026-07-12 00:05:11,083 P3667910 INFO pr:0.9888  rc:0.9796  auc:0.9978 ap:0.9963 f1: 0.9842 pred_right: 43589 pred_wrong:3211 actu_right: 43559 actu_wrong: 3241
2026-07-12 00:05:11,553 P3667910 INFO pr:0.9830  rc:0.9608  auc:0.9957 ap:0.9937 f1: 0.9718 pred_right: 17904 pred_wrong:1296 actu_right: 17874 actu_wrong: 1326
2026-07-12 00:05:11,554 P3667910 INFO ----------------------------------------------------------------------------------------------------
2026-07-12 00:05:11,554 P3667910 INFO 282/300 starting... lr: 0.0008100000000000001 para:0.01
2026-07-12 00:05:15,783 P3667910 INFO Epoch 282/300, all_loss:0.12678 cls_loss:0.05498 rec_loss:7.23452 [4.23s]; best loss:0.09825, patience : 12
2026-07-12 00:05:17,091 P3667910 INFO pr:0.9885  rc:0.9837  auc:0.9978 ap:0.9960 f1: 0.9861 pred_right: 43573 pred_wrong:3227 actu_right: 43557 actu_wrong: 3243
2026-07-12 00:05:17,596 P3667910 INFO pr:0.9823  rc:0.9615  auc:0.9967 ap:0.9941 f1: 0.9718 pred_right: 17902 pred_wrong:1298 actu_right: 17874 actu_wrong: 1326
2026-07-12 00:05:17,596 P3667910 INFO ----------------------------------------------------------------------------------------------------
2026-07-12 00:05:17,597 P3667910 INFO 283/300 starting... lr: 0.0008100000000000001 para:0.01
2026-07-12 00:05:21,189 P3667910 INFO Epoch 283/300, all_loss:0.11782 cls_loss:0.04789 rec_loss:7.04092 [3.59s]; best loss:0.09825, patience : 12
2026-07-12 00:05:22,695 P3667910 INFO pr:0.9851  rc:0.9830  auc:0.9979 ap:0.9959 f1: 0.9841 pred_right: 43568 pred_wrong:3232 actu_right: 43561 actu_wrong: 3239
2026-07-12 00:05:23,090 P3667910 INFO pr:0.9801  rc:0.9676  auc:0.9975 ap:0.9946 f1: 0.9738 pred_right: 17891 pred_wrong:1309 actu_right: 17874 actu_wrong: 1326
2026-07-12 00:05:23,091 P3667910 INFO ----------------------------------------------------------------------------------------------------
2026-07-12 00:05:23,091 P3667910 INFO 284/300 starting... lr: 0.0008100000000000001 para:0.01
2026-07-12 00:05:25,400 P3667910 INFO Epoch 284/300, all_loss:0.10539 cls_loss:0.03507 rec_loss:7.06653 [2.31s]; best loss:0.09825, patience : 12
2026-07-12 00:05:26,071 P3667910 INFO pr:0.9891  rc:0.9827  auc:0.9978 ap:0.9962 f1: 0.9859 pred_right: 43581 pred_wrong:3219 actu_right: 43560 actu_wrong: 3240
2026-07-12 00:05:26,317 P3667910 INFO pr:0.9815  rc:0.9615  auc:0.9966 ap:0.9945 f1: 0.9714 pred_right: 17901 pred_wrong:1299 actu_right: 17874 actu_wrong: 1326
2026-07-12 00:05:26,317 P3667910 INFO ----------------------------------------------------------------------------------------------------
2026-07-12 00:05:26,317 P3667910 INFO 285/300 starting... lr: 0.0008100000000000001 para:0.01
2026-07-12 00:05:27,924 P3667910 INFO Epoch 285/300, all_loss:0.10428 cls_loss:0.03474 rec_loss:6.98892 [1.61s]; best loss:0.09825, patience : 12
2026-07-12 00:05:28,534 P3667910 INFO pr:0.9916  rc:0.9775  auc:0.9978 ap:0.9962 f1: 0.9845 pred_right: 43603 pred_wrong:3197 actu_right: 43557 actu_wrong: 3243
2026-07-12 00:05:28,804 P3667910 INFO pr:0.9875  rc:0.9548  auc:0.9962 ap:0.9946 f1: 0.9709 pred_right: 17918 pred_wrong:1282 actu_right: 17874 actu_wrong: 1326
2026-07-12 00:05:28,804 P3667910 INFO ----------------------------------------------------------------------------------------------------
2026-07-12 00:05:28,804 P3667910 INFO 286/300 starting... lr: 0.0008100000000000001 para:0.01
2026-07-12 00:05:30,550 P3667910 INFO Epoch 286/300, all_loss:0.15775 cls_loss:0.08885 rec_loss:6.97851 [1.75s]; best loss:0.09825, patience : 13
2026-07-12 00:05:31,255 P3667910 INFO pr:0.9789  rc:0.9864  auc:0.9980 ap:0.9955 f1: 0.9826 pred_right: 43537 pred_wrong:3263 actu_right: 43562 actu_wrong: 3238
2026-07-12 00:05:31,536 P3667910 INFO pr:0.9721  rc:0.9713  auc:0.9974 ap:0.9939 f1: 0.9717 pred_right: 17875 pred_wrong:1325 actu_right: 17874 actu_wrong: 1326
2026-07-12 00:05:31,537 P3667910 INFO ----------------------------------------------------------------------------------------------------
2026-07-12 00:05:31,537 P3667910 INFO 287/300 starting... lr: 0.0008100000000000001 para:0.01
2026-07-12 00:05:33,188 P3667910 INFO Epoch 287/300, all_loss:0.19374 cls_loss:0.12419 rec_loss:7.07936 [1.65s]; best loss:0.09825, patience : 14
2026-07-12 00:05:33,837 P3667910 INFO pr:0.9875  rc:0.9750  auc:0.9976 ap:0.9962 f1: 0.9812 pred_right: 43602 pred_wrong:3198 actu_right: 43561 actu_wrong: 3239
2026-07-12 00:05:34,103 P3667910 INFO pr:0.9814  rc:0.9570  auc:0.9955 ap:0.9946 f1: 0.9691 pred_right: 17907 pred_wrong:1293 actu_right: 17874 actu_wrong: 1326
2026-07-12 00:05:34,104 P3667910 INFO ----------------------------------------------------------------------------------------------------
2026-07-12 00:05:34,104 P3667910 INFO 288/300 starting... lr: 0.0008100000000000001 para:0.01
2026-07-12 00:05:35,778 P3667910 INFO Epoch 288/300, all_loss:0.16163 cls_loss:0.09097 rec_loss:7.15779 [1.67s]; best loss:0.09825, patience : 14
2026-07-12 00:05:36,343 P3667910 INFO pr:0.9678  rc:0.9836  auc:0.9980 ap:0.9950 f1: 0.9757 pred_right: 43508 pred_wrong:3292 actu_right: 43561 actu_wrong: 3239
2026-07-12 00:05:36,590 P3667910 INFO pr:0.9571  rc:0.9751  auc:0.9977 ap:0.9931 f1: 0.9660 pred_right: 17849 pred_wrong:1351 actu_right: 17874 actu_wrong: 1326
2026-07-12 00:05:36,591 P3667910 INFO ----------------------------------------------------------------------------------------------------
2026-07-12 00:05:36,591 P3667910 INFO 289/300 starting... lr: 0.0008100000000000001 para:0.01
2026-07-12 00:05:38,192 P3667910 INFO Early stop at epoch: 289
2026-07-12 00:05:38,192 P3667910 INFO saving model...
2026-07-12 00:05:38,192 P3667910 INFO FITS_Legendre - loss  best score:0.09824682027101517 at epoch 260
2026-07-12 00:05:38,198 P3667910 INFO FITS_Legendre - f1  best score:0.9862717877525837 at epoch 238
2026-07-12 00:05:38,202 P3667910 INFO Average training time per epoch: 1.78 seconds
2026-07-12 00:05:38,203 P3667910 INFO calculate scores...
2026-07-12 00:05:38,203 P3667910 INFO calculate label with loss...
2026-07-12 00:05:38,203 P3667910 INFO FITS_Legendre on ./result/server_only_exps/Architecture_updatedFreDF/FITS_Legendre-SN-Epochs300-Seed1-ExpNameRQ2_architecture-LPFLPF-Attnlinear_attn-NormLinTrue-RecLambda1.0-AuxiLambda0.5 loading...
2026-07-12 00:05:38,463 P3667910 INFO pr:0.9694  rc:0.9781  auc:0.9964 ap:0.9921 f1: 0.9737 pred_right: 17862 pred_wrong:1338 actu_right: 17874 actu_wrong: 1326
2026-07-12 00:05:38,982 P3667910 INFO pr:0.9694  rc:0.9781  auc:0.9964 ap:0.9921 f1: 0.9737 pred_right: 17862 pred_wrong:1338 actu_right: 17874 actu_wrong: 1326
2026-07-12 00:05:38,982 P3667910 INFO Performance Summary:
{'GPU': {'inference_time_per_sample_ms': 0.1267709533727672, 'throughput_samples_per_sec': 7888.242325191971, 'peak_memory_mb': 42.2890625, 'energy_per_sample_joules': 0.006723614439508139}, 'CPU': {'inference_time_per_sample_ms': 0.28261682212317335, 'throughput_samples_per_sec': 3538.3597922000845, 'peak_memory_mb': 1733.3046875, 'energy_per_sample_joules': 0.01837009343800627}}
2026-07-12 00:05:38,983 P3667910 INFO Starting clean-room hardware benchmarking...
2026-07-12 00:05:39,744 P3667910 INFO Performance with loss: pr:0.9694  rc:0.9781  auc:0.9964 ap:0.9921 f1: 0.9737 pred_right: 17862 pred_wrong:1338 actu_right: 17874 actu_wrong: 1326
2026-07-12 00:05:39,744 P3667910 INFO calculate label with f1...
2026-07-12 00:05:39,744 P3667910 INFO FITS_Legendre on ./result/server_only_exps/Architecture_updatedFreDF/FITS_Legendre-SN-Epochs300-Seed1-ExpNameRQ2_architecture-LPFLPF-Attnlinear_attn-NormLinTrue-RecLambda1.0-AuxiLambda0.5 loading...
2026-07-12 00:05:40,030 P3667910 INFO pr:0.9787  rc:0.9698  auc:0.9961 ap:0.9937 f1: 0.9742 pred_right: 17886 pred_wrong:1314 actu_right: 17874 actu_wrong: 1326
2026-07-12 00:05:40,568 P3667910 INFO pr:0.9787  rc:0.9698  auc:0.9961 ap:0.9937 f1: 0.9742 pred_right: 17886 pred_wrong:1314 actu_right: 17874 actu_wrong: 1326
2026-07-12 00:05:40,568 P3667910 INFO Performance Summary:
{'GPU': {'inference_time_per_sample_ms': 0.1445178588939719, 'throughput_samples_per_sec': 6919.560029834568, 'peak_memory_mb': 41.859375, 'energy_per_sample_joules': 0.007386669062718137}, 'CPU': {'inference_time_per_sample_ms': 0.2911310428249928, 'throughput_samples_per_sec': 3434.8793254628245, 'peak_memory_mb': 1731.203125, 'energy_per_sample_joules': 0.01892351778362453}}
2026-07-12 00:05:40,568 P3667910 INFO Starting clean-room hardware benchmarking...
2026-07-12 00:05:41,307 P3667910 INFO Performance with f1: pr:0.9787  rc:0.9698  auc:0.9961 ap:0.9937 f1: 0.9742 pred_right: 17886 pred_wrong:1314 actu_right: 17874 actu_wrong: 1326
