2026-07-12 04:40:37,663 P3826050 INFO ---- Model: ----MSTGAD-a335c3ee----random_seed : 1----req_loss_approach : Legendre-style----rec_lambda : 1.0----auxi_lambda : 0.0----Freq Domain : FreTS----Multi Fits : false----train : True----evaluate : False
2026-07-12 04:40:37,663 P3826050 INFO read Tranform data
2026-07-12 04:40:38,890 P3826050 INFO read Graph edge data
2026-07-12 04:40:38,890 P3826050 INFO Fewshot: training with 1.0 of the 70% of the data
2026-07-12 04:40:40,646 P3826050 INFO Trainable Parameters Breakdown:
2026-07-12 04:40:40,646 P3826050 INFO --------------------------------------------------------------------------------
2026-07-12 04:40:40,646 P3826050 INFO Reconstruction-Specific Parameters:
2026-07-12 04:40:40,646 P3826050 INFO linear_attn.Wq.weight                    | shape: (10, 10)                  | params: 100
2026-07-12 04:40:40,647 P3826050 INFO linear_attn.Wk.weight                    | shape: (10, 10)                  | params: 100
2026-07-12 04:40:40,647 P3826050 INFO linear_attn.Wv.weight                    | shape: (10, 10)                  | params: 100
2026-07-12 04:40:40,647 P3826050 INFO linear_attn.out.weight                   | shape: (10, 10)                  | params: 100
2026-07-12 04:40:40,647 P3826050 INFO linear_attn.out.bias                     | shape: (10,)                     | params: 10
2026-07-12 04:40:40,647 P3826050 INFO linear_attn.norm.weight                  | shape: (10,)                     | params: 10
2026-07-12 04:40:40,647 P3826050 INFO linear_attn.norm.bias                    | shape: (10,)                     | params: 10
2026-07-12 04:40:40,647 P3826050 INFO shared_fits.embeddings                   | shape: (1, 10)                   | params: 10
2026-07-12 04:40:40,647 P3826050 INFO shared_fits.r1                           | shape: (10, 10)                  | params: 100
2026-07-12 04:40:40,647 P3826050 INFO shared_fits.i1                           | shape: (10, 10)                  | params: 100
2026-07-12 04:40:40,647 P3826050 INFO shared_fits.rb1                          | shape: (10,)                     | params: 10
2026-07-12 04:40:40,647 P3826050 INFO shared_fits.ib1                          | shape: (10,)                     | params: 10
2026-07-12 04:40:40,647 P3826050 INFO shared_fits.r2                           | shape: (10, 10)                  | params: 100
2026-07-12 04:40:40,647 P3826050 INFO shared_fits.i2                           | shape: (10, 10)                  | params: 100
2026-07-12 04:40:40,647 P3826050 INFO shared_fits.rb2                          | shape: (10,)                     | params: 10
2026-07-12 04:40:40,647 P3826050 INFO shared_fits.ib2                          | shape: (10,)                     | params: 10
2026-07-12 04:40:40,647 P3826050 INFO shared_fits.fc.0.weight                  | shape: (10, 100)                 | params: 1,000
2026-07-12 04:40:40,647 P3826050 INFO shared_fits.fc.0.bias                    | shape: (10,)                     | params: 10
2026-07-12 04:40:40,647 P3826050 INFO shared_fits.fc.2.weight                  | shape: (10, 10)                  | params: 100
2026-07-12 04:40:40,654 P3826050 INFO shared_fits.fc.2.bias                    | shape: (10,)                     | params: 10
2026-07-12 04:40:40,654 P3826050 INFO modality_proj.node.weight                | shape: (10, 4)                   | params: 40
2026-07-12 04:40:40,654 P3826050 INFO modality_proj.node.bias                  | shape: (10,)                     | params: 10
2026-07-12 04:40:40,654 P3826050 INFO modality_proj.log.weight                 | shape: (10, 16)                  | params: 160
2026-07-12 04:40:40,654 P3826050 INFO modality_proj.log.bias                   | shape: (10,)                     | params: 10
2026-07-12 04:40:40,654 P3826050 INFO modality_proj.edge.weight                | shape: (10, 4)                   | params: 40
2026-07-12 04:40:40,654 P3826050 INFO modality_proj.edge.bias                  | shape: (10,)                     | params: 10
2026-07-12 04:40:40,654 P3826050 INFO modality_proj_out.node.weight            | shape: (4, 10)                   | params: 40
2026-07-12 04:40:40,654 P3826050 INFO modality_proj_out.node.bias              | shape: (4,)                      | params: 4
2026-07-12 04:40:40,654 P3826050 INFO modality_proj_out.log.weight             | shape: (16, 10)                  | params: 160
2026-07-12 04:40:40,654 P3826050 INFO modality_proj_out.log.bias               | shape: (16,)                     | params: 16
2026-07-12 04:40:40,654 P3826050 INFO modality_proj_out.edge.weight            | shape: (4, 10)                   | params: 40
2026-07-12 04:40:40,654 P3826050 INFO modality_proj_out.edge.bias              | shape: (4,)                      | params: 4
2026-07-12 04:40:40,654 P3826050 INFO Subtotal: 2,534
2026-07-12 04:40:40,655 P3826050 INFO --------------------------------------------------------------------------------
2026-07-12 04:40:40,655 P3826050 INFO Common Parameters:
2026-07-12 04:40:40,655 P3826050 INFO node_emb.linear.weight                   | shape: (4, 3)                    | params: 12
2026-07-12 04:40:40,655 P3826050 INFO node_emb.linear.bias                     | shape: (4,)                      | params: 4
2026-07-12 04:40:40,655 P3826050 INFO log_emb.linear.weight                    | shape: (16, 256)                 | params: 4,096
2026-07-12 04:40:40,655 P3826050 INFO log_emb.linear.bias                      | shape: (16,)                     | params: 16
2026-07-12 04:40:40,655 P3826050 INFO egde_emb.linear.weight                   | shape: (4, 7)                    | params: 28
2026-07-12 04:40:40,655 P3826050 INFO egde_emb.linear.bias                     | shape: (4,)                      | params: 4
2026-07-12 04:40:40,655 P3826050 INFO dense_node.weight                        | shape: (3, 4)                    | params: 12
2026-07-12 04:40:40,655 P3826050 INFO dense_node.bias                          | shape: (3,)                      | params: 3
2026-07-12 04:40:40,655 P3826050 INFO dense_log.weight                         | shape: (256, 16)                 | params: 4,096
2026-07-12 04:40:40,655 P3826050 INFO dense_log.bias                           | shape: (256,)                    | params: 256
2026-07-12 04:40:40,655 P3826050 INFO dense_edge.weight                        | shape: (7, 4)                    | params: 28
2026-07-12 04:40:40,655 P3826050 INFO dense_edge.bias                          | shape: (7,)                      | params: 7
2026-07-12 04:40:40,655 P3826050 INFO show.0.weight                            | shape: (128, 266)                | params: 34,048
2026-07-12 04:40:40,655 P3826050 INFO show.0.bias                              | shape: (128,)                    | params: 128
2026-07-12 04:40:40,655 P3826050 INFO show.2.weight                            | shape: (2, 128)                  | params: 256
2026-07-12 04:40:40,655 P3826050 INFO show.2.bias                              | shape: (2,)                      | params: 2
2026-07-12 04:40:40,655 P3826050 INFO Subtotal: 42,996
2026-07-12 04:40:40,655 P3826050 INFO --------------------------------------------------------------------------------
2026-07-12 04:40:40,655 P3826050 INFO Total Trainable Parameters: 45,530

2026-07-12 04:40:40,655 P3826050 INFO Trainable Parameters: 45530, reconstruction: 2534, common: 42996
2026-07-12 04:40:40,656 P3826050 INFO model : init weight
2026-07-12 04:40:40,656 P3826050 INFO Using GPU...
2026-07-12 04:40:40,661 P3826050 INFO optimizer : using AdaBelief
2026-07-12 04:40:40,661 P3826050 INFO ----------------------------------------------------------------------------------------------------
2026-07-12 04:40:40,661 P3826050 INFO 0/300 starting... lr: 0.001 para:1.0
2026-07-12 04:40:48,323 P3826050 INFO Epoch 0/300, all_loss:0.16546 cls_loss:151.29965 rec_loss:0.16546 [7.66s]; best loss:0.16546, patience : 0
2026-07-12 04:40:48,324 P3826050 INFO ----------------------------------------------------------------------------------------------------
2026-07-12 04:40:48,324 P3826050 INFO 1/300 starting... lr: 0.001 para:0.5
2026-07-12 04:40:55,415 P3826050 INFO Epoch 1/300, all_loss:4.47464 cls_loss:8.74418 rec_loss:0.20511 [7.09s]; best loss:4.47464, patience : 0
2026-07-12 04:40:55,415 P3826050 INFO ----------------------------------------------------------------------------------------------------
2026-07-12 04:40:55,415 P3826050 INFO 2/300 starting... lr: 0.001 para:0.3333333432674408
2026-07-12 04:41:02,555 P3826050 INFO Epoch 2/300, all_loss:76.64684 cls_loss:114.86092 rec_loss:0.21871 [7.14s]; best loss:4.47464, patience : 1
2026-07-12 04:41:05,175 P3826050 INFO pr:0.9533  rc:0.3602  auc:0.9418 ap:0.8358 f1: 0.5229 pred_right: 38850 pred_wrong:150 actu_right: 38603 actu_wrong: 397
2026-07-12 04:41:06,261 P3826050 INFO pr:0.9310  rc:0.2093  auc:0.9182 ap:0.8036 f1: 0.3418 pred_right: 16471 pred_wrong:29 actu_right: 16371 actu_wrong: 129
2026-07-12 04:41:06,268 P3826050 INFO ----------------------------------------------------------------------------------------------------
2026-07-12 04:41:06,268 P3826050 INFO 3/300 starting... lr: 0.001 para:0.25
2026-07-12 04:41:13,301 P3826050 INFO Epoch 3/300, all_loss:81.24298 cls_loss:108.24602 rec_loss:0.23384 [7.03s]; best loss:4.47464, patience : 2
2026-07-12 04:41:15,350 P3826050 INFO pr:0.9769  rc:0.5315  auc:0.9587 ap:0.9063 f1: 0.6884 pred_right: 38784 pred_wrong:216 actu_right: 38603 actu_wrong: 397
2026-07-12 04:41:16,282 P3826050 INFO pr:0.9500  rc:0.4419  auc:0.9607 ap:0.8879 f1: 0.6032 pred_right: 16440 pred_wrong:60 actu_right: 16371 actu_wrong: 129
2026-07-12 04:41:16,287 P3826050 INFO ----------------------------------------------------------------------------------------------------
2026-07-12 04:41:16,287 P3826050 INFO 4/300 starting... lr: 0.001 para:0.20000000298023224
2026-07-12 04:41:24,740 P3826050 INFO Epoch 4/300, all_loss:1.00077 cls_loss:1.18780 rec_loss:0.25265 [8.44s]; best loss:1.00077, patience : 0
2026-07-12 04:41:30,037 P3826050 INFO pr:0.9542  rc:0.7355  auc:0.9763 ap:0.9489 f1: 0.8307 pred_right: 38694 pred_wrong:306 actu_right: 38603 actu_wrong: 397
2026-07-12 04:41:32,528 P3826050 INFO pr:0.9556  rc:0.6667  auc:0.9746 ap:0.9397 f1: 0.7854 pred_right: 16410 pred_wrong:90 actu_right: 16371 actu_wrong: 129
2026-07-12 04:41:32,538 P3826050 INFO ----------------------------------------------------------------------------------------------------
2026-07-12 04:41:32,538 P3826050 INFO 5/300 starting... lr: 0.001 para:0.1666666716337204
2026-07-12 04:41:41,438 P3826050 INFO Epoch 5/300, all_loss:0.54359 cls_loss:0.60117 rec_loss:0.25568 [8.89s]; best loss:0.54359, patience : 0
2026-07-12 04:41:43,965 P3826050 INFO pr:0.9576  rc:0.8539  auc:0.9755 ap:0.9626 f1: 0.9028 pred_right: 38646 pred_wrong:354 actu_right: 38603 actu_wrong: 397
2026-07-12 04:41:45,094 P3826050 INFO pr:0.9565  rc:0.8527  auc:0.9743 ap:0.9577 f1: 0.9016 pred_right: 16385 pred_wrong:115 actu_right: 16371 actu_wrong: 129
2026-07-12 04:41:45,100 P3826050 INFO ----------------------------------------------------------------------------------------------------
2026-07-12 04:41:45,100 P3826050 INFO 6/300 starting... lr: 0.001 para:0.1428571492433548
2026-07-12 04:41:52,121 P3826050 INFO Epoch 6/300, all_loss:0.35425 cls_loss:0.37077 rec_loss:0.25514 [7.02s]; best loss:0.35425, patience : 0
2026-07-12 04:41:54,580 P3826050 INFO pr:0.9820  rc:0.8262  auc:0.9762 ap:0.9658 f1: 0.8974 pred_right: 38666 pred_wrong:334 actu_right: 38603 actu_wrong: 397
2026-07-12 04:41:55,614 P3826050 INFO pr:0.9912  rc:0.8760  auc:0.9769 ap:0.9741 f1: 0.9300 pred_right: 16386 pred_wrong:114 actu_right: 16371 actu_wrong: 129
2026-07-12 04:41:55,615 P3826050 INFO ----------------------------------------------------------------------------------------------------
2026-07-12 04:41:55,615 P3826050 INFO 7/300 starting... lr: 0.001 para:0.125
2026-07-12 04:42:02,695 P3826050 INFO Epoch 7/300, all_loss:64.16300 cls_loss:73.29313 rec_loss:0.25202 [7.08s]; best loss:0.35425, patience : 1
2026-07-12 04:42:05,211 P3826050 INFO pr:0.9167  rc:0.9144  auc:0.9919 ap:0.9673 f1: 0.9155 pred_right: 38604 pred_wrong:396 actu_right: 38603 actu_wrong: 397
2026-07-12 04:42:06,274 P3826050 INFO pr:0.9254  rc:0.9612  auc:0.9996 ap:0.9690 f1: 0.9430 pred_right: 16366 pred_wrong:134 actu_right: 16371 actu_wrong: 129
2026-07-12 04:42:06,279 P3826050 INFO ----------------------------------------------------------------------------------------------------
2026-07-12 04:42:06,280 P3826050 INFO 8/300 starting... lr: 0.001 para:0.1111111119389534
2026-07-12 04:42:13,414 P3826050 INFO Epoch 8/300, all_loss:50.06365 cls_loss:56.29142 rec_loss:0.24154 [7.13s]; best loss:0.35425, patience : 1
2026-07-12 04:42:16,112 P3826050 INFO pr:0.9598  rc:0.9040  auc:0.9773 ap:0.9663 f1: 0.9311 pred_right: 38627 pred_wrong:373 actu_right: 38604 actu_wrong: 396
2026-07-12 04:42:17,271 P3826050 INFO pr:0.9600  rc:0.9302  auc:0.9879 ap:0.9665 f1: 0.9449 pred_right: 16375 pred_wrong:125 actu_right: 16371 actu_wrong: 129
2026-07-12 04:42:17,278 P3826050 INFO ----------------------------------------------------------------------------------------------------
2026-07-12 04:42:17,278 P3826050 INFO 9/300 starting... lr: 0.001 para:0.10000000149011612
2026-07-12 04:42:24,612 P3826050 INFO Epoch 9/300, all_loss:0.37433 cls_loss:0.38926 rec_loss:0.23994 [7.33s]; best loss:0.35425, patience : 1
2026-07-12 04:42:27,328 P3826050 INFO pr:0.9617  rc:0.8866  auc:0.9798 ap:0.9638 f1: 0.9227 pred_right: 38634 pred_wrong:366 actu_right: 38603 actu_wrong: 397
2026-07-12 04:42:28,484 P3826050 INFO pr:0.9520  rc:0.9225  auc:0.9888 ap:0.9512 f1: 0.9370 pred_right: 16375 pred_wrong:125 actu_right: 16371 actu_wrong: 129
2026-07-12 04:42:28,484 P3826050 INFO ----------------------------------------------------------------------------------------------------
2026-07-12 04:42:28,484 P3826050 INFO 10/300 starting... lr: 0.001 para:0.09090909361839294
2026-07-12 04:42:35,756 P3826050 INFO Epoch 10/300, all_loss:36.21840 cls_loss:39.81721 rec_loss:0.23038 [7.27s]; best loss:0.35425, patience : 2
2026-07-12 04:42:38,328 P3826050 INFO pr:0.9780  rc:0.8942  auc:0.9919 ap:0.9729 f1: 0.9342 pred_right: 38637 pred_wrong:363 actu_right: 38603 actu_wrong: 397
2026-07-12 04:42:39,983 P3826050 INFO pr:0.9840  rc:0.9535  auc:0.9998 ap:0.9836 f1: 0.9685 pred_right: 16375 pred_wrong:125 actu_right: 16371 actu_wrong: 129
2026-07-12 04:42:39,991 P3826050 INFO ----------------------------------------------------------------------------------------------------
2026-07-12 04:42:39,991 P3826050 INFO 11/300 starting... lr: 0.001 para:0.0833333358168602
2026-07-12 04:42:45,931 P3826050 INFO Epoch 11/300, all_loss:0.45063 cls_loss:0.47077 rec_loss:0.22914 [5.94s]; best loss:0.35425, patience : 2
2026-07-12 04:42:48,066 P3826050 INFO pr:0.9857  rc:0.8665  auc:0.9770 ap:0.9719 f1: 0.9223 pred_right: 38651 pred_wrong:349 actu_right: 38603 actu_wrong: 397
2026-07-12 04:42:49,190 P3826050 INFO pr:0.9754  rc:0.9225  auc:0.9805 ap:0.9745 f1: 0.9482 pred_right: 16378 pred_wrong:122 actu_right: 16371 actu_wrong: 129
2026-07-12 04:42:49,191 P3826050 INFO ----------------------------------------------------------------------------------------------------
2026-07-12 04:42:49,191 P3826050 INFO 12/300 starting... lr: 0.001 para:0.07692307978868484
2026-07-12 04:42:58,081 P3826050 INFO Epoch 12/300, all_loss:0.41639 cls_loss:0.43194 rec_loss:0.22973 [8.89s]; best loss:0.35425, patience : 2
2026-07-12 04:43:03,938 P3826050 INFO pr:0.9594  rc:0.8338  auc:0.9755 ap:0.9650 f1: 0.8922 pred_right: 38655 pred_wrong:345 actu_right: 38603 actu_wrong: 397
2026-07-12 04:43:06,148 P3826050 INFO pr:0.9496  rc:0.8760  auc:0.9782 ap:0.9572 f1: 0.9113 pred_right: 16381 pred_wrong:119 actu_right: 16371 actu_wrong: 129
2026-07-12 04:43:06,149 P3826050 INFO ----------------------------------------------------------------------------------------------------
2026-07-12 04:43:06,149 P3826050 INFO 13/300 starting... lr: 0.001 para:0.0714285746216774
2026-07-12 04:43:13,981 P3826050 INFO Epoch 13/300, all_loss:0.35282 cls_loss:0.36315 rec_loss:0.21842 [7.83s]; best loss:0.35282, patience : 0
2026-07-12 04:43:16,726 P3826050 INFO pr:0.9755  rc:0.9018  auc:0.9827 ap:0.9756 f1: 0.9372 pred_right: 38633 pred_wrong:367 actu_right: 38603 actu_wrong: 397
2026-07-12 04:43:17,802 P3826050 INFO pr:0.9606  rc:0.9457  auc:0.9998 ap:0.9882 f1: 0.9531 pred_right: 16373 pred_wrong:127 actu_right: 16371 actu_wrong: 129
2026-07-12 04:43:17,808 P3826050 INFO ----------------------------------------------------------------------------------------------------
2026-07-12 04:43:17,809 P3826050 INFO 14/300 starting... lr: 0.001 para:0.06666667014360428
2026-07-12 04:43:25,127 P3826050 INFO Epoch 14/300, all_loss:0.32342 cls_loss:0.33129 rec_loss:0.21328 [7.31s]; best loss:0.32342, patience : 0
2026-07-12 04:43:27,786 P3826050 INFO pr:0.9504  rc:0.9169  auc:0.9873 ap:0.9680 f1: 0.9333 pred_right: 38617 pred_wrong:383 actu_right: 38603 actu_wrong: 397
2026-07-12 04:43:28,801 P3826050 INFO pr:0.9470  rc:0.9690  auc:0.9998 ap:0.9807 f1: 0.9579 pred_right: 16368 pred_wrong:132 actu_right: 16371 actu_wrong: 129
2026-07-12 04:43:28,802 P3826050 INFO ----------------------------------------------------------------------------------------------------
2026-07-12 04:43:28,802 P3826050 INFO 15/300 starting... lr: 0.001 para:0.0625
2026-07-12 04:43:35,884 P3826050 INFO Epoch 15/300, all_loss:97.51637 cls_loss:104.00349 rec_loss:0.20952 [7.08s]; best loss:0.32342, patience : 1
2026-07-12 04:43:38,569 P3826050 INFO pr:0.9704  rc:0.9091  auc:0.9814 ap:0.9720 f1: 0.9387 pred_right: 38629 pred_wrong:371 actu_right: 38604 actu_wrong: 396
2026-07-12 04:43:39,633 P3826050 INFO pr:0.9615  rc:0.9690  auc:0.9978 ap:0.9841 f1: 0.9653 pred_right: 16370 pred_wrong:130 actu_right: 16371 actu_wrong: 129
2026-07-12 04:43:39,640 P3826050 INFO ----------------------------------------------------------------------------------------------------
2026-07-12 04:43:39,641 P3826050 INFO 16/300 starting... lr: 0.001 para:0.05882352963089943
2026-07-12 04:43:46,660 P3826050 INFO Epoch 16/300, all_loss:0.32738 cls_loss:0.33471 rec_loss:0.21014 [7.02s]; best loss:0.32342, patience : 1
2026-07-12 04:43:49,368 P3826050 INFO pr:0.9834  rc:0.8967  auc:0.9876 ap:0.9773 f1: 0.9381 pred_right: 38638 pred_wrong:362 actu_right: 38603 actu_wrong: 397
2026-07-12 04:43:50,586 P3826050 INFO pr:0.9756  rc:0.9302  auc:0.9979 ap:0.9836 f1: 0.9524 pred_right: 16377 pred_wrong:123 actu_right: 16371 actu_wrong: 129
2026-07-12 04:43:50,586 P3826050 INFO ----------------------------------------------------------------------------------------------------
2026-07-12 04:43:50,586 P3826050 INFO 17/300 starting... lr: 0.001 para:0.0555555559694767
2026-07-12 04:43:57,776 P3826050 INFO Epoch 17/300, all_loss:0.16312 cls_loss:0.16073 rec_loss:0.20366 [7.19s]; best loss:0.16312, patience : 0
2026-07-12 04:44:00,406 P3826050 INFO pr:0.9806  rc:0.8914  auc:0.9875 ap:0.9734 f1: 0.9339 pred_right: 38640 pred_wrong:360 actu_right: 38604 actu_wrong: 396
2026-07-12 04:44:01,545 P3826050 INFO pr:0.9606  rc:0.9457  auc:0.9965 ap:0.9647 f1: 0.9531 pred_right: 16373 pred_wrong:127 actu_right: 16371 actu_wrong: 129
2026-07-12 04:44:01,546 P3826050 INFO ----------------------------------------------------------------------------------------------------
2026-07-12 04:44:01,546 P3826050 INFO 18/300 starting... lr: 0.001 para:0.05263157933950424
2026-07-12 04:44:08,697 P3826050 INFO Epoch 18/300, all_loss:192.96506 cls_loss:203.67427 rec_loss:0.19904 [7.15s]; best loss:0.16312, patience : 1
2026-07-12 04:44:12,390 P3826050 INFO pr:0.9056  rc:0.9468  auc:0.9864 ap:0.9743 f1: 0.9257 pred_right: 38587 pred_wrong:413 actu_right: 38605 actu_wrong: 395
2026-07-12 04:44:13,196 P3826050 INFO pr:0.8819  rc:0.9845  auc:0.9998 ap:0.9882 f1: 0.9304 pred_right: 16356 pred_wrong:144 actu_right: 16371 actu_wrong: 129
2026-07-12 04:44:13,196 P3826050 INFO ----------------------------------------------------------------------------------------------------
2026-07-12 04:44:13,196 P3826050 INFO 19/300 starting... lr: 0.001 para:0.05000000074505806
2026-07-12 04:44:18,708 P3826050 INFO Epoch 19/300, all_loss:0.11423 cls_loss:0.10988 rec_loss:0.19704 [5.51s]; best loss:0.11423, patience : 0
2026-07-12 04:44:20,879 P3826050 INFO pr:0.9730  rc:0.9068  auc:0.9903 ap:0.9760 f1: 0.9387 pred_right: 38630 pred_wrong:370 actu_right: 38603 actu_wrong: 397
2026-07-12 04:44:21,826 P3826050 INFO pr:0.9612  rc:0.9612  auc:0.9997 ap:0.9743 f1: 0.9612 pred_right: 16371 pred_wrong:129 actu_right: 16371 actu_wrong: 129
2026-07-12 04:44:21,831 P3826050 INFO ----------------------------------------------------------------------------------------------------
2026-07-12 04:44:21,831 P3826050 INFO 20/300 starting... lr: 0.001 para:0.0476190485060215
2026-07-12 04:44:33,442 P3826050 INFO Epoch 20/300, all_loss:36.93066 cls_loss:38.76745 rec_loss:0.19484 [11.61s]; best loss:0.11423, patience : 1
2026-07-12 04:44:38,122 P3826050 INFO pr:0.9813  rc:0.9268  auc:0.9924 ap:0.9767 f1: 0.9532 pred_right: 38626 pred_wrong:374 actu_right: 38604 actu_wrong: 396
2026-07-12 04:44:39,446 P3826050 INFO pr:0.9609  rc:0.9535  auc:0.9998 ap:0.9856 f1: 0.9572 pred_right: 16372 pred_wrong:128 actu_right: 16371 actu_wrong: 129
2026-07-12 04:44:39,452 P3826050 INFO ----------------------------------------------------------------------------------------------------
2026-07-12 04:44:39,452 P3826050 INFO 21/300 starting... lr: 0.001 para:0.04545454680919647
2026-07-12 04:44:46,720 P3826050 INFO Epoch 21/300, all_loss:11.82526 cls_loss:12.37948 rec_loss:0.18647 [7.27s]; best loss:0.11423, patience : 1
2026-07-12 04:44:49,244 P3826050 INFO pr:0.9863  rc:0.9068  auc:0.9882 ap:0.9753 f1: 0.9449 pred_right: 38635 pred_wrong:365 actu_right: 38603 actu_wrong: 397
2026-07-12 04:44:50,318 P3826050 INFO pr:0.9762  rc:0.9535  auc:0.9943 ap:0.9802 f1: 0.9647 pred_right: 16374 pred_wrong:126 actu_right: 16371 actu_wrong: 129
2026-07-12 04:44:50,319 P3826050 INFO ----------------------------------------------------------------------------------------------------
2026-07-12 04:44:50,319 P3826050 INFO 22/300 starting... lr: 0.001 para:0.043478261679410934
2026-07-12 04:44:57,450 P3826050 INFO Epoch 22/300, all_loss:0.26309 cls_loss:0.26631 rec_loss:0.19218 [7.13s]; best loss:0.11423, patience : 1
2026-07-12 04:45:00,050 P3826050 INFO pr:0.8330  rc:0.9547  auc:0.9952 ap:0.9690 f1: 0.8897 pred_right: 38545 pred_wrong:455 actu_right: 38603 actu_wrong: 397
2026-07-12 04:45:01,202 P3826050 INFO pr:0.7818  rc:1.0000  auc:0.9998 ap:0.9763 f1: 0.8776 pred_right: 16335 pred_wrong:165 actu_right: 16371 actu_wrong: 129
2026-07-12 04:45:01,203 P3826050 INFO ----------------------------------------------------------------------------------------------------
2026-07-12 04:45:01,203 P3826050 INFO 23/300 starting... lr: 0.001 para:0.0416666679084301
2026-07-12 04:45:08,414 P3826050 INFO Epoch 23/300, all_loss:0.17038 cls_loss:0.16972 rec_loss:0.18570 [7.21s]; best loss:0.11423, patience : 1
2026-07-12 04:45:11,173 P3826050 INFO pr:0.8559  rc:0.9572  auc:0.9883 ap:0.9671 f1: 0.9037 pred_right: 38556 pred_wrong:444 actu_right: 38603 actu_wrong: 397
2026-07-12 04:45:12,343 P3826050 INFO pr:0.8063  rc:1.0000  auc:0.9999 ap:0.9832 f1: 0.8927 pred_right: 16340 pred_wrong:160 actu_right: 16371 actu_wrong: 129
2026-07-12 04:45:12,344 P3826050 INFO ----------------------------------------------------------------------------------------------------
2026-07-12 04:45:12,344 P3826050 INFO 24/300 starting... lr: 0.001 para:0.03999999910593033
2026-07-12 04:45:19,428 P3826050 INFO Epoch 24/300, all_loss:0.15348 cls_loss:0.15257 rec_loss:0.17534 [7.08s]; best loss:0.11423, patience : 1
2026-07-12 04:45:21,911 P3826050 INFO pr:0.9788  rc:0.9318  auc:0.9899 ap:0.9812 f1: 0.9547 pred_right: 38623 pred_wrong:377 actu_right: 38604 actu_wrong: 396
2026-07-12 04:45:22,913 P3826050 INFO pr:0.9692  rc:0.9767  auc:0.9979 ap:0.9881 f1: 0.9730 pred_right: 16370 pred_wrong:130 actu_right: 16371 actu_wrong: 129
2026-07-12 04:45:22,918 P3826050 INFO ----------------------------------------------------------------------------------------------------
2026-07-12 04:45:22,918 P3826050 INFO 25/300 starting... lr: 0.001 para:0.03846153989434242
2026-07-12 04:45:29,920 P3826050 INFO Epoch 25/300, all_loss:0.10338 cls_loss:0.10100 rec_loss:0.16299 [7.00s]; best loss:0.10338, patience : 0
2026-07-12 04:45:32,187 P3826050 INFO pr:0.9888  rc:0.8866  auc:0.9838 ap:0.9742 f1: 0.9349 pred_right: 38644 pred_wrong:356 actu_right: 38603 actu_wrong: 397
2026-07-12 04:45:33,234 P3826050 INFO pr:0.9675  rc:0.9225  auc:0.9914 ap:0.9765 f1: 0.9444 pred_right: 16377 pred_wrong:123 actu_right: 16371 actu_wrong: 129
2026-07-12 04:45:33,234 P3826050 INFO ----------------------------------------------------------------------------------------------------
2026-07-12 04:45:33,235 P3826050 INFO 26/300 starting... lr: 0.001 para:0.03703703731298447
2026-07-12 04:45:40,205 P3826050 INFO Epoch 26/300, all_loss:0.12618 cls_loss:0.12450 rec_loss:0.16985 [6.97s]; best loss:0.10338, patience : 1
2026-07-12 04:45:42,821 P3826050 INFO pr:0.9261  rc:0.9471  auc:0.9904 ap:0.9761 f1: 0.9365 pred_right: 38594 pred_wrong:406 actu_right: 38603 actu_wrong: 397
2026-07-12 04:45:44,794 P3826050 INFO pr:0.8681  rc:0.9690  auc:0.9940 ap:0.9746 f1: 0.9158 pred_right: 16356 pred_wrong:144 actu_right: 16371 actu_wrong: 129
2026-07-12 04:45:44,795 P3826050 INFO ----------------------------------------------------------------------------------------------------
2026-07-12 04:45:44,795 P3826050 INFO 27/300 starting... lr: 0.001 para:0.0357142873108387
2026-07-12 04:45:50,648 P3826050 INFO Epoch 27/300, all_loss:0.15659 cls_loss:0.15639 rec_loss:0.16209 [5.85s]; best loss:0.10338, patience : 2
2026-07-12 04:45:52,850 P3826050 INFO pr:0.9325  rc:0.9395  auc:0.9880 ap:0.9708 f1: 0.9360 pred_right: 38600 pred_wrong:400 actu_right: 38603 actu_wrong: 397
2026-07-12 04:45:53,823 P3826050 INFO pr:0.8929  rc:0.9690  auc:0.9938 ap:0.9606 f1: 0.9294 pred_right: 16360 pred_wrong:140 actu_right: 16371 actu_wrong: 129
2026-07-12 04:45:53,824 P3826050 INFO ----------------------------------------------------------------------------------------------------
2026-07-12 04:45:53,824 P3826050 INFO 28/300 starting... lr: 0.001 para:0.03448275849223137
2026-07-12 04:46:03,372 P3826050 INFO Epoch 28/300, all_loss:0.15496 cls_loss:0.15483 rec_loss:0.15851 [9.55s]; best loss:0.10338, patience : 2
2026-07-12 04:46:08,442 P3826050 INFO pr:0.9677  rc:0.9068  auc:0.9872 ap:0.9712 f1: 0.9363 pred_right: 38628 pred_wrong:372 actu_right: 38603 actu_wrong: 397
2026-07-12 04:46:10,237 P3826050 INFO pr:0.9380  rc:0.9380  auc:0.9958 ap:0.9791 f1: 0.9380 pred_right: 16371 pred_wrong:129 actu_right: 16371 actu_wrong: 129
2026-07-12 04:46:10,238 P3826050 INFO ----------------------------------------------------------------------------------------------------
2026-07-12 04:46:10,238 P3826050 INFO 29/300 starting... lr: 0.001 para:0.03333333507180214
2026-07-12 04:46:18,396 P3826050 INFO Epoch 29/300, all_loss:0.22334 cls_loss:0.22595 rec_loss:0.14775 [8.16s]; best loss:0.10338, patience : 3
2026-07-12 04:46:21,156 P3826050 INFO pr:0.9464  rc:0.9345  auc:0.9917 ap:0.9800 f1: 0.9404 pred_right: 38608 pred_wrong:392 actu_right: 38603 actu_wrong: 397
2026-07-12 04:46:22,369 P3826050 INFO pr:0.9124  rc:0.9690  auc:0.9938 ap:0.9701 f1: 0.9398 pred_right: 16363 pred_wrong:137 actu_right: 16371 actu_wrong: 129
2026-07-12 04:46:22,369 P3826050 INFO ----------------------------------------------------------------------------------------------------
2026-07-12 04:46:22,370 P3826050 INFO 30/300 starting... lr: 0.001 para:0.032258063554763794
2026-07-12 04:46:29,221 P3826050 INFO Epoch 30/300, all_loss:0.11642 cls_loss:0.11520 rec_loss:0.15295 [6.85s]; best loss:0.10338, patience : 3
2026-07-12 04:46:31,684 P3826050 INFO pr:0.9864  rc:0.9118  auc:0.9869 ap:0.9790 f1: 0.9476 pred_right: 38633 pred_wrong:367 actu_right: 38603 actu_wrong: 397
2026-07-12 04:46:32,720 P3826050 INFO pr:0.9297  rc:0.9225  auc:0.9901 ap:0.9800 f1: 0.9261 pred_right: 16372 pred_wrong:128 actu_right: 16371 actu_wrong: 129
2026-07-12 04:46:32,721 P3826050 INFO ----------------------------------------------------------------------------------------------------
2026-07-12 04:46:32,721 P3826050 INFO 31/300 starting... lr: 0.001 para:0.03125
2026-07-12 04:46:39,817 P3826050 INFO Epoch 31/300, all_loss:0.10352 cls_loss:0.10226 rec_loss:0.14262 [7.10s]; best loss:0.10338, patience : 3
2026-07-12 04:46:42,448 P3826050 INFO pr:0.9885  rc:0.8640  auc:0.9818 ap:0.9731 f1: 0.9220 pred_right: 38653 pred_wrong:347 actu_right: 38603 actu_wrong: 397
2026-07-12 04:46:43,562 P3826050 INFO pr:0.9483  rc:0.8527  auc:0.9740 ap:0.9605 f1: 0.8980 pred_right: 16384 pred_wrong:116 actu_right: 16371 actu_wrong: 129
2026-07-12 04:46:43,563 P3826050 INFO ----------------------------------------------------------------------------------------------------
2026-07-12 04:46:43,563 P3826050 INFO 32/300 starting... lr: 0.001 para:0.03030303120613098
2026-07-12 04:46:50,690 P3826050 INFO Epoch 32/300, all_loss:0.14704 cls_loss:0.14737 rec_loss:0.13652 [7.13s]; best loss:0.10338, patience : 4
2026-07-12 04:46:53,390 P3826050 INFO pr:0.9688  rc:0.9370  auc:0.9927 ap:0.9786 f1: 0.9526 pred_right: 38616 pred_wrong:384 actu_right: 38603 actu_wrong: 397
2026-07-12 04:46:54,552 P3826050 INFO pr:0.9058  rc:0.9690  auc:0.9937 ap:0.9674 f1: 0.9363 pred_right: 16362 pred_wrong:138 actu_right: 16371 actu_wrong: 129
2026-07-12 04:46:54,552 P3826050 INFO ----------------------------------------------------------------------------------------------------
2026-07-12 04:46:54,552 P3826050 INFO 33/300 starting... lr: 0.001 para:0.029411764815449715
2026-07-12 04:47:01,606 P3826050 INFO Epoch 33/300, all_loss:0.09790 cls_loss:0.09673 rec_loss:0.13644 [7.05s]; best loss:0.09790, patience : 0
2026-07-12 04:47:03,940 P3826050 INFO pr:0.9838  rc:0.9194  auc:0.9892 ap:0.9760 f1: 0.9505 pred_right: 38629 pred_wrong:371 actu_right: 38603 actu_wrong: 397
2026-07-12 04:47:04,930 P3826050 INFO pr:0.9323  rc:0.9612  auc:0.9938 ap:0.9771 f1: 0.9466 pred_right: 16367 pred_wrong:133 actu_right: 16371 actu_wrong: 129
2026-07-12 04:47:04,930 P3826050 INFO ----------------------------------------------------------------------------------------------------
2026-07-12 04:47:04,930 P3826050 INFO 34/300 starting... lr: 0.001 para:0.02857142873108387
2026-07-12 04:47:12,200 P3826050 INFO Epoch 34/300, all_loss:0.06719 cls_loss:0.06547 rec_loss:0.12576 [7.26s]; best loss:0.06719, patience : 0
2026-07-12 04:47:14,774 P3826050 INFO pr:0.9837  rc:0.9093  auc:0.9826 ap:0.9750 f1: 0.9450 pred_right: 38633 pred_wrong:367 actu_right: 38603 actu_wrong: 397
2026-07-12 04:47:15,974 P3826050 INFO pr:0.9512  rc:0.9070  auc:0.9918 ap:0.9793 f1: 0.9286 pred_right: 16377 pred_wrong:123 actu_right: 16371 actu_wrong: 129
2026-07-12 04:47:15,974 P3826050 INFO ----------------------------------------------------------------------------------------------------
2026-07-12 04:47:15,975 P3826050 INFO 35/300 starting... lr: 0.001 para:0.02777777798473835
2026-07-12 04:47:22,432 P3826050 INFO Epoch 35/300, all_loss:0.05883 cls_loss:0.05670 rec_loss:0.13334 [6.45s]; best loss:0.05883, patience : 0
2026-07-12 04:47:24,493 P3826050 INFO pr:0.9837  rc:0.9190  auc:0.9853 ap:0.9753 f1: 0.9503 pred_right: 38631 pred_wrong:369 actu_right: 38605 actu_wrong: 395
2026-07-12 04:47:25,436 P3826050 INFO pr:0.9313  rc:0.9457  auc:0.9880 ap:0.9737 f1: 0.9385 pred_right: 16369 pred_wrong:131 actu_right: 16371 actu_wrong: 129
2026-07-12 04:47:25,436 P3826050 INFO ----------------------------------------------------------------------------------------------------
2026-07-12 04:47:25,436 P3826050 INFO 36/300 starting... lr: 0.001 para:0.027027027681469917
2026-07-12 04:47:33,280 P3826050 INFO Epoch 36/300, all_loss:0.06771 cls_loss:0.06628 rec_loss:0.11908 [7.84s]; best loss:0.05883, patience : 1
2026-07-12 04:47:37,861 P3826050 INFO pr:0.9839  rc:0.9268  auc:0.9874 ap:0.9798 f1: 0.9545 pred_right: 38627 pred_wrong:373 actu_right: 38604 actu_wrong: 396
2026-07-12 04:47:40,186 P3826050 INFO pr:0.9457  rc:0.9457  auc:0.9900 ap:0.9765 f1: 0.9457 pred_right: 16371 pred_wrong:129 actu_right: 16371 actu_wrong: 129
2026-07-12 04:47:40,187 P3826050 INFO ----------------------------------------------------------------------------------------------------
2026-07-12 04:47:40,188 P3826050 INFO 37/300 starting... lr: 0.001 para:0.02631578966975212
2026-07-12 04:47:50,042 P3826050 INFO Epoch 37/300, all_loss:0.15639 cls_loss:0.15689 rec_loss:0.13790 [9.85s]; best loss:0.05883, patience : 2
2026-07-12 04:47:52,716 P3826050 INFO pr:0.9187  rc:0.9395  auc:0.9905 ap:0.9726 f1: 0.9290 pred_right: 38594 pred_wrong:406 actu_right: 38603 actu_wrong: 397
2026-07-12 04:47:53,769 P3826050 INFO pr:0.8732  rc:0.9612  auc:0.9934 ap:0.9732 f1: 0.9151 pred_right: 16358 pred_wrong:142 actu_right: 16371 actu_wrong: 129
2026-07-12 04:47:53,769 P3826050 INFO ----------------------------------------------------------------------------------------------------
2026-07-12 04:47:53,769 P3826050 INFO 38/300 starting... lr: 0.001 para:0.025641025975346565
2026-07-12 04:48:00,863 P3826050 INFO Epoch 38/300, all_loss:0.25464 cls_loss:0.25793 rec_loss:0.12962 [7.09s]; best loss:0.05883, patience : 3
2026-07-12 04:48:03,443 P3826050 INFO pr:0.9687  rc:0.9345  auc:0.9894 ap:0.9724 f1: 0.9513 pred_right: 38617 pred_wrong:383 actu_right: 38603 actu_wrong: 397
2026-07-12 04:48:04,463 P3826050 INFO pr:0.9535  rc:0.9535  auc:0.9958 ap:0.9790 f1: 0.9535 pred_right: 16371 pred_wrong:129 actu_right: 16371 actu_wrong: 129
2026-07-12 04:48:04,463 P3826050 INFO ----------------------------------------------------------------------------------------------------
2026-07-12 04:48:04,464 P3826050 INFO 39/300 starting... lr: 0.001 para:0.02500000037252903
2026-07-12 04:48:11,468 P3826050 INFO Epoch 39/300, all_loss:0.18372 cls_loss:0.18551 rec_loss:0.11407 [7.00s]; best loss:0.05883, patience : 3
2026-07-12 04:48:13,902 P3826050 INFO pr:0.9740  rc:0.9421  auc:0.9918 ap:0.9781 f1: 0.9577 pred_right: 38616 pred_wrong:384 actu_right: 38603 actu_wrong: 397
2026-07-12 04:48:14,926 P3826050 INFO pr:0.9470  rc:0.9690  auc:0.9998 ap:0.9801 f1: 0.9579 pred_right: 16368 pred_wrong:132 actu_right: 16371 actu_wrong: 129
2026-07-12 04:48:14,931 P3826050 INFO ----------------------------------------------------------------------------------------------------
2026-07-12 04:48:14,932 P3826050 INFO 40/300 starting... lr: 0.001 para:0.024390242993831635
2026-07-12 04:48:22,227 P3826050 INFO Epoch 40/300, all_loss:0.05209 cls_loss:0.05029 rec_loss:0.12427 [7.29s]; best loss:0.05209, patience : 0
2026-07-12 04:48:24,844 P3826050 INFO pr:0.9153  rc:0.9521  auc:0.9914 ap:0.9723 f1: 0.9333 pred_right: 38587 pred_wrong:413 actu_right: 38603 actu_wrong: 397
2026-07-12 04:48:25,884 P3826050 INFO pr:0.9000  rc:0.9767  auc:0.9997 ap:0.9726 f1: 0.9368 pred_right: 16360 pred_wrong:140 actu_right: 16371 actu_wrong: 129
2026-07-12 04:48:25,885 P3826050 INFO ----------------------------------------------------------------------------------------------------
2026-07-12 04:48:25,885 P3826050 INFO 41/300 starting... lr: 0.001 para:0.02380952425301075
2026-07-12 04:48:32,975 P3826050 INFO Epoch 41/300, all_loss:0.09912 cls_loss:0.09866 rec_loss:0.11829 [7.09s]; best loss:0.05209, patience : 1
2026-07-12 04:48:35,494 P3826050 INFO pr:0.9569  rc:0.9520  auc:0.9916 ap:0.9759 f1: 0.9544 pred_right: 38606 pred_wrong:394 actu_right: 38604 actu_wrong: 396
2026-07-12 04:48:36,554 P3826050 INFO pr:0.9197  rc:0.9767  auc:0.9940 ap:0.9786 f1: 0.9474 pred_right: 16363 pred_wrong:137 actu_right: 16371 actu_wrong: 129
2026-07-12 04:48:36,555 P3826050 INFO ----------------------------------------------------------------------------------------------------
2026-07-12 04:48:36,555 P3826050 INFO 42/300 starting... lr: 0.001 para:0.023255813866853714
2026-07-12 04:48:43,689 P3826050 INFO Epoch 42/300, all_loss:0.10123 cls_loss:0.10087 rec_loss:0.11611 [7.13s]; best loss:0.05209, patience : 2
2026-07-12 04:48:46,379 P3826050 INFO pr:0.9852  rc:0.8363  auc:0.9802 ap:0.9713 f1: 0.9046 pred_right: 38663 pred_wrong:337 actu_right: 38603 actu_wrong: 397
2026-07-12 04:48:47,491 P3826050 INFO pr:0.9646  rc:0.8450  auc:0.9820 ap:0.9699 f1: 0.9008 pred_right: 16387 pred_wrong:113 actu_right: 16371 actu_wrong: 129
2026-07-12 04:48:47,492 P3826050 INFO ----------------------------------------------------------------------------------------------------
2026-07-12 04:48:47,492 P3826050 INFO 43/300 starting... lr: 0.001 para:0.022727273404598236
2026-07-12 04:48:54,820 P3826050 INFO Epoch 43/300, all_loss:0.09034 cls_loss:0.08968 rec_loss:0.11844 [7.33s]; best loss:0.05209, patience : 2
2026-07-12 04:48:56,746 P3826050 INFO pr:0.9808  rc:0.9018  auc:0.9908 ap:0.9775 f1: 0.9396 pred_right: 38635 pred_wrong:365 actu_right: 38603 actu_wrong: 397
2026-07-12 04:48:57,554 P3826050 INFO pr:0.9760  rc:0.9457  auc:0.9900 ap:0.9794 f1: 0.9606 pred_right: 16375 pred_wrong:125 actu_right: 16371 actu_wrong: 129
2026-07-12 04:48:57,555 P3826050 INFO ----------------------------------------------------------------------------------------------------
2026-07-12 04:48:57,555 P3826050 INFO 44/300 starting... lr: 0.001 para:0.02222222276031971
2026-07-12 04:49:03,940 P3826050 INFO Epoch 44/300, all_loss:0.06162 cls_loss:0.06051 rec_loss:0.11064 [6.38s]; best loss:0.05209, patience : 2
2026-07-12 04:49:08,150 P3826050 INFO pr:0.9634  rc:0.9295  auc:0.9895 ap:0.9755 f1: 0.9462 pred_right: 38617 pred_wrong:383 actu_right: 38603 actu_wrong: 397
2026-07-12 04:49:09,930 P3826050 INFO pr:0.9328  rc:0.9690  auc:0.9892 ap:0.9763 f1: 0.9506 pred_right: 16366 pred_wrong:134 actu_right: 16371 actu_wrong: 129
2026-07-12 04:49:09,930 P3826050 INFO ----------------------------------------------------------------------------------------------------
2026-07-12 04:49:09,931 P3826050 INFO 45/300 starting... lr: 0.001 para:0.021739130839705467
2026-07-12 04:49:21,474 P3826050 INFO Epoch 45/300, all_loss:0.02095 cls_loss:0.01879 rec_loss:0.11791 [11.54s]; best loss:0.02095, patience : 0
2026-07-12 04:49:23,977 P3826050 INFO pr:0.9310  rc:0.9521  auc:0.9913 ap:0.9702 f1: 0.9415 pred_right: 38594 pred_wrong:406 actu_right: 38603 actu_wrong: 397
2026-07-12 04:49:25,047 P3826050 INFO pr:0.8929  rc:0.9690  auc:0.9919 ap:0.9672 f1: 0.9294 pred_right: 16360 pred_wrong:140 actu_right: 16371 actu_wrong: 129
2026-07-12 04:49:25,047 P3826050 INFO ----------------------------------------------------------------------------------------------------
2026-07-12 04:49:25,047 P3826050 INFO 46/300 starting... lr: 0.001 para:0.021276595070958138
2026-07-12 04:49:32,106 P3826050 INFO Epoch 46/300, all_loss:0.05293 cls_loss:0.05174 rec_loss:0.10746 [7.06s]; best loss:0.02095, patience : 1
2026-07-12 04:49:34,690 P3826050 INFO pr:0.9765  rc:0.9421  auc:0.9893 ap:0.9796 f1: 0.9590 pred_right: 38617 pred_wrong:383 actu_right: 38603 actu_wrong: 397
2026-07-12 04:49:35,782 P3826050 INFO pr:0.9398  rc:0.9690  auc:0.9921 ap:0.9798 f1: 0.9542 pred_right: 16367 pred_wrong:133 actu_right: 16371 actu_wrong: 129
2026-07-12 04:49:35,787 P3826050 INFO ----------------------------------------------------------------------------------------------------
2026-07-12 04:49:35,787 P3826050 INFO 47/300 starting... lr: 0.001 para:0.02083333395421505
2026-07-12 04:49:42,774 P3826050 INFO Epoch 47/300, all_loss:0.08771 cls_loss:0.08710 rec_loss:0.11677 [6.99s]; best loss:0.02095, patience : 2
2026-07-12 04:49:45,301 P3826050 INFO pr:0.9835  rc:0.9018  auc:0.9823 ap:0.9769 f1: 0.9409 pred_right: 38636 pred_wrong:364 actu_right: 38603 actu_wrong: 397
2026-07-12 04:49:46,328 P3826050 INFO pr:0.9587  rc:0.8992  auc:0.9920 ap:0.9821 f1: 0.9280 pred_right: 16379 pred_wrong:121 actu_right: 16371 actu_wrong: 129
2026-07-12 04:49:46,328 P3826050 INFO ----------------------------------------------------------------------------------------------------
2026-07-12 04:49:46,335 P3826050 INFO 48/300 starting... lr: 0.001 para:0.020408162847161293
2026-07-12 04:49:53,525 P3826050 INFO Epoch 48/300, all_loss:0.04594 cls_loss:0.04460 rec_loss:0.11007 [7.19s]; best loss:0.02095, patience : 2
2026-07-12 04:49:56,149 P3826050 INFO pr:0.9786  rc:0.9217  auc:0.9869 ap:0.9754 f1: 0.9493 pred_right: 38627 pred_wrong:373 actu_right: 38604 actu_wrong: 396
2026-07-12 04:49:57,286 P3826050 INFO pr:0.9612  rc:0.9612  auc:0.9920 ap:0.9795 f1: 0.9612 pred_right: 16371 pred_wrong:129 actu_right: 16371 actu_wrong: 129
2026-07-12 04:49:57,287 P3826050 INFO ----------------------------------------------------------------------------------------------------
2026-07-12 04:49:57,287 P3826050 INFO 49/300 starting... lr: 0.001 para:0.019999999552965164
2026-07-12 04:50:04,338 P3826050 INFO Epoch 49/300, all_loss:0.02506 cls_loss:0.02330 rec_loss:0.11140 [7.05s]; best loss:0.02095, patience : 2
2026-07-12 04:50:06,997 P3826050 INFO pr:0.9689  rc:0.9421  auc:0.9903 ap:0.9762 f1: 0.9553 pred_right: 38614 pred_wrong:386 actu_right: 38603 actu_wrong: 397
2026-07-12 04:50:08,034 P3826050 INFO pr:0.9545  rc:0.9767  auc:0.9901 ap:0.9790 f1: 0.9655 pred_right: 16368 pred_wrong:132 actu_right: 16371 actu_wrong: 129
2026-07-12 04:50:08,034 P3826050 INFO ----------------------------------------------------------------------------------------------------
2026-07-12 04:50:08,035 P3826050 INFO 50/300 starting... lr: 0.001 para:0.019607843831181526
2026-07-12 04:50:15,322 P3826050 INFO Epoch 50/300, all_loss:0.00806 cls_loss:0.00617 rec_loss:0.10264 [7.28s]; best loss:0.00806, patience : 0
2026-07-12 04:50:18,013 P3826050 INFO pr:0.9735  rc:0.9270  auc:0.9895 ap:0.9768 f1: 0.9497 pred_right: 38622 pred_wrong:378 actu_right: 38603 actu_wrong: 397
2026-07-12 04:50:19,185 P3826050 INFO pr:0.9612  rc:0.9612  auc:0.9920 ap:0.9795 f1: 0.9612 pred_right: 16371 pred_wrong:129 actu_right: 16371 actu_wrong: 129
2026-07-12 04:50:19,186 P3826050 INFO ----------------------------------------------------------------------------------------------------
2026-07-12 04:50:19,186 P3826050 INFO 51/300 starting... lr: 0.001 para:0.01923076994717121
2026-07-12 04:50:26,879 P3826050 INFO Epoch 51/300, all_loss:0.00728 cls_loss:0.00541 rec_loss:0.10259 [7.69s]; best loss:0.00728, patience : 0
2026-07-12 04:50:28,755 P3826050 INFO pr:0.9377  rc:0.9471  auc:0.9911 ap:0.9766 f1: 0.9424 pred_right: 38599 pred_wrong:401 actu_right: 38603 actu_wrong: 397
2026-07-12 04:50:29,549 P3826050 INFO pr:0.9124  rc:0.9690  auc:0.9920 ap:0.9648 f1: 0.9398 pred_right: 16363 pred_wrong:137 actu_right: 16371 actu_wrong: 129
2026-07-12 04:50:29,550 P3826050 INFO ----------------------------------------------------------------------------------------------------
2026-07-12 04:50:29,550 P3826050 INFO 52/300 starting... lr: 0.001 para:0.01886792480945587
2026-07-12 04:50:35,928 P3826050 INFO Epoch 52/300, all_loss:0.13138 cls_loss:0.13189 rec_loss:0.10472 [6.38s]; best loss:0.00728, patience : 1
2026-07-12 04:50:39,441 P3826050 INFO pr:0.9703  rc:0.9043  auc:0.9803 ap:0.9641 f1: 0.9361 pred_right: 38630 pred_wrong:370 actu_right: 38603 actu_wrong: 397
2026-07-12 04:50:41,514 P3826050 INFO pr:0.9453  rc:0.9380  auc:0.9863 ap:0.9749 f1: 0.9416 pred_right: 16372 pred_wrong:128 actu_right: 16371 actu_wrong: 129
2026-07-12 04:50:41,515 P3826050 INFO ----------------------------------------------------------------------------------------------------
2026-07-12 04:50:41,515 P3826050 INFO 53/300 starting... lr: 0.001 para:0.018518518656492233
2026-07-12 04:50:53,706 P3826050 INFO Epoch 53/300, all_loss:0.35482 cls_loss:0.35946 rec_loss:0.10922 [12.19s]; best loss:0.00728, patience : 2
2026-07-12 04:50:56,555 P3826050 INFO pr:0.8435  rc:0.9773  auc:0.9940 ap:0.9528 f1: 0.9055 pred_right: 38540 pred_wrong:460 actu_right: 38603 actu_wrong: 397
2026-07-12 04:50:57,663 P3826050 INFO pr:0.7950  rc:0.9922  auc:0.9997 ap:0.9434 f1: 0.8828 pred_right: 16339 pred_wrong:161 actu_right: 16371 actu_wrong: 129
2026-07-12 04:50:57,663 P3826050 INFO ----------------------------------------------------------------------------------------------------
2026-07-12 04:50:57,663 P3826050 INFO 54/300 starting... lr: 0.001 para:0.0181818176060915
2026-07-12 04:51:04,764 P3826050 INFO Epoch 54/300, all_loss:0.22135 cls_loss:0.22367 rec_loss:0.09636 [7.10s]; best loss:0.00728, patience : 2
2026-07-12 04:51:07,627 P3826050 INFO pr:0.9826  rc:0.8535  auc:0.9831 ap:0.9708 f1: 0.9135 pred_right: 38656 pred_wrong:344 actu_right: 38604 actu_wrong: 396
2026-07-12 04:51:08,752 P3826050 INFO pr:0.9565  rc:0.8527  auc:0.9873 ap:0.9703 f1: 0.9016 pred_right: 16385 pred_wrong:115 actu_right: 16371 actu_wrong: 129
2026-07-12 04:51:08,752 P3826050 INFO ----------------------------------------------------------------------------------------------------
2026-07-12 04:51:08,752 P3826050 INFO 55/300 starting... lr: 0.001 para:0.01785714365541935
2026-07-12 04:51:15,691 P3826050 INFO Epoch 55/300, all_loss:0.07435 cls_loss:0.07392 rec_loss:0.09798 [6.94s]; best loss:0.00728, patience : 2
2026-07-12 04:51:18,193 P3826050 INFO pr:0.9716  rc:0.9471  auc:0.9912 ap:0.9817 f1: 0.9592 pred_right: 38613 pred_wrong:387 actu_right: 38603 actu_wrong: 397
2026-07-12 04:51:19,299 P3826050 INFO pr:0.9270  rc:0.9845  auc:0.9999 ap:0.9902 f1: 0.9549 pred_right: 16363 pred_wrong:137 actu_right: 16371 actu_wrong: 129
2026-07-12 04:51:19,304 P3826050 INFO ----------------------------------------------------------------------------------------------------
2026-07-12 04:51:19,304 P3826050 INFO 56/300 starting... lr: 0.001 para:0.017543859779834747
2026-07-12 04:51:26,575 P3826050 INFO Epoch 56/300, all_loss:0.02276 cls_loss:0.02138 rec_loss:0.10033 [7.27s]; best loss:0.00728, patience : 2
2026-07-12 04:51:29,124 P3826050 INFO pr:0.9763  rc:0.9345  auc:0.9886 ap:0.9814 f1: 0.9550 pred_right: 38620 pred_wrong:380 actu_right: 38603 actu_wrong: 397
2026-07-12 04:51:30,170 P3826050 INFO pr:0.9528  rc:0.9380  auc:0.9957 ap:0.9764 f1: 0.9453 pred_right: 16373 pred_wrong:127 actu_right: 16371 actu_wrong: 129
2026-07-12 04:51:30,171 P3826050 INFO ----------------------------------------------------------------------------------------------------
2026-07-12 04:51:30,171 P3826050 INFO 57/300 starting... lr: 0.001 para:0.017241379246115685
2026-07-12 04:51:37,006 P3826050 INFO Epoch 57/300, all_loss:0.01699 cls_loss:0.01555 rec_loss:0.09894 [6.83s]; best loss:0.00728, patience : 2
2026-07-12 04:51:39,478 P3826050 INFO pr:0.9764  rc:0.9395  auc:0.9890 ap:0.9804 f1: 0.9576 pred_right: 38618 pred_wrong:382 actu_right: 38603 actu_wrong: 397
2026-07-12 04:51:40,580 P3826050 INFO pr:0.9535  rc:0.9535  auc:0.9954 ap:0.9792 f1: 0.9535 pred_right: 16371 pred_wrong:129 actu_right: 16371 actu_wrong: 129
2026-07-12 04:51:40,580 P3826050 INFO ----------------------------------------------------------------------------------------------------
2026-07-12 04:51:40,581 P3826050 INFO 58/300 starting... lr: 0.001 para:0.016949152573943138
2026-07-12 04:51:47,520 P3826050 INFO Epoch 58/300, all_loss:0.00360 cls_loss:0.00199 rec_loss:0.09675 [6.93s]; best loss:0.00360, patience : 0
2026-07-12 04:51:49,933 P3826050 INFO pr:0.9591  rc:0.9470  auc:0.9915 ap:0.9819 f1: 0.9530 pred_right: 38609 pred_wrong:391 actu_right: 38604 actu_wrong: 396
2026-07-12 04:51:50,942 P3826050 INFO pr:0.9328  rc:0.9690  auc:0.9977 ap:0.9790 f1: 0.9506 pred_right: 16366 pred_wrong:134 actu_right: 16371 actu_wrong: 129
2026-07-12 04:51:50,943 P3826050 INFO ----------------------------------------------------------------------------------------------------
2026-07-12 04:51:50,943 P3826050 INFO 59/300 starting... lr: 0.001 para:0.01666666753590107
2026-07-12 04:51:59,362 P3826050 INFO Epoch 59/300, all_loss:0.00215 cls_loss:0.00054 rec_loss:0.09661 [8.42s]; best loss:0.00215, patience : 0
2026-07-12 04:52:01,209 P3826050 INFO pr:0.9690  rc:0.9446  auc:0.9901 ap:0.9816 f1: 0.9566 pred_right: 38613 pred_wrong:387 actu_right: 38603 actu_wrong: 397
2026-07-12 04:52:01,980 P3826050 INFO pr:0.9389  rc:0.9535  auc:0.9975 ap:0.9787 f1: 0.9462 pred_right: 16369 pred_wrong:131 actu_right: 16371 actu_wrong: 129
2026-07-12 04:52:01,980 P3826050 INFO ----------------------------------------------------------------------------------------------------
2026-07-12 04:52:01,981 P3826050 INFO 60/300 starting... lr: 0.001 para:0.016393441706895828
2026-07-12 04:52:08,139 P3826050 INFO Epoch 60/300, all_loss:0.00195 cls_loss:0.00042 rec_loss:0.09381 [6.15s]; best loss:0.00195, patience : 0
2026-07-12 04:52:10,271 P3826050 INFO pr:0.9591  rc:0.9470  auc:0.9914 ap:0.9812 f1: 0.9530 pred_right: 38609 pred_wrong:391 actu_right: 38604 actu_wrong: 396
2026-07-12 04:52:11,266 P3826050 INFO pr:0.9333  rc:0.9767  auc:0.9978 ap:0.9800 f1: 0.9545 pred_right: 16365 pred_wrong:135 actu_right: 16371 actu_wrong: 129
2026-07-12 04:52:11,267 P3826050 INFO ----------------------------------------------------------------------------------------------------
2026-07-12 04:52:11,267 P3826050 INFO 61/300 starting... lr: 0.001 para:0.016129031777381897
2026-07-12 04:52:25,898 P3826050 INFO Epoch 61/300, all_loss:0.00180 cls_loss:0.00032 rec_loss:0.09232 [14.63s]; best loss:0.00180, patience : 0
2026-07-12 04:52:28,445 P3826050 INFO pr:0.9665  rc:0.9446  auc:0.9913 ap:0.9808 f1: 0.9554 pred_right: 38612 pred_wrong:388 actu_right: 38603 actu_wrong: 397
2026-07-12 04:52:29,512 P3826050 INFO pr:0.9470  rc:0.9690  auc:0.9976 ap:0.9794 f1: 0.9579 pred_right: 16368 pred_wrong:132 actu_right: 16371 actu_wrong: 129
2026-07-12 04:52:29,512 P3826050 INFO ----------------------------------------------------------------------------------------------------
2026-07-12 04:52:29,512 P3826050 INFO 62/300 starting... lr: 0.001 para:0.01587301678955555
2026-07-12 04:52:36,788 P3826050 INFO Epoch 62/300, all_loss:0.00164 cls_loss:0.00021 rec_loss:0.09043 [7.27s]; best loss:0.00164, patience : 0
2026-07-12 04:52:39,287 P3826050 INFO pr:0.9665  rc:0.9446  auc:0.9912 ap:0.9808 f1: 0.9554 pred_right: 38612 pred_wrong:388 actu_right: 38603 actu_wrong: 397
2026-07-12 04:52:40,317 P3826050 INFO pr:0.9470  rc:0.9690  auc:0.9976 ap:0.9795 f1: 0.9579 pred_right: 16368 pred_wrong:132 actu_right: 16371 actu_wrong: 129
2026-07-12 04:52:40,317 P3826050 INFO ----------------------------------------------------------------------------------------------------
2026-07-12 04:52:40,317 P3826050 INFO 63/300 starting... lr: 0.001 para:0.015625
2026-07-12 04:52:47,279 P3826050 INFO Epoch 63/300, all_loss:0.00156 cls_loss:0.00020 rec_loss:0.08755 [6.96s]; best loss:0.00156, patience : 0
2026-07-12 04:52:49,582 P3826050 INFO pr:0.9690  rc:0.9446  auc:0.9912 ap:0.9808 f1: 0.9566 pred_right: 38613 pred_wrong:387 actu_right: 38603 actu_wrong: 397
2026-07-12 04:52:50,622 P3826050 INFO pr:0.9470  rc:0.9690  auc:0.9976 ap:0.9795 f1: 0.9579 pred_right: 16368 pred_wrong:132 actu_right: 16371 actu_wrong: 129
2026-07-12 04:52:50,623 P3826050 INFO ----------------------------------------------------------------------------------------------------
2026-07-12 04:52:50,623 P3826050 INFO 64/300 starting... lr: 0.001 para:0.015384615398943424
2026-07-12 04:52:57,509 P3826050 INFO Epoch 64/300, all_loss:0.00148 cls_loss:0.00017 rec_loss:0.08538 [6.88s]; best loss:0.00148, patience : 0
2026-07-12 04:52:59,862 P3826050 INFO pr:0.9690  rc:0.9446  auc:0.9911 ap:0.9808 f1: 0.9566 pred_right: 38613 pred_wrong:387 actu_right: 38603 actu_wrong: 397
2026-07-12 04:53:00,826 P3826050 INFO pr:0.9470  rc:0.9690  auc:0.9976 ap:0.9795 f1: 0.9579 pred_right: 16368 pred_wrong:132 actu_right: 16371 actu_wrong: 129
2026-07-12 04:53:00,826 P3826050 INFO ----------------------------------------------------------------------------------------------------
2026-07-12 04:53:00,826 P3826050 INFO 65/300 starting... lr: 0.001 para:0.01515151560306549
2026-07-12 04:53:07,887 P3826050 INFO Epoch 65/300, all_loss:0.00139 cls_loss:0.00014 rec_loss:0.08274 [7.06s]; best loss:0.00139, patience : 0
2026-07-12 04:53:10,227 P3826050 INFO pr:0.9690  rc:0.9446  auc:0.9891 ap:0.9806 f1: 0.9566 pred_right: 38613 pred_wrong:387 actu_right: 38603 actu_wrong: 397
2026-07-12 04:53:11,282 P3826050 INFO pr:0.9542  rc:0.9690  auc:0.9976 ap:0.9794 f1: 0.9615 pred_right: 16369 pred_wrong:131 actu_right: 16371 actu_wrong: 129
2026-07-12 04:53:11,283 P3826050 INFO ----------------------------------------------------------------------------------------------------
2026-07-12 04:53:11,283 P3826050 INFO 66/300 starting... lr: 0.001 para:0.014925372786819935
2026-07-12 04:53:18,366 P3826050 INFO Epoch 66/300, all_loss:0.00134 cls_loss:0.00014 rec_loss:0.08052 [7.08s]; best loss:0.00134, patience : 0
2026-07-12 04:53:20,771 P3826050 INFO pr:0.9690  rc:0.9446  auc:0.9896 ap:0.9807 f1: 0.9566 pred_right: 38613 pred_wrong:387 actu_right: 38603 actu_wrong: 397
2026-07-12 04:53:21,766 P3826050 INFO pr:0.9470  rc:0.9690  auc:0.9976 ap:0.9796 f1: 0.9579 pred_right: 16368 pred_wrong:132 actu_right: 16371 actu_wrong: 129
2026-07-12 04:53:21,767 P3826050 INFO ----------------------------------------------------------------------------------------------------
2026-07-12 04:53:21,767 P3826050 INFO 67/300 starting... lr: 0.001 para:0.014705882407724857
2026-07-12 04:53:29,718 P3826050 INFO Epoch 67/300, all_loss:0.00126 cls_loss:0.00011 rec_loss:0.07799 [7.94s]; best loss:0.00126, patience : 0
2026-07-12 04:53:32,387 P3826050 INFO pr:0.9689  rc:0.9444  auc:0.9888 ap:0.9805 f1: 0.9565 pred_right: 38614 pred_wrong:386 actu_right: 38604 actu_wrong: 396
2026-07-12 04:53:33,165 P3826050 INFO pr:0.9542  rc:0.9690  auc:0.9976 ap:0.9868 f1: 0.9615 pred_right: 16369 pred_wrong:131 actu_right: 16371 actu_wrong: 129
2026-07-12 04:53:33,166 P3826050 INFO ----------------------------------------------------------------------------------------------------
2026-07-12 04:53:33,166 P3826050 INFO 68/300 starting... lr: 0.001 para:0.014492753893136978
2026-07-12 04:53:38,806 P3826050 INFO Epoch 68/300, all_loss:0.00119 cls_loss:0.00010 rec_loss:0.07519 [5.64s]; best loss:0.00119, patience : 0
2026-07-12 04:53:41,157 P3826050 INFO pr:0.9690  rc:0.9446  auc:0.9888 ap:0.9805 f1: 0.9566 pred_right: 38613 pred_wrong:387 actu_right: 38603 actu_wrong: 397
2026-07-12 04:53:42,100 P3826050 INFO pr:0.9470  rc:0.9690  auc:0.9977 ap:0.9870 f1: 0.9579 pred_right: 16368 pred_wrong:132 actu_right: 16371 actu_wrong: 129
2026-07-12 04:53:42,100 P3826050 INFO ----------------------------------------------------------------------------------------------------
2026-07-12 04:53:42,100 P3826050 INFO 69/300 starting... lr: 0.001 para:0.014285714365541935
2026-07-12 04:53:55,607 P3826050 INFO Epoch 69/300, all_loss:0.00112 cls_loss:0.00009 rec_loss:0.07281 [13.50s]; best loss:0.00112, patience : 0
2026-07-12 04:53:58,737 P3826050 INFO pr:0.9715  rc:0.9446  auc:0.9888 ap:0.9804 f1: 0.9579 pred_right: 38614 pred_wrong:386 actu_right: 38603 actu_wrong: 397
2026-07-12 04:53:59,866 P3826050 INFO pr:0.9470  rc:0.9690  auc:0.9977 ap:0.9870 f1: 0.9579 pred_right: 16368 pred_wrong:132 actu_right: 16371 actu_wrong: 129
2026-07-12 04:53:59,867 P3826050 INFO ----------------------------------------------------------------------------------------------------
2026-07-12 04:53:59,867 P3826050 INFO 70/300 starting... lr: 0.001 para:0.014084506779909134
2026-07-12 04:54:07,282 P3826050 INFO Epoch 70/300, all_loss:0.00108 cls_loss:0.00009 rec_loss:0.06977 [7.41s]; best loss:0.00108, patience : 0
2026-07-12 04:54:09,972 P3826050 INFO pr:0.9714  rc:0.9444  auc:0.9888 ap:0.9803 f1: 0.9577 pred_right: 38615 pred_wrong:385 actu_right: 38604 actu_wrong: 396
2026-07-12 04:54:11,113 P3826050 INFO pr:0.9470  rc:0.9690  auc:0.9977 ap:0.9870 f1: 0.9579 pred_right: 16368 pred_wrong:132 actu_right: 16371 actu_wrong: 129
2026-07-12 04:54:11,114 P3826050 INFO ----------------------------------------------------------------------------------------------------
2026-07-12 04:54:11,114 P3826050 INFO 71/300 starting... lr: 0.001 para:0.013888888992369175
2026-07-12 04:54:18,261 P3826050 INFO Epoch 71/300, all_loss:0.00102 cls_loss:0.00008 rec_loss:0.06794 [7.14s]; best loss:0.00102, patience : 0
2026-07-12 04:54:20,705 P3826050 INFO pr:0.9714  rc:0.9419  auc:0.9886 ap:0.9801 f1: 0.9564 pred_right: 38616 pred_wrong:384 actu_right: 38604 actu_wrong: 396
2026-07-12 04:54:21,741 P3826050 INFO pr:0.9542  rc:0.9690  auc:0.9977 ap:0.9871 f1: 0.9615 pred_right: 16369 pred_wrong:131 actu_right: 16371 actu_wrong: 129
2026-07-12 04:54:21,741 P3826050 INFO ----------------------------------------------------------------------------------------------------
2026-07-12 04:54:21,741 P3826050 INFO 72/300 starting... lr: 0.001 para:0.013698630034923553
2026-07-12 04:54:28,408 P3826050 INFO Epoch 72/300, all_loss:0.00097 cls_loss:0.00008 rec_loss:0.06502 [6.66s]; best loss:0.00097, patience : 0
2026-07-12 04:54:30,786 P3826050 INFO pr:0.9715  rc:0.9446  auc:0.9882 ap:0.9800 f1: 0.9579 pred_right: 38614 pred_wrong:386 actu_right: 38603 actu_wrong: 397
2026-07-12 04:54:31,808 P3826050 INFO pr:0.9398  rc:0.9690  auc:0.9977 ap:0.9872 f1: 0.9542 pred_right: 16367 pred_wrong:133 actu_right: 16371 actu_wrong: 129
2026-07-12 04:54:31,808 P3826050 INFO ----------------------------------------------------------------------------------------------------
2026-07-12 04:54:31,808 P3826050 INFO 73/300 starting... lr: 0.001 para:0.013513513840734959
2026-07-12 04:54:39,067 P3826050 INFO Epoch 73/300, all_loss:0.26268 cls_loss:0.26532 rec_loss:0.06960 [7.26s]; best loss:0.00097, patience : 1
2026-07-12 04:54:41,567 P3826050 INFO pr:0.9733  rc:0.9194  auc:0.9840 ap:0.9773 f1: 0.9456 pred_right: 38625 pred_wrong:375 actu_right: 38603 actu_wrong: 397
2026-07-12 04:54:42,555 P3826050 INFO pr:0.9593  rc:0.9147  auc:0.9875 ap:0.9782 f1: 0.9365 pred_right: 16377 pred_wrong:123 actu_right: 16371 actu_wrong: 129
2026-07-12 04:54:42,556 P3826050 INFO ----------------------------------------------------------------------------------------------------
2026-07-12 04:54:42,556 P3826050 INFO 74/300 starting... lr: 0.001 para:0.013333333656191826
2026-07-12 04:54:49,443 P3826050 INFO Epoch 74/300, all_loss:0.08932 cls_loss:0.08940 rec_loss:0.08332 [6.89s]; best loss:0.00097, patience : 1
2026-07-12 04:54:52,103 P3826050 INFO pr:0.9714  rc:0.9395  auc:0.9883 ap:0.9778 f1: 0.9552 pred_right: 38616 pred_wrong:384 actu_right: 38603 actu_wrong: 397
2026-07-12 04:54:53,253 P3826050 INFO pr:0.9612  rc:0.9612  auc:0.9921 ap:0.9766 f1: 0.9612 pred_right: 16371 pred_wrong:129 actu_right: 16371 actu_wrong: 129
2026-07-12 04:54:53,254 P3826050 INFO ----------------------------------------------------------------------------------------------------
2026-07-12 04:54:53,254 P3826050 INFO 75/300 starting... lr: 0.001 para:0.01315789483487606
2026-07-12 04:55:00,225 P3826050 INFO Epoch 75/300, all_loss:0.32524 cls_loss:0.32856 rec_loss:0.07682 [6.97s]; best loss:0.00097, patience : 2
2026-07-12 04:55:03,734 P3826050 INFO pr:0.9742  rc:0.9496  auc:0.9910 ap:0.9811 f1: 0.9617 pred_right: 38613 pred_wrong:387 actu_right: 38603 actu_wrong: 397
2026-07-12 04:55:04,516 P3826050 INFO pr:0.9328  rc:0.9690  auc:0.9941 ap:0.9865 f1: 0.9506 pred_right: 16366 pred_wrong:134 actu_right: 16371 actu_wrong: 129
2026-07-12 04:55:04,521 P3826050 INFO ----------------------------------------------------------------------------------------------------
2026-07-12 04:55:04,521 P3826050 INFO 76/300 starting... lr: 0.001 para:0.012987012974917889
2026-07-12 04:55:10,301 P3826050 INFO Epoch 76/300, all_loss:0.33878 cls_loss:0.34231 rec_loss:0.07082 [5.78s]; best loss:0.00097, patience : 3
2026-07-12 04:55:12,589 P3826050 INFO pr:0.8477  rc:0.9673  auc:0.9918 ap:0.9653 f1: 0.9035 pred_right: 38547 pred_wrong:453 actu_right: 38603 actu_wrong: 397
2026-07-12 04:55:13,479 P3826050 INFO pr:0.8153  rc:0.9922  auc:0.9997 ap:0.9502 f1: 0.8951 pred_right: 16343 pred_wrong:157 actu_right: 16371 actu_wrong: 129
2026-07-12 04:55:13,480 P3826050 INFO ----------------------------------------------------------------------------------------------------
2026-07-12 04:55:13,480 P3826050 INFO 77/300 starting... lr: 0.001 para:0.012820512987673283
2026-07-12 04:55:25,511 P3826050 INFO Epoch 77/300, all_loss:0.27661 cls_loss:0.27913 rec_loss:0.08232 [12.03s]; best loss:0.00097, patience : 3
2026-07-12 04:55:29,927 P3826050 INFO pr:0.9837  rc:0.9118  auc:0.9842 ap:0.9796 f1: 0.9464 pred_right: 38632 pred_wrong:368 actu_right: 38603 actu_wrong: 397
2026-07-12 04:55:31,152 P3826050 INFO pr:0.9593  rc:0.9147  auc:0.9900 ap:0.9797 f1: 0.9365 pred_right: 16377 pred_wrong:123 actu_right: 16371 actu_wrong: 129
2026-07-12 04:55:31,153 P3826050 INFO ----------------------------------------------------------------------------------------------------
2026-07-12 04:55:31,153 P3826050 INFO 78/300 starting... lr: 0.001 para:0.012658228166401386
2026-07-12 04:55:38,627 P3826050 INFO Epoch 78/300, all_loss:0.06605 cls_loss:0.06592 rec_loss:0.07635 [7.47s]; best loss:0.00097, patience : 3
2026-07-12 04:55:41,052 P3826050 INFO pr:0.9684  rc:0.9270  auc:0.9856 ap:0.9804 f1: 0.9472 pred_right: 38620 pred_wrong:380 actu_right: 38603 actu_wrong: 397
2026-07-12 04:55:42,098 P3826050 INFO pr:0.9365  rc:0.9147  auc:0.9876 ap:0.9741 f1: 0.9255 pred_right: 16374 pred_wrong:126 actu_right: 16371 actu_wrong: 129
2026-07-12 04:55:42,099 P3826050 INFO ----------------------------------------------------------------------------------------------------
2026-07-12 04:55:42,099 P3826050 INFO 79/300 starting... lr: 0.001 para:0.012500000186264515
2026-07-12 04:55:49,159 P3826050 INFO Epoch 79/300, all_loss:0.00209 cls_loss:0.00115 rec_loss:0.07683 [7.06s]; best loss:0.00097, patience : 3
2026-07-12 04:55:51,571 P3826050 INFO pr:0.9761  rc:0.9244  auc:0.9865 ap:0.9817 f1: 0.9495 pred_right: 38624 pred_wrong:376 actu_right: 38603 actu_wrong: 397
2026-07-12 04:55:52,600 P3826050 INFO pr:0.9606  rc:0.9457  auc:0.9900 ap:0.9778 f1: 0.9531 pred_right: 16373 pred_wrong:127 actu_right: 16371 actu_wrong: 129
2026-07-12 04:55:52,601 P3826050 INFO ----------------------------------------------------------------------------------------------------
2026-07-12 04:55:52,601 P3826050 INFO 80/300 starting... lr: 0.001 para:0.012345679104328156
2026-07-12 04:55:59,486 P3826050 INFO Epoch 80/300, all_loss:0.00252 cls_loss:0.00158 rec_loss:0.07823 [6.89s]; best loss:0.00097, patience : 4
2026-07-12 04:56:01,909 P3826050 INFO pr:0.9839  rc:0.9242  auc:0.9851 ap:0.9795 f1: 0.9531 pred_right: 38628 pred_wrong:372 actu_right: 38604 actu_wrong: 396
2026-07-12 04:56:03,054 P3826050 INFO pr:0.9520  rc:0.9225  auc:0.9879 ap:0.9806 f1: 0.9370 pred_right: 16375 pred_wrong:125 actu_right: 16371 actu_wrong: 129
2026-07-12 04:56:03,054 P3826050 INFO ----------------------------------------------------------------------------------------------------
2026-07-12 04:56:03,054 P3826050 INFO 81/300 starting... lr: 0.001 para:0.012195121496915817
2026-07-12 04:56:10,285 P3826050 INFO Epoch 81/300, all_loss:0.04501 cls_loss:0.04459 rec_loss:0.07945 [7.23s]; best loss:0.00097, patience : 5
2026-07-12 04:56:13,010 P3826050 INFO pr:0.9764  rc:0.9370  auc:0.9855 ap:0.9801 f1: 0.9563 pred_right: 38619 pred_wrong:381 actu_right: 38603 actu_wrong: 397
2026-07-12 04:56:14,194 P3826050 INFO pr:0.9609  rc:0.9535  auc:0.9901 ap:0.9752 f1: 0.9572 pred_right: 16372 pred_wrong:128 actu_right: 16371 actu_wrong: 129
2026-07-12 04:56:14,195 P3826050 INFO ----------------------------------------------------------------------------------------------------
2026-07-12 04:56:14,195 P3826050 INFO 82/300 starting... lr: 0.001 para:0.012048192322254181
2026-07-12 04:56:21,273 P3826050 INFO Epoch 82/300, all_loss:0.00180 cls_loss:0.00092 rec_loss:0.07444 [7.08s]; best loss:0.00097, patience : 5
2026-07-12 04:56:23,898 P3826050 INFO pr:0.9764  rc:0.9394  auc:0.9858 ap:0.9798 f1: 0.9575 pred_right: 38619 pred_wrong:381 actu_right: 38604 actu_wrong: 396
2026-07-12 04:56:25,067 P3826050 INFO pr:0.9462  rc:0.9535  auc:0.9920 ap:0.9793 f1: 0.9498 pred_right: 16370 pred_wrong:130 actu_right: 16371 actu_wrong: 129
2026-07-12 04:56:25,068 P3826050 INFO ----------------------------------------------------------------------------------------------------
2026-07-12 04:56:25,068 P3826050 INFO 83/300 starting... lr: 0.001 para:0.011904762126505375
2026-07-12 04:56:32,243 P3826050 INFO Epoch 83/300, all_loss:0.00110 cls_loss:0.00022 rec_loss:0.07439 [7.17s]; best loss:0.00097, patience : 5
2026-07-12 04:56:35,428 P3826050 INFO pr:0.9739  rc:0.9419  auc:0.9864 ap:0.9799 f1: 0.9576 pred_right: 38617 pred_wrong:383 actu_right: 38604 actu_wrong: 396
2026-07-12 04:56:36,224 P3826050 INFO pr:0.9462  rc:0.9535  auc:0.9920 ap:0.9793 f1: 0.9498 pred_right: 16370 pred_wrong:130 actu_right: 16371 actu_wrong: 129
2026-07-12 04:56:36,225 P3826050 INFO ----------------------------------------------------------------------------------------------------
2026-07-12 04:56:36,225 P3826050 INFO 84/300 starting... lr: 0.001 para:0.0117647061124444
2026-07-12 04:56:41,706 P3826050 INFO Epoch 84/300, all_loss:0.00102 cls_loss:0.00017 rec_loss:0.07195 [5.48s]; best loss:0.00097, patience : 5
2026-07-12 04:56:43,950 P3826050 INFO pr:0.9715  rc:0.9446  auc:0.9872 ap:0.9800 f1: 0.9579 pred_right: 38614 pred_wrong:386 actu_right: 38603 actu_wrong: 397
2026-07-12 04:56:44,900 P3826050 INFO pr:0.9462  rc:0.9535  auc:0.9920 ap:0.9796 f1: 0.9498 pred_right: 16370 pred_wrong:130 actu_right: 16371 actu_wrong: 129
2026-07-12 04:56:44,900 P3826050 INFO ----------------------------------------------------------------------------------------------------
2026-07-12 04:56:44,900 P3826050 INFO 85/300 starting... lr: 0.001 para:0.011627906933426857
2026-07-12 04:56:56,209 P3826050 INFO Epoch 85/300, all_loss:0.00094 cls_loss:0.00013 rec_loss:0.07004 [11.30s]; best loss:0.00094, patience : 0
2026-07-12 04:57:01,474 P3826050 INFO pr:0.9764  rc:0.9466  auc:0.9883 ap:0.9811 f1: 0.9612 pred_right: 38619 pred_wrong:381 actu_right: 38607 actu_wrong: 393
2026-07-12 04:57:02,876 P3826050 INFO pr:0.9462  rc:0.9535  auc:0.9920 ap:0.9797 f1: 0.9498 pred_right: 16370 pred_wrong:130 actu_right: 16371 actu_wrong: 129
2026-07-12 04:57:02,877 P3826050 INFO ----------------------------------------------------------------------------------------------------
2026-07-12 04:57:02,877 P3826050 INFO 86/300 starting... lr: 0.001 para:0.01149425283074379
2026-07-12 04:57:10,046 P3826050 INFO Epoch 86/300, all_loss:0.00089 cls_loss:0.00010 rec_loss:0.06821 [7.16s]; best loss:0.00089, patience : 0
2026-07-12 04:57:12,718 P3826050 INFO pr:0.9691  rc:0.9471  auc:0.9885 ap:0.9803 f1: 0.9580 pred_right: 38612 pred_wrong:388 actu_right: 38603 actu_wrong: 397
2026-07-12 04:57:13,813 P3826050 INFO pr:0.9462  rc:0.9535  auc:0.9920 ap:0.9799 f1: 0.9498 pred_right: 16370 pred_wrong:130 actu_right: 16371 actu_wrong: 129
2026-07-12 04:57:13,813 P3826050 INFO ----------------------------------------------------------------------------------------------------
2026-07-12 04:57:13,813 P3826050 INFO 87/300 starting... lr: 0.001 para:0.011363636702299118
2026-07-12 04:57:21,014 P3826050 INFO Epoch 87/300, all_loss:0.00083 cls_loss:0.00008 rec_loss:0.06583 [7.20s]; best loss:0.00083, patience : 0
2026-07-12 04:57:23,731 P3826050 INFO pr:0.9716  rc:0.9495  auc:0.9878 ap:0.9802 f1: 0.9604 pred_right: 38613 pred_wrong:387 actu_right: 38604 actu_wrong: 396
2026-07-12 04:57:24,933 P3826050 INFO pr:0.9462  rc:0.9535  auc:0.9920 ap:0.9799 f1: 0.9498 pred_right: 16370 pred_wrong:130 actu_right: 16371 actu_wrong: 129
2026-07-12 04:57:24,934 P3826050 INFO ----------------------------------------------------------------------------------------------------
2026-07-12 04:57:24,934 P3826050 INFO 88/300 starting... lr: 0.001 para:0.01123595517128706
2026-07-12 04:57:31,829 P3826050 INFO Epoch 88/300, all_loss:0.00079 cls_loss:0.00008 rec_loss:0.06387 [6.89s]; best loss:0.00079, patience : 0
2026-07-12 04:57:34,407 P3826050 INFO pr:0.9716  rc:0.9495  auc:0.9885 ap:0.9803 f1: 0.9604 pred_right: 38613 pred_wrong:387 actu_right: 38604 actu_wrong: 396
2026-07-12 04:57:35,613 P3826050 INFO pr:0.9462  rc:0.9535  auc:0.9920 ap:0.9800 f1: 0.9498 pred_right: 16370 pred_wrong:130 actu_right: 16371 actu_wrong: 129
2026-07-12 04:57:35,614 P3826050 INFO ----------------------------------------------------------------------------------------------------
2026-07-12 04:57:35,614 P3826050 INFO 89/300 starting... lr: 0.001 para:0.011111111380159855
2026-07-12 04:57:42,707 P3826050 INFO Epoch 89/300, all_loss:0.00076 cls_loss:0.00007 rec_loss:0.06199 [7.09s]; best loss:0.00076, patience : 0
2026-07-12 04:57:45,184 P3826050 INFO pr:0.9716  rc:0.9496  auc:0.9879 ap:0.9803 f1: 0.9605 pred_right: 38612 pred_wrong:388 actu_right: 38603 actu_wrong: 397
2026-07-12 04:57:46,309 P3826050 INFO pr:0.9462  rc:0.9535  auc:0.9920 ap:0.9799 f1: 0.9498 pred_right: 16370 pred_wrong:130 actu_right: 16371 actu_wrong: 129
2026-07-12 04:57:46,309 P3826050 INFO ----------------------------------------------------------------------------------------------------
2026-07-12 04:57:46,309 P3826050 INFO 90/300 starting... lr: 0.001 para:0.010989011265337467
2026-07-12 04:57:53,266 P3826050 INFO Epoch 90/300, all_loss:0.00073 cls_loss:0.00007 rec_loss:0.06012 [6.95s]; best loss:0.00073, patience : 0
2026-07-12 04:57:55,878 P3826050 INFO pr:0.9716  rc:0.9496  auc:0.9879 ap:0.9803 f1: 0.9605 pred_right: 38612 pred_wrong:388 actu_right: 38603 actu_wrong: 397
2026-07-12 04:57:56,977 P3826050 INFO pr:0.9462  rc:0.9535  auc:0.9920 ap:0.9799 f1: 0.9498 pred_right: 16370 pred_wrong:130 actu_right: 16371 actu_wrong: 129
2026-07-12 04:57:56,978 P3826050 INFO ----------------------------------------------------------------------------------------------------
2026-07-12 04:57:56,978 P3826050 INFO 91/300 starting... lr: 0.001 para:0.010869565419852734
2026-07-12 04:58:04,150 P3826050 INFO Epoch 91/300, all_loss:0.00070 cls_loss:0.00007 rec_loss:0.05832 [7.17s]; best loss:0.00070, patience : 0
2026-07-12 04:58:08,096 P3826050 INFO pr:0.9716  rc:0.9496  auc:0.9879 ap:0.9805 f1: 0.9605 pred_right: 38612 pred_wrong:388 actu_right: 38603 actu_wrong: 397
2026-07-12 04:58:09,120 P3826050 INFO pr:0.9466  rc:0.9612  auc:0.9920 ap:0.9800 f1: 0.9538 pred_right: 16369 pred_wrong:131 actu_right: 16371 actu_wrong: 129
2026-07-12 04:58:09,121 P3826050 INFO ----------------------------------------------------------------------------------------------------
2026-07-12 04:58:09,121 P3826050 INFO 92/300 starting... lr: 0.001 para:0.01075268816202879
2026-07-12 04:58:14,643 P3826050 INFO Epoch 92/300, all_loss:0.00066 cls_loss:0.00005 rec_loss:0.05674 [5.52s]; best loss:0.00066, patience : 0
2026-07-12 04:58:16,947 P3826050 INFO pr:0.9716  rc:0.9496  auc:0.9879 ap:0.9804 f1: 0.9605 pred_right: 38612 pred_wrong:388 actu_right: 38603 actu_wrong: 397
2026-07-12 04:58:17,939 P3826050 INFO pr:0.9462  rc:0.9535  auc:0.9920 ap:0.9799 f1: 0.9498 pred_right: 16370 pred_wrong:130 actu_right: 16371 actu_wrong: 129
2026-07-12 04:58:17,940 P3826050 INFO ----------------------------------------------------------------------------------------------------
2026-07-12 04:58:17,940 P3826050 INFO 93/300 starting... lr: 0.001 para:0.010638297535479069
2026-07-12 04:58:30,308 P3826050 INFO Epoch 93/300, all_loss:0.00063 cls_loss:0.00005 rec_loss:0.05470 [12.36s]; best loss:0.00063, patience : 0
2026-07-12 04:58:34,872 P3826050 INFO pr:0.9742  rc:0.9496  auc:0.9873 ap:0.9803 f1: 0.9617 pred_right: 38613 pred_wrong:387 actu_right: 38603 actu_wrong: 397
2026-07-12 04:58:36,234 P3826050 INFO pr:0.9462  rc:0.9535  auc:0.9920 ap:0.9799 f1: 0.9498 pred_right: 16370 pred_wrong:130 actu_right: 16371 actu_wrong: 129
2026-07-12 04:58:36,240 P3826050 INFO ----------------------------------------------------------------------------------------------------
2026-07-12 04:58:36,241 P3826050 INFO 94/300 starting... lr: 0.001 para:0.010526316240429878
2026-07-12 04:58:43,764 P3826050 INFO Epoch 94/300, all_loss:0.00061 cls_loss:0.00005 rec_loss:0.05327 [7.52s]; best loss:0.00061, patience : 0
2026-07-12 04:58:46,219 P3826050 INFO pr:0.9742  rc:0.9496  auc:0.9879 ap:0.9804 f1: 0.9617 pred_right: 38613 pred_wrong:387 actu_right: 38603 actu_wrong: 397
2026-07-12 04:58:47,173 P3826050 INFO pr:0.9462  rc:0.9535  auc:0.9920 ap:0.9799 f1: 0.9498 pred_right: 16370 pred_wrong:130 actu_right: 16371 actu_wrong: 129
2026-07-12 04:58:47,178 P3826050 INFO ----------------------------------------------------------------------------------------------------
2026-07-12 04:58:47,179 P3826050 INFO 95/300 starting... lr: 0.001 para:0.010416666977107525
2026-07-12 04:58:54,305 P3826050 INFO Epoch 95/300, all_loss:0.00058 cls_loss:0.00005 rec_loss:0.05166 [7.12s]; best loss:0.00058, patience : 0
2026-07-12 04:58:56,669 P3826050 INFO pr:0.9715  rc:0.9494  auc:0.9878 ap:0.9804 f1: 0.9603 pred_right: 38614 pred_wrong:386 actu_right: 38605 actu_wrong: 395
2026-07-12 04:58:57,719 P3826050 INFO pr:0.9462  rc:0.9535  auc:0.9920 ap:0.9800 f1: 0.9498 pred_right: 16370 pred_wrong:130 actu_right: 16371 actu_wrong: 129
2026-07-12 04:58:57,719 P3826050 INFO ----------------------------------------------------------------------------------------------------
2026-07-12 04:58:57,720 P3826050 INFO 96/300 starting... lr: 0.001 para:0.010309278033673763
2026-07-12 04:59:04,534 P3826050 INFO Epoch 96/300, all_loss:0.00056 cls_loss:0.00004 rec_loss:0.05031 [6.81s]; best loss:0.00056, patience : 0
2026-07-12 04:59:07,285 P3826050 INFO pr:0.9742  rc:0.9496  auc:0.9872 ap:0.9802 f1: 0.9617 pred_right: 38613 pred_wrong:387 actu_right: 38603 actu_wrong: 397
2026-07-12 04:59:08,467 P3826050 INFO pr:0.9531  rc:0.9457  auc:0.9920 ap:0.9797 f1: 0.9494 pred_right: 16372 pred_wrong:128 actu_right: 16371 actu_wrong: 129
2026-07-12 04:59:08,472 P3826050 INFO ----------------------------------------------------------------------------------------------------
2026-07-12 04:59:08,472 P3826050 INFO 97/300 starting... lr: 0.001 para:0.010204081423580647
2026-07-12 04:59:15,628 P3826050 INFO Epoch 97/300, all_loss:0.00053 cls_loss:0.00004 rec_loss:0.04889 [7.15s]; best loss:0.00053, patience : 0
2026-07-12 04:59:18,102 P3826050 INFO pr:0.9740  rc:0.9494  auc:0.9865 ap:0.9801 f1: 0.9615 pred_right: 38615 pred_wrong:385 actu_right: 38605 actu_wrong: 395
2026-07-12 04:59:19,114 P3826050 INFO pr:0.9531  rc:0.9457  auc:0.9920 ap:0.9797 f1: 0.9494 pred_right: 16372 pred_wrong:128 actu_right: 16371 actu_wrong: 129
2026-07-12 04:59:19,115 P3826050 INFO ----------------------------------------------------------------------------------------------------
2026-07-12 04:59:19,115 P3826050 INFO 98/300 starting... lr: 0.001 para:0.010101010091602802
2026-07-12 04:59:26,200 P3826050 INFO Epoch 98/300, all_loss:0.00051 cls_loss:0.00003 rec_loss:0.04742 [7.08s]; best loss:0.00051, patience : 0
2026-07-12 04:59:28,829 P3826050 INFO pr:0.9742  rc:0.9496  auc:0.9860 ap:0.9800 f1: 0.9617 pred_right: 38613 pred_wrong:387 actu_right: 38603 actu_wrong: 397
2026-07-12 04:59:29,976 P3826050 INFO pr:0.9531  rc:0.9457  auc:0.9920 ap:0.9796 f1: 0.9494 pred_right: 16372 pred_wrong:128 actu_right: 16371 actu_wrong: 129
2026-07-12 04:59:29,982 P3826050 INFO ----------------------------------------------------------------------------------------------------
2026-07-12 04:59:29,982 P3826050 INFO 99/300 starting... lr: 0.001 para:0.01
2026-07-12 04:59:37,037 P3826050 INFO Epoch 99/300, all_loss:0.00049 cls_loss:0.00003 rec_loss:0.04583 [7.05s]; best loss:0.00049, patience : 0
2026-07-12 04:59:39,445 P3826050 INFO pr:0.9741  rc:0.9495  auc:0.9859 ap:0.9798 f1: 0.9616 pred_right: 38614 pred_wrong:386 actu_right: 38604 actu_wrong: 396
2026-07-12 04:59:41,656 P3826050 INFO pr:0.9531  rc:0.9457  auc:0.9919 ap:0.9796 f1: 0.9494 pred_right: 16372 pred_wrong:128 actu_right: 16371 actu_wrong: 129
2026-07-12 04:59:41,657 P3826050 INFO ----------------------------------------------------------------------------------------------------
2026-07-12 04:59:41,657 P3826050 INFO 100/300 starting... lr: 0.0009000000000000001 para:0.01
2026-07-12 04:59:46,969 P3826050 INFO Epoch 100/300, all_loss:0.00047 cls_loss:0.00002 rec_loss:0.04487 [5.31s]; best loss:0.00047, patience : 0
2026-07-12 04:59:49,103 P3826050 INFO pr:0.9740  rc:0.9444  auc:0.9858 ap:0.9794 f1: 0.9590 pred_right: 38616 pred_wrong:384 actu_right: 38604 actu_wrong: 396
2026-07-12 04:59:50,080 P3826050 INFO pr:0.9531  rc:0.9457  auc:0.9919 ap:0.9795 f1: 0.9494 pred_right: 16372 pred_wrong:128 actu_right: 16371 actu_wrong: 129
2026-07-12 04:59:50,081 P3826050 INFO ----------------------------------------------------------------------------------------------------
2026-07-12 04:59:50,081 P3826050 INFO 101/300 starting... lr: 0.0009000000000000001 para:0.01
2026-07-12 04:59:59,822 P3826050 INFO Epoch 101/300, all_loss:0.00046 cls_loss:0.00003 rec_loss:0.04311 [9.73s]; best loss:0.00046, patience : 0
2026-07-12 05:00:04,319 P3826050 INFO pr:0.9764  rc:0.9370  auc:0.9858 ap:0.9791 f1: 0.9563 pred_right: 38619 pred_wrong:381 actu_right: 38603 actu_wrong: 397
2026-07-12 05:00:06,500 P3826050 INFO pr:0.9531  rc:0.9457  auc:0.9918 ap:0.9794 f1: 0.9494 pred_right: 16372 pred_wrong:128 actu_right: 16371 actu_wrong: 129
2026-07-12 05:00:06,501 P3826050 INFO ----------------------------------------------------------------------------------------------------
2026-07-12 05:00:06,501 P3826050 INFO 102/300 starting... lr: 0.0009000000000000001 para:0.01
2026-07-12 05:00:14,302 P3826050 INFO Epoch 102/300, all_loss:0.00045 cls_loss:0.00002 rec_loss:0.04226 [7.79s]; best loss:0.00045, patience : 0
2026-07-12 05:00:16,935 P3826050 INFO pr:0.9763  rc:0.9369  auc:0.9856 ap:0.9787 f1: 0.9562 pred_right: 38620 pred_wrong:380 actu_right: 38604 actu_wrong: 396
2026-07-12 05:00:17,940 P3826050 INFO pr:0.9528  rc:0.9380  auc:0.9918 ap:0.9793 f1: 0.9453 pred_right: 16373 pred_wrong:127 actu_right: 16371 actu_wrong: 129
2026-07-12 05:00:17,940 P3826050 INFO ----------------------------------------------------------------------------------------------------
2026-07-12 05:00:17,940 P3826050 INFO 103/300 starting... lr: 0.0009000000000000001 para:0.01
2026-07-12 05:00:24,769 P3826050 INFO Epoch 103/300, all_loss:0.00043 cls_loss:0.00002 rec_loss:0.04116 [6.82s]; best loss:0.00043, patience : 0
2026-07-12 05:00:27,218 P3826050 INFO pr:0.9763  rc:0.9345  auc:0.9847 ap:0.9782 f1: 0.9550 pred_right: 38620 pred_wrong:380 actu_right: 38603 actu_wrong: 397
2026-07-12 05:00:28,332 P3826050 INFO pr:0.9528  rc:0.9380  auc:0.9917 ap:0.9791 f1: 0.9453 pred_right: 16373 pred_wrong:127 actu_right: 16371 actu_wrong: 129
2026-07-12 05:00:28,333 P3826050 INFO ----------------------------------------------------------------------------------------------------
2026-07-12 05:00:28,333 P3826050 INFO 104/300 starting... lr: 0.0009000000000000001 para:0.01
2026-07-12 05:00:35,511 P3826050 INFO Epoch 104/300, all_loss:0.00042 cls_loss:0.00002 rec_loss:0.03967 [7.17s]; best loss:0.00042, patience : 0
2026-07-12 05:00:38,322 P3826050 INFO pr:0.9764  rc:0.9395  auc:0.9856 ap:0.9784 f1: 0.9576 pred_right: 38618 pred_wrong:382 actu_right: 38603 actu_wrong: 397
2026-07-12 05:00:39,536 P3826050 INFO pr:0.9528  rc:0.9380  auc:0.9917 ap:0.9793 f1: 0.9453 pred_right: 16373 pred_wrong:127 actu_right: 16371 actu_wrong: 129
2026-07-12 05:00:39,536 P3826050 INFO ----------------------------------------------------------------------------------------------------
2026-07-12 05:00:39,536 P3826050 INFO 105/300 starting... lr: 0.0009000000000000001 para:0.01
2026-07-12 05:00:46,546 P3826050 INFO Epoch 105/300, all_loss:0.00040 cls_loss:0.00002 rec_loss:0.03848 [7.01s]; best loss:0.00040, patience : 0
2026-07-12 05:00:49,054 P3826050 INFO pr:0.9764  rc:0.9395  auc:0.9846 ap:0.9781 f1: 0.9576 pred_right: 38618 pred_wrong:382 actu_right: 38603 actu_wrong: 397
2026-07-12 05:00:50,201 P3826050 INFO pr:0.9528  rc:0.9380  auc:0.9917 ap:0.9792 f1: 0.9453 pred_right: 16373 pred_wrong:127 actu_right: 16371 actu_wrong: 129
2026-07-12 05:00:50,201 P3826050 INFO ----------------------------------------------------------------------------------------------------
2026-07-12 05:00:50,201 P3826050 INFO 106/300 starting... lr: 0.0009000000000000001 para:0.01
2026-07-12 05:00:57,275 P3826050 INFO Epoch 106/300, all_loss:0.00039 cls_loss:0.00002 rec_loss:0.03714 [7.07s]; best loss:0.00039, patience : 0
2026-07-12 05:01:00,038 P3826050 INFO pr:0.9764  rc:0.9395  auc:0.9853 ap:0.9781 f1: 0.9576 pred_right: 38618 pred_wrong:382 actu_right: 38603 actu_wrong: 397
2026-07-12 05:01:01,174 P3826050 INFO pr:0.9528  rc:0.9380  auc:0.9917 ap:0.9793 f1: 0.9453 pred_right: 16373 pred_wrong:127 actu_right: 16371 actu_wrong: 129
2026-07-12 05:01:01,174 P3826050 INFO ----------------------------------------------------------------------------------------------------
2026-07-12 05:01:01,175 P3826050 INFO 107/300 starting... lr: 0.0009000000000000001 para:0.01
2026-07-12 05:01:08,371 P3826050 INFO Epoch 107/300, all_loss:0.00038 cls_loss:0.00001 rec_loss:0.03630 [7.19s]; best loss:0.00038, patience : 0
2026-07-12 05:01:10,826 P3826050 INFO pr:0.9763  rc:0.9392  auc:0.9844 ap:0.9778 f1: 0.9574 pred_right: 38620 pred_wrong:380 actu_right: 38605 actu_wrong: 395
2026-07-12 05:01:11,943 P3826050 INFO pr:0.9528  rc:0.9380  auc:0.9916 ap:0.9792 f1: 0.9453 pred_right: 16373 pred_wrong:127 actu_right: 16371 actu_wrong: 129
2026-07-12 05:01:11,944 P3826050 INFO ----------------------------------------------------------------------------------------------------
2026-07-12 05:01:11,944 P3826050 INFO 108/300 starting... lr: 0.0009000000000000001 para:0.01
2026-07-12 05:01:19,375 P3826050 INFO Epoch 108/300, all_loss:0.00036 cls_loss:0.00002 rec_loss:0.03483 [7.43s]; best loss:0.00036, patience : 0
2026-07-12 05:01:21,208 P3826050 INFO pr:0.9764  rc:0.9395  auc:0.9839 ap:0.9777 f1: 0.9576 pred_right: 38618 pred_wrong:382 actu_right: 38603 actu_wrong: 397
2026-07-12 05:01:22,113 P3826050 INFO pr:0.9528  rc:0.9380  auc:0.9916 ap:0.9792 f1: 0.9453 pred_right: 16373 pred_wrong:127 actu_right: 16371 actu_wrong: 129
2026-07-12 05:01:22,114 P3826050 INFO ----------------------------------------------------------------------------------------------------
2026-07-12 05:01:22,114 P3826050 INFO 109/300 starting... lr: 0.0009000000000000001 para:0.01
2026-07-12 05:01:28,834 P3826050 INFO Epoch 109/300, all_loss:0.00035 cls_loss:0.00001 rec_loss:0.03356 [6.71s]; best loss:0.00035, patience : 0
2026-07-12 05:01:33,919 P3826050 INFO pr:0.9714  rc:0.9419  auc:0.9848 ap:0.9779 f1: 0.9564 pred_right: 38616 pred_wrong:384 actu_right: 38604 actu_wrong: 396
2026-07-12 05:01:35,799 P3826050 INFO pr:0.9453  rc:0.9380  auc:0.9918 ap:0.9758 f1: 0.9416 pred_right: 16372 pred_wrong:128 actu_right: 16371 actu_wrong: 129
2026-07-12 05:01:35,800 P3826050 INFO ----------------------------------------------------------------------------------------------------
2026-07-12 05:01:35,807 P3826050 INFO 110/300 starting... lr: 0.0009000000000000001 para:0.01
2026-07-12 05:01:46,680 P3826050 INFO Epoch 110/300, all_loss:0.00034 cls_loss:0.00002 rec_loss:0.03240 [10.87s]; best loss:0.00034, patience : 0
2026-07-12 05:01:49,330 P3826050 INFO pr:0.9764  rc:0.9395  auc:0.9829 ap:0.9775 f1: 0.9576 pred_right: 38618 pred_wrong:382 actu_right: 38603 actu_wrong: 397
2026-07-12 05:01:50,312 P3826050 INFO pr:0.9453  rc:0.9380  auc:0.9916 ap:0.9792 f1: 0.9416 pred_right: 16372 pred_wrong:128 actu_right: 16371 actu_wrong: 129
2026-07-12 05:01:50,313 P3826050 INFO ----------------------------------------------------------------------------------------------------
2026-07-12 05:01:50,313 P3826050 INFO 111/300 starting... lr: 0.0009000000000000001 para:0.01
2026-07-12 05:01:57,352 P3826050 INFO Epoch 111/300, all_loss:0.00033 cls_loss:0.00001 rec_loss:0.03149 [7.03s]; best loss:0.00033, patience : 0
2026-07-12 05:01:59,921 P3826050 INFO pr:0.9764  rc:0.9395  auc:0.9830 ap:0.9775 f1: 0.9576 pred_right: 38618 pred_wrong:382 actu_right: 38603 actu_wrong: 397
2026-07-12 05:02:01,061 P3826050 INFO pr:0.9453  rc:0.9380  auc:0.9917 ap:0.9793 f1: 0.9416 pred_right: 16372 pred_wrong:128 actu_right: 16371 actu_wrong: 129
2026-07-12 05:02:01,062 P3826050 INFO ----------------------------------------------------------------------------------------------------
2026-07-12 05:02:01,062 P3826050 INFO 112/300 starting... lr: 0.0009000000000000001 para:0.01
2026-07-12 05:02:08,136 P3826050 INFO Epoch 112/300, all_loss:0.00032 cls_loss:0.00002 rec_loss:0.03005 [7.07s]; best loss:0.00032, patience : 0
2026-07-12 05:02:10,735 P3826050 INFO pr:0.9765  rc:0.9421  auc:0.9843 ap:0.9782 f1: 0.9590 pred_right: 38617 pred_wrong:383 actu_right: 38603 actu_wrong: 397
2026-07-12 05:02:11,803 P3826050 INFO pr:0.9453  rc:0.9380  auc:0.9919 ap:0.9796 f1: 0.9416 pred_right: 16372 pred_wrong:128 actu_right: 16371 actu_wrong: 129
2026-07-12 05:02:11,804 P3826050 INFO ----------------------------------------------------------------------------------------------------
2026-07-12 05:02:11,804 P3826050 INFO 113/300 starting... lr: 0.0009000000000000001 para:0.01
2026-07-12 05:02:18,974 P3826050 INFO Epoch 113/300, all_loss:0.00030 cls_loss:0.00001 rec_loss:0.02923 [7.17s]; best loss:0.00030, patience : 0
2026-07-12 05:02:21,765 P3826050 INFO pr:0.9764  rc:0.9395  auc:0.9844 ap:0.9778 f1: 0.9576 pred_right: 38618 pred_wrong:382 actu_right: 38603 actu_wrong: 397
2026-07-12 05:02:22,931 P3826050 INFO pr:0.9453  rc:0.9380  auc:0.9919 ap:0.9795 f1: 0.9416 pred_right: 16372 pred_wrong:128 actu_right: 16371 actu_wrong: 129
2026-07-12 05:02:22,932 P3826050 INFO ----------------------------------------------------------------------------------------------------
2026-07-12 05:02:22,932 P3826050 INFO 114/300 starting... lr: 0.0009000000000000001 para:0.01
2026-07-12 05:02:29,887 P3826050 INFO Epoch 114/300, all_loss:0.00029 cls_loss:0.00001 rec_loss:0.02818 [6.95s]; best loss:0.00029, patience : 0
2026-07-12 05:02:32,612 P3826050 INFO pr:0.9764  rc:0.9419  auc:0.9833 ap:0.9776 f1: 0.9589 pred_right: 38618 pred_wrong:382 actu_right: 38604 actu_wrong: 396
2026-07-12 05:02:33,807 P3826050 INFO pr:0.9453  rc:0.9380  auc:0.9919 ap:0.9796 f1: 0.9416 pred_right: 16372 pred_wrong:128 actu_right: 16371 actu_wrong: 129
2026-07-12 05:02:33,808 P3826050 INFO ----------------------------------------------------------------------------------------------------
2026-07-12 05:02:33,808 P3826050 INFO 115/300 starting... lr: 0.0009000000000000001 para:0.01
2026-07-12 05:02:40,719 P3826050 INFO Epoch 115/300, all_loss:0.00034 cls_loss:0.00003 rec_loss:0.03158 [6.91s]; best loss:0.00029, patience : 1
2026-07-12 05:02:43,307 P3826050 INFO pr:0.9764  rc:0.9419  auc:0.9851 ap:0.9785 f1: 0.9589 pred_right: 38618 pred_wrong:382 actu_right: 38604 actu_wrong: 396
2026-07-12 05:02:44,362 P3826050 INFO pr:0.9453  rc:0.9380  auc:0.9920 ap:0.9797 f1: 0.9416 pred_right: 16372 pred_wrong:128 actu_right: 16371 actu_wrong: 129
2026-07-12 05:02:44,362 P3826050 INFO ----------------------------------------------------------------------------------------------------
2026-07-12 05:02:44,362 P3826050 INFO 116/300 starting... lr: 0.0009000000000000001 para:0.01
2026-07-12 05:02:51,667 P3826050 INFO Epoch 116/300, all_loss:0.00031 cls_loss:0.00001 rec_loss:0.03018 [7.30s]; best loss:0.00029, patience : 1
2026-07-12 05:02:53,738 P3826050 INFO pr:0.9739  rc:0.9395  auc:0.9843 ap:0.9781 f1: 0.9564 pred_right: 38617 pred_wrong:383 actu_right: 38603 actu_wrong: 397
2026-07-12 05:02:54,710 P3826050 INFO pr:0.9453  rc:0.9380  auc:0.9920 ap:0.9798 f1: 0.9416 pred_right: 16372 pred_wrong:128 actu_right: 16371 actu_wrong: 129
2026-07-12 05:02:54,711 P3826050 INFO ----------------------------------------------------------------------------------------------------
2026-07-12 05:02:54,711 P3826050 INFO 117/300 starting... lr: 0.0009000000000000001 para:0.01
2026-07-12 05:03:03,696 P3826050 INFO Epoch 117/300, all_loss:0.00029 cls_loss:0.00001 rec_loss:0.02820 [8.98s]; best loss:0.00029, patience : 0
2026-07-12 05:03:09,187 P3826050 INFO pr:0.9790  rc:0.9395  auc:0.9843 ap:0.9791 f1: 0.9589 pred_right: 38619 pred_wrong:381 actu_right: 38603 actu_wrong: 397
2026-07-12 05:03:12,501 P3826050 INFO pr:0.9453  rc:0.9380  auc:0.9920 ap:0.9795 f1: 0.9416 pred_right: 16372 pred_wrong:128 actu_right: 16371 actu_wrong: 129
2026-07-12 05:03:12,502 P3826050 INFO ----------------------------------------------------------------------------------------------------
2026-07-12 05:03:12,502 P3826050 INFO 118/300 starting... lr: 0.0009000000000000001 para:0.01
2026-07-12 05:03:20,486 P3826050 INFO Epoch 118/300, all_loss:0.00027 cls_loss:0.00001 rec_loss:0.02645 [7.98s]; best loss:0.00027, patience : 0
2026-07-12 05:03:22,992 P3826050 INFO pr:0.9764  rc:0.9395  auc:0.9844 ap:0.9779 f1: 0.9576 pred_right: 38618 pred_wrong:382 actu_right: 38603 actu_wrong: 397
2026-07-12 05:03:24,058 P3826050 INFO pr:0.9453  rc:0.9380  auc:0.9920 ap:0.9797 f1: 0.9416 pred_right: 16372 pred_wrong:128 actu_right: 16371 actu_wrong: 129
2026-07-12 05:03:24,058 P3826050 INFO ----------------------------------------------------------------------------------------------------
2026-07-12 05:03:24,058 P3826050 INFO 119/300 starting... lr: 0.0009000000000000001 para:0.01
2026-07-12 05:03:31,087 P3826050 INFO Epoch 119/300, all_loss:0.00026 cls_loss:0.00001 rec_loss:0.02519 [7.02s]; best loss:0.00026, patience : 0
2026-07-12 05:03:33,636 P3826050 INFO pr:0.9763  rc:0.9320  auc:0.9836 ap:0.9776 f1: 0.9536 pred_right: 38621 pred_wrong:379 actu_right: 38603 actu_wrong: 397
2026-07-12 05:03:34,768 P3826050 INFO pr:0.9453  rc:0.9380  auc:0.9901 ap:0.9793 f1: 0.9416 pred_right: 16372 pred_wrong:128 actu_right: 16371 actu_wrong: 129
2026-07-12 05:03:34,769 P3826050 INFO ----------------------------------------------------------------------------------------------------
2026-07-12 05:03:34,769 P3826050 INFO 120/300 starting... lr: 0.0009000000000000001 para:0.01
2026-07-12 05:03:41,877 P3826050 INFO Epoch 120/300, all_loss:0.00025 cls_loss:0.00001 rec_loss:0.02394 [7.10s]; best loss:0.00025, patience : 0
2026-07-12 05:03:44,597 P3826050 INFO pr:0.9738  rc:0.9369  auc:0.9843 ap:0.9785 f1: 0.9550 pred_right: 38619 pred_wrong:381 actu_right: 38604 actu_wrong: 396
2026-07-12 05:03:45,810 P3826050 INFO pr:0.9462  rc:0.9535  auc:0.9921 ap:0.9801 f1: 0.9498 pred_right: 16370 pred_wrong:130 actu_right: 16371 actu_wrong: 129
2026-07-12 05:03:45,811 P3826050 INFO ----------------------------------------------------------------------------------------------------
2026-07-12 05:03:45,811 P3826050 INFO 121/300 starting... lr: 0.0009000000000000001 para:0.01
2026-07-12 05:03:53,037 P3826050 INFO Epoch 121/300, all_loss:0.00024 cls_loss:0.00001 rec_loss:0.02300 [7.22s]; best loss:0.00024, patience : 0
2026-07-12 05:03:55,815 P3826050 INFO pr:0.9788  rc:0.9320  auc:0.9844 ap:0.9778 f1: 0.9548 pred_right: 38622 pred_wrong:378 actu_right: 38603 actu_wrong: 397
2026-07-12 05:03:56,958 P3826050 INFO pr:0.9453  rc:0.9380  auc:0.9901 ap:0.9795 f1: 0.9416 pred_right: 16372 pred_wrong:128 actu_right: 16371 actu_wrong: 129
2026-07-12 05:03:56,959 P3826050 INFO ----------------------------------------------------------------------------------------------------
2026-07-12 05:03:56,959 P3826050 INFO 122/300 starting... lr: 0.0009000000000000001 para:0.01
2026-07-12 05:04:04,184 P3826050 INFO Epoch 122/300, all_loss:0.00023 cls_loss:0.00001 rec_loss:0.02202 [7.22s]; best loss:0.00023, patience : 0
2026-07-12 05:04:06,650 P3826050 INFO pr:0.9788  rc:0.9320  auc:0.9842 ap:0.9776 f1: 0.9548 pred_right: 38622 pred_wrong:378 actu_right: 38603 actu_wrong: 397
2026-07-12 05:04:07,755 P3826050 INFO pr:0.9528  rc:0.9380  auc:0.9901 ap:0.9794 f1: 0.9453 pred_right: 16373 pred_wrong:127 actu_right: 16371 actu_wrong: 129
2026-07-12 05:04:07,756 P3826050 INFO ----------------------------------------------------------------------------------------------------
2026-07-12 05:04:07,756 P3826050 INFO 123/300 starting... lr: 0.0009000000000000001 para:0.01
2026-07-12 05:04:14,863 P3826050 INFO Epoch 123/300, all_loss:0.00022 cls_loss:0.00001 rec_loss:0.02114 [7.10s]; best loss:0.00022, patience : 0
2026-07-12 05:04:17,569 P3826050 INFO pr:0.9788  rc:0.9320  auc:0.9843 ap:0.9776 f1: 0.9548 pred_right: 38622 pred_wrong:378 actu_right: 38603 actu_wrong: 397
2026-07-12 05:04:18,690 P3826050 INFO pr:0.9524  rc:0.9302  auc:0.9901 ap:0.9794 f1: 0.9412 pred_right: 16374 pred_wrong:126 actu_right: 16371 actu_wrong: 129
2026-07-12 05:04:18,690 P3826050 INFO ----------------------------------------------------------------------------------------------------
2026-07-12 05:04:18,690 P3826050 INFO 124/300 starting... lr: 0.0009000000000000001 para:0.01
2026-07-12 05:04:25,606 P3826050 INFO Epoch 124/300, all_loss:0.00021 cls_loss:0.00001 rec_loss:0.02033 [6.91s]; best loss:0.00021, patience : 0
2026-07-12 05:04:27,787 P3826050 INFO pr:0.9788  rc:0.9320  auc:0.9836 ap:0.9775 f1: 0.9548 pred_right: 38622 pred_wrong:378 actu_right: 38603 actu_wrong: 397
2026-07-12 05:04:28,763 P3826050 INFO pr:0.9524  rc:0.9302  auc:0.9901 ap:0.9794 f1: 0.9412 pred_right: 16374 pred_wrong:126 actu_right: 16371 actu_wrong: 129
2026-07-12 05:04:28,763 P3826050 INFO ----------------------------------------------------------------------------------------------------
2026-07-12 05:04:28,764 P3826050 INFO 125/300 starting... lr: 0.0009000000000000001 para:0.01
2026-07-12 05:04:37,704 P3826050 INFO Epoch 125/300, all_loss:0.00020 cls_loss:0.00001 rec_loss:0.01964 [8.93s]; best loss:0.00020, patience : 0
2026-07-12 05:04:42,416 P3826050 INFO pr:0.9788  rc:0.9318  auc:0.9850 ap:0.9780 f1: 0.9547 pred_right: 38623 pred_wrong:377 actu_right: 38604 actu_wrong: 396
2026-07-12 05:04:44,187 P3826050 INFO pr:0.9524  rc:0.9302  auc:0.9901 ap:0.9797 f1: 0.9412 pred_right: 16374 pred_wrong:126 actu_right: 16371 actu_wrong: 129
2026-07-12 05:04:44,188 P3826050 INFO ----------------------------------------------------------------------------------------------------
2026-07-12 05:04:44,188 P3826050 INFO 126/300 starting... lr: 0.0009000000000000001 para:0.01
2026-07-12 05:04:53,274 P3826050 INFO Epoch 126/300, all_loss:0.00020 cls_loss:0.00001 rec_loss:0.01900 [9.08s]; best loss:0.00020, patience : 0
2026-07-12 05:04:56,024 P3826050 INFO pr:0.9738  rc:0.9369  auc:0.9855 ap:0.9789 f1: 0.9550 pred_right: 38619 pred_wrong:381 actu_right: 38604 actu_wrong: 396
2026-07-12 05:04:57,021 P3826050 INFO pr:0.9457  rc:0.9457  auc:0.9921 ap:0.9767 f1: 0.9457 pred_right: 16371 pred_wrong:129 actu_right: 16371 actu_wrong: 129
2026-07-12 05:04:57,021 P3826050 INFO ----------------------------------------------------------------------------------------------------
2026-07-12 05:04:57,021 P3826050 INFO 127/300 starting... lr: 0.0009000000000000001 para:0.01
2026-07-12 05:05:04,009 P3826050 INFO Epoch 127/300, all_loss:0.00019 cls_loss:0.00000 rec_loss:0.01843 [6.98s]; best loss:0.00019, patience : 0
2026-07-12 05:05:06,727 P3826050 INFO pr:0.9788  rc:0.9295  auc:0.9837 ap:0.9782 f1: 0.9535 pred_right: 38623 pred_wrong:377 actu_right: 38603 actu_wrong: 397
2026-07-12 05:05:07,845 P3826050 INFO pr:0.9520  rc:0.9225  auc:0.9901 ap:0.9795 f1: 0.9370 pred_right: 16375 pred_wrong:125 actu_right: 16371 actu_wrong: 129
2026-07-12 05:05:07,846 P3826050 INFO ----------------------------------------------------------------------------------------------------
2026-07-12 05:05:07,846 P3826050 INFO 128/300 starting... lr: 0.0009000000000000001 para:0.01
2026-07-12 05:05:14,904 P3826050 INFO Epoch 128/300, all_loss:0.00019 cls_loss:0.00001 rec_loss:0.01770 [7.05s]; best loss:0.00019, patience : 0
2026-07-12 05:05:17,287 P3826050 INFO pr:0.9788  rc:0.9295  auc:0.9837 ap:0.9788 f1: 0.9535 pred_right: 38623 pred_wrong:377 actu_right: 38603 actu_wrong: 397
2026-07-12 05:05:18,279 P3826050 INFO pr:0.9520  rc:0.9225  auc:0.9902 ap:0.9801 f1: 0.9370 pred_right: 16375 pred_wrong:125 actu_right: 16371 actu_wrong: 129
2026-07-12 05:05:18,280 P3826050 INFO ----------------------------------------------------------------------------------------------------
2026-07-12 05:05:18,280 P3826050 INFO 129/300 starting... lr: 0.0009000000000000001 para:0.01
2026-07-12 05:05:25,302 P3826050 INFO Epoch 129/300, all_loss:0.00018 cls_loss:0.00000 rec_loss:0.01768 [7.02s]; best loss:0.00018, patience : 0
2026-07-12 05:05:27,983 P3826050 INFO pr:0.9714  rc:0.9395  auc:0.9859 ap:0.9791 f1: 0.9552 pred_right: 38616 pred_wrong:384 actu_right: 38603 actu_wrong: 397
2026-07-12 05:05:29,156 P3826050 INFO pr:0.9528  rc:0.9380  auc:0.9921 ap:0.9771 f1: 0.9453 pred_right: 16373 pred_wrong:127 actu_right: 16371 actu_wrong: 129
2026-07-12 05:05:29,156 P3826050 INFO ----------------------------------------------------------------------------------------------------
2026-07-12 05:05:29,156 P3826050 INFO 130/300 starting... lr: 0.0009000000000000001 para:0.01
2026-07-12 05:05:36,343 P3826050 INFO Epoch 130/300, all_loss:0.34526 cls_loss:0.34835 rec_loss:0.03938 [7.19s]; best loss:0.00018, patience : 1
2026-07-12 05:05:39,051 P3826050 INFO pr:0.9495  rc:0.9471  auc:0.9869 ap:0.9753 f1: 0.9483 pred_right: 38604 pred_wrong:396 actu_right: 38603 actu_wrong: 397
2026-07-12 05:05:40,084 P3826050 INFO pr:0.9470  rc:0.9690  auc:0.9941 ap:0.9834 f1: 0.9579 pred_right: 16368 pred_wrong:132 actu_right: 16371 actu_wrong: 129
2026-07-12 05:05:40,085 P3826050 INFO ----------------------------------------------------------------------------------------------------
2026-07-12 05:05:40,085 P3826050 INFO 131/300 starting... lr: 0.0009000000000000001 para:0.01
2026-07-12 05:05:47,071 P3826050 INFO Epoch 131/300, all_loss:1.90296 cls_loss:1.92167 rec_loss:0.05128 [6.99s]; best loss:0.00018, patience : 2
2026-07-12 05:05:49,710 P3826050 INFO pr:0.8944  rc:0.9621  auc:0.9862 ap:0.9765 f1: 0.9270 pred_right: 38574 pred_wrong:426 actu_right: 38604 actu_wrong: 396
2026-07-12 05:05:50,788 P3826050 INFO pr:0.8581  rc:0.9845  auc:0.9882 ap:0.9832 f1: 0.9170 pred_right: 16352 pred_wrong:148 actu_right: 16371 actu_wrong: 129
2026-07-12 05:05:50,789 P3826050 INFO ----------------------------------------------------------------------------------------------------
2026-07-12 05:05:50,790 P3826050 INFO 132/300 starting... lr: 0.0009000000000000001 para:0.01
2026-07-12 05:05:57,948 P3826050 INFO Epoch 132/300, all_loss:0.19811 cls_loss:0.19962 rec_loss:0.04870 [7.16s]; best loss:0.00018, patience : 2
2026-07-12 05:05:59,987 P3826050 INFO pr:0.9835  rc:0.9040  auc:0.9779 ap:0.9727 f1: 0.9421 pred_right: 38636 pred_wrong:364 actu_right: 38604 actu_wrong: 396
2026-07-12 05:06:00,893 P3826050 INFO pr:0.9590  rc:0.9070  auc:0.9834 ap:0.9748 f1: 0.9323 pred_right: 16378 pred_wrong:122 actu_right: 16371 actu_wrong: 129
2026-07-12 05:06:00,893 P3826050 INFO ----------------------------------------------------------------------------------------------------
2026-07-12 05:06:00,894 P3826050 INFO 133/300 starting... lr: 0.0009000000000000001 para:0.01
2026-07-12 05:06:09,625 P3826050 INFO Epoch 133/300, all_loss:0.70005 cls_loss:0.70678 rec_loss:0.03368 [8.73s]; best loss:0.00018, patience : 3
2026-07-12 05:06:14,644 P3826050 INFO pr:0.9811  rc:0.9167  auc:0.9806 ap:0.9739 f1: 0.9478 pred_right: 38630 pred_wrong:370 actu_right: 38604 actu_wrong: 396
2026-07-12 05:06:16,601 P3826050 INFO pr:0.9754  rc:0.9225  auc:0.9820 ap:0.9802 f1: 0.9482 pred_right: 16378 pred_wrong:122 actu_right: 16371 actu_wrong: 129
2026-07-12 05:06:16,602 P3826050 INFO ----------------------------------------------------------------------------------------------------
2026-07-12 05:06:16,602 P3826050 INFO 134/300 starting... lr: 0.0009000000000000001 para:0.01
2026-07-12 05:06:25,618 P3826050 INFO Epoch 134/300, all_loss:0.00377 cls_loss:0.00331 rec_loss:0.04975 [9.02s]; best loss:0.00018, patience : 3
2026-07-12 05:06:28,240 P3826050 INFO pr:0.9813  rc:0.9268  auc:0.9806 ap:0.9747 f1: 0.9532 pred_right: 38626 pred_wrong:374 actu_right: 38604 actu_wrong: 396
2026-07-12 05:06:29,179 P3826050 INFO pr:0.9756  rc:0.9302  auc:0.9862 ap:0.9828 f1: 0.9524 pred_right: 16377 pred_wrong:123 actu_right: 16371 actu_wrong: 129
2026-07-12 05:06:29,179 P3826050 INFO ----------------------------------------------------------------------------------------------------
2026-07-12 05:06:29,179 P3826050 INFO 135/300 starting... lr: 0.0009000000000000001 para:0.01
2026-07-12 05:06:36,095 P3826050 INFO Epoch 135/300, all_loss:0.00123 cls_loss:0.00077 rec_loss:0.04718 [6.92s]; best loss:0.00018, patience : 3
2026-07-12 05:06:38,447 P3826050 INFO pr:0.9738  rc:0.9345  auc:0.9836 ap:0.9780 f1: 0.9537 pred_right: 38619 pred_wrong:381 actu_right: 38603 actu_wrong: 397
2026-07-12 05:06:39,505 P3826050 INFO pr:0.9603  rc:0.9380  auc:0.9901 ap:0.9819 f1: 0.9490 pred_right: 16374 pred_wrong:126 actu_right: 16371 actu_wrong: 129
2026-07-12 05:06:39,505 P3826050 INFO ----------------------------------------------------------------------------------------------------
2026-07-12 05:06:39,505 P3826050 INFO 136/300 starting... lr: 0.0009000000000000001 para:0.01
2026-07-12 05:06:46,535 P3826050 INFO Epoch 136/300, all_loss:0.00060 cls_loss:0.00014 rec_loss:0.04639 [7.03s]; best loss:0.00018, patience : 3
2026-07-12 05:06:48,972 P3826050 INFO pr:0.9735  rc:0.9270  auc:0.9838 ap:0.9780 f1: 0.9497 pred_right: 38622 pred_wrong:378 actu_right: 38603 actu_wrong: 397
2026-07-12 05:06:49,944 P3826050 INFO pr:0.9680  rc:0.9380  auc:0.9901 ap:0.9814 f1: 0.9528 pred_right: 16375 pred_wrong:125 actu_right: 16371 actu_wrong: 129
2026-07-12 05:06:49,944 P3826050 INFO ----------------------------------------------------------------------------------------------------
2026-07-12 05:06:49,945 P3826050 INFO 137/300 starting... lr: 0.0009000000000000001 para:0.01
2026-07-12 05:06:57,012 P3826050 INFO Epoch 137/300, all_loss:0.00055 cls_loss:0.00010 rec_loss:0.04545 [7.07s]; best loss:0.00018, patience : 3
2026-07-12 05:06:59,700 P3826050 INFO pr:0.9735  rc:0.9270  auc:0.9838 ap:0.9769 f1: 0.9497 pred_right: 38622 pred_wrong:378 actu_right: 38603 actu_wrong: 397
2026-07-12 05:07:00,862 P3826050 INFO pr:0.9677  rc:0.9302  auc:0.9901 ap:0.9816 f1: 0.9486 pred_right: 16376 pred_wrong:124 actu_right: 16371 actu_wrong: 129
2026-07-12 05:07:00,862 P3826050 INFO ----------------------------------------------------------------------------------------------------
2026-07-12 05:07:00,862 P3826050 INFO 138/300 starting... lr: 0.0009000000000000001 para:0.01
2026-07-12 05:07:07,939 P3826050 INFO Epoch 138/300, all_loss:0.00052 cls_loss:0.00008 rec_loss:0.04416 [7.08s]; best loss:0.00018, patience : 3
2026-07-12 05:07:10,627 P3826050 INFO pr:0.9735  rc:0.9268  auc:0.9845 ap:0.9771 f1: 0.9495 pred_right: 38623 pred_wrong:377 actu_right: 38604 actu_wrong: 396
2026-07-12 05:07:11,684 P3826050 INFO pr:0.9680  rc:0.9380  auc:0.9901 ap:0.9819 f1: 0.9528 pred_right: 16375 pred_wrong:125 actu_right: 16371 actu_wrong: 129
2026-07-12 05:07:11,684 P3826050 INFO ----------------------------------------------------------------------------------------------------
2026-07-12 05:07:11,684 P3826050 INFO 139/300 starting... lr: 0.0009000000000000001 para:0.01
2026-07-12 05:07:18,707 P3826050 INFO Epoch 139/300, all_loss:0.00048 cls_loss:0.00005 rec_loss:0.04290 [7.02s]; best loss:0.00018, patience : 3
2026-07-12 05:07:21,337 P3826050 INFO pr:0.9711  rc:0.9295  auc:0.9846 ap:0.9774 f1: 0.9498 pred_right: 38620 pred_wrong:380 actu_right: 38603 actu_wrong: 397
2026-07-12 05:07:22,486 P3826050 INFO pr:0.9680  rc:0.9380  auc:0.9901 ap:0.9786 f1: 0.9528 pred_right: 16375 pred_wrong:125 actu_right: 16371 actu_wrong: 129
2026-07-12 05:07:22,487 P3826050 INFO ----------------------------------------------------------------------------------------------------
2026-07-12 05:07:22,487 P3826050 INFO 140/300 starting... lr: 0.0009000000000000001 para:0.01
2026-07-12 05:07:29,872 P3826050 INFO Epoch 140/300, all_loss:0.00046 cls_loss:0.00004 rec_loss:0.04162 [7.38s]; best loss:0.00018, patience : 3
2026-07-12 05:07:31,844 P3826050 INFO pr:0.9711  rc:0.9295  auc:0.9846 ap:0.9775 f1: 0.9498 pred_right: 38620 pred_wrong:380 actu_right: 38603 actu_wrong: 397
2026-07-12 05:07:32,738 P3826050 INFO pr:0.9680  rc:0.9380  auc:0.9901 ap:0.9785 f1: 0.9528 pred_right: 16375 pred_wrong:125 actu_right: 16371 actu_wrong: 129
2026-07-12 05:07:32,738 P3826050 INFO ----------------------------------------------------------------------------------------------------
2026-07-12 05:07:32,738 P3826050 INFO 141/300 starting... lr: 0.0009000000000000001 para:0.01
2026-07-12 05:07:39,255 P3826050 INFO Epoch 141/300, all_loss:0.00044 cls_loss:0.00004 rec_loss:0.04026 [6.52s]; best loss:0.00018, patience : 3
2026-07-12 05:07:44,235 P3826050 INFO pr:0.9685  rc:0.9318  auc:0.9846 ap:0.9763 f1: 0.9498 pred_right: 38619 pred_wrong:381 actu_right: 38604 actu_wrong: 396
2026-07-12 05:07:46,188 P3826050 INFO pr:0.9603  rc:0.9380  auc:0.9901 ap:0.9788 f1: 0.9490 pred_right: 16374 pred_wrong:126 actu_right: 16371 actu_wrong: 129
2026-07-12 05:07:46,189 P3826050 INFO ----------------------------------------------------------------------------------------------------
2026-07-12 05:07:46,190 P3826050 INFO 142/300 starting... lr: 0.0009000000000000001 para:0.01
2026-07-12 05:07:57,210 P3826050 INFO Epoch 142/300, all_loss:0.00043 cls_loss:0.00004 rec_loss:0.03891 [11.02s]; best loss:0.00018, patience : 3
2026-07-12 05:07:59,735 P3826050 INFO pr:0.9711  rc:0.9295  auc:0.9846 ap:0.9764 f1: 0.9498 pred_right: 38620 pred_wrong:380 actu_right: 38603 actu_wrong: 397
2026-07-12 05:08:00,742 P3826050 INFO pr:0.9680  rc:0.9380  auc:0.9901 ap:0.9788 f1: 0.9528 pred_right: 16375 pred_wrong:125 actu_right: 16371 actu_wrong: 129
2026-07-12 05:08:00,743 P3826050 INFO ----------------------------------------------------------------------------------------------------
2026-07-12 05:08:00,743 P3826050 INFO 143/300 starting... lr: 0.0009000000000000001 para:0.01
2026-07-12 05:08:07,622 P3826050 INFO Epoch 143/300, all_loss:0.00040 cls_loss:0.00003 rec_loss:0.03745 [6.88s]; best loss:0.00018, patience : 3
2026-07-12 05:08:10,275 P3826050 INFO pr:0.9686  rc:0.9320  auc:0.9847 ap:0.9765 f1: 0.9499 pred_right: 38618 pred_wrong:382 actu_right: 38603 actu_wrong: 397
2026-07-12 05:08:11,412 P3826050 INFO pr:0.9531  rc:0.9457  auc:0.9901 ap:0.9789 f1: 0.9494 pred_right: 16372 pred_wrong:128 actu_right: 16371 actu_wrong: 129
2026-07-12 05:08:11,413 P3826050 INFO ----------------------------------------------------------------------------------------------------
2026-07-12 05:08:11,413 P3826050 INFO 144/300 starting... lr: 0.0009000000000000001 para:0.01
2026-07-12 05:08:18,733 P3826050 INFO Epoch 144/300, all_loss:0.00038 cls_loss:0.00002 rec_loss:0.03604 [7.32s]; best loss:0.00018, patience : 3
2026-07-12 05:08:21,443 P3826050 INFO pr:0.9711  rc:0.9295  auc:0.9846 ap:0.9765 f1: 0.9498 pred_right: 38620 pred_wrong:380 actu_right: 38603 actu_wrong: 397
2026-07-12 05:08:22,559 P3826050 INFO pr:0.9683  rc:0.9457  auc:0.9882 ap:0.9789 f1: 0.9569 pred_right: 16374 pred_wrong:126 actu_right: 16371 actu_wrong: 129
2026-07-12 05:08:22,560 P3826050 INFO ----------------------------------------------------------------------------------------------------
2026-07-12 05:08:22,560 P3826050 INFO 145/300 starting... lr: 0.0009000000000000001 para:0.01
2026-07-12 05:08:29,553 P3826050 INFO Epoch 145/300, all_loss:0.00037 cls_loss:0.00002 rec_loss:0.03465 [6.99s]; best loss:0.00018, patience : 3
2026-07-12 05:08:31,984 P3826050 INFO pr:0.9711  rc:0.9295  auc:0.9847 ap:0.9766 f1: 0.9498 pred_right: 38620 pred_wrong:380 actu_right: 38603 actu_wrong: 397
2026-07-12 05:08:32,992 P3826050 INFO pr:0.9606  rc:0.9457  auc:0.9882 ap:0.9789 f1: 0.9531 pred_right: 16373 pred_wrong:127 actu_right: 16371 actu_wrong: 129
2026-07-12 05:08:32,992 P3826050 INFO ----------------------------------------------------------------------------------------------------
2026-07-12 05:08:32,992 P3826050 INFO 146/300 starting... lr: 0.0009000000000000001 para:0.01
2026-07-12 05:08:40,296 P3826050 INFO Epoch 146/300, all_loss:0.00035 cls_loss:0.00002 rec_loss:0.03330 [7.30s]; best loss:0.00018, patience : 3
2026-07-12 05:08:42,587 P3826050 INFO pr:0.9684  rc:0.9293  auc:0.9846 ap:0.9766 f1: 0.9485 pred_right: 38620 pred_wrong:380 actu_right: 38604 actu_wrong: 396
2026-07-12 05:08:43,625 P3826050 INFO pr:0.9609  rc:0.9535  auc:0.9882 ap:0.9789 f1: 0.9572 pred_right: 16372 pred_wrong:128 actu_right: 16371 actu_wrong: 129
2026-07-12 05:08:43,626 P3826050 INFO ----------------------------------------------------------------------------------------------------
2026-07-12 05:08:43,626 P3826050 INFO 147/300 starting... lr: 0.0009000000000000001 para:0.01
2026-07-12 05:08:50,932 P3826050 INFO Epoch 147/300, all_loss:0.00034 cls_loss:0.00002 rec_loss:0.03187 [7.31s]; best loss:0.00018, patience : 3
2026-07-12 05:08:53,364 P3826050 INFO pr:0.9685  rc:0.9295  auc:0.9847 ap:0.9768 f1: 0.9486 pred_right: 38619 pred_wrong:381 actu_right: 38603 actu_wrong: 397
2026-07-12 05:08:54,368 P3826050 INFO pr:0.9609  rc:0.9535  auc:0.9882 ap:0.9789 f1: 0.9572 pred_right: 16372 pred_wrong:128 actu_right: 16371 actu_wrong: 129
2026-07-12 05:08:54,369 P3826050 INFO ----------------------------------------------------------------------------------------------------
2026-07-12 05:08:54,369 P3826050 INFO 148/300 starting... lr: 0.0009000000000000001 para:0.01
2026-07-12 05:09:02,529 P3826050 INFO Epoch 148/300, all_loss:0.00032 cls_loss:0.00002 rec_loss:0.03061 [8.16s]; best loss:0.00018, patience : 3
2026-07-12 05:09:04,396 P3826050 INFO pr:0.9685  rc:0.9295  auc:0.9847 ap:0.9768 f1: 0.9486 pred_right: 38619 pred_wrong:381 actu_right: 38603 actu_wrong: 397
2026-07-12 05:09:05,236 P3826050 INFO pr:0.9609  rc:0.9535  auc:0.9882 ap:0.9789 f1: 0.9572 pred_right: 16372 pred_wrong:128 actu_right: 16371 actu_wrong: 129
2026-07-12 05:09:05,237 P3826050 INFO ----------------------------------------------------------------------------------------------------
2026-07-12 05:09:05,237 P3826050 INFO 149/300 starting... lr: 0.0009000000000000001 para:0.01
2026-07-12 05:09:11,635 P3826050 INFO Epoch 149/300, all_loss:0.00031 cls_loss:0.00002 rec_loss:0.02936 [6.40s]; best loss:0.00018, patience : 3
2026-07-12 05:09:14,869 P3826050 INFO pr:0.9685  rc:0.9295  auc:0.9847 ap:0.9768 f1: 0.9486 pred_right: 38619 pred_wrong:381 actu_right: 38603 actu_wrong: 397
2026-07-12 05:09:16,653 P3826050 INFO pr:0.9609  rc:0.9535  auc:0.9882 ap:0.9789 f1: 0.9572 pred_right: 16372 pred_wrong:128 actu_right: 16371 actu_wrong: 129
2026-07-12 05:09:16,654 P3826050 INFO ----------------------------------------------------------------------------------------------------
2026-07-12 05:09:16,654 P3826050 INFO 150/300 starting... lr: 0.0009000000000000001 para:0.01
2026-07-12 05:09:29,404 P3826050 INFO Epoch 150/300, all_loss:0.00029 cls_loss:0.00001 rec_loss:0.02812 [12.75s]; best loss:0.00018, patience : 3
2026-07-12 05:09:32,202 P3826050 INFO pr:0.9711  rc:0.9295  auc:0.9847 ap:0.9769 f1: 0.9498 pred_right: 38620 pred_wrong:380 actu_right: 38603 actu_wrong: 397
2026-07-12 05:09:33,405 P3826050 INFO pr:0.9609  rc:0.9535  auc:0.9882 ap:0.9788 f1: 0.9572 pred_right: 16372 pred_wrong:128 actu_right: 16371 actu_wrong: 129
2026-07-12 05:09:33,406 P3826050 INFO ----------------------------------------------------------------------------------------------------
2026-07-12 05:09:33,406 P3826050 INFO 151/300 starting... lr: 0.0009000000000000001 para:0.01
2026-07-12 05:09:40,528 P3826050 INFO Epoch 151/300, all_loss:0.00028 cls_loss:0.00001 rec_loss:0.02707 [7.12s]; best loss:0.00018, patience : 3
2026-07-12 05:09:43,207 P3826050 INFO pr:0.9684  rc:0.9293  auc:0.9846 ap:0.9769 f1: 0.9485 pred_right: 38620 pred_wrong:380 actu_right: 38604 actu_wrong: 396
2026-07-12 05:09:44,348 P3826050 INFO pr:0.9609  rc:0.9535  auc:0.9882 ap:0.9789 f1: 0.9572 pred_right: 16372 pred_wrong:128 actu_right: 16371 actu_wrong: 129
2026-07-12 05:09:44,348 P3826050 INFO ----------------------------------------------------------------------------------------------------
2026-07-12 05:09:44,348 P3826050 INFO 152/300 starting... lr: 0.0009000000000000001 para:0.01
2026-07-12 05:09:51,277 P3826050 INFO Epoch 152/300, all_loss:0.00027 cls_loss:0.00001 rec_loss:0.02604 [6.93s]; best loss:0.00018, patience : 3
2026-07-12 05:09:53,850 P3826050 INFO pr:0.9683  rc:0.9291  auc:0.9846 ap:0.9768 f1: 0.9483 pred_right: 38621 pred_wrong:379 actu_right: 38605 actu_wrong: 395
2026-07-12 05:09:54,927 P3826050 INFO pr:0.9606  rc:0.9457  auc:0.9882 ap:0.9789 f1: 0.9531 pred_right: 16373 pred_wrong:127 actu_right: 16371 actu_wrong: 129
2026-07-12 05:09:54,927 P3826050 INFO ----------------------------------------------------------------------------------------------------
2026-07-12 05:09:54,927 P3826050 INFO 153/300 starting... lr: 0.0009000000000000001 para:0.01
2026-07-12 05:10:01,875 P3826050 INFO Epoch 153/300, all_loss:0.00026 cls_loss:0.00001 rec_loss:0.02512 [6.95s]; best loss:0.00018, patience : 3
2026-07-12 05:10:04,514 P3826050 INFO pr:0.9686  rc:0.9320  auc:0.9847 ap:0.9770 f1: 0.9499 pred_right: 38618 pred_wrong:382 actu_right: 38603 actu_wrong: 397
2026-07-12 05:10:05,709 P3826050 INFO pr:0.9609  rc:0.9535  auc:0.9882 ap:0.9790 f1: 0.9572 pred_right: 16372 pred_wrong:128 actu_right: 16371 actu_wrong: 129
2026-07-12 05:10:05,710 P3826050 INFO ----------------------------------------------------------------------------------------------------
2026-07-12 05:10:05,710 P3826050 INFO 154/300 starting... lr: 0.0009000000000000001 para:0.01
2026-07-12 05:10:12,801 P3826050 INFO Epoch 154/300, all_loss:0.00025 cls_loss:0.00001 rec_loss:0.02427 [7.09s]; best loss:0.00018, patience : 3
2026-07-12 05:10:15,618 P3826050 INFO pr:0.9686  rc:0.9320  auc:0.9847 ap:0.9770 f1: 0.9499 pred_right: 38618 pred_wrong:382 actu_right: 38603 actu_wrong: 397
2026-07-12 05:10:16,747 P3826050 INFO pr:0.9609  rc:0.9535  auc:0.9901 ap:0.9790 f1: 0.9572 pred_right: 16372 pred_wrong:128 actu_right: 16371 actu_wrong: 129
2026-07-12 05:10:16,748 P3826050 INFO ----------------------------------------------------------------------------------------------------
2026-07-12 05:10:16,748 P3826050 INFO 155/300 starting... lr: 0.0009000000000000001 para:0.01
2026-07-12 05:10:23,983 P3826050 INFO Epoch 155/300, all_loss:0.00025 cls_loss:0.00001 rec_loss:0.02350 [7.23s]; best loss:0.00018, patience : 3
2026-07-12 05:10:26,558 P3826050 INFO pr:0.9711  rc:0.9320  auc:0.9846 ap:0.9770 f1: 0.9512 pred_right: 38619 pred_wrong:381 actu_right: 38603 actu_wrong: 397
2026-07-12 05:10:27,646 P3826050 INFO pr:0.9606  rc:0.9457  auc:0.9901 ap:0.9789 f1: 0.9531 pred_right: 16373 pred_wrong:127 actu_right: 16371 actu_wrong: 129
2026-07-12 05:10:27,647 P3826050 INFO ----------------------------------------------------------------------------------------------------
2026-07-12 05:10:27,647 P3826050 INFO 156/300 starting... lr: 0.0009000000000000001 para:0.01
2026-07-12 05:10:35,350 P3826050 INFO Epoch 156/300, all_loss:0.00024 cls_loss:0.00001 rec_loss:0.02280 [7.70s]; best loss:0.00018, patience : 3
2026-07-12 05:10:37,300 P3826050 INFO pr:0.9686  rc:0.9320  auc:0.9846 ap:0.9759 f1: 0.9499 pred_right: 38618 pred_wrong:382 actu_right: 38603 actu_wrong: 397
2026-07-12 05:10:38,083 P3826050 INFO pr:0.9606  rc:0.9457  auc:0.9902 ap:0.9791 f1: 0.9531 pred_right: 16373 pred_wrong:127 actu_right: 16371 actu_wrong: 129
2026-07-12 05:10:38,084 P3826050 INFO ----------------------------------------------------------------------------------------------------
2026-07-12 05:10:38,084 P3826050 INFO 157/300 starting... lr: 0.0009000000000000001 para:0.01
2026-07-12 05:10:44,486 P3826050 INFO Epoch 157/300, all_loss:0.00023 cls_loss:0.00001 rec_loss:0.02217 [6.40s]; best loss:0.00018, patience : 3
2026-07-12 05:10:48,703 P3826050 INFO pr:0.9711  rc:0.9318  auc:0.9846 ap:0.9770 f1: 0.9510 pred_right: 38620 pred_wrong:380 actu_right: 38604 actu_wrong: 396
2026-07-12 05:10:50,658 P3826050 INFO pr:0.9606  rc:0.9457  auc:0.9924 ap:0.9789 f1: 0.9531 pred_right: 16373 pred_wrong:127 actu_right: 16371 actu_wrong: 129
2026-07-12 05:10:50,659 P3826050 INFO ----------------------------------------------------------------------------------------------------
2026-07-12 05:10:50,659 P3826050 INFO 158/300 starting... lr: 0.0009000000000000001 para:0.01
2026-07-12 05:11:02,620 P3826050 INFO Epoch 158/300, all_loss:0.00023 cls_loss:0.00001 rec_loss:0.02165 [11.96s]; best loss:0.00018, patience : 3
2026-07-12 05:11:05,067 P3826050 INFO pr:0.9711  rc:0.9320  auc:0.9846 ap:0.9759 f1: 0.9512 pred_right: 38619 pred_wrong:381 actu_right: 38603 actu_wrong: 397
2026-07-12 05:11:06,048 P3826050 INFO pr:0.9606  rc:0.9457  auc:0.9930 ap:0.9790 f1: 0.9531 pred_right: 16373 pred_wrong:127 actu_right: 16371 actu_wrong: 129
2026-07-12 05:11:06,049 P3826050 INFO ----------------------------------------------------------------------------------------------------
2026-07-12 05:11:06,049 P3826050 INFO 159/300 starting... lr: 0.0009000000000000001 para:0.01
2026-07-12 05:11:13,052 P3826050 INFO Epoch 159/300, all_loss:0.00022 cls_loss:0.00001 rec_loss:0.02114 [7.00s]; best loss:0.00018, patience : 3
2026-07-12 05:11:15,522 P3826050 INFO pr:0.9711  rc:0.9320  auc:0.9846 ap:0.9772 f1: 0.9512 pred_right: 38619 pred_wrong:381 actu_right: 38603 actu_wrong: 397
2026-07-12 05:11:16,582 P3826050 INFO pr:0.9606  rc:0.9457  auc:0.9932 ap:0.9789 f1: 0.9531 pred_right: 16373 pred_wrong:127 actu_right: 16371 actu_wrong: 129
2026-07-12 05:11:16,582 P3826050 INFO ----------------------------------------------------------------------------------------------------
2026-07-12 05:11:16,582 P3826050 INFO 160/300 starting... lr: 0.0009000000000000001 para:0.01
2026-07-12 05:11:23,675 P3826050 INFO Epoch 160/300, all_loss:0.00021 cls_loss:0.00001 rec_loss:0.02069 [7.09s]; best loss:0.00018, patience : 3
2026-07-12 05:11:26,076 P3826050 INFO pr:0.9711  rc:0.9320  auc:0.9846 ap:0.9760 f1: 0.9512 pred_right: 38619 pred_wrong:381 actu_right: 38603 actu_wrong: 397
2026-07-12 05:11:27,097 P3826050 INFO pr:0.9606  rc:0.9457  auc:0.9934 ap:0.9789 f1: 0.9531 pred_right: 16373 pred_wrong:127 actu_right: 16371 actu_wrong: 129
2026-07-12 05:11:27,097 P3826050 INFO ----------------------------------------------------------------------------------------------------
2026-07-12 05:11:27,097 P3826050 INFO 161/300 starting... lr: 0.0009000000000000001 para:0.01
2026-07-12 05:11:34,170 P3826050 INFO Epoch 161/300, all_loss:0.00021 cls_loss:0.00001 rec_loss:0.02026 [7.07s]; best loss:0.00018, patience : 3
2026-07-12 05:11:36,797 P3826050 INFO pr:0.9711  rc:0.9320  auc:0.9846 ap:0.9761 f1: 0.9512 pred_right: 38619 pred_wrong:381 actu_right: 38603 actu_wrong: 397
2026-07-12 05:11:37,916 P3826050 INFO pr:0.9606  rc:0.9457  auc:0.9936 ap:0.9790 f1: 0.9531 pred_right: 16373 pred_wrong:127 actu_right: 16371 actu_wrong: 129
2026-07-12 05:11:37,917 P3826050 INFO ----------------------------------------------------------------------------------------------------
2026-07-12 05:11:37,917 P3826050 INFO 162/300 starting... lr: 0.0009000000000000001 para:0.01
2026-07-12 05:11:45,013 P3826050 INFO Epoch 162/300, all_loss:0.00021 cls_loss:0.00001 rec_loss:0.01985 [7.10s]; best loss:0.00018, patience : 3
2026-07-12 05:11:47,283 P3826050 INFO pr:0.9711  rc:0.9320  auc:0.9846 ap:0.9773 f1: 0.9512 pred_right: 38619 pred_wrong:381 actu_right: 38603 actu_wrong: 397
2026-07-12 05:11:48,486 P3826050 INFO pr:0.9606  rc:0.9457  auc:0.9937 ap:0.9792 f1: 0.9531 pred_right: 16373 pred_wrong:127 actu_right: 16371 actu_wrong: 129
2026-07-12 05:11:48,487 P3826050 INFO ----------------------------------------------------------------------------------------------------
2026-07-12 05:11:48,487 P3826050 INFO 163/300 starting... lr: 0.0009000000000000001 para:0.01
2026-07-12 05:11:55,440 P3826050 INFO Epoch 163/300, all_loss:0.00020 cls_loss:0.00001 rec_loss:0.01948 [6.95s]; best loss:0.00018, patience : 3
2026-07-12 05:11:58,088 P3826050 INFO pr:0.9711  rc:0.9320  auc:0.9846 ap:0.9762 f1: 0.9512 pred_right: 38619 pred_wrong:381 actu_right: 38603 actu_wrong: 397
2026-07-12 05:11:59,204 P3826050 INFO pr:0.9606  rc:0.9457  auc:0.9938 ap:0.9795 f1: 0.9531 pred_right: 16373 pred_wrong:127 actu_right: 16371 actu_wrong: 129
2026-07-12 05:11:59,205 P3826050 INFO ----------------------------------------------------------------------------------------------------
2026-07-12 05:11:59,205 P3826050 INFO 164/300 starting... lr: 0.0009000000000000001 para:0.01
2026-07-12 05:12:06,837 P3826050 INFO Epoch 164/300, all_loss:0.00020 cls_loss:0.00001 rec_loss:0.01911 [7.63s]; best loss:0.00018, patience : 3
2026-07-12 05:12:08,694 P3826050 INFO pr:0.9686  rc:0.9320  auc:0.9845 ap:0.9773 f1: 0.9499 pred_right: 38618 pred_wrong:382 actu_right: 38603 actu_wrong: 397
2026-07-12 05:12:09,477 P3826050 INFO pr:0.9606  rc:0.9457  auc:0.9939 ap:0.9795 f1: 0.9531 pred_right: 16373 pred_wrong:127 actu_right: 16371 actu_wrong: 129
2026-07-12 05:12:09,478 P3826050 INFO ----------------------------------------------------------------------------------------------------
2026-07-12 05:12:09,478 P3826050 INFO 165/300 starting... lr: 0.0009000000000000001 para:0.01
2026-07-12 05:12:15,802 P3826050 INFO Epoch 165/300, all_loss:0.01191 cls_loss:0.01184 rec_loss:0.01878 [6.32s]; best loss:0.00018, patience : 4
2026-07-12 05:12:19,251 P3826050 INFO pr:0.9684  rc:0.9293  auc:0.9840 ap:0.9761 f1: 0.9485 pred_right: 38620 pred_wrong:380 actu_right: 38604 actu_wrong: 396
2026-07-12 05:12:21,577 P3826050 INFO pr:0.9606  rc:0.9457  auc:0.9902 ap:0.9791 f1: 0.9531 pred_right: 16373 pred_wrong:127 actu_right: 16371 actu_wrong: 129
2026-07-12 05:12:21,578 P3826050 INFO ----------------------------------------------------------------------------------------------------
2026-07-12 05:12:21,579 P3826050 INFO 166/300 starting... lr: 0.0009000000000000001 para:0.01
2026-07-12 05:12:34,050 P3826050 INFO Epoch 166/300, all_loss:0.25218 cls_loss:0.25430 rec_loss:0.04266 [12.47s]; best loss:0.00018, patience : 5
2026-07-12 05:12:36,674 P3826050 INFO pr:0.9649  rc:0.9015  auc:0.9765 ap:0.9761 f1: 0.9321 pred_right: 38630 pred_wrong:370 actu_right: 38604 actu_wrong: 396
2026-07-12 05:12:37,673 P3826050 INFO pr:0.9606  rc:0.9457  auc:0.9829 ap:0.9802 f1: 0.9531 pred_right: 16373 pred_wrong:127 actu_right: 16371 actu_wrong: 129
2026-07-12 05:12:37,674 P3826050 INFO ----------------------------------------------------------------------------------------------------
2026-07-12 05:12:37,674 P3826050 INFO 167/300 starting... lr: 0.0009000000000000001 para:0.01
2026-07-12 05:12:45,214 P3826050 INFO Epoch 167/300, all_loss:0.12196 cls_loss:0.12270 rec_loss:0.04866 [7.54s]; best loss:0.00018, patience : 5
2026-07-12 05:12:47,766 P3826050 INFO pr:0.9398  rc:0.9470  auc:0.9858 ap:0.9765 f1: 0.9434 pred_right: 38601 pred_wrong:399 actu_right: 38604 actu_wrong: 396
2026-07-12 05:12:48,765 P3826050 INFO pr:0.9692  rc:0.9767  auc:0.9956 ap:0.9879 f1: 0.9730 pred_right: 16370 pred_wrong:130 actu_right: 16371 actu_wrong: 129
2026-07-12 05:12:48,766 P3826050 INFO ----------------------------------------------------------------------------------------------------
2026-07-12 05:12:48,766 P3826050 INFO 168/300 starting... lr: 0.0009000000000000001 para:0.01
2026-07-12 05:12:55,800 P3826050 INFO Epoch 168/300, all_loss:0.05825 cls_loss:0.05843 rec_loss:0.04099 [7.03s]; best loss:0.00018, patience : 5
2026-07-12 05:12:58,099 P3826050 INFO pr:0.9816  rc:0.9421  auc:0.9872 ap:0.9799 f1: 0.9614 pred_right: 38619 pred_wrong:381 actu_right: 38603 actu_wrong: 397
2026-07-12 05:12:59,210 P3826050 INFO pr:0.9606  rc:0.9457  auc:0.9944 ap:0.9838 f1: 0.9531 pred_right: 16373 pred_wrong:127 actu_right: 16371 actu_wrong: 129
2026-07-12 05:12:59,210 P3826050 INFO ----------------------------------------------------------------------------------------------------
2026-07-12 05:12:59,210 P3826050 INFO 169/300 starting... lr: 0.0009000000000000001 para:0.01
2026-07-12 05:13:06,171 P3826050 INFO Epoch 169/300, all_loss:0.00220 cls_loss:0.00184 rec_loss:0.03800 [6.96s]; best loss:0.00018, patience : 5
2026-07-12 05:13:08,499 P3826050 INFO pr:0.9816  rc:0.9444  auc:0.9872 ap:0.9792 f1: 0.9627 pred_right: 38619 pred_wrong:381 actu_right: 38604 actu_wrong: 396
2026-07-12 05:13:09,721 P3826050 INFO pr:0.9531  rc:0.9457  auc:0.9947 ap:0.9843 f1: 0.9494 pred_right: 16372 pred_wrong:128 actu_right: 16371 actu_wrong: 129
2026-07-12 05:13:09,727 P3826050 INFO ----------------------------------------------------------------------------------------------------
2026-07-12 05:13:09,727 P3826050 INFO 170/300 starting... lr: 0.0009000000000000001 para:0.01
2026-07-12 05:13:16,937 P3826050 INFO Epoch 170/300, all_loss:0.00111 cls_loss:0.00074 rec_loss:0.03790 [7.21s]; best loss:0.00018, patience : 5
2026-07-12 05:13:19,259 P3826050 INFO pr:0.9814  rc:0.9343  auc:0.9835 ap:0.9793 f1: 0.9573 pred_right: 38623 pred_wrong:377 actu_right: 38604 actu_wrong: 396
2026-07-12 05:13:20,260 P3826050 INFO pr:0.9603  rc:0.9380  auc:0.9938 ap:0.9828 f1: 0.9490 pred_right: 16374 pred_wrong:126 actu_right: 16371 actu_wrong: 129
2026-07-12 05:13:20,260 P3826050 INFO ----------------------------------------------------------------------------------------------------
2026-07-12 05:13:20,260 P3826050 INFO 171/300 starting... lr: 0.0009000000000000001 para:0.01
2026-07-12 05:13:27,117 P3826050 INFO Epoch 171/300, all_loss:0.00086 cls_loss:0.00049 rec_loss:0.03779 [6.86s]; best loss:0.00018, patience : 5
2026-07-12 05:13:29,504 P3826050 INFO pr:0.9815  rc:0.9370  auc:0.9842 ap:0.9786 f1: 0.9588 pred_right: 38621 pred_wrong:379 actu_right: 38603 actu_wrong: 397
2026-07-12 05:13:30,643 P3826050 INFO pr:0.9603  rc:0.9380  auc:0.9940 ap:0.9805 f1: 0.9490 pred_right: 16374 pred_wrong:126 actu_right: 16371 actu_wrong: 129
2026-07-12 05:13:30,644 P3826050 INFO ----------------------------------------------------------------------------------------------------
2026-07-12 05:13:30,644 P3826050 INFO 172/300 starting... lr: 0.0009000000000000001 para:0.01
2026-07-12 05:13:38,102 P3826050 INFO Epoch 172/300, all_loss:0.00066 cls_loss:0.00029 rec_loss:0.03712 [7.46s]; best loss:0.00018, patience : 5
2026-07-12 05:13:39,976 P3826050 INFO pr:0.9814  rc:0.9367  auc:0.9842 ap:0.9788 f1: 0.9585 pred_right: 38623 pred_wrong:377 actu_right: 38605 actu_wrong: 395
2026-07-12 05:13:40,763 P3826050 INFO pr:0.9528  rc:0.9380  auc:0.9940 ap:0.9817 f1: 0.9453 pred_right: 16373 pred_wrong:127 actu_right: 16371 actu_wrong: 129
2026-07-12 05:13:40,763 P3826050 INFO ----------------------------------------------------------------------------------------------------
2026-07-12 05:13:40,763 P3826050 INFO 173/300 starting... lr: 0.0009000000000000001 para:0.01
2026-07-12 05:13:47,092 P3826050 INFO Epoch 173/300, all_loss:0.00055 cls_loss:0.00019 rec_loss:0.03623 [6.33s]; best loss:0.00018, patience : 5
2026-07-12 05:13:50,839 P3826050 INFO pr:0.9815  rc:0.9370  auc:0.9843 ap:0.9788 f1: 0.9588 pred_right: 38621 pred_wrong:379 actu_right: 38603 actu_wrong: 397
2026-07-12 05:13:53,037 P3826050 INFO pr:0.9528  rc:0.9380  auc:0.9921 ap:0.9817 f1: 0.9453 pred_right: 16373 pred_wrong:127 actu_right: 16371 actu_wrong: 129
2026-07-12 05:13:53,038 P3826050 INFO ----------------------------------------------------------------------------------------------------
2026-07-12 05:13:53,038 P3826050 INFO 174/300 starting... lr: 0.0009000000000000001 para:0.01
2026-07-12 05:14:04,789 P3826050 INFO Epoch 174/300, all_loss:0.00046 cls_loss:0.00011 rec_loss:0.03544 [11.75s]; best loss:0.00018, patience : 5
2026-07-12 05:14:07,371 P3826050 INFO pr:0.9815  rc:0.9370  auc:0.9847 ap:0.9788 f1: 0.9588 pred_right: 38621 pred_wrong:379 actu_right: 38603 actu_wrong: 397
2026-07-12 05:14:08,420 P3826050 INFO pr:0.9528  rc:0.9380  auc:0.9921 ap:0.9820 f1: 0.9453 pred_right: 16373 pred_wrong:127 actu_right: 16371 actu_wrong: 129
2026-07-12 05:14:08,421 P3826050 INFO ----------------------------------------------------------------------------------------------------
2026-07-12 05:14:08,421 P3826050 INFO 175/300 starting... lr: 0.0009000000000000001 para:0.01
2026-07-12 05:14:15,424 P3826050 INFO Epoch 175/300, all_loss:0.00041 cls_loss:0.00007 rec_loss:0.03439 [7.00s]; best loss:0.00018, patience : 5
2026-07-12 05:14:18,181 P3826050 INFO pr:0.9815  rc:0.9370  auc:0.9850 ap:0.9789 f1: 0.9588 pred_right: 38621 pred_wrong:379 actu_right: 38603 actu_wrong: 397
2026-07-12 05:14:19,386 P3826050 INFO pr:0.9528  rc:0.9380  auc:0.9921 ap:0.9789 f1: 0.9453 pred_right: 16373 pred_wrong:127 actu_right: 16371 actu_wrong: 129
2026-07-12 05:14:19,386 P3826050 INFO ----------------------------------------------------------------------------------------------------
2026-07-12 05:14:19,387 P3826050 INFO 176/300 starting... lr: 0.0009000000000000001 para:0.01
2026-07-12 05:14:26,176 P3826050 INFO Epoch 176/300, all_loss:0.00039 cls_loss:0.00005 rec_loss:0.03326 [6.79s]; best loss:0.00018, patience : 5
2026-07-12 05:14:28,814 P3826050 INFO pr:0.9789  rc:0.9370  auc:0.9851 ap:0.9789 f1: 0.9575 pred_right: 38620 pred_wrong:380 actu_right: 38603 actu_wrong: 397
2026-07-12 05:14:29,962 P3826050 INFO pr:0.9528  rc:0.9380  auc:0.9940 ap:0.9795 f1: 0.9453 pred_right: 16373 pred_wrong:127 actu_right: 16371 actu_wrong: 129
2026-07-12 05:14:29,962 P3826050 INFO ----------------------------------------------------------------------------------------------------
2026-07-12 05:14:29,963 P3826050 INFO 177/300 starting... lr: 0.0009000000000000001 para:0.01
2026-07-12 05:14:37,076 P3826050 INFO Epoch 177/300, all_loss:0.00036 cls_loss:0.00004 rec_loss:0.03211 [7.11s]; best loss:0.00018, patience : 5
2026-07-12 05:14:39,758 P3826050 INFO pr:0.9815  rc:0.9370  auc:0.9851 ap:0.9789 f1: 0.9588 pred_right: 38621 pred_wrong:379 actu_right: 38603 actu_wrong: 397
2026-07-12 05:14:40,916 P3826050 INFO pr:0.9528  rc:0.9380  auc:0.9921 ap:0.9794 f1: 0.9453 pred_right: 16373 pred_wrong:127 actu_right: 16371 actu_wrong: 129
2026-07-12 05:14:40,916 P3826050 INFO ----------------------------------------------------------------------------------------------------
2026-07-12 05:14:40,917 P3826050 INFO 178/300 starting... lr: 0.0009000000000000001 para:0.01
2026-07-12 05:14:47,752 P3826050 INFO Epoch 178/300, all_loss:0.00034 cls_loss:0.00003 rec_loss:0.03102 [6.83s]; best loss:0.00018, patience : 5
2026-07-12 05:14:50,252 P3826050 INFO pr:0.9815  rc:0.9370  auc:0.9851 ap:0.9789 f1: 0.9588 pred_right: 38621 pred_wrong:379 actu_right: 38603 actu_wrong: 397
2026-07-12 05:14:51,243 P3826050 INFO pr:0.9528  rc:0.9380  auc:0.9921 ap:0.9797 f1: 0.9453 pred_right: 16373 pred_wrong:127 actu_right: 16371 actu_wrong: 129
2026-07-12 05:14:51,243 P3826050 INFO ----------------------------------------------------------------------------------------------------
2026-07-12 05:14:51,243 P3826050 INFO 179/300 starting... lr: 0.0009000000000000001 para:0.01
2026-07-12 05:14:57,991 P3826050 INFO Epoch 179/300, all_loss:0.00033 cls_loss:0.00003 rec_loss:0.02989 [6.75s]; best loss:0.00018, patience : 5
2026-07-12 05:15:00,551 P3826050 INFO pr:0.9815  rc:0.9370  auc:0.9851 ap:0.9789 f1: 0.9588 pred_right: 38621 pred_wrong:379 actu_right: 38603 actu_wrong: 397
2026-07-12 05:15:01,709 P3826050 INFO pr:0.9528  rc:0.9380  auc:0.9921 ap:0.9799 f1: 0.9453 pred_right: 16373 pred_wrong:127 actu_right: 16371 actu_wrong: 129
2026-07-12 05:15:01,710 P3826050 INFO ----------------------------------------------------------------------------------------------------
2026-07-12 05:15:01,710 P3826050 INFO 180/300 starting... lr: 0.0009000000000000001 para:0.01
2026-07-12 05:15:10,235 P3826050 INFO Epoch 180/300, all_loss:0.00031 cls_loss:0.00002 rec_loss:0.02883 [8.52s]; best loss:0.00018, patience : 5
2026-07-12 05:15:12,187 P3826050 INFO pr:0.9789  rc:0.9370  auc:0.9851 ap:0.9789 f1: 0.9575 pred_right: 38620 pred_wrong:380 actu_right: 38603 actu_wrong: 397
2026-07-12 05:15:13,013 P3826050 INFO pr:0.9528  rc:0.9380  auc:0.9921 ap:0.9800 f1: 0.9453 pred_right: 16373 pred_wrong:127 actu_right: 16371 actu_wrong: 129
2026-07-12 05:15:13,014 P3826050 INFO ----------------------------------------------------------------------------------------------------
2026-07-12 05:15:13,014 P3826050 INFO 181/300 starting... lr: 0.0009000000000000001 para:0.01
2026-07-12 05:15:19,005 P3826050 INFO Epoch 181/300, all_loss:0.00030 cls_loss:0.00002 rec_loss:0.02783 [5.99s]; best loss:0.00018, patience : 5
2026-07-12 05:15:21,157 P3826050 INFO pr:0.9789  rc:0.9370  auc:0.9851 ap:0.9790 f1: 0.9575 pred_right: 38620 pred_wrong:380 actu_right: 38603 actu_wrong: 397
2026-07-12 05:15:22,032 P3826050 INFO pr:0.9528  rc:0.9380  auc:0.9921 ap:0.9801 f1: 0.9453 pred_right: 16373 pred_wrong:127 actu_right: 16371 actu_wrong: 129
2026-07-12 05:15:22,032 P3826050 INFO ----------------------------------------------------------------------------------------------------
2026-07-12 05:15:22,032 P3826050 INFO 182/300 starting... lr: 0.0009000000000000001 para:0.01
2026-07-12 05:15:35,384 P3826050 INFO Epoch 182/300, all_loss:0.00029 cls_loss:0.00002 rec_loss:0.02689 [13.35s]; best loss:0.00018, patience : 5
2026-07-12 05:15:38,216 P3826050 INFO pr:0.9764  rc:0.9370  auc:0.9851 ap:0.9790 f1: 0.9563 pred_right: 38619 pred_wrong:381 actu_right: 38603 actu_wrong: 397
2026-07-12 05:15:39,418 P3826050 INFO pr:0.9528  rc:0.9380  auc:0.9902 ap:0.9800 f1: 0.9453 pred_right: 16373 pred_wrong:127 actu_right: 16371 actu_wrong: 129
2026-07-12 05:15:39,418 P3826050 INFO ----------------------------------------------------------------------------------------------------
2026-07-12 05:15:39,425 P3826050 INFO 183/300 starting... lr: 0.0009000000000000001 para:0.01
2026-07-12 05:15:46,585 P3826050 INFO Epoch 183/300, all_loss:0.00030 cls_loss:0.00003 rec_loss:0.02735 [7.16s]; best loss:0.00018, patience : 6
2026-07-12 05:15:49,036 P3826050 INFO pr:0.9738  rc:0.9370  auc:0.9851 ap:0.9790 f1: 0.9551 pred_right: 38618 pred_wrong:382 actu_right: 38603 actu_wrong: 397
2026-07-12 05:15:50,120 P3826050 INFO pr:0.9528  rc:0.9380  auc:0.9921 ap:0.9778 f1: 0.9453 pred_right: 16373 pred_wrong:127 actu_right: 16371 actu_wrong: 129
2026-07-12 05:15:50,121 P3826050 INFO ----------------------------------------------------------------------------------------------------
2026-07-12 05:15:50,121 P3826050 INFO 184/300 starting... lr: 0.0009000000000000001 para:0.01
2026-07-12 05:15:57,305 P3826050 INFO Epoch 184/300, all_loss:0.00029 cls_loss:0.00002 rec_loss:0.02687 [7.18s]; best loss:0.00018, patience : 6
2026-07-12 05:15:59,661 P3826050 INFO pr:0.9738  rc:0.9370  auc:0.9851 ap:0.9791 f1: 0.9551 pred_right: 38618 pred_wrong:382 actu_right: 38603 actu_wrong: 397
2026-07-12 05:16:00,680 P3826050 INFO pr:0.9528  rc:0.9380  auc:0.9921 ap:0.9785 f1: 0.9453 pred_right: 16373 pred_wrong:127 actu_right: 16371 actu_wrong: 129
2026-07-12 05:16:00,681 P3826050 INFO ----------------------------------------------------------------------------------------------------
2026-07-12 05:16:00,681 P3826050 INFO 185/300 starting... lr: 0.0009000000000000001 para:0.01
2026-07-12 05:16:07,679 P3826050 INFO Epoch 185/300, all_loss:0.00027 cls_loss:0.00002 rec_loss:0.02582 [7.00s]; best loss:0.00018, patience : 6
2026-07-12 05:16:10,214 P3826050 INFO pr:0.9738  rc:0.9370  auc:0.9851 ap:0.9790 f1: 0.9551 pred_right: 38618 pred_wrong:382 actu_right: 38603 actu_wrong: 397
2026-07-12 05:16:11,359 P3826050 INFO pr:0.9528  rc:0.9380  auc:0.9902 ap:0.9790 f1: 0.9453 pred_right: 16373 pred_wrong:127 actu_right: 16371 actu_wrong: 129
2026-07-12 05:16:11,359 P3826050 INFO ----------------------------------------------------------------------------------------------------
2026-07-12 05:16:11,359 P3826050 INFO 186/300 starting... lr: 0.0009000000000000001 para:0.01
2026-07-12 05:16:18,481 P3826050 INFO Epoch 186/300, all_loss:0.00026 cls_loss:0.00001 rec_loss:0.02487 [7.12s]; best loss:0.00018, patience : 6
2026-07-12 05:16:21,152 P3826050 INFO pr:0.9738  rc:0.9370  auc:0.9851 ap:0.9790 f1: 0.9551 pred_right: 38618 pred_wrong:382 actu_right: 38603 actu_wrong: 397
2026-07-12 05:16:22,182 P3826050 INFO pr:0.9528  rc:0.9380  auc:0.9902 ap:0.9791 f1: 0.9453 pred_right: 16373 pred_wrong:127 actu_right: 16371 actu_wrong: 129
2026-07-12 05:16:22,182 P3826050 INFO ----------------------------------------------------------------------------------------------------
2026-07-12 05:16:22,182 P3826050 INFO 187/300 starting... lr: 0.0009000000000000001 para:0.01
2026-07-12 05:16:29,112 P3826050 INFO Epoch 187/300, all_loss:0.00025 cls_loss:0.00001 rec_loss:0.02401 [6.93s]; best loss:0.00018, patience : 6
2026-07-12 05:16:31,831 P3826050 INFO pr:0.9738  rc:0.9369  auc:0.9851 ap:0.9790 f1: 0.9550 pred_right: 38619 pred_wrong:381 actu_right: 38604 actu_wrong: 396
2026-07-12 05:16:32,858 P3826050 INFO pr:0.9528  rc:0.9380  auc:0.9902 ap:0.9793 f1: 0.9453 pred_right: 16373 pred_wrong:127 actu_right: 16371 actu_wrong: 129
2026-07-12 05:16:32,859 P3826050 INFO ----------------------------------------------------------------------------------------------------
2026-07-12 05:16:32,859 P3826050 INFO 188/300 starting... lr: 0.0009000000000000001 para:0.01
2026-07-12 05:16:39,943 P3826050 INFO Epoch 188/300, all_loss:0.02142 cls_loss:0.02139 rec_loss:0.02397 [7.08s]; best loss:0.00018, patience : 7
2026-07-12 05:16:43,572 P3826050 INFO pr:0.9587  rc:0.9369  auc:0.9829 ap:0.9705 f1: 0.9476 pred_right: 38613 pred_wrong:387 actu_right: 38604 actu_wrong: 396
2026-07-12 05:16:44,331 P3826050 INFO pr:0.9609  rc:0.9535  auc:0.9940 ap:0.9776 f1: 0.9572 pred_right: 16372 pred_wrong:128 actu_right: 16371 actu_wrong: 129
2026-07-12 05:16:44,331 P3826050 INFO ----------------------------------------------------------------------------------------------------
2026-07-12 05:16:44,339 P3826050 INFO 189/300 starting... lr: 0.0009000000000000001 para:0.01
2026-07-12 05:16:50,073 P3826050 INFO Epoch 189/300, all_loss:0.21107 cls_loss:0.21276 rec_loss:0.04415 [5.73s]; best loss:0.00018, patience : 8
2026-07-12 05:16:52,400 P3826050 INFO pr:0.9084  rc:0.9268  auc:0.9774 ap:0.9711 f1: 0.9175 pred_right: 38596 pred_wrong:404 actu_right: 38604 actu_wrong: 396
2026-07-12 05:16:53,348 P3826050 INFO pr:0.8849  rc:0.9535  auc:0.9776 ap:0.9795 f1: 0.9179 pred_right: 16361 pred_wrong:139 actu_right: 16371 actu_wrong: 129
2026-07-12 05:16:53,348 P3826050 INFO ----------------------------------------------------------------------------------------------------
2026-07-12 05:16:53,348 P3826050 INFO 190/300 starting... lr: 0.0009000000000000001 para:0.01
2026-07-12 05:17:07,578 P3826050 INFO Epoch 190/300, all_loss:0.15395 cls_loss:0.15496 rec_loss:0.05409 [14.23s]; best loss:0.00018, patience : 8
2026-07-12 05:17:10,701 P3826050 INFO pr:0.9570  rc:0.9545  auc:0.9891 ap:0.9781 f1: 0.9558 pred_right: 38605 pred_wrong:395 actu_right: 38604 actu_wrong: 396
2026-07-12 05:17:11,937 P3826050 INFO pr:0.9478  rc:0.9845  auc:0.9941 ap:0.9834 f1: 0.9658 pred_right: 16366 pred_wrong:134 actu_right: 16371 actu_wrong: 129
2026-07-12 05:17:11,937 P3826050 INFO ----------------------------------------------------------------------------------------------------
2026-07-12 05:17:11,937 P3826050 INFO 191/300 starting... lr: 0.0009000000000000001 para:0.01
2026-07-12 05:17:19,288 P3826050 INFO Epoch 191/300, all_loss:0.03818 cls_loss:0.03806 rec_loss:0.05083 [7.35s]; best loss:0.00018, patience : 8
2026-07-12 05:17:21,973 P3826050 INFO pr:0.9352  rc:0.9446  auc:0.9829 ap:0.9763 f1: 0.9398 pred_right: 38599 pred_wrong:401 actu_right: 38603 actu_wrong: 397
2026-07-12 05:17:23,122 P3826050 INFO pr:0.9118  rc:0.9612  auc:0.9882 ap:0.9660 f1: 0.9358 pred_right: 16364 pred_wrong:136 actu_right: 16371 actu_wrong: 129
2026-07-12 05:17:23,123 P3826050 INFO ----------------------------------------------------------------------------------------------------
2026-07-12 05:17:23,123 P3826050 INFO 192/300 starting... lr: 0.0009000000000000001 para:0.01
2026-07-12 05:17:30,268 P3826050 INFO Epoch 192/300, all_loss:0.06122 cls_loss:0.06133 rec_loss:0.05050 [7.14s]; best loss:0.00018, patience : 9
2026-07-12 05:17:32,999 P3826050 INFO pr:0.9837  rc:0.9118  auc:0.9763 ap:0.9734 f1: 0.9464 pred_right: 38632 pred_wrong:368 actu_right: 38603 actu_wrong: 397
2026-07-12 05:17:34,230 P3826050 INFO pr:0.9661  rc:0.8837  auc:0.9828 ap:0.9795 f1: 0.9231 pred_right: 16382 pred_wrong:118 actu_right: 16371 actu_wrong: 129
2026-07-12 05:17:34,230 P3826050 INFO ----------------------------------------------------------------------------------------------------
2026-07-12 05:17:34,230 P3826050 INFO 193/300 starting... lr: 0.0009000000000000001 para:0.01
2026-07-12 05:17:41,206 P3826050 INFO Epoch 193/300, all_loss:0.01721 cls_loss:0.01687 rec_loss:0.05077 [6.97s]; best loss:0.00018, patience : 9
2026-07-12 05:17:43,523 P3826050 INFO pr:0.9664  rc:0.9421  auc:0.9799 ap:0.9745 f1: 0.9541 pred_right: 38613 pred_wrong:387 actu_right: 38603 actu_wrong: 397
2026-07-12 05:17:44,515 P3826050 INFO pr:0.9389  rc:0.9535  auc:0.9810 ap:0.9762 f1: 0.9462 pred_right: 16369 pred_wrong:131 actu_right: 16371 actu_wrong: 129
2026-07-12 05:17:44,515 P3826050 INFO ----------------------------------------------------------------------------------------------------
2026-07-12 05:17:44,522 P3826050 INFO 194/300 starting... lr: 0.0009000000000000001 para:0.01
2026-07-12 05:17:51,536 P3826050 INFO Epoch 194/300, all_loss:0.02476 cls_loss:0.02464 rec_loss:0.03625 [7.01s]; best loss:0.00018, patience : 10
2026-07-12 05:17:54,016 P3826050 INFO pr:0.9612  rc:0.9370  auc:0.9844 ap:0.9754 f1: 0.9490 pred_right: 38613 pred_wrong:387 actu_right: 38603 actu_wrong: 397
2026-07-12 05:17:54,993 P3826050 INFO pr:0.9328  rc:0.9690  auc:0.9941 ap:0.9816 f1: 0.9506 pred_right: 16366 pred_wrong:134 actu_right: 16371 actu_wrong: 129
2026-07-12 05:17:54,993 P3826050 INFO ----------------------------------------------------------------------------------------------------
2026-07-12 05:17:54,993 P3826050 INFO 195/300 starting... lr: 0.0009000000000000001 para:0.01
2026-07-12 05:18:01,971 P3826050 INFO Epoch 195/300, all_loss:0.00057 cls_loss:0.00022 rec_loss:0.03595 [6.98s]; best loss:0.00018, patience : 10
2026-07-12 05:18:04,367 P3826050 INFO pr:0.9736  rc:0.9318  auc:0.9813 ap:0.9743 f1: 0.9523 pred_right: 38621 pred_wrong:379 actu_right: 38604 actu_wrong: 396
2026-07-12 05:18:05,404 P3826050 INFO pr:0.9389  rc:0.9535  auc:0.9902 ap:0.9839 f1: 0.9462 pred_right: 16369 pred_wrong:131 actu_right: 16371 actu_wrong: 129
2026-07-12 05:18:05,404 P3826050 INFO ----------------------------------------------------------------------------------------------------
2026-07-12 05:18:05,404 P3826050 INFO 196/300 starting... lr: 0.0009000000000000001 para:0.01
2026-07-12 05:18:12,253 P3826050 INFO Epoch 196/300, all_loss:0.00046 cls_loss:0.00010 rec_loss:0.03527 [6.85s]; best loss:0.00018, patience : 10
2026-07-12 05:18:16,253 P3826050 INFO pr:0.9762  rc:0.9318  auc:0.9819 ap:0.9748 f1: 0.9535 pred_right: 38622 pred_wrong:378 actu_right: 38604 actu_wrong: 396
2026-07-12 05:18:17,018 P3826050 INFO pr:0.9389  rc:0.9535  auc:0.9902 ap:0.9840 f1: 0.9462 pred_right: 16369 pred_wrong:131 actu_right: 16371 actu_wrong: 129
2026-07-12 05:18:17,019 P3826050 INFO ----------------------------------------------------------------------------------------------------
2026-07-12 05:18:17,019 P3826050 INFO 197/300 starting... lr: 0.0009000000000000001 para:0.01
2026-07-12 05:18:22,462 P3826050 INFO Epoch 197/300, all_loss:0.00042 cls_loss:0.00008 rec_loss:0.03429 [5.44s]; best loss:0.00018, patience : 10
2026-07-12 05:18:24,786 P3826050 INFO pr:0.9762  rc:0.9318  auc:0.9813 ap:0.9749 f1: 0.9535 pred_right: 38622 pred_wrong:378 actu_right: 38604 actu_wrong: 396
2026-07-12 05:18:25,771 P3826050 INFO pr:0.9389  rc:0.9535  auc:0.9902 ap:0.9839 f1: 0.9462 pred_right: 16369 pred_wrong:131 actu_right: 16371 actu_wrong: 129
2026-07-12 05:18:25,771 P3826050 INFO ----------------------------------------------------------------------------------------------------
2026-07-12 05:18:25,772 P3826050 INFO 198/300 starting... lr: 0.0009000000000000001 para:0.01
2026-07-12 05:18:38,205 P3826050 INFO Epoch 198/300, all_loss:0.00040 cls_loss:0.00007 rec_loss:0.03333 [12.43s]; best loss:0.00018, patience : 10
2026-07-12 05:18:42,768 P3826050 INFO pr:0.9762  rc:0.9318  auc:0.9813 ap:0.9750 f1: 0.9535 pred_right: 38622 pred_wrong:378 actu_right: 38604 actu_wrong: 396
2026-07-12 05:18:43,974 P3826050 INFO pr:0.9389  rc:0.9535  auc:0.9902 ap:0.9839 f1: 0.9462 pred_right: 16369 pred_wrong:131 actu_right: 16371 actu_wrong: 129
2026-07-12 05:18:43,974 P3826050 INFO ----------------------------------------------------------------------------------------------------
2026-07-12 05:18:43,975 P3826050 INFO 199/300 starting... lr: 0.0009000000000000001 para:0.01
2026-07-12 05:18:51,265 P3826050 INFO Epoch 199/300, all_loss:0.00038 cls_loss:0.00006 rec_loss:0.03234 [7.29s]; best loss:0.00018, patience : 10
2026-07-12 05:18:53,638 P3826050 INFO pr:0.9763  rc:0.9320  auc:0.9820 ap:0.9754 f1: 0.9536 pred_right: 38621 pred_wrong:379 actu_right: 38603 actu_wrong: 397
2026-07-12 05:18:54,636 P3826050 INFO pr:0.9389  rc:0.9535  auc:0.9902 ap:0.9804 f1: 0.9462 pred_right: 16369 pred_wrong:131 actu_right: 16371 actu_wrong: 129
2026-07-12 05:18:54,637 P3826050 INFO ----------------------------------------------------------------------------------------------------
2026-07-12 05:18:54,637 P3826050 INFO 200/300 starting... lr: 0.0008100000000000001 para:0.01
2026-07-12 05:19:01,695 P3826050 INFO Epoch 200/300, all_loss:0.00036 cls_loss:0.00004 rec_loss:0.03141 [7.06s]; best loss:0.00018, patience : 10
2026-07-12 05:19:03,986 P3826050 INFO pr:0.9763  rc:0.9320  auc:0.9814 ap:0.9754 f1: 0.9536 pred_right: 38621 pred_wrong:379 actu_right: 38603 actu_wrong: 397
2026-07-12 05:19:05,003 P3826050 INFO pr:0.9389  rc:0.9535  auc:0.9902 ap:0.9804 f1: 0.9462 pred_right: 16369 pred_wrong:131 actu_right: 16371 actu_wrong: 129
2026-07-12 05:19:05,004 P3826050 INFO ----------------------------------------------------------------------------------------------------
2026-07-12 05:19:05,004 P3826050 INFO 201/300 starting... lr: 0.0008100000000000001 para:0.01
2026-07-12 05:19:12,078 P3826050 INFO Epoch 201/300, all_loss:0.00034 cls_loss:0.00004 rec_loss:0.03049 [7.07s]; best loss:0.00018, patience : 10
2026-07-12 05:19:14,573 P3826050 INFO pr:0.9762  rc:0.9318  auc:0.9820 ap:0.9755 f1: 0.9535 pred_right: 38622 pred_wrong:378 actu_right: 38604 actu_wrong: 396
2026-07-12 05:19:15,605 P3826050 INFO pr:0.9389  rc:0.9535  auc:0.9902 ap:0.9807 f1: 0.9462 pred_right: 16369 pred_wrong:131 actu_right: 16371 actu_wrong: 129
2026-07-12 05:19:15,606 P3826050 INFO ----------------------------------------------------------------------------------------------------
2026-07-12 05:19:15,606 P3826050 INFO 202/300 starting... lr: 0.0008100000000000001 para:0.01
2026-07-12 05:19:22,576 P3826050 INFO Epoch 202/300, all_loss:0.00033 cls_loss:0.00004 rec_loss:0.02964 [6.97s]; best loss:0.00018, patience : 10
2026-07-12 05:19:24,952 P3826050 INFO pr:0.9763  rc:0.9320  auc:0.9820 ap:0.9757 f1: 0.9536 pred_right: 38621 pred_wrong:379 actu_right: 38603 actu_wrong: 397
2026-07-12 05:19:26,024 P3826050 INFO pr:0.9389  rc:0.9535  auc:0.9902 ap:0.9806 f1: 0.9462 pred_right: 16369 pred_wrong:131 actu_right: 16371 actu_wrong: 129
2026-07-12 05:19:26,024 P3826050 INFO ----------------------------------------------------------------------------------------------------
2026-07-12 05:19:26,025 P3826050 INFO 203/300 starting... lr: 0.0008100000000000001 para:0.01
2026-07-12 05:19:33,441 P3826050 INFO Epoch 203/300, all_loss:0.00032 cls_loss:0.00003 rec_loss:0.02890 [7.42s]; best loss:0.00018, patience : 10
2026-07-12 05:19:35,844 P3826050 INFO pr:0.9763  rc:0.9320  auc:0.9814 ap:0.9757 f1: 0.9536 pred_right: 38621 pred_wrong:379 actu_right: 38603 actu_wrong: 397
2026-07-12 05:19:36,952 P3826050 INFO pr:0.9389  rc:0.9535  auc:0.9902 ap:0.9805 f1: 0.9462 pred_right: 16369 pred_wrong:131 actu_right: 16371 actu_wrong: 129
2026-07-12 05:19:36,952 P3826050 INFO ----------------------------------------------------------------------------------------------------
2026-07-12 05:19:36,953 P3826050 INFO 204/300 starting... lr: 0.0008100000000000001 para:0.01
2026-07-12 05:19:44,226 P3826050 INFO Epoch 204/300, all_loss:0.00031 cls_loss:0.00003 rec_loss:0.02807 [7.27s]; best loss:0.00018, patience : 10
2026-07-12 05:19:48,010 P3826050 INFO pr:0.9763  rc:0.9320  auc:0.9821 ap:0.9760 f1: 0.9536 pred_right: 38621 pred_wrong:379 actu_right: 38603 actu_wrong: 397
2026-07-12 05:19:49,920 P3826050 INFO pr:0.9389  rc:0.9535  auc:0.9902 ap:0.9774 f1: 0.9462 pred_right: 16369 pred_wrong:131 actu_right: 16371 actu_wrong: 129
2026-07-12 05:19:49,921 P3826050 INFO ----------------------------------------------------------------------------------------------------
2026-07-12 05:19:49,921 P3826050 INFO 205/300 starting... lr: 0.0008100000000000001 para:0.01
2026-07-12 05:19:55,393 P3826050 INFO Epoch 205/300, all_loss:0.00030 cls_loss:0.00002 rec_loss:0.02727 [5.47s]; best loss:0.00018, patience : 10
2026-07-12 05:19:57,548 P3826050 INFO pr:0.9763  rc:0.9320  auc:0.9821 ap:0.9760 f1: 0.9536 pred_right: 38621 pred_wrong:379 actu_right: 38603 actu_wrong: 397
2026-07-12 05:19:58,500 P3826050 INFO pr:0.9389  rc:0.9535  auc:0.9903 ap:0.9773 f1: 0.9462 pred_right: 16369 pred_wrong:131 actu_right: 16371 actu_wrong: 129
2026-07-12 05:19:58,501 P3826050 INFO ----------------------------------------------------------------------------------------------------
2026-07-12 05:19:58,501 P3826050 INFO 206/300 starting... lr: 0.0008100000000000001 para:0.01
2026-07-12 05:20:08,265 P3826050 INFO Epoch 206/300, all_loss:0.00029 cls_loss:0.00002 rec_loss:0.02652 [9.76s]; best loss:0.00018, patience : 10
2026-07-12 05:20:12,839 P3826050 INFO pr:0.9762  rc:0.9318  auc:0.9820 ap:0.9761 f1: 0.9535 pred_right: 38622 pred_wrong:378 actu_right: 38604 actu_wrong: 396
2026-07-12 05:20:14,568 P3826050 INFO pr:0.9389  rc:0.9535  auc:0.9904 ap:0.9776 f1: 0.9462 pred_right: 16369 pred_wrong:131 actu_right: 16371 actu_wrong: 129
2026-07-12 05:20:14,569 P3826050 INFO ----------------------------------------------------------------------------------------------------
2026-07-12 05:20:14,569 P3826050 INFO 207/300 starting... lr: 0.0008100000000000001 para:0.01
2026-07-12 05:20:22,884 P3826050 INFO Epoch 207/300, all_loss:0.00028 cls_loss:0.00002 rec_loss:0.02578 [8.31s]; best loss:0.00018, patience : 10
2026-07-12 05:20:25,493 P3826050 INFO pr:0.9762  rc:0.9318  auc:0.9820 ap:0.9762 f1: 0.9535 pred_right: 38622 pred_wrong:378 actu_right: 38604 actu_wrong: 396
2026-07-12 05:20:26,507 P3826050 INFO pr:0.9389  rc:0.9535  auc:0.9907 ap:0.9776 f1: 0.9462 pred_right: 16369 pred_wrong:131 actu_right: 16371 actu_wrong: 129
2026-07-12 05:20:26,507 P3826050 INFO ----------------------------------------------------------------------------------------------------
2026-07-12 05:20:26,507 P3826050 INFO 208/300 starting... lr: 0.0008100000000000001 para:0.01
2026-07-12 05:20:33,516 P3826050 INFO Epoch 208/300, all_loss:0.00027 cls_loss:0.00002 rec_loss:0.02514 [7.01s]; best loss:0.00018, patience : 10
2026-07-12 05:20:36,152 P3826050 INFO pr:0.9763  rc:0.9320  auc:0.9821 ap:0.9763 f1: 0.9536 pred_right: 38621 pred_wrong:379 actu_right: 38603 actu_wrong: 397
2026-07-12 05:20:37,258 P3826050 INFO pr:0.9389  rc:0.9535  auc:0.9933 ap:0.9777 f1: 0.9462 pred_right: 16369 pred_wrong:131 actu_right: 16371 actu_wrong: 129
2026-07-12 05:20:37,259 P3826050 INFO ----------------------------------------------------------------------------------------------------
2026-07-12 05:20:37,259 P3826050 INFO 209/300 starting... lr: 0.0008100000000000001 para:0.01
2026-07-12 05:20:44,316 P3826050 INFO Epoch 209/300, all_loss:0.00026 cls_loss:0.00002 rec_loss:0.02440 [7.06s]; best loss:0.00018, patience : 10
2026-07-12 05:20:47,037 P3826050 INFO pr:0.9762  rc:0.9318  auc:0.9820 ap:0.9763 f1: 0.9535 pred_right: 38622 pred_wrong:378 actu_right: 38604 actu_wrong: 396
2026-07-12 05:20:48,209 P3826050 INFO pr:0.9389  rc:0.9535  auc:0.9935 ap:0.9777 f1: 0.9462 pred_right: 16369 pred_wrong:131 actu_right: 16371 actu_wrong: 129
2026-07-12 05:20:48,210 P3826050 INFO ----------------------------------------------------------------------------------------------------
2026-07-12 05:20:48,210 P3826050 INFO 210/300 starting... lr: 0.0008100000000000001 para:0.01
2026-07-12 05:20:55,116 P3826050 INFO Epoch 210/300, all_loss:0.00025 cls_loss:0.00002 rec_loss:0.02383 [6.91s]; best loss:0.00018, patience : 10
2026-07-12 05:20:57,596 P3826050 INFO pr:0.9762  rc:0.9318  auc:0.9821 ap:0.9764 f1: 0.9535 pred_right: 38622 pred_wrong:378 actu_right: 38604 actu_wrong: 396
2026-07-12 05:20:58,640 P3826050 INFO pr:0.9389  rc:0.9535  auc:0.9937 ap:0.9779 f1: 0.9462 pred_right: 16369 pred_wrong:131 actu_right: 16371 actu_wrong: 129
2026-07-12 05:20:58,640 P3826050 INFO ----------------------------------------------------------------------------------------------------
2026-07-12 05:20:58,641 P3826050 INFO 211/300 starting... lr: 0.0008100000000000001 para:0.01
2026-07-12 05:21:05,688 P3826050 INFO Epoch 211/300, all_loss:0.00025 cls_loss:0.00001 rec_loss:0.02322 [7.05s]; best loss:0.00018, patience : 10
2026-07-12 05:21:08,051 P3826050 INFO pr:0.9737  rc:0.9320  auc:0.9821 ap:0.9765 f1: 0.9524 pred_right: 38620 pred_wrong:380 actu_right: 38603 actu_wrong: 397
2026-07-12 05:21:09,140 P3826050 INFO pr:0.9389  rc:0.9535  auc:0.9938 ap:0.9780 f1: 0.9462 pred_right: 16369 pred_wrong:131 actu_right: 16371 actu_wrong: 129
2026-07-12 05:21:09,141 P3826050 INFO ----------------------------------------------------------------------------------------------------
2026-07-12 05:21:09,141 P3826050 INFO 212/300 starting... lr: 0.0008100000000000001 para:0.01
2026-07-12 05:21:16,191 P3826050 INFO Epoch 212/300, all_loss:0.00024 cls_loss:0.00001 rec_loss:0.02268 [7.05s]; best loss:0.00018, patience : 10
2026-07-12 05:21:18,712 P3826050 INFO pr:0.9736  rc:0.9318  auc:0.9827 ap:0.9765 f1: 0.9523 pred_right: 38621 pred_wrong:379 actu_right: 38604 actu_wrong: 396
2026-07-12 05:21:19,746 P3826050 INFO pr:0.9389  rc:0.9535  auc:0.9938 ap:0.9781 f1: 0.9462 pred_right: 16369 pred_wrong:131 actu_right: 16371 actu_wrong: 129
2026-07-12 05:21:19,747 P3826050 INFO ----------------------------------------------------------------------------------------------------
2026-07-12 05:21:19,747 P3826050 INFO 213/300 starting... lr: 0.0008100000000000001 para:0.01
2026-07-12 05:21:27,000 P3826050 INFO Epoch 213/300, all_loss:0.00023 cls_loss:0.00001 rec_loss:0.02211 [7.25s]; best loss:0.00018, patience : 10
2026-07-12 05:21:28,940 P3826050 INFO pr:0.9736  rc:0.9318  auc:0.9827 ap:0.9766 f1: 0.9523 pred_right: 38621 pred_wrong:379 actu_right: 38604 actu_wrong: 396
2026-07-12 05:21:29,841 P3826050 INFO pr:0.9389  rc:0.9535  auc:0.9939 ap:0.9783 f1: 0.9462 pred_right: 16369 pred_wrong:131 actu_right: 16371 actu_wrong: 129
2026-07-12 05:21:29,841 P3826050 INFO ----------------------------------------------------------------------------------------------------
2026-07-12 05:21:29,842 P3826050 INFO 214/300 starting... lr: 0.0008100000000000001 para:0.01
2026-07-12 05:21:36,158 P3826050 INFO Epoch 214/300, all_loss:0.00023 cls_loss:0.00001 rec_loss:0.02164 [6.32s]; best loss:0.00018, patience : 10
2026-07-12 05:21:40,499 P3826050 INFO pr:0.9737  rc:0.9320  auc:0.9828 ap:0.9767 f1: 0.9524 pred_right: 38620 pred_wrong:380 actu_right: 38603 actu_wrong: 397
2026-07-12 05:21:42,241 P3826050 INFO pr:0.9389  rc:0.9535  auc:0.9939 ap:0.9784 f1: 0.9462 pred_right: 16369 pred_wrong:131 actu_right: 16371 actu_wrong: 129
2026-07-12 05:21:42,242 P3826050 INFO ----------------------------------------------------------------------------------------------------
2026-07-12 05:21:42,243 P3826050 INFO 215/300 starting... lr: 0.0008100000000000001 para:0.01
2026-07-12 05:21:53,073 P3826050 INFO Epoch 215/300, all_loss:0.00022 cls_loss:0.00001 rec_loss:0.02116 [10.83s]; best loss:0.00018, patience : 10
2026-07-12 05:21:55,672 P3826050 INFO pr:0.9711  rc:0.9320  auc:0.9834 ap:0.9768 f1: 0.9512 pred_right: 38619 pred_wrong:381 actu_right: 38603 actu_wrong: 397
2026-07-12 05:21:56,697 P3826050 INFO pr:0.9389  rc:0.9535  auc:0.9940 ap:0.9789 f1: 0.9462 pred_right: 16369 pred_wrong:131 actu_right: 16371 actu_wrong: 129
2026-07-12 05:21:56,697 P3826050 INFO ----------------------------------------------------------------------------------------------------
2026-07-12 05:21:56,698 P3826050 INFO 216/300 starting... lr: 0.0008100000000000001 para:0.01
2026-07-12 05:22:03,814 P3826050 INFO Epoch 216/300, all_loss:0.00022 cls_loss:0.00001 rec_loss:0.02073 [7.12s]; best loss:0.00018, patience : 10
2026-07-12 05:22:06,260 P3826050 INFO pr:0.9711  rc:0.9320  auc:0.9834 ap:0.9768 f1: 0.9512 pred_right: 38619 pred_wrong:381 actu_right: 38603 actu_wrong: 397
2026-07-12 05:22:07,270 P3826050 INFO pr:0.9389  rc:0.9535  auc:0.9940 ap:0.9792 f1: 0.9462 pred_right: 16369 pred_wrong:131 actu_right: 16371 actu_wrong: 129
2026-07-12 05:22:07,270 P3826050 INFO ----------------------------------------------------------------------------------------------------
2026-07-12 05:22:07,270 P3826050 INFO 217/300 starting... lr: 0.0008100000000000001 para:0.01
2026-07-12 05:22:14,508 P3826050 INFO Epoch 217/300, all_loss:0.00021 cls_loss:0.00001 rec_loss:0.02032 [7.24s]; best loss:0.00018, patience : 10
2026-07-12 05:22:17,006 P3826050 INFO pr:0.9711  rc:0.9320  auc:0.9834 ap:0.9769 f1: 0.9512 pred_right: 38619 pred_wrong:381 actu_right: 38603 actu_wrong: 397
2026-07-12 05:22:17,981 P3826050 INFO pr:0.9389  rc:0.9535  auc:0.9940 ap:0.9795 f1: 0.9462 pred_right: 16369 pred_wrong:131 actu_right: 16371 actu_wrong: 129
2026-07-12 05:22:17,981 P3826050 INFO ----------------------------------------------------------------------------------------------------
2026-07-12 05:22:17,981 P3826050 INFO 218/300 starting... lr: 0.0008100000000000001 para:0.01
2026-07-12 05:22:25,064 P3826050 INFO Epoch 218/300, all_loss:0.00021 cls_loss:0.00001 rec_loss:0.01991 [7.08s]; best loss:0.00018, patience : 10
2026-07-12 05:22:27,465 P3826050 INFO pr:0.9711  rc:0.9320  auc:0.9834 ap:0.9770 f1: 0.9512 pred_right: 38619 pred_wrong:381 actu_right: 38603 actu_wrong: 397
2026-07-12 05:22:28,670 P3826050 INFO pr:0.9389  rc:0.9535  auc:0.9940 ap:0.9797 f1: 0.9462 pred_right: 16369 pred_wrong:131 actu_right: 16371 actu_wrong: 129
2026-07-12 05:22:28,671 P3826050 INFO ----------------------------------------------------------------------------------------------------
2026-07-12 05:22:28,671 P3826050 INFO 219/300 starting... lr: 0.0008100000000000001 para:0.01
2026-07-12 05:22:35,814 P3826050 INFO Epoch 219/300, all_loss:0.00020 cls_loss:0.00001 rec_loss:0.01958 [7.14s]; best loss:0.00018, patience : 10
2026-07-12 05:22:38,442 P3826050 INFO pr:0.9711  rc:0.9320  auc:0.9834 ap:0.9770 f1: 0.9512 pred_right: 38619 pred_wrong:381 actu_right: 38603 actu_wrong: 397
2026-07-12 05:22:39,553 P3826050 INFO pr:0.9389  rc:0.9535  auc:0.9940 ap:0.9800 f1: 0.9462 pred_right: 16369 pred_wrong:131 actu_right: 16371 actu_wrong: 129
2026-07-12 05:22:39,554 P3826050 INFO ----------------------------------------------------------------------------------------------------
2026-07-12 05:22:39,554 P3826050 INFO 220/300 starting... lr: 0.0008100000000000001 para:0.01
2026-07-12 05:22:46,616 P3826050 INFO Epoch 220/300, all_loss:0.00020 cls_loss:0.00001 rec_loss:0.01923 [7.06s]; best loss:0.00018, patience : 10
2026-07-12 05:22:49,051 P3826050 INFO pr:0.9711  rc:0.9320  auc:0.9840 ap:0.9770 f1: 0.9512 pred_right: 38619 pred_wrong:381 actu_right: 38603 actu_wrong: 397
2026-07-12 05:22:50,173 P3826050 INFO pr:0.9389  rc:0.9535  auc:0.9940 ap:0.9802 f1: 0.9462 pred_right: 16369 pred_wrong:131 actu_right: 16371 actu_wrong: 129
2026-07-12 05:22:50,174 P3826050 INFO ----------------------------------------------------------------------------------------------------
2026-07-12 05:22:50,174 P3826050 INFO 221/300 starting... lr: 0.0008100000000000001 para:0.01
2026-07-12 05:22:58,209 P3826050 INFO Epoch 221/300, all_loss:0.00020 cls_loss:0.00001 rec_loss:0.01892 [8.03s]; best loss:0.00018, patience : 10
2026-07-12 05:23:00,139 P3826050 INFO pr:0.9711  rc:0.9318  auc:0.9840 ap:0.9770 f1: 0.9510 pred_right: 38620 pred_wrong:380 actu_right: 38604 actu_wrong: 396
2026-07-12 05:23:00,949 P3826050 INFO pr:0.9389  rc:0.9535  auc:0.9941 ap:0.9807 f1: 0.9462 pred_right: 16369 pred_wrong:131 actu_right: 16371 actu_wrong: 129
2026-07-12 05:23:00,950 P3826050 INFO ----------------------------------------------------------------------------------------------------
2026-07-12 05:23:00,950 P3826050 INFO 222/300 starting... lr: 0.0008100000000000001 para:0.01
2026-07-12 05:23:07,144 P3826050 INFO Epoch 222/300, all_loss:0.00019 cls_loss:0.00001 rec_loss:0.01858 [6.19s]; best loss:0.00018, patience : 10
2026-07-12 05:23:09,553 P3826050 INFO pr:0.9711  rc:0.9318  auc:0.9840 ap:0.9770 f1: 0.9510 pred_right: 38620 pred_wrong:380 actu_right: 38604 actu_wrong: 396
2026-07-12 05:23:11,650 P3826050 INFO pr:0.9389  rc:0.9535  auc:0.9941 ap:0.9808 f1: 0.9462 pred_right: 16369 pred_wrong:131 actu_right: 16371 actu_wrong: 129
2026-07-12 05:23:11,651 P3826050 INFO ----------------------------------------------------------------------------------------------------
2026-07-12 05:23:11,651 P3826050 INFO 223/300 starting... lr: 0.0008100000000000001 para:0.01
2026-07-12 05:23:25,039 P3826050 INFO Epoch 223/300, all_loss:0.00019 cls_loss:0.00001 rec_loss:0.01818 [13.39s]; best loss:0.00018, patience : 10
2026-07-12 05:23:27,883 P3826050 INFO pr:0.9711  rc:0.9320  auc:0.9841 ap:0.9772 f1: 0.9512 pred_right: 38619 pred_wrong:381 actu_right: 38603 actu_wrong: 397
2026-07-12 05:23:28,990 P3826050 INFO pr:0.9389  rc:0.9535  auc:0.9940 ap:0.9775 f1: 0.9462 pred_right: 16369 pred_wrong:131 actu_right: 16371 actu_wrong: 129
2026-07-12 05:23:28,991 P3826050 INFO ----------------------------------------------------------------------------------------------------
2026-07-12 05:23:28,991 P3826050 INFO 224/300 starting... lr: 0.0008100000000000001 para:0.01
2026-07-12 05:23:36,128 P3826050 INFO Epoch 224/300, all_loss:0.00019 cls_loss:0.00001 rec_loss:0.01795 [7.14s]; best loss:0.00018, patience : 10
2026-07-12 05:23:38,721 P3826050 INFO pr:0.9711  rc:0.9320  auc:0.9841 ap:0.9771 f1: 0.9512 pred_right: 38619 pred_wrong:381 actu_right: 38603 actu_wrong: 397
2026-07-12 05:23:39,877 P3826050 INFO pr:0.9389  rc:0.9535  auc:0.9941 ap:0.9812 f1: 0.9462 pred_right: 16369 pred_wrong:131 actu_right: 16371 actu_wrong: 129
2026-07-12 05:23:39,877 P3826050 INFO ----------------------------------------------------------------------------------------------------
2026-07-12 05:23:39,878 P3826050 INFO 225/300 starting... lr: 0.0008100000000000001 para:0.01
2026-07-12 05:23:46,949 P3826050 INFO Epoch 225/300, all_loss:0.00018 cls_loss:0.00001 rec_loss:0.01776 [7.07s]; best loss:0.00018, patience : 10
2026-07-12 05:23:49,394 P3826050 INFO pr:0.9711  rc:0.9320  auc:0.9841 ap:0.9772 f1: 0.9512 pred_right: 38619 pred_wrong:381 actu_right: 38603 actu_wrong: 397
2026-07-12 05:23:50,360 P3826050 INFO pr:0.9389  rc:0.9535  auc:0.9940 ap:0.9777 f1: 0.9462 pred_right: 16369 pred_wrong:131 actu_right: 16371 actu_wrong: 129
2026-07-12 05:23:50,361 P3826050 INFO ----------------------------------------------------------------------------------------------------
2026-07-12 05:23:50,361 P3826050 INFO 226/300 starting... lr: 0.0008100000000000001 para:0.01
2026-07-12 05:23:57,289 P3826050 INFO Epoch 226/300, all_loss:0.00018 cls_loss:0.00001 rec_loss:0.01748 [6.93s]; best loss:0.00018, patience : 10
2026-07-12 05:23:59,928 P3826050 INFO pr:0.9711  rc:0.9320  auc:0.9841 ap:0.9772 f1: 0.9512 pred_right: 38619 pred_wrong:381 actu_right: 38603 actu_wrong: 397
2026-07-12 05:24:01,070 P3826050 INFO pr:0.9389  rc:0.9535  auc:0.9940 ap:0.9776 f1: 0.9462 pred_right: 16369 pred_wrong:131 actu_right: 16371 actu_wrong: 129
2026-07-12 05:24:01,070 P3826050 INFO ----------------------------------------------------------------------------------------------------
2026-07-12 05:24:01,070 P3826050 INFO 227/300 starting... lr: 0.0008100000000000001 para:0.01
2026-07-12 05:24:08,139 P3826050 INFO Epoch 227/300, all_loss:0.00018 cls_loss:0.00001 rec_loss:0.01724 [7.06s]; best loss:0.00018, patience : 0
2026-07-12 05:24:10,798 P3826050 INFO pr:0.9737  rc:0.9320  auc:0.9841 ap:0.9772 f1: 0.9524 pred_right: 38620 pred_wrong:380 actu_right: 38603 actu_wrong: 397
2026-07-12 05:24:11,750 P3826050 INFO pr:0.9389  rc:0.9535  auc:0.9960 ap:0.9777 f1: 0.9462 pred_right: 16369 pred_wrong:131 actu_right: 16371 actu_wrong: 129
2026-07-12 05:24:11,750 P3826050 INFO ----------------------------------------------------------------------------------------------------
2026-07-12 05:24:11,750 P3826050 INFO 228/300 starting... lr: 0.0008100000000000001 para:0.01
2026-07-12 05:24:18,903 P3826050 INFO Epoch 228/300, all_loss:0.00017 cls_loss:0.00000 rec_loss:0.01701 [7.15s]; best loss:0.00017, patience : 0
2026-07-12 05:24:21,264 P3826050 INFO pr:0.9737  rc:0.9320  auc:0.9841 ap:0.9772 f1: 0.9524 pred_right: 38620 pred_wrong:380 actu_right: 38603 actu_wrong: 397
2026-07-12 05:24:22,415 P3826050 INFO pr:0.9389  rc:0.9535  auc:0.9960 ap:0.9775 f1: 0.9462 pred_right: 16369 pred_wrong:131 actu_right: 16371 actu_wrong: 129
2026-07-12 05:24:22,416 P3826050 INFO ----------------------------------------------------------------------------------------------------
2026-07-12 05:24:22,416 P3826050 INFO 229/300 starting... lr: 0.0008100000000000001 para:0.01
2026-07-12 05:24:30,250 P3826050 INFO Epoch 229/300, all_loss:0.00017 cls_loss:0.00000 rec_loss:0.01676 [7.83s]; best loss:0.00017, patience : 0
2026-07-12 05:24:32,135 P3826050 INFO pr:0.9737  rc:0.9320  auc:0.9841 ap:0.9772 f1: 0.9524 pred_right: 38620 pred_wrong:380 actu_right: 38603 actu_wrong: 397
2026-07-12 05:24:32,973 P3826050 INFO pr:0.9389  rc:0.9535  auc:0.9960 ap:0.9776 f1: 0.9462 pred_right: 16369 pred_wrong:131 actu_right: 16371 actu_wrong: 129
2026-07-12 05:24:32,973 P3826050 INFO ----------------------------------------------------------------------------------------------------
2026-07-12 05:24:32,973 P3826050 INFO 230/300 starting... lr: 0.0008100000000000001 para:0.01
2026-07-12 05:24:39,045 P3826050 INFO Epoch 230/300, all_loss:0.00017 cls_loss:0.00000 rec_loss:0.01655 [6.07s]; best loss:0.00017, patience : 0
2026-07-12 05:24:41,294 P3826050 INFO pr:0.9738  rc:0.9345  auc:0.9841 ap:0.9772 f1: 0.9537 pred_right: 38619 pred_wrong:381 actu_right: 38603 actu_wrong: 397
2026-07-12 05:24:43,595 P3826050 INFO pr:0.9389  rc:0.9535  auc:0.9960 ap:0.9777 f1: 0.9462 pred_right: 16369 pred_wrong:131 actu_right: 16371 actu_wrong: 129
2026-07-12 05:24:43,596 P3826050 INFO ----------------------------------------------------------------------------------------------------
2026-07-12 05:24:43,597 P3826050 INFO 231/300 starting... lr: 0.0008100000000000001 para:0.01
2026-07-12 05:24:57,192 P3826050 INFO Epoch 231/300, all_loss:0.00017 cls_loss:0.00000 rec_loss:0.01630 [13.59s]; best loss:0.00017, patience : 0
2026-07-12 05:25:00,032 P3826050 INFO pr:0.9736  rc:0.9318  auc:0.9840 ap:0.9772 f1: 0.9523 pred_right: 38621 pred_wrong:379 actu_right: 38604 actu_wrong: 396
2026-07-12 05:25:01,014 P3826050 INFO pr:0.9389  rc:0.9535  auc:0.9960 ap:0.9775 f1: 0.9462 pred_right: 16369 pred_wrong:131 actu_right: 16371 actu_wrong: 129
2026-07-12 05:25:01,015 P3826050 INFO ----------------------------------------------------------------------------------------------------
2026-07-12 05:25:01,015 P3826050 INFO 232/300 starting... lr: 0.0008100000000000001 para:0.01
2026-07-12 05:25:08,124 P3826050 INFO Epoch 232/300, all_loss:0.00016 cls_loss:0.00000 rec_loss:0.01606 [7.10s]; best loss:0.00016, patience : 0
2026-07-12 05:25:10,552 P3826050 INFO pr:0.9737  rc:0.9343  auc:0.9840 ap:0.9772 f1: 0.9536 pred_right: 38620 pred_wrong:380 actu_right: 38604 actu_wrong: 396
2026-07-12 05:25:11,605 P3826050 INFO pr:0.9389  rc:0.9535  auc:0.9960 ap:0.9776 f1: 0.9462 pred_right: 16369 pred_wrong:131 actu_right: 16371 actu_wrong: 129
2026-07-12 05:25:11,606 P3826050 INFO ----------------------------------------------------------------------------------------------------
2026-07-12 05:25:11,613 P3826050 INFO 233/300 starting... lr: 0.0008100000000000001 para:0.01
2026-07-12 05:25:18,812 P3826050 INFO Epoch 233/300, all_loss:0.00016 cls_loss:0.00000 rec_loss:0.01583 [7.19s]; best loss:0.00016, patience : 0
2026-07-12 05:25:21,154 P3826050 INFO pr:0.9735  rc:0.9316  auc:0.9840 ap:0.9770 f1: 0.9521 pred_right: 38622 pred_wrong:378 actu_right: 38605 actu_wrong: 395
2026-07-12 05:25:22,132 P3826050 INFO pr:0.9389  rc:0.9535  auc:0.9960 ap:0.9809 f1: 0.9462 pred_right: 16369 pred_wrong:131 actu_right: 16371 actu_wrong: 129
2026-07-12 05:25:22,133 P3826050 INFO ----------------------------------------------------------------------------------------------------
2026-07-12 05:25:22,133 P3826050 INFO 234/300 starting... lr: 0.0008100000000000001 para:0.01
2026-07-12 05:25:29,142 P3826050 INFO Epoch 234/300, all_loss:0.00016 cls_loss:0.00000 rec_loss:0.01561 [7.00s]; best loss:0.00016, patience : 0
2026-07-12 05:25:31,555 P3826050 INFO pr:0.9711  rc:0.9343  auc:0.9840 ap:0.9772 f1: 0.9524 pred_right: 38619 pred_wrong:381 actu_right: 38604 actu_wrong: 396
2026-07-12 05:25:32,594 P3826050 INFO pr:0.9398  rc:0.9690  auc:0.9960 ap:0.9777 f1: 0.9542 pred_right: 16367 pred_wrong:133 actu_right: 16371 actu_wrong: 129
2026-07-12 05:25:32,595 P3826050 INFO ----------------------------------------------------------------------------------------------------
2026-07-12 05:25:32,595 P3826050 INFO 235/300 starting... lr: 0.0008100000000000001 para:0.01
2026-07-12 05:25:39,351 P3826050 INFO Epoch 235/300, all_loss:0.00016 cls_loss:0.00000 rec_loss:0.01536 [6.75s]; best loss:0.00016, patience : 0
2026-07-12 05:25:41,658 P3826050 INFO pr:0.9738  rc:0.9345  auc:0.9841 ap:0.9772 f1: 0.9537 pred_right: 38619 pred_wrong:381 actu_right: 38603 actu_wrong: 397
2026-07-12 05:25:42,716 P3826050 INFO pr:0.9394  rc:0.9612  auc:0.9960 ap:0.9773 f1: 0.9502 pred_right: 16368 pred_wrong:132 actu_right: 16371 actu_wrong: 129
2026-07-12 05:25:42,717 P3826050 INFO ----------------------------------------------------------------------------------------------------
2026-07-12 05:25:42,717 P3826050 INFO 236/300 starting... lr: 0.0008100000000000001 para:0.01
2026-07-12 05:25:49,680 P3826050 INFO Epoch 236/300, all_loss:0.00016 cls_loss:0.00000 rec_loss:0.01512 [6.96s]; best loss:0.00016, patience : 0
2026-07-12 05:25:52,065 P3826050 INFO pr:0.9711  rc:0.9343  auc:0.9840 ap:0.9772 f1: 0.9524 pred_right: 38619 pred_wrong:381 actu_right: 38604 actu_wrong: 396
2026-07-12 05:25:53,074 P3826050 INFO pr:0.9394  rc:0.9612  auc:0.9960 ap:0.9776 f1: 0.9502 pred_right: 16368 pred_wrong:132 actu_right: 16371 actu_wrong: 129
2026-07-12 05:25:53,075 P3826050 INFO ----------------------------------------------------------------------------------------------------
2026-07-12 05:25:53,075 P3826050 INFO 237/300 starting... lr: 0.0008100000000000001 para:0.01
2026-07-12 05:26:01,173 P3826050 INFO Epoch 237/300, all_loss:0.00015 cls_loss:0.00000 rec_loss:0.01493 [8.09s]; best loss:0.00015, patience : 0
2026-07-12 05:26:03,156 P3826050 INFO pr:0.9737  rc:0.9343  auc:0.9840 ap:0.9772 f1: 0.9536 pred_right: 38620 pred_wrong:380 actu_right: 38604 actu_wrong: 396
2026-07-12 05:26:03,965 P3826050 INFO pr:0.9394  rc:0.9612  auc:0.9960 ap:0.9775 f1: 0.9502 pred_right: 16368 pred_wrong:132 actu_right: 16371 actu_wrong: 129
2026-07-12 05:26:03,966 P3826050 INFO ----------------------------------------------------------------------------------------------------
2026-07-12 05:26:03,966 P3826050 INFO 238/300 starting... lr: 0.0008100000000000001 para:0.01
2026-07-12 05:26:10,048 P3826050 INFO Epoch 238/300, all_loss:0.00015 cls_loss:0.00000 rec_loss:0.01468 [6.08s]; best loss:0.00015, patience : 0
2026-07-12 05:26:12,534 P3826050 INFO pr:0.9712  rc:0.9345  auc:0.9840 ap:0.9773 f1: 0.9525 pred_right: 38618 pred_wrong:382 actu_right: 38603 actu_wrong: 397
2026-07-12 05:26:13,694 P3826050 INFO pr:0.9398  rc:0.9690  auc:0.9960 ap:0.9778 f1: 0.9542 pred_right: 16367 pred_wrong:133 actu_right: 16371 actu_wrong: 129
2026-07-12 05:26:13,696 P3826050 INFO ----------------------------------------------------------------------------------------------------
2026-07-12 05:26:13,696 P3826050 INFO 239/300 starting... lr: 0.0008100000000000001 para:0.01
2026-07-12 05:26:28,290 P3826050 INFO Epoch 239/300, all_loss:0.00015 cls_loss:0.00000 rec_loss:0.01444 [14.59s]; best loss:0.00015, patience : 0
2026-07-12 05:26:31,000 P3826050 INFO pr:0.9711  rc:0.9343  auc:0.9840 ap:0.9772 f1: 0.9524 pred_right: 38619 pred_wrong:381 actu_right: 38604 actu_wrong: 396
2026-07-12 05:26:31,987 P3826050 INFO pr:0.9398  rc:0.9690  auc:0.9960 ap:0.9778 f1: 0.9542 pred_right: 16367 pred_wrong:133 actu_right: 16371 actu_wrong: 129
2026-07-12 05:26:31,987 P3826050 INFO ----------------------------------------------------------------------------------------------------
2026-07-12 05:26:31,988 P3826050 INFO 240/300 starting... lr: 0.0008100000000000001 para:0.01
2026-07-12 05:26:39,122 P3826050 INFO Epoch 240/300, all_loss:0.00015 cls_loss:0.00000 rec_loss:0.01424 [7.13s]; best loss:0.00015, patience : 0
2026-07-12 05:26:41,780 P3826050 INFO pr:0.9737  rc:0.9320  auc:0.9833 ap:0.9783 f1: 0.9524 pred_right: 38620 pred_wrong:380 actu_right: 38603 actu_wrong: 397
2026-07-12 05:26:42,968 P3826050 INFO pr:0.9389  rc:0.9535  auc:0.9940 ap:0.9798 f1: 0.9462 pred_right: 16369 pred_wrong:131 actu_right: 16371 actu_wrong: 129
2026-07-12 05:26:42,968 P3826050 INFO ----------------------------------------------------------------------------------------------------
2026-07-12 05:26:42,968 P3826050 INFO 241/300 starting... lr: 0.0008100000000000001 para:0.01
2026-07-12 05:26:50,011 P3826050 INFO Epoch 241/300, all_loss:0.00014 cls_loss:0.00000 rec_loss:0.01409 [7.04s]; best loss:0.00014, patience : 0
2026-07-12 05:26:52,490 P3826050 INFO pr:0.9737  rc:0.9320  auc:0.9834 ap:0.9783 f1: 0.9524 pred_right: 38620 pred_wrong:380 actu_right: 38603 actu_wrong: 397
2026-07-12 05:26:53,480 P3826050 INFO pr:0.9389  rc:0.9535  auc:0.9960 ap:0.9805 f1: 0.9462 pred_right: 16369 pred_wrong:131 actu_right: 16371 actu_wrong: 129
2026-07-12 05:26:53,480 P3826050 INFO ----------------------------------------------------------------------------------------------------
2026-07-12 05:26:53,480 P3826050 INFO 242/300 starting... lr: 0.0008100000000000001 para:0.01
2026-07-12 05:27:00,592 P3826050 INFO Epoch 242/300, all_loss:0.00014 cls_loss:0.00000 rec_loss:0.01378 [7.11s]; best loss:0.00014, patience : 0
2026-07-12 05:27:03,025 P3826050 INFO pr:0.9737  rc:0.9320  auc:0.9833 ap:0.9783 f1: 0.9524 pred_right: 38620 pred_wrong:380 actu_right: 38603 actu_wrong: 397
2026-07-12 05:27:04,085 P3826050 INFO pr:0.9389  rc:0.9535  auc:0.9960 ap:0.9807 f1: 0.9462 pred_right: 16369 pred_wrong:131 actu_right: 16371 actu_wrong: 129
2026-07-12 05:27:04,085 P3826050 INFO ----------------------------------------------------------------------------------------------------
2026-07-12 05:27:04,086 P3826050 INFO 243/300 starting... lr: 0.0008100000000000001 para:0.01
2026-07-12 05:27:11,252 P3826050 INFO Epoch 243/300, all_loss:0.00014 cls_loss:0.00000 rec_loss:0.01348 [7.16s]; best loss:0.00014, patience : 0
2026-07-12 05:27:13,821 P3826050 INFO pr:0.9763  rc:0.9320  auc:0.9840 ap:0.9783 f1: 0.9536 pred_right: 38621 pred_wrong:379 actu_right: 38603 actu_wrong: 397
2026-07-12 05:27:14,923 P3826050 INFO pr:0.9389  rc:0.9535  auc:0.9960 ap:0.9882 f1: 0.9462 pred_right: 16369 pred_wrong:131 actu_right: 16371 actu_wrong: 129
2026-07-12 05:27:14,923 P3826050 INFO ----------------------------------------------------------------------------------------------------
2026-07-12 05:27:14,923 P3826050 INFO 244/300 starting... lr: 0.0008100000000000001 para:0.01
2026-07-12 05:27:22,199 P3826050 INFO Epoch 244/300, all_loss:0.00014 cls_loss:0.00000 rec_loss:0.01331 [7.27s]; best loss:0.00014, patience : 0
2026-07-12 05:27:24,953 P3826050 INFO pr:0.9763  rc:0.9320  auc:0.9839 ap:0.9783 f1: 0.9536 pred_right: 38621 pred_wrong:379 actu_right: 38603 actu_wrong: 397
2026-07-12 05:27:26,183 P3826050 INFO pr:0.9394  rc:0.9612  auc:0.9960 ap:0.9813 f1: 0.9502 pred_right: 16368 pred_wrong:132 actu_right: 16371 actu_wrong: 129
2026-07-12 05:27:26,184 P3826050 INFO ----------------------------------------------------------------------------------------------------
2026-07-12 05:27:26,191 P3826050 INFO 245/300 starting... lr: 0.0008100000000000001 para:0.01
2026-07-12 05:27:34,063 P3826050 INFO Epoch 245/300, all_loss:0.00014 cls_loss:0.00000 rec_loss:0.01360 [7.87s]; best loss:0.00014, patience : 1
2026-07-12 05:27:35,986 P3826050 INFO pr:0.9763  rc:0.9343  auc:0.9842 ap:0.9791 f1: 0.9548 pred_right: 38621 pred_wrong:379 actu_right: 38604 actu_wrong: 396
2026-07-12 05:27:36,799 P3826050 INFO pr:0.9389  rc:0.9535  auc:0.9941 ap:0.9882 f1: 0.9462 pred_right: 16369 pred_wrong:131 actu_right: 16371 actu_wrong: 129
2026-07-12 05:27:36,800 P3826050 INFO ----------------------------------------------------------------------------------------------------
2026-07-12 05:27:36,800 P3826050 INFO 246/300 starting... lr: 0.0008100000000000001 para:0.01
2026-07-12 05:27:42,886 P3826050 INFO Epoch 246/300, all_loss:0.00013 cls_loss:0.00000 rec_loss:0.01313 [6.08s]; best loss:0.00013, patience : 0
2026-07-12 05:27:45,055 P3826050 INFO pr:0.9762  rc:0.9318  auc:0.9824 ap:0.9781 f1: 0.9535 pred_right: 38622 pred_wrong:378 actu_right: 38604 actu_wrong: 396
2026-07-12 05:27:46,647 P3826050 INFO pr:0.9394  rc:0.9612  auc:0.9941 ap:0.9851 f1: 0.9502 pred_right: 16368 pred_wrong:132 actu_right: 16371 actu_wrong: 129
2026-07-12 05:27:46,648 P3826050 INFO ----------------------------------------------------------------------------------------------------
2026-07-12 05:27:46,649 P3826050 INFO 247/300 starting... lr: 0.0008100000000000001 para:0.01
2026-07-12 05:28:00,969 P3826050 INFO Epoch 247/300, all_loss:0.00013 cls_loss:0.00000 rec_loss:0.01277 [14.31s]; best loss:0.00013, patience : 0
2026-07-12 05:28:03,571 P3826050 INFO pr:0.9763  rc:0.9320  auc:0.9826 ap:0.9779 f1: 0.9536 pred_right: 38621 pred_wrong:379 actu_right: 38603 actu_wrong: 397
2026-07-12 05:28:04,605 P3826050 INFO pr:0.9457  rc:0.9457  auc:0.9960 ap:0.9887 f1: 0.9457 pred_right: 16371 pred_wrong:129 actu_right: 16371 actu_wrong: 129
2026-07-12 05:28:04,606 P3826050 INFO ----------------------------------------------------------------------------------------------------
2026-07-12 05:28:04,606 P3826050 INFO 248/300 starting... lr: 0.0008100000000000001 para:0.01
2026-07-12 05:28:11,753 P3826050 INFO Epoch 248/300, all_loss:0.00020 cls_loss:0.00001 rec_loss:0.01981 [7.15s]; best loss:0.00013, patience : 1
2026-07-12 05:28:14,492 P3826050 INFO pr:0.9764  rc:0.9370  auc:0.9843 ap:0.9762 f1: 0.9563 pred_right: 38619 pred_wrong:381 actu_right: 38603 actu_wrong: 397
2026-07-12 05:28:15,650 P3826050 INFO pr:0.9542  rc:0.9690  auc:0.9980 ap:0.9830 f1: 0.9615 pred_right: 16369 pred_wrong:131 actu_right: 16371 actu_wrong: 129
2026-07-12 05:28:15,650 P3826050 INFO ----------------------------------------------------------------------------------------------------
2026-07-12 05:28:15,650 P3826050 INFO 249/300 starting... lr: 0.0008100000000000001 para:0.01
2026-07-12 05:28:22,573 P3826050 INFO Epoch 249/300, all_loss:0.36501 cls_loss:0.36841 rec_loss:0.02861 [6.92s]; best loss:0.00013, patience : 2
2026-07-12 05:28:25,026 P3826050 INFO pr:0.9810  rc:0.9093  auc:0.9770 ap:0.9751 f1: 0.9438 pred_right: 38632 pred_wrong:368 actu_right: 38603 actu_wrong: 397
2026-07-12 05:28:26,122 P3826050 INFO pr:0.9685  rc:0.9535  auc:0.9999 ap:0.9896 f1: 0.9609 pred_right: 16373 pred_wrong:127 actu_right: 16371 actu_wrong: 129
2026-07-12 05:28:26,123 P3826050 INFO ----------------------------------------------------------------------------------------------------
2026-07-12 05:28:26,123 P3826050 INFO 250/300 starting... lr: 0.0008100000000000001 para:0.01
2026-07-12 05:28:33,349 P3826050 INFO Epoch 250/300, all_loss:0.10932 cls_loss:0.11007 rec_loss:0.03471 [7.23s]; best loss:0.00013, patience : 2
2026-07-12 05:28:35,868 P3826050 INFO pr:0.9787  rc:0.9244  auc:0.9751 ap:0.9718 f1: 0.9508 pred_right: 38625 pred_wrong:375 actu_right: 38603 actu_wrong: 397
2026-07-12 05:28:36,967 P3826050 INFO pr:0.9609  rc:0.9535  auc:0.9979 ap:0.9847 f1: 0.9572 pred_right: 16372 pred_wrong:128 actu_right: 16371 actu_wrong: 129
2026-07-12 05:28:36,967 P3826050 INFO ----------------------------------------------------------------------------------------------------
2026-07-12 05:28:36,967 P3826050 INFO 251/300 starting... lr: 0.0008100000000000001 para:0.01
2026-07-12 05:28:43,954 P3826050 INFO Epoch 251/300, all_loss:0.03469 cls_loss:0.03471 rec_loss:0.03263 [6.99s]; best loss:0.00013, patience : 2
2026-07-12 05:28:46,695 P3826050 INFO pr:0.9754  rc:0.8992  auc:0.9732 ap:0.9683 f1: 0.9358 pred_right: 38634 pred_wrong:366 actu_right: 38603 actu_wrong: 397
2026-07-12 05:28:47,748 P3826050 INFO pr:0.9758  rc:0.9380  auc:0.9843 ap:0.9731 f1: 0.9565 pred_right: 16376 pred_wrong:124 actu_right: 16371 actu_wrong: 129
2026-07-12 05:28:47,749 P3826050 INFO ----------------------------------------------------------------------------------------------------
2026-07-12 05:28:47,749 P3826050 INFO 252/300 starting... lr: 0.0008100000000000001 para:0.01
2026-07-12 05:28:54,840 P3826050 INFO Epoch 252/300, all_loss:0.06911 cls_loss:0.06934 rec_loss:0.04563 [7.09s]; best loss:0.00013, patience : 3
2026-07-12 05:28:57,531 P3826050 INFO pr:0.9758  rc:0.9144  auc:0.9743 ap:0.9696 f1: 0.9441 pred_right: 38628 pred_wrong:372 actu_right: 38603 actu_wrong: 397
2026-07-12 05:28:58,581 P3826050 INFO pr:0.9675  rc:0.9225  auc:0.9881 ap:0.9766 f1: 0.9444 pred_right: 16377 pred_wrong:123 actu_right: 16371 actu_wrong: 129
2026-07-12 05:28:58,582 P3826050 INFO ----------------------------------------------------------------------------------------------------
2026-07-12 05:28:58,582 P3826050 INFO 253/300 starting... lr: 0.0008100000000000001 para:0.01
2026-07-12 05:29:06,244 P3826050 INFO Epoch 253/300, all_loss:0.00651 cls_loss:0.00624 rec_loss:0.03354 [7.66s]; best loss:0.00013, patience : 3
2026-07-12 05:29:08,079 P3826050 INFO pr:0.9782  rc:0.9043  auc:0.9697 ap:0.9661 f1: 0.9398 pred_right: 38633 pred_wrong:367 actu_right: 38603 actu_wrong: 397
2026-07-12 05:29:08,868 P3826050 INFO pr:0.9675  rc:0.9225  auc:0.9841 ap:0.9763 f1: 0.9444 pred_right: 16377 pred_wrong:123 actu_right: 16371 actu_wrong: 129
2026-07-12 05:29:08,869 P3826050 INFO ----------------------------------------------------------------------------------------------------
2026-07-12 05:29:08,869 P3826050 INFO 254/300 starting... lr: 0.0008100000000000001 para:0.01
2026-07-12 05:29:15,150 P3826050 INFO Epoch 254/300, all_loss:0.00211 cls_loss:0.00180 rec_loss:0.03289 [6.28s]; best loss:0.00013, patience : 3
2026-07-12 05:29:17,293 P3826050 INFO pr:0.9737  rc:0.9343  auc:0.9784 ap:0.9740 f1: 0.9536 pred_right: 38620 pred_wrong:380 actu_right: 38604 actu_wrong: 396
2026-07-12 05:29:19,360 P3826050 INFO pr:0.9466  rc:0.9612  auc:0.9921 ap:0.9810 f1: 0.9538 pred_right: 16369 pred_wrong:131 actu_right: 16371 actu_wrong: 129
2026-07-12 05:29:19,372 P3826050 INFO ----------------------------------------------------------------------------------------------------
2026-07-12 05:29:19,373 P3826050 INFO 255/300 starting... lr: 0.0008100000000000001 para:0.01
2026-07-12 05:29:32,267 P3826050 INFO Epoch 255/300, all_loss:0.00046 cls_loss:0.00013 rec_loss:0.03308 [12.89s]; best loss:0.00013, patience : 3
2026-07-12 05:29:34,933 P3826050 INFO pr:0.9737  rc:0.9343  auc:0.9785 ap:0.9730 f1: 0.9536 pred_right: 38620 pred_wrong:380 actu_right: 38604 actu_wrong: 396
2026-07-12 05:29:36,092 P3826050 INFO pr:0.9466  rc:0.9612  auc:0.9922 ap:0.9812 f1: 0.9538 pred_right: 16369 pred_wrong:131 actu_right: 16371 actu_wrong: 129
2026-07-12 05:29:36,092 P3826050 INFO ----------------------------------------------------------------------------------------------------
2026-07-12 05:29:36,093 P3826050 INFO 256/300 starting... lr: 0.0008100000000000001 para:0.01
2026-07-12 05:29:43,225 P3826050 INFO Epoch 256/300, all_loss:0.00042 cls_loss:0.00010 rec_loss:0.03219 [7.13s]; best loss:0.00013, patience : 3
2026-07-12 05:29:45,711 P3826050 INFO pr:0.9738  rc:0.9345  auc:0.9792 ap:0.9733 f1: 0.9537 pred_right: 38619 pred_wrong:381 actu_right: 38603 actu_wrong: 397
2026-07-12 05:29:46,820 P3826050 INFO pr:0.9466  rc:0.9612  auc:0.9924 ap:0.9814 f1: 0.9538 pred_right: 16369 pred_wrong:131 actu_right: 16371 actu_wrong: 129
2026-07-12 05:29:46,820 P3826050 INFO ----------------------------------------------------------------------------------------------------
2026-07-12 05:29:46,820 P3826050 INFO 257/300 starting... lr: 0.0008100000000000001 para:0.01
2026-07-12 05:29:53,789 P3826050 INFO Epoch 257/300, all_loss:0.00039 cls_loss:0.00008 rec_loss:0.03141 [6.97s]; best loss:0.00013, patience : 3
2026-07-12 05:29:56,220 P3826050 INFO pr:0.9738  rc:0.9345  auc:0.9793 ap:0.9735 f1: 0.9537 pred_right: 38619 pred_wrong:381 actu_right: 38603 actu_wrong: 397
2026-07-12 05:29:57,239 P3826050 INFO pr:0.9466  rc:0.9612  auc:0.9925 ap:0.9814 f1: 0.9538 pred_right: 16369 pred_wrong:131 actu_right: 16371 actu_wrong: 129
2026-07-12 05:29:57,239 P3826050 INFO ----------------------------------------------------------------------------------------------------
2026-07-12 05:29:57,246 P3826050 INFO 258/300 starting... lr: 0.0008100000000000001 para:0.01
2026-07-12 05:30:04,128 P3826050 INFO Epoch 258/300, all_loss:0.00037 cls_loss:0.00006 rec_loss:0.03068 [6.88s]; best loss:0.00013, patience : 3
2026-07-12 05:30:06,625 P3826050 INFO pr:0.9738  rc:0.9370  auc:0.9793 ap:0.9737 f1: 0.9551 pred_right: 38618 pred_wrong:382 actu_right: 38603 actu_wrong: 397
2026-07-12 05:30:07,637 P3826050 INFO pr:0.9466  rc:0.9612  auc:0.9926 ap:0.9815 f1: 0.9538 pred_right: 16369 pred_wrong:131 actu_right: 16371 actu_wrong: 129
2026-07-12 05:30:07,637 P3826050 INFO ----------------------------------------------------------------------------------------------------
2026-07-12 05:30:07,644 P3826050 INFO 259/300 starting... lr: 0.0008100000000000001 para:0.01
2026-07-12 05:30:14,627 P3826050 INFO Epoch 259/300, all_loss:0.00035 cls_loss:0.00005 rec_loss:0.02995 [6.98s]; best loss:0.00013, patience : 3
2026-07-12 05:30:17,154 P3826050 INFO pr:0.9738  rc:0.9370  auc:0.9793 ap:0.9738 f1: 0.9551 pred_right: 38618 pred_wrong:382 actu_right: 38603 actu_wrong: 397
2026-07-12 05:30:18,140 P3826050 INFO pr:0.9470  rc:0.9690  auc:0.9940 ap:0.9816 f1: 0.9579 pred_right: 16368 pred_wrong:132 actu_right: 16371 actu_wrong: 129
2026-07-12 05:30:18,140 P3826050 INFO ----------------------------------------------------------------------------------------------------
2026-07-12 05:30:18,141 P3826050 INFO 260/300 starting... lr: 0.0008100000000000001 para:0.01
2026-07-12 05:30:25,109 P3826050 INFO Epoch 260/300, all_loss:0.00033 cls_loss:0.00004 rec_loss:0.02926 [6.97s]; best loss:0.00013, patience : 3
2026-07-12 05:30:27,599 P3826050 INFO pr:0.9738  rc:0.9370  auc:0.9793 ap:0.9740 f1: 0.9551 pred_right: 38618 pred_wrong:382 actu_right: 38603 actu_wrong: 397
2026-07-12 05:30:28,661 P3826050 INFO pr:0.9470  rc:0.9690  auc:0.9958 ap:0.9821 f1: 0.9579 pred_right: 16368 pred_wrong:132 actu_right: 16371 actu_wrong: 129
2026-07-12 05:30:28,662 P3826050 INFO ----------------------------------------------------------------------------------------------------
2026-07-12 05:30:28,662 P3826050 INFO 261/300 starting... lr: 0.0008100000000000001 para:0.01
2026-07-12 05:30:37,015 P3826050 INFO Epoch 261/300, all_loss:0.00032 cls_loss:0.00004 rec_loss:0.02860 [8.35s]; best loss:0.00013, patience : 3
2026-07-12 05:30:38,844 P3826050 INFO pr:0.9738  rc:0.9369  auc:0.9793 ap:0.9740 f1: 0.9550 pred_right: 38619 pred_wrong:381 actu_right: 38604 actu_wrong: 396
2026-07-12 05:30:39,610 P3826050 INFO pr:0.9470  rc:0.9690  auc:0.9959 ap:0.9826 f1: 0.9579 pred_right: 16368 pred_wrong:132 actu_right: 16371 actu_wrong: 129
2026-07-12 05:30:39,611 P3826050 INFO ----------------------------------------------------------------------------------------------------
2026-07-12 05:30:39,611 P3826050 INFO 262/300 starting... lr: 0.0008100000000000001 para:0.01
2026-07-12 05:30:45,525 P3826050 INFO Epoch 262/300, all_loss:0.00031 cls_loss:0.00003 rec_loss:0.02800 [5.91s]; best loss:0.00013, patience : 3
2026-07-12 05:30:47,770 P3826050 INFO pr:0.9738  rc:0.9369  auc:0.9792 ap:0.9742 f1: 0.9550 pred_right: 38619 pred_wrong:381 actu_right: 38604 actu_wrong: 396
2026-07-12 05:30:48,641 P3826050 INFO pr:0.9470  rc:0.9690  auc:0.9959 ap:0.9831 f1: 0.9579 pred_right: 16368 pred_wrong:132 actu_right: 16371 actu_wrong: 129
2026-07-12 05:30:48,641 P3826050 INFO ----------------------------------------------------------------------------------------------------
2026-07-12 05:30:48,642 P3826050 INFO 263/300 starting... lr: 0.0008100000000000001 para:0.01
2026-07-12 05:31:02,644 P3826050 INFO Epoch 263/300, all_loss:0.00030 cls_loss:0.00003 rec_loss:0.02745 [14.00s]; best loss:0.00013, patience : 3
2026-07-12 05:31:05,340 P3826050 INFO pr:0.9738  rc:0.9370  auc:0.9793 ap:0.9744 f1: 0.9551 pred_right: 38618 pred_wrong:382 actu_right: 38603 actu_wrong: 397
2026-07-12 05:31:06,410 P3826050 INFO pr:0.9470  rc:0.9690  auc:0.9960 ap:0.9836 f1: 0.9579 pred_right: 16368 pred_wrong:132 actu_right: 16371 actu_wrong: 129
2026-07-12 05:31:06,410 P3826050 INFO ----------------------------------------------------------------------------------------------------
2026-07-12 05:31:06,417 P3826050 INFO 264/300 starting... lr: 0.0008100000000000001 para:0.01
2026-07-12 05:31:13,559 P3826050 INFO Epoch 264/300, all_loss:0.00030 cls_loss:0.00003 rec_loss:0.02686 [7.14s]; best loss:0.00013, patience : 3
2026-07-12 05:31:15,906 P3826050 INFO pr:0.9738  rc:0.9370  auc:0.9792 ap:0.9745 f1: 0.9551 pred_right: 38618 pred_wrong:382 actu_right: 38603 actu_wrong: 397
2026-07-12 05:31:16,885 P3826050 INFO pr:0.9470  rc:0.9690  auc:0.9960 ap:0.9842 f1: 0.9579 pred_right: 16368 pred_wrong:132 actu_right: 16371 actu_wrong: 129
2026-07-12 05:31:16,885 P3826050 INFO ----------------------------------------------------------------------------------------------------
2026-07-12 05:31:16,892 P3826050 INFO 265/300 starting... lr: 0.0008100000000000001 para:0.01
2026-07-12 05:31:23,838 P3826050 INFO Epoch 265/300, all_loss:0.00029 cls_loss:0.00003 rec_loss:0.02627 [6.94s]; best loss:0.00013, patience : 3
2026-07-12 05:31:26,489 P3826050 INFO pr:0.9738  rc:0.9370  auc:0.9792 ap:0.9746 f1: 0.9551 pred_right: 38618 pred_wrong:382 actu_right: 38603 actu_wrong: 397
2026-07-12 05:31:27,613 P3826050 INFO pr:0.9470  rc:0.9690  auc:0.9960 ap:0.9847 f1: 0.9579 pred_right: 16368 pred_wrong:132 actu_right: 16371 actu_wrong: 129
2026-07-12 05:31:27,613 P3826050 INFO ----------------------------------------------------------------------------------------------------
2026-07-12 05:31:27,614 P3826050 INFO 266/300 starting... lr: 0.0008100000000000001 para:0.01
2026-07-12 05:31:34,799 P3826050 INFO Epoch 266/300, all_loss:0.00028 cls_loss:0.00002 rec_loss:0.02561 [7.19s]; best loss:0.00013, patience : 3
2026-07-12 05:31:37,435 P3826050 INFO pr:0.9738  rc:0.9369  auc:0.9792 ap:0.9746 f1: 0.9550 pred_right: 38619 pred_wrong:381 actu_right: 38604 actu_wrong: 396
2026-07-12 05:31:38,617 P3826050 INFO pr:0.9470  rc:0.9690  auc:0.9960 ap:0.9851 f1: 0.9579 pred_right: 16368 pred_wrong:132 actu_right: 16371 actu_wrong: 129
2026-07-12 05:31:38,617 P3826050 INFO ----------------------------------------------------------------------------------------------------
2026-07-12 05:31:38,618 P3826050 INFO 267/300 starting... lr: 0.0008100000000000001 para:0.01
2026-07-12 05:31:45,598 P3826050 INFO Epoch 267/300, all_loss:0.00027 cls_loss:0.00002 rec_loss:0.02500 [6.98s]; best loss:0.00013, patience : 3
2026-07-12 05:31:48,034 P3826050 INFO pr:0.9712  rc:0.9369  auc:0.9791 ap:0.9747 f1: 0.9537 pred_right: 38618 pred_wrong:382 actu_right: 38604 actu_wrong: 396
2026-07-12 05:31:49,063 P3826050 INFO pr:0.9470  rc:0.9690  auc:0.9960 ap:0.9854 f1: 0.9579 pred_right: 16368 pred_wrong:132 actu_right: 16371 actu_wrong: 129
2026-07-12 05:31:49,064 P3826050 INFO ----------------------------------------------------------------------------------------------------
2026-07-12 05:31:49,064 P3826050 INFO 268/300 starting... lr: 0.0008100000000000001 para:0.01
2026-07-12 05:31:56,029 P3826050 INFO Epoch 268/300, all_loss:0.00027 cls_loss:0.00002 rec_loss:0.02435 [6.96s]; best loss:0.00013, patience : 3
2026-07-12 05:31:58,673 P3826050 INFO pr:0.9738  rc:0.9370  auc:0.9792 ap:0.9749 f1: 0.9551 pred_right: 38618 pred_wrong:382 actu_right: 38603 actu_wrong: 397
2026-07-12 05:31:59,828 P3826050 INFO pr:0.9470  rc:0.9690  auc:0.9979 ap:0.9858 f1: 0.9579 pred_right: 16368 pred_wrong:132 actu_right: 16371 actu_wrong: 129
2026-07-12 05:31:59,829 P3826050 INFO ----------------------------------------------------------------------------------------------------
2026-07-12 05:31:59,829 P3826050 INFO 269/300 starting... lr: 0.0008100000000000001 para:0.01
2026-07-12 05:32:07,833 P3826050 INFO Epoch 269/300, all_loss:0.00026 cls_loss:0.00002 rec_loss:0.02383 [8.00s]; best loss:0.00013, patience : 3
2026-07-12 05:32:09,690 P3826050 INFO pr:0.9738  rc:0.9370  auc:0.9792 ap:0.9750 f1: 0.9551 pred_right: 38618 pred_wrong:382 actu_right: 38603 actu_wrong: 397
2026-07-12 05:32:10,475 P3826050 INFO pr:0.9470  rc:0.9690  auc:0.9979 ap:0.9859 f1: 0.9579 pred_right: 16368 pred_wrong:132 actu_right: 16371 actu_wrong: 129
2026-07-12 05:32:10,475 P3826050 INFO ----------------------------------------------------------------------------------------------------
2026-07-12 05:32:10,475 P3826050 INFO 270/300 starting... lr: 0.0008100000000000001 para:0.01
2026-07-12 05:32:16,580 P3826050 INFO Epoch 270/300, all_loss:0.00025 cls_loss:0.00002 rec_loss:0.02330 [6.10s]; best loss:0.00013, patience : 3
2026-07-12 05:32:18,990 P3826050 INFO pr:0.9738  rc:0.9370  auc:0.9798 ap:0.9751 f1: 0.9551 pred_right: 38618 pred_wrong:382 actu_right: 38603 actu_wrong: 397
2026-07-12 05:32:20,692 P3826050 INFO pr:0.9470  rc:0.9690  auc:0.9979 ap:0.9861 f1: 0.9579 pred_right: 16368 pred_wrong:132 actu_right: 16371 actu_wrong: 129
2026-07-12 05:32:20,693 P3826050 INFO ----------------------------------------------------------------------------------------------------
2026-07-12 05:32:20,693 P3826050 INFO 271/300 starting... lr: 0.0008100000000000001 para:0.01
2026-07-12 05:32:34,650 P3826050 INFO Epoch 271/300, all_loss:0.00024 cls_loss:0.00002 rec_loss:0.02263 [13.96s]; best loss:0.00013, patience : 3
2026-07-12 05:32:37,427 P3826050 INFO pr:0.9738  rc:0.9370  auc:0.9798 ap:0.9752 f1: 0.9551 pred_right: 38618 pred_wrong:382 actu_right: 38603 actu_wrong: 397
2026-07-12 05:32:38,572 P3826050 INFO pr:0.9470  rc:0.9690  auc:0.9980 ap:0.9862 f1: 0.9579 pred_right: 16368 pred_wrong:132 actu_right: 16371 actu_wrong: 129
2026-07-12 05:32:38,573 P3826050 INFO ----------------------------------------------------------------------------------------------------
2026-07-12 05:32:38,573 P3826050 INFO 272/300 starting... lr: 0.0008100000000000001 para:0.01
2026-07-12 05:32:45,692 P3826050 INFO Epoch 272/300, all_loss:0.00024 cls_loss:0.00002 rec_loss:0.02209 [7.12s]; best loss:0.00013, patience : 3
2026-07-12 05:32:48,267 P3826050 INFO pr:0.9738  rc:0.9370  auc:0.9799 ap:0.9753 f1: 0.9551 pred_right: 38618 pred_wrong:382 actu_right: 38603 actu_wrong: 397
2026-07-12 05:32:49,478 P3826050 INFO pr:0.9470  rc:0.9690  auc:0.9979 ap:0.9862 f1: 0.9579 pred_right: 16368 pred_wrong:132 actu_right: 16371 actu_wrong: 129
2026-07-12 05:32:49,479 P3826050 INFO ----------------------------------------------------------------------------------------------------
2026-07-12 05:32:49,479 P3826050 INFO 273/300 starting... lr: 0.0008100000000000001 para:0.01
2026-07-12 05:32:56,498 P3826050 INFO Epoch 273/300, all_loss:0.00023 cls_loss:0.00002 rec_loss:0.02151 [7.02s]; best loss:0.00013, patience : 3
2026-07-12 05:32:58,931 P3826050 INFO pr:0.9713  rc:0.9370  auc:0.9799 ap:0.9754 f1: 0.9538 pred_right: 38617 pred_wrong:383 actu_right: 38603 actu_wrong: 397
2026-07-12 05:33:00,076 P3826050 INFO pr:0.9470  rc:0.9690  auc:0.9979 ap:0.9863 f1: 0.9579 pred_right: 16368 pred_wrong:132 actu_right: 16371 actu_wrong: 129
2026-07-12 05:33:00,077 P3826050 INFO ----------------------------------------------------------------------------------------------------
2026-07-12 05:33:00,077 P3826050 INFO 274/300 starting... lr: 0.0008100000000000001 para:0.01
2026-07-12 05:33:06,971 P3826050 INFO Epoch 274/300, all_loss:0.00022 cls_loss:0.00001 rec_loss:0.02064 [6.89s]; best loss:0.00013, patience : 3
2026-07-12 05:33:09,312 P3826050 INFO pr:0.9713  rc:0.9370  auc:0.9799 ap:0.9755 f1: 0.9538 pred_right: 38617 pred_wrong:383 actu_right: 38603 actu_wrong: 397
2026-07-12 05:33:10,383 P3826050 INFO pr:0.9474  rc:0.9767  auc:0.9979 ap:0.9863 f1: 0.9618 pred_right: 16367 pred_wrong:133 actu_right: 16371 actu_wrong: 129
2026-07-12 05:33:10,383 P3826050 INFO ----------------------------------------------------------------------------------------------------
2026-07-12 05:33:10,383 P3826050 INFO 275/300 starting... lr: 0.0008100000000000001 para:0.01
2026-07-12 05:33:17,622 P3826050 INFO Epoch 275/300, all_loss:0.00022 cls_loss:0.00001 rec_loss:0.02041 [7.24s]; best loss:0.00013, patience : 3
2026-07-12 05:33:20,301 P3826050 INFO pr:0.9738  rc:0.9370  auc:0.9800 ap:0.9755 f1: 0.9551 pred_right: 38618 pred_wrong:382 actu_right: 38603 actu_wrong: 397
2026-07-12 05:33:21,501 P3826050 INFO pr:0.9474  rc:0.9767  auc:0.9979 ap:0.9864 f1: 0.9618 pred_right: 16367 pred_wrong:133 actu_right: 16371 actu_wrong: 129
2026-07-12 05:33:21,502 P3826050 INFO ----------------------------------------------------------------------------------------------------
2026-07-12 05:33:21,502 P3826050 INFO 276/300 starting... lr: 0.0008100000000000001 para:0.01
2026-07-12 05:33:28,467 P3826050 INFO Epoch 276/300, all_loss:0.00021 cls_loss:0.00001 rec_loss:0.01985 [6.96s]; best loss:0.00013, patience : 3
2026-07-12 05:33:31,150 P3826050 INFO pr:0.9738  rc:0.9369  auc:0.9800 ap:0.9755 f1: 0.9550 pred_right: 38619 pred_wrong:381 actu_right: 38604 actu_wrong: 396
2026-07-12 05:33:32,282 P3826050 INFO pr:0.9474  rc:0.9767  auc:0.9979 ap:0.9865 f1: 0.9618 pred_right: 16367 pred_wrong:133 actu_right: 16371 actu_wrong: 129
2026-07-12 05:33:32,282 P3826050 INFO ----------------------------------------------------------------------------------------------------
2026-07-12 05:33:32,282 P3826050 INFO 277/300 starting... lr: 0.0008100000000000001 para:0.01
2026-07-12 05:33:40,880 P3826050 INFO Epoch 277/300, all_loss:0.00020 cls_loss:0.00001 rec_loss:0.01927 [8.60s]; best loss:0.00013, patience : 3
2026-07-12 05:33:42,859 P3826050 INFO pr:0.9738  rc:0.9370  auc:0.9802 ap:0.9756 f1: 0.9551 pred_right: 38618 pred_wrong:382 actu_right: 38603 actu_wrong: 397
2026-07-12 05:33:43,676 P3826050 INFO pr:0.9474  rc:0.9767  auc:0.9979 ap:0.9866 f1: 0.9618 pred_right: 16367 pred_wrong:133 actu_right: 16371 actu_wrong: 129
2026-07-12 05:33:43,677 P3826050 INFO ----------------------------------------------------------------------------------------------------
2026-07-12 05:33:43,677 P3826050 INFO 278/300 starting... lr: 0.0008100000000000001 para:0.01
2026-07-12 05:33:49,808 P3826050 INFO Epoch 278/300, all_loss:0.00020 cls_loss:0.00001 rec_loss:0.01872 [6.13s]; best loss:0.00013, patience : 3
2026-07-12 05:33:51,950 P3826050 INFO pr:0.9738  rc:0.9394  auc:0.9803 ap:0.9756 f1: 0.9563 pred_right: 38618 pred_wrong:382 actu_right: 38604 actu_wrong: 396
2026-07-12 05:33:53,362 P3826050 INFO pr:0.9474  rc:0.9767  auc:0.9979 ap:0.9867 f1: 0.9618 pred_right: 16367 pred_wrong:133 actu_right: 16371 actu_wrong: 129
2026-07-12 05:33:53,363 P3826050 INFO ----------------------------------------------------------------------------------------------------
2026-07-12 05:33:53,363 P3826050 INFO 279/300 starting... lr: 0.0008100000000000001 para:0.01
2026-07-12 05:34:07,439 P3826050 INFO Epoch 279/300, all_loss:0.00019 cls_loss:0.00001 rec_loss:0.01819 [14.08s]; best loss:0.00013, patience : 3
2026-07-12 05:34:10,030 P3826050 INFO pr:0.9738  rc:0.9370  auc:0.9806 ap:0.9757 f1: 0.9551 pred_right: 38618 pred_wrong:382 actu_right: 38603 actu_wrong: 397
2026-07-12 05:34:11,191 P3826050 INFO pr:0.9474  rc:0.9767  auc:0.9980 ap:0.9868 f1: 0.9618 pred_right: 16367 pred_wrong:133 actu_right: 16371 actu_wrong: 129
2026-07-12 05:34:11,191 P3826050 INFO ----------------------------------------------------------------------------------------------------
2026-07-12 05:34:11,192 P3826050 INFO 280/300 starting... lr: 0.0008100000000000001 para:0.01
2026-07-12 05:34:18,396 P3826050 INFO Epoch 280/300, all_loss:0.00019 cls_loss:0.00001 rec_loss:0.01766 [7.20s]; best loss:0.00013, patience : 3
2026-07-12 05:34:20,748 P3826050 INFO pr:0.9738  rc:0.9370  auc:0.9816 ap:0.9758 f1: 0.9551 pred_right: 38618 pred_wrong:382 actu_right: 38603 actu_wrong: 397
2026-07-12 05:34:21,860 P3826050 INFO pr:0.9474  rc:0.9767  auc:0.9980 ap:0.9870 f1: 0.9618 pred_right: 16367 pred_wrong:133 actu_right: 16371 actu_wrong: 129
2026-07-12 05:34:21,860 P3826050 INFO ----------------------------------------------------------------------------------------------------
2026-07-12 05:34:21,860 P3826050 INFO 281/300 starting... lr: 0.0008100000000000001 para:0.01
2026-07-12 05:34:28,726 P3826050 INFO Epoch 281/300, all_loss:0.00018 cls_loss:0.00001 rec_loss:0.01716 [6.86s]; best loss:0.00013, patience : 3
2026-07-12 05:34:31,193 P3826050 INFO pr:0.9738  rc:0.9370  auc:0.9817 ap:0.9759 f1: 0.9551 pred_right: 38618 pred_wrong:382 actu_right: 38603 actu_wrong: 397
2026-07-12 05:34:32,270 P3826050 INFO pr:0.9474  rc:0.9767  auc:0.9980 ap:0.9870 f1: 0.9618 pred_right: 16367 pred_wrong:133 actu_right: 16371 actu_wrong: 129
2026-07-12 05:34:32,270 P3826050 INFO ----------------------------------------------------------------------------------------------------
2026-07-12 05:34:32,271 P3826050 INFO 282/300 starting... lr: 0.0008100000000000001 para:0.01
2026-07-12 05:34:39,428 P3826050 INFO Epoch 282/300, all_loss:0.00017 cls_loss:0.00001 rec_loss:0.01663 [7.16s]; best loss:0.00013, patience : 3
2026-07-12 05:34:42,122 P3826050 INFO pr:0.9738  rc:0.9370  auc:0.9824 ap:0.9760 f1: 0.9551 pred_right: 38618 pred_wrong:382 actu_right: 38603 actu_wrong: 397
2026-07-12 05:34:43,219 P3826050 INFO pr:0.9474  rc:0.9767  auc:0.9980 ap:0.9870 f1: 0.9618 pred_right: 16367 pred_wrong:133 actu_right: 16371 actu_wrong: 129
2026-07-12 05:34:43,220 P3826050 INFO ----------------------------------------------------------------------------------------------------
2026-07-12 05:34:43,220 P3826050 INFO 283/300 starting... lr: 0.0008100000000000001 para:0.01
2026-07-12 05:34:50,443 P3826050 INFO Epoch 283/300, all_loss:0.00017 cls_loss:0.00001 rec_loss:0.01615 [7.22s]; best loss:0.00013, patience : 3
2026-07-12 05:34:52,807 P3826050 INFO pr:0.9738  rc:0.9370  auc:0.9824 ap:0.9762 f1: 0.9551 pred_right: 38618 pred_wrong:382 actu_right: 38603 actu_wrong: 397
2026-07-12 05:34:53,800 P3826050 INFO pr:0.9474  rc:0.9767  auc:0.9980 ap:0.9870 f1: 0.9618 pred_right: 16367 pred_wrong:133 actu_right: 16371 actu_wrong: 129
2026-07-12 05:34:53,801 P3826050 INFO ----------------------------------------------------------------------------------------------------
2026-07-12 05:34:53,801 P3826050 INFO 284/300 starting... lr: 0.0008100000000000001 para:0.01
2026-07-12 05:35:00,878 P3826050 INFO Epoch 284/300, all_loss:0.00016 cls_loss:0.00001 rec_loss:0.01568 [7.08s]; best loss:0.00013, patience : 3
2026-07-12 05:35:03,314 P3826050 INFO pr:0.9738  rc:0.9345  auc:0.9824 ap:0.9763 f1: 0.9537 pred_right: 38619 pred_wrong:381 actu_right: 38603 actu_wrong: 397
2026-07-12 05:35:04,305 P3826050 INFO pr:0.9474  rc:0.9767  auc:0.9980 ap:0.9870 f1: 0.9618 pred_right: 16367 pred_wrong:133 actu_right: 16371 actu_wrong: 129
2026-07-12 05:35:04,306 P3826050 INFO ----------------------------------------------------------------------------------------------------
2026-07-12 05:35:04,306 P3826050 INFO 285/300 starting... lr: 0.0008100000000000001 para:0.01
2026-07-12 05:35:12,286 P3826050 INFO Epoch 285/300, all_loss:0.00016 cls_loss:0.00001 rec_loss:0.01521 [7.98s]; best loss:0.00013, patience : 3
2026-07-12 05:35:14,150 P3826050 INFO pr:0.9738  rc:0.9345  auc:0.9818 ap:0.9764 f1: 0.9537 pred_right: 38619 pred_wrong:381 actu_right: 38603 actu_wrong: 397
2026-07-12 05:35:14,926 P3826050 INFO pr:0.9474  rc:0.9767  auc:0.9980 ap:0.9870 f1: 0.9618 pred_right: 16367 pred_wrong:133 actu_right: 16371 actu_wrong: 129
2026-07-12 05:35:14,926 P3826050 INFO ----------------------------------------------------------------------------------------------------
2026-07-12 05:35:14,934 P3826050 INFO 286/300 starting... lr: 0.0008100000000000001 para:0.01
2026-07-12 05:35:21,080 P3826050 INFO Epoch 286/300, all_loss:0.00015 cls_loss:0.00001 rec_loss:0.01479 [6.15s]; best loss:0.00013, patience : 3
2026-07-12 05:35:23,131 P3826050 INFO pr:0.9738  rc:0.9345  auc:0.9820 ap:0.9765 f1: 0.9537 pred_right: 38619 pred_wrong:381 actu_right: 38603 actu_wrong: 397
2026-07-12 05:35:24,396 P3826050 INFO pr:0.9474  rc:0.9767  auc:0.9980 ap:0.9870 f1: 0.9618 pred_right: 16367 pred_wrong:133 actu_right: 16371 actu_wrong: 129
2026-07-12 05:35:24,397 P3826050 INFO ----------------------------------------------------------------------------------------------------
2026-07-12 05:35:24,397 P3826050 INFO 287/300 starting... lr: 0.0008100000000000001 para:0.01
2026-07-12 05:35:38,208 P3826050 INFO Epoch 287/300, all_loss:0.00015 cls_loss:0.00001 rec_loss:0.01434 [13.81s]; best loss:0.00013, patience : 3
2026-07-12 05:35:40,830 P3826050 INFO pr:0.9738  rc:0.9345  auc:0.9822 ap:0.9766 f1: 0.9537 pred_right: 38619 pred_wrong:381 actu_right: 38603 actu_wrong: 397
2026-07-12 05:35:41,916 P3826050 INFO pr:0.9474  rc:0.9767  auc:0.9980 ap:0.9870 f1: 0.9618 pred_right: 16367 pred_wrong:133 actu_right: 16371 actu_wrong: 129
2026-07-12 05:35:41,916 P3826050 INFO ----------------------------------------------------------------------------------------------------
2026-07-12 05:35:41,916 P3826050 INFO 288/300 starting... lr: 0.0008100000000000001 para:0.01
2026-07-12 05:35:48,968 P3826050 INFO Epoch 288/300, all_loss:0.00014 cls_loss:0.00000 rec_loss:0.01394 [7.05s]; best loss:0.00013, patience : 3
2026-07-12 05:35:51,389 P3826050 INFO pr:0.9738  rc:0.9345  auc:0.9824 ap:0.9767 f1: 0.9537 pred_right: 38619 pred_wrong:381 actu_right: 38603 actu_wrong: 397
2026-07-12 05:35:52,389 P3826050 INFO pr:0.9474  rc:0.9767  auc:0.9980 ap:0.9869 f1: 0.9618 pred_right: 16367 pred_wrong:133 actu_right: 16371 actu_wrong: 129
2026-07-12 05:35:52,389 P3826050 INFO ----------------------------------------------------------------------------------------------------
2026-07-12 05:35:52,396 P3826050 INFO 289/300 starting... lr: 0.0008100000000000001 para:0.01
2026-07-12 05:35:59,485 P3826050 INFO Epoch 289/300, all_loss:0.00014 cls_loss:0.00000 rec_loss:0.01355 [7.09s]; best loss:0.00013, patience : 3
2026-07-12 05:36:02,153 P3826050 INFO pr:0.9763  rc:0.9345  auc:0.9825 ap:0.9768 f1: 0.9550 pred_right: 38620 pred_wrong:380 actu_right: 38603 actu_wrong: 397
2026-07-12 05:36:03,367 P3826050 INFO pr:0.9474  rc:0.9767  auc:0.9980 ap:0.9870 f1: 0.9618 pred_right: 16367 pred_wrong:133 actu_right: 16371 actu_wrong: 129
2026-07-12 05:36:03,368 P3826050 INFO ----------------------------------------------------------------------------------------------------
2026-07-12 05:36:03,375 P3826050 INFO 290/300 starting... lr: 0.0008100000000000001 para:0.01
2026-07-12 05:36:10,178 P3826050 INFO Epoch 290/300, all_loss:0.00014 cls_loss:0.00000 rec_loss:0.01326 [6.80s]; best loss:0.00013, patience : 3
2026-07-12 05:36:12,593 P3826050 INFO pr:0.9763  rc:0.9343  auc:0.9825 ap:0.9767 f1: 0.9548 pred_right: 38621 pred_wrong:379 actu_right: 38604 actu_wrong: 396
2026-07-12 05:36:13,602 P3826050 INFO pr:0.9474  rc:0.9767  auc:0.9980 ap:0.9869 f1: 0.9618 pred_right: 16367 pred_wrong:133 actu_right: 16371 actu_wrong: 129
2026-07-12 05:36:13,602 P3826050 INFO ----------------------------------------------------------------------------------------------------
2026-07-12 05:36:13,603 P3826050 INFO 291/300 starting... lr: 0.0008100000000000001 para:0.01
2026-07-12 05:36:20,874 P3826050 INFO Epoch 291/300, all_loss:0.00013 cls_loss:0.00000 rec_loss:0.01294 [7.27s]; best loss:0.00013, patience : 3
2026-07-12 05:36:23,511 P3826050 INFO pr:0.9763  rc:0.9345  auc:0.9826 ap:0.9768 f1: 0.9550 pred_right: 38620 pred_wrong:380 actu_right: 38603 actu_wrong: 397
2026-07-12 05:36:24,652 P3826050 INFO pr:0.9474  rc:0.9767  auc:0.9980 ap:0.9870 f1: 0.9618 pred_right: 16367 pred_wrong:133 actu_right: 16371 actu_wrong: 129
2026-07-12 05:36:24,652 P3826050 INFO ----------------------------------------------------------------------------------------------------
2026-07-12 05:36:24,652 P3826050 INFO 292/300 starting... lr: 0.0008100000000000001 para:0.01
2026-07-12 05:36:31,696 P3826050 INFO Epoch 292/300, all_loss:0.00013 cls_loss:0.00000 rec_loss:0.01271 [7.04s]; best loss:0.00013, patience : 3
2026-07-12 05:36:34,342 P3826050 INFO pr:0.9762  rc:0.9342  auc:0.9831 ap:0.9765 f1: 0.9547 pred_right: 38622 pred_wrong:378 actu_right: 38605 actu_wrong: 395
2026-07-12 05:36:35,503 P3826050 INFO pr:0.9474  rc:0.9767  auc:0.9980 ap:0.9869 f1: 0.9618 pred_right: 16367 pred_wrong:133 actu_right: 16371 actu_wrong: 129
2026-07-12 05:36:35,504 P3826050 INFO ----------------------------------------------------------------------------------------------------
2026-07-12 05:36:35,504 P3826050 INFO 293/300 starting... lr: 0.0008100000000000001 para:0.01
2026-07-12 05:36:43,575 P3826050 INFO Epoch 293/300, all_loss:0.00013 cls_loss:0.00000 rec_loss:0.01275 [8.07s]; best loss:0.00013, patience : 3
2026-07-12 05:36:45,575 P3826050 INFO pr:0.9763  rc:0.9345  auc:0.9832 ap:0.9768 f1: 0.9550 pred_right: 38620 pred_wrong:380 actu_right: 38603 actu_wrong: 397
2026-07-12 05:36:46,386 P3826050 INFO pr:0.9474  rc:0.9767  auc:0.9980 ap:0.9870 f1: 0.9618 pred_right: 16367 pred_wrong:133 actu_right: 16371 actu_wrong: 129
2026-07-12 05:36:46,387 P3826050 INFO ----------------------------------------------------------------------------------------------------
2026-07-12 05:36:46,387 P3826050 INFO 294/300 starting... lr: 0.0008100000000000001 para:0.01
2026-07-12 05:36:52,580 P3826050 INFO Epoch 294/300, all_loss:0.01996 cls_loss:0.02003 rec_loss:0.01331 [6.19s]; best loss:0.00013, patience : 4
2026-07-12 05:36:54,646 P3826050 INFO pr:0.9806  rc:0.8917  auc:0.9613 ap:0.9656 f1: 0.9340 pred_right: 38639 pred_wrong:361 actu_right: 38603 actu_wrong: 397
2026-07-12 05:36:55,719 P3826050 INFO pr:0.9590  rc:0.9070  auc:0.9708 ap:0.9699 f1: 0.9323 pred_right: 16378 pred_wrong:122 actu_right: 16371 actu_wrong: 129
2026-07-12 05:36:55,720 P3826050 INFO ----------------------------------------------------------------------------------------------------
2026-07-12 05:36:55,720 P3826050 INFO 295/300 starting... lr: 0.0008100000000000001 para:0.01
2026-07-12 05:37:10,571 P3826050 INFO Epoch 295/300, all_loss:0.20665 cls_loss:0.20855 rec_loss:0.01904 [14.85s]; best loss:0.00013, patience : 5
2026-07-12 05:37:13,418 P3826050 INFO pr:0.9815  rc:0.9345  auc:0.9761 ap:0.9746 f1: 0.9574 pred_right: 38622 pred_wrong:378 actu_right: 38603 actu_wrong: 397
2026-07-12 05:37:14,465 P3826050 INFO pr:0.9685  rc:0.9535  auc:0.9921 ap:0.9785 f1: 0.9609 pred_right: 16373 pred_wrong:127 actu_right: 16371 actu_wrong: 129
2026-07-12 05:37:14,466 P3826050 INFO ----------------------------------------------------------------------------------------------------
2026-07-12 05:37:14,466 P3826050 INFO 296/300 starting... lr: 0.0008100000000000001 para:0.01
2026-07-12 05:37:21,497 P3826050 INFO Epoch 296/300, all_loss:0.03416 cls_loss:0.03431 rec_loss:0.01962 [7.03s]; best loss:0.00013, patience : 5
2026-07-12 05:37:23,882 P3826050 INFO pr:0.9817  rc:0.9446  auc:0.9792 ap:0.9768 f1: 0.9628 pred_right: 38618 pred_wrong:382 actu_right: 38603 actu_wrong: 397
2026-07-12 05:37:24,884 P3826050 INFO pr:0.9538  rc:0.9612  auc:0.9922 ap:0.9831 f1: 0.9575 pred_right: 16370 pred_wrong:130 actu_right: 16371 actu_wrong: 129
2026-07-12 05:37:24,889 P3826050 INFO ----------------------------------------------------------------------------------------------------
2026-07-12 05:37:24,889 P3826050 INFO 297/300 starting... lr: 0.0008100000000000001 para:0.01
2026-07-12 05:37:31,840 P3826050 INFO Epoch 297/300, all_loss:0.00440 cls_loss:0.00424 rec_loss:0.02046 [6.95s]; best loss:0.00013, patience : 5
2026-07-12 05:37:34,222 P3826050 INFO pr:0.9667  rc:0.9496  auc:0.9828 ap:0.9781 f1: 0.9581 pred_right: 38610 pred_wrong:390 actu_right: 38603 actu_wrong: 397
2026-07-12 05:37:35,242 P3826050 INFO pr:0.9618  rc:0.9767  auc:0.9941 ap:0.9803 f1: 0.9692 pred_right: 16369 pred_wrong:131 actu_right: 16371 actu_wrong: 129
2026-07-12 05:37:35,243 P3826050 INFO ----------------------------------------------------------------------------------------------------
2026-07-12 05:37:35,243 P3826050 INFO 298/300 starting... lr: 0.0008100000000000001 para:0.01
2026-07-12 05:37:42,283 P3826050 INFO Epoch 298/300, all_loss:0.00055 cls_loss:0.00035 rec_loss:0.02031 [7.04s]; best loss:0.00013, patience : 5
2026-07-12 05:37:44,821 P3826050 INFO pr:0.9691  rc:0.9471  auc:0.9829 ap:0.9776 f1: 0.9580 pred_right: 38612 pred_wrong:388 actu_right: 38603 actu_wrong: 397
2026-07-12 05:37:45,809 P3826050 INFO pr:0.9618  rc:0.9767  auc:0.9941 ap:0.9802 f1: 0.9692 pred_right: 16369 pred_wrong:131 actu_right: 16371 actu_wrong: 129
2026-07-12 05:37:45,810 P3826050 INFO ----------------------------------------------------------------------------------------------------
2026-07-12 05:37:45,817 P3826050 INFO 299/300 starting... lr: 0.0008100000000000001 para:0.01
2026-07-12 05:37:52,748 P3826050 INFO Epoch 299/300, all_loss:0.00024 cls_loss:0.00004 rec_loss:0.01972 [6.93s]; best loss:0.00013, patience : 5
2026-07-12 05:37:55,452 P3826050 INFO pr:0.9691  rc:0.9471  auc:0.9829 ap:0.9777 f1: 0.9580 pred_right: 38612 pred_wrong:388 actu_right: 38603 actu_wrong: 397
2026-07-12 05:37:56,589 P3826050 INFO pr:0.9618  rc:0.9767  auc:0.9941 ap:0.9802 f1: 0.9692 pred_right: 16369 pred_wrong:131 actu_right: 16371 actu_wrong: 129
2026-07-12 05:37:56,590 P3826050 INFO saving model...
2026-07-12 05:37:56,590 P3826050 INFO FreTS - loss  best score:0.00013025566295254976 at epoch 247
2026-07-12 05:37:56,597 P3826050 INFO FreTS - f1  best score:0.962772785622593 at epoch 296
2026-07-12 05:37:56,602 P3826050 INFO Average training time per epoch: 7.66 seconds
2026-07-12 05:37:56,603 P3826050 INFO calculate scores...
2026-07-12 05:37:56,603 P3826050 INFO calculate label with loss...
2026-07-12 05:37:56,603 P3826050 INFO FreTS on ./result/server_only_exps/Architecture_updatedFreDF/FreTS-MSDS-Epochs300-Seed1-ExpNameRQ2_architecture-LPFLPF-Attnlinear_attn-NormLinTrue-RecLambda1.0-AuxiLambda0.0 loading...
2026-07-12 05:37:57,763 P3826050 INFO pr:0.9457  rc:0.9457  auc:0.9960 ap:0.9887 f1: 0.9457 pred_right: 16371 pred_wrong:129 actu_right: 16371 actu_wrong: 129
2026-07-12 05:37:59,511 P3826050 INFO pr:0.9457  rc:0.9457  auc:0.9960 ap:0.9887 f1: 0.9457 pred_right: 16371 pred_wrong:129 actu_right: 16371 actu_wrong: 129
2026-07-12 05:37:59,511 P3826050 INFO Performance Summary:
{'GPU': {'inference_time_per_sample_ms': 0.3340838261870517, 'throughput_samples_per_sec': 2993.2607376212986, 'peak_memory_mb': 42.58203125, 'energy_per_sample_joules': 0.01727447240065388}, 'CPU': {'inference_time_per_sample_ms': 0.5103425215762744, 'throughput_samples_per_sec': 1959.4683133816488, 'peak_memory_mb': 2948.3125, 'energy_per_sample_joules': 0.03317226390245783}}
2026-07-12 05:37:59,511 P3826050 INFO Starting clean-room hardware benchmarking...
2026-07-12 05:38:00,344 P3826050 INFO Performance with loss: pr:0.9457  rc:0.9457  auc:0.9960 ap:0.9887 f1: 0.9457 pred_right: 16371 pred_wrong:129 actu_right: 16371 actu_wrong: 129
2026-07-12 05:38:00,345 P3826050 INFO calculate label with f1...
2026-07-12 05:38:00,345 P3826050 INFO FreTS on ./result/server_only_exps/Architecture_updatedFreDF/FreTS-MSDS-Epochs300-Seed1-ExpNameRQ2_architecture-LPFLPF-Attnlinear_attn-NormLinTrue-RecLambda1.0-AuxiLambda0.0 loading...
2026-07-12 05:38:01,483 P3826050 INFO pr:0.9538  rc:0.9612  auc:0.9922 ap:0.9831 f1: 0.9575 pred_right: 16370 pred_wrong:130 actu_right: 16371 actu_wrong: 129
2026-07-12 05:38:03,326 P3826050 INFO pr:0.9538  rc:0.9612  auc:0.9922 ap:0.9831 f1: 0.9575 pred_right: 16370 pred_wrong:130 actu_right: 16371 actu_wrong: 129
2026-07-12 05:38:03,327 P3826050 INFO Performance Summary:
{'GPU': {'inference_time_per_sample_ms': 0.3260127020252727, 'throughput_samples_per_sec': 3067.365148007268, 'peak_memory_mb': 42.0185546875, 'energy_per_sample_joules': 0.016755748833290916}, 'CPU': {'inference_time_per_sample_ms': 0.5397508048897223, 'throughput_samples_per_sec': 1852.7068249658512, 'peak_memory_mb': 2946.91796875, 'energy_per_sample_joules': 0.035083802317831946}}
2026-07-12 05:38:03,327 P3826050 INFO Starting clean-room hardware benchmarking...
2026-07-12 05:38:04,140 P3826050 INFO Performance with f1: pr:0.9538  rc:0.9612  auc:0.9922 ap:0.9831 f1: 0.9575 pred_right: 16370 pred_wrong:130 actu_right: 16371 actu_wrong: 129
