2026-09-09 18:12:44,591 P1988314 INFO ---- Model: ----MSTGAD-9431be6c----random_seed : 1----req_loss_approach : Legendre-style----rec_lambda : 1.0----auxi_lambda : 0.0----Freq Domain : FITS_Legendre----Multi Fits : false----train : True----evaluate : False
2026-09-09 18:12:44,591 P1988314 INFO read Tranform data
2026-09-09 18:12:46,556 P1988314 INFO read Graph edge data
2026-09-09 18:12:46,558 P1988314 INFO Fewshot: training with 1.0 of the 70% of the data
2026-09-09 18:12:46,682 P1988314 INFO Trainable Parameters Breakdown:
2026-09-09 18:12:46,682 P1988314 INFO --------------------------------------------------------------------------------
2026-09-09 18:12:46,682 P1988314 INFO Reconstruction-Specific Parameters:
2026-09-09 18:12:46,682 P1988314 INFO node_emb.linear.weight                   | shape: (4, 3)                    | params: 12
2026-09-09 18:12:46,682 P1988314 INFO node_emb.linear.bias                     | shape: (4,)                      | params: 4
2026-09-09 18:12:46,682 P1988314 INFO log_emb.linear.weight                    | shape: (16, 256)                 | params: 4,096
2026-09-09 18:12:46,682 P1988314 INFO log_emb.linear.bias                      | shape: (16,)                     | params: 16
2026-09-09 18:12:46,682 P1988314 INFO egde_emb.linear.weight                   | shape: (4, 7)                    | params: 28
2026-09-09 18:12:46,682 P1988314 INFO egde_emb.linear.bias                     | shape: (4,)                      | params: 4
2026-09-09 18:12:46,682 P1988314 INFO dense_node.weight                        | shape: (3, 4)                    | params: 12
2026-09-09 18:12:46,682 P1988314 INFO dense_node.bias                          | shape: (3,)                      | params: 3
2026-09-09 18:12:46,682 P1988314 INFO dense_log.weight                         | shape: (256, 16)                 | params: 4,096
2026-09-09 18:12:46,683 P1988314 INFO dense_log.bias                           | shape: (256,)                    | params: 256
2026-09-09 18:12:46,683 P1988314 INFO dense_edge.weight                        | shape: (7, 4)                    | params: 28
2026-09-09 18:12:46,683 P1988314 INFO dense_edge.bias                          | shape: (7,)                      | params: 7
2026-09-09 18:12:46,683 P1988314 INFO linear_attn.Wq.weight                    | shape: (10, 10)                  | params: 100
2026-09-09 18:12:46,683 P1988314 INFO linear_attn.Wk.weight                    | shape: (10, 10)                  | params: 100
2026-09-09 18:12:46,683 P1988314 INFO linear_attn.Wv.weight                    | shape: (10, 10)                  | params: 100
2026-09-09 18:12:46,683 P1988314 INFO linear_attn.out.weight                   | shape: (10, 10)                  | params: 100
2026-09-09 18:12:46,683 P1988314 INFO linear_attn.out.bias                     | shape: (10,)                     | params: 10
2026-09-09 18:12:46,683 P1988314 INFO linear_attn.norm.weight                  | shape: (10,)                     | params: 10
2026-09-09 18:12:46,683 P1988314 INFO linear_attn.norm.bias                    | shape: (10,)                     | params: 10
2026-09-09 18:12:46,683 P1988314 INFO shared_fits.normlin_W                    | shape: (3, 3)                    | params: 9
2026-09-09 18:12:46,683 P1988314 INFO shared_fits.freq_upsampler.weight        | shape: (3, 3)                    | params: 9
2026-09-09 18:12:46,683 P1988314 INFO shared_fits.freq_upsampler.bias          | shape: (3,)                      | params: 3
2026-09-09 18:12:46,683 P1988314 INFO modality_proj.node.weight                | shape: (10, 4)                   | params: 40
2026-09-09 18:12:46,683 P1988314 INFO modality_proj.node.bias                  | shape: (10,)                     | params: 10
2026-09-09 18:12:46,683 P1988314 INFO modality_proj.log.weight                 | shape: (10, 16)                  | params: 160
2026-09-09 18:12:46,684 P1988314 INFO modality_proj.log.bias                   | shape: (10,)                     | params: 10
2026-09-09 18:12:46,684 P1988314 INFO modality_proj.edge.weight                | shape: (10, 4)                   | params: 40
2026-09-09 18:12:46,684 P1988314 INFO modality_proj.edge.bias                  | shape: (10,)                     | params: 10
2026-09-09 18:12:46,684 P1988314 INFO modality_proj_out.node.weight            | shape: (4, 10)                   | params: 40
2026-09-09 18:12:46,684 P1988314 INFO modality_proj_out.node.bias              | shape: (4,)                      | params: 4
2026-09-09 18:12:46,684 P1988314 INFO modality_proj_out.log.weight             | shape: (16, 10)                  | params: 160
2026-09-09 18:12:46,684 P1988314 INFO modality_proj_out.log.bias               | shape: (16,)                     | params: 16
2026-09-09 18:12:46,684 P1988314 INFO modality_proj_out.edge.weight            | shape: (4, 10)                   | params: 40
2026-09-09 18:12:46,684 P1988314 INFO modality_proj_out.edge.bias              | shape: (4,)                      | params: 4
2026-09-09 18:12:46,684 P1988314 INFO Subtotal: 9,547
2026-09-09 18:12:46,684 P1988314 INFO --------------------------------------------------------------------------------
2026-09-09 18:12:46,684 P1988314 INFO Common Parameters:
2026-09-09 18:12:46,684 P1988314 INFO show.0.weight                            | shape: (128, 266)                | params: 34,048
2026-09-09 18:12:46,684 P1988314 INFO show.0.bias                              | shape: (128,)                    | params: 128
2026-09-09 18:12:46,684 P1988314 INFO show.2.weight                            | shape: (2, 128)                  | params: 256
2026-09-09 18:12:46,685 P1988314 INFO show.2.bias                              | shape: (2,)                      | params: 2
2026-09-09 18:12:46,685 P1988314 INFO Subtotal: 34,434
2026-09-09 18:12:46,685 P1988314 INFO --------------------------------------------------------------------------------
2026-09-09 18:12:46,685 P1988314 INFO Total Trainable Parameters: 43,981

2026-09-09 18:12:46,685 P1988314 INFO Trainable Parameters: 43981, reconstruction: 9547, common: 34434
2026-09-09 18:12:46,685 P1988314 INFO model : init weight
2026-09-09 18:12:46,686 P1988314 INFO Using GPU...
2026-09-09 18:12:46,691 P1988314 INFO optimizer : using AdaBelief
2026-09-09 18:12:46,692 P1988314 INFO ----------------------------------------------------------------------------------------------------
2026-09-09 18:12:46,692 P1988314 INFO 0/300 starting... lr: 0.001 para:1.0
2026-09-09 18:12:57,595 P1988314 INFO Epoch 0/300, all_loss:0.13722 cls_loss:53.41193 rec_loss:0.13722 [10.90s]; best loss:0.13722, patience : 0
2026-09-09 18:12:57,595 P1988314 INFO ----------------------------------------------------------------------------------------------------
2026-09-09 18:12:57,596 P1988314 INFO 1/300 starting... lr: 0.001 para:0.5
2026-09-09 18:13:08,208 P1988314 INFO Epoch 1/300, all_loss:8.28900 cls_loss:16.46091 rec_loss:0.11709 [10.61s]; best loss:8.28900, patience : 0
2026-09-09 18:13:08,208 P1988314 INFO ----------------------------------------------------------------------------------------------------
2026-09-09 18:13:08,215 P1988314 INFO 2/300 starting... lr: 0.001 para:0.3333333432674408
2026-09-09 18:13:16,957 P1988314 INFO Epoch 2/300, all_loss:11.89352 cls_loss:17.78406 rec_loss:0.11244 [8.74s]; best loss:8.28900, patience : 1
2026-09-09 18:13:19,883 P1988314 INFO pr:0.4167  rc:0.0126  auc:0.9362 ap:0.6873 f1: 0.0244 pred_right: 38988 pred_wrong:12 actu_right: 38603 actu_wrong: 397
2026-09-09 18:13:21,048 P1988314 INFO pr:0.0000  rc:0.0000  auc:0.9390 ap:0.6221 f1: 0.0000 pred_right: 16498 pred_wrong:2 actu_right: 16371 actu_wrong: 129
2026-09-09 18:13:21,055 P1988314 INFO ----------------------------------------------------------------------------------------------------
2026-09-09 18:13:21,055 P1988314 INFO 3/300 starting... lr: 0.001 para:0.25
2026-09-09 18:13:43,642 P1988314 INFO Epoch 3/300, all_loss:10.38452 cls_loss:13.80477 rec_loss:0.12376 [22.59s]; best loss:8.28900, patience : 1
2026-09-09 18:13:47,371 P1988314 INFO pr:0.9375  rc:0.1515  auc:0.9456 ap:0.7808 f1: 0.2609 pred_right: 38936 pred_wrong:64 actu_right: 38604 actu_wrong: 396
2026-09-09 18:13:48,649 P1988314 INFO pr:0.9231  rc:0.0930  auc:0.9532 ap:0.6918 f1: 0.1690 pred_right: 16487 pred_wrong:13 actu_right: 16371 actu_wrong: 129
2026-09-09 18:13:48,657 P1988314 INFO ----------------------------------------------------------------------------------------------------
2026-09-09 18:13:48,658 P1988314 INFO 4/300 starting... lr: 0.001 para:0.20000000298023224
2026-09-09 18:14:01,041 P1988314 INFO Epoch 4/300, all_loss:2.05654 cls_loss:2.53474 rec_loss:0.14372 [12.38s]; best loss:2.05654, patience : 0
2026-09-09 18:14:04,441 P1988314 INFO pr:0.7238  rc:0.4369  auc:0.9624 ap:0.7738 f1: 0.5449 pred_right: 38761 pred_wrong:239 actu_right: 38604 actu_wrong: 396
2026-09-09 18:14:05,747 P1988314 INFO pr:0.6000  rc:0.2558  auc:0.9729 ap:0.7044 f1: 0.3587 pred_right: 16445 pred_wrong:55 actu_right: 16371 actu_wrong: 129
2026-09-09 18:14:05,755 P1988314 INFO ----------------------------------------------------------------------------------------------------
2026-09-09 18:14:05,755 P1988314 INFO 5/300 starting... lr: 0.001 para:0.1666666716337204
2026-09-09 18:14:17,808 P1988314 INFO Epoch 5/300, all_loss:1.80492 cls_loss:2.13509 rec_loss:0.15406 [12.04s]; best loss:1.80492, patience : 0
2026-09-09 18:14:21,392 P1988314 INFO pr:0.7451  rc:0.4786  auc:0.9689 ap:0.8144 f1: 0.5828 pred_right: 38745 pred_wrong:255 actu_right: 38603 actu_wrong: 397
2026-09-09 18:14:22,929 P1988314 INFO pr:0.6140  rc:0.2713  auc:0.9781 ap:0.7540 f1: 0.3763 pred_right: 16443 pred_wrong:57 actu_right: 16371 actu_wrong: 129
2026-09-09 18:14:22,944 P1988314 INFO ----------------------------------------------------------------------------------------------------
2026-09-09 18:14:22,944 P1988314 INFO 6/300 starting... lr: 0.001 para:0.1428571492433548
2026-09-09 18:14:35,036 P1988314 INFO Epoch 6/300, all_loss:2.12168 cls_loss:2.44934 rec_loss:0.15572 [12.09s]; best loss:1.80492, patience : 1
2026-09-09 18:14:38,640 P1988314 INFO pr:0.6746  rc:0.5693  auc:0.9677 ap:0.8177 f1: 0.6175 pred_right: 38665 pred_wrong:335 actu_right: 38603 actu_wrong: 397
2026-09-09 18:14:40,094 P1988314 INFO pr:0.5679  rc:0.3566  auc:0.9783 ap:0.7548 f1: 0.4381 pred_right: 16419 pred_wrong:81 actu_right: 16371 actu_wrong: 129
2026-09-09 18:14:40,105 P1988314 INFO ----------------------------------------------------------------------------------------------------
2026-09-09 18:14:40,106 P1988314 INFO 7/300 starting... lr: 0.001 para:0.125
2026-09-09 18:14:52,134 P1988314 INFO Epoch 7/300, all_loss:1.02458 cls_loss:1.14957 rec_loss:0.14962 [12.02s]; best loss:1.02458, patience : 0
2026-09-09 18:14:55,278 P1988314 INFO pr:0.5955  rc:0.6675  auc:0.9731 ap:0.8311 f1: 0.6295 pred_right: 38555 pred_wrong:445 actu_right: 38603 actu_wrong: 397
2026-09-09 18:14:56,599 P1988314 INFO pr:0.5370  rc:0.4496  auc:0.9848 ap:0.7779 f1: 0.4895 pred_right: 16392 pred_wrong:108 actu_right: 16371 actu_wrong: 129
2026-09-09 18:14:56,608 P1988314 INFO ----------------------------------------------------------------------------------------------------
2026-09-09 18:14:56,609 P1988314 INFO 8/300 starting... lr: 0.001 para:0.1111111119389534
2026-09-09 18:15:08,908 P1988314 INFO Epoch 8/300, all_loss:6.59370 cls_loss:7.39912 rec_loss:0.15039 [12.30s]; best loss:1.02458, patience : 1
2026-09-09 18:15:12,200 P1988314 INFO pr:0.6427  rc:0.6071  auc:0.9687 ap:0.8193 f1: 0.6244 pred_right: 38625 pred_wrong:375 actu_right: 38603 actu_wrong: 397
2026-09-09 18:15:13,572 P1988314 INFO pr:0.6234  rc:0.3721  auc:0.9812 ap:0.7913 f1: 0.4660 pred_right: 16423 pred_wrong:77 actu_right: 16371 actu_wrong: 129
2026-09-09 18:15:13,573 P1988314 INFO ----------------------------------------------------------------------------------------------------
2026-09-09 18:15:13,574 P1988314 INFO 9/300 starting... lr: 0.001 para:0.10000000149011612
2026-09-09 18:15:26,602 P1988314 INFO Epoch 9/300, all_loss:1.00001 cls_loss:1.09444 rec_loss:0.15013 [13.02s]; best loss:1.00001, patience : 0
2026-09-09 18:15:30,059 P1988314 INFO pr:0.8083  rc:0.3929  auc:0.9764 ap:0.8360 f1: 0.5288 pred_right: 38807 pred_wrong:193 actu_right: 38603 actu_wrong: 397
2026-09-09 18:15:31,364 P1988314 INFO pr:0.8108  rc:0.2326  auc:0.9892 ap:0.7999 f1: 0.3614 pred_right: 16463 pred_wrong:37 actu_right: 16371 actu_wrong: 129
2026-09-09 18:15:31,365 P1988314 INFO ----------------------------------------------------------------------------------------------------
2026-09-09 18:15:31,366 P1988314 INFO 10/300 starting... lr: 0.001 para:0.09090909361839294
2026-09-09 18:15:44,014 P1988314 INFO Epoch 10/300, all_loss:0.93717 cls_loss:1.01634 rec_loss:0.14542 [12.64s]; best loss:0.93717, patience : 0
2026-09-09 18:15:48,258 P1988314 INFO pr:0.6765  rc:0.6322  auc:0.9663 ap:0.8419 f1: 0.6536 pred_right: 38629 pred_wrong:371 actu_right: 38603 actu_wrong: 397
2026-09-09 18:15:49,342 P1988314 INFO pr:0.5632  rc:0.3798  auc:0.9820 ap:0.7868 f1: 0.4537 pred_right: 16413 pred_wrong:87 actu_right: 16371 actu_wrong: 129
2026-09-09 18:15:49,350 P1988314 INFO ----------------------------------------------------------------------------------------------------
2026-09-09 18:15:49,351 P1988314 INFO 11/300 starting... lr: 0.001 para:0.0833333358168602
2026-09-09 18:15:59,882 P1988314 INFO Epoch 11/300, all_loss:2.08994 cls_loss:2.26655 rec_loss:0.14719 [10.53s]; best loss:0.93717, patience : 1
2026-09-09 18:16:02,757 P1988314 INFO pr:0.7950  rc:0.4005  auc:0.9780 ap:0.8370 f1: 0.5327 pred_right: 38800 pred_wrong:200 actu_right: 38603 actu_wrong: 397
2026-09-09 18:16:03,963 P1988314 INFO pr:0.8824  rc:0.2326  auc:0.9881 ap:0.8215 f1: 0.3681 pred_right: 16466 pred_wrong:34 actu_right: 16371 actu_wrong: 129
2026-09-09 18:16:03,964 P1988314 INFO ----------------------------------------------------------------------------------------------------
2026-09-09 18:16:03,964 P1988314 INFO 12/300 starting... lr: 0.001 para:0.07692307978868484
2026-09-09 18:16:27,186 P1988314 INFO Epoch 12/300, all_loss:5.20990 cls_loss:5.63208 rec_loss:0.14368 [23.22s]; best loss:0.93717, patience : 2
2026-09-09 18:16:31,124 P1988314 INFO pr:0.7932  rc:0.4736  auc:0.9735 ap:0.8563 f1: 0.5931 pred_right: 38763 pred_wrong:237 actu_right: 38603 actu_wrong: 397
2026-09-09 18:16:32,510 P1988314 INFO pr:0.9250  rc:0.2868  auc:0.9872 ap:0.8222 f1: 0.4379 pred_right: 16460 pred_wrong:40 actu_right: 16371 actu_wrong: 129
2026-09-09 18:16:32,511 P1988314 INFO ----------------------------------------------------------------------------------------------------
2026-09-09 18:16:32,512 P1988314 INFO 13/300 starting... lr: 0.001 para:0.0714285746216774
2026-09-09 18:16:44,749 P1988314 INFO Epoch 13/300, all_loss:0.88586 cls_loss:0.94268 rec_loss:0.14718 [12.23s]; best loss:0.88586, patience : 0
2026-09-09 18:16:48,218 P1988314 INFO pr:0.7890  rc:0.6121  auc:0.9784 ap:0.8691 f1: 0.6894 pred_right: 38692 pred_wrong:308 actu_right: 38603 actu_wrong: 397
2026-09-09 18:16:49,651 P1988314 INFO pr:0.7042  rc:0.3876  auc:0.9942 ap:0.8210 f1: 0.5000 pred_right: 16429 pred_wrong:71 actu_right: 16371 actu_wrong: 129
2026-09-09 18:16:49,660 P1988314 INFO ----------------------------------------------------------------------------------------------------
2026-09-09 18:16:49,660 P1988314 INFO 14/300 starting... lr: 0.001 para:0.06666667014360428
2026-09-09 18:17:01,524 P1988314 INFO Epoch 14/300, all_loss:0.87363 cls_loss:0.92541 rec_loss:0.14863 [11.85s]; best loss:0.87363, patience : 0
2026-09-09 18:17:04,727 P1988314 INFO pr:0.7712  rc:0.5960  auc:0.9788 ap:0.8672 f1: 0.6724 pred_right: 38694 pred_wrong:306 actu_right: 38604 actu_wrong: 396
2026-09-09 18:17:06,055 P1988314 INFO pr:0.7544  rc:0.3333  auc:0.9894 ap:0.8342 f1: 0.4624 pred_right: 16443 pred_wrong:57 actu_right: 16371 actu_wrong: 129
2026-09-09 18:17:06,056 P1988314 INFO ----------------------------------------------------------------------------------------------------
2026-09-09 18:17:06,057 P1988314 INFO 15/300 starting... lr: 0.001 para:0.0625
2026-09-09 18:17:18,202 P1988314 INFO Epoch 15/300, all_loss:0.85400 cls_loss:0.90095 rec_loss:0.14969 [12.14s]; best loss:0.85400, patience : 0
2026-09-09 18:17:21,474 P1988314 INFO pr:0.8333  rc:0.3149  auc:0.9754 ap:0.8589 f1: 0.4570 pred_right: 38850 pred_wrong:150 actu_right: 38603 actu_wrong: 397
2026-09-09 18:17:22,939 P1988314 INFO pr:0.9231  rc:0.1860  auc:0.9955 ap:0.8516 f1: 0.3097 pred_right: 16474 pred_wrong:26 actu_right: 16371 actu_wrong: 129
2026-09-09 18:17:22,940 P1988314 INFO ----------------------------------------------------------------------------------------------------
2026-09-09 18:17:22,940 P1988314 INFO 16/300 starting... lr: 0.001 para:0.05882352963089943
2026-09-09 18:17:35,554 P1988314 INFO Epoch 16/300, all_loss:15.54423 cls_loss:16.50673 rec_loss:0.14411 [12.61s]; best loss:0.85400, patience : 1
2026-09-09 18:17:39,439 P1988314 INFO pr:0.6574  rc:0.7154  auc:0.9742 ap:0.8720 f1: 0.6852 pred_right: 38568 pred_wrong:432 actu_right: 38603 actu_wrong: 397
2026-09-09 18:17:41,015 P1988314 INFO pr:0.6333  rc:0.4419  auc:0.9935 ap:0.8164 f1: 0.5205 pred_right: 16410 pred_wrong:90 actu_right: 16371 actu_wrong: 129
2026-09-09 18:17:41,016 P1988314 INFO ----------------------------------------------------------------------------------------------------
2026-09-09 18:17:41,018 P1988314 INFO 17/300 starting... lr: 0.001 para:0.0555555559694767
2026-09-09 18:17:54,040 P1988314 INFO Epoch 17/300, all_loss:0.88289 cls_loss:0.92630 rec_loss:0.14486 [13.02s]; best loss:0.85400, patience : 1
2026-09-09 18:17:57,544 P1988314 INFO pr:0.7891  rc:0.5466  auc:0.9805 ap:0.8630 f1: 0.6458 pred_right: 38725 pred_wrong:275 actu_right: 38603 actu_wrong: 397
2026-09-09 18:17:59,191 P1988314 INFO pr:0.8980  rc:0.3411  auc:0.9907 ap:0.8592 f1: 0.4944 pred_right: 16451 pred_wrong:49 actu_right: 16371 actu_wrong: 129
2026-09-09 18:17:59,192 P1988314 INFO ----------------------------------------------------------------------------------------------------
2026-09-09 18:17:59,193 P1988314 INFO 18/300 starting... lr: 0.001 para:0.05263157933950424
2026-09-09 18:18:11,459 P1988314 INFO Epoch 18/300, all_loss:0.92253 cls_loss:0.96583 rec_loss:0.14318 [12.27s]; best loss:0.85400, patience : 2
2026-09-09 18:18:15,003 P1988314 INFO pr:0.7789  rc:0.5783  auc:0.9812 ap:0.8623 f1: 0.6638 pred_right: 38706 pred_wrong:294 actu_right: 38604 actu_wrong: 396
2026-09-09 18:18:16,416 P1988314 INFO pr:0.7536  rc:0.4031  auc:0.9930 ap:0.8298 f1: 0.5253 pred_right: 16431 pred_wrong:69 actu_right: 16371 actu_wrong: 129
2026-09-09 18:18:16,417 P1988314 INFO ----------------------------------------------------------------------------------------------------
2026-09-09 18:18:16,417 P1988314 INFO 19/300 starting... lr: 0.001 para:0.05000000074505806
2026-09-09 18:18:29,516 P1988314 INFO Epoch 19/300, all_loss:0.83246 cls_loss:0.86886 rec_loss:0.14068 [13.09s]; best loss:0.83246, patience : 0
2026-09-09 18:18:31,978 P1988314 INFO pr:0.8609  rc:0.2500  auc:0.9667 ap:0.8563 f1: 0.3875 pred_right: 38885 pred_wrong:115 actu_right: 38604 actu_wrong: 396
2026-09-09 18:18:33,163 P1988314 INFO pr:0.9545  rc:0.1628  auc:0.9817 ap:0.8484 f1: 0.2781 pred_right: 16478 pred_wrong:22 actu_right: 16371 actu_wrong: 129
2026-09-09 18:18:33,164 P1988314 INFO ----------------------------------------------------------------------------------------------------
2026-09-09 18:18:33,165 P1988314 INFO 20/300 starting... lr: 0.001 para:0.0476190485060215
2026-09-09 18:18:44,342 P1988314 INFO Epoch 20/300, all_loss:0.84685 cls_loss:0.88243 rec_loss:0.13534 [11.18s]; best loss:0.83246, patience : 1
2026-09-09 18:18:56,382 P1988314 INFO pr:0.8219  rc:0.5113  auc:0.9715 ap:0.8660 f1: 0.6304 pred_right: 38753 pred_wrong:247 actu_right: 38603 actu_wrong: 397
2026-09-09 18:19:01,128 P1988314 INFO pr:0.8000  rc:0.2791  auc:0.9909 ap:0.8442 f1: 0.4138 pred_right: 16455 pred_wrong:45 actu_right: 16371 actu_wrong: 129
2026-09-09 18:19:01,129 P1988314 INFO ----------------------------------------------------------------------------------------------------
2026-09-09 18:19:01,133 P1988314 INFO 21/300 starting... lr: 0.001 para:0.04545454680919647
2026-09-09 18:19:15,711 P1988314 INFO Epoch 21/300, all_loss:0.83653 cls_loss:0.87008 rec_loss:0.13211 [14.58s]; best loss:0.83246, patience : 1
2026-09-09 18:19:19,128 P1988314 INFO pr:0.8276  rc:0.5441  auc:0.9773 ap:0.8800 f1: 0.6565 pred_right: 38739 pred_wrong:261 actu_right: 38603 actu_wrong: 397
2026-09-09 18:19:20,450 P1988314 INFO pr:0.8039  rc:0.3178  auc:0.9959 ap:0.8615 f1: 0.4556 pred_right: 16449 pred_wrong:51 actu_right: 16371 actu_wrong: 129
2026-09-09 18:19:20,452 P1988314 INFO ----------------------------------------------------------------------------------------------------
2026-09-09 18:19:20,453 P1988314 INFO 22/300 starting... lr: 0.001 para:0.043478261679410934
2026-09-09 18:19:32,398 P1988314 INFO Epoch 22/300, all_loss:0.81206 cls_loss:0.84308 rec_loss:0.12958 [11.94s]; best loss:0.81206, patience : 0
2026-09-09 18:19:35,572 P1988314 INFO pr:0.8082  rc:0.5945  auc:0.9784 ap:0.8798 f1: 0.6851 pred_right: 38708 pred_wrong:292 actu_right: 38603 actu_wrong: 397
2026-09-09 18:19:37,059 P1988314 INFO pr:0.8305  rc:0.3798  auc:0.9952 ap:0.8661 f1: 0.5213 pred_right: 16441 pred_wrong:59 actu_right: 16371 actu_wrong: 129
2026-09-09 18:19:37,060 P1988314 INFO ----------------------------------------------------------------------------------------------------
2026-09-09 18:19:37,060 P1988314 INFO 23/300 starting... lr: 0.001 para:0.0416666679084301
2026-09-09 18:19:49,384 P1988314 INFO Epoch 23/300, all_loss:7.85371 cls_loss:8.18990 rec_loss:0.12135 [12.32s]; best loss:0.81206, patience : 1
2026-09-09 18:19:52,566 P1988314 INFO pr:0.8046  rc:0.6222  auc:0.9749 ap:0.8802 f1: 0.7017 pred_right: 38693 pred_wrong:307 actu_right: 38603 actu_wrong: 397
2026-09-09 18:19:54,012 P1988314 INFO pr:0.8246  rc:0.3643  auc:0.9924 ap:0.8694 f1: 0.5054 pred_right: 16443 pred_wrong:57 actu_right: 16371 actu_wrong: 129
2026-09-09 18:19:54,024 P1988314 INFO ----------------------------------------------------------------------------------------------------
2026-09-09 18:19:54,025 P1988314 INFO 24/300 starting... lr: 0.001 para:0.03999999910593033
2026-09-09 18:20:06,439 P1988314 INFO Epoch 24/300, all_loss:0.79030 cls_loss:0.81826 rec_loss:0.11919 [12.40s]; best loss:0.79030, patience : 0
2026-09-09 18:20:09,892 P1988314 INFO pr:0.7686  rc:0.6776  auc:0.9790 ap:0.8809 f1: 0.7202 pred_right: 38650 pred_wrong:350 actu_right: 38603 actu_wrong: 397
2026-09-09 18:20:11,315 P1988314 INFO pr:0.6957  rc:0.3721  auc:0.9876 ap:0.8314 f1: 0.4848 pred_right: 16431 pred_wrong:69 actu_right: 16371 actu_wrong: 129
2026-09-09 18:20:11,325 P1988314 INFO ----------------------------------------------------------------------------------------------------
2026-09-09 18:20:11,325 P1988314 INFO 25/300 starting... lr: 0.001 para:0.03846153989434242
2026-09-09 18:20:23,758 P1988314 INFO Epoch 25/300, all_loss:0.88234 cls_loss:0.91301 rec_loss:0.11567 [12.43s]; best loss:0.79030, patience : 1
2026-09-09 18:20:26,815 P1988314 INFO pr:0.7993  rc:0.5819  auc:0.9782 ap:0.8740 f1: 0.6735 pred_right: 38711 pred_wrong:289 actu_right: 38603 actu_wrong: 397
2026-09-09 18:20:28,198 P1988314 INFO pr:0.6825  rc:0.3333  auc:0.9858 ap:0.8114 f1: 0.4479 pred_right: 16437 pred_wrong:63 actu_right: 16371 actu_wrong: 129
2026-09-09 18:20:28,200 P1988314 INFO ----------------------------------------------------------------------------------------------------
2026-09-09 18:20:28,200 P1988314 INFO 26/300 starting... lr: 0.001 para:0.03703703731298447
2026-09-09 18:20:41,478 P1988314 INFO Epoch 26/300, all_loss:0.79889 cls_loss:0.82515 rec_loss:0.11602 [13.28s]; best loss:0.79030, patience : 1
2026-09-09 18:20:45,059 P1988314 INFO pr:0.7952  rc:0.6650  auc:0.9751 ap:0.8841 f1: 0.7243 pred_right: 38668 pred_wrong:332 actu_right: 38603 actu_wrong: 397
2026-09-09 18:20:46,442 P1988314 INFO pr:0.7778  rc:0.4341  auc:0.9948 ap:0.8537 f1: 0.5572 pred_right: 16428 pred_wrong:72 actu_right: 16371 actu_wrong: 129
2026-09-09 18:20:46,449 P1988314 INFO ----------------------------------------------------------------------------------------------------
2026-09-09 18:20:46,450 P1988314 INFO 27/300 starting... lr: 0.001 para:0.0357142873108387
2026-09-09 18:20:58,805 P1988314 INFO Epoch 27/300, all_loss:0.74577 cls_loss:0.76910 rec_loss:0.11564 [12.35s]; best loss:0.74577, patience : 0
2026-09-09 18:21:01,727 P1988314 INFO pr:0.7673  rc:0.6995  auc:0.9759 ap:0.8749 f1: 0.7318 pred_right: 38639 pred_wrong:361 actu_right: 38604 actu_wrong: 396
2026-09-09 18:21:03,307 P1988314 INFO pr:0.7614  rc:0.5194  auc:0.9954 ap:0.8634 f1: 0.6175 pred_right: 16412 pred_wrong:88 actu_right: 16371 actu_wrong: 129
2026-09-09 18:21:03,317 P1988314 INFO ----------------------------------------------------------------------------------------------------
2026-09-09 18:21:03,317 P1988314 INFO 28/300 starting... lr: 0.001 para:0.03448275849223137
2026-09-09 18:21:15,550 P1988314 INFO Epoch 28/300, all_loss:0.82840 cls_loss:0.85390 rec_loss:0.11440 [12.23s]; best loss:0.74577, patience : 1
2026-09-09 18:21:18,268 P1988314 INFO pr:0.6983  rc:0.7406  auc:0.9776 ap:0.8726 f1: 0.7188 pred_right: 38579 pred_wrong:421 actu_right: 38603 actu_wrong: 397
2026-09-09 18:21:19,582 P1988314 INFO pr:0.7000  rc:0.5969  auc:0.9946 ap:0.8170 f1: 0.6444 pred_right: 16390 pred_wrong:110 actu_right: 16371 actu_wrong: 129
2026-09-09 18:21:19,583 P1988314 INFO ----------------------------------------------------------------------------------------------------
2026-09-09 18:21:19,583 P1988314 INFO 29/300 starting... lr: 0.001 para:0.03333333507180214
2026-09-09 18:21:38,123 P1988314 INFO Epoch 29/300, all_loss:0.71627 cls_loss:0.73714 rec_loss:0.11108 [18.53s]; best loss:0.71627, patience : 0
2026-09-09 18:21:46,516 P1988314 INFO pr:0.8514  rc:0.3763  auc:0.9719 ap:0.8707 f1: 0.5219 pred_right: 38825 pred_wrong:175 actu_right: 38604 actu_wrong: 396
2026-09-09 18:21:48,571 P1988314 INFO pr:0.8163  rc:0.3101  auc:0.9869 ap:0.8593 f1: 0.4494 pred_right: 16451 pred_wrong:49 actu_right: 16371 actu_wrong: 129
2026-09-09 18:21:48,572 P1988314 INFO ----------------------------------------------------------------------------------------------------
2026-09-09 18:21:48,573 P1988314 INFO 30/300 starting... lr: 0.001 para:0.032258063554763794
2026-09-09 18:22:01,082 P1988314 INFO Epoch 30/300, all_loss:7.75222 cls_loss:8.00695 rec_loss:0.11013 [12.51s]; best loss:0.71627, patience : 1
2026-09-09 18:22:04,177 P1988314 INFO pr:0.7775  rc:0.7128  auc:0.9766 ap:0.8892 f1: 0.7438 pred_right: 38636 pred_wrong:364 actu_right: 38603 actu_wrong: 397
2026-09-09 18:22:05,407 P1988314 INFO pr:0.7857  rc:0.5116  auc:0.9896 ap:0.8548 f1: 0.6197 pred_right: 16416 pred_wrong:84 actu_right: 16371 actu_wrong: 129
2026-09-09 18:22:05,425 P1988314 INFO ----------------------------------------------------------------------------------------------------
2026-09-09 18:22:05,426 P1988314 INFO 31/300 starting... lr: 0.001 para:0.03125
2026-09-09 18:22:17,332 P1988314 INFO Epoch 31/300, all_loss:0.92633 cls_loss:0.95270 rec_loss:0.10877 [11.91s]; best loss:0.71627, patience : 1
2026-09-09 18:22:20,627 P1988314 INFO pr:0.7724  rc:0.7179  auc:0.9770 ap:0.8872 f1: 0.7441 pred_right: 38631 pred_wrong:369 actu_right: 38603 actu_wrong: 397
2026-09-09 18:22:21,929 P1988314 INFO pr:0.8023  rc:0.5349  auc:0.9952 ap:0.8702 f1: 0.6419 pred_right: 16414 pred_wrong:86 actu_right: 16371 actu_wrong: 129
2026-09-09 18:22:21,938 P1988314 INFO ----------------------------------------------------------------------------------------------------
2026-09-09 18:22:21,939 P1988314 INFO 32/300 starting... lr: 0.001 para:0.03030303120613098
2026-09-09 18:22:33,762 P1988314 INFO Epoch 32/300, all_loss:0.86448 cls_loss:0.88812 rec_loss:0.10785 [11.82s]; best loss:0.71627, patience : 1
2026-09-09 18:22:36,935 P1988314 INFO pr:0.8235  rc:0.5657  auc:0.9782 ap:0.8817 f1: 0.6707 pred_right: 38728 pred_wrong:272 actu_right: 38604 actu_wrong: 396
2026-09-09 18:22:38,284 P1988314 INFO pr:0.8636  rc:0.4419  auc:0.9932 ap:0.8680 f1: 0.5846 pred_right: 16434 pred_wrong:66 actu_right: 16371 actu_wrong: 129
2026-09-09 18:22:38,285 P1988314 INFO ----------------------------------------------------------------------------------------------------
2026-09-09 18:22:38,286 P1988314 INFO 33/300 starting... lr: 0.001 para:0.029411764815449715
2026-09-09 18:22:50,414 P1988314 INFO Epoch 33/300, all_loss:0.75563 cls_loss:0.77524 rec_loss:0.10839 [12.13s]; best loss:0.71627, patience : 1
2026-09-09 18:22:53,827 P1988314 INFO pr:0.8219  rc:0.6045  auc:0.9775 ap:0.8818 f1: 0.6967 pred_right: 38708 pred_wrong:292 actu_right: 38603 actu_wrong: 397
2026-09-09 18:22:55,221 P1988314 INFO pr:0.8657  rc:0.4496  auc:0.9956 ap:0.8833 f1: 0.5918 pred_right: 16433 pred_wrong:67 actu_right: 16371 actu_wrong: 129
2026-09-09 18:22:55,222 P1988314 INFO ----------------------------------------------------------------------------------------------------
2026-09-09 18:22:55,223 P1988314 INFO 34/300 starting... lr: 0.001 para:0.02857142873108387
2026-09-09 18:23:07,653 P1988314 INFO Epoch 34/300, all_loss:0.73705 cls_loss:0.75559 rec_loss:0.10666 [12.43s]; best loss:0.71627, patience : 1
2026-09-09 18:23:11,452 P1988314 INFO pr:0.8382  rc:0.6524  auc:0.9776 ap:0.8958 f1: 0.7337 pred_right: 38691 pred_wrong:309 actu_right: 38603 actu_wrong: 397
2026-09-09 18:23:12,863 P1988314 INFO pr:0.8382  rc:0.4419  auc:0.9961 ap:0.8824 f1: 0.5787 pred_right: 16432 pred_wrong:68 actu_right: 16371 actu_wrong: 129
2026-09-09 18:23:12,864 P1988314 INFO ----------------------------------------------------------------------------------------------------
2026-09-09 18:23:12,865 P1988314 INFO 35/300 starting... lr: 0.001 para:0.02777777798473835
2026-09-09 18:23:25,213 P1988314 INFO Epoch 35/300, all_loss:3.92452 cls_loss:4.03368 rec_loss:0.10374 [12.35s]; best loss:0.71627, patience : 2
2026-09-09 18:23:28,319 P1988314 INFO pr:0.8535  rc:0.3375  auc:0.9733 ap:0.8801 f1: 0.4838 pred_right: 38843 pred_wrong:157 actu_right: 38603 actu_wrong: 397
2026-09-09 18:23:29,660 P1988314 INFO pr:0.8913  rc:0.3178  auc:0.9830 ap:0.8721 f1: 0.4686 pred_right: 16454 pred_wrong:46 actu_right: 16371 actu_wrong: 129
2026-09-09 18:23:29,662 P1988314 INFO ----------------------------------------------------------------------------------------------------
2026-09-09 18:23:29,662 P1988314 INFO 36/300 starting... lr: 0.001 para:0.027027027681469917
2026-09-09 18:23:42,218 P1988314 INFO Epoch 36/300, all_loss:0.72600 cls_loss:0.74333 rec_loss:0.10202 [12.56s]; best loss:0.71627, patience : 2
2026-09-09 18:23:45,728 P1988314 INFO pr:0.5858  rc:0.8338  auc:0.9737 ap:0.8865 f1: 0.6881 pred_right: 38435 pred_wrong:565 actu_right: 38603 actu_wrong: 397
2026-09-09 18:23:47,165 P1988314 INFO pr:0.5471  rc:0.7209  auc:0.9934 ap:0.8185 f1: 0.6221 pred_right: 16330 pred_wrong:170 actu_right: 16371 actu_wrong: 129
2026-09-09 18:23:47,166 P1988314 INFO ----------------------------------------------------------------------------------------------------
2026-09-09 18:23:47,166 P1988314 INFO 37/300 starting... lr: 0.001 para:0.02631578966975212
2026-09-09 18:23:58,917 P1988314 INFO Epoch 37/300, all_loss:0.68658 cls_loss:0.70240 rec_loss:0.10115 [11.74s]; best loss:0.68658, patience : 0
2026-09-09 18:24:01,875 P1988314 INFO pr:0.6808  rc:0.7683  auc:0.9766 ap:0.8907 f1: 0.7219 pred_right: 38552 pred_wrong:448 actu_right: 38603 actu_wrong: 397
2026-09-09 18:24:03,222 P1988314 INFO pr:0.6417  rc:0.5969  auc:0.9890 ap:0.8214 f1: 0.6185 pred_right: 16380 pred_wrong:120 actu_right: 16371 actu_wrong: 129
2026-09-09 18:24:03,223 P1988314 INFO ----------------------------------------------------------------------------------------------------
2026-09-09 18:24:03,223 P1988314 INFO 38/300 starting... lr: 0.001 para:0.025641025975346565
2026-09-09 18:24:24,210 P1988314 INFO Epoch 38/300, all_loss:0.74214 cls_loss:0.75905 rec_loss:0.09960 [20.99s]; best loss:0.68658, patience : 1
2026-09-09 18:24:28,569 P1988314 INFO pr:0.8916  rc:0.4559  auc:0.9759 ap:0.8941 f1: 0.6033 pred_right: 38797 pred_wrong:203 actu_right: 38603 actu_wrong: 397
2026-09-09 18:24:30,069 P1988314 INFO pr:0.9737  rc:0.2868  auc:0.9966 ap:0.8875 f1: 0.4431 pred_right: 16462 pred_wrong:38 actu_right: 16371 actu_wrong: 129
2026-09-09 18:24:30,070 P1988314 INFO ----------------------------------------------------------------------------------------------------
2026-09-09 18:24:30,071 P1988314 INFO 39/300 starting... lr: 0.001 para:0.02500000037252903
2026-09-09 18:24:42,586 P1988314 INFO Epoch 39/300, all_loss:0.73236 cls_loss:0.74857 rec_loss:0.10004 [12.51s]; best loss:0.68658, patience : 1
2026-09-09 18:24:46,029 P1988314 INFO pr:0.8167  rc:0.5164  auc:0.9779 ap:0.8737 f1: 0.6327 pred_right: 38749 pred_wrong:251 actu_right: 38603 actu_wrong: 397
2026-09-09 18:24:47,361 P1988314 INFO pr:0.8611  rc:0.4806  auc:0.9852 ap:0.8468 f1: 0.6169 pred_right: 16428 pred_wrong:72 actu_right: 16371 actu_wrong: 129
2026-09-09 18:24:47,362 P1988314 INFO ----------------------------------------------------------------------------------------------------
2026-09-09 18:24:47,362 P1988314 INFO 40/300 starting... lr: 0.001 para:0.024390242993831635
2026-09-09 18:24:59,062 P1988314 INFO Epoch 40/300, all_loss:0.71712 cls_loss:0.73251 rec_loss:0.10148 [11.70s]; best loss:0.68658, patience : 1
2026-09-09 18:25:02,714 P1988314 INFO pr:0.8052  rc:0.6977  auc:0.9741 ap:0.8977 f1: 0.7476 pred_right: 38656 pred_wrong:344 actu_right: 38603 actu_wrong: 397
2026-09-09 18:25:04,059 P1988314 INFO pr:0.7867  rc:0.4574  auc:0.9957 ap:0.8683 f1: 0.5784 pred_right: 16425 pred_wrong:75 actu_right: 16371 actu_wrong: 129
2026-09-09 18:25:04,067 P1988314 INFO ----------------------------------------------------------------------------------------------------
2026-09-09 18:25:04,068 P1988314 INFO 41/300 starting... lr: 0.001 para:0.02380952425301075
2026-09-09 18:25:16,151 P1988314 INFO Epoch 41/300, all_loss:0.71143 cls_loss:0.72632 rec_loss:0.10072 [12.08s]; best loss:0.68658, patience : 1
2026-09-09 18:25:19,555 P1988314 INFO pr:0.8659  rc:0.5365  auc:0.9782 ap:0.8946 f1: 0.6625 pred_right: 38754 pred_wrong:246 actu_right: 38603 actu_wrong: 397
2026-09-09 18:25:21,040 P1988314 INFO pr:0.8431  rc:0.3333  auc:0.9942 ap:0.8653 f1: 0.4778 pred_right: 16449 pred_wrong:51 actu_right: 16371 actu_wrong: 129
2026-09-09 18:25:21,041 P1988314 INFO ----------------------------------------------------------------------------------------------------
2026-09-09 18:25:21,041 P1988314 INFO 42/300 starting... lr: 0.001 para:0.023255813866853714
2026-09-09 18:25:33,060 P1988314 INFO Epoch 42/300, all_loss:0.81143 cls_loss:0.82848 rec_loss:0.09561 [12.02s]; best loss:0.68658, patience : 2
2026-09-09 18:25:36,265 P1988314 INFO pr:0.6759  rc:0.7985  auc:0.9807 ap:0.9006 f1: 0.7321 pred_right: 38531 pred_wrong:469 actu_right: 38603 actu_wrong: 397
2026-09-09 18:25:37,635 P1988314 INFO pr:0.7040  rc:0.6822  auc:0.9945 ap:0.8549 f1: 0.6929 pred_right: 16375 pred_wrong:125 actu_right: 16371 actu_wrong: 129
2026-09-09 18:25:37,637 P1988314 INFO ----------------------------------------------------------------------------------------------------
2026-09-09 18:25:37,638 P1988314 INFO 43/300 starting... lr: 0.001 para:0.022727273404598236
2026-09-09 18:25:50,117 P1988314 INFO Epoch 43/300, all_loss:0.73647 cls_loss:0.75135 rec_loss:0.09659 [12.48s]; best loss:0.68658, patience : 2
2026-09-09 18:25:53,796 P1988314 INFO pr:0.8360  rc:0.6549  auc:0.9780 ap:0.8996 f1: 0.7345 pred_right: 38689 pred_wrong:311 actu_right: 38603 actu_wrong: 397
2026-09-09 18:25:55,140 P1988314 INFO pr:0.8243  rc:0.4729  auc:0.9961 ap:0.8677 f1: 0.6010 pred_right: 16426 pred_wrong:74 actu_right: 16371 actu_wrong: 129
2026-09-09 18:25:55,141 P1988314 INFO ----------------------------------------------------------------------------------------------------
2026-09-09 18:25:55,142 P1988314 INFO 44/300 starting... lr: 0.001 para:0.02222222276031971
2026-09-09 18:26:07,428 P1988314 INFO Epoch 44/300, all_loss:0.64397 cls_loss:0.65633 rec_loss:0.10003 [12.28s]; best loss:0.64397, patience : 0
2026-09-09 18:26:10,795 P1988314 INFO pr:0.7962  rc:0.7481  auc:0.9798 ap:0.9032 f1: 0.7714 pred_right: 38627 pred_wrong:373 actu_right: 38603 actu_wrong: 397
2026-09-09 18:26:12,438 P1988314 INFO pr:0.8444  rc:0.5891  auc:0.9967 ap:0.8671 f1: 0.6941 pred_right: 16410 pred_wrong:90 actu_right: 16371 actu_wrong: 129
2026-09-09 18:26:12,449 P1988314 INFO ----------------------------------------------------------------------------------------------------
2026-09-09 18:26:12,449 P1988314 INFO 45/300 starting... lr: 0.001 para:0.021739130839705467
2026-09-09 18:26:25,727 P1988314 INFO Epoch 45/300, all_loss:0.64108 cls_loss:0.65315 rec_loss:0.09806 [13.27s]; best loss:0.64108, patience : 0
2026-09-09 18:26:28,206 P1988314 INFO pr:0.7903  rc:0.7406  auc:0.9784 ap:0.9066 f1: 0.7646 pred_right: 38628 pred_wrong:372 actu_right: 38603 actu_wrong: 397
2026-09-09 18:26:29,214 P1988314 INFO pr:0.7449  rc:0.5659  auc:0.9960 ap:0.8610 f1: 0.6432 pred_right: 16402 pred_wrong:98 actu_right: 16371 actu_wrong: 129
2026-09-09 18:26:29,215 P1988314 INFO ----------------------------------------------------------------------------------------------------
2026-09-09 18:26:29,215 P1988314 INFO 46/300 starting... lr: 0.001 para:0.021276595070958138
2026-09-09 18:26:39,702 P1988314 INFO Epoch 46/300, all_loss:0.65165 cls_loss:0.66363 rec_loss:0.10066 [10.49s]; best loss:0.64108, patience : 1
2026-09-09 18:26:43,870 P1988314 INFO pr:0.8092  rc:0.7053  auc:0.9750 ap:0.9026 f1: 0.7537 pred_right: 38654 pred_wrong:346 actu_right: 38603 actu_wrong: 397
2026-09-09 18:26:48,659 P1988314 INFO pr:0.7386  rc:0.5039  auc:0.9941 ap:0.8504 f1: 0.5991 pred_right: 16412 pred_wrong:88 actu_right: 16371 actu_wrong: 129
2026-09-09 18:26:48,665 P1988314 INFO ----------------------------------------------------------------------------------------------------
2026-09-09 18:26:48,668 P1988314 INFO 47/300 starting... lr: 0.001 para:0.02083333395421505
2026-09-09 18:27:07,595 P1988314 INFO Epoch 47/300, all_loss:0.67084 cls_loss:0.68294 rec_loss:0.10241 [18.92s]; best loss:0.64108, patience : 2
2026-09-09 18:27:11,023 P1988314 INFO pr:0.8744  rc:0.4924  auc:0.9769 ap:0.9006 f1: 0.6300 pred_right: 38777 pred_wrong:223 actu_right: 38604 actu_wrong: 396
2026-09-09 18:27:12,357 P1988314 INFO pr:0.8889  rc:0.3721  auc:0.9889 ap:0.8554 f1: 0.5246 pred_right: 16446 pred_wrong:54 actu_right: 16371 actu_wrong: 129
2026-09-09 18:27:12,359 P1988314 INFO ----------------------------------------------------------------------------------------------------
2026-09-09 18:27:12,359 P1988314 INFO 48/300 starting... lr: 0.001 para:0.020408162847161293
2026-09-09 18:27:24,540 P1988314 INFO Epoch 48/300, all_loss:0.62891 cls_loss:0.63985 rec_loss:0.10411 [12.17s]; best loss:0.62891, patience : 0
2026-09-09 18:27:27,434 P1988314 INFO pr:0.7531  rc:0.7683  auc:0.9754 ap:0.9013 f1: 0.7606 pred_right: 38595 pred_wrong:405 actu_right: 38603 actu_wrong: 397
2026-09-09 18:27:28,780 P1988314 INFO pr:0.7297  rc:0.6279  auc:0.9959 ap:0.8387 f1: 0.6750 pred_right: 16389 pred_wrong:111 actu_right: 16371 actu_wrong: 129
2026-09-09 18:27:28,781 P1988314 INFO ----------------------------------------------------------------------------------------------------
2026-09-09 18:27:28,781 P1988314 INFO 49/300 starting... lr: 0.001 para:0.019999999552965164
2026-09-09 18:27:40,731 P1988314 INFO Epoch 49/300, all_loss:0.68708 cls_loss:0.69889 rec_loss:0.10849 [11.95s]; best loss:0.62891, patience : 1
2026-09-09 18:27:44,194 P1988314 INFO pr:0.7382  rc:0.7884  auc:0.9827 ap:0.9108 f1: 0.7625 pred_right: 38576 pred_wrong:424 actu_right: 38603 actu_wrong: 397
2026-09-09 18:27:45,600 P1988314 INFO pr:0.7523  rc:0.6357  auc:0.9957 ap:0.8487 f1: 0.6891 pred_right: 16391 pred_wrong:109 actu_right: 16371 actu_wrong: 129
2026-09-09 18:27:45,601 P1988314 INFO ----------------------------------------------------------------------------------------------------
2026-09-09 18:27:45,601 P1988314 INFO 50/300 starting... lr: 0.001 para:0.019607843831181526
2026-09-09 18:27:57,893 P1988314 INFO Epoch 50/300, all_loss:0.65728 cls_loss:0.66835 rec_loss:0.10373 [12.29s]; best loss:0.62891, patience : 1
2026-09-09 18:28:01,013 P1988314 INFO pr:0.8102  rc:0.6793  auc:0.9784 ap:0.9023 f1: 0.7390 pred_right: 38668 pred_wrong:332 actu_right: 38604 actu_wrong: 396
2026-09-09 18:28:02,261 P1988314 INFO pr:0.8000  rc:0.5581  auc:0.9915 ap:0.8552 f1: 0.6575 pred_right: 16410 pred_wrong:90 actu_right: 16371 actu_wrong: 129
2026-09-09 18:28:02,262 P1988314 INFO ----------------------------------------------------------------------------------------------------
2026-09-09 18:28:02,268 P1988314 INFO 51/300 starting... lr: 0.001 para:0.01923076994717121
2026-09-09 18:28:14,508 P1988314 INFO Epoch 51/300, all_loss:1.87358 cls_loss:1.90826 rec_loss:0.10520 [12.24s]; best loss:0.62891, patience : 2
2026-09-09 18:28:17,902 P1988314 INFO pr:0.8210  rc:0.7280  auc:0.9792 ap:0.9080 f1: 0.7717 pred_right: 38648 pred_wrong:352 actu_right: 38603 actu_wrong: 397
2026-09-09 18:28:19,122 P1988314 INFO pr:0.7816  rc:0.5271  auc:0.9956 ap:0.8639 f1: 0.6296 pred_right: 16413 pred_wrong:87 actu_right: 16371 actu_wrong: 129
2026-09-09 18:28:19,129 P1988314 INFO ----------------------------------------------------------------------------------------------------
2026-09-09 18:28:19,130 P1988314 INFO 52/300 starting... lr: 0.001 para:0.01886792480945587
2026-09-09 18:28:32,003 P1988314 INFO Epoch 52/300, all_loss:0.67047 cls_loss:0.68142 rec_loss:0.10093 [12.87s]; best loss:0.62891, patience : 2
2026-09-09 18:28:35,671 P1988314 INFO pr:0.8324  rc:0.7273  auc:0.9759 ap:0.9086 f1: 0.7763 pred_right: 38654 pred_wrong:346 actu_right: 38604 actu_wrong: 396
2026-09-09 18:28:37,120 P1988314 INFO pr:0.7500  rc:0.5349  auc:0.9927 ap:0.8375 f1: 0.6244 pred_right: 16408 pred_wrong:92 actu_right: 16371 actu_wrong: 129
2026-09-09 18:28:37,131 P1988314 INFO ----------------------------------------------------------------------------------------------------
2026-09-09 18:28:37,131 P1988314 INFO 53/300 starting... lr: 0.001 para:0.018518518656492233
2026-09-09 18:28:49,949 P1988314 INFO Epoch 53/300, all_loss:0.59611 cls_loss:0.60552 rec_loss:0.09714 [12.81s]; best loss:0.59611, patience : 0
2026-09-09 18:28:53,315 P1988314 INFO pr:0.8197  rc:0.7348  auc:0.9759 ap:0.9146 f1: 0.7750 pred_right: 38645 pred_wrong:355 actu_right: 38604 actu_wrong: 396
2026-09-09 18:28:54,617 P1988314 INFO pr:0.7742  rc:0.5581  auc:0.9960 ap:0.8589 f1: 0.6486 pred_right: 16407 pred_wrong:93 actu_right: 16371 actu_wrong: 129
2026-09-09 18:28:54,618 P1988314 INFO ----------------------------------------------------------------------------------------------------
2026-09-09 18:28:54,618 P1988314 INFO 54/300 starting... lr: 0.001 para:0.0181818176060915
2026-09-09 18:29:08,238 P1988314 INFO Epoch 54/300, all_loss:0.62542 cls_loss:0.63508 rec_loss:0.10409 [13.62s]; best loss:0.59611, patience : 1
2026-09-09 18:29:10,620 P1988314 INFO pr:0.7995  rc:0.7431  auc:0.9777 ap:0.9054 f1: 0.7702 pred_right: 38631 pred_wrong:369 actu_right: 38603 actu_wrong: 397
2026-09-09 18:29:11,830 P1988314 INFO pr:0.7188  rc:0.5349  auc:0.9960 ap:0.8248 f1: 0.6133 pred_right: 16404 pred_wrong:96 actu_right: 16371 actu_wrong: 129
2026-09-09 18:29:11,831 P1988314 INFO ----------------------------------------------------------------------------------------------------
2026-09-09 18:29:11,832 P1988314 INFO 55/300 starting... lr: 0.001 para:0.01785714365541935
2026-09-09 18:29:23,008 P1988314 INFO Epoch 55/300, all_loss:0.65439 cls_loss:0.66443 rec_loss:0.10223 [11.18s]; best loss:0.59611, patience : 2
2026-09-09 18:29:34,389 P1988314 INFO pr:0.8011  rc:0.7607  auc:0.9777 ap:0.9092 f1: 0.7804 pred_right: 38623 pred_wrong:377 actu_right: 38603 actu_wrong: 397
2026-09-09 18:29:39,208 P1988314 INFO pr:0.7653  rc:0.5814  auc:0.9951 ap:0.8554 f1: 0.6608 pred_right: 16402 pred_wrong:98 actu_right: 16371 actu_wrong: 129
2026-09-09 18:29:39,217 P1988314 INFO ----------------------------------------------------------------------------------------------------
2026-09-09 18:29:39,218 P1988314 INFO 56/300 starting... lr: 0.001 para:0.017543859779834747
2026-09-09 18:29:54,512 P1988314 INFO Epoch 56/300, all_loss:0.55199 cls_loss:0.55999 rec_loss:0.10383 [15.29s]; best loss:0.55199, patience : 0
2026-09-09 18:29:58,058 P1988314 INFO pr:0.8864  rc:0.6096  auc:0.9731 ap:0.9082 f1: 0.7224 pred_right: 38727 pred_wrong:273 actu_right: 38603 actu_wrong: 397
2026-09-09 18:29:59,354 P1988314 INFO pr:0.7846  rc:0.3953  auc:0.9952 ap:0.8616 f1: 0.5258 pred_right: 16435 pred_wrong:65 actu_right: 16371 actu_wrong: 129
2026-09-09 18:29:59,355 P1988314 INFO ----------------------------------------------------------------------------------------------------
2026-09-09 18:29:59,356 P1988314 INFO 57/300 starting... lr: 0.001 para:0.017241379246115685
2026-09-09 18:30:11,031 P1988314 INFO Epoch 57/300, all_loss:0.57768 cls_loss:0.58589 rec_loss:0.10977 [11.67s]; best loss:0.55199, patience : 1
2026-09-09 18:30:14,691 P1988314 INFO pr:0.8854  rc:0.7003  auc:0.9778 ap:0.9200 f1: 0.7820 pred_right: 38686 pred_wrong:314 actu_right: 38603 actu_wrong: 397
2026-09-09 18:30:16,119 P1988314 INFO pr:0.8095  rc:0.5271  auc:0.9957 ap:0.8667 f1: 0.6385 pred_right: 16416 pred_wrong:84 actu_right: 16371 actu_wrong: 129
2026-09-09 18:30:16,127 P1988314 INFO ----------------------------------------------------------------------------------------------------
2026-09-09 18:30:16,127 P1988314 INFO 58/300 starting... lr: 0.001 para:0.016949152573943138
2026-09-09 18:30:28,194 P1988314 INFO Epoch 58/300, all_loss:0.65999 cls_loss:0.66956 rec_loss:0.10487 [12.07s]; best loss:0.55199, patience : 2
2026-09-09 18:30:31,941 P1988314 INFO pr:0.8427  rc:0.7154  auc:0.9733 ap:0.9143 f1: 0.7738 pred_right: 38663 pred_wrong:337 actu_right: 38603 actu_wrong: 397
2026-09-09 18:30:33,212 P1988314 INFO pr:0.7667  rc:0.5349  auc:0.9908 ap:0.8647 f1: 0.6301 pred_right: 16410 pred_wrong:90 actu_right: 16371 actu_wrong: 129
2026-09-09 18:30:33,213 P1988314 INFO ----------------------------------------------------------------------------------------------------
2026-09-09 18:30:33,220 P1988314 INFO 59/300 starting... lr: 0.001 para:0.01666666753590107
2026-09-09 18:30:45,613 P1988314 INFO Epoch 59/300, all_loss:0.58021 cls_loss:0.58812 rec_loss:0.11372 [12.39s]; best loss:0.55199, patience : 2
2026-09-09 18:30:48,884 P1988314 INFO pr:0.8338  rc:0.7708  auc:0.9804 ap:0.9191 f1: 0.8010 pred_right: 38633 pred_wrong:367 actu_right: 38603 actu_wrong: 397
2026-09-09 18:30:50,300 P1988314 INFO pr:0.7549  rc:0.5969  auc:0.9950 ap:0.8455 f1: 0.6667 pred_right: 16398 pred_wrong:102 actu_right: 16371 actu_wrong: 129
2026-09-09 18:30:50,309 P1988314 INFO ----------------------------------------------------------------------------------------------------
2026-09-09 18:30:50,309 P1988314 INFO 60/300 starting... lr: 0.001 para:0.016393441706895828
2026-09-09 18:31:02,463 P1988314 INFO Epoch 60/300, all_loss:0.55815 cls_loss:0.56553 rec_loss:0.11555 [12.15s]; best loss:0.55199, patience : 2
2026-09-09 18:31:05,859 P1988314 INFO pr:0.8027  rc:0.7481  auc:0.9716 ap:0.9116 f1: 0.7744 pred_right: 38630 pred_wrong:370 actu_right: 38603 actu_wrong: 397
2026-09-09 18:31:07,882 P1988314 INFO pr:0.7816  rc:0.5271  auc:0.9792 ap:0.8573 f1: 0.6296 pred_right: 16413 pred_wrong:87 actu_right: 16371 actu_wrong: 129
2026-09-09 18:31:07,885 P1988314 INFO ----------------------------------------------------------------------------------------------------
2026-09-09 18:31:07,886 P1988314 INFO 61/300 starting... lr: 0.001 para:0.016129031777381897
2026-09-09 18:31:20,443 P1988314 INFO Epoch 61/300, all_loss:0.58337 cls_loss:0.59108 rec_loss:0.11301 [12.56s]; best loss:0.55199, patience : 3
2026-09-09 18:31:24,185 P1988314 INFO pr:0.8333  rc:0.7828  auc:0.9782 ap:0.9212 f1: 0.8073 pred_right: 38628 pred_wrong:372 actu_right: 38604 actu_wrong: 396
2026-09-09 18:31:25,956 P1988314 INFO pr:0.7653  rc:0.5814  auc:0.9958 ap:0.8620 f1: 0.6608 pred_right: 16402 pred_wrong:98 actu_right: 16371 actu_wrong: 129
2026-09-09 18:31:25,966 P1988314 INFO ----------------------------------------------------------------------------------------------------
2026-09-09 18:31:25,966 P1988314 INFO 62/300 starting... lr: 0.001 para:0.01587301678955555
2026-09-09 18:31:38,420 P1988314 INFO Epoch 62/300, all_loss:0.75071 cls_loss:0.76099 rec_loss:0.11329 [12.45s]; best loss:0.55199, patience : 4
2026-09-09 18:31:41,544 P1988314 INFO pr:0.8202  rc:0.7582  auc:0.9695 ap:0.9110 f1: 0.7880 pred_right: 38633 pred_wrong:367 actu_right: 38603 actu_wrong: 397
2026-09-09 18:31:42,818 P1988314 INFO pr:0.7912  rc:0.5581  auc:0.9845 ap:0.8504 f1: 0.6545 pred_right: 16409 pred_wrong:91 actu_right: 16371 actu_wrong: 129
2026-09-09 18:31:42,819 P1988314 INFO ----------------------------------------------------------------------------------------------------
2026-09-09 18:31:42,819 P1988314 INFO 63/300 starting... lr: 0.001 para:0.015625
2026-09-09 18:31:54,785 P1988314 INFO Epoch 63/300, all_loss:0.63163 cls_loss:0.63987 rec_loss:0.11224 [11.96s]; best loss:0.55199, patience : 4
2026-09-09 18:31:57,463 P1988314 INFO pr:0.8238  rc:0.7677  auc:0.9770 ap:0.9202 f1: 0.7948 pred_right: 38631 pred_wrong:369 actu_right: 38604 actu_wrong: 396
2026-09-09 18:31:58,679 P1988314 INFO pr:0.7872  rc:0.5736  auc:0.9899 ap:0.8719 f1: 0.6637 pred_right: 16406 pred_wrong:94 actu_right: 16371 actu_wrong: 129
2026-09-09 18:31:58,681 P1988314 INFO ----------------------------------------------------------------------------------------------------
2026-09-09 18:31:58,681 P1988314 INFO 64/300 starting... lr: 0.001 para:0.015384615398943424
2026-09-09 18:32:18,946 P1988314 INFO Epoch 64/300, all_loss:0.55612 cls_loss:0.56308 rec_loss:0.11056 [20.26s]; best loss:0.55199, patience : 4
2026-09-09 18:32:24,777 P1988314 INFO pr:0.8400  rc:0.7406  auc:0.9737 ap:0.8923 f1: 0.7871 pred_right: 38650 pred_wrong:350 actu_right: 38603 actu_wrong: 397
2026-09-09 18:32:26,634 P1988314 INFO pr:0.8068  rc:0.5504  auc:0.9908 ap:0.8471 f1: 0.6544 pred_right: 16412 pred_wrong:88 actu_right: 16371 actu_wrong: 129
2026-09-09 18:32:26,635 P1988314 INFO ----------------------------------------------------------------------------------------------------
2026-09-09 18:32:26,636 P1988314 INFO 65/300 starting... lr: 0.001 para:0.01515151560306549
2026-09-09 18:32:38,922 P1988314 INFO Epoch 65/300, all_loss:0.74195 cls_loss:0.75164 rec_loss:0.11233 [12.29s]; best loss:0.55199, patience : 5
2026-09-09 18:32:42,202 P1988314 INFO pr:0.8042  rc:0.7758  auc:0.9783 ap:0.9176 f1: 0.7897 pred_right: 38617 pred_wrong:383 actu_right: 38603 actu_wrong: 397
2026-09-09 18:32:43,592 P1988314 INFO pr:0.7222  rc:0.6047  auc:0.9948 ap:0.8450 f1: 0.6582 pred_right: 16392 pred_wrong:108 actu_right: 16371 actu_wrong: 129
2026-09-09 18:32:43,593 P1988314 INFO ----------------------------------------------------------------------------------------------------
2026-09-09 18:32:43,593 P1988314 INFO 66/300 starting... lr: 0.001 para:0.014925372786819935
2026-09-09 18:32:55,481 P1988314 INFO Epoch 66/300, all_loss:0.52948 cls_loss:0.53576 rec_loss:0.11491 [11.88s]; best loss:0.52948, patience : 0
2026-09-09 18:32:58,806 P1988314 INFO pr:0.9132  rc:0.5567  auc:0.9739 ap:0.9080 f1: 0.6917 pred_right: 38758 pred_wrong:242 actu_right: 38603 actu_wrong: 397
2026-09-09 18:33:00,093 P1988314 INFO pr:0.8475  rc:0.3876  auc:0.9798 ap:0.8600 f1: 0.5319 pred_right: 16441 pred_wrong:59 actu_right: 16371 actu_wrong: 129
2026-09-09 18:33:00,094 P1988314 INFO ----------------------------------------------------------------------------------------------------
2026-09-09 18:33:00,094 P1988314 INFO 67/300 starting... lr: 0.001 para:0.014705882407724857
2026-09-09 18:33:12,212 P1988314 INFO Epoch 67/300, all_loss:0.60282 cls_loss:0.61008 rec_loss:0.11683 [12.12s]; best loss:0.52948, patience : 1
2026-09-09 18:33:15,577 P1988314 INFO pr:0.7978  rc:0.7154  auc:0.9758 ap:0.9074 f1: 0.7543 pred_right: 38644 pred_wrong:356 actu_right: 38603 actu_wrong: 397
2026-09-09 18:33:16,976 P1988314 INFO pr:0.7949  rc:0.4806  auc:0.9841 ap:0.8332 f1: 0.5990 pred_right: 16422 pred_wrong:78 actu_right: 16371 actu_wrong: 129
2026-09-09 18:33:16,977 P1988314 INFO ----------------------------------------------------------------------------------------------------
2026-09-09 18:33:16,977 P1988314 INFO 68/300 starting... lr: 0.001 para:0.014492753893136978
2026-09-09 18:33:29,494 P1988314 INFO Epoch 68/300, all_loss:0.53823 cls_loss:0.54444 rec_loss:0.11612 [12.52s]; best loss:0.52948, patience : 1
2026-09-09 18:33:32,828 P1988314 INFO pr:0.8209  rc:0.7733  auc:0.9746 ap:0.8959 f1: 0.7964 pred_right: 38626 pred_wrong:374 actu_right: 38603 actu_wrong: 397
2026-09-09 18:33:34,432 P1988314 INFO pr:0.6754  rc:0.5969  auc:0.9836 ap:0.8331 f1: 0.6337 pred_right: 16386 pred_wrong:114 actu_right: 16371 actu_wrong: 129
2026-09-09 18:33:34,434 P1988314 INFO ----------------------------------------------------------------------------------------------------
2026-09-09 18:33:34,436 P1988314 INFO 69/300 starting... lr: 0.001 para:0.014285714365541935
2026-09-09 18:33:46,711 P1988314 INFO Epoch 69/300, all_loss:0.58844 cls_loss:0.59523 rec_loss:0.12032 [12.27s]; best loss:0.52948, patience : 2
2026-09-09 18:33:50,359 P1988314 INFO pr:0.8390  rc:0.7481  auc:0.9737 ap:0.9188 f1: 0.7909 pred_right: 38646 pred_wrong:354 actu_right: 38603 actu_wrong: 397
2026-09-09 18:33:51,752 P1988314 INFO pr:0.7955  rc:0.5426  auc:0.9862 ap:0.8715 f1: 0.6452 pred_right: 16412 pred_wrong:88 actu_right: 16371 actu_wrong: 129
2026-09-09 18:33:51,754 P1988314 INFO ----------------------------------------------------------------------------------------------------
2026-09-09 18:33:51,755 P1988314 INFO 70/300 starting... lr: 0.001 para:0.014084506779909134
2026-09-09 18:34:04,319 P1988314 INFO Epoch 70/300, all_loss:0.56095 cls_loss:0.56733 rec_loss:0.11446 [12.56s]; best loss:0.52948, patience : 2
2026-09-09 18:34:07,586 P1988314 INFO pr:0.8457  rc:0.7733  auc:0.9780 ap:0.9147 f1: 0.8079 pred_right: 38637 pred_wrong:363 actu_right: 38603 actu_wrong: 397
2026-09-09 18:34:08,898 P1988314 INFO pr:0.7573  rc:0.6047  auc:0.9916 ap:0.8527 f1: 0.6724 pred_right: 16397 pred_wrong:103 actu_right: 16371 actu_wrong: 129
2026-09-09 18:34:08,906 P1988314 INFO ----------------------------------------------------------------------------------------------------
2026-09-09 18:34:08,906 P1988314 INFO 71/300 starting... lr: 0.001 para:0.013888888992369175
2026-09-09 18:34:21,486 P1988314 INFO Epoch 71/300, all_loss:0.52683 cls_loss:0.53262 rec_loss:0.11544 [12.57s]; best loss:0.52683, patience : 0
2026-09-09 18:34:26,954 P1988314 INFO pr:0.8977  rc:0.6869  auc:0.9738 ap:0.9167 f1: 0.7783 pred_right: 38697 pred_wrong:303 actu_right: 38604 actu_wrong: 396
2026-09-09 18:34:28,010 P1988314 INFO pr:0.7821  rc:0.4729  auc:0.9899 ap:0.8588 f1: 0.5894 pred_right: 16422 pred_wrong:78 actu_right: 16371 actu_wrong: 129
2026-09-09 18:34:28,011 P1988314 INFO ----------------------------------------------------------------------------------------------------
2026-09-09 18:34:28,011 P1988314 INFO 72/300 starting... lr: 0.001 para:0.013698630034923553
2026-09-09 18:34:38,450 P1988314 INFO Epoch 72/300, all_loss:0.48261 cls_loss:0.48763 rec_loss:0.12133 [10.43s]; best loss:0.48261, patience : 0
2026-09-09 18:34:41,495 P1988314 INFO pr:0.8657  rc:0.7305  auc:0.9771 ap:0.9097 f1: 0.7923 pred_right: 38665 pred_wrong:335 actu_right: 38603 actu_wrong: 397
2026-09-09 18:34:42,772 P1988314 INFO pr:0.7841  rc:0.5349  auc:0.9899 ap:0.8198 f1: 0.6359 pred_right: 16412 pred_wrong:88 actu_right: 16371 actu_wrong: 129
2026-09-09 18:34:42,773 P1988314 INFO ----------------------------------------------------------------------------------------------------
2026-09-09 18:34:42,774 P1988314 INFO 73/300 starting... lr: 0.001 para:0.013513513840734959
2026-09-09 18:35:05,539 P1988314 INFO Epoch 73/300, all_loss:0.50121 cls_loss:0.50631 rec_loss:0.12888 [22.76s]; best loss:0.48261, patience : 1
2026-09-09 18:35:09,157 P1988314 INFO pr:0.8651  rc:0.7431  auc:0.9763 ap:0.9137 f1: 0.7995 pred_right: 38659 pred_wrong:341 actu_right: 38603 actu_wrong: 397
2026-09-09 18:35:10,643 P1988314 INFO pr:0.7263  rc:0.5349  auc:0.9920 ap:0.8063 f1: 0.6161 pred_right: 16405 pred_wrong:95 actu_right: 16371 actu_wrong: 129
2026-09-09 18:35:10,644 P1988314 INFO ----------------------------------------------------------------------------------------------------
2026-09-09 18:35:10,644 P1988314 INFO 74/300 starting... lr: 0.001 para:0.013333333656191826
2026-09-09 18:35:22,767 P1988314 INFO Epoch 74/300, all_loss:0.41451 cls_loss:0.41842 rec_loss:0.12580 [12.12s]; best loss:0.41451, patience : 0
2026-09-09 18:35:26,068 P1988314 INFO pr:0.9414  rc:0.5682  auc:0.9721 ap:0.9201 f1: 0.7087 pred_right: 38761 pred_wrong:239 actu_right: 38604 actu_wrong: 396
2026-09-09 18:35:27,501 P1988314 INFO pr:0.8710  rc:0.4186  auc:0.9695 ap:0.8653 f1: 0.5654 pred_right: 16438 pred_wrong:62 actu_right: 16371 actu_wrong: 129
2026-09-09 18:35:27,502 P1988314 INFO ----------------------------------------------------------------------------------------------------
2026-09-09 18:35:27,502 P1988314 INFO 75/300 starting... lr: 0.001 para:0.01315789483487606
2026-09-09 18:35:39,502 P1988314 INFO Epoch 75/300, all_loss:0.48629 cls_loss:0.49106 rec_loss:0.12881 [12.00s]; best loss:0.41451, patience : 1
2026-09-09 18:35:43,177 P1988314 INFO pr:0.8545  rc:0.7121  auc:0.9731 ap:0.9128 f1: 0.7769 pred_right: 38670 pred_wrong:330 actu_right: 38604 actu_wrong: 396
2026-09-09 18:35:44,752 P1988314 INFO pr:0.7586  rc:0.5116  auc:0.9791 ap:0.8537 f1: 0.6111 pred_right: 16413 pred_wrong:87 actu_right: 16371 actu_wrong: 129
2026-09-09 18:35:44,753 P1988314 INFO ----------------------------------------------------------------------------------------------------
2026-09-09 18:35:44,754 P1988314 INFO 76/300 starting... lr: 0.001 para:0.012987012974917889
2026-09-09 18:35:56,914 P1988314 INFO Epoch 76/300, all_loss:0.52071 cls_loss:0.52590 rec_loss:0.12613 [12.16s]; best loss:0.41451, patience : 2
2026-09-09 18:36:00,130 P1988314 INFO pr:0.9339  rc:0.5693  auc:0.9746 ap:0.9197 f1: 0.7074 pred_right: 38758 pred_wrong:242 actu_right: 38603 actu_wrong: 397
2026-09-09 18:36:01,664 P1988314 INFO pr:0.8621  rc:0.3876  auc:0.9755 ap:0.8603 f1: 0.5348 pred_right: 16442 pred_wrong:58 actu_right: 16371 actu_wrong: 129
2026-09-09 18:36:01,665 P1988314 INFO ----------------------------------------------------------------------------------------------------
2026-09-09 18:36:01,665 P1988314 INFO 77/300 starting... lr: 0.001 para:0.012820512987673283
2026-09-09 18:36:13,626 P1988314 INFO Epoch 77/300, all_loss:0.67064 cls_loss:0.67772 rec_loss:0.12504 [11.96s]; best loss:0.41451, patience : 3
2026-09-09 18:36:17,233 P1988314 INFO pr:0.8746  rc:0.7204  auc:0.9768 ap:0.9118 f1: 0.7901 pred_right: 38673 pred_wrong:327 actu_right: 38603 actu_wrong: 397
2026-09-09 18:36:18,708 P1988314 INFO pr:0.7073  rc:0.4496  auc:0.9903 ap:0.8036 f1: 0.5498 pred_right: 16418 pred_wrong:82 actu_right: 16371 actu_wrong: 129
2026-09-09 18:36:18,709 P1988314 INFO ----------------------------------------------------------------------------------------------------
2026-09-09 18:36:18,710 P1988314 INFO 78/300 starting... lr: 0.001 para:0.012658228166401386
2026-09-09 18:36:31,014 P1988314 INFO Epoch 78/300, all_loss:0.55797 cls_loss:0.56351 rec_loss:0.12615 [12.30s]; best loss:0.41451, patience : 3
2026-09-09 18:36:34,653 P1988314 INFO pr:0.9007  rc:0.6851  auc:0.9737 ap:0.9138 f1: 0.7783 pred_right: 38698 pred_wrong:302 actu_right: 38603 actu_wrong: 397
2026-09-09 18:36:36,142 P1988314 INFO pr:0.7792  rc:0.4651  auc:0.9835 ap:0.8499 f1: 0.5825 pred_right: 16423 pred_wrong:77 actu_right: 16371 actu_wrong: 129
2026-09-09 18:36:36,143 P1988314 INFO ----------------------------------------------------------------------------------------------------
2026-09-09 18:36:36,150 P1988314 INFO 79/300 starting... lr: 0.001 para:0.012500000186264515
2026-09-09 18:36:48,624 P1988314 INFO Epoch 79/300, all_loss:0.53497 cls_loss:0.54013 rec_loss:0.12715 [12.47s]; best loss:0.41451, patience : 3
2026-09-09 18:36:51,751 P1988314 INFO pr:0.9164  rc:0.6641  auc:0.9756 ap:0.9159 f1: 0.7701 pred_right: 38713 pred_wrong:287 actu_right: 38604 actu_wrong: 396
2026-09-09 18:36:53,010 P1988314 INFO pr:0.8806  rc:0.4574  auc:0.9771 ap:0.8580 f1: 0.6020 pred_right: 16433 pred_wrong:67 actu_right: 16371 actu_wrong: 129
2026-09-09 18:36:53,011 P1988314 INFO ----------------------------------------------------------------------------------------------------
2026-09-09 18:36:53,012 P1988314 INFO 80/300 starting... lr: 0.001 para:0.012345679104328156
2026-09-09 18:37:06,731 P1988314 INFO Epoch 80/300, all_loss:0.44612 cls_loss:0.45011 rec_loss:0.12709 [13.72s]; best loss:0.41451, patience : 3
2026-09-09 18:37:09,106 P1988314 INFO pr:0.8088  rc:0.7884  auc:0.9748 ap:0.8986 f1: 0.7985 pred_right: 38613 pred_wrong:387 actu_right: 38603 actu_wrong: 397
2026-09-09 18:37:10,112 P1988314 INFO pr:0.6903  rc:0.6047  auc:0.9885 ap:0.8102 f1: 0.6446 pred_right: 16387 pred_wrong:113 actu_right: 16371 actu_wrong: 129
2026-09-09 18:37:10,113 P1988314 INFO ----------------------------------------------------------------------------------------------------
2026-09-09 18:37:10,113 P1988314 INFO 81/300 starting... lr: 0.001 para:0.012195121496915817
2026-09-09 18:37:20,777 P1988314 INFO Epoch 81/300, all_loss:0.54799 cls_loss:0.55318 rec_loss:0.12753 [10.66s]; best loss:0.41451, patience : 4
2026-09-09 18:37:26,785 P1988314 INFO pr:0.8143  rc:0.7733  auc:0.9764 ap:0.9223 f1: 0.7933 pred_right: 38623 pred_wrong:377 actu_right: 38603 actu_wrong: 397
2026-09-09 18:37:32,083 P1988314 INFO pr:0.7812  rc:0.5814  auc:0.9891 ap:0.8585 f1: 0.6667 pred_right: 16404 pred_wrong:96 actu_right: 16371 actu_wrong: 129
2026-09-09 18:37:32,084 P1988314 INFO ----------------------------------------------------------------------------------------------------
2026-09-09 18:37:32,087 P1988314 INFO 82/300 starting... lr: 0.001 para:0.012048192322254181
2026-09-09 18:37:50,340 P1988314 INFO Epoch 82/300, all_loss:0.44171 cls_loss:0.44554 rec_loss:0.12756 [18.25s]; best loss:0.41451, patience : 4
2026-09-09 18:37:53,621 P1988314 INFO pr:0.9297  rc:0.5995  auc:0.9726 ap:0.9229 f1: 0.7289 pred_right: 38744 pred_wrong:256 actu_right: 38603 actu_wrong: 397
2026-09-09 18:37:55,097 P1988314 INFO pr:0.8209  rc:0.4264  auc:0.9736 ap:0.8549 f1: 0.5612 pred_right: 16433 pred_wrong:67 actu_right: 16371 actu_wrong: 129
2026-09-09 18:37:55,098 P1988314 INFO ----------------------------------------------------------------------------------------------------
2026-09-09 18:37:55,098 P1988314 INFO 83/300 starting... lr: 0.001 para:0.011904762126505375
2026-09-09 18:38:06,973 P1988314 INFO Epoch 83/300, all_loss:0.44524 cls_loss:0.44905 rec_loss:0.12846 [11.87s]; best loss:0.41451, patience : 5
2026-09-09 18:38:10,195 P1988314 INFO pr:0.8869  rc:0.7506  auc:0.9818 ap:0.9219 f1: 0.8131 pred_right: 38664 pred_wrong:336 actu_right: 38603 actu_wrong: 397
2026-09-09 18:38:11,523 P1988314 INFO pr:0.7526  rc:0.5659  auc:0.9905 ap:0.8243 f1: 0.6460 pred_right: 16403 pred_wrong:97 actu_right: 16371 actu_wrong: 129
2026-09-09 18:38:11,529 P1988314 INFO ----------------------------------------------------------------------------------------------------
2026-09-09 18:38:11,529 P1988314 INFO 84/300 starting... lr: 0.001 para:0.0117647061124444
2026-09-09 18:38:23,634 P1988314 INFO Epoch 84/300, all_loss:0.43834 cls_loss:0.44201 rec_loss:0.13019 [12.10s]; best loss:0.41451, patience : 5
2026-09-09 18:38:26,700 P1988314 INFO pr:0.9419  rc:0.6136  auc:0.9712 ap:0.9231 f1: 0.7431 pred_right: 38742 pred_wrong:258 actu_right: 38604 actu_wrong: 396
2026-09-09 18:38:27,941 P1988314 INFO pr:0.8500  rc:0.3953  auc:0.9724 ap:0.8656 f1: 0.5397 pred_right: 16440 pred_wrong:60 actu_right: 16371 actu_wrong: 129
2026-09-09 18:38:27,943 P1988314 INFO ----------------------------------------------------------------------------------------------------
2026-09-09 18:38:27,950 P1988314 INFO 85/300 starting... lr: 0.001 para:0.011627906933426857
2026-09-09 18:38:40,209 P1988314 INFO Epoch 85/300, all_loss:0.49645 cls_loss:0.50083 rec_loss:0.12473 [12.26s]; best loss:0.41451, patience : 6
2026-09-09 18:38:43,709 P1988314 INFO pr:0.9139  rc:0.6146  auc:0.9781 ap:0.9047 f1: 0.7349 pred_right: 38733 pred_wrong:267 actu_right: 38603 actu_wrong: 397
2026-09-09 18:38:45,149 P1988314 INFO pr:0.8169  rc:0.4496  auc:0.9848 ap:0.8171 f1: 0.5800 pred_right: 16429 pred_wrong:71 actu_right: 16371 actu_wrong: 129
2026-09-09 18:38:45,152 P1988314 INFO ----------------------------------------------------------------------------------------------------
2026-09-09 18:38:45,155 P1988314 INFO 86/300 starting... lr: 0.001 para:0.01149425283074379
2026-09-09 18:38:57,520 P1988314 INFO Epoch 86/300, all_loss:0.38456 cls_loss:0.38759 rec_loss:0.12392 [12.36s]; best loss:0.38456, patience : 0
2026-09-09 18:39:00,764 P1988314 INFO pr:0.7637  rc:0.8060  auc:0.9739 ap:0.9167 f1: 0.7843 pred_right: 38581 pred_wrong:419 actu_right: 38603 actu_wrong: 397
2026-09-09 18:39:02,073 P1988314 INFO pr:0.6800  rc:0.6589  auc:0.9897 ap:0.8226 f1: 0.6693 pred_right: 16375 pred_wrong:125 actu_right: 16371 actu_wrong: 129
2026-09-09 18:39:02,075 P1988314 INFO ----------------------------------------------------------------------------------------------------
2026-09-09 18:39:02,075 P1988314 INFO 87/300 starting... lr: 0.001 para:0.011363636702299118
2026-09-09 18:39:14,906 P1988314 INFO Epoch 87/300, all_loss:0.44795 cls_loss:0.45159 rec_loss:0.13144 [12.83s]; best loss:0.38456, patience : 1
2026-09-09 18:39:18,266 P1988314 INFO pr:0.9091  rc:0.6549  auc:0.9605 ap:0.9085 f1: 0.7613 pred_right: 38714 pred_wrong:286 actu_right: 38603 actu_wrong: 397
2026-09-09 18:39:19,541 P1988314 INFO pr:0.8689  rc:0.4109  auc:0.9477 ap:0.8402 f1: 0.5579 pred_right: 16439 pred_wrong:61 actu_right: 16371 actu_wrong: 129
2026-09-09 18:39:19,542 P1988314 INFO ----------------------------------------------------------------------------------------------------
2026-09-09 18:39:19,542 P1988314 INFO 88/300 starting... lr: 0.001 para:0.01123595517128706
2026-09-09 18:39:31,787 P1988314 INFO Epoch 88/300, all_loss:0.89987 cls_loss:0.90855 rec_loss:0.13570 [12.24s]; best loss:0.38456, patience : 2
2026-09-09 18:39:34,961 P1988314 INFO pr:0.9331  rc:0.7028  auc:0.9795 ap:0.9196 f1: 0.8017 pred_right: 38701 pred_wrong:299 actu_right: 38603 actu_wrong: 397
2026-09-09 18:39:36,466 P1988314 INFO pr:0.8415  rc:0.5349  auc:0.9843 ap:0.8458 f1: 0.6540 pred_right: 16418 pred_wrong:82 actu_right: 16371 actu_wrong: 129
2026-09-09 18:39:36,469 P1988314 INFO ----------------------------------------------------------------------------------------------------
2026-09-09 18:39:36,470 P1988314 INFO 89/300 starting... lr: 0.001 para:0.011111111380159855
2026-09-09 18:39:48,921 P1988314 INFO Epoch 89/300, all_loss:0.42299 cls_loss:0.42620 rec_loss:0.13677 [12.45s]; best loss:0.38456, patience : 2
2026-09-09 18:39:51,667 P1988314 INFO pr:0.8985  rc:0.7355  auc:0.9766 ap:0.9213 f1: 0.8089 pred_right: 38675 pred_wrong:325 actu_right: 38603 actu_wrong: 397
2026-09-09 18:39:52,827 P1988314 INFO pr:0.7778  rc:0.5426  auc:0.9862 ap:0.8487 f1: 0.6393 pred_right: 16410 pred_wrong:90 actu_right: 16371 actu_wrong: 129
2026-09-09 18:39:52,828 P1988314 INFO ----------------------------------------------------------------------------------------------------
2026-09-09 18:39:52,828 P1988314 INFO 90/300 starting... lr: 0.001 para:0.010989011265337467
2026-09-09 18:40:10,666 P1988314 INFO Epoch 90/300, all_loss:0.47402 cls_loss:0.47781 rec_loss:0.13284 [17.84s]; best loss:0.38456, patience : 3
2026-09-09 18:40:19,529 P1988314 INFO pr:0.9009  rc:0.7348  auc:0.9766 ap:0.9208 f1: 0.8095 pred_right: 38677 pred_wrong:323 actu_right: 38604 actu_wrong: 396
2026-09-09 18:40:21,474 P1988314 INFO pr:0.8182  rc:0.5581  auc:0.9887 ap:0.8534 f1: 0.6636 pred_right: 16412 pred_wrong:88 actu_right: 16371 actu_wrong: 129
2026-09-09 18:40:21,475 P1988314 INFO ----------------------------------------------------------------------------------------------------
2026-09-09 18:40:21,476 P1988314 INFO 91/300 starting... lr: 0.001 para:0.010869565419852734
2026-09-09 18:40:34,477 P1988314 INFO Epoch 91/300, all_loss:0.43036 cls_loss:0.43361 rec_loss:0.13450 [13.00s]; best loss:0.38456, patience : 3
2026-09-09 18:40:38,083 P1988314 INFO pr:0.8732  rc:0.7809  auc:0.9762 ap:0.9283 f1: 0.8245 pred_right: 38645 pred_wrong:355 actu_right: 38603 actu_wrong: 397
2026-09-09 18:40:39,574 P1988314 INFO pr:0.7526  rc:0.5659  auc:0.9892 ap:0.8594 f1: 0.6460 pred_right: 16403 pred_wrong:97 actu_right: 16371 actu_wrong: 129
2026-09-09 18:40:39,585 P1988314 INFO ----------------------------------------------------------------------------------------------------
2026-09-09 18:40:39,585 P1988314 INFO 92/300 starting... lr: 0.001 para:0.01075268816202879
2026-09-09 18:40:51,393 P1988314 INFO Epoch 92/300, all_loss:0.43198 cls_loss:0.43521 rec_loss:0.13447 [11.81s]; best loss:0.38456, patience : 4
2026-09-09 18:40:55,051 P1988314 INFO pr:0.9249  rc:0.6826  auc:0.9743 ap:0.9211 f1: 0.7855 pred_right: 38707 pred_wrong:293 actu_right: 38603 actu_wrong: 397
2026-09-09 18:40:56,366 P1988314 INFO pr:0.8133  rc:0.4729  auc:0.9764 ap:0.8554 f1: 0.5980 pred_right: 16425 pred_wrong:75 actu_right: 16371 actu_wrong: 129
2026-09-09 18:40:56,367 P1988314 INFO ----------------------------------------------------------------------------------------------------
2026-09-09 18:40:56,374 P1988314 INFO 93/300 starting... lr: 0.001 para:0.010638297535479069
2026-09-09 18:41:08,329 P1988314 INFO Epoch 93/300, all_loss:0.44655 cls_loss:0.44986 rec_loss:0.13819 [11.95s]; best loss:0.38456, patience : 5
2026-09-09 18:41:11,384 P1988314 INFO pr:0.8652  rc:0.7797  auc:0.9751 ap:0.9218 f1: 0.8202 pred_right: 38644 pred_wrong:356 actu_right: 38605 actu_wrong: 395
2026-09-09 18:41:12,842 P1988314 INFO pr:0.8000  rc:0.5581  auc:0.9655 ap:0.8397 f1: 0.6575 pred_right: 16410 pred_wrong:90 actu_right: 16371 actu_wrong: 129
2026-09-09 18:41:12,844 P1988314 INFO ----------------------------------------------------------------------------------------------------
2026-09-09 18:41:12,845 P1988314 INFO 94/300 starting... lr: 0.001 para:0.010526316240429878
2026-09-09 18:41:25,305 P1988314 INFO Epoch 94/300, all_loss:0.43005 cls_loss:0.43317 rec_loss:0.13627 [12.46s]; best loss:0.38456, patience : 5
2026-09-09 18:41:28,772 P1988314 INFO pr:0.9054  rc:0.7229  auc:0.9787 ap:0.9210 f1: 0.8039 pred_right: 38683 pred_wrong:317 actu_right: 38603 actu_wrong: 397
2026-09-09 18:41:30,417 P1988314 INFO pr:0.8214  rc:0.5349  auc:0.9833 ap:0.8624 f1: 0.6479 pred_right: 16416 pred_wrong:84 actu_right: 16371 actu_wrong: 129
2026-09-09 18:41:30,421 P1988314 INFO ----------------------------------------------------------------------------------------------------
2026-09-09 18:41:30,422 P1988314 INFO 95/300 starting... lr: 0.001 para:0.010416666977107525
2026-09-09 18:41:43,170 P1988314 INFO Epoch 95/300, all_loss:0.56741 cls_loss:0.57193 rec_loss:0.13803 [12.75s]; best loss:0.38456, patience : 6
2026-09-09 18:41:46,330 P1988314 INFO pr:0.8843  rc:0.7506  auc:0.9817 ap:0.9228 f1: 0.8120 pred_right: 38663 pred_wrong:337 actu_right: 38603 actu_wrong: 397
2026-09-09 18:41:47,553 P1988314 INFO pr:0.7353  rc:0.5814  auc:0.9870 ap:0.8339 f1: 0.6494 pred_right: 16398 pred_wrong:102 actu_right: 16371 actu_wrong: 129
2026-09-09 18:41:47,553 P1988314 INFO ----------------------------------------------------------------------------------------------------
2026-09-09 18:41:47,554 P1988314 INFO 96/300 starting... lr: 0.001 para:0.010309278033673763
2026-09-09 18:41:59,531 P1988314 INFO Epoch 96/300, all_loss:0.50842 cls_loss:0.51230 rec_loss:0.13602 [11.98s]; best loss:0.38456, patience : 6
2026-09-09 18:42:02,607 P1988314 INFO pr:0.9062  rc:0.7305  auc:0.9763 ap:0.9242 f1: 0.8089 pred_right: 38680 pred_wrong:320 actu_right: 38603 actu_wrong: 397
2026-09-09 18:42:03,833 P1988314 INFO pr:0.7701  rc:0.5194  auc:0.9840 ap:0.8452 f1: 0.6204 pred_right: 16413 pred_wrong:87 actu_right: 16371 actu_wrong: 129
2026-09-09 18:42:03,834 P1988314 INFO ----------------------------------------------------------------------------------------------------
2026-09-09 18:42:03,835 P1988314 INFO 97/300 starting... lr: 0.001 para:0.010204081423580647
2026-09-09 18:42:16,073 P1988314 INFO Epoch 97/300, all_loss:0.36369 cls_loss:0.36608 rec_loss:0.13197 [12.23s]; best loss:0.36369, patience : 0
2026-09-09 18:42:19,651 P1988314 INFO pr:0.8862  rc:0.7494  auc:0.9739 ap:0.9241 f1: 0.8121 pred_right: 38666 pred_wrong:334 actu_right: 38605 actu_wrong: 395
2026-09-09 18:42:22,572 P1988314 INFO pr:0.7976  rc:0.5194  auc:0.9757 ap:0.8256 f1: 0.6291 pred_right: 16416 pred_wrong:84 actu_right: 16371 actu_wrong: 129
2026-09-09 18:42:22,573 P1988314 INFO ----------------------------------------------------------------------------------------------------
2026-09-09 18:42:22,574 P1988314 INFO 98/300 starting... lr: 0.001 para:0.010101010091602802
2026-09-09 18:42:33,271 P1988314 INFO Epoch 98/300, all_loss:0.39904 cls_loss:0.40173 rec_loss:0.13569 [10.70s]; best loss:0.36369, patience : 1
2026-09-09 18:42:36,158 P1988314 INFO pr:0.8649  rc:0.8060  auc:0.9819 ap:0.9195 f1: 0.8344 pred_right: 38630 pred_wrong:370 actu_right: 38603 actu_wrong: 397
2026-09-09 18:42:37,468 P1988314 INFO pr:0.7431  rc:0.6279  auc:0.9827 ap:0.8584 f1: 0.6807 pred_right: 16391 pred_wrong:109 actu_right: 16371 actu_wrong: 129
2026-09-09 18:42:37,477 P1988314 INFO ----------------------------------------------------------------------------------------------------
2026-09-09 18:42:37,477 P1988314 INFO 99/300 starting... lr: 0.001 para:0.01
2026-09-09 18:42:59,670 P1988314 INFO Epoch 99/300, all_loss:0.38551 cls_loss:0.38801 rec_loss:0.13835 [22.19s]; best loss:0.36369, patience : 1
2026-09-09 18:43:03,375 P1988314 INFO pr:0.8960  rc:0.7399  auc:0.9777 ap:0.9249 f1: 0.8105 pred_right: 38673 pred_wrong:327 actu_right: 38604 actu_wrong: 396
2026-09-09 18:43:04,996 P1988314 INFO pr:0.7527  rc:0.5426  auc:0.9858 ap:0.8368 f1: 0.6306 pred_right: 16407 pred_wrong:93 actu_right: 16371 actu_wrong: 129
2026-09-09 18:43:04,997 P1988314 INFO ----------------------------------------------------------------------------------------------------
2026-09-09 18:43:04,997 P1988314 INFO 100/300 starting... lr: 0.0009000000000000001 para:0.01
2026-09-09 18:43:16,965 P1988314 INFO Epoch 100/300, all_loss:0.36224 cls_loss:0.36447 rec_loss:0.14079 [11.96s]; best loss:0.36224, patience : 0
2026-09-09 18:43:20,391 P1988314 INFO pr:0.9032  rc:0.7071  auc:0.9742 ap:0.9223 f1: 0.7932 pred_right: 38690 pred_wrong:310 actu_right: 38604 actu_wrong: 396
2026-09-09 18:43:21,770 P1988314 INFO pr:0.7978  rc:0.5504  auc:0.9843 ap:0.8352 f1: 0.6514 pred_right: 16411 pred_wrong:89 actu_right: 16371 actu_wrong: 129
2026-09-09 18:43:21,771 P1988314 INFO ----------------------------------------------------------------------------------------------------
2026-09-09 18:43:21,771 P1988314 INFO 101/300 starting... lr: 0.0009000000000000001 para:0.01
2026-09-09 18:43:33,502 P1988314 INFO Epoch 101/300, all_loss:0.39114 cls_loss:0.39367 rec_loss:0.14066 [11.73s]; best loss:0.36224, patience : 1
2026-09-09 18:43:37,148 P1988314 INFO pr:0.7975  rc:0.7955  auc:0.9817 ap:0.9152 f1: 0.7965 pred_right: 38605 pred_wrong:395 actu_right: 38604 actu_wrong: 396
2026-09-09 18:43:38,485 P1988314 INFO pr:0.6786  rc:0.5891  auc:0.9835 ap:0.8152 f1: 0.6307 pred_right: 16388 pred_wrong:112 actu_right: 16371 actu_wrong: 129
2026-09-09 18:43:38,486 P1988314 INFO ----------------------------------------------------------------------------------------------------
2026-09-09 18:43:38,486 P1988314 INFO 102/300 starting... lr: 0.0009000000000000001 para:0.01
2026-09-09 18:43:50,706 P1988314 INFO Epoch 102/300, all_loss:0.40731 cls_loss:0.41000 rec_loss:0.14127 [12.22s]; best loss:0.36224, patience : 2
2026-09-09 18:43:54,066 P1988314 INFO pr:0.8851  rc:0.7758  auc:0.9771 ap:0.9265 f1: 0.8268 pred_right: 38652 pred_wrong:348 actu_right: 38603 actu_wrong: 397
2026-09-09 18:43:55,418 P1988314 INFO pr:0.7609  rc:0.5426  auc:0.9876 ap:0.8561 f1: 0.6335 pred_right: 16408 pred_wrong:92 actu_right: 16371 actu_wrong: 129
2026-09-09 18:43:55,420 P1988314 INFO ----------------------------------------------------------------------------------------------------
2026-09-09 18:43:55,420 P1988314 INFO 103/300 starting... lr: 0.0009000000000000001 para:0.01
2026-09-09 18:44:07,499 P1988314 INFO Epoch 103/300, all_loss:0.37451 cls_loss:0.37682 rec_loss:0.14497 [12.08s]; best loss:0.36224, patience : 2
2026-09-09 18:44:10,632 P1988314 INFO pr:0.9298  rc:0.6675  auc:0.9738 ap:0.9241 f1: 0.7771 pred_right: 38715 pred_wrong:285 actu_right: 38603 actu_wrong: 397
2026-09-09 18:44:11,957 P1988314 INFO pr:0.7722  rc:0.4729  auc:0.9812 ap:0.8453 f1: 0.5865 pred_right: 16421 pred_wrong:79 actu_right: 16371 actu_wrong: 129
2026-09-09 18:44:11,958 P1988314 INFO ----------------------------------------------------------------------------------------------------
2026-09-09 18:44:11,959 P1988314 INFO 104/300 starting... lr: 0.0009000000000000001 para:0.01
2026-09-09 18:44:24,585 P1988314 INFO Epoch 104/300, all_loss:0.35129 cls_loss:0.35337 rec_loss:0.14526 [12.62s]; best loss:0.35129, patience : 0
2026-09-09 18:44:28,201 P1988314 INFO pr:0.8355  rc:0.8207  auc:0.9777 ap:0.9281 f1: 0.8280 pred_right: 38611 pred_wrong:389 actu_right: 38604 actu_wrong: 396
2026-09-09 18:44:29,532 P1988314 INFO pr:0.7257  rc:0.6357  auc:0.9888 ap:0.8357 f1: 0.6777 pred_right: 16387 pred_wrong:113 actu_right: 16371 actu_wrong: 129
2026-09-09 18:44:29,532 P1988314 INFO ----------------------------------------------------------------------------------------------------
2026-09-09 18:44:29,533 P1988314 INFO 105/300 starting... lr: 0.0009000000000000001 para:0.01
2026-09-09 18:44:42,447 P1988314 INFO Epoch 105/300, all_loss:0.36448 cls_loss:0.36664 rec_loss:0.14980 [12.91s]; best loss:0.35129, patience : 1
2026-09-09 18:44:46,166 P1988314 INFO pr:0.8961  rc:0.7626  auc:0.9802 ap:0.9223 f1: 0.8240 pred_right: 38663 pred_wrong:337 actu_right: 38604 actu_wrong: 396
2026-09-09 18:44:47,483 P1988314 INFO pr:0.8068  rc:0.5504  auc:0.9684 ap:0.8331 f1: 0.6544 pred_right: 16412 pred_wrong:88 actu_right: 16371 actu_wrong: 129
2026-09-09 18:44:47,484 P1988314 INFO ----------------------------------------------------------------------------------------------------
2026-09-09 18:44:47,484 P1988314 INFO 106/300 starting... lr: 0.0009000000000000001 para:0.01
2026-09-09 18:45:00,801 P1988314 INFO Epoch 106/300, all_loss:0.42351 cls_loss:0.42626 rec_loss:0.15152 [13.32s]; best loss:0.35129, patience : 2
2026-09-09 18:45:03,258 P1988314 INFO pr:0.9248  rc:0.7128  auc:0.9726 ap:0.9274 f1: 0.8051 pred_right: 38694 pred_wrong:306 actu_right: 38603 actu_wrong: 397
2026-09-09 18:45:04,358 P1988314 INFO pr:0.7901  rc:0.4961  auc:0.9775 ap:0.8460 f1: 0.6095 pred_right: 16419 pred_wrong:81 actu_right: 16371 actu_wrong: 129
2026-09-09 18:45:04,360 P1988314 INFO ----------------------------------------------------------------------------------------------------
2026-09-09 18:45:04,361 P1988314 INFO 107/300 starting... lr: 0.0009000000000000001 para:0.01
2026-09-09 18:45:15,039 P1988314 INFO Epoch 107/300, all_loss:0.37130 cls_loss:0.37353 rec_loss:0.15089 [10.68s]; best loss:0.35129, patience : 2
2026-09-09 18:45:18,251 P1988314 INFO pr:0.9305  rc:0.7078  auc:0.9753 ap:0.9211 f1: 0.8040 pred_right: 38698 pred_wrong:302 actu_right: 38603 actu_wrong: 397
2026-09-09 18:45:23,155 P1988314 INFO pr:0.8095  rc:0.5271  auc:0.9801 ap:0.8376 f1: 0.6385 pred_right: 16416 pred_wrong:84 actu_right: 16371 actu_wrong: 129
2026-09-09 18:45:23,157 P1988314 INFO ----------------------------------------------------------------------------------------------------
2026-09-09 18:45:23,158 P1988314 INFO 108/300 starting... lr: 0.0009000000000000001 para:0.01
2026-09-09 18:45:43,604 P1988314 INFO Epoch 108/300, all_loss:0.38474 cls_loss:0.38713 rec_loss:0.14802 [20.44s]; best loss:0.35129, patience : 3
2026-09-09 18:45:47,327 P1988314 INFO pr:0.8672  rc:0.7733  auc:0.9750 ap:0.9241 f1: 0.8176 pred_right: 38646 pred_wrong:354 actu_right: 38603 actu_wrong: 397
2026-09-09 18:45:48,962 P1988314 INFO pr:0.8023  rc:0.5349  auc:0.9808 ap:0.8506 f1: 0.6419 pred_right: 16414 pred_wrong:86 actu_right: 16371 actu_wrong: 129
2026-09-09 18:45:48,962 P1988314 INFO ----------------------------------------------------------------------------------------------------
2026-09-09 18:45:48,963 P1988314 INFO 109/300 starting... lr: 0.0009000000000000001 para:0.01
2026-09-09 18:46:00,940 P1988314 INFO Epoch 109/300, all_loss:0.43271 cls_loss:0.43558 rec_loss:0.14812 [11.98s]; best loss:0.35129, patience : 4
2026-09-09 18:46:04,241 P1988314 INFO pr:0.9195  rc:0.7481  auc:0.9746 ap:0.9299 f1: 0.8250 pred_right: 38677 pred_wrong:323 actu_right: 38603 actu_wrong: 397
2026-09-09 18:46:05,654 P1988314 INFO pr:0.7738  rc:0.5039  auc:0.9762 ap:0.8527 f1: 0.6103 pred_right: 16416 pred_wrong:84 actu_right: 16371 actu_wrong: 129
2026-09-09 18:46:05,655 P1988314 INFO ----------------------------------------------------------------------------------------------------
2026-09-09 18:46:05,655 P1988314 INFO 110/300 starting... lr: 0.0009000000000000001 para:0.01
2026-09-09 18:46:17,658 P1988314 INFO Epoch 110/300, all_loss:0.40687 cls_loss:0.40946 rec_loss:0.15081 [12.00s]; best loss:0.35129, patience : 4
2026-09-09 18:46:21,283 P1988314 INFO pr:0.8716  rc:0.7355  auc:0.9752 ap:0.9090 f1: 0.7978 pred_right: 38665 pred_wrong:335 actu_right: 38603 actu_wrong: 397
2026-09-09 18:46:22,695 P1988314 INFO pr:0.8000  rc:0.5271  auc:0.9811 ap:0.8480 f1: 0.6355 pred_right: 16415 pred_wrong:85 actu_right: 16371 actu_wrong: 129
2026-09-09 18:46:22,696 P1988314 INFO ----------------------------------------------------------------------------------------------------
2026-09-09 18:46:22,703 P1988314 INFO 111/300 starting... lr: 0.0009000000000000001 para:0.01
2026-09-09 18:46:34,772 P1988314 INFO Epoch 111/300, all_loss:0.38259 cls_loss:0.38495 rec_loss:0.14816 [12.07s]; best loss:0.35129, patience : 4
2026-09-09 18:46:38,353 P1988314 INFO pr:0.9343  rc:0.6448  auc:0.9717 ap:0.9216 f1: 0.7630 pred_right: 38726 pred_wrong:274 actu_right: 38603 actu_wrong: 397
2026-09-09 18:46:39,647 P1988314 INFO pr:0.8615  rc:0.4341  auc:0.9666 ap:0.8595 f1: 0.5773 pred_right: 16435 pred_wrong:65 actu_right: 16371 actu_wrong: 129
2026-09-09 18:46:39,648 P1988314 INFO ----------------------------------------------------------------------------------------------------
2026-09-09 18:46:39,655 P1988314 INFO 112/300 starting... lr: 0.0009000000000000001 para:0.01
2026-09-09 18:46:52,447 P1988314 INFO Epoch 112/300, all_loss:0.36701 cls_loss:0.36924 rec_loss:0.14591 [12.79s]; best loss:0.35129, patience : 4
2026-09-09 18:46:55,738 P1988314 INFO pr:0.9418  rc:0.6944  auc:0.9731 ap:0.9232 f1: 0.7994 pred_right: 38708 pred_wrong:292 actu_right: 38604 actu_wrong: 396
2026-09-09 18:46:57,168 P1988314 INFO pr:0.7901  rc:0.4961  auc:0.9702 ap:0.8333 f1: 0.6095 pred_right: 16419 pred_wrong:81 actu_right: 16371 actu_wrong: 129
2026-09-09 18:46:57,169 P1988314 INFO ----------------------------------------------------------------------------------------------------
2026-09-09 18:46:57,169 P1988314 INFO 113/300 starting... lr: 0.0009000000000000001 para:0.01
2026-09-09 18:47:11,037 P1988314 INFO Epoch 113/300, all_loss:0.37031 cls_loss:0.37254 rec_loss:0.14963 [13.87s]; best loss:0.35129, patience : 5
2026-09-09 18:47:14,952 P1988314 INFO pr:0.8643  rc:0.7859  auc:0.9757 ap:0.9148 f1: 0.8232 pred_right: 38639 pred_wrong:361 actu_right: 38603 actu_wrong: 397
2026-09-09 18:47:16,566 P1988314 INFO pr:0.7320  rc:0.5504  auc:0.9799 ap:0.8371 f1: 0.6283 pred_right: 16403 pred_wrong:97 actu_right: 16371 actu_wrong: 129
2026-09-09 18:47:16,567 P1988314 INFO ----------------------------------------------------------------------------------------------------
2026-09-09 18:47:16,567 P1988314 INFO 114/300 starting... lr: 0.0009000000000000001 para:0.01
2026-09-09 18:47:28,390 P1988314 INFO Epoch 114/300, all_loss:0.34504 cls_loss:0.34702 rec_loss:0.14882 [11.82s]; best loss:0.34504, patience : 0
2026-09-09 18:47:32,122 P1988314 INFO pr:0.8431  rc:0.7985  auc:0.9723 ap:0.9166 f1: 0.8202 pred_right: 38624 pred_wrong:376 actu_right: 38603 actu_wrong: 397
2026-09-09 18:47:33,407 P1988314 INFO pr:0.7755  rc:0.5891  auc:0.9626 ap:0.8200 f1: 0.6696 pred_right: 16402 pred_wrong:98 actu_right: 16371 actu_wrong: 129
2026-09-09 18:47:33,408 P1988314 INFO ----------------------------------------------------------------------------------------------------
2026-09-09 18:47:33,408 P1988314 INFO 115/300 starting... lr: 0.0009000000000000001 para:0.01
2026-09-09 18:47:46,031 P1988314 INFO Epoch 115/300, all_loss:0.42348 cls_loss:0.42627 rec_loss:0.14738 [12.62s]; best loss:0.34504, patience : 1
2026-09-09 18:47:48,762 P1988314 INFO pr:0.9338  rc:0.7103  auc:0.9719 ap:0.9214 f1: 0.8069 pred_right: 38698 pred_wrong:302 actu_right: 38603 actu_wrong: 397
2026-09-09 18:47:50,001 P1988314 INFO pr:0.8182  rc:0.4884  auc:0.9739 ap:0.8503 f1: 0.6117 pred_right: 16423 pred_wrong:77 actu_right: 16371 actu_wrong: 129
2026-09-09 18:47:50,002 P1988314 INFO ----------------------------------------------------------------------------------------------------
2026-09-09 18:47:50,002 P1988314 INFO 116/300 starting... lr: 0.0009000000000000001 para:0.01
2026-09-09 18:48:06,298 P1988314 INFO Epoch 116/300, all_loss:6.18325 cls_loss:6.24415 rec_loss:0.15423 [16.29s]; best loss:0.34504, patience : 2
2026-09-09 18:48:16,657 P1988314 INFO pr:0.8591  rc:0.7834  auc:0.9747 ap:0.9210 f1: 0.8195 pred_right: 38638 pred_wrong:362 actu_right: 38603 actu_wrong: 397
2026-09-09 18:48:18,816 P1988314 INFO pr:0.7766  rc:0.5659  auc:0.9703 ap:0.8432 f1: 0.6547 pred_right: 16406 pred_wrong:94 actu_right: 16371 actu_wrong: 129
2026-09-09 18:48:18,818 P1988314 INFO ----------------------------------------------------------------------------------------------------
2026-09-09 18:48:18,818 P1988314 INFO 117/300 starting... lr: 0.0009000000000000001 para:0.01
2026-09-09 18:48:31,321 P1988314 INFO Epoch 117/300, all_loss:0.28990 cls_loss:0.29137 rec_loss:0.14450 [12.49s]; best loss:0.28990, patience : 0
2026-09-09 18:48:34,233 P1988314 INFO pr:0.9099  rc:0.7399  auc:0.9724 ap:0.9294 f1: 0.8162 pred_right: 38678 pred_wrong:322 actu_right: 38604 actu_wrong: 396
2026-09-09 18:48:35,460 P1988314 INFO pr:0.7927  rc:0.5039  auc:0.9786 ap:0.8372 f1: 0.6161 pred_right: 16418 pred_wrong:82 actu_right: 16371 actu_wrong: 129
2026-09-09 18:48:35,461 P1988314 INFO ----------------------------------------------------------------------------------------------------
2026-09-09 18:48:35,461 P1988314 INFO 118/300 starting... lr: 0.0009000000000000001 para:0.01
2026-09-09 18:48:47,506 P1988314 INFO Epoch 118/300, all_loss:0.36827 cls_loss:0.37047 rec_loss:0.15056 [12.04s]; best loss:0.28990, patience : 1
2026-09-09 18:48:50,663 P1988314 INFO pr:0.8363  rc:0.8237  auc:0.9726 ap:0.9238 f1: 0.8299 pred_right: 38609 pred_wrong:391 actu_right: 38603 actu_wrong: 397
2026-09-09 18:48:52,012 P1988314 INFO pr:0.7524  rc:0.6124  auc:0.9759 ap:0.8341 f1: 0.6752 pred_right: 16395 pred_wrong:105 actu_right: 16371 actu_wrong: 129
2026-09-09 18:48:52,013 P1988314 INFO ----------------------------------------------------------------------------------------------------
2026-09-09 18:48:52,013 P1988314 INFO 119/300 starting... lr: 0.0009000000000000001 para:0.01
2026-09-09 18:49:03,862 P1988314 INFO Epoch 119/300, all_loss:0.31876 cls_loss:0.32046 rec_loss:0.15042 [11.85s]; best loss:0.28990, patience : 1
2026-09-09 18:49:07,037 P1988314 INFO pr:0.8676  rc:0.7758  auc:0.9765 ap:0.9311 f1: 0.8191 pred_right: 38645 pred_wrong:355 actu_right: 38603 actu_wrong: 397
2026-09-09 18:49:08,663 P1988314 INFO pr:0.7596  rc:0.6124  auc:0.9738 ap:0.8331 f1: 0.6781 pred_right: 16396 pred_wrong:104 actu_right: 16371 actu_wrong: 129
2026-09-09 18:49:08,664 P1988314 INFO ----------------------------------------------------------------------------------------------------
2026-09-09 18:49:08,665 P1988314 INFO 120/300 starting... lr: 0.0009000000000000001 para:0.01
2026-09-09 18:49:21,806 P1988314 INFO Epoch 120/300, all_loss:0.39127 cls_loss:0.39376 rec_loss:0.14450 [13.14s]; best loss:0.28990, patience : 2
2026-09-09 18:49:25,307 P1988314 INFO pr:0.8529  rc:0.7884  auc:0.9762 ap:0.9243 f1: 0.8194 pred_right: 38633 pred_wrong:367 actu_right: 38603 actu_wrong: 397
2026-09-09 18:49:26,764 P1988314 INFO pr:0.7624  rc:0.5969  auc:0.9642 ap:0.8217 f1: 0.6696 pred_right: 16399 pred_wrong:101 actu_right: 16371 actu_wrong: 129
2026-09-09 18:49:26,767 P1988314 INFO ----------------------------------------------------------------------------------------------------
2026-09-09 18:49:26,767 P1988314 INFO 121/300 starting... lr: 0.0009000000000000001 para:0.01
2026-09-09 18:49:39,082 P1988314 INFO Epoch 121/300, all_loss:0.34902 cls_loss:0.35103 rec_loss:0.15048 [12.31s]; best loss:0.28990, patience : 2
2026-09-09 18:49:42,977 P1988314 INFO pr:0.8521  rc:0.7834  auc:0.9755 ap:0.9191 f1: 0.8163 pred_right: 38635 pred_wrong:365 actu_right: 38603 actu_wrong: 397
2026-09-09 18:49:44,414 P1988314 INFO pr:0.7009  rc:0.5814  auc:0.9681 ap:0.8102 f1: 0.6356 pred_right: 16393 pred_wrong:107 actu_right: 16371 actu_wrong: 129
2026-09-09 18:49:44,415 P1988314 INFO ----------------------------------------------------------------------------------------------------
2026-09-09 18:49:44,415 P1988314 INFO 122/300 starting... lr: 0.0009000000000000001 para:0.01
2026-09-09 18:49:57,078 P1988314 INFO Epoch 122/300, all_loss:0.41345 cls_loss:0.41610 rec_loss:0.15061 [12.66s]; best loss:0.28990, patience : 3
2026-09-09 18:50:00,179 P1988314 INFO pr:0.9281  rc:0.7190  auc:0.9725 ap:0.9261 f1: 0.8103 pred_right: 38694 pred_wrong:306 actu_right: 38605 actu_wrong: 395
2026-09-09 18:50:01,528 P1988314 INFO pr:0.7711  rc:0.4961  auc:0.9706 ap:0.8420 f1: 0.6038 pred_right: 16417 pred_wrong:83 actu_right: 16371 actu_wrong: 129
2026-09-09 18:50:01,529 P1988314 INFO ----------------------------------------------------------------------------------------------------
2026-09-09 18:50:01,529 P1988314 INFO 123/300 starting... lr: 0.0009000000000000001 para:0.01
2026-09-09 18:50:13,549 P1988314 INFO Epoch 123/300, all_loss:0.29415 cls_loss:0.29562 rec_loss:0.14843 [12.02s]; best loss:0.28990, patience : 3
2026-09-09 18:50:16,991 P1988314 INFO pr:0.8618  rc:0.8010  auc:0.9738 ap:0.9278 f1: 0.8303 pred_right: 38631 pred_wrong:369 actu_right: 38603 actu_wrong: 397
2026-09-09 18:50:18,464 P1988314 INFO pr:0.6981  rc:0.5736  auc:0.9707 ap:0.8170 f1: 0.6298 pred_right: 16394 pred_wrong:106 actu_right: 16371 actu_wrong: 129
2026-09-09 18:50:18,467 P1988314 INFO ----------------------------------------------------------------------------------------------------
2026-09-09 18:50:18,468 P1988314 INFO 124/300 starting... lr: 0.0009000000000000001 para:0.01
2026-09-09 18:50:29,998 P1988314 INFO Epoch 124/300, all_loss:0.43716 cls_loss:0.44004 rec_loss:0.15195 [11.53s]; best loss:0.28990, patience : 4
2026-09-09 18:50:32,897 P1988314 INFO pr:0.9161  rc:0.7468  auc:0.9734 ap:0.9140 f1: 0.8229 pred_right: 38678 pred_wrong:322 actu_right: 38605 actu_wrong: 395
2026-09-09 18:50:34,160 P1988314 INFO pr:0.7889  rc:0.5504  auc:0.9643 ap:0.8381 f1: 0.6484 pred_right: 16410 pred_wrong:90 actu_right: 16371 actu_wrong: 129
2026-09-09 18:50:34,161 P1988314 INFO ----------------------------------------------------------------------------------------------------
2026-09-09 18:50:34,161 P1988314 INFO 125/300 starting... lr: 0.0009000000000000001 para:0.01
2026-09-09 18:50:55,952 P1988314 INFO Epoch 125/300, all_loss:0.36360 cls_loss:0.36577 rec_loss:0.14871 [21.79s]; best loss:0.28990, patience : 4
2026-09-09 18:50:59,957 P1988314 INFO pr:0.7885  rc:0.8262  auc:0.9763 ap:0.9177 f1: 0.8069 pred_right: 38584 pred_wrong:416 actu_right: 38603 actu_wrong: 397
2026-09-09 18:51:01,597 P1988314 INFO pr:0.6818  rc:0.6977  auc:0.9796 ap:0.8388 f1: 0.6897 pred_right: 16368 pred_wrong:132 actu_right: 16371 actu_wrong: 129
2026-09-09 18:51:01,598 P1988314 INFO ----------------------------------------------------------------------------------------------------
2026-09-09 18:51:01,599 P1988314 INFO 126/300 starting... lr: 0.0009000000000000001 para:0.01
2026-09-09 18:51:13,975 P1988314 INFO Epoch 126/300, all_loss:0.30389 cls_loss:0.30546 rec_loss:0.14859 [12.37s]; best loss:0.28990, patience : 4
2026-09-09 18:51:17,623 P1988314 INFO pr:0.8520  rc:0.7683  auc:0.9764 ap:0.9053 f1: 0.8079 pred_right: 38642 pred_wrong:358 actu_right: 38603 actu_wrong: 397
2026-09-09 18:51:19,079 P1988314 INFO pr:0.7604  rc:0.5659  auc:0.9811 ap:0.8312 f1: 0.6489 pred_right: 16404 pred_wrong:96 actu_right: 16371 actu_wrong: 129
2026-09-09 18:51:19,080 P1988314 INFO ----------------------------------------------------------------------------------------------------
2026-09-09 18:51:19,080 P1988314 INFO 127/300 starting... lr: 0.0009000000000000001 para:0.01
2026-09-09 18:51:31,255 P1988314 INFO Epoch 127/300, all_loss:0.43009 cls_loss:0.43293 rec_loss:0.14925 [12.17s]; best loss:0.28990, patience : 5
2026-09-09 18:51:34,900 P1988314 INFO pr:0.9620  rc:0.6389  auc:0.9597 ap:0.9251 f1: 0.7678 pred_right: 38737 pred_wrong:263 actu_right: 38604 actu_wrong: 396
2026-09-09 18:51:36,320 P1988314 INFO pr:0.8689  rc:0.4109  auc:0.9440 ap:0.8461 f1: 0.5579 pred_right: 16439 pred_wrong:61 actu_right: 16371 actu_wrong: 129
2026-09-09 18:51:36,321 P1988314 INFO ----------------------------------------------------------------------------------------------------
2026-09-09 18:51:36,328 P1988314 INFO 128/300 starting... lr: 0.0009000000000000001 para:0.01
2026-09-09 18:51:48,480 P1988314 INFO Epoch 128/300, all_loss:0.37941 cls_loss:0.38181 rec_loss:0.14198 [12.15s]; best loss:0.28990, patience : 5
2026-09-09 18:51:52,145 P1988314 INFO pr:0.8195  rc:0.8237  auc:0.9728 ap:0.9238 f1: 0.8216 pred_right: 38601 pred_wrong:399 actu_right: 38603 actu_wrong: 397
2026-09-09 18:51:53,633 P1988314 INFO pr:0.6833  rc:0.6357  auc:0.9502 ap:0.8196 f1: 0.6586 pred_right: 16380 pred_wrong:120 actu_right: 16371 actu_wrong: 129
2026-09-09 18:51:53,634 P1988314 INFO ----------------------------------------------------------------------------------------------------
2026-09-09 18:51:53,641 P1988314 INFO 129/300 starting... lr: 0.0009000000000000001 para:0.01
2026-09-09 18:52:06,110 P1988314 INFO Epoch 129/300, all_loss:0.29610 cls_loss:0.29756 rec_loss:0.15155 [12.47s]; best loss:0.28990, patience : 5
2026-09-09 18:52:09,689 P1988314 INFO pr:0.8950  rc:0.7733  auc:0.9730 ap:0.9290 f1: 0.8297 pred_right: 38657 pred_wrong:343 actu_right: 38603 actu_wrong: 397
2026-09-09 18:52:11,128 P1988314 INFO pr:0.7849  rc:0.5659  auc:0.9760 ap:0.8477 f1: 0.6577 pred_right: 16407 pred_wrong:93 actu_right: 16371 actu_wrong: 129
2026-09-09 18:52:11,129 P1988314 INFO ----------------------------------------------------------------------------------------------------
2026-09-09 18:52:11,129 P1988314 INFO 130/300 starting... lr: 0.0009000000000000001 para:0.01
2026-09-09 18:52:23,443 P1988314 INFO Epoch 130/300, all_loss:0.36865 cls_loss:0.37083 rec_loss:0.15291 [12.31s]; best loss:0.28990, patience : 6
2026-09-09 18:52:26,934 P1988314 INFO pr:0.8880  rc:0.7985  auc:0.9777 ap:0.9286 f1: 0.8408 pred_right: 38643 pred_wrong:357 actu_right: 38603 actu_wrong: 397
2026-09-09 18:52:28,260 P1988314 INFO pr:0.7525  rc:0.5891  auc:0.9725 ap:0.8274 f1: 0.6609 pred_right: 16399 pred_wrong:101 actu_right: 16371 actu_wrong: 129
2026-09-09 18:52:28,268 P1988314 INFO ----------------------------------------------------------------------------------------------------
2026-09-09 18:52:28,269 P1988314 INFO 131/300 starting... lr: 0.0009000000000000001 para:0.01
2026-09-09 18:52:41,414 P1988314 INFO Epoch 131/300, all_loss:0.31247 cls_loss:0.31407 rec_loss:0.15384 [13.14s]; best loss:0.28990, patience : 6
2026-09-09 18:52:44,858 P1988314 INFO pr:0.9192  rc:0.7733  auc:0.9763 ap:0.9250 f1: 0.8399 pred_right: 38666 pred_wrong:334 actu_right: 38603 actu_wrong: 397
2026-09-09 18:52:46,270 P1988314 INFO pr:0.8000  rc:0.5581  auc:0.9826 ap:0.8298 f1: 0.6575 pred_right: 16410 pred_wrong:90 actu_right: 16371 actu_wrong: 129
2026-09-09 18:52:46,272 P1988314 INFO ----------------------------------------------------------------------------------------------------
2026-09-09 18:52:46,273 P1988314 INFO 132/300 starting... lr: 0.0009000000000000001 para:0.01
2026-09-09 18:52:58,502 P1988314 INFO Epoch 132/300, all_loss:0.30744 cls_loss:0.30902 rec_loss:0.15096 [12.23s]; best loss:0.28990, patience : 6
2026-09-09 18:53:03,121 P1988314 INFO pr:0.9504  rc:0.6751  auc:0.9695 ap:0.9284 f1: 0.7894 pred_right: 38718 pred_wrong:282 actu_right: 38603 actu_wrong: 397
2026-09-09 18:53:04,178 P1988314 INFO pr:0.8281  rc:0.4109  auc:0.9633 ap:0.8522 f1: 0.5492 pred_right: 16436 pred_wrong:64 actu_right: 16371 actu_wrong: 129
2026-09-09 18:53:04,179 P1988314 INFO ----------------------------------------------------------------------------------------------------
2026-09-09 18:53:04,179 P1988314 INFO 133/300 starting... lr: 0.0009000000000000001 para:0.01
2026-09-09 18:53:14,674 P1988314 INFO Epoch 133/300, all_loss:0.29400 cls_loss:0.29543 rec_loss:0.15203 [10.49s]; best loss:0.28990, patience : 6
2026-09-09 18:53:17,426 P1988314 INFO pr:0.9365  rc:0.7431  auc:0.9710 ap:0.9295 f1: 0.8287 pred_right: 38685 pred_wrong:315 actu_right: 38603 actu_wrong: 397
2026-09-09 18:53:18,883 P1988314 INFO pr:0.8077  rc:0.4884  auc:0.9670 ap:0.8418 f1: 0.6087 pred_right: 16422 pred_wrong:78 actu_right: 16371 actu_wrong: 129
2026-09-09 18:53:18,884 P1988314 INFO ----------------------------------------------------------------------------------------------------
2026-09-09 18:53:18,884 P1988314 INFO 134/300 starting... lr: 0.0009000000000000001 para:0.01
2026-09-09 18:53:41,283 P1988314 INFO Epoch 134/300, all_loss:0.32953 cls_loss:0.33125 rec_loss:0.15943 [22.40s]; best loss:0.28990, patience : 7
2026-09-09 18:53:44,864 P1988314 INFO pr:0.8552  rc:0.7924  auc:0.9714 ap:0.9097 f1: 0.8226 pred_right: 38634 pred_wrong:366 actu_right: 38605 actu_wrong: 395
2026-09-09 18:53:46,293 P1988314 INFO pr:0.7549  rc:0.5969  auc:0.9807 ap:0.8345 f1: 0.6667 pred_right: 16398 pred_wrong:102 actu_right: 16371 actu_wrong: 129
2026-09-09 18:53:46,296 P1988314 INFO ----------------------------------------------------------------------------------------------------
2026-09-09 18:53:46,297 P1988314 INFO 135/300 starting... lr: 0.0009000000000000001 para:0.01
2026-09-09 18:53:58,345 P1988314 INFO Epoch 135/300, all_loss:0.30620 cls_loss:0.30780 rec_loss:0.14835 [12.05s]; best loss:0.28990, patience : 7
2026-09-09 18:54:01,511 P1988314 INFO pr:0.9121  rc:0.7582  auc:0.9734 ap:0.9270 f1: 0.8281 pred_right: 38670 pred_wrong:330 actu_right: 38603 actu_wrong: 397
2026-09-09 18:54:02,796 P1988314 INFO pr:0.8000  rc:0.5271  auc:0.9725 ap:0.8396 f1: 0.6355 pred_right: 16415 pred_wrong:85 actu_right: 16371 actu_wrong: 129
2026-09-09 18:54:02,797 P1988314 INFO ----------------------------------------------------------------------------------------------------
2026-09-09 18:54:02,797 P1988314 INFO 136/300 starting... lr: 0.0009000000000000001 para:0.01
2026-09-09 18:54:14,929 P1988314 INFO Epoch 136/300, all_loss:0.26037 cls_loss:0.26143 rec_loss:0.15515 [12.12s]; best loss:0.26037, patience : 0
2026-09-09 18:54:18,631 P1988314 INFO pr:0.8978  rc:0.7305  auc:0.9660 ap:0.9057 f1: 0.8056 pred_right: 38677 pred_wrong:323 actu_right: 38603 actu_wrong: 397
2026-09-09 18:54:20,117 P1988314 INFO pr:0.7808  rc:0.4419  auc:0.9651 ap:0.8220 f1: 0.5644 pred_right: 16427 pred_wrong:73 actu_right: 16371 actu_wrong: 129
2026-09-09 18:54:20,118 P1988314 INFO ----------------------------------------------------------------------------------------------------
2026-09-09 18:54:20,118 P1988314 INFO 137/300 starting... lr: 0.0009000000000000001 para:0.01
2026-09-09 18:54:31,816 P1988314 INFO Epoch 137/300, all_loss:0.31979 cls_loss:0.32140 rec_loss:0.16087 [11.70s]; best loss:0.26037, patience : 1
2026-09-09 18:54:34,849 P1988314 INFO pr:0.8946  rc:0.7053  auc:0.9643 ap:0.9061 f1: 0.7887 pred_right: 38687 pred_wrong:313 actu_right: 38603 actu_wrong: 397
2026-09-09 18:54:36,330 P1988314 INFO pr:0.7429  rc:0.4031  auc:0.9510 ap:0.8136 f1: 0.5226 pred_right: 16430 pred_wrong:70 actu_right: 16371 actu_wrong: 129
2026-09-09 18:54:36,331 P1988314 INFO ----------------------------------------------------------------------------------------------------
2026-09-09 18:54:36,331 P1988314 INFO 138/300 starting... lr: 0.0009000000000000001 para:0.01
2026-09-09 18:54:48,934 P1988314 INFO Epoch 138/300, all_loss:0.34935 cls_loss:0.35130 rec_loss:0.15649 [12.60s]; best loss:0.26037, patience : 2
2026-09-09 18:54:52,212 P1988314 INFO pr:0.8424  rc:0.7809  auc:0.9751 ap:0.8944 f1: 0.8105 pred_right: 38632 pred_wrong:368 actu_right: 38603 actu_wrong: 397
2026-09-09 18:54:53,450 P1988314 INFO pr:0.7353  rc:0.5814  auc:0.9795 ap:0.8180 f1: 0.6494 pred_right: 16398 pred_wrong:102 actu_right: 16371 actu_wrong: 129
2026-09-09 18:54:53,451 P1988314 INFO ----------------------------------------------------------------------------------------------------
2026-09-09 18:54:53,451 P1988314 INFO 139/300 starting... lr: 0.0009000000000000001 para:0.01
2026-09-09 18:55:05,878 P1988314 INFO Epoch 139/300, all_loss:0.34142 cls_loss:0.34327 rec_loss:0.15802 [12.43s]; best loss:0.26037, patience : 2
2026-09-09 18:55:09,735 P1988314 INFO pr:0.8682  rc:0.7632  auc:0.9749 ap:0.9171 f1: 0.8123 pred_right: 38651 pred_wrong:349 actu_right: 38603 actu_wrong: 397
2026-09-09 18:55:11,460 P1988314 INFO pr:0.7957  rc:0.5736  auc:0.9794 ap:0.8482 f1: 0.6667 pred_right: 16407 pred_wrong:93 actu_right: 16371 actu_wrong: 129
2026-09-09 18:55:11,462 P1988314 INFO ----------------------------------------------------------------------------------------------------
2026-09-09 18:55:11,462 P1988314 INFO 140/300 starting... lr: 0.0009000000000000001 para:0.01
2026-09-09 18:55:24,343 P1988314 INFO Epoch 140/300, all_loss:0.34029 cls_loss:0.34203 rec_loss:0.16801 [12.88s]; best loss:0.26037, patience : 2
2026-09-09 18:55:27,862 P1988314 INFO pr:0.8200  rc:0.8262  auc:0.9741 ap:0.9217 f1: 0.8231 pred_right: 38600 pred_wrong:400 actu_right: 38603 actu_wrong: 397
2026-09-09 18:55:29,173 P1988314 INFO pr:0.6667  rc:0.6512  auc:0.9734 ap:0.8340 f1: 0.6588 pred_right: 16374 pred_wrong:126 actu_right: 16371 actu_wrong: 129
2026-09-09 18:55:29,174 P1988314 INFO ----------------------------------------------------------------------------------------------------
2026-09-09 18:55:29,175 P1988314 INFO 141/300 starting... lr: 0.0009000000000000001 para:0.01
2026-09-09 18:55:42,849 P1988314 INFO Epoch 141/300, all_loss:0.36411 cls_loss:0.36631 rec_loss:0.14571 [13.67s]; best loss:0.26037, patience : 3
2026-09-09 18:55:45,514 P1988314 INFO pr:0.8917  rc:0.7884  auc:0.9710 ap:0.9293 f1: 0.8369 pred_right: 38649 pred_wrong:351 actu_right: 38603 actu_wrong: 397
2026-09-09 18:55:46,628 P1988314 INFO pr:0.7527  rc:0.5426  auc:0.9641 ap:0.8279 f1: 0.6306 pred_right: 16407 pred_wrong:93 actu_right: 16371 actu_wrong: 129
2026-09-09 18:55:46,629 P1988314 INFO ----------------------------------------------------------------------------------------------------
2026-09-09 18:55:46,629 P1988314 INFO 142/300 starting... lr: 0.0009000000000000001 para:0.01
2026-09-09 18:55:57,391 P1988314 INFO Epoch 142/300, all_loss:0.27493 cls_loss:0.27620 rec_loss:0.14846 [10.76s]; best loss:0.26037, patience : 3
2026-09-09 18:56:01,713 P1988314 INFO pr:0.8595  rc:0.7859  auc:0.9745 ap:0.9034 f1: 0.8211 pred_right: 38637 pred_wrong:363 actu_right: 38603 actu_wrong: 397
2026-09-09 18:56:07,116 P1988314 INFO pr:0.7812  rc:0.5814  auc:0.9788 ap:0.8295 f1: 0.6667 pred_right: 16404 pred_wrong:96 actu_right: 16371 actu_wrong: 129
2026-09-09 18:56:07,117 P1988314 INFO ----------------------------------------------------------------------------------------------------
2026-09-09 18:56:07,117 P1988314 INFO 143/300 starting... lr: 0.0009000000000000001 para:0.01
2026-09-09 18:56:25,978 P1988314 INFO Epoch 143/300, all_loss:0.28154 cls_loss:0.28278 rec_loss:0.15792 [18.86s]; best loss:0.26037, patience : 4
2026-09-09 18:56:29,365 P1988314 INFO pr:0.8614  rc:0.7985  auc:0.9703 ap:0.9223 f1: 0.8288 pred_right: 38632 pred_wrong:368 actu_right: 38603 actu_wrong: 397
2026-09-09 18:56:30,794 P1988314 INFO pr:0.7204  rc:0.5194  auc:0.9758 ap:0.8245 f1: 0.6036 pred_right: 16407 pred_wrong:93 actu_right: 16371 actu_wrong: 129
2026-09-09 18:56:30,796 P1988314 INFO ----------------------------------------------------------------------------------------------------
2026-09-09 18:56:30,797 P1988314 INFO 144/300 starting... lr: 0.0009000000000000001 para:0.01
2026-09-09 18:56:42,981 P1988314 INFO Epoch 144/300, all_loss:0.31713 cls_loss:0.31871 rec_loss:0.16115 [12.18s]; best loss:0.26037, patience : 5
2026-09-09 18:56:45,975 P1988314 INFO pr:0.9354  rc:0.6927  auc:0.9669 ap:0.9249 f1: 0.7959 pred_right: 38706 pred_wrong:294 actu_right: 38603 actu_wrong: 397
2026-09-09 18:56:47,199 P1988314 INFO pr:0.7887  rc:0.4341  auc:0.9668 ap:0.8382 f1: 0.5600 pred_right: 16429 pred_wrong:71 actu_right: 16371 actu_wrong: 129
2026-09-09 18:56:47,209 P1988314 INFO ----------------------------------------------------------------------------------------------------
2026-09-09 18:56:47,209 P1988314 INFO 145/300 starting... lr: 0.0009000000000000001 para:0.01
2026-09-09 18:56:59,130 P1988314 INFO Epoch 145/300, all_loss:0.34026 cls_loss:0.34210 rec_loss:0.15844 [11.92s]; best loss:0.26037, patience : 6
2026-09-09 18:57:02,233 P1988314 INFO pr:0.9028  rc:0.7254  auc:0.9754 ap:0.9112 f1: 0.8045 pred_right: 38681 pred_wrong:319 actu_right: 38603 actu_wrong: 397
2026-09-09 18:57:03,563 P1988314 INFO pr:0.7841  rc:0.5349  auc:0.9784 ap:0.8328 f1: 0.6359 pred_right: 16412 pred_wrong:88 actu_right: 16371 actu_wrong: 129
2026-09-09 18:57:03,564 P1988314 INFO ----------------------------------------------------------------------------------------------------
2026-09-09 18:57:03,564 P1988314 INFO 146/300 starting... lr: 0.0009000000000000001 para:0.01
2026-09-09 18:57:16,105 P1988314 INFO Epoch 146/300, all_loss:0.32066 cls_loss:0.32226 rec_loss:0.16181 [12.54s]; best loss:0.26037, patience : 6
2026-09-09 18:57:19,464 P1988314 INFO pr:0.9112  rc:0.7758  auc:0.9743 ap:0.9260 f1: 0.8381 pred_right: 38662 pred_wrong:338 actu_right: 38603 actu_wrong: 397
2026-09-09 18:57:20,919 P1988314 INFO pr:0.7766  rc:0.5659  auc:0.9799 ap:0.8352 f1: 0.6547 pred_right: 16406 pred_wrong:94 actu_right: 16371 actu_wrong: 129
2026-09-09 18:57:20,921 P1988314 INFO ----------------------------------------------------------------------------------------------------
2026-09-09 18:57:20,923 P1988314 INFO 147/300 starting... lr: 0.0009000000000000001 para:0.01
2026-09-09 18:57:33,593 P1988314 INFO Epoch 147/300, all_loss:0.25564 cls_loss:0.25654 rec_loss:0.16689 [12.66s]; best loss:0.25564, patience : 0
2026-09-09 18:57:36,882 P1988314 INFO pr:0.9088  rc:0.7531  auc:0.9706 ap:0.9186 f1: 0.8237 pred_right: 38671 pred_wrong:329 actu_right: 38603 actu_wrong: 397
2026-09-09 18:57:38,216 P1988314 INFO pr:0.7527  rc:0.5426  auc:0.9722 ap:0.8185 f1: 0.6306 pred_right: 16407 pred_wrong:93 actu_right: 16371 actu_wrong: 129
2026-09-09 18:57:38,218 P1988314 INFO ----------------------------------------------------------------------------------------------------
2026-09-09 18:57:38,218 P1988314 INFO 148/300 starting... lr: 0.0009000000000000001 para:0.01
2026-09-09 18:57:50,257 P1988314 INFO Epoch 148/300, all_loss:0.26415 cls_loss:0.26518 rec_loss:0.16194 [12.04s]; best loss:0.25564, patience : 1
2026-09-09 18:57:53,771 P1988314 INFO pr:0.9588  rc:0.6448  auc:0.9561 ap:0.9248 f1: 0.7711 pred_right: 38733 pred_wrong:267 actu_right: 38603 actu_wrong: 397
2026-09-09 18:57:55,149 P1988314 INFO pr:0.8182  rc:0.3488  auc:0.9301 ap:0.8390 f1: 0.4891 pred_right: 16445 pred_wrong:55 actu_right: 16371 actu_wrong: 129
2026-09-09 18:57:55,150 P1988314 INFO ----------------------------------------------------------------------------------------------------
2026-09-09 18:57:55,151 P1988314 INFO 149/300 starting... lr: 0.0009000000000000001 para:0.01
2026-09-09 18:58:07,742 P1988314 INFO Epoch 149/300, all_loss:0.29911 cls_loss:0.30052 rec_loss:0.16043 [12.59s]; best loss:0.25564, patience : 2
2026-09-09 18:58:10,937 P1988314 INFO pr:0.8876  rc:0.7557  auc:0.9581 ap:0.9199 f1: 0.8163 pred_right: 38662 pred_wrong:338 actu_right: 38603 actu_wrong: 397
2026-09-09 18:58:12,511 P1988314 INFO pr:0.8022  rc:0.5659  auc:0.9588 ap:0.8494 f1: 0.6636 pred_right: 16409 pred_wrong:91 actu_right: 16371 actu_wrong: 129
2026-09-09 18:58:12,512 P1988314 INFO ----------------------------------------------------------------------------------------------------
2026-09-09 18:58:12,512 P1988314 INFO 150/300 starting... lr: 0.0009000000000000001 para:0.01
2026-09-09 18:58:24,818 P1988314 INFO Epoch 150/300, all_loss:0.26193 cls_loss:0.26293 rec_loss:0.16261 [12.30s]; best loss:0.25564, patience : 2
2026-09-09 18:58:27,449 P1988314 INFO pr:0.9238  rc:0.7632  auc:0.9703 ap:0.9273 f1: 0.8359 pred_right: 38672 pred_wrong:328 actu_right: 38603 actu_wrong: 397
2026-09-09 18:58:28,553 P1988314 INFO pr:0.8193  rc:0.5271  auc:0.9631 ap:0.8563 f1: 0.6415 pred_right: 16417 pred_wrong:83 actu_right: 16371 actu_wrong: 129
2026-09-09 18:58:28,555 P1988314 INFO ----------------------------------------------------------------------------------------------------
2026-09-09 18:58:28,555 P1988314 INFO 151/300 starting... lr: 0.0009000000000000001 para:0.01
2026-09-09 18:58:42,972 P1988314 INFO Epoch 151/300, all_loss:0.28006 cls_loss:0.28126 rec_loss:0.16113 [14.42s]; best loss:0.25564, patience : 3
2026-09-09 18:58:55,056 P1988314 INFO pr:0.8941  rc:0.7677  auc:0.9720 ap:0.9298 f1: 0.8261 pred_right: 38660 pred_wrong:340 actu_right: 38604 actu_wrong: 396
2026-09-09 18:58:56,884 P1988314 INFO pr:0.7912  rc:0.5581  auc:0.9726 ap:0.8383 f1: 0.6545 pred_right: 16409 pred_wrong:91 actu_right: 16371 actu_wrong: 129
2026-09-09 18:58:56,886 P1988314 INFO ----------------------------------------------------------------------------------------------------
2026-09-09 18:58:56,887 P1988314 INFO 152/300 starting... lr: 0.0009000000000000001 para:0.01
2026-09-09 18:59:09,654 P1988314 INFO Epoch 152/300, all_loss:0.29918 cls_loss:0.30050 rec_loss:0.16815 [12.76s]; best loss:0.25564, patience : 4
2026-09-09 18:59:13,232 P1988314 INFO pr:0.8908  rc:0.8010  auc:0.9711 ap:0.9291 f1: 0.8435 pred_right: 38643 pred_wrong:357 actu_right: 38603 actu_wrong: 397
2026-09-09 18:59:14,515 P1988314 INFO pr:0.7549  rc:0.5969  auc:0.9615 ap:0.8306 f1: 0.6667 pred_right: 16398 pred_wrong:102 actu_right: 16371 actu_wrong: 129
2026-09-09 18:59:14,523 P1988314 INFO ----------------------------------------------------------------------------------------------------
2026-09-09 18:59:14,523 P1988314 INFO 153/300 starting... lr: 0.0009000000000000001 para:0.01
2026-09-09 18:59:26,421 P1988314 INFO Epoch 153/300, all_loss:0.26264 cls_loss:0.26360 rec_loss:0.16758 [11.90s]; best loss:0.25564, patience : 4
2026-09-09 18:59:29,524 P1988314 INFO pr:0.8611  rc:0.7809  auc:0.9714 ap:0.9032 f1: 0.8190 pred_right: 38640 pred_wrong:360 actu_right: 38603 actu_wrong: 397
2026-09-09 18:59:30,927 P1988314 INFO pr:0.7500  rc:0.5814  auc:0.9684 ap:0.8298 f1: 0.6550 pred_right: 16400 pred_wrong:100 actu_right: 16371 actu_wrong: 129
2026-09-09 18:59:30,929 P1988314 INFO ----------------------------------------------------------------------------------------------------
2026-09-09 18:59:30,930 P1988314 INFO 154/300 starting... lr: 0.0009000000000000001 para:0.01
2026-09-09 18:59:43,570 P1988314 INFO Epoch 154/300, all_loss:0.28100 cls_loss:0.28215 rec_loss:0.16730 [12.64s]; best loss:0.25564, patience : 5
2026-09-09 18:59:46,818 P1988314 INFO pr:0.8953  rc:0.7758  auc:0.9692 ap:0.9276 f1: 0.8313 pred_right: 38656 pred_wrong:344 actu_right: 38603 actu_wrong: 397
2026-09-09 18:59:48,023 P1988314 INFO pr:0.7347  rc:0.5581  auc:0.9696 ap:0.8424 f1: 0.6344 pred_right: 16402 pred_wrong:98 actu_right: 16371 actu_wrong: 129
2026-09-09 18:59:48,024 P1988314 INFO ----------------------------------------------------------------------------------------------------
2026-09-09 18:59:48,024 P1988314 INFO 155/300 starting... lr: 0.0009000000000000001 para:0.01
2026-09-09 19:00:00,003 P1988314 INFO Epoch 155/300, all_loss:0.28176 cls_loss:0.28290 rec_loss:0.16827 [11.98s]; best loss:0.25564, patience : 6
2026-09-09 19:00:03,564 P1988314 INFO pr:0.8860  rc:0.7834  auc:0.9705 ap:0.9270 f1: 0.8316 pred_right: 38649 pred_wrong:351 actu_right: 38603 actu_wrong: 397
2026-09-09 19:00:04,971 P1988314 INFO pr:0.7255  rc:0.5736  auc:0.9727 ap:0.8159 f1: 0.6407 pred_right: 16398 pred_wrong:102 actu_right: 16371 actu_wrong: 129
2026-09-09 19:00:04,973 P1988314 INFO ----------------------------------------------------------------------------------------------------
2026-09-09 19:00:04,974 P1988314 INFO 156/300 starting... lr: 0.0009000000000000001 para:0.01
2026-09-09 19:00:17,038 P1988314 INFO Epoch 156/300, all_loss:0.31614 cls_loss:0.31766 rec_loss:0.16574 [12.06s]; best loss:0.25564, patience : 7
2026-09-09 19:00:19,888 P1988314 INFO pr:0.9216  rc:0.7103  auc:0.9650 ap:0.9115 f1: 0.8023 pred_right: 38694 pred_wrong:306 actu_right: 38603 actu_wrong: 397
2026-09-09 19:00:21,207 P1988314 INFO pr:0.8169  rc:0.4496  auc:0.9615 ap:0.8238 f1: 0.5800 pred_right: 16429 pred_wrong:71 actu_right: 16371 actu_wrong: 129
2026-09-09 19:00:21,208 P1988314 INFO ----------------------------------------------------------------------------------------------------
2026-09-09 19:00:21,208 P1988314 INFO 157/300 starting... lr: 0.0009000000000000001 para:0.01
2026-09-09 19:00:34,312 P1988314 INFO Epoch 157/300, all_loss:0.26112 cls_loss:0.26206 rec_loss:0.16822 [13.10s]; best loss:0.25564, patience : 7
2026-09-09 19:00:37,507 P1988314 INFO pr:0.8980  rc:0.7778  auc:0.9705 ap:0.9249 f1: 0.8336 pred_right: 38657 pred_wrong:343 actu_right: 38604 actu_wrong: 396
2026-09-09 19:00:38,935 P1988314 INFO pr:0.7826  rc:0.5581  auc:0.9656 ap:0.8368 f1: 0.6516 pred_right: 16408 pred_wrong:92 actu_right: 16371 actu_wrong: 129
2026-09-09 19:00:38,936 P1988314 INFO ----------------------------------------------------------------------------------------------------
2026-09-09 19:00:38,936 P1988314 INFO 158/300 starting... lr: 0.0009000000000000001 para:0.01
2026-09-09 19:00:51,892 P1988314 INFO Epoch 158/300, all_loss:0.26092 cls_loss:0.26188 rec_loss:0.16627 [12.95s]; best loss:0.25564, patience : 7
2026-09-09 19:00:56,106 P1988314 INFO pr:0.9242  rc:0.7683  auc:0.9725 ap:0.9286 f1: 0.8391 pred_right: 38670 pred_wrong:330 actu_right: 38603 actu_wrong: 397
2026-09-09 19:00:58,089 P1988314 INFO pr:0.7667  rc:0.5349  auc:0.9494 ap:0.8135 f1: 0.6301 pred_right: 16410 pred_wrong:90 actu_right: 16371 actu_wrong: 129
2026-09-09 19:00:58,090 P1988314 INFO ----------------------------------------------------------------------------------------------------
2026-09-09 19:00:58,090 P1988314 INFO 159/300 starting... lr: 0.0009000000000000001 para:0.01
2026-09-09 19:01:08,495 P1988314 INFO Epoch 159/300, all_loss:0.26967 cls_loss:0.27067 rec_loss:0.17082 [10.40s]; best loss:0.25564, patience : 8
2026-09-09 19:01:11,256 P1988314 INFO pr:0.9043  rc:0.7399  auc:0.9647 ap:0.9263 f1: 0.8139 pred_right: 38676 pred_wrong:324 actu_right: 38604 actu_wrong: 396
2026-09-09 19:01:12,430 P1988314 INFO pr:0.7922  rc:0.4729  auc:0.9651 ap:0.8463 f1: 0.5922 pred_right: 16423 pred_wrong:77 actu_right: 16371 actu_wrong: 129
2026-09-09 19:01:12,430 P1988314 INFO ----------------------------------------------------------------------------------------------------
2026-09-09 19:01:12,431 P1988314 INFO 160/300 starting... lr: 0.0009000000000000001 para:0.01
2026-09-09 19:01:35,020 P1988314 INFO Epoch 160/300, all_loss:2.05964 cls_loss:2.07884 rec_loss:0.15901 [22.59s]; best loss:0.25564, patience : 9
2026-09-09 19:01:39,135 P1988314 INFO pr:0.8792  rc:0.7884  auc:0.9711 ap:0.9130 f1: 0.8313 pred_right: 38644 pred_wrong:356 actu_right: 38603 actu_wrong: 397
2026-09-09 19:01:40,544 P1988314 INFO pr:0.8222  rc:0.5736  auc:0.9684 ap:0.8435 f1: 0.6758 pred_right: 16410 pred_wrong:90 actu_right: 16371 actu_wrong: 129
2026-09-09 19:01:40,545 P1988314 INFO ----------------------------------------------------------------------------------------------------
2026-09-09 19:01:40,545 P1988314 INFO 161/300 starting... lr: 0.0009000000000000001 para:0.01
2026-09-09 19:01:52,387 P1988314 INFO Epoch 161/300, all_loss:0.27488 cls_loss:0.27598 rec_loss:0.16557 [11.84s]; best loss:0.25564, patience : 9
2026-09-09 19:01:55,773 P1988314 INFO pr:0.8575  rc:0.8035  auc:0.9761 ap:0.9270 f1: 0.8296 pred_right: 38628 pred_wrong:372 actu_right: 38603 actu_wrong: 397
2026-09-09 19:01:57,199 P1988314 INFO pr:0.7105  rc:0.6279  auc:0.9835 ap:0.8251 f1: 0.6667 pred_right: 16386 pred_wrong:114 actu_right: 16371 actu_wrong: 129
2026-09-09 19:01:57,200 P1988314 INFO ----------------------------------------------------------------------------------------------------
2026-09-09 19:01:57,200 P1988314 INFO 162/300 starting... lr: 0.0009000000000000001 para:0.01
2026-09-09 19:02:09,094 P1988314 INFO Epoch 162/300, all_loss:0.30958 cls_loss:0.31109 rec_loss:0.15994 [11.89s]; best loss:0.25564, patience : 10
2026-09-09 19:02:12,827 P1988314 INFO pr:0.8830  rc:0.7985  auc:0.9705 ap:0.9228 f1: 0.8386 pred_right: 38641 pred_wrong:359 actu_right: 38603 actu_wrong: 397
2026-09-09 19:02:14,267 P1988314 INFO pr:0.7642  rc:0.6279  auc:0.9652 ap:0.8501 f1: 0.6894 pred_right: 16394 pred_wrong:106 actu_right: 16371 actu_wrong: 129
2026-09-09 19:02:14,268 P1988314 INFO ----------------------------------------------------------------------------------------------------
2026-09-09 19:02:14,268 P1988314 INFO 163/300 starting... lr: 0.0009000000000000001 para:0.01
2026-09-09 19:02:26,568 P1988314 INFO Epoch 163/300, all_loss:0.27418 cls_loss:0.27533 rec_loss:0.16112 [12.30s]; best loss:0.25564, patience : 10
2026-09-09 19:02:29,921 P1988314 INFO pr:0.9323  rc:0.7280  auc:0.9721 ap:0.9216 f1: 0.8175 pred_right: 38690 pred_wrong:310 actu_right: 38603 actu_wrong: 397
2026-09-09 19:02:31,333 P1988314 INFO pr:0.7927  rc:0.5039  auc:0.9637 ap:0.8202 f1: 0.6161 pred_right: 16418 pred_wrong:82 actu_right: 16371 actu_wrong: 129
2026-09-09 19:02:31,335 P1988314 INFO ----------------------------------------------------------------------------------------------------
2026-09-09 19:02:31,336 P1988314 INFO 164/300 starting... lr: 0.0009000000000000001 para:0.01
2026-09-09 19:02:43,910 P1988314 INFO Epoch 164/300, all_loss:0.25739 cls_loss:0.25832 rec_loss:0.16483 [12.57s]; best loss:0.25564, patience : 10
2026-09-09 19:02:47,600 P1988314 INFO pr:0.9255  rc:0.7506  auc:0.9703 ap:0.9288 f1: 0.8289 pred_right: 38678 pred_wrong:322 actu_right: 38603 actu_wrong: 397
2026-09-09 19:02:48,979 P1988314 INFO pr:0.7857  rc:0.5116  auc:0.9579 ap:0.8326 f1: 0.6197 pred_right: 16416 pred_wrong:84 actu_right: 16371 actu_wrong: 129
2026-09-09 19:02:48,981 P1988314 INFO ----------------------------------------------------------------------------------------------------
2026-09-09 19:02:48,981 P1988314 INFO 165/300 starting... lr: 0.0009000000000000001 para:0.01
2026-09-09 19:03:01,886 P1988314 INFO Epoch 165/300, all_loss:0.24771 cls_loss:0.24857 rec_loss:0.16231 [12.90s]; best loss:0.24771, patience : 0
2026-09-09 19:03:05,279 P1988314 INFO pr:0.9159  rc:0.7146  auc:0.9599 ap:0.9131 f1: 0.8028 pred_right: 38691 pred_wrong:309 actu_right: 38604 actu_wrong: 396
2026-09-09 19:03:06,624 P1988314 INFO pr:0.7945  rc:0.4496  auc:0.9526 ap:0.8137 f1: 0.5743 pred_right: 16427 pred_wrong:73 actu_right: 16371 actu_wrong: 129
2026-09-09 19:03:06,625 P1988314 INFO ----------------------------------------------------------------------------------------------------
2026-09-09 19:03:06,625 P1988314 INFO 166/300 starting... lr: 0.0009000000000000001 para:0.01
2026-09-09 19:03:18,972 P1988314 INFO Epoch 166/300, all_loss:0.25961 cls_loss:0.26055 rec_loss:0.16694 [12.35s]; best loss:0.24771, patience : 1
2026-09-09 19:03:22,060 P1988314 INFO pr:0.8436  rc:0.8287  auc:0.9737 ap:0.9334 f1: 0.8361 pred_right: 38610 pred_wrong:390 actu_right: 38603 actu_wrong: 397
2026-09-09 19:03:23,375 P1988314 INFO pr:0.7434  rc:0.6512  auc:0.9607 ap:0.8407 f1: 0.6942 pred_right: 16387 pred_wrong:113 actu_right: 16371 actu_wrong: 129
2026-09-09 19:03:23,376 P1988314 INFO ----------------------------------------------------------------------------------------------------
2026-09-09 19:03:23,376 P1988314 INFO 167/300 starting... lr: 0.0009000000000000001 para:0.01
2026-09-09 19:03:36,735 P1988314 INFO Epoch 167/300, all_loss:0.29042 cls_loss:0.29165 rec_loss:0.16816 [13.36s]; best loss:0.24771, patience : 2
2026-09-09 19:03:39,084 P1988314 INFO pr:0.8782  rc:0.7809  auc:0.9704 ap:0.9207 f1: 0.8267 pred_right: 38647 pred_wrong:353 actu_right: 38603 actu_wrong: 397
2026-09-09 19:03:40,105 P1988314 INFO pr:0.7320  rc:0.5504  auc:0.9554 ap:0.8251 f1: 0.6283 pred_right: 16403 pred_wrong:97 actu_right: 16371 actu_wrong: 129
2026-09-09 19:03:40,106 P1988314 INFO ----------------------------------------------------------------------------------------------------
2026-09-09 19:03:40,106 P1988314 INFO 168/300 starting... lr: 0.0009000000000000001 para:0.01
2026-09-09 19:03:50,917 P1988314 INFO Epoch 168/300, all_loss:0.25547 cls_loss:0.25637 rec_loss:0.16579 [10.81s]; best loss:0.24771, patience : 2
2026-09-09 19:03:57,756 P1988314 INFO pr:0.9292  rc:0.7607  auc:0.9678 ap:0.9210 f1: 0.8366 pred_right: 38675 pred_wrong:325 actu_right: 38603 actu_wrong: 397
2026-09-09 19:04:03,171 P1988314 INFO pr:0.7927  rc:0.5039  auc:0.9491 ap:0.8322 f1: 0.6161 pred_right: 16418 pred_wrong:82 actu_right: 16371 actu_wrong: 129
2026-09-09 19:04:03,177 P1988314 INFO ----------------------------------------------------------------------------------------------------
2026-09-09 19:04:03,178 P1988314 INFO 169/300 starting... lr: 0.0009000000000000001 para:0.01
2026-09-09 19:04:20,389 P1988314 INFO Epoch 169/300, all_loss:0.21001 cls_loss:0.21040 rec_loss:0.17181 [17.20s]; best loss:0.21001, patience : 0
2026-09-09 19:04:24,008 P1988314 INFO pr:0.9015  rc:0.7607  auc:0.9720 ap:0.9121 f1: 0.8251 pred_right: 38665 pred_wrong:335 actu_right: 38603 actu_wrong: 397
2026-09-09 19:04:25,524 P1988314 INFO pr:0.8118  rc:0.5349  auc:0.9630 ap:0.8233 f1: 0.6449 pred_right: 16415 pred_wrong:85 actu_right: 16371 actu_wrong: 129
2026-09-09 19:04:25,525 P1988314 INFO ----------------------------------------------------------------------------------------------------
2026-09-09 19:04:25,525 P1988314 INFO 170/300 starting... lr: 0.0009000000000000001 para:0.01
2026-09-09 19:04:37,447 P1988314 INFO Epoch 170/300, all_loss:0.24362 cls_loss:0.24434 rec_loss:0.17265 [11.92s]; best loss:0.21001, patience : 1
2026-09-09 19:04:40,589 P1988314 INFO pr:0.9154  rc:0.7652  auc:0.9670 ap:0.9236 f1: 0.8336 pred_right: 38669 pred_wrong:331 actu_right: 38604 actu_wrong: 396
2026-09-09 19:04:42,018 P1988314 INFO pr:0.7614  rc:0.5194  auc:0.9569 ap:0.8138 f1: 0.6175 pred_right: 16412 pred_wrong:88 actu_right: 16371 actu_wrong: 129
2026-09-09 19:04:42,019 P1988314 INFO ----------------------------------------------------------------------------------------------------
2026-09-09 19:04:42,019 P1988314 INFO 171/300 starting... lr: 0.0009000000000000001 para:0.01
2026-09-09 19:04:53,839 P1988314 INFO Epoch 171/300, all_loss:0.24236 cls_loss:0.24307 rec_loss:0.17224 [11.82s]; best loss:0.21001, patience : 1
2026-09-09 19:04:56,788 P1988314 INFO pr:0.9216  rc:0.7121  auc:0.9651 ap:0.9172 f1: 0.8034 pred_right: 38694 pred_wrong:306 actu_right: 38604 actu_wrong: 396
2026-09-09 19:04:58,202 P1988314 INFO pr:0.8077  rc:0.4884  auc:0.9499 ap:0.8089 f1: 0.6087 pred_right: 16422 pred_wrong:78 actu_right: 16371 actu_wrong: 129
2026-09-09 19:04:58,202 P1988314 INFO ----------------------------------------------------------------------------------------------------
2026-09-09 19:04:58,203 P1988314 INFO 172/300 starting... lr: 0.0009000000000000001 para:0.01
2026-09-09 19:05:10,767 P1988314 INFO Epoch 172/300, all_loss:0.23461 cls_loss:0.23516 rec_loss:0.18057 [12.56s]; best loss:0.21001, patience : 1
2026-09-09 19:05:13,941 P1988314 INFO pr:0.9274  rc:0.7424  auc:0.9627 ap:0.9160 f1: 0.8247 pred_right: 38683 pred_wrong:317 actu_right: 38604 actu_wrong: 396
2026-09-09 19:05:15,183 P1988314 INFO pr:0.7952  rc:0.5116  auc:0.9589 ap:0.8244 f1: 0.6226 pred_right: 16417 pred_wrong:83 actu_right: 16371 actu_wrong: 129
2026-09-09 19:05:15,184 P1988314 INFO ----------------------------------------------------------------------------------------------------
2026-09-09 19:05:15,184 P1988314 INFO 173/300 starting... lr: 0.0009000000000000001 para:0.01
2026-09-09 19:05:27,283 P1988314 INFO Epoch 173/300, all_loss:0.23765 cls_loss:0.23824 rec_loss:0.17958 [12.10s]; best loss:0.21001, patience : 2
2026-09-09 19:05:30,371 P1988314 INFO pr:0.9379  rc:0.7247  auc:0.9643 ap:0.9315 f1: 0.8177 pred_right: 38694 pred_wrong:306 actu_right: 38604 actu_wrong: 396
2026-09-09 19:05:31,735 P1988314 INFO pr:0.8133  rc:0.4729  auc:0.9427 ap:0.8361 f1: 0.5980 pred_right: 16425 pred_wrong:75 actu_right: 16371 actu_wrong: 129
2026-09-09 19:05:31,736 P1988314 INFO ----------------------------------------------------------------------------------------------------
2026-09-09 19:05:31,737 P1988314 INFO 174/300 starting... lr: 0.0009000000000000001 para:0.01
2026-09-09 19:05:44,140 P1988314 INFO Epoch 174/300, all_loss:0.25102 cls_loss:0.25174 rec_loss:0.18018 [12.40s]; best loss:0.21001, patience : 3
2026-09-09 19:05:47,885 P1988314 INFO pr:0.9072  rc:0.7884  auc:0.9655 ap:0.9264 f1: 0.8437 pred_right: 38655 pred_wrong:345 actu_right: 38603 actu_wrong: 397
2026-09-09 19:05:49,470 P1988314 INFO pr:0.7766  rc:0.5659  auc:0.9674 ap:0.8349 f1: 0.6547 pred_right: 16406 pred_wrong:94 actu_right: 16371 actu_wrong: 129
2026-09-09 19:05:49,479 P1988314 INFO ----------------------------------------------------------------------------------------------------
2026-09-09 19:05:49,479 P1988314 INFO 175/300 starting... lr: 0.0009000000000000001 para:0.01
2026-09-09 19:06:01,936 P1988314 INFO Epoch 175/300, all_loss:0.54035 cls_loss:0.54393 rec_loss:0.18570 [12.46s]; best loss:0.21001, patience : 4
2026-09-09 19:06:05,304 P1988314 INFO pr:0.9393  rc:0.7406  auc:0.9641 ap:0.9321 f1: 0.8282 pred_right: 38687 pred_wrong:313 actu_right: 38603 actu_wrong: 397
2026-09-09 19:06:06,941 P1988314 INFO pr:0.8082  rc:0.4574  auc:0.9485 ap:0.8424 f1: 0.5842 pred_right: 16427 pred_wrong:73 actu_right: 16371 actu_wrong: 129
2026-09-09 19:06:06,943 P1988314 INFO ----------------------------------------------------------------------------------------------------
2026-09-09 19:06:06,944 P1988314 INFO 176/300 starting... lr: 0.0009000000000000001 para:0.01
2026-09-09 19:06:19,761 P1988314 INFO Epoch 176/300, all_loss:0.24501 cls_loss:0.24569 rec_loss:0.17751 [12.82s]; best loss:0.21001, patience : 4
2026-09-09 19:06:22,411 P1988314 INFO pr:0.8203  rc:0.8161  auc:0.9657 ap:0.9194 f1: 0.8182 pred_right: 38605 pred_wrong:395 actu_right: 38603 actu_wrong: 397
2026-09-09 19:06:23,664 P1988314 INFO pr:0.7431  rc:0.6279  auc:0.9454 ap:0.8395 f1: 0.6807 pred_right: 16391 pred_wrong:109 actu_right: 16371 actu_wrong: 129
2026-09-09 19:06:23,666 P1988314 INFO ----------------------------------------------------------------------------------------------------
2026-09-09 19:06:23,667 P1988314 INFO 177/300 starting... lr: 0.0009000000000000001 para:0.01
2026-09-09 19:06:39,816 P1988314 INFO Epoch 177/300, all_loss:0.25855 cls_loss:0.25941 rec_loss:0.17348 [16.15s]; best loss:0.21001, patience : 5
2026-09-09 19:06:48,914 P1988314 INFO pr:0.8810  rc:0.7834  auc:0.9718 ap:0.9160 f1: 0.8293 pred_right: 38647 pred_wrong:353 actu_right: 38603 actu_wrong: 397
2026-09-09 19:06:51,159 P1988314 INFO pr:0.7600  rc:0.5891  auc:0.9658 ap:0.8342 f1: 0.6638 pred_right: 16400 pred_wrong:100 actu_right: 16371 actu_wrong: 129
2026-09-09 19:06:51,160 P1988314 INFO ----------------------------------------------------------------------------------------------------
2026-09-09 19:06:51,161 P1988314 INFO 178/300 starting... lr: 0.0009000000000000001 para:0.01
2026-09-09 19:07:04,030 P1988314 INFO Epoch 178/300, all_loss:0.27614 cls_loss:0.27713 rec_loss:0.17738 [12.87s]; best loss:0.21001, patience : 6
2026-09-09 19:07:07,057 P1988314 INFO pr:0.9568  rc:0.7254  auc:0.9667 ap:0.9309 f1: 0.8252 pred_right: 38699 pred_wrong:301 actu_right: 38603 actu_wrong: 397
2026-09-09 19:07:08,377 P1988314 INFO pr:0.8148  rc:0.5116  auc:0.9511 ap:0.8283 f1: 0.6286 pred_right: 16419 pred_wrong:81 actu_right: 16371 actu_wrong: 129
2026-09-09 19:07:08,378 P1988314 INFO ----------------------------------------------------------------------------------------------------
2026-09-09 19:07:08,378 P1988314 INFO 179/300 starting... lr: 0.0009000000000000001 para:0.01
2026-09-09 19:07:20,403 P1988314 INFO Epoch 179/300, all_loss:0.25606 cls_loss:0.25691 rec_loss:0.17184 [12.02s]; best loss:0.21001, patience : 6
2026-09-09 19:07:23,778 P1988314 INFO pr:0.9283  rc:0.7506  auc:0.9664 ap:0.9292 f1: 0.8301 pred_right: 38679 pred_wrong:321 actu_right: 38603 actu_wrong: 397
2026-09-09 19:07:25,306 P1988314 INFO pr:0.7792  rc:0.4651  auc:0.9660 ap:0.8348 f1: 0.5825 pred_right: 16423 pred_wrong:77 actu_right: 16371 actu_wrong: 129
2026-09-09 19:07:25,307 P1988314 INFO ----------------------------------------------------------------------------------------------------
2026-09-09 19:07:25,307 P1988314 INFO 180/300 starting... lr: 0.0009000000000000001 para:0.01
2026-09-09 19:07:37,609 P1988314 INFO Epoch 180/300, all_loss:0.20236 cls_loss:0.20267 rec_loss:0.17169 [12.29s]; best loss:0.20236, patience : 0
2026-09-09 19:07:41,040 P1988314 INFO pr:0.8851  rc:0.7778  auc:0.9669 ap:0.9194 f1: 0.8280 pred_right: 38652 pred_wrong:348 actu_right: 38604 actu_wrong: 396
2026-09-09 19:07:42,500 P1988314 INFO pr:0.7609  rc:0.5426  auc:0.9644 ap:0.8396 f1: 0.6335 pred_right: 16408 pred_wrong:92 actu_right: 16371 actu_wrong: 129
2026-09-09 19:07:42,502 P1988314 INFO ----------------------------------------------------------------------------------------------------
2026-09-09 19:07:42,507 P1988314 INFO 181/300 starting... lr: 0.0009000000000000001 para:0.01
2026-09-09 19:07:54,978 P1988314 INFO Epoch 181/300, all_loss:0.27343 cls_loss:0.27442 rec_loss:0.17462 [12.47s]; best loss:0.20236, patience : 1
2026-09-09 19:07:57,965 P1988314 INFO pr:0.8947  rc:0.7708  auc:0.9665 ap:0.9225 f1: 0.8281 pred_right: 38658 pred_wrong:342 actu_right: 38603 actu_wrong: 397
2026-09-09 19:07:59,279 P1988314 INFO pr:0.7582  rc:0.5349  auc:0.9614 ap:0.8381 f1: 0.6273 pred_right: 16409 pred_wrong:91 actu_right: 16371 actu_wrong: 129
2026-09-09 19:07:59,280 P1988314 INFO ----------------------------------------------------------------------------------------------------
2026-09-09 19:07:59,280 P1988314 INFO 182/300 starting... lr: 0.0009000000000000001 para:0.01
2026-09-09 19:08:11,867 P1988314 INFO Epoch 182/300, all_loss:0.24928 cls_loss:0.25000 rec_loss:0.17823 [12.59s]; best loss:0.20236, patience : 1
2026-09-09 19:08:15,954 P1988314 INFO pr:0.8810  rc:0.7834  auc:0.9717 ap:0.9253 f1: 0.8293 pred_right: 38647 pred_wrong:353 actu_right: 38603 actu_wrong: 397
2026-09-09 19:08:17,412 P1988314 INFO pr:0.7451  rc:0.5891  auc:0.9780 ap:0.8336 f1: 0.6580 pred_right: 16398 pred_wrong:102 actu_right: 16371 actu_wrong: 129
2026-09-09 19:08:17,413 P1988314 INFO ----------------------------------------------------------------------------------------------------
2026-09-09 19:08:17,413 P1988314 INFO 183/300 starting... lr: 0.0009000000000000001 para:0.01
2026-09-09 19:08:29,881 P1988314 INFO Epoch 183/300, all_loss:0.24363 cls_loss:0.24442 rec_loss:0.16618 [12.47s]; best loss:0.20236, patience : 1
2026-09-09 19:08:33,316 P1988314 INFO pr:0.9195  rc:0.7500  auc:0.9639 ap:0.9197 f1: 0.8261 pred_right: 38677 pred_wrong:323 actu_right: 38604 actu_wrong: 396
2026-09-09 19:08:34,641 P1988314 INFO pr:0.7326  rc:0.4884  auc:0.9569 ap:0.8034 f1: 0.5860 pred_right: 16414 pred_wrong:86 actu_right: 16371 actu_wrong: 129
2026-09-09 19:08:34,642 P1988314 INFO ----------------------------------------------------------------------------------------------------
2026-09-09 19:08:34,642 P1988314 INFO 184/300 starting... lr: 0.0009000000000000001 para:0.01
2026-09-09 19:08:46,774 P1988314 INFO Epoch 184/300, all_loss:0.27952 cls_loss:0.28064 rec_loss:0.16890 [12.13s]; best loss:0.20236, patience : 2
2026-09-09 19:08:50,134 P1988314 INFO pr:0.9159  rc:0.7683  auc:0.9706 ap:0.9328 f1: 0.8356 pred_right: 38667 pred_wrong:333 actu_right: 38603 actu_wrong: 397
2026-09-09 19:08:51,659 P1988314 INFO pr:0.7872  rc:0.5736  auc:0.9552 ap:0.8133 f1: 0.6637 pred_right: 16406 pred_wrong:94 actu_right: 16371 actu_wrong: 129
2026-09-09 19:08:51,660 P1988314 INFO ----------------------------------------------------------------------------------------------------
2026-09-09 19:08:51,660 P1988314 INFO 185/300 starting... lr: 0.0009000000000000001 para:0.01
2026-09-09 19:09:03,788 P1988314 INFO Epoch 185/300, all_loss:0.22076 cls_loss:0.22130 rec_loss:0.16740 [12.13s]; best loss:0.20236, patience : 2
2026-09-09 19:09:06,870 P1988314 INFO pr:0.7236  rc:0.8640  auc:0.9753 ap:0.9066 f1: 0.7876 pred_right: 38526 pred_wrong:474 actu_right: 38603 actu_wrong: 397
2026-09-09 19:09:08,236 P1988314 INFO pr:0.6259  rc:0.7132  auc:0.9805 ap:0.8243 f1: 0.6667 pred_right: 16353 pred_wrong:147 actu_right: 16371 actu_wrong: 129
2026-09-09 19:09:08,238 P1988314 INFO ----------------------------------------------------------------------------------------------------
2026-09-09 19:09:08,239 P1988314 INFO 186/300 starting... lr: 0.0009000000000000001 para:0.01
2026-09-09 19:09:28,917 P1988314 INFO Epoch 186/300, all_loss:0.28835 cls_loss:0.28949 rec_loss:0.17549 [20.68s]; best loss:0.20236, patience : 3
2026-09-09 19:09:33,737 P1988314 INFO pr:0.9122  rc:0.7330  auc:0.9593 ap:0.9208 f1: 0.8128 pred_right: 38681 pred_wrong:319 actu_right: 38603 actu_wrong: 397
2026-09-09 19:09:35,125 P1988314 INFO pr:0.7600  rc:0.4419  auc:0.9436 ap:0.8221 f1: 0.5588 pred_right: 16425 pred_wrong:75 actu_right: 16371 actu_wrong: 129
2026-09-09 19:09:35,126 P1988314 INFO ----------------------------------------------------------------------------------------------------
2026-09-09 19:09:35,126 P1988314 INFO 187/300 starting... lr: 0.0009000000000000001 para:0.01
2026-09-09 19:09:47,419 P1988314 INFO Epoch 187/300, all_loss:0.27969 cls_loss:0.28074 rec_loss:0.17507 [12.29s]; best loss:0.20236, patience : 3
2026-09-09 19:09:50,493 P1988314 INFO pr:0.9003  rc:0.7525  auc:0.9598 ap:0.9179 f1: 0.8198 pred_right: 38669 pred_wrong:331 actu_right: 38604 actu_wrong: 396
2026-09-09 19:09:51,763 P1988314 INFO pr:0.7586  rc:0.5116  auc:0.9073 ap:0.7874 f1: 0.6111 pred_right: 16413 pred_wrong:87 actu_right: 16371 actu_wrong: 129
2026-09-09 19:09:51,764 P1988314 INFO ----------------------------------------------------------------------------------------------------
2026-09-09 19:09:51,764 P1988314 INFO 188/300 starting... lr: 0.0009000000000000001 para:0.01
2026-09-09 19:10:03,736 P1988314 INFO Epoch 188/300, all_loss:0.28177 cls_loss:0.28288 rec_loss:0.17152 [11.97s]; best loss:0.20236, patience : 4
2026-09-09 19:10:06,801 P1988314 INFO pr:0.8346  rc:0.8283  auc:0.9709 ap:0.9276 f1: 0.8314 pred_right: 38607 pred_wrong:393 actu_right: 38604 actu_wrong: 396
2026-09-09 19:10:08,094 P1988314 INFO pr:0.7350  rc:0.6667  auc:0.9736 ap:0.8411 f1: 0.6992 pred_right: 16383 pred_wrong:117 actu_right: 16371 actu_wrong: 129
2026-09-09 19:10:08,095 P1988314 INFO ----------------------------------------------------------------------------------------------------
2026-09-09 19:10:08,095 P1988314 INFO 189/300 starting... lr: 0.0009000000000000001 para:0.01
2026-09-09 19:10:20,707 P1988314 INFO Epoch 189/300, all_loss:0.24319 cls_loss:0.24389 rec_loss:0.17472 [12.61s]; best loss:0.20236, patience : 4
2026-09-09 19:10:23,777 P1988314 INFO pr:0.9157  rc:0.7935  auc:0.9705 ap:0.9291 f1: 0.8502 pred_right: 38656 pred_wrong:344 actu_right: 38603 actu_wrong: 397
2026-09-09 19:10:25,214 P1988314 INFO pr:0.7525  rc:0.5891  auc:0.9642 ap:0.8480 f1: 0.6609 pred_right: 16399 pred_wrong:101 actu_right: 16371 actu_wrong: 129
2026-09-09 19:10:25,225 P1988314 INFO ----------------------------------------------------------------------------------------------------
2026-09-09 19:10:25,225 P1988314 INFO 190/300 starting... lr: 0.0009000000000000001 para:0.01
2026-09-09 19:10:37,891 P1988314 INFO Epoch 190/300, all_loss:0.27931 cls_loss:0.28040 rec_loss:0.17137 [12.67s]; best loss:0.20236, patience : 5
2026-09-09 19:10:41,129 P1988314 INFO pr:0.8922  rc:0.7506  auc:0.9689 ap:0.9192 f1: 0.8153 pred_right: 38666 pred_wrong:334 actu_right: 38603 actu_wrong: 397
2026-09-09 19:10:42,575 P1988314 INFO pr:0.7396  rc:0.5504  auc:0.9537 ap:0.8004 f1: 0.6311 pred_right: 16404 pred_wrong:96 actu_right: 16371 actu_wrong: 129
2026-09-09 19:10:42,576 P1988314 INFO ----------------------------------------------------------------------------------------------------
2026-09-09 19:10:42,576 P1988314 INFO 191/300 starting... lr: 0.0009000000000000001 para:0.01
2026-09-09 19:10:54,765 P1988314 INFO Epoch 191/300, all_loss:0.23090 cls_loss:0.23164 rec_loss:0.15860 [12.19s]; best loss:0.20236, patience : 5
2026-09-09 19:10:58,510 P1988314 INFO pr:0.9513  rc:0.6398  auc:0.9555 ap:0.9184 f1: 0.7651 pred_right: 38733 pred_wrong:267 actu_right: 38603 actu_wrong: 397
2026-09-09 19:10:59,771 P1988314 INFO pr:0.8545  rc:0.3643  auc:0.9260 ap:0.8168 f1: 0.5109 pred_right: 16445 pred_wrong:55 actu_right: 16371 actu_wrong: 129
2026-09-09 19:10:59,772 P1988314 INFO ----------------------------------------------------------------------------------------------------
2026-09-09 19:10:59,772 P1988314 INFO 192/300 starting... lr: 0.0009000000000000001 para:0.01
2026-09-09 19:11:12,147 P1988314 INFO Epoch 192/300, all_loss:0.27550 cls_loss:0.27654 rec_loss:0.17259 [12.37s]; best loss:0.20236, patience : 6
2026-09-09 19:11:15,197 P1988314 INFO pr:0.9360  rc:0.7003  auc:0.9581 ap:0.9204 f1: 0.8012 pred_right: 38703 pred_wrong:297 actu_right: 38603 actu_wrong: 397
2026-09-09 19:11:16,421 P1988314 INFO pr:0.8182  rc:0.4186  auc:0.9368 ap:0.8401 f1: 0.5538 pred_right: 16434 pred_wrong:66 actu_right: 16371 actu_wrong: 129
2026-09-09 19:11:16,422 P1988314 INFO ----------------------------------------------------------------------------------------------------
2026-09-09 19:11:16,422 P1988314 INFO 193/300 starting... lr: 0.0009000000000000001 para:0.01
2026-09-09 19:11:29,853 P1988314 INFO Epoch 193/300, all_loss:0.21031 cls_loss:0.21080 rec_loss:0.16223 [13.43s]; best loss:0.20236, patience : 6
2026-09-09 19:11:32,819 P1988314 INFO pr:0.9072  rc:0.7884  auc:0.9696 ap:0.9306 f1: 0.8437 pred_right: 38655 pred_wrong:345 actu_right: 38603 actu_wrong: 397
2026-09-09 19:11:33,915 P1988314 INFO pr:0.7582  rc:0.5349  auc:0.9601 ap:0.8130 f1: 0.6273 pred_right: 16409 pred_wrong:91 actu_right: 16371 actu_wrong: 129
2026-09-09 19:11:33,917 P1988314 INFO ----------------------------------------------------------------------------------------------------
2026-09-09 19:11:33,918 P1988314 INFO 194/300 starting... lr: 0.0009000000000000001 para:0.01
2026-09-09 19:11:44,573 P1988314 INFO Epoch 194/300, all_loss:0.22222 cls_loss:0.22268 rec_loss:0.17699 [10.65s]; best loss:0.20236, patience : 7
2026-09-09 19:11:47,351 P1988314 INFO pr:0.8658  rc:0.7960  auc:0.9732 ap:0.9257 f1: 0.8294 pred_right: 38635 pred_wrong:365 actu_right: 38603 actu_wrong: 397
2026-09-09 19:11:51,115 P1988314 INFO pr:0.6727  rc:0.5736  auc:0.9612 ap:0.8163 f1: 0.6192 pred_right: 16390 pred_wrong:110 actu_right: 16371 actu_wrong: 129
2026-09-09 19:11:51,118 P1988314 INFO ----------------------------------------------------------------------------------------------------
2026-09-09 19:11:51,118 P1988314 INFO 195/300 starting... lr: 0.0009000000000000001 para:0.01
2026-09-09 19:12:11,783 P1988314 INFO Epoch 195/300, all_loss:0.25585 cls_loss:0.25657 rec_loss:0.18522 [20.66s]; best loss:0.20236, patience : 8
2026-09-09 19:12:15,172 P1988314 INFO pr:0.8928  rc:0.7778  auc:0.9704 ap:0.9264 f1: 0.8313 pred_right: 38655 pred_wrong:345 actu_right: 38604 actu_wrong: 396
2026-09-09 19:12:16,561 P1988314 INFO pr:0.7753  rc:0.5349  auc:0.9416 ap:0.8253 f1: 0.6330 pred_right: 16411 pred_wrong:89 actu_right: 16371 actu_wrong: 129
2026-09-09 19:12:16,563 P1988314 INFO ----------------------------------------------------------------------------------------------------
2026-09-09 19:12:16,563 P1988314 INFO 196/300 starting... lr: 0.0009000000000000001 para:0.01
2026-09-09 19:12:28,522 P1988314 INFO Epoch 196/300, all_loss:0.21969 cls_loss:0.22004 rec_loss:0.18473 [11.96s]; best loss:0.20236, patience : 8
2026-09-09 19:12:31,778 P1988314 INFO pr:0.9137  rc:0.7753  auc:0.9705 ap:0.9204 f1: 0.8388 pred_right: 38664 pred_wrong:336 actu_right: 38604 actu_wrong: 396
2026-09-09 19:12:33,150 P1988314 INFO pr:0.7158  rc:0.5271  auc:0.9601 ap:0.8124 f1: 0.6071 pred_right: 16405 pred_wrong:95 actu_right: 16371 actu_wrong: 129
2026-09-09 19:12:33,151 P1988314 INFO ----------------------------------------------------------------------------------------------------
2026-09-09 19:12:33,151 P1988314 INFO 197/300 starting... lr: 0.0009000000000000001 para:0.01
2026-09-09 19:12:45,261 P1988314 INFO Epoch 197/300, all_loss:0.23770 cls_loss:0.23833 rec_loss:0.17532 [12.11s]; best loss:0.20236, patience : 9
2026-09-09 19:12:48,463 P1988314 INFO pr:0.9119  rc:0.7557  auc:0.9664 ap:0.9291 f1: 0.8264 pred_right: 38671 pred_wrong:329 actu_right: 38603 actu_wrong: 397
2026-09-09 19:12:49,900 P1988314 INFO pr:0.7857  rc:0.5116  auc:0.9549 ap:0.8171 f1: 0.6197 pred_right: 16416 pred_wrong:84 actu_right: 16371 actu_wrong: 129
2026-09-09 19:12:49,901 P1988314 INFO ----------------------------------------------------------------------------------------------------
2026-09-09 19:12:49,908 P1988314 INFO 198/300 starting... lr: 0.0009000000000000001 para:0.01
2026-09-09 19:13:02,171 P1988314 INFO Epoch 198/300, all_loss:0.20776 cls_loss:0.20803 rec_loss:0.18145 [12.26s]; best loss:0.20236, patience : 9
2026-09-09 19:13:05,879 P1988314 INFO pr:0.8796  rc:0.7909  auc:0.9673 ap:0.9238 f1: 0.8329 pred_right: 38643 pred_wrong:357 actu_right: 38603 actu_wrong: 397
2026-09-09 19:13:07,338 P1988314 INFO pr:0.7614  rc:0.5194  auc:0.9588 ap:0.8113 f1: 0.6175 pred_right: 16412 pred_wrong:88 actu_right: 16371 actu_wrong: 129
2026-09-09 19:13:07,339 P1988314 INFO ----------------------------------------------------------------------------------------------------
2026-09-09 19:13:07,339 P1988314 INFO 199/300 starting... lr: 0.0009000000000000001 para:0.01
2026-09-09 19:13:19,592 P1988314 INFO Epoch 199/300, all_loss:0.21067 cls_loss:0.21102 rec_loss:0.17532 [12.25s]; best loss:0.20236, patience : 10
2026-09-09 19:13:22,812 P1988314 INFO pr:0.8829  rc:0.7783  auc:0.9670 ap:0.9191 f1: 0.8273 pred_right: 38650 pred_wrong:350 actu_right: 38603 actu_wrong: 397
2026-09-09 19:13:24,323 P1988314 INFO pr:0.8022  rc:0.5659  auc:0.9654 ap:0.8233 f1: 0.6636 pred_right: 16409 pred_wrong:91 actu_right: 16371 actu_wrong: 129
2026-09-09 19:13:24,324 P1988314 INFO ----------------------------------------------------------------------------------------------------
2026-09-09 19:13:24,324 P1988314 INFO 200/300 starting... lr: 0.0008100000000000001 para:0.01
2026-09-09 19:13:36,964 P1988314 INFO Epoch 200/300, all_loss:0.21178 cls_loss:0.21207 rec_loss:0.18255 [12.64s]; best loss:0.20236, patience : 11
2026-09-09 19:13:40,026 P1988314 INFO pr:0.8484  rc:0.8035  auc:0.9679 ap:0.9152 f1: 0.8254 pred_right: 38624 pred_wrong:376 actu_right: 38603 actu_wrong: 397
2026-09-09 19:13:41,387 P1988314 INFO pr:0.6903  rc:0.6047  auc:0.9469 ap:0.8151 f1: 0.6446 pred_right: 16387 pred_wrong:113 actu_right: 16371 actu_wrong: 129
2026-09-09 19:13:41,388 P1988314 INFO ----------------------------------------------------------------------------------------------------
2026-09-09 19:13:41,388 P1988314 INFO 201/300 starting... lr: 0.0008100000000000001 para:0.01
2026-09-09 19:13:53,758 P1988314 INFO Epoch 201/300, all_loss:0.16584 cls_loss:0.16570 rec_loss:0.17970 [12.36s]; best loss:0.16584, patience : 0
2026-09-09 19:13:57,057 P1988314 INFO pr:0.8679  rc:0.8111  auc:0.9672 ap:0.9249 f1: 0.8385 pred_right: 38629 pred_wrong:371 actu_right: 38603 actu_wrong: 397
2026-09-09 19:13:58,396 P1988314 INFO pr:0.7404  rc:0.5969  auc:0.9581 ap:0.8428 f1: 0.6609 pred_right: 16396 pred_wrong:104 actu_right: 16371 actu_wrong: 129
2026-09-09 19:13:58,398 P1988314 INFO ----------------------------------------------------------------------------------------------------
2026-09-09 19:13:58,398 P1988314 INFO 202/300 starting... lr: 0.0008100000000000001 para:0.01
2026-09-09 19:14:10,976 P1988314 INFO Epoch 202/300, all_loss:0.15567 cls_loss:0.15537 rec_loss:0.18473 [12.57s]; best loss:0.15567, patience : 0
2026-09-09 19:14:13,563 P1988314 INFO pr:0.9290  rc:0.7582  auc:0.9639 ap:0.9271 f1: 0.8350 pred_right: 38676 pred_wrong:324 actu_right: 38603 actu_wrong: 397
2026-09-09 19:14:14,727 P1988314 INFO pr:0.8148  rc:0.5116  auc:0.9483 ap:0.8331 f1: 0.6286 pred_right: 16419 pred_wrong:81 actu_right: 16371 actu_wrong: 129
2026-09-09 19:14:14,727 P1988314 INFO ----------------------------------------------------------------------------------------------------
2026-09-09 19:14:14,728 P1988314 INFO 203/300 starting... lr: 0.0008100000000000001 para:0.01
2026-09-09 19:14:28,148 P1988314 INFO Epoch 203/300, all_loss:0.22691 cls_loss:0.22737 rec_loss:0.18197 [13.42s]; best loss:0.15567, patience : 1
2026-09-09 19:14:40,223 P1988314 INFO pr:0.9152  rc:0.7944  auc:0.9691 ap:0.9355 f1: 0.8505 pred_right: 38658 pred_wrong:342 actu_right: 38606 actu_wrong: 394
2026-09-09 19:14:43,927 P1988314 INFO pr:0.7841  rc:0.5349  auc:0.9517 ap:0.8272 f1: 0.6359 pred_right: 16412 pred_wrong:88 actu_right: 16371 actu_wrong: 129
2026-09-09 19:14:43,939 P1988314 INFO ----------------------------------------------------------------------------------------------------
2026-09-09 19:14:43,940 P1988314 INFO 204/300 starting... lr: 0.0008100000000000001 para:0.01
2026-09-09 19:14:57,049 P1988314 INFO Epoch 204/300, all_loss:0.19646 cls_loss:0.19663 rec_loss:0.18048 [13.11s]; best loss:0.15567, patience : 1
2026-09-09 19:15:00,375 P1988314 INFO pr:0.8953  rc:0.7758  auc:0.9610 ap:0.9170 f1: 0.8313 pred_right: 38656 pred_wrong:344 actu_right: 38603 actu_wrong: 397
2026-09-09 19:15:01,849 P1988314 INFO pr:0.7582  rc:0.5349  auc:0.9554 ap:0.8151 f1: 0.6273 pred_right: 16409 pred_wrong:91 actu_right: 16371 actu_wrong: 129
2026-09-09 19:15:01,850 P1988314 INFO ----------------------------------------------------------------------------------------------------
2026-09-09 19:15:01,851 P1988314 INFO 205/300 starting... lr: 0.0008100000000000001 para:0.01
2026-09-09 19:15:13,788 P1988314 INFO Epoch 205/300, all_loss:0.18584 cls_loss:0.18585 rec_loss:0.18552 [11.94s]; best loss:0.15567, patience : 1
2026-09-09 19:15:16,832 P1988314 INFO pr:0.9371  rc:0.7506  auc:0.9611 ap:0.9272 f1: 0.8336 pred_right: 38682 pred_wrong:318 actu_right: 38603 actu_wrong: 397
2026-09-09 19:15:18,220 P1988314 INFO pr:0.8228  rc:0.5039  auc:0.9418 ap:0.8342 f1: 0.6250 pred_right: 16421 pred_wrong:79 actu_right: 16371 actu_wrong: 129
2026-09-09 19:15:18,221 P1988314 INFO ----------------------------------------------------------------------------------------------------
2026-09-09 19:15:18,221 P1988314 INFO 206/300 starting... lr: 0.0008100000000000001 para:0.01
2026-09-09 19:15:30,163 P1988314 INFO Epoch 206/300, all_loss:0.29630 cls_loss:0.29744 rec_loss:0.18336 [11.94s]; best loss:0.15567, patience : 2
2026-09-09 19:15:33,321 P1988314 INFO pr:0.9669  rc:0.6625  auc:0.9563 ap:0.9235 f1: 0.7862 pred_right: 38728 pred_wrong:272 actu_right: 38603 actu_wrong: 397
2026-09-09 19:15:34,604 P1988314 INFO pr:0.8667  rc:0.4031  auc:0.9308 ap:0.8340 f1: 0.5503 pred_right: 16440 pred_wrong:60 actu_right: 16371 actu_wrong: 129
2026-09-09 19:15:34,605 P1988314 INFO ----------------------------------------------------------------------------------------------------
2026-09-09 19:15:34,605 P1988314 INFO 207/300 starting... lr: 0.0008100000000000001 para:0.01
2026-09-09 19:15:47,472 P1988314 INFO Epoch 207/300, all_loss:0.17441 cls_loss:0.17423 rec_loss:0.19203 [12.87s]; best loss:0.15567, patience : 2
2026-09-09 19:15:50,586 P1988314 INFO pr:0.8086  rc:0.8127  auc:0.9666 ap:0.8982 f1: 0.8106 pred_right: 38603 pred_wrong:397 actu_right: 38605 actu_wrong: 395
2026-09-09 19:15:51,831 P1988314 INFO pr:0.7156  rc:0.6047  auc:0.9536 ap:0.8110 f1: 0.6555 pred_right: 16391 pred_wrong:109 actu_right: 16371 actu_wrong: 129
2026-09-09 19:15:51,833 P1988314 INFO ----------------------------------------------------------------------------------------------------
2026-09-09 19:15:51,834 P1988314 INFO 208/300 starting... lr: 0.0008100000000000001 para:0.01
2026-09-09 19:16:04,478 P1988314 INFO Epoch 208/300, all_loss:0.20568 cls_loss:0.20589 rec_loss:0.18463 [12.64s]; best loss:0.15567, patience : 3
2026-09-09 19:16:07,790 P1988314 INFO pr:0.8703  rc:0.8131  auc:0.9694 ap:0.9268 f1: 0.8407 pred_right: 38630 pred_wrong:370 actu_right: 38604 actu_wrong: 396
2026-09-09 19:16:09,380 P1988314 INFO pr:0.7300  rc:0.5659  auc:0.9584 ap:0.8220 f1: 0.6376 pred_right: 16400 pred_wrong:100 actu_right: 16371 actu_wrong: 129
2026-09-09 19:16:09,382 P1988314 INFO ----------------------------------------------------------------------------------------------------
2026-09-09 19:16:09,382 P1988314 INFO 209/300 starting... lr: 0.0008100000000000001 para:0.01
2026-09-09 19:16:22,357 P1988314 INFO Epoch 209/300, all_loss:0.21056 cls_loss:0.21083 rec_loss:0.18390 [12.97s]; best loss:0.15567, patience : 4
2026-09-09 19:16:25,555 P1988314 INFO pr:0.9146  rc:0.7557  auc:0.9645 ap:0.9193 f1: 0.8276 pred_right: 38672 pred_wrong:328 actu_right: 38603 actu_wrong: 397
2026-09-09 19:16:27,149 P1988314 INFO pr:0.7949  rc:0.4806  auc:0.9555 ap:0.8206 f1: 0.5990 pred_right: 16422 pred_wrong:78 actu_right: 16371 actu_wrong: 129
2026-09-09 19:16:27,151 P1988314 INFO ----------------------------------------------------------------------------------------------------
2026-09-09 19:16:27,151 P1988314 INFO 210/300 starting... lr: 0.0008100000000000001 para:0.01
2026-09-09 19:16:39,470 P1988314 INFO Epoch 210/300, all_loss:0.17932 cls_loss:0.17925 rec_loss:0.18611 [12.32s]; best loss:0.15567, patience : 4
2026-09-09 19:16:43,042 P1988314 INFO pr:0.9222  rc:0.7758  auc:0.9648 ap:0.9297 f1: 0.8427 pred_right: 38666 pred_wrong:334 actu_right: 38603 actu_wrong: 397
2026-09-09 19:16:44,311 P1988314 INFO pr:0.8000  rc:0.5271  auc:0.9563 ap:0.8401 f1: 0.6355 pred_right: 16415 pred_wrong:85 actu_right: 16371 actu_wrong: 129
2026-09-09 19:16:44,312 P1988314 INFO ----------------------------------------------------------------------------------------------------
2026-09-09 19:16:44,312 P1988314 INFO 211/300 starting... lr: 0.0008100000000000001 para:0.01
2026-09-09 19:16:56,051 P1988314 INFO Epoch 211/300, all_loss:0.37713 cls_loss:0.37913 rec_loss:0.17923 [11.74s]; best loss:0.15567, patience : 5
2026-09-09 19:16:59,019 P1988314 INFO pr:0.8986  rc:0.7809  auc:0.9652 ap:0.9248 f1: 0.8356 pred_right: 38655 pred_wrong:345 actu_right: 38603 actu_wrong: 397
2026-09-09 19:17:00,366 P1988314 INFO pr:0.7802  rc:0.5504  auc:0.9571 ap:0.8188 f1: 0.6455 pred_right: 16409 pred_wrong:91 actu_right: 16371 actu_wrong: 129
2026-09-09 19:17:00,368 P1988314 INFO ----------------------------------------------------------------------------------------------------
2026-09-09 19:17:00,368 P1988314 INFO 212/300 starting... lr: 0.0008100000000000001 para:0.01
2026-09-09 19:17:21,045 P1988314 INFO Epoch 212/300, all_loss:0.18013 cls_loss:0.18015 rec_loss:0.17821 [20.68s]; best loss:0.15567, patience : 5
2026-09-09 19:17:26,235 P1988314 INFO pr:0.9302  rc:0.7380  auc:0.9650 ap:0.9254 f1: 0.8230 pred_right: 38685 pred_wrong:315 actu_right: 38603 actu_wrong: 397
2026-09-09 19:17:27,890 P1988314 INFO pr:0.8108  rc:0.4651  auc:0.9390 ap:0.8185 f1: 0.5911 pred_right: 16426 pred_wrong:74 actu_right: 16371 actu_wrong: 129
2026-09-09 19:17:27,891 P1988314 INFO ----------------------------------------------------------------------------------------------------
2026-09-09 19:17:27,891 P1988314 INFO 213/300 starting... lr: 0.0008100000000000001 para:0.01
2026-09-09 19:17:40,271 P1988314 INFO Epoch 213/300, all_loss:0.18244 cls_loss:0.18234 rec_loss:0.19259 [12.38s]; best loss:0.15567, patience : 6
2026-09-09 19:17:43,452 P1988314 INFO pr:0.8235  rc:0.8111  auc:0.9710 ap:0.9162 f1: 0.8173 pred_right: 38609 pred_wrong:391 actu_right: 38603 actu_wrong: 397
2026-09-09 19:17:44,780 P1988314 INFO pr:0.6349  rc:0.6202  auc:0.9550 ap:0.8071 f1: 0.6275 pred_right: 16374 pred_wrong:126 actu_right: 16371 actu_wrong: 129
2026-09-09 19:17:44,780 P1988314 INFO ----------------------------------------------------------------------------------------------------
2026-09-09 19:17:44,781 P1988314 INFO 214/300 starting... lr: 0.0008100000000000001 para:0.01
2026-09-09 19:17:56,856 P1988314 INFO Epoch 214/300, all_loss:0.17688 cls_loss:0.17682 rec_loss:0.18312 [12.07s]; best loss:0.15567, patience : 6
2026-09-09 19:18:00,474 P1988314 INFO pr:0.9217  rc:0.7727  auc:0.9671 ap:0.9268 f1: 0.8407 pred_right: 38668 pred_wrong:332 actu_right: 38604 actu_wrong: 396
2026-09-09 19:18:01,834 P1988314 INFO pr:0.7849  rc:0.5659  auc:0.9490 ap:0.8167 f1: 0.6577 pred_right: 16407 pred_wrong:93 actu_right: 16371 actu_wrong: 129
2026-09-09 19:18:01,836 P1988314 INFO ----------------------------------------------------------------------------------------------------
2026-09-09 19:18:01,837 P1988314 INFO 215/300 starting... lr: 0.0008100000000000001 para:0.01
2026-09-09 19:18:14,052 P1988314 INFO Epoch 215/300, all_loss:0.20001 cls_loss:0.20019 rec_loss:0.18210 [12.21s]; best loss:0.15567, patience : 7
2026-09-09 19:18:17,209 P1988314 INFO pr:0.9210  rc:0.7632  auc:0.9665 ap:0.9309 f1: 0.8347 pred_right: 38671 pred_wrong:329 actu_right: 38603 actu_wrong: 397
2026-09-09 19:18:18,613 P1988314 INFO pr:0.7955  rc:0.5426  auc:0.9456 ap:0.8299 f1: 0.6452 pred_right: 16412 pred_wrong:88 actu_right: 16371 actu_wrong: 129
2026-09-09 19:18:18,614 P1988314 INFO ----------------------------------------------------------------------------------------------------
2026-09-09 19:18:18,614 P1988314 INFO 216/300 starting... lr: 0.0008100000000000001 para:0.01
2026-09-09 19:18:30,928 P1988314 INFO Epoch 216/300, all_loss:0.18634 cls_loss:0.18640 rec_loss:0.18054 [12.31s]; best loss:0.15567, patience : 7
2026-09-09 19:18:34,136 P1988314 INFO pr:0.9091  rc:0.7809  auc:0.9609 ap:0.9187 f1: 0.8401 pred_right: 38659 pred_wrong:341 actu_right: 38603 actu_wrong: 397
2026-09-09 19:18:35,494 P1988314 INFO pr:0.7660  rc:0.5581  auc:0.9478 ap:0.8287 f1: 0.6457 pred_right: 16406 pred_wrong:94 actu_right: 16371 actu_wrong: 129
2026-09-09 19:18:35,496 P1988314 INFO ----------------------------------------------------------------------------------------------------
2026-09-09 19:18:35,498 P1988314 INFO 217/300 starting... lr: 0.0008100000000000001 para:0.01
2026-09-09 19:18:48,039 P1988314 INFO Epoch 217/300, all_loss:0.26087 cls_loss:0.26173 rec_loss:0.17579 [12.54s]; best loss:0.15567, patience : 8
2026-09-09 19:18:51,565 P1988314 INFO pr:0.9255  rc:0.7506  auc:0.9690 ap:0.9222 f1: 0.8289 pred_right: 38678 pred_wrong:322 actu_right: 38603 actu_wrong: 397
2026-09-09 19:18:52,959 P1988314 INFO pr:0.7742  rc:0.5581  auc:0.9550 ap:0.8076 f1: 0.6486 pred_right: 16407 pred_wrong:93 actu_right: 16371 actu_wrong: 129
2026-09-09 19:18:52,960 P1988314 INFO ----------------------------------------------------------------------------------------------------
2026-09-09 19:18:52,961 P1988314 INFO 218/300 starting... lr: 0.0008100000000000001 para:0.01
2026-09-09 19:19:05,181 P1988314 INFO Epoch 218/300, all_loss:0.15910 cls_loss:0.15885 rec_loss:0.18397 [12.22s]; best loss:0.15567, patience : 8
2026-09-09 19:19:09,280 P1988314 INFO pr:0.8806  rc:0.7985  auc:0.9679 ap:0.9205 f1: 0.8375 pred_right: 38640 pred_wrong:360 actu_right: 38603 actu_wrong: 397
2026-09-09 19:19:10,975 P1988314 INFO pr:0.7596  rc:0.6124  auc:0.9683 ap:0.8406 f1: 0.6781 pred_right: 16396 pred_wrong:104 actu_right: 16371 actu_wrong: 129
2026-09-09 19:19:10,976 P1988314 INFO ----------------------------------------------------------------------------------------------------
2026-09-09 19:19:10,976 P1988314 INFO 219/300 starting... lr: 0.0008100000000000001 para:0.01
2026-09-09 19:19:23,304 P1988314 INFO Epoch 219/300, all_loss:0.13768 cls_loss:0.13719 rec_loss:0.18611 [12.32s]; best loss:0.13768, patience : 0
2026-09-09 19:19:28,255 P1988314 INFO pr:0.9181  rc:0.7929  auc:0.9657 ap:0.9289 f1: 0.8509 pred_right: 38658 pred_wrong:342 actu_right: 38604 actu_wrong: 396
2026-09-09 19:19:29,302 P1988314 INFO pr:0.7692  rc:0.5426  auc:0.9425 ap:0.8175 f1: 0.6364 pred_right: 16409 pred_wrong:91 actu_right: 16371 actu_wrong: 129
2026-09-09 19:19:29,310 P1988314 INFO ----------------------------------------------------------------------------------------------------
2026-09-09 19:19:29,310 P1988314 INFO 220/300 starting... lr: 0.0008100000000000001 para:0.01
2026-09-09 19:19:39,626 P1988314 INFO Epoch 220/300, all_loss:0.16563 cls_loss:0.16541 rec_loss:0.18704 [10.32s]; best loss:0.13768, patience : 1
2026-09-09 19:19:42,499 P1988314 INFO pr:0.9003  rc:0.7733  auc:0.9622 ap:0.9196 f1: 0.8320 pred_right: 38659 pred_wrong:341 actu_right: 38603 actu_wrong: 397
2026-09-09 19:19:43,914 P1988314 INFO pr:0.7320  rc:0.5504  auc:0.9303 ap:0.8173 f1: 0.6283 pred_right: 16403 pred_wrong:97 actu_right: 16371 actu_wrong: 129
2026-09-09 19:19:43,915 P1988314 INFO ----------------------------------------------------------------------------------------------------
2026-09-09 19:19:43,917 P1988314 INFO 221/300 starting... lr: 0.0008100000000000001 para:0.01
2026-09-09 19:20:06,373 P1988314 INFO Epoch 221/300, all_loss:0.14606 cls_loss:0.14565 rec_loss:0.18649 [22.46s]; best loss:0.13768, patience : 1
2026-09-09 19:20:09,846 P1988314 INFO pr:0.8994  rc:0.7884  auc:0.9659 ap:0.9234 f1: 0.8403 pred_right: 38652 pred_wrong:348 actu_right: 38603 actu_wrong: 397
2026-09-09 19:20:11,326 P1988314 INFO pr:0.7766  rc:0.5659  auc:0.9354 ap:0.8314 f1: 0.6547 pred_right: 16406 pred_wrong:94 actu_right: 16371 actu_wrong: 129
2026-09-09 19:20:11,327 P1988314 INFO ----------------------------------------------------------------------------------------------------
2026-09-09 19:20:11,328 P1988314 INFO 222/300 starting... lr: 0.0008100000000000001 para:0.01
2026-09-09 19:20:23,270 P1988314 INFO Epoch 222/300, all_loss:0.14296 cls_loss:0.14242 rec_loss:0.19563 [11.94s]; best loss:0.13768, patience : 1
2026-09-09 19:20:26,368 P1988314 INFO pr:0.8817  rc:0.7884  auc:0.9699 ap:0.9326 f1: 0.8324 pred_right: 38645 pred_wrong:355 actu_right: 38603 actu_wrong: 397
2026-09-09 19:20:27,795 P1988314 INFO pr:0.7333  rc:0.5969  auc:0.9638 ap:0.8373 f1: 0.6581 pred_right: 16395 pred_wrong:105 actu_right: 16371 actu_wrong: 129
2026-09-09 19:20:27,797 P1988314 INFO ----------------------------------------------------------------------------------------------------
2026-09-09 19:20:27,797 P1988314 INFO 223/300 starting... lr: 0.0008100000000000001 para:0.01
2026-09-09 19:20:39,651 P1988314 INFO Epoch 223/300, all_loss:0.21411 cls_loss:0.21425 rec_loss:0.19989 [11.85s]; best loss:0.13768, patience : 2
2026-09-09 19:20:43,123 P1988314 INFO pr:0.8845  rc:0.7909  auc:0.9630 ap:0.9233 f1: 0.8351 pred_right: 38645 pred_wrong:355 actu_right: 38603 actu_wrong: 397
2026-09-09 19:20:44,630 P1988314 INFO pr:0.7640  rc:0.5271  auc:0.9467 ap:0.8323 f1: 0.6239 pred_right: 16411 pred_wrong:89 actu_right: 16371 actu_wrong: 129
2026-09-09 19:20:44,631 P1988314 INFO ----------------------------------------------------------------------------------------------------
2026-09-09 19:20:44,638 P1988314 INFO 224/300 starting... lr: 0.0008100000000000001 para:0.01
2026-09-09 19:20:56,582 P1988314 INFO Epoch 224/300, all_loss:0.18810 cls_loss:0.18806 rec_loss:0.19205 [11.94s]; best loss:0.13768, patience : 2
2026-09-09 19:20:59,734 P1988314 INFO pr:0.9036  rc:0.7576  auc:0.9613 ap:0.9206 f1: 0.8242 pred_right: 38668 pred_wrong:332 actu_right: 38604 actu_wrong: 396
2026-09-09 19:21:01,151 P1988314 INFO pr:0.7976  rc:0.5194  auc:0.9502 ap:0.8284 f1: 0.6291 pred_right: 16416 pred_wrong:84 actu_right: 16371 actu_wrong: 129
2026-09-09 19:21:01,152 P1988314 INFO ----------------------------------------------------------------------------------------------------
2026-09-09 19:21:01,152 P1988314 INFO 225/300 starting... lr: 0.0008100000000000001 para:0.01
2026-09-09 19:21:13,642 P1988314 INFO Epoch 225/300, all_loss:0.17372 cls_loss:0.17348 rec_loss:0.19745 [12.49s]; best loss:0.13768, patience : 2
2026-09-09 19:21:16,800 P1988314 INFO pr:0.8333  rc:0.8186  auc:0.9705 ap:0.9084 f1: 0.8259 pred_right: 38610 pred_wrong:390 actu_right: 38603 actu_wrong: 397
2026-09-09 19:21:18,135 P1988314 INFO pr:0.7248  rc:0.6124  auc:0.9606 ap:0.8131 f1: 0.6639 pred_right: 16391 pred_wrong:109 actu_right: 16371 actu_wrong: 129
2026-09-09 19:21:18,136 P1988314 INFO ----------------------------------------------------------------------------------------------------
2026-09-09 19:21:18,136 P1988314 INFO 226/300 starting... lr: 0.0008100000000000001 para:0.01
2026-09-09 19:21:30,340 P1988314 INFO Epoch 226/300, all_loss:0.17433 cls_loss:0.17406 rec_loss:0.20105 [12.20s]; best loss:0.13768, patience : 3
2026-09-09 19:21:33,762 P1988314 INFO pr:0.9122  rc:0.7330  auc:0.9641 ap:0.9128 f1: 0.8128 pred_right: 38681 pred_wrong:319 actu_right: 38603 actu_wrong: 397
2026-09-09 19:21:35,189 P1988314 INFO pr:0.7976  rc:0.5194  auc:0.9417 ap:0.8190 f1: 0.6291 pred_right: 16416 pred_wrong:84 actu_right: 16371 actu_wrong: 129
2026-09-09 19:21:35,190 P1988314 INFO ----------------------------------------------------------------------------------------------------
2026-09-09 19:21:35,190 P1988314 INFO 227/300 starting... lr: 0.0008100000000000001 para:0.01
2026-09-09 19:21:47,778 P1988314 INFO Epoch 227/300, all_loss:0.20262 cls_loss:0.20265 rec_loss:0.19917 [12.59s]; best loss:0.13768, patience : 4
2026-09-09 19:21:51,445 P1988314 INFO pr:0.9184  rc:0.7657  auc:0.9665 ap:0.9201 f1: 0.8352 pred_right: 38669 pred_wrong:331 actu_right: 38603 actu_wrong: 397
2026-09-09 19:21:52,737 P1988314 INFO pr:0.8293  rc:0.5271  auc:0.9407 ap:0.8296 f1: 0.6445 pred_right: 16418 pred_wrong:82 actu_right: 16371 actu_wrong: 129
2026-09-09 19:21:52,738 P1988314 INFO ----------------------------------------------------------------------------------------------------
2026-09-09 19:21:52,739 P1988314 INFO 228/300 starting... lr: 0.0008100000000000001 para:0.01
2026-09-09 19:22:06,417 P1988314 INFO Epoch 228/300, all_loss:0.14321 cls_loss:0.14264 rec_loss:0.19895 [13.68s]; best loss:0.13768, patience : 4
2026-09-09 19:22:09,054 P1988314 INFO pr:0.9265  rc:0.7305  auc:0.9584 ap:0.9264 f1: 0.8169 pred_right: 38687 pred_wrong:313 actu_right: 38603 actu_wrong: 397
2026-09-09 19:22:10,149 P1988314 INFO pr:0.8267  rc:0.4806  auc:0.9252 ap:0.8200 f1: 0.6078 pred_right: 16425 pred_wrong:75 actu_right: 16371 actu_wrong: 129
2026-09-09 19:22:10,149 P1988314 INFO ----------------------------------------------------------------------------------------------------
2026-09-09 19:22:10,156 P1988314 INFO 229/300 starting... lr: 0.0008100000000000001 para:0.01
2026-09-09 19:22:21,132 P1988314 INFO Epoch 229/300, all_loss:0.19880 cls_loss:0.19882 rec_loss:0.19640 [10.97s]; best loss:0.13768, patience : 5
2026-09-09 19:22:29,004 P1988314 INFO pr:0.9373  rc:0.7531  auc:0.9616 ap:0.9245 f1: 0.8352 pred_right: 38681 pred_wrong:319 actu_right: 38603 actu_wrong: 397
2026-09-09 19:22:34,296 P1988314 INFO pr:0.8182  rc:0.5581  auc:0.9305 ap:0.8348 f1: 0.6636 pred_right: 16412 pred_wrong:88 actu_right: 16371 actu_wrong: 129
2026-09-09 19:22:34,306 P1988314 INFO ----------------------------------------------------------------------------------------------------
2026-09-09 19:22:34,308 P1988314 INFO 230/300 starting... lr: 0.0008100000000000001 para:0.01
2026-09-09 19:22:51,162 P1988314 INFO Epoch 230/300, all_loss:0.19754 cls_loss:0.19756 rec_loss:0.19520 [16.85s]; best loss:0.13768, patience : 5
2026-09-09 19:22:54,580 P1988314 INFO pr:0.8943  rc:0.7904  auc:0.9639 ap:0.9140 f1: 0.8391 pred_right: 38650 pred_wrong:350 actu_right: 38604 actu_wrong: 396
2026-09-09 19:22:56,042 P1988314 INFO pr:0.7234  rc:0.5271  auc:0.9454 ap:0.8180 f1: 0.6099 pred_right: 16406 pred_wrong:94 actu_right: 16371 actu_wrong: 129
2026-09-09 19:22:56,042 P1988314 INFO ----------------------------------------------------------------------------------------------------
2026-09-09 19:22:56,043 P1988314 INFO 231/300 starting... lr: 0.0008100000000000001 para:0.01
2026-09-09 19:23:07,975 P1988314 INFO Epoch 231/300, all_loss:0.19036 cls_loss:0.19034 rec_loss:0.19224 [11.93s]; best loss:0.13768, patience : 5
2026-09-09 19:23:11,564 P1988314 INFO pr:0.9034  rc:0.7305  auc:0.9606 ap:0.9132 f1: 0.8078 pred_right: 38679 pred_wrong:321 actu_right: 38603 actu_wrong: 397
2026-09-09 19:23:12,970 P1988314 INFO pr:0.7629  rc:0.5736  auc:0.9375 ap:0.8046 f1: 0.6549 pred_right: 16403 pred_wrong:97 actu_right: 16371 actu_wrong: 129
2026-09-09 19:23:12,972 P1988314 INFO ----------------------------------------------------------------------------------------------------
2026-09-09 19:23:12,973 P1988314 INFO 232/300 starting... lr: 0.0008100000000000001 para:0.01
2026-09-09 19:23:24,464 P1988314 INFO Epoch 232/300, all_loss:0.14307 cls_loss:0.14251 rec_loss:0.19830 [11.49s]; best loss:0.13768, patience : 5
2026-09-09 19:23:28,052 P1988314 INFO pr:0.8737  rc:0.8186  auc:0.9679 ap:0.9253 f1: 0.8453 pred_right: 38628 pred_wrong:372 actu_right: 38603 actu_wrong: 397
2026-09-09 19:23:29,315 P1988314 INFO pr:0.7755  rc:0.5891  auc:0.9530 ap:0.8243 f1: 0.6696 pred_right: 16402 pred_wrong:98 actu_right: 16371 actu_wrong: 129
2026-09-09 19:23:29,316 P1988314 INFO ----------------------------------------------------------------------------------------------------
2026-09-09 19:23:29,316 P1988314 INFO 233/300 starting... lr: 0.0008100000000000001 para:0.01
2026-09-09 19:23:41,577 P1988314 INFO Epoch 233/300, all_loss:0.20431 cls_loss:0.20438 rec_loss:0.19780 [12.26s]; best loss:0.13768, patience : 6
2026-09-09 19:23:44,938 P1988314 INFO pr:0.9199  rc:0.7809  auc:0.9647 ap:0.9281 f1: 0.8447 pred_right: 38663 pred_wrong:337 actu_right: 38603 actu_wrong: 397
2026-09-09 19:23:46,188 P1988314 INFO pr:0.8182  rc:0.5581  auc:0.9337 ap:0.8508 f1: 0.6636 pred_right: 16412 pred_wrong:88 actu_right: 16371 actu_wrong: 129
2026-09-09 19:23:46,189 P1988314 INFO ----------------------------------------------------------------------------------------------------
2026-09-09 19:23:46,191 P1988314 INFO 234/300 starting... lr: 0.0008100000000000001 para:0.01
2026-09-09 19:23:58,590 P1988314 INFO Epoch 234/300, all_loss:0.12121 cls_loss:0.12039 rec_loss:0.20244 [12.39s]; best loss:0.12121, patience : 0
2026-09-09 19:24:01,984 P1988314 INFO pr:0.8617  rc:0.8182  auc:0.9635 ap:0.9210 f1: 0.8394 pred_right: 38624 pred_wrong:376 actu_right: 38604 actu_wrong: 396
2026-09-09 19:24:03,393 P1988314 INFO pr:0.7143  rc:0.6202  auc:0.9507 ap:0.8356 f1: 0.6639 pred_right: 16388 pred_wrong:112 actu_right: 16371 actu_wrong: 129
2026-09-09 19:24:03,394 P1988314 INFO ----------------------------------------------------------------------------------------------------
2026-09-09 19:24:03,394 P1988314 INFO 235/300 starting... lr: 0.0008100000000000001 para:0.01
2026-09-09 19:24:16,139 P1988314 INFO Epoch 235/300, all_loss:0.18343 cls_loss:0.18328 rec_loss:0.19797 [12.74s]; best loss:0.12121, patience : 1
2026-09-09 19:24:19,705 P1988314 INFO pr:0.9211  rc:0.7935  auc:0.9694 ap:0.9314 f1: 0.8525 pred_right: 38658 pred_wrong:342 actu_right: 38603 actu_wrong: 397
2026-09-09 19:24:20,988 P1988314 INFO pr:0.7527  rc:0.5426  auc:0.9460 ap:0.8049 f1: 0.6306 pred_right: 16407 pred_wrong:93 actu_right: 16371 actu_wrong: 129
2026-09-09 19:24:20,995 P1988314 INFO ----------------------------------------------------------------------------------------------------
2026-09-09 19:24:20,996 P1988314 INFO 236/300 starting... lr: 0.0008100000000000001 para:0.01
2026-09-09 19:24:33,375 P1988314 INFO Epoch 236/300, all_loss:0.16012 cls_loss:0.15965 rec_loss:0.20690 [12.38s]; best loss:0.12121, patience : 1
2026-09-09 19:24:36,902 P1988314 INFO pr:0.9070  rc:0.7859  auc:0.9699 ap:0.9259 f1: 0.8421 pred_right: 38656 pred_wrong:344 actu_right: 38603 actu_wrong: 397
2026-09-09 19:24:38,362 P1988314 INFO pr:0.7684  rc:0.5659  auc:0.9437 ap:0.8244 f1: 0.6518 pred_right: 16405 pred_wrong:95 actu_right: 16371 actu_wrong: 129
2026-09-09 19:24:38,363 P1988314 INFO ----------------------------------------------------------------------------------------------------
2026-09-09 19:24:38,363 P1988314 INFO 237/300 starting... lr: 0.0008100000000000001 para:0.01
2026-09-09 19:24:51,165 P1988314 INFO Epoch 237/300, all_loss:0.14912 cls_loss:0.14863 rec_loss:0.19790 [12.80s]; best loss:0.12121, patience : 1
2026-09-09 19:24:53,701 P1988314 INFO pr:0.8928  rc:0.7758  auc:0.9639 ap:0.9268 f1: 0.8302 pred_right: 38655 pred_wrong:345 actu_right: 38603 actu_wrong: 397
2026-09-09 19:24:54,769 P1988314 INFO pr:0.8000  rc:0.5271  auc:0.9451 ap:0.8341 f1: 0.6355 pred_right: 16415 pred_wrong:85 actu_right: 16371 actu_wrong: 129
2026-09-09 19:24:54,770 P1988314 INFO ----------------------------------------------------------------------------------------------------
2026-09-09 19:24:54,770 P1988314 INFO 238/300 starting... lr: 0.0008100000000000001 para:0.01
2026-09-09 19:25:05,944 P1988314 INFO Epoch 238/300, all_loss:0.18194 cls_loss:0.18182 rec_loss:0.19343 [11.17s]; best loss:0.12121, patience : 2
2026-09-09 19:25:17,577 P1988314 INFO pr:0.8870  rc:0.7708  auc:0.9615 ap:0.9203 f1: 0.8248 pred_right: 38655 pred_wrong:345 actu_right: 38603 actu_wrong: 397
2026-09-09 19:25:22,097 P1988314 INFO pr:0.7292  rc:0.5426  auc:0.9295 ap:0.8117 f1: 0.6222 pred_right: 16404 pred_wrong:96 actu_right: 16371 actu_wrong: 129
2026-09-09 19:25:22,099 P1988314 INFO ----------------------------------------------------------------------------------------------------
2026-09-09 19:25:22,101 P1988314 INFO 239/300 starting... lr: 0.0008100000000000001 para:0.01
2026-09-09 19:25:36,467 P1988314 INFO Epoch 239/300, all_loss:0.14478 cls_loss:0.14423 rec_loss:0.19965 [14.36s]; best loss:0.12121, patience : 2
2026-09-09 19:25:39,745 P1988314 INFO pr:0.9162  rc:0.7708  auc:0.9655 ap:0.9263 f1: 0.8372 pred_right: 38666 pred_wrong:334 actu_right: 38603 actu_wrong: 397
2026-09-09 19:25:41,094 P1988314 INFO pr:0.8235  rc:0.5426  auc:0.9395 ap:0.8219 f1: 0.6542 pred_right: 16415 pred_wrong:85 actu_right: 16371 actu_wrong: 129
2026-09-09 19:25:41,095 P1988314 INFO ----------------------------------------------------------------------------------------------------
2026-09-09 19:25:41,096 P1988314 INFO 240/300 starting... lr: 0.0008100000000000001 para:0.01
2026-09-09 19:25:52,866 P1988314 INFO Epoch 240/300, all_loss:0.24392 cls_loss:0.24442 rec_loss:0.19473 [11.77s]; best loss:0.12121, patience : 3
2026-09-09 19:25:56,079 P1988314 INFO pr:0.8754  rc:0.7783  auc:0.9669 ap:0.9243 f1: 0.8240 pred_right: 38647 pred_wrong:353 actu_right: 38603 actu_wrong: 397
2026-09-09 19:25:57,438 P1988314 INFO pr:0.7475  rc:0.5736  auc:0.9368 ap:0.8439 f1: 0.6491 pred_right: 16401 pred_wrong:99 actu_right: 16371 actu_wrong: 129
2026-09-09 19:25:57,439 P1988314 INFO ----------------------------------------------------------------------------------------------------
2026-09-09 19:25:57,439 P1988314 INFO 241/300 starting... lr: 0.0008100000000000001 para:0.01
2026-09-09 19:26:09,546 P1988314 INFO Epoch 241/300, all_loss:0.17247 cls_loss:0.17211 rec_loss:0.20770 [12.11s]; best loss:0.12121, patience : 3
2026-09-09 19:26:12,993 P1988314 INFO pr:0.8478  rc:0.7859  auc:0.9652 ap:0.8948 f1: 0.8157 pred_right: 38632 pred_wrong:368 actu_right: 38603 actu_wrong: 397
2026-09-09 19:26:14,468 P1988314 INFO pr:0.7755  rc:0.5891  auc:0.9557 ap:0.8137 f1: 0.6696 pred_right: 16402 pred_wrong:98 actu_right: 16371 actu_wrong: 129
2026-09-09 19:26:14,476 P1988314 INFO ----------------------------------------------------------------------------------------------------
2026-09-09 19:26:14,477 P1988314 INFO 242/300 starting... lr: 0.0008100000000000001 para:0.01
2026-09-09 19:26:26,543 P1988314 INFO Epoch 242/300, all_loss:0.27682 cls_loss:0.27765 rec_loss:0.19461 [12.07s]; best loss:0.12121, patience : 4
2026-09-09 19:26:29,941 P1988314 INFO pr:0.9249  rc:0.7758  auc:0.9648 ap:0.9278 f1: 0.8438 pred_right: 38667 pred_wrong:333 actu_right: 38603 actu_wrong: 397
2026-09-09 19:26:31,247 P1988314 INFO pr:0.8182  rc:0.5581  auc:0.9443 ap:0.8402 f1: 0.6636 pred_right: 16412 pred_wrong:88 actu_right: 16371 actu_wrong: 129
2026-09-09 19:26:31,248 P1988314 INFO ----------------------------------------------------------------------------------------------------
2026-09-09 19:26:31,248 P1988314 INFO 243/300 starting... lr: 0.0008100000000000001 para:0.01
2026-09-09 19:26:43,901 P1988314 INFO Epoch 243/300, all_loss:0.15633 cls_loss:0.15587 rec_loss:0.20119 [12.65s]; best loss:0.12121, patience : 4
2026-09-09 19:26:47,247 P1988314 INFO pr:0.9301  rc:0.7727  auc:0.9589 ap:0.9200 f1: 0.8441 pred_right: 38671 pred_wrong:329 actu_right: 38604 actu_wrong: 396
2026-09-09 19:26:48,607 P1988314 INFO pr:0.8375  rc:0.5194  auc:0.9348 ap:0.8322 f1: 0.6411 pred_right: 16420 pred_wrong:80 actu_right: 16371 actu_wrong: 129
2026-09-09 19:26:48,608 P1988314 INFO ----------------------------------------------------------------------------------------------------
2026-09-09 19:26:48,608 P1988314 INFO 244/300 starting... lr: 0.0008100000000000001 para:0.01
2026-09-09 19:27:00,831 P1988314 INFO Epoch 244/300, all_loss:0.14992 cls_loss:0.14931 rec_loss:0.21086 [12.22s]; best loss:0.12121, patience : 4
2026-09-09 19:27:04,233 P1988314 INFO pr:0.8750  rc:0.7935  auc:0.9648 ap:0.9019 f1: 0.8322 pred_right: 38640 pred_wrong:360 actu_right: 38603 actu_wrong: 397
2026-09-09 19:27:05,471 P1988314 INFO pr:0.7865  rc:0.5426  auc:0.9550 ap:0.8257 f1: 0.6422 pred_right: 16411 pred_wrong:89 actu_right: 16371 actu_wrong: 129
2026-09-09 19:27:05,473 P1988314 INFO ----------------------------------------------------------------------------------------------------
2026-09-09 19:27:05,473 P1988314 INFO 245/300 starting... lr: 0.0008100000000000001 para:0.01
2026-09-09 19:27:18,127 P1988314 INFO Epoch 245/300, all_loss:0.14170 cls_loss:0.14103 rec_loss:0.20802 [12.65s]; best loss:0.12121, patience : 4
2026-09-09 19:27:21,404 P1988314 INFO pr:0.9521  rc:0.7003  auc:0.9533 ap:0.9232 f1: 0.8070 pred_right: 38708 pred_wrong:292 actu_right: 38603 actu_wrong: 397
2026-09-09 19:27:22,935 P1988314 INFO pr:0.8500  rc:0.3953  auc:0.9111 ap:0.8384 f1: 0.5397 pred_right: 16440 pred_wrong:60 actu_right: 16371 actu_wrong: 129
2026-09-09 19:27:22,936 P1988314 INFO ----------------------------------------------------------------------------------------------------
2026-09-09 19:27:22,937 P1988314 INFO 246/300 starting... lr: 0.0008100000000000001 para:0.01
2026-09-09 19:27:35,182 P1988314 INFO Epoch 246/300, all_loss:0.18247 cls_loss:0.18231 rec_loss:0.19780 [12.24s]; best loss:0.12121, patience : 5
2026-09-09 19:27:37,916 P1988314 INFO pr:0.9212  rc:0.7657  auc:0.9638 ap:0.9228 f1: 0.8363 pred_right: 38670 pred_wrong:330 actu_right: 38603 actu_wrong: 397
2026-09-09 19:27:39,157 P1988314 INFO pr:0.7976  rc:0.5194  auc:0.9238 ap:0.8065 f1: 0.6291 pred_right: 16416 pred_wrong:84 actu_right: 16371 actu_wrong: 129
2026-09-09 19:27:39,158 P1988314 INFO ----------------------------------------------------------------------------------------------------
2026-09-09 19:27:39,158 P1988314 INFO 247/300 starting... lr: 0.0008100000000000001 para:0.01
2026-09-09 19:27:56,193 P1988314 INFO Epoch 247/300, all_loss:0.11881 cls_loss:0.11802 rec_loss:0.19652 [17.02s]; best loss:0.11881, patience : 0
2026-09-09 19:28:05,516 P1988314 INFO pr:0.8829  rc:0.7803  auc:0.9654 ap:0.9168 f1: 0.8284 pred_right: 38650 pred_wrong:350 actu_right: 38604 actu_wrong: 396
2026-09-09 19:28:07,254 P1988314 INFO pr:0.7826  rc:0.5581  auc:0.9476 ap:0.8139 f1: 0.6516 pred_right: 16408 pred_wrong:92 actu_right: 16371 actu_wrong: 129
2026-09-09 19:28:07,255 P1988314 INFO ----------------------------------------------------------------------------------------------------
2026-09-09 19:28:07,255 P1988314 INFO 248/300 starting... lr: 0.0008100000000000001 para:0.01
2026-09-09 19:28:20,039 P1988314 INFO Epoch 248/300, all_loss:0.11528 cls_loss:0.11447 rec_loss:0.19559 [12.77s]; best loss:0.11528, patience : 0
2026-09-09 19:28:23,310 P1988314 INFO pr:0.9463  rc:0.7121  auc:0.9554 ap:0.9183 f1: 0.8127 pred_right: 38702 pred_wrong:298 actu_right: 38604 actu_wrong: 396
2026-09-09 19:28:24,682 P1988314 INFO pr:0.8194  rc:0.4574  auc:0.9224 ap:0.8088 f1: 0.5871 pred_right: 16428 pred_wrong:72 actu_right: 16371 actu_wrong: 129
2026-09-09 19:28:24,683 P1988314 INFO ----------------------------------------------------------------------------------------------------
2026-09-09 19:28:24,684 P1988314 INFO 249/300 starting... lr: 0.0008100000000000001 para:0.01
2026-09-09 19:28:36,530 P1988314 INFO Epoch 249/300, all_loss:0.13886 cls_loss:0.13816 rec_loss:0.20784 [11.85s]; best loss:0.11528, patience : 1
2026-09-09 19:28:39,946 P1988314 INFO pr:0.8939  rc:0.7449  auc:0.9517 ap:0.8987 f1: 0.8127 pred_right: 38670 pred_wrong:330 actu_right: 38604 actu_wrong: 396
2026-09-09 19:28:41,319 P1988314 INFO pr:0.8267  rc:0.4806  auc:0.9247 ap:0.8277 f1: 0.6078 pred_right: 16425 pred_wrong:75 actu_right: 16371 actu_wrong: 129
2026-09-09 19:28:41,320 P1988314 INFO ----------------------------------------------------------------------------------------------------
2026-09-09 19:28:41,321 P1988314 INFO 250/300 starting... lr: 0.0008100000000000001 para:0.01
2026-09-09 19:28:53,286 P1988314 INFO Epoch 250/300, all_loss:0.17636 cls_loss:0.17608 rec_loss:0.20455 [11.96s]; best loss:0.11528, patience : 2
2026-09-09 19:28:56,353 P1988314 INFO pr:0.8879  rc:0.7803  auc:0.9644 ap:0.9142 f1: 0.8306 pred_right: 38652 pred_wrong:348 actu_right: 38604 actu_wrong: 396
2026-09-09 19:28:57,769 P1988314 INFO pr:0.6857  rc:0.5581  auc:0.9403 ap:0.7941 f1: 0.6154 pred_right: 16395 pred_wrong:105 actu_right: 16371 actu_wrong: 129
2026-09-09 19:28:57,770 P1988314 INFO ----------------------------------------------------------------------------------------------------
2026-09-09 19:28:57,770 P1988314 INFO 251/300 starting... lr: 0.0008100000000000001 para:0.01
2026-09-09 19:29:10,050 P1988314 INFO Epoch 251/300, all_loss:0.16493 cls_loss:0.16448 rec_loss:0.21001 [12.28s]; best loss:0.11528, patience : 2
2026-09-09 19:29:13,388 P1988314 INFO pr:0.8715  rc:0.7859  auc:0.9648 ap:0.9103 f1: 0.8265 pred_right: 38642 pred_wrong:358 actu_right: 38603 actu_wrong: 397
2026-09-09 19:29:14,809 P1988314 INFO pr:0.6762  rc:0.5504  auc:0.9143 ap:0.7919 f1: 0.6068 pred_right: 16395 pred_wrong:105 actu_right: 16371 actu_wrong: 129
2026-09-09 19:29:14,811 P1988314 INFO ----------------------------------------------------------------------------------------------------
2026-09-09 19:29:14,817 P1988314 INFO 252/300 starting... lr: 0.0008100000000000001 para:0.01
2026-09-09 19:29:27,103 P1988314 INFO Epoch 252/300, all_loss:0.13622 cls_loss:0.13546 rec_loss:0.21138 [12.28s]; best loss:0.11528, patience : 2
2026-09-09 19:29:30,217 P1988314 INFO pr:0.8814  rc:0.7879  auc:0.9626 ap:0.9254 f1: 0.8320 pred_right: 38646 pred_wrong:354 actu_right: 38604 actu_wrong: 396
2026-09-09 19:29:31,823 P1988314 INFO pr:0.7717  rc:0.5504  auc:0.9191 ap:0.8282 f1: 0.6425 pred_right: 16408 pred_wrong:92 actu_right: 16371 actu_wrong: 129
2026-09-09 19:29:31,825 P1988314 INFO ----------------------------------------------------------------------------------------------------
2026-09-09 19:29:31,826 P1988314 INFO 253/300 starting... lr: 0.0008100000000000001 para:0.01
2026-09-09 19:29:44,926 P1988314 INFO Epoch 253/300, all_loss:0.19061 cls_loss:0.19041 rec_loss:0.21113 [13.10s]; best loss:0.11528, patience : 3
2026-09-09 19:29:48,135 P1988314 INFO pr:0.9346  rc:0.7557  auc:0.9587 ap:0.9296 f1: 0.8357 pred_right: 38679 pred_wrong:321 actu_right: 38603 actu_wrong: 397
2026-09-09 19:29:49,617 P1988314 INFO pr:0.8429  rc:0.4574  auc:0.9151 ap:0.8357 f1: 0.5930 pred_right: 16430 pred_wrong:70 actu_right: 16371 actu_wrong: 129
2026-09-09 19:29:49,619 P1988314 INFO ----------------------------------------------------------------------------------------------------
2026-09-09 19:29:49,620 P1988314 INFO 254/300 starting... lr: 0.0008100000000000001 para:0.01
2026-09-09 19:30:01,640 P1988314 INFO Epoch 254/300, all_loss:0.12707 cls_loss:0.12618 rec_loss:0.21455 [12.02s]; best loss:0.11528, patience : 3
2026-09-09 19:30:05,104 P1988314 INFO pr:0.8779  rc:0.7626  auc:0.9549 ap:0.9160 f1: 0.8162 pred_right: 38656 pred_wrong:344 actu_right: 38604 actu_wrong: 396
2026-09-09 19:30:06,392 P1988314 INFO pr:0.7895  rc:0.5814  auc:0.9398 ap:0.8061 f1: 0.6696 pred_right: 16405 pred_wrong:95 actu_right: 16371 actu_wrong: 129
2026-09-09 19:30:06,393 P1988314 INFO ----------------------------------------------------------------------------------------------------
2026-09-09 19:30:06,393 P1988314 INFO 255/300 starting... lr: 0.0008100000000000001 para:0.01
2026-09-09 19:30:17,968 P1988314 INFO Epoch 255/300, all_loss:0.16315 cls_loss:0.16269 rec_loss:0.20885 [11.57s]; best loss:0.11528, patience : 4
2026-09-09 19:30:20,856 P1988314 INFO pr:0.8060  rc:0.8203  auc:0.9673 ap:0.8965 f1: 0.8130 pred_right: 38598 pred_wrong:402 actu_right: 38605 actu_wrong: 395
2026-09-09 19:30:22,130 P1988314 INFO pr:0.6695  rc:0.6124  auc:0.9531 ap:0.8138 f1: 0.6397 pred_right: 16382 pred_wrong:118 actu_right: 16371 actu_wrong: 129
2026-09-09 19:30:22,131 P1988314 INFO ----------------------------------------------------------------------------------------------------
2026-09-09 19:30:22,131 P1988314 INFO 256/300 starting... lr: 0.0008100000000000001 para:0.01
2026-09-09 19:30:42,249 P1988314 INFO Epoch 256/300, all_loss:0.21531 cls_loss:0.21548 rec_loss:0.19791 [20.12s]; best loss:0.11528, patience : 5
2026-09-09 19:30:47,977 P1988314 INFO pr:0.8947  rc:0.8136  auc:0.9628 ap:0.9242 f1: 0.8522 pred_right: 38639 pred_wrong:361 actu_right: 38603 actu_wrong: 397
2026-09-09 19:30:49,714 P1988314 INFO pr:0.7447  rc:0.5426  auc:0.9443 ap:0.8188 f1: 0.6278 pred_right: 16406 pred_wrong:94 actu_right: 16371 actu_wrong: 129
2026-09-09 19:30:49,715 P1988314 INFO ----------------------------------------------------------------------------------------------------
2026-09-09 19:30:49,715 P1988314 INFO 257/300 starting... lr: 0.0008100000000000001 para:0.01
2026-09-09 19:31:02,023 P1988314 INFO Epoch 257/300, all_loss:0.15847 cls_loss:0.15802 rec_loss:0.20261 [12.31s]; best loss:0.11528, patience : 5
2026-09-09 19:31:05,093 P1988314 INFO pr:0.9049  rc:0.7909  auc:0.9603 ap:0.9225 f1: 0.8441 pred_right: 38653 pred_wrong:347 actu_right: 38603 actu_wrong: 397
2026-09-09 19:31:06,398 P1988314 INFO pr:0.7738  rc:0.5039  auc:0.9235 ap:0.8225 f1: 0.6103 pred_right: 16416 pred_wrong:84 actu_right: 16371 actu_wrong: 129
2026-09-09 19:31:06,399 P1988314 INFO ----------------------------------------------------------------------------------------------------
2026-09-09 19:31:06,399 P1988314 INFO 258/300 starting... lr: 0.0008100000000000001 para:0.01
2026-09-09 19:31:18,142 P1988314 INFO Epoch 258/300, all_loss:0.14360 cls_loss:0.14298 rec_loss:0.20553 [11.74s]; best loss:0.11528, patience : 5
2026-09-09 19:31:21,503 P1988314 INFO pr:0.9112  rc:0.7758  auc:0.9627 ap:0.9216 f1: 0.8381 pred_right: 38662 pred_wrong:338 actu_right: 38603 actu_wrong: 397
2026-09-09 19:31:22,922 P1988314 INFO pr:0.8095  rc:0.5271  auc:0.9213 ap:0.8159 f1: 0.6385 pred_right: 16416 pred_wrong:84 actu_right: 16371 actu_wrong: 129
2026-09-09 19:31:22,923 P1988314 INFO ----------------------------------------------------------------------------------------------------
2026-09-09 19:31:22,925 P1988314 INFO 259/300 starting... lr: 0.0008100000000000001 para:0.01
2026-09-09 19:31:34,896 P1988314 INFO Epoch 259/300, all_loss:0.10336 cls_loss:0.10232 rec_loss:0.20653 [11.96s]; best loss:0.10336, patience : 0
2026-09-09 19:31:38,034 P1988314 INFO pr:0.9174  rc:0.7834  auc:0.9615 ap:0.9224 f1: 0.8451 pred_right: 38661 pred_wrong:339 actu_right: 38603 actu_wrong: 397
2026-09-09 19:31:39,327 P1988314 INFO pr:0.8235  rc:0.5426  auc:0.9134 ap:0.8264 f1: 0.6542 pred_right: 16415 pred_wrong:85 actu_right: 16371 actu_wrong: 129
2026-09-09 19:31:39,328 P1988314 INFO ----------------------------------------------------------------------------------------------------
2026-09-09 19:31:39,329 P1988314 INFO 260/300 starting... lr: 0.0008100000000000001 para:0.01
2026-09-09 19:31:51,323 P1988314 INFO Epoch 260/300, all_loss:0.18675 cls_loss:0.18651 rec_loss:0.21089 [11.99s]; best loss:0.10336, patience : 1
2026-09-09 19:31:54,603 P1988314 INFO pr:0.9582  rc:0.6927  auc:0.9496 ap:0.9171 f1: 0.8041 pred_right: 38713 pred_wrong:287 actu_right: 38603 actu_wrong: 397
2026-09-09 19:31:56,287 P1988314 INFO pr:0.9057  rc:0.3721  auc:0.9003 ap:0.8324 f1: 0.5275 pred_right: 16447 pred_wrong:53 actu_right: 16371 actu_wrong: 129
2026-09-09 19:31:56,289 P1988314 INFO ----------------------------------------------------------------------------------------------------
2026-09-09 19:31:56,290 P1988314 INFO 261/300 starting... lr: 0.0008100000000000001 para:0.01
2026-09-09 19:32:08,670 P1988314 INFO Epoch 261/300, all_loss:0.17391 cls_loss:0.17353 rec_loss:0.21151 [12.38s]; best loss:0.10336, patience : 1
2026-09-09 19:32:12,410 P1988314 INFO pr:0.9303  rc:0.7733  auc:0.9608 ap:0.9271 f1: 0.8446 pred_right: 38670 pred_wrong:330 actu_right: 38603 actu_wrong: 397
2026-09-09 19:32:13,832 P1988314 INFO pr:0.8608  rc:0.5271  auc:0.9310 ap:0.8530 f1: 0.6538 pred_right: 16421 pred_wrong:79 actu_right: 16371 actu_wrong: 129
2026-09-09 19:32:13,833 P1988314 INFO ----------------------------------------------------------------------------------------------------
2026-09-09 19:32:13,834 P1988314 INFO 262/300 starting... lr: 0.0008100000000000001 para:0.01
2026-09-09 19:32:26,508 P1988314 INFO Epoch 262/300, all_loss:0.12134 cls_loss:0.12039 rec_loss:0.21566 [12.67s]; best loss:0.10336, patience : 1
2026-09-09 19:32:30,067 P1988314 INFO pr:0.9115  rc:0.7783  auc:0.9670 ap:0.9259 f1: 0.8397 pred_right: 38661 pred_wrong:339 actu_right: 38603 actu_wrong: 397
2026-09-09 19:32:31,559 P1988314 INFO pr:0.8000  rc:0.5271  auc:0.9391 ap:0.8259 f1: 0.6355 pred_right: 16415 pred_wrong:85 actu_right: 16371 actu_wrong: 129
2026-09-09 19:32:31,560 P1988314 INFO ----------------------------------------------------------------------------------------------------
2026-09-09 19:32:31,560 P1988314 INFO 263/300 starting... lr: 0.0008100000000000001 para:0.01
2026-09-09 19:32:43,579 P1988314 INFO Epoch 263/300, all_loss:0.12390 cls_loss:0.12294 rec_loss:0.21874 [12.02s]; best loss:0.10336, patience : 2
2026-09-09 19:32:48,009 P1988314 INFO pr:0.8879  rc:0.7783  auc:0.9605 ap:0.9208 f1: 0.8295 pred_right: 38652 pred_wrong:348 actu_right: 38603 actu_wrong: 397
2026-09-09 19:32:50,106 P1988314 INFO pr:0.7333  rc:0.5116  auc:0.9186 ap:0.8167 f1: 0.6027 pred_right: 16410 pred_wrong:90 actu_right: 16371 actu_wrong: 129
2026-09-09 19:32:50,107 P1988314 INFO ----------------------------------------------------------------------------------------------------
2026-09-09 19:32:50,107 P1988314 INFO 264/300 starting... lr: 0.0008100000000000001 para:0.01
2026-09-09 19:33:00,615 P1988314 INFO Epoch 264/300, all_loss:0.10318 cls_loss:0.10203 rec_loss:0.21688 [10.50s]; best loss:0.10318, patience : 0
2026-09-09 19:33:03,403 P1988314 INFO pr:0.8933  rc:0.8010  auc:0.9633 ap:0.9194 f1: 0.8446 pred_right: 38644 pred_wrong:356 actu_right: 38603 actu_wrong: 397
2026-09-09 19:33:04,505 P1988314 INFO pr:0.7172  rc:0.5504  auc:0.9237 ap:0.8174 f1: 0.6228 pred_right: 16401 pred_wrong:99 actu_right: 16371 actu_wrong: 129
2026-09-09 19:33:04,506 P1988314 INFO ----------------------------------------------------------------------------------------------------
2026-09-09 19:33:04,506 P1988314 INFO 265/300 starting... lr: 0.0008100000000000001 para:0.01
2026-09-09 19:33:26,529 P1988314 INFO Epoch 265/300, all_loss:0.11824 cls_loss:0.11722 rec_loss:0.21967 [22.02s]; best loss:0.10318, patience : 1
2026-09-09 19:33:30,429 P1988314 INFO pr:0.8925  rc:0.7531  auc:0.9625 ap:0.9204 f1: 0.8169 pred_right: 38665 pred_wrong:335 actu_right: 38603 actu_wrong: 397
2026-09-09 19:33:32,028 P1988314 INFO pr:0.7556  rc:0.5271  auc:0.9356 ap:0.8222 f1: 0.6210 pred_right: 16410 pred_wrong:90 actu_right: 16371 actu_wrong: 129
2026-09-09 19:33:32,029 P1988314 INFO ----------------------------------------------------------------------------------------------------
2026-09-09 19:33:32,030 P1988314 INFO 266/300 starting... lr: 0.0008100000000000001 para:0.01
2026-09-09 19:33:44,090 P1988314 INFO Epoch 266/300, all_loss:0.11705 cls_loss:0.11603 rec_loss:0.21868 [12.06s]; best loss:0.10318, patience : 1
2026-09-09 19:33:47,265 P1988314 INFO pr:0.9297  rc:0.7677  auc:0.9594 ap:0.9244 f1: 0.8409 pred_right: 38673 pred_wrong:327 actu_right: 38604 actu_wrong: 396
2026-09-09 19:33:48,633 P1988314 INFO pr:0.8049  rc:0.5116  auc:0.9384 ap:0.8300 f1: 0.6256 pred_right: 16418 pred_wrong:82 actu_right: 16371 actu_wrong: 129
2026-09-09 19:33:48,633 P1988314 INFO ----------------------------------------------------------------------------------------------------
2026-09-09 19:33:48,634 P1988314 INFO 267/300 starting... lr: 0.0008100000000000001 para:0.01
2026-09-09 19:34:00,356 P1988314 INFO Epoch 267/300, all_loss:0.17097 cls_loss:0.17055 rec_loss:0.21269 [11.72s]; best loss:0.10318, patience : 2
2026-09-09 19:34:03,619 P1988314 INFO pr:0.8249  rc:0.8186  auc:0.9681 ap:0.9084 f1: 0.8217 pred_right: 38606 pred_wrong:394 actu_right: 38603 actu_wrong: 397
2026-09-09 19:34:05,062 P1988314 INFO pr:0.6667  rc:0.6047  auc:0.9388 ap:0.8012 f1: 0.6341 pred_right: 16383 pred_wrong:117 actu_right: 16371 actu_wrong: 129
2026-09-09 19:34:05,063 P1988314 INFO ----------------------------------------------------------------------------------------------------
2026-09-09 19:34:05,063 P1988314 INFO 268/300 starting... lr: 0.0008100000000000001 para:0.01
2026-09-09 19:34:17,075 P1988314 INFO Epoch 268/300, all_loss:0.12344 cls_loss:0.12239 rec_loss:0.22737 [12.01s]; best loss:0.10318, patience : 2
2026-09-09 19:34:20,111 P1988314 INFO pr:0.8911  rc:0.7834  auc:0.9615 ap:0.9120 f1: 0.8338 pred_right: 38651 pred_wrong:349 actu_right: 38603 actu_wrong: 397
2026-09-09 19:34:21,323 P1988314 INFO pr:0.7386  rc:0.5039  auc:0.9177 ap:0.7874 f1: 0.5991 pred_right: 16412 pred_wrong:88 actu_right: 16371 actu_wrong: 129
2026-09-09 19:34:21,323 P1988314 INFO ----------------------------------------------------------------------------------------------------
2026-09-09 19:34:21,324 P1988314 INFO 269/300 starting... lr: 0.0008100000000000001 para:0.01
2026-09-09 19:34:33,385 P1988314 INFO Epoch 269/300, all_loss:0.18285 cls_loss:0.18236 rec_loss:0.23096 [12.06s]; best loss:0.10318, patience : 3
2026-09-09 19:34:36,766 P1988314 INFO pr:0.8591  rc:0.7854  auc:0.9585 ap:0.9147 f1: 0.8206 pred_right: 38638 pred_wrong:362 actu_right: 38604 actu_wrong: 396
2026-09-09 19:34:38,213 P1988314 INFO pr:0.7184  rc:0.5736  auc:0.9174 ap:0.8076 f1: 0.6379 pred_right: 16397 pred_wrong:103 actu_right: 16371 actu_wrong: 129
2026-09-09 19:34:38,214 P1988314 INFO ----------------------------------------------------------------------------------------------------
2026-09-09 19:34:38,214 P1988314 INFO 270/300 starting... lr: 0.0008100000000000001 para:0.01
2026-09-09 19:34:50,482 P1988314 INFO Epoch 270/300, all_loss:0.13302 cls_loss:0.13211 rec_loss:0.22308 [12.27s]; best loss:0.10318, patience : 3
2026-09-09 19:34:53,604 P1988314 INFO pr:0.9437  rc:0.7179  auc:0.9538 ap:0.9232 f1: 0.8155 pred_right: 38698 pred_wrong:302 actu_right: 38603 actu_wrong: 397
2026-09-09 19:34:54,954 P1988314 INFO pr:0.8243  rc:0.4729  auc:0.9040 ap:0.8070 f1: 0.6010 pred_right: 16426 pred_wrong:74 actu_right: 16371 actu_wrong: 129
2026-09-09 19:34:54,955 P1988314 INFO ----------------------------------------------------------------------------------------------------
2026-09-09 19:34:54,955 P1988314 INFO 271/300 starting... lr: 0.0008100000000000001 para:0.01
2026-09-09 19:35:07,112 P1988314 INFO Epoch 271/300, all_loss:0.11585 cls_loss:0.11478 rec_loss:0.22163 [12.16s]; best loss:0.10318, patience : 3
2026-09-09 19:35:10,145 P1988314 INFO pr:0.9150  rc:0.7879  auc:0.9624 ap:0.9292 f1: 0.8467 pred_right: 38659 pred_wrong:341 actu_right: 38604 actu_wrong: 396
2026-09-09 19:35:11,586 P1988314 INFO pr:0.7778  rc:0.5426  auc:0.9322 ap:0.8331 f1: 0.6393 pred_right: 16410 pred_wrong:90 actu_right: 16371 actu_wrong: 129
2026-09-09 19:35:11,588 P1988314 INFO ----------------------------------------------------------------------------------------------------
2026-09-09 19:35:11,588 P1988314 INFO 272/300 starting... lr: 0.0008100000000000001 para:0.01
2026-09-09 19:35:25,307 P1988314 INFO Epoch 272/300, all_loss:0.13420 cls_loss:0.13337 rec_loss:0.21639 [13.72s]; best loss:0.10318, patience : 4
2026-09-09 19:35:28,863 P1988314 INFO pr:0.9589  rc:0.7053  auc:0.9512 ap:0.9208 f1: 0.8128 pred_right: 38708 pred_wrong:292 actu_right: 38603 actu_wrong: 397
2026-09-09 19:35:29,909 P1988314 INFO pr:0.8788  rc:0.4496  auc:0.9123 ap:0.8174 f1: 0.5949 pred_right: 16434 pred_wrong:66 actu_right: 16371 actu_wrong: 129
2026-09-09 19:35:29,910 P1988314 INFO ----------------------------------------------------------------------------------------------------
2026-09-09 19:35:29,910 P1988314 INFO 273/300 starting... lr: 0.0008100000000000001 para:0.01
2026-09-09 19:35:40,559 P1988314 INFO Epoch 273/300, all_loss:0.14174 cls_loss:0.14098 rec_loss:0.21750 [10.65s]; best loss:0.10318, patience : 5
2026-09-09 19:35:43,307 P1988314 INFO pr:0.8598  rc:0.8186  auc:0.9674 ap:0.9172 f1: 0.8387 pred_right: 38622 pred_wrong:378 actu_right: 38603 actu_wrong: 397
2026-09-09 19:35:45,573 P1988314 INFO pr:0.7333  rc:0.5969  auc:0.9472 ap:0.8165 f1: 0.6581 pred_right: 16395 pred_wrong:105 actu_right: 16371 actu_wrong: 129
2026-09-09 19:35:45,580 P1988314 INFO ----------------------------------------------------------------------------------------------------
2026-09-09 19:35:45,585 P1988314 INFO 274/300 starting... lr: 0.0008100000000000001 para:0.01
2026-09-09 19:36:07,297 P1988314 INFO Epoch 274/300, all_loss:0.14454 cls_loss:0.14380 rec_loss:0.21855 [21.71s]; best loss:0.10318, patience : 6
2026-09-09 19:36:10,688 P1988314 INFO pr:0.9335  rc:0.7783  auc:0.9641 ap:0.9275 f1: 0.8489 pred_right: 38669 pred_wrong:331 actu_right: 38603 actu_wrong: 397
2026-09-09 19:36:12,014 P1988314 INFO pr:0.7727  rc:0.5271  auc:0.9329 ap:0.8068 f1: 0.6267 pred_right: 16412 pred_wrong:88 actu_right: 16371 actu_wrong: 129
2026-09-09 19:36:12,015 P1988314 INFO ----------------------------------------------------------------------------------------------------
2026-09-09 19:36:12,015 P1988314 INFO 275/300 starting... lr: 0.0008100000000000001 para:0.01
2026-09-09 19:36:23,949 P1988314 INFO Epoch 275/300, all_loss:0.13681 cls_loss:0.13593 rec_loss:0.22394 [11.93s]; best loss:0.10318, patience : 6
2026-09-09 19:36:27,130 P1988314 INFO pr:0.8483  rc:0.7626  auc:0.9622 ap:0.8944 f1: 0.8032 pred_right: 38644 pred_wrong:356 actu_right: 38604 actu_wrong: 396
2026-09-09 19:36:28,423 P1988314 INFO pr:0.7667  rc:0.5349  auc:0.9297 ap:0.8053 f1: 0.6301 pred_right: 16410 pred_wrong:90 actu_right: 16371 actu_wrong: 129
2026-09-09 19:36:28,424 P1988314 INFO ----------------------------------------------------------------------------------------------------
2026-09-09 19:36:28,424 P1988314 INFO 276/300 starting... lr: 0.0008100000000000001 para:0.01
2026-09-09 19:36:40,232 P1988314 INFO Epoch 276/300, all_loss:0.16049 cls_loss:0.15994 rec_loss:0.21478 [11.81s]; best loss:0.10318, patience : 7
2026-09-09 19:36:43,491 P1988314 INFO pr:0.9297  rc:0.7330  auc:0.9556 ap:0.9185 f1: 0.8197 pred_right: 38687 pred_wrong:313 actu_right: 38603 actu_wrong: 397
2026-09-09 19:36:44,851 P1988314 INFO pr:0.8649  rc:0.4961  auc:0.9160 ap:0.8178 f1: 0.6305 pred_right: 16426 pred_wrong:74 actu_right: 16371 actu_wrong: 129
2026-09-09 19:36:44,852 P1988314 INFO ----------------------------------------------------------------------------------------------------
2026-09-09 19:36:44,859 P1988314 INFO 277/300 starting... lr: 0.0008100000000000001 para:0.01
2026-09-09 19:36:57,273 P1988314 INFO Epoch 277/300, all_loss:0.11771 cls_loss:0.11674 rec_loss:0.21448 [12.41s]; best loss:0.10318, patience : 7
2026-09-09 19:37:00,727 P1988314 INFO pr:0.9233  rc:0.7582  auc:0.9561 ap:0.9220 f1: 0.8326 pred_right: 38674 pred_wrong:326 actu_right: 38603 actu_wrong: 397
2026-09-09 19:37:02,241 P1988314 INFO pr:0.8194  rc:0.4574  auc:0.9305 ap:0.8230 f1: 0.5871 pred_right: 16428 pred_wrong:72 actu_right: 16371 actu_wrong: 129
2026-09-09 19:37:02,242 P1988314 INFO ----------------------------------------------------------------------------------------------------
2026-09-09 19:37:02,242 P1988314 INFO 278/300 starting... lr: 0.0008100000000000001 para:0.01
2026-09-09 19:37:14,673 P1988314 INFO Epoch 278/300, all_loss:0.12462 cls_loss:0.12368 rec_loss:0.21734 [12.43s]; best loss:0.10318, patience : 8
2026-09-09 19:37:18,247 P1988314 INFO pr:0.9379  rc:0.7607  auc:0.9598 ap:0.9285 f1: 0.8401 pred_right: 38678 pred_wrong:322 actu_right: 38603 actu_wrong: 397
2026-09-09 19:37:19,657 P1988314 INFO pr:0.8140  rc:0.5426  auc:0.9035 ap:0.8005 f1: 0.6512 pred_right: 16414 pred_wrong:86 actu_right: 16371 actu_wrong: 129
2026-09-09 19:37:19,657 P1988314 INFO ----------------------------------------------------------------------------------------------------
2026-09-09 19:37:19,658 P1988314 INFO 279/300 starting... lr: 0.0008100000000000001 para:0.01
2026-09-09 19:37:31,898 P1988314 INFO Epoch 279/300, all_loss:0.22232 cls_loss:0.22231 rec_loss:0.22399 [12.24s]; best loss:0.10318, patience : 9
2026-09-09 19:37:35,354 P1988314 INFO pr:0.8994  rc:0.7884  auc:0.9650 ap:0.9250 f1: 0.8403 pred_right: 38652 pred_wrong:348 actu_right: 38603 actu_wrong: 397
2026-09-09 19:37:36,772 P1988314 INFO pr:0.7889  rc:0.5504  auc:0.9417 ap:0.8229 f1: 0.6484 pred_right: 16410 pred_wrong:90 actu_right: 16371 actu_wrong: 129
2026-09-09 19:37:36,773 P1988314 INFO ----------------------------------------------------------------------------------------------------
2026-09-09 19:37:36,774 P1988314 INFO 280/300 starting... lr: 0.0008100000000000001 para:0.01
2026-09-09 19:37:49,158 P1988314 INFO Epoch 280/300, all_loss:0.07881 cls_loss:0.07745 rec_loss:0.21315 [12.37s]; best loss:0.07881, patience : 0
2026-09-09 19:37:53,049 P1988314 INFO pr:0.8914  rc:0.8060  auc:0.9678 ap:0.9276 f1: 0.8466 pred_right: 38641 pred_wrong:359 actu_right: 38603 actu_wrong: 397
2026-09-09 19:37:54,659 P1988314 INFO pr:0.7647  rc:0.6047  auc:0.9503 ap:0.8229 f1: 0.6753 pred_right: 16398 pred_wrong:102 actu_right: 16371 actu_wrong: 129
2026-09-09 19:37:54,661 P1988314 INFO ----------------------------------------------------------------------------------------------------
2026-09-09 19:37:54,661 P1988314 INFO 281/300 starting... lr: 0.0008100000000000001 para:0.01
2026-09-09 19:38:07,760 P1988314 INFO Epoch 281/300, all_loss:0.15142 cls_loss:0.15084 rec_loss:0.20926 [13.10s]; best loss:0.07881, patience : 1
2026-09-09 19:38:09,990 P1988314 INFO pr:0.9119  rc:0.7342  auc:0.9522 ap:0.9065 f1: 0.8135 pred_right: 38682 pred_wrong:318 actu_right: 38605 actu_wrong: 395
2026-09-09 19:38:11,066 P1988314 INFO pr:0.7949  rc:0.4806  auc:0.9223 ap:0.8148 f1: 0.5990 pred_right: 16422 pred_wrong:78 actu_right: 16371 actu_wrong: 129
2026-09-09 19:38:11,067 P1988314 INFO ----------------------------------------------------------------------------------------------------
2026-09-09 19:38:11,067 P1988314 INFO 282/300 starting... lr: 0.0008100000000000001 para:0.01
2026-09-09 19:38:21,927 P1988314 INFO Epoch 282/300, all_loss:0.22222 cls_loss:0.22236 rec_loss:0.20863 [10.86s]; best loss:0.07881, patience : 2
2026-09-09 19:38:33,380 P1988314 INFO pr:0.9032  rc:0.7778  auc:0.9612 ap:0.9198 f1: 0.8358 pred_right: 38659 pred_wrong:341 actu_right: 38604 actu_wrong: 396
2026-09-09 19:38:38,483 P1988314 INFO pr:0.7831  rc:0.5039  auc:0.9387 ap:0.8243 f1: 0.6132 pred_right: 16417 pred_wrong:83 actu_right: 16371 actu_wrong: 129
2026-09-09 19:38:38,486 P1988314 INFO ----------------------------------------------------------------------------------------------------
2026-09-09 19:38:38,487 P1988314 INFO 283/300 starting... lr: 0.0008100000000000001 para:0.01
2026-09-09 19:38:52,731 P1988314 INFO Epoch 283/300, all_loss:0.14791 cls_loss:0.14716 rec_loss:0.22235 [14.24s]; best loss:0.07881, patience : 2
2026-09-09 19:38:56,098 P1988314 INFO pr:0.9172  rc:0.7531  auc:0.9530 ap:0.9156 f1: 0.8271 pred_right: 38674 pred_wrong:326 actu_right: 38603 actu_wrong: 397
2026-09-09 19:38:57,407 P1988314 INFO pr:0.8310  rc:0.4574  auc:0.8975 ap:0.7928 f1: 0.5900 pred_right: 16429 pred_wrong:71 actu_right: 16371 actu_wrong: 129
2026-09-09 19:38:57,408 P1988314 INFO ----------------------------------------------------------------------------------------------------
2026-09-09 19:38:57,408 P1988314 INFO 284/300 starting... lr: 0.0008100000000000001 para:0.01
2026-09-09 19:39:09,289 P1988314 INFO Epoch 284/300, all_loss:0.10099 cls_loss:0.09991 rec_loss:0.20832 [11.88s]; best loss:0.07881, patience : 2
2026-09-09 19:39:12,784 P1988314 INFO pr:0.9054  rc:0.7960  auc:0.9633 ap:0.9260 f1: 0.8472 pred_right: 38651 pred_wrong:349 actu_right: 38603 actu_wrong: 397
2026-09-09 19:39:14,122 P1988314 INFO pr:0.7895  rc:0.5814  auc:0.9363 ap:0.8239 f1: 0.6696 pred_right: 16405 pred_wrong:95 actu_right: 16371 actu_wrong: 129
2026-09-09 19:39:14,123 P1988314 INFO ----------------------------------------------------------------------------------------------------
2026-09-09 19:39:14,123 P1988314 INFO 285/300 starting... lr: 0.0008100000000000001 para:0.01
2026-09-09 19:39:26,436 P1988314 INFO Epoch 285/300, all_loss:0.09389 cls_loss:0.09261 rec_loss:0.22039 [12.31s]; best loss:0.07881, patience : 2
2026-09-09 19:39:29,560 P1988314 INFO pr:0.9552  rc:0.6995  auc:0.9484 ap:0.9125 f1: 0.8076 pred_right: 38710 pred_wrong:290 actu_right: 38604 actu_wrong: 396
2026-09-09 19:39:30,897 P1988314 INFO pr:0.8116  rc:0.4341  auc:0.8916 ap:0.7910 f1: 0.5657 pred_right: 16431 pred_wrong:69 actu_right: 16371 actu_wrong: 129
2026-09-09 19:39:30,897 P1988314 INFO ----------------------------------------------------------------------------------------------------
2026-09-09 19:39:30,898 P1988314 INFO 286/300 starting... lr: 0.0008100000000000001 para:0.01
2026-09-09 19:39:42,957 P1988314 INFO Epoch 286/300, all_loss:0.20602 cls_loss:0.20594 rec_loss:0.21365 [12.06s]; best loss:0.07881, patience : 3
2026-09-09 19:39:46,094 P1988314 INFO pr:0.8391  rc:0.8030  auc:0.9635 ap:0.9151 f1: 0.8206 pred_right: 38621 pred_wrong:379 actu_right: 38604 actu_wrong: 396
2026-09-09 19:39:47,646 P1988314 INFO pr:0.7103  rc:0.5891  auc:0.9359 ap:0.8108 f1: 0.6441 pred_right: 16393 pred_wrong:107 actu_right: 16371 actu_wrong: 129
2026-09-09 19:39:47,647 P1988314 INFO ----------------------------------------------------------------------------------------------------
2026-09-09 19:39:47,647 P1988314 INFO 287/300 starting... lr: 0.0008100000000000001 para:0.01
2026-09-09 19:39:59,769 P1988314 INFO Epoch 287/300, all_loss:0.13163 cls_loss:0.13074 rec_loss:0.21975 [12.12s]; best loss:0.07881, patience : 3
2026-09-09 19:40:02,990 P1988314 INFO pr:0.8971  rc:0.7683  auc:0.9571 ap:0.9165 f1: 0.8277 pred_right: 38660 pred_wrong:340 actu_right: 38603 actu_wrong: 397
2026-09-09 19:40:04,441 P1988314 INFO pr:0.7882  rc:0.5194  auc:0.8948 ap:0.7949 f1: 0.6262 pred_right: 16415 pred_wrong:85 actu_right: 16371 actu_wrong: 129
2026-09-09 19:40:04,442 P1988314 INFO ----------------------------------------------------------------------------------------------------
2026-09-09 19:40:04,443 P1988314 INFO 288/300 starting... lr: 0.0008100000000000001 para:0.01
2026-09-09 19:40:17,444 P1988314 INFO Epoch 288/300, all_loss:0.11438 cls_loss:0.11333 rec_loss:0.21825 [13.00s]; best loss:0.07881, patience : 3
2026-09-09 19:40:20,754 P1988314 INFO pr:0.8579  rc:0.8060  auc:0.9643 ap:0.9159 f1: 0.8312 pred_right: 38627 pred_wrong:373 actu_right: 38603 actu_wrong: 397
2026-09-09 19:40:22,197 P1988314 INFO pr:0.7196  rc:0.5969  auc:0.9438 ap:0.8186 f1: 0.6525 pred_right: 16393 pred_wrong:107 actu_right: 16371 actu_wrong: 129
2026-09-09 19:40:22,198 P1988314 INFO ----------------------------------------------------------------------------------------------------
2026-09-09 19:40:22,199 P1988314 INFO 289/300 starting... lr: 0.0008100000000000001 para:0.01
2026-09-09 19:40:34,437 P1988314 INFO Epoch 289/300, all_loss:0.09914 cls_loss:0.09804 rec_loss:0.20794 [12.24s]; best loss:0.07881, patience : 3
2026-09-09 19:40:37,500 P1988314 INFO pr:0.8768  rc:0.7884  auc:0.9601 ap:0.9135 f1: 0.8302 pred_right: 38643 pred_wrong:357 actu_right: 38603 actu_wrong: 397
2026-09-09 19:40:38,919 P1988314 INFO pr:0.7391  rc:0.5271  auc:0.9360 ap:0.8112 f1: 0.6154 pred_right: 16408 pred_wrong:92 actu_right: 16371 actu_wrong: 129
2026-09-09 19:40:38,920 P1988314 INFO ----------------------------------------------------------------------------------------------------
2026-09-09 19:40:38,920 P1988314 INFO 290/300 starting... lr: 0.0008100000000000001 para:0.01
2026-09-09 19:40:50,890 P1988314 INFO Epoch 290/300, all_loss:0.08135 cls_loss:0.07996 rec_loss:0.21829 [11.97s]; best loss:0.07881, patience : 3
2026-09-09 19:40:53,536 P1988314 INFO pr:0.9011  rc:0.8035  auc:0.9587 ap:0.9201 f1: 0.8495 pred_right: 38646 pred_wrong:354 actu_right: 38603 actu_wrong: 397
2026-09-09 19:40:54,689 P1988314 INFO pr:0.7624  rc:0.5969  auc:0.9381 ap:0.8250 f1: 0.6696 pred_right: 16399 pred_wrong:101 actu_right: 16371 actu_wrong: 129
2026-09-09 19:40:54,690 P1988314 INFO ----------------------------------------------------------------------------------------------------
2026-09-09 19:40:54,690 P1988314 INFO 291/300 starting... lr: 0.0008100000000000001 para:0.01
2026-09-09 19:41:14,474 P1988314 INFO Epoch 291/300, all_loss:0.09199 cls_loss:0.09074 rec_loss:0.21521 [19.78s]; best loss:0.07881, patience : 4
2026-09-09 19:41:20,544 P1988314 INFO pr:0.8922  rc:0.7525  auc:0.9577 ap:0.9097 f1: 0.8164 pred_right: 38666 pred_wrong:334 actu_right: 38604 actu_wrong: 396
2026-09-09 19:41:21,974 P1988314 INFO pr:0.8000  rc:0.5271  auc:0.9010 ap:0.7731 f1: 0.6355 pred_right: 16415 pred_wrong:85 actu_right: 16371 actu_wrong: 129
2026-09-09 19:41:21,975 P1988314 INFO ----------------------------------------------------------------------------------------------------
2026-09-09 19:41:21,975 P1988314 INFO 292/300 starting... lr: 0.0008100000000000001 para:0.01
2026-09-09 19:41:34,234 P1988314 INFO Epoch 292/300, all_loss:0.15200 cls_loss:0.15127 rec_loss:0.22444 [12.26s]; best loss:0.07881, patience : 5
2026-09-09 19:41:37,405 P1988314 INFO pr:0.8552  rc:0.8035  auc:0.9619 ap:0.9108 f1: 0.8286 pred_right: 38627 pred_wrong:373 actu_right: 38603 actu_wrong: 397
2026-09-09 19:41:38,629 P1988314 INFO pr:0.6726  rc:0.5891  auc:0.9383 ap:0.8176 f1: 0.6281 pred_right: 16387 pred_wrong:113 actu_right: 16371 actu_wrong: 129
2026-09-09 19:41:38,630 P1988314 INFO ----------------------------------------------------------------------------------------------------
2026-09-09 19:41:38,630 P1988314 INFO 293/300 starting... lr: 0.0008100000000000001 para:0.01
2026-09-09 19:41:50,674 P1988314 INFO Epoch 293/300, all_loss:0.11713 cls_loss:0.11616 rec_loss:0.21394 [12.04s]; best loss:0.07881, patience : 5
2026-09-09 19:41:54,125 P1988314 INFO pr:0.9348  rc:0.7582  auc:0.9522 ap:0.9194 f1: 0.8373 pred_right: 38678 pred_wrong:322 actu_right: 38603 actu_wrong: 397
2026-09-09 19:41:55,560 P1988314 INFO pr:0.8267  rc:0.4806  auc:0.9196 ap:0.8257 f1: 0.6078 pred_right: 16425 pred_wrong:75 actu_right: 16371 actu_wrong: 129
2026-09-09 19:41:55,561 P1988314 INFO ----------------------------------------------------------------------------------------------------
2026-09-09 19:41:55,561 P1988314 INFO 294/300 starting... lr: 0.0008100000000000001 para:0.01
2026-09-09 19:42:07,665 P1988314 INFO Epoch 294/300, all_loss:0.11830 cls_loss:0.11734 rec_loss:0.21286 [12.10s]; best loss:0.07881, patience : 6
2026-09-09 19:42:10,790 P1988314 INFO pr:0.8964  rc:0.7632  auc:0.9594 ap:0.9138 f1: 0.8245 pred_right: 38662 pred_wrong:338 actu_right: 38603 actu_wrong: 397
2026-09-09 19:42:12,051 P1988314 INFO pr:0.7701  rc:0.5194  auc:0.9252 ap:0.8230 f1: 0.6204 pred_right: 16413 pred_wrong:87 actu_right: 16371 actu_wrong: 129
2026-09-09 19:42:12,053 P1988314 INFO ----------------------------------------------------------------------------------------------------
2026-09-09 19:42:12,054 P1988314 INFO 295/300 starting... lr: 0.0008100000000000001 para:0.01
2026-09-09 19:42:24,504 P1988314 INFO Epoch 295/300, all_loss:0.09931 cls_loss:0.09815 rec_loss:0.21415 [12.45s]; best loss:0.07881, patience : 6
2026-09-09 19:42:27,325 P1988314 INFO pr:0.8947  rc:0.8136  auc:0.9675 ap:0.9208 f1: 0.8522 pred_right: 38639 pred_wrong:361 actu_right: 38603 actu_wrong: 397
2026-09-09 19:42:28,610 P1988314 INFO pr:0.7400  rc:0.5736  auc:0.9178 ap:0.7888 f1: 0.6463 pred_right: 16400 pred_wrong:100 actu_right: 16371 actu_wrong: 129
2026-09-09 19:42:28,611 P1988314 INFO ----------------------------------------------------------------------------------------------------
2026-09-09 19:42:28,611 P1988314 INFO 296/300 starting... lr: 0.0008100000000000001 para:0.01
2026-09-09 19:42:41,193 P1988314 INFO Epoch 296/300, all_loss:0.16892 cls_loss:0.16851 rec_loss:0.21020 [12.58s]; best loss:0.07881, patience : 7
2026-09-09 19:42:44,784 P1988314 INFO pr:0.8786  rc:0.7657  auc:0.9525 ap:0.9114 f1: 0.8183 pred_right: 38654 pred_wrong:346 actu_right: 38603 actu_wrong: 397
2026-09-09 19:42:46,233 P1988314 INFO pr:0.7654  rc:0.4806  auc:0.9202 ap:0.7860 f1: 0.5905 pred_right: 16419 pred_wrong:81 actu_right: 16371 actu_wrong: 129
2026-09-09 19:42:46,234 P1988314 INFO ----------------------------------------------------------------------------------------------------
2026-09-09 19:42:46,234 P1988314 INFO 297/300 starting... lr: 0.0008100000000000001 para:0.01
2026-09-09 19:42:58,646 P1988314 INFO Epoch 297/300, all_loss:0.11023 cls_loss:0.10920 rec_loss:0.21200 [12.41s]; best loss:0.07881, patience : 7
2026-09-09 19:43:02,502 P1988314 INFO pr:0.8145  rc:0.8186  auc:0.9644 ap:0.8987 f1: 0.8166 pred_right: 38601 pred_wrong:399 actu_right: 38603 actu_wrong: 397
2026-09-09 19:43:04,160 P1988314 INFO pr:0.6752  rc:0.6124  auc:0.9371 ap:0.7874 f1: 0.6423 pred_right: 16383 pred_wrong:117 actu_right: 16371 actu_wrong: 129
2026-09-09 19:43:04,161 P1988314 INFO ----------------------------------------------------------------------------------------------------
2026-09-09 19:43:04,161 P1988314 INFO 298/300 starting... lr: 0.0008100000000000001 para:0.01
2026-09-09 19:43:16,114 P1988314 INFO Epoch 298/300, all_loss:0.14896 cls_loss:0.14828 rec_loss:0.21617 [11.95s]; best loss:0.07881, patience : 8
2026-09-09 19:43:19,495 P1988314 INFO pr:0.8931  rc:0.7783  auc:0.9640 ap:0.9167 f1: 0.8318 pred_right: 38654 pred_wrong:346 actu_right: 38603 actu_wrong: 397
2026-09-09 19:43:23,057 P1988314 INFO pr:0.7553  rc:0.5504  auc:0.9254 ap:0.8081 f1: 0.6368 pred_right: 16406 pred_wrong:94 actu_right: 16371 actu_wrong: 129
2026-09-09 19:43:23,058 P1988314 INFO ----------------------------------------------------------------------------------------------------
2026-09-09 19:43:23,058 P1988314 INFO 299/300 starting... lr: 0.0008100000000000001 para:0.01
2026-09-09 19:43:33,370 P1988314 INFO Epoch 299/300, all_loss:0.20477 cls_loss:0.20468 rec_loss:0.21304 [10.31s]; best loss:0.07881, patience : 9
2026-09-09 19:43:36,071 P1988314 INFO pr:0.9503  rc:0.7247  auc:0.9486 ap:0.9119 f1: 0.8223 pred_right: 38698 pred_wrong:302 actu_right: 38604 actu_wrong: 396
2026-09-09 19:43:37,246 P1988314 INFO pr:0.8730  rc:0.4264  auc:0.8976 ap:0.8133 f1: 0.5729 pred_right: 16437 pred_wrong:63 actu_right: 16371 actu_wrong: 129
2026-09-09 19:43:37,246 P1988314 INFO saving model...
2026-09-09 19:43:37,246 P1988314 INFO FITS_Legendre - loss  best score:0.07881081104278564 at epoch 280
2026-09-09 19:43:37,265 P1988314 INFO FITS_Legendre - f1  best score:0.8525033829499323 at epoch 235
2026-09-09 19:43:37,273 P1988314 INFO Average training time per epoch: 12.98 seconds
2026-09-09 19:43:37,274 P1988314 INFO calculate scores...
2026-09-09 19:43:37,275 P1988314 INFO calculate label with loss...
2026-09-09 19:43:37,275 P1988314 INFO FITS_Legendre on ./result/server_only_exps/Ablations_updatedFreDF/FITS_Legendre-MSDS-Epochs300-Seed1-ExpNameRQ2z5_basis_degree_comparison-LPFLPF-Attnlinear_attn-NormLinTrue-RecLambda1.0-AuxiLambda0.0-lowshow-simplegraph-Degree3-BasisTypehermite loading...
2026-09-09 19:43:38,497 P1988314 INFO pr:0.7647  rc:0.6047  auc:0.9503 ap:0.8229 f1: 0.6753 pred_right: 16398 pred_wrong:102 actu_right: 16371 actu_wrong: 129
2026-09-09 19:43:47,657 P1988314 INFO pr:0.7647  rc:0.6047  auc:0.9503 ap:0.8229 f1: 0.6753 pred_right: 16398 pred_wrong:102 actu_right: 16371 actu_wrong: 129
2026-09-09 19:43:47,658 P1988314 INFO Performance Summary:
{'GPU': {'inference_time_per_sample_ms': 0.3416215038128549, 'throughput_samples_per_sec': 2927.216199328641, 'peak_memory_mb': 37.0380859375, 'energy_per_sample_joules': 0.016083198778005396}, 'CPU': {'inference_time_per_sample_ms': 2.70514828818185, 'throughput_samples_per_sec': 369.6655020239602, 'peak_memory_mb': 2887.9765625, 'energy_per_sample_joules': 0.17583463873182023}}
2026-09-09 19:43:47,658 P1988314 INFO Starting clean-room hardware benchmarking...
2026-09-09 19:43:49,507 P1988314 INFO Performance with loss: pr:0.7647  rc:0.6047  auc:0.9503 ap:0.8229 f1: 0.6753 pred_right: 16398 pred_wrong:102 actu_right: 16371 actu_wrong: 129
2026-09-09 19:43:49,507 P1988314 INFO calculate label with f1...
2026-09-09 19:43:49,508 P1988314 INFO FITS_Legendre on ./result/server_only_exps/Ablations_updatedFreDF/FITS_Legendre-MSDS-Epochs300-Seed1-ExpNameRQ2z5_basis_degree_comparison-LPFLPF-Attnlinear_attn-NormLinTrue-RecLambda1.0-AuxiLambda0.0-lowshow-simplegraph-Degree3-BasisTypehermite loading...
2026-09-09 19:43:53,801 P1988314 INFO pr:0.7527  rc:0.5426  auc:0.9460 ap:0.8049 f1: 0.6306 pred_right: 16407 pred_wrong:93 actu_right: 16371 actu_wrong: 129
2026-09-09 19:43:58,981 P1988314 INFO pr:0.7527  rc:0.5426  auc:0.9460 ap:0.8049 f1: 0.6306 pred_right: 16407 pred_wrong:93 actu_right: 16371 actu_wrong: 129
2026-09-09 19:43:58,983 P1988314 INFO Performance Summary:
{'GPU': {'inference_time_per_sample_ms': 1.2485595265335476, 'throughput_samples_per_sec': 800.9229666256774, 'peak_memory_mb': 36.4921875, 'energy_per_sample_joules': 0.05763787770313142}, 'CPU': {'inference_time_per_sample_ms': 1.5245043297976844, 'throughput_samples_per_sec': 655.9509084062156, 'peak_memory_mb': 2894.80859375, 'energy_per_sample_joules': 0.09909278143684948}}
2026-09-09 19:43:58,984 P1988314 INFO Starting clean-room hardware benchmarking...
2026-09-09 19:44:00,177 P1988314 INFO Performance with f1: pr:0.7527  rc:0.5426  auc:0.9460 ap:0.8049 f1: 0.6306 pred_right: 16407 pred_wrong:93 actu_right: 16371 actu_wrong: 129
2026-09-09 19:44:00,178 P1988314 INFO Collecting case-study samples...
