2026-07-22 07:44:22,487 P3154851 INFO ---- Model: ----MSTGAD-2862ff9c----random_seed : 3----req_loss_approach : Legendre-style----rec_lambda : 1.0----auxi_lambda : 0.5----Freq Domain : FITS_Legendre----Multi Fits : false----train : True----evaluate : False
2026-07-22 07:44:22,487 P3154851 INFO read Tranform data
2026-07-22 07:44:23,708 P3154851 INFO read Graph edge data
2026-07-22 07:44:23,708 P3154851 INFO Fewshot: training with 1.0 of the 70% of the data
2026-07-22 07:44:23,796 P3154851 INFO Trainable Parameters Breakdown:
2026-07-22 07:44:23,796 P3154851 INFO --------------------------------------------------------------------------------
2026-07-22 07:44:23,796 P3154851 INFO Reconstruction-Specific Parameters:
2026-07-22 07:44:23,796 P3154851 INFO node_emb.linear.weight                   | shape: (4, 3)                    | params: 12
2026-07-22 07:44:23,796 P3154851 INFO node_emb.linear.bias                     | shape: (4,)                      | params: 4
2026-07-22 07:44:23,796 P3154851 INFO log_emb.linear.weight                    | shape: (16, 256)                 | params: 4,096
2026-07-22 07:44:23,796 P3154851 INFO log_emb.linear.bias                      | shape: (16,)                     | params: 16
2026-07-22 07:44:23,796 P3154851 INFO egde_emb.linear.weight                   | shape: (4, 7)                    | params: 28
2026-07-22 07:44:23,796 P3154851 INFO egde_emb.linear.bias                     | shape: (4,)                      | params: 4
2026-07-22 07:44:23,796 P3154851 INFO dense_node.weight                        | shape: (3, 4)                    | params: 12
2026-07-22 07:44:23,796 P3154851 INFO dense_node.bias                          | shape: (3,)                      | params: 3
2026-07-22 07:44:23,796 P3154851 INFO dense_log.weight                         | shape: (256, 16)                 | params: 4,096
2026-07-22 07:44:23,797 P3154851 INFO dense_log.bias                           | shape: (256,)                    | params: 256
2026-07-22 07:44:23,797 P3154851 INFO dense_edge.weight                        | shape: (7, 4)                    | params: 28
2026-07-22 07:44:23,797 P3154851 INFO dense_edge.bias                          | shape: (7,)                      | params: 7
2026-07-22 07:44:23,797 P3154851 INFO linear_attn.Wq.weight                    | shape: (10, 10)                  | params: 100
2026-07-22 07:44:23,797 P3154851 INFO linear_attn.Wk.weight                    | shape: (10, 10)                  | params: 100
2026-07-22 07:44:23,797 P3154851 INFO linear_attn.Wv.weight                    | shape: (10, 10)                  | params: 100
2026-07-22 07:44:23,797 P3154851 INFO linear_attn.out.weight                   | shape: (10, 10)                  | params: 100
2026-07-22 07:44:23,797 P3154851 INFO linear_attn.out.bias                     | shape: (10,)                     | params: 10
2026-07-22 07:44:23,797 P3154851 INFO linear_attn.norm.weight                  | shape: (10,)                     | params: 10
2026-07-22 07:44:23,797 P3154851 INFO linear_attn.norm.bias                    | shape: (10,)                     | params: 10
2026-07-22 07:44:23,797 P3154851 INFO shared_fits.normlin_W                    | shape: (5, 5)                    | params: 25
2026-07-22 07:44:23,797 P3154851 INFO shared_fits.freq_upsampler.weight        | shape: (5, 5)                    | params: 25
2026-07-22 07:44:23,797 P3154851 INFO shared_fits.freq_upsampler.bias          | shape: (5,)                      | params: 5
2026-07-22 07:44:23,797 P3154851 INFO modality_proj.node.weight                | shape: (10, 4)                   | params: 40
2026-07-22 07:44:23,797 P3154851 INFO modality_proj.node.bias                  | shape: (10,)                     | params: 10
2026-07-22 07:44:23,797 P3154851 INFO modality_proj.log.weight                 | shape: (10, 16)                  | params: 160
2026-07-22 07:44:23,797 P3154851 INFO modality_proj.log.bias                   | shape: (10,)                     | params: 10
2026-07-22 07:44:23,797 P3154851 INFO modality_proj.edge.weight                | shape: (10, 4)                   | params: 40
2026-07-22 07:44:23,797 P3154851 INFO modality_proj.edge.bias                  | shape: (10,)                     | params: 10
2026-07-22 07:44:23,797 P3154851 INFO modality_proj_out.node.weight            | shape: (4, 10)                   | params: 40
2026-07-22 07:44:23,797 P3154851 INFO modality_proj_out.node.bias              | shape: (4,)                      | params: 4
2026-07-22 07:44:23,797 P3154851 INFO modality_proj_out.log.weight             | shape: (16, 10)                  | params: 160
2026-07-22 07:44:23,798 P3154851 INFO modality_proj_out.log.bias               | shape: (16,)                     | params: 16
2026-07-22 07:44:23,798 P3154851 INFO modality_proj_out.edge.weight            | shape: (4, 10)                   | params: 40
2026-07-22 07:44:23,798 P3154851 INFO modality_proj_out.edge.bias              | shape: (4,)                      | params: 4
2026-07-22 07:44:23,798 P3154851 INFO Subtotal: 9,581
2026-07-22 07:44:23,798 P3154851 INFO --------------------------------------------------------------------------------
2026-07-22 07:44:23,798 P3154851 INFO Common Parameters:
2026-07-22 07:44:23,798 P3154851 INFO show.0.weight                            | shape: (128, 266)                | params: 34,048
2026-07-22 07:44:23,798 P3154851 INFO show.0.bias                              | shape: (128,)                    | params: 128
2026-07-22 07:44:23,798 P3154851 INFO show.2.weight                            | shape: (2, 128)                  | params: 256
2026-07-22 07:44:23,798 P3154851 INFO show.2.bias                              | shape: (2,)                      | params: 2
2026-07-22 07:44:23,798 P3154851 INFO Subtotal: 34,434
2026-07-22 07:44:23,798 P3154851 INFO --------------------------------------------------------------------------------
2026-07-22 07:44:23,798 P3154851 INFO Total Trainable Parameters: 44,015

2026-07-22 07:44:23,798 P3154851 INFO Trainable Parameters: 44015, reconstruction: 9581, common: 34434
2026-07-22 07:44:23,798 P3154851 INFO model : init weight
2026-07-22 07:44:23,799 P3154851 INFO Using GPU...
2026-07-22 07:44:23,803 P3154851 INFO optimizer : using AdaBelief
2026-07-22 07:44:23,803 P3154851 INFO ----------------------------------------------------------------------------------------------------
2026-07-22 07:44:23,803 P3154851 INFO 0/300 starting... lr: 0.001 para:1.0
2026-07-22 07:44:30,578 P3154851 INFO Epoch 0/300, all_loss:0.04530 cls_loss:28.01660 rec_loss:0.04530 [6.77s]; best loss:0.04530, patience : 0
2026-07-22 07:44:30,578 P3154851 INFO ----------------------------------------------------------------------------------------------------
2026-07-22 07:44:30,579 P3154851 INFO 1/300 starting... lr: 0.001 para:0.5
2026-07-22 07:44:36,508 P3154851 INFO Epoch 1/300, all_loss:2.46407 cls_loss:4.87182 rec_loss:0.05633 [5.93s]; best loss:2.46407, patience : 0
2026-07-22 07:44:36,508 P3154851 INFO ----------------------------------------------------------------------------------------------------
2026-07-22 07:44:36,509 P3154851 INFO 2/300 starting... lr: 0.001 para:0.3333333432674408
2026-07-22 07:44:42,852 P3154851 INFO Epoch 2/300, all_loss:0.82576 cls_loss:1.20146 rec_loss:0.07437 [6.34s]; best loss:0.82576, patience : 0
2026-07-22 07:44:45,132 P3154851 INFO pr:0.9623  rc:0.5808  auc:0.9405 ap:0.9118 f1: 0.7244 pred_right: 38761 pred_wrong:239 actu_right: 38604 actu_wrong: 396
2026-07-22 07:44:46,162 P3154851 INFO pr:0.9538  rc:0.4806  auc:0.9433 ap:0.8999 f1: 0.6392 pred_right: 16435 pred_wrong:65 actu_right: 16371 actu_wrong: 129
2026-07-22 07:44:46,166 P3154851 INFO ----------------------------------------------------------------------------------------------------
2026-07-22 07:44:46,166 P3154851 INFO 3/300 starting... lr: 0.001 para:0.25
2026-07-22 07:44:52,511 P3154851 INFO Epoch 3/300, all_loss:0.59244 cls_loss:0.76529 rec_loss:0.07386 [6.34s]; best loss:0.59244, patience : 0
2026-07-22 07:44:54,658 P3154851 INFO pr:0.9427  rc:0.7475  auc:0.9575 ap:0.9462 f1: 0.8338 pred_right: 38686 pred_wrong:314 actu_right: 38604 actu_wrong: 396
2026-07-22 07:44:55,486 P3154851 INFO pr:0.9381  rc:0.7054  auc:0.9717 ap:0.9342 f1: 0.8053 pred_right: 16403 pred_wrong:97 actu_right: 16371 actu_wrong: 129
2026-07-22 07:44:55,490 P3154851 INFO ----------------------------------------------------------------------------------------------------
2026-07-22 07:44:55,491 P3154851 INFO 4/300 starting... lr: 0.001 para:0.20000000298023224
2026-07-22 07:45:01,755 P3154851 INFO Epoch 4/300, all_loss:0.38944 cls_loss:0.46817 rec_loss:0.07452 [6.26s]; best loss:0.38944, patience : 0
2026-07-22 07:45:03,988 P3154851 INFO pr:0.9479  rc:0.8715  auc:0.9617 ap:0.9629 f1: 0.9081 pred_right: 38635 pred_wrong:365 actu_right: 38603 actu_wrong: 397
2026-07-22 07:45:04,883 P3154851 INFO pr:0.9512  rc:0.9070  auc:0.9934 ap:0.9620 f1: 0.9286 pred_right: 16377 pred_wrong:123 actu_right: 16371 actu_wrong: 129
2026-07-22 07:45:04,887 P3154851 INFO ----------------------------------------------------------------------------------------------------
2026-07-22 07:45:04,887 P3154851 INFO 5/300 starting... lr: 0.001 para:0.1666666716337204
2026-07-22 07:45:11,091 P3154851 INFO Epoch 5/300, all_loss:0.35466 cls_loss:0.41080 rec_loss:0.07395 [6.20s]; best loss:0.35466, patience : 0
2026-07-22 07:45:12,704 P3154851 INFO pr:0.9639  rc:0.8741  auc:0.9702 ap:0.9683 f1: 0.9168 pred_right: 38640 pred_wrong:360 actu_right: 38603 actu_wrong: 397
2026-07-22 07:45:13,514 P3154851 INFO pr:0.9672  rc:0.9147  auc:0.9993 ap:0.9754 f1: 0.9402 pred_right: 16378 pred_wrong:122 actu_right: 16371 actu_wrong: 129
2026-07-22 07:45:13,517 P3154851 INFO ----------------------------------------------------------------------------------------------------
2026-07-22 07:45:13,517 P3154851 INFO 6/300 starting... lr: 0.001 para:0.1428571492433548
2026-07-22 07:45:19,043 P3154851 INFO Epoch 6/300, all_loss:0.32630 cls_loss:0.36858 rec_loss:0.07265 [5.52s]; best loss:0.32630, patience : 0
2026-07-22 07:45:21,565 P3154851 INFO pr:0.9455  rc:0.9169  auc:0.9672 ap:0.9687 f1: 0.9309 pred_right: 38615 pred_wrong:385 actu_right: 38603 actu_wrong: 397
2026-07-22 07:45:23,443 P3154851 INFO pr:0.9606  rc:0.9457  auc:0.9998 ap:0.9810 f1: 0.9531 pred_right: 16373 pred_wrong:127 actu_right: 16371 actu_wrong: 129
2026-07-22 07:45:23,451 P3154851 INFO ----------------------------------------------------------------------------------------------------
2026-07-22 07:45:23,452 P3154851 INFO 7/300 starting... lr: 0.001 para:0.125
2026-07-22 07:45:34,691 P3154851 INFO Epoch 7/300, all_loss:0.36775 cls_loss:0.41036 rec_loss:0.06945 [11.24s]; best loss:0.32630, patience : 1
2026-07-22 07:45:37,031 P3154851 INFO pr:0.9646  rc:0.8917  auc:0.9756 ap:0.9737 f1: 0.9267 pred_right: 38633 pred_wrong:367 actu_right: 38603 actu_wrong: 397
2026-07-22 07:45:37,923 P3154851 INFO pr:0.9449  rc:0.9302  auc:0.9998 ap:0.9793 f1: 0.9375 pred_right: 16373 pred_wrong:127 actu_right: 16371 actu_wrong: 129
2026-07-22 07:45:37,924 P3154851 INFO ----------------------------------------------------------------------------------------------------
2026-07-22 07:45:37,931 P3154851 INFO 8/300 starting... lr: 0.001 para:0.1111111119389534
2026-07-22 07:45:44,237 P3154851 INFO Epoch 8/300, all_loss:0.29234 cls_loss:0.31974 rec_loss:0.07320 [6.30s]; best loss:0.29234, patience : 0
2026-07-22 07:45:46,482 P3154851 INFO pr:0.9392  rc:0.9345  auc:0.9752 ap:0.9725 f1: 0.9369 pred_right: 38605 pred_wrong:395 actu_right: 38603 actu_wrong: 397
2026-07-22 07:45:47,338 P3154851 INFO pr:0.9185  rc:0.9612  auc:0.9998 ap:0.9779 f1: 0.9394 pred_right: 16365 pred_wrong:135 actu_right: 16371 actu_wrong: 129
2026-07-22 07:45:47,342 P3154851 INFO ----------------------------------------------------------------------------------------------------
2026-07-22 07:45:47,342 P3154851 INFO 9/300 starting... lr: 0.001 para:0.10000000149011612
2026-07-22 07:45:53,374 P3154851 INFO Epoch 9/300, all_loss:0.28306 cls_loss:0.30687 rec_loss:0.06879 [6.03s]; best loss:0.28306, patience : 0
2026-07-22 07:45:55,330 P3154851 INFO pr:0.9545  rc:0.8992  auc:0.9854 ap:0.9760 f1: 0.9261 pred_right: 38626 pred_wrong:374 actu_right: 38603 actu_wrong: 397
2026-07-22 07:45:56,188 P3154851 INFO pr:0.9606  rc:0.9457  auc:0.9998 ap:0.9761 f1: 0.9531 pred_right: 16373 pred_wrong:127 actu_right: 16371 actu_wrong: 129
2026-07-22 07:45:56,189 P3154851 INFO ----------------------------------------------------------------------------------------------------
2026-07-22 07:45:56,189 P3154851 INFO 10/300 starting... lr: 0.001 para:0.09090909361839294
2026-07-22 07:46:02,166 P3154851 INFO Epoch 10/300, all_loss:0.32040 cls_loss:0.34515 rec_loss:0.07292 [5.98s]; best loss:0.28306, patience : 1
2026-07-22 07:46:04,500 P3154851 INFO pr:0.9804  rc:0.8816  auc:0.9853 ap:0.9773 f1: 0.9284 pred_right: 38643 pred_wrong:357 actu_right: 38603 actu_wrong: 397
2026-07-22 07:46:05,354 P3154851 INFO pr:0.9675  rc:0.9225  auc:0.9978 ap:0.9805 f1: 0.9444 pred_right: 16377 pred_wrong:123 actu_right: 16371 actu_wrong: 129
2026-07-22 07:46:05,354 P3154851 INFO ----------------------------------------------------------------------------------------------------
2026-07-22 07:46:05,355 P3154851 INFO 11/300 starting... lr: 0.001 para:0.0833333358168602
2026-07-22 07:46:11,644 P3154851 INFO Epoch 11/300, all_loss:0.21688 cls_loss:0.22978 rec_loss:0.07495 [6.29s]; best loss:0.21688, patience : 0
2026-07-22 07:46:13,816 P3154851 INFO pr:0.9674  rc:0.8967  auc:0.9880 ap:0.9782 f1: 0.9307 pred_right: 38632 pred_wrong:368 actu_right: 38603 actu_wrong: 397
2026-07-22 07:46:14,661 P3154851 INFO pr:0.9606  rc:0.9457  auc:0.9997 ap:0.9846 f1: 0.9531 pred_right: 16373 pred_wrong:127 actu_right: 16371 actu_wrong: 129
2026-07-22 07:46:14,662 P3154851 INFO ----------------------------------------------------------------------------------------------------
2026-07-22 07:46:14,662 P3154851 INFO 12/300 starting... lr: 0.001 para:0.07692307978868484
2026-07-22 07:46:20,763 P3154851 INFO Epoch 12/300, all_loss:0.19802 cls_loss:0.20836 rec_loss:0.07393 [6.10s]; best loss:0.19802, patience : 0
2026-07-22 07:46:23,037 P3154851 INFO pr:0.9541  rc:0.9421  auc:0.9863 ap:0.9778 f1: 0.9480 pred_right: 38608 pred_wrong:392 actu_right: 38603 actu_wrong: 397
2026-07-22 07:46:23,851 P3154851 INFO pr:0.9478  rc:0.9845  auc:0.9997 ap:0.9800 f1: 0.9658 pred_right: 16366 pred_wrong:134 actu_right: 16371 actu_wrong: 129
2026-07-22 07:46:23,855 P3154851 INFO ----------------------------------------------------------------------------------------------------
2026-07-22 07:46:23,855 P3154851 INFO 13/300 starting... lr: 0.001 para:0.0714285746216774
2026-07-22 07:46:30,056 P3154851 INFO Epoch 13/300, all_loss:0.19236 cls_loss:0.20142 rec_loss:0.07454 [6.20s]; best loss:0.19236, patience : 0
2026-07-22 07:46:32,196 P3154851 INFO pr:0.9475  rc:0.9093  auc:0.9797 ap:0.9669 f1: 0.9280 pred_right: 38619 pred_wrong:381 actu_right: 38603 actu_wrong: 397
2026-07-22 07:46:33,043 P3154851 INFO pr:0.9398  rc:0.9690  auc:0.9996 ap:0.9803 f1: 0.9542 pred_right: 16367 pred_wrong:133 actu_right: 16371 actu_wrong: 129
2026-07-22 07:46:33,044 P3154851 INFO ----------------------------------------------------------------------------------------------------
2026-07-22 07:46:33,044 P3154851 INFO 14/300 starting... lr: 0.001 para:0.06666667014360428
2026-07-22 07:46:39,262 P3154851 INFO Epoch 14/300, all_loss:0.19925 cls_loss:0.20832 rec_loss:0.07221 [6.22s]; best loss:0.19236, patience : 1
2026-07-22 07:46:41,502 P3154851 INFO pr:0.9424  rc:0.9471  auc:0.9857 ap:0.9750 f1: 0.9447 pred_right: 38601 pred_wrong:399 actu_right: 38603 actu_wrong: 397
2026-07-22 07:46:42,799 P3154851 INFO pr:0.9137  rc:0.9845  auc:0.9997 ap:0.9743 f1: 0.9478 pred_right: 16361 pred_wrong:139 actu_right: 16371 actu_wrong: 129
2026-07-22 07:46:42,800 P3154851 INFO ----------------------------------------------------------------------------------------------------
2026-07-22 07:46:42,800 P3154851 INFO 15/300 starting... lr: 0.001 para:0.0625
2026-07-22 07:46:48,493 P3154851 INFO Epoch 15/300, all_loss:0.18640 cls_loss:0.19436 rec_loss:0.06699 [5.69s]; best loss:0.18640, patience : 0
2026-07-22 07:46:50,133 P3154851 INFO pr:0.9588  rc:0.9418  auc:0.9927 ap:0.9776 f1: 0.9502 pred_right: 38612 pred_wrong:388 actu_right: 38605 actu_wrong: 395
2026-07-22 07:46:50,868 P3154851 INFO pr:0.9478  rc:0.9845  auc:0.9994 ap:0.9793 f1: 0.9658 pred_right: 16366 pred_wrong:134 actu_right: 16371 actu_wrong: 129
2026-07-22 07:46:50,872 P3154851 INFO ----------------------------------------------------------------------------------------------------
2026-07-22 07:46:50,872 P3154851 INFO 16/300 starting... lr: 0.001 para:0.05882352963089943
2026-07-22 07:46:56,445 P3154851 INFO Epoch 16/300, all_loss:0.16847 cls_loss:0.17411 rec_loss:0.07811 [5.57s]; best loss:0.16847, patience : 0
2026-07-22 07:46:59,509 P3154851 INFO pr:0.9518  rc:0.9446  auc:0.9905 ap:0.9749 f1: 0.9482 pred_right: 38606 pred_wrong:394 actu_right: 38603 actu_wrong: 397
2026-07-22 07:47:01,227 P3154851 INFO pr:0.9065  rc:0.9767  auc:0.9994 ap:0.9657 f1: 0.9403 pred_right: 16361 pred_wrong:139 actu_right: 16371 actu_wrong: 129
2026-07-22 07:47:01,228 P3154851 INFO ----------------------------------------------------------------------------------------------------
2026-07-22 07:47:01,228 P3154851 INFO 17/300 starting... lr: 0.001 para:0.0555555559694767
2026-07-22 07:47:12,320 P3154851 INFO Epoch 17/300, all_loss:0.16237 cls_loss:0.16759 rec_loss:0.07361 [11.09s]; best loss:0.16237, patience : 0
2026-07-22 07:47:14,612 P3154851 INFO pr:0.9631  rc:0.9194  auc:0.9911 ap:0.9765 f1: 0.9407 pred_right: 38621 pred_wrong:379 actu_right: 38603 actu_wrong: 397
2026-07-22 07:47:15,509 P3154851 INFO pr:0.9531  rc:0.9457  auc:0.9972 ap:0.9699 f1: 0.9494 pred_right: 16372 pred_wrong:128 actu_right: 16371 actu_wrong: 129
2026-07-22 07:47:15,509 P3154851 INFO ----------------------------------------------------------------------------------------------------
2026-07-22 07:47:15,509 P3154851 INFO 18/300 starting... lr: 0.001 para:0.05263157933950424
2026-07-22 07:47:21,816 P3154851 INFO Epoch 18/300, all_loss:0.17763 cls_loss:0.18330 rec_loss:0.07539 [6.31s]; best loss:0.16237, patience : 1
2026-07-22 07:47:23,757 P3154851 INFO pr:0.9564  rc:0.9395  auc:0.9866 ap:0.9766 f1: 0.9479 pred_right: 38610 pred_wrong:390 actu_right: 38603 actu_wrong: 397
2026-07-22 07:47:24,722 P3154851 INFO pr:0.9265  rc:0.9767  auc:0.9976 ap:0.9780 f1: 0.9509 pred_right: 16364 pred_wrong:136 actu_right: 16371 actu_wrong: 129
2026-07-22 07:47:24,723 P3154851 INFO ----------------------------------------------------------------------------------------------------
2026-07-22 07:47:24,723 P3154851 INFO 19/300 starting... lr: 0.001 para:0.05000000074505806
2026-07-22 07:47:30,963 P3154851 INFO Epoch 19/300, all_loss:0.14531 cls_loss:0.14895 rec_loss:0.07607 [6.24s]; best loss:0.14531, patience : 0
2026-07-22 07:47:33,137 P3154851 INFO pr:0.9731  rc:0.9118  auc:0.9875 ap:0.9753 f1: 0.9415 pred_right: 38628 pred_wrong:372 actu_right: 38603 actu_wrong: 397
2026-07-22 07:47:34,106 P3154851 INFO pr:0.9688  rc:0.9612  auc:0.9969 ap:0.9768 f1: 0.9650 pred_right: 16372 pred_wrong:128 actu_right: 16371 actu_wrong: 129
2026-07-22 07:47:34,107 P3154851 INFO ----------------------------------------------------------------------------------------------------
2026-07-22 07:47:34,107 P3154851 INFO 20/300 starting... lr: 0.001 para:0.0476190485060215
2026-07-22 07:47:40,167 P3154851 INFO Epoch 20/300, all_loss:0.14349 cls_loss:0.14671 rec_loss:0.07913 [6.06s]; best loss:0.14349, patience : 0
2026-07-22 07:47:42,215 P3154851 INFO pr:0.9835  rc:0.9040  auc:0.9879 ap:0.9777 f1: 0.9421 pred_right: 38636 pred_wrong:364 actu_right: 38604 actu_wrong: 396
2026-07-22 07:47:43,216 P3154851 INFO pr:0.9688  rc:0.9612  auc:0.9971 ap:0.9794 f1: 0.9650 pred_right: 16372 pred_wrong:128 actu_right: 16371 actu_wrong: 129
2026-07-22 07:47:43,217 P3154851 INFO ----------------------------------------------------------------------------------------------------
2026-07-22 07:47:43,217 P3154851 INFO 21/300 starting... lr: 0.001 para:0.04545454680919647
2026-07-22 07:47:49,491 P3154851 INFO Epoch 21/300, all_loss:0.12372 cls_loss:0.12625 rec_loss:0.07044 [6.27s]; best loss:0.12372, patience : 0
2026-07-22 07:47:51,742 P3154851 INFO pr:0.9528  rc:0.9144  auc:0.9940 ap:0.9723 f1: 0.9332 pred_right: 38619 pred_wrong:381 actu_right: 38603 actu_wrong: 397
2026-07-22 07:47:52,583 P3154851 INFO pr:0.9091  rc:0.9302  auc:0.9967 ap:0.9604 f1: 0.9195 pred_right: 16368 pred_wrong:132 actu_right: 16371 actu_wrong: 129
2026-07-22 07:47:52,583 P3154851 INFO ----------------------------------------------------------------------------------------------------
2026-07-22 07:47:52,583 P3154851 INFO 22/300 starting... lr: 0.001 para:0.043478261679410934
2026-07-22 07:47:58,936 P3154851 INFO Epoch 22/300, all_loss:0.13077 cls_loss:0.13304 rec_loss:0.08093 [6.35s]; best loss:0.12372, patience : 1
2026-07-22 07:48:01,005 P3154851 INFO pr:0.9487  rc:0.9320  auc:0.9897 ap:0.9720 f1: 0.9403 pred_right: 38610 pred_wrong:390 actu_right: 38603 actu_wrong: 397
2026-07-22 07:48:01,846 P3154851 INFO pr:0.8993  rc:0.9690  auc:0.9969 ap:0.9576 f1: 0.9328 pred_right: 16361 pred_wrong:139 actu_right: 16371 actu_wrong: 129
2026-07-22 07:48:01,846 P3154851 INFO ----------------------------------------------------------------------------------------------------
2026-07-22 07:48:01,846 P3154851 INFO 23/300 starting... lr: 0.001 para:0.0416666679084301
2026-07-22 07:48:07,892 P3154851 INFO Epoch 23/300, all_loss:0.14507 cls_loss:0.14801 rec_loss:0.07749 [6.05s]; best loss:0.12372, patience : 2
2026-07-22 07:48:10,169 P3154851 INFO pr:0.9853  rc:0.8463  auc:0.9836 ap:0.9746 f1: 0.9106 pred_right: 38659 pred_wrong:341 actu_right: 38603 actu_wrong: 397
2026-07-22 07:48:11,123 P3154851 INFO pr:0.9677  rc:0.9302  auc:0.9944 ap:0.9743 f1: 0.9486 pred_right: 16376 pred_wrong:124 actu_right: 16371 actu_wrong: 129
2026-07-22 07:48:11,124 P3154851 INFO ----------------------------------------------------------------------------------------------------
2026-07-22 07:48:11,124 P3154851 INFO 24/300 starting... lr: 0.001 para:0.03999999910593033
2026-07-22 07:48:18,141 P3154851 INFO Epoch 24/300, all_loss:0.14642 cls_loss:0.14942 rec_loss:0.07438 [7.02s]; best loss:0.12372, patience : 3
2026-07-22 07:48:20,389 P3154851 INFO pr:0.9663  rc:0.9395  auc:0.9921 ap:0.9746 f1: 0.9527 pred_right: 38614 pred_wrong:386 actu_right: 38603 actu_wrong: 397
2026-07-22 07:48:21,075 P3154851 INFO pr:0.9545  rc:0.9767  auc:0.9965 ap:0.9747 f1: 0.9655 pred_right: 16368 pred_wrong:132 actu_right: 16371 actu_wrong: 129
2026-07-22 07:48:21,079 P3154851 INFO ----------------------------------------------------------------------------------------------------
2026-07-22 07:48:21,079 P3154851 INFO 25/300 starting... lr: 0.001 para:0.03846153989434242
2026-07-22 07:48:26,102 P3154851 INFO Epoch 25/300, all_loss:0.11034 cls_loss:0.11194 rec_loss:0.07046 [5.02s]; best loss:0.11034, patience : 0
2026-07-22 07:48:28,246 P3154851 INFO pr:0.9610  rc:0.9343  auc:0.9874 ap:0.9765 f1: 0.9475 pred_right: 38615 pred_wrong:385 actu_right: 38604 actu_wrong: 396
2026-07-22 07:48:29,089 P3154851 INFO pr:0.9403  rc:0.9767  auc:0.9967 ap:0.9751 f1: 0.9582 pred_right: 16366 pred_wrong:134 actu_right: 16371 actu_wrong: 129
2026-07-22 07:48:29,089 P3154851 INFO ----------------------------------------------------------------------------------------------------
2026-07-22 07:48:29,089 P3154851 INFO 26/300 starting... lr: 0.001 para:0.03703703731298447
2026-07-22 07:48:39,225 P3154851 INFO Epoch 26/300, all_loss:0.14141 cls_loss:0.14406 rec_loss:0.07249 [10.13s]; best loss:0.11034, patience : 1
2026-07-22 07:48:42,906 P3154851 INFO pr:0.9561  rc:0.9320  auc:0.9912 ap:0.9722 f1: 0.9439 pred_right: 38613 pred_wrong:387 actu_right: 38603 actu_wrong: 397
2026-07-22 07:48:44,629 P3154851 INFO pr:0.9333  rc:0.9767  auc:0.9960 ap:0.9726 f1: 0.9545 pred_right: 16365 pred_wrong:135 actu_right: 16371 actu_wrong: 129
2026-07-22 07:48:44,629 P3154851 INFO ----------------------------------------------------------------------------------------------------
2026-07-22 07:48:44,630 P3154851 INFO 27/300 starting... lr: 0.001 para:0.0357142873108387
2026-07-22 07:48:51,765 P3154851 INFO Epoch 27/300, all_loss:0.16673 cls_loss:0.17045 rec_loss:0.06641 [7.13s]; best loss:0.11034, patience : 2
2026-07-22 07:48:53,948 P3154851 INFO pr:0.9610  rc:0.9343  auc:0.9871 ap:0.9767 f1: 0.9475 pred_right: 38615 pred_wrong:385 actu_right: 38604 actu_wrong: 396
2026-07-22 07:48:54,812 P3154851 INFO pr:0.9333  rc:0.9767  auc:0.9973 ap:0.9826 f1: 0.9545 pred_right: 16365 pred_wrong:135 actu_right: 16371 actu_wrong: 129
2026-07-22 07:48:54,813 P3154851 INFO ----------------------------------------------------------------------------------------------------
2026-07-22 07:48:54,813 P3154851 INFO 28/300 starting... lr: 0.001 para:0.03448275849223137
2026-07-22 07:49:00,872 P3154851 INFO Epoch 28/300, all_loss:0.12498 cls_loss:0.12675 rec_loss:0.07543 [6.06s]; best loss:0.11034, patience : 2
2026-07-22 07:49:03,057 P3154851 INFO pr:0.9832  rc:0.8841  auc:0.9850 ap:0.9664 f1: 0.9310 pred_right: 38643 pred_wrong:357 actu_right: 38603 actu_wrong: 397
2026-07-22 07:49:03,947 P3154851 INFO pr:0.9683  rc:0.9457  auc:0.9956 ap:0.9812 f1: 0.9569 pred_right: 16374 pred_wrong:126 actu_right: 16371 actu_wrong: 129
2026-07-22 07:49:03,947 P3154851 INFO ----------------------------------------------------------------------------------------------------
2026-07-22 07:49:03,947 P3154851 INFO 29/300 starting... lr: 0.001 para:0.03333333507180214
2026-07-22 07:49:10,114 P3154851 INFO Epoch 29/300, all_loss:0.11700 cls_loss:0.11852 rec_loss:0.07276 [6.17s]; best loss:0.11034, patience : 2
2026-07-22 07:49:12,166 P3154851 INFO pr:0.9711  rc:0.9295  auc:0.9887 ap:0.9746 f1: 0.9498 pred_right: 38620 pred_wrong:380 actu_right: 38603 actu_wrong: 397
2026-07-22 07:49:13,377 P3154851 INFO pr:0.9692  rc:0.9767  auc:0.9960 ap:0.9799 f1: 0.9730 pred_right: 16370 pred_wrong:130 actu_right: 16371 actu_wrong: 129
2026-07-22 07:49:13,377 P3154851 INFO ----------------------------------------------------------------------------------------------------
2026-07-22 07:49:13,378 P3154851 INFO 30/300 starting... lr: 0.001 para:0.032258063554763794
2026-07-22 07:49:19,514 P3154851 INFO Epoch 30/300, all_loss:0.11677 cls_loss:0.11814 rec_loss:0.07565 [6.14s]; best loss:0.11034, patience : 2
2026-07-22 07:49:21,797 P3154851 INFO pr:0.9785  rc:0.9192  auc:0.9871 ap:0.9767 f1: 0.9479 pred_right: 38628 pred_wrong:372 actu_right: 38604 actu_wrong: 396
2026-07-22 07:49:22,836 P3154851 INFO pr:0.9692  rc:0.9767  auc:0.9942 ap:0.9732 f1: 0.9730 pred_right: 16370 pred_wrong:130 actu_right: 16371 actu_wrong: 129
2026-07-22 07:49:22,836 P3154851 INFO ----------------------------------------------------------------------------------------------------
2026-07-22 07:49:22,837 P3154851 INFO 31/300 starting... lr: 0.001 para:0.03125
2026-07-22 07:49:29,198 P3154851 INFO Epoch 31/300, all_loss:0.11746 cls_loss:0.11908 rec_loss:0.06723 [6.36s]; best loss:0.11034, patience : 3
2026-07-22 07:49:31,388 P3154851 INFO pr:0.9711  rc:0.9318  auc:0.9895 ap:0.9781 f1: 0.9510 pred_right: 38620 pred_wrong:380 actu_right: 38604 actu_wrong: 396
2026-07-22 07:49:32,253 P3154851 INFO pr:0.9545  rc:0.9767  auc:0.9965 ap:0.9784 f1: 0.9655 pred_right: 16368 pred_wrong:132 actu_right: 16371 actu_wrong: 129
2026-07-22 07:49:32,253 P3154851 INFO ----------------------------------------------------------------------------------------------------
2026-07-22 07:49:32,254 P3154851 INFO 32/300 starting... lr: 0.001 para:0.03030303120613098
2026-07-22 07:49:38,308 P3154851 INFO Epoch 32/300, all_loss:0.16407 cls_loss:0.16724 rec_loss:0.06246 [6.05s]; best loss:0.11034, patience : 4
2026-07-22 07:49:40,297 P3154851 INFO pr:0.9839  rc:0.9268  auc:0.9876 ap:0.9771 f1: 0.9545 pred_right: 38627 pred_wrong:373 actu_right: 38604 actu_wrong: 396
2026-07-22 07:49:41,184 P3154851 INFO pr:0.9692  rc:0.9767  auc:0.9958 ap:0.9754 f1: 0.9730 pred_right: 16370 pred_wrong:130 actu_right: 16371 actu_wrong: 129
2026-07-22 07:49:41,189 P3154851 INFO ----------------------------------------------------------------------------------------------------
2026-07-22 07:49:41,189 P3154851 INFO 33/300 starting... lr: 0.001 para:0.029411764815449715
2026-07-22 07:49:47,305 P3154851 INFO Epoch 33/300, all_loss:0.11317 cls_loss:0.11435 rec_loss:0.07441 [6.12s]; best loss:0.11034, patience : 4
2026-07-22 07:49:49,513 P3154851 INFO pr:0.9590  rc:0.9421  auc:0.9919 ap:0.9781 f1: 0.9504 pred_right: 38610 pred_wrong:390 actu_right: 38603 actu_wrong: 397
2026-07-22 07:49:50,511 P3154851 INFO pr:0.9403  rc:0.9767  auc:0.9954 ap:0.9749 f1: 0.9582 pred_right: 16366 pred_wrong:134 actu_right: 16371 actu_wrong: 129
2026-07-22 07:49:50,511 P3154851 INFO ----------------------------------------------------------------------------------------------------
2026-07-22 07:49:50,512 P3154851 INFO 34/300 starting... lr: 0.001 para:0.02857142873108387
2026-07-22 07:49:57,509 P3154851 INFO Epoch 34/300, all_loss:0.10276 cls_loss:0.10379 rec_loss:0.06778 [6.99s]; best loss:0.10276, patience : 0
2026-07-22 07:49:59,047 P3154851 INFO pr:0.9788  rc:0.9295  auc:0.9861 ap:0.9807 f1: 0.9535 pred_right: 38623 pred_wrong:377 actu_right: 38603 actu_wrong: 397
2026-07-22 07:49:59,696 P3154851 INFO pr:0.9545  rc:0.9767  auc:0.9947 ap:0.9789 f1: 0.9655 pred_right: 16368 pred_wrong:132 actu_right: 16371 actu_wrong: 129
2026-07-22 07:49:59,697 P3154851 INFO ----------------------------------------------------------------------------------------------------
2026-07-22 07:49:59,697 P3154851 INFO 35/300 starting... lr: 0.001 para:0.02777777798473835
2026-07-22 07:50:05,155 P3154851 INFO Epoch 35/300, all_loss:0.09059 cls_loss:0.09136 rec_loss:0.06383 [5.46s]; best loss:0.09059, patience : 0
2026-07-22 07:50:07,244 P3154851 INFO pr:0.9688  rc:0.9370  auc:0.9930 ap:0.9770 f1: 0.9526 pred_right: 38616 pred_wrong:384 actu_right: 38603 actu_wrong: 397
2026-07-22 07:50:08,011 P3154851 INFO pr:0.9197  rc:0.9767  auc:0.9957 ap:0.9771 f1: 0.9474 pred_right: 16363 pred_wrong:137 actu_right: 16371 actu_wrong: 129
2026-07-22 07:50:08,012 P3154851 INFO ----------------------------------------------------------------------------------------------------
2026-07-22 07:50:08,012 P3154851 INFO 36/300 starting... lr: 0.001 para:0.027027027681469917
2026-07-22 07:50:20,532 P3154851 INFO Epoch 36/300, all_loss:0.24727 cls_loss:0.25188 rec_loss:0.08110 [12.52s]; best loss:0.09059, patience : 1
2026-07-22 07:50:23,292 P3154851 INFO pr:0.9884  rc:0.8564  auc:0.9786 ap:0.9753 f1: 0.9177 pred_right: 38656 pred_wrong:344 actu_right: 38603 actu_wrong: 397
2026-07-22 07:50:24,509 P3154851 INFO pr:0.9664  rc:0.8915  auc:0.9915 ap:0.9713 f1: 0.9274 pred_right: 16381 pred_wrong:119 actu_right: 16371 actu_wrong: 129
2026-07-22 07:50:24,510 P3154851 INFO ----------------------------------------------------------------------------------------------------
2026-07-22 07:50:24,510 P3154851 INFO 37/300 starting... lr: 0.001 para:0.02631578966975212
2026-07-22 07:50:30,990 P3154851 INFO Epoch 37/300, all_loss:0.10074 cls_loss:0.10160 rec_loss:0.06878 [6.48s]; best loss:0.09059, patience : 1
2026-07-22 07:50:33,033 P3154851 INFO pr:0.9839  rc:0.9219  auc:0.9878 ap:0.9754 f1: 0.9519 pred_right: 38628 pred_wrong:372 actu_right: 38603 actu_wrong: 397
2026-07-22 07:50:33,880 P3154851 INFO pr:0.9612  rc:0.9612  auc:0.9956 ap:0.9730 f1: 0.9612 pred_right: 16371 pred_wrong:129 actu_right: 16371 actu_wrong: 129
2026-07-22 07:50:33,881 P3154851 INFO ----------------------------------------------------------------------------------------------------
2026-07-22 07:50:33,881 P3154851 INFO 38/300 starting... lr: 0.001 para:0.025641025975346565
2026-07-22 07:50:40,110 P3154851 INFO Epoch 38/300, all_loss:0.13140 cls_loss:0.13290 rec_loss:0.07454 [6.23s]; best loss:0.09059, patience : 2
2026-07-22 07:50:42,370 P3154851 INFO pr:0.9915  rc:0.8866  auc:0.9787 ap:0.9760 f1: 0.9362 pred_right: 38645 pred_wrong:355 actu_right: 38603 actu_wrong: 397
2026-07-22 07:50:43,331 P3154851 INFO pr:0.9683  rc:0.9457  auc:0.9907 ap:0.9870 f1: 0.9569 pred_right: 16374 pred_wrong:126 actu_right: 16371 actu_wrong: 129
2026-07-22 07:50:43,332 P3154851 INFO ----------------------------------------------------------------------------------------------------
2026-07-22 07:50:43,332 P3154851 INFO 39/300 starting... lr: 0.001 para:0.02500000037252903
2026-07-22 07:50:49,571 P3154851 INFO Epoch 39/300, all_loss:0.11251 cls_loss:0.11360 rec_loss:0.07011 [6.24s]; best loss:0.09059, patience : 2
2026-07-22 07:50:51,612 P3154851 INFO pr:0.9738  rc:0.9345  auc:0.9858 ap:0.9794 f1: 0.9537 pred_right: 38619 pred_wrong:381 actu_right: 38603 actu_wrong: 397
2026-07-22 07:50:52,549 P3154851 INFO pr:0.9403  rc:0.9767  auc:0.9951 ap:0.9788 f1: 0.9582 pred_right: 16366 pred_wrong:134 actu_right: 16371 actu_wrong: 129
2026-07-22 07:50:52,549 P3154851 INFO ----------------------------------------------------------------------------------------------------
2026-07-22 07:50:52,550 P3154851 INFO 40/300 starting... lr: 0.001 para:0.024390242993831635
2026-07-22 07:50:58,672 P3154851 INFO Epoch 40/300, all_loss:0.07697 cls_loss:0.07709 rec_loss:0.07252 [6.12s]; best loss:0.07697, patience : 0
2026-07-22 07:51:00,618 P3154851 INFO pr:0.9840  rc:0.9270  auc:0.9843 ap:0.9798 f1: 0.9546 pred_right: 38626 pred_wrong:374 actu_right: 38603 actu_wrong: 397
2026-07-22 07:51:01,423 P3154851 INFO pr:0.9545  rc:0.9767  auc:0.9908 ap:0.9792 f1: 0.9655 pred_right: 16368 pred_wrong:132 actu_right: 16371 actu_wrong: 129
2026-07-22 07:51:01,427 P3154851 INFO ----------------------------------------------------------------------------------------------------
2026-07-22 07:51:01,427 P3154851 INFO 41/300 starting... lr: 0.001 para:0.02380952425301075
2026-07-22 07:51:07,701 P3154851 INFO Epoch 41/300, all_loss:0.09070 cls_loss:0.09110 rec_loss:0.07456 [6.27s]; best loss:0.07697, patience : 1
2026-07-22 07:51:09,688 P3154851 INFO pr:0.8638  rc:0.9270  auc:0.9811 ap:0.9680 f1: 0.8943 pred_right: 38574 pred_wrong:426 actu_right: 38603 actu_wrong: 397
2026-07-22 07:51:10,484 P3154851 INFO pr:0.7384  rc:0.9845  auc:0.9950 ap:0.9692 f1: 0.8439 pred_right: 16328 pred_wrong:172 actu_right: 16371 actu_wrong: 129
2026-07-22 07:51:10,485 P3154851 INFO ----------------------------------------------------------------------------------------------------
2026-07-22 07:51:10,485 P3154851 INFO 42/300 starting... lr: 0.001 para:0.023255813866853714
2026-07-22 07:51:16,353 P3154851 INFO Epoch 42/300, all_loss:0.12126 cls_loss:0.12241 rec_loss:0.07285 [5.87s]; best loss:0.07697, patience : 2
2026-07-22 07:51:18,581 P3154851 INFO pr:0.9540  rc:0.9419  auc:0.9870 ap:0.9805 f1: 0.9479 pred_right: 38609 pred_wrong:391 actu_right: 38604 actu_wrong: 396
2026-07-22 07:51:19,419 P3154851 INFO pr:0.8759  rc:0.9845  auc:0.9954 ap:0.9806 f1: 0.9270 pred_right: 16355 pred_wrong:145 actu_right: 16371 actu_wrong: 129
2026-07-22 07:51:19,420 P3154851 INFO ----------------------------------------------------------------------------------------------------
2026-07-22 07:51:19,420 P3154851 INFO 43/300 starting... lr: 0.001 para:0.022727273404598236
2026-07-22 07:51:25,595 P3154851 INFO Epoch 43/300, all_loss:0.14992 cls_loss:0.15191 rec_loss:0.06451 [6.17s]; best loss:0.07697, patience : 3
2026-07-22 07:51:27,902 P3154851 INFO pr:0.9517  rc:0.9421  auc:0.9911 ap:0.9811 f1: 0.9468 pred_right: 38607 pred_wrong:393 actu_right: 38603 actu_wrong: 397
2026-07-22 07:51:28,823 P3154851 INFO pr:0.8411  rc:0.9845  auc:0.9951 ap:0.9808 f1: 0.9071 pred_right: 16349 pred_wrong:151 actu_right: 16371 actu_wrong: 129
2026-07-22 07:51:28,824 P3154851 INFO ----------------------------------------------------------------------------------------------------
2026-07-22 07:51:28,824 P3154851 INFO 44/300 starting... lr: 0.001 para:0.02222222276031971
2026-07-22 07:51:35,634 P3154851 INFO Epoch 44/300, all_loss:0.10053 cls_loss:0.10105 rec_loss:0.07755 [6.81s]; best loss:0.07697, patience : 3
2026-07-22 07:51:37,167 P3154851 INFO pr:0.9763  rc:0.9320  auc:0.9882 ap:0.9776 f1: 0.9536 pred_right: 38621 pred_wrong:379 actu_right: 38603 actu_wrong: 397
2026-07-22 07:51:37,841 P3154851 INFO pr:0.9185  rc:0.9612  auc:0.9941 ap:0.9783 f1: 0.9394 pred_right: 16365 pred_wrong:135 actu_right: 16371 actu_wrong: 129
2026-07-22 07:51:37,842 P3154851 INFO ----------------------------------------------------------------------------------------------------
2026-07-22 07:51:37,842 P3154851 INFO 45/300 starting... lr: 0.001 para:0.021739130839705467
2026-07-22 07:51:43,347 P3154851 INFO Epoch 45/300, all_loss:0.08526 cls_loss:0.08569 rec_loss:0.06572 [5.50s]; best loss:0.07697, patience : 3
2026-07-22 07:51:45,157 P3154851 INFO pr:0.9912  rc:0.8463  auc:0.9824 ap:0.9781 f1: 0.9130 pred_right: 38661 pred_wrong:339 actu_right: 38603 actu_wrong: 397
2026-07-22 07:51:46,356 P3154851 INFO pr:0.9669  rc:0.9070  auc:0.9922 ap:0.9853 f1: 0.9360 pred_right: 16379 pred_wrong:121 actu_right: 16371 actu_wrong: 129
2026-07-22 07:51:46,357 P3154851 INFO ----------------------------------------------------------------------------------------------------
2026-07-22 07:51:46,357 P3154851 INFO 46/300 starting... lr: 0.001 para:0.021276595070958138
2026-07-22 07:51:59,827 P3154851 INFO Epoch 46/300, all_loss:0.06531 cls_loss:0.06525 rec_loss:0.06798 [13.47s]; best loss:0.06531, patience : 0
2026-07-22 07:52:01,906 P3154851 INFO pr:0.9689  rc:0.9421  auc:0.9848 ap:0.9785 f1: 0.9553 pred_right: 38614 pred_wrong:386 actu_right: 38603 actu_wrong: 397
2026-07-22 07:52:02,883 P3154851 INFO pr:0.9197  rc:0.9767  auc:0.9943 ap:0.9819 f1: 0.9474 pred_right: 16363 pred_wrong:137 actu_right: 16371 actu_wrong: 129
2026-07-22 07:52:02,888 P3154851 INFO ----------------------------------------------------------------------------------------------------
2026-07-22 07:52:02,889 P3154851 INFO 47/300 starting... lr: 0.001 para:0.02083333395421505
2026-07-22 07:52:09,086 P3154851 INFO Epoch 47/300, all_loss:0.05623 cls_loss:0.05600 rec_loss:0.06679 [6.19s]; best loss:0.05623, patience : 0
2026-07-22 07:52:11,333 P3154851 INFO pr:0.8160  rc:0.9496  auc:0.9838 ap:0.9670 f1: 0.8778 pred_right: 38538 pred_wrong:462 actu_right: 38603 actu_wrong: 397
2026-07-22 07:52:12,169 P3154851 INFO pr:0.6791  rc:0.9845  auc:0.9940 ap:0.9641 f1: 0.8038 pred_right: 16313 pred_wrong:187 actu_right: 16371 actu_wrong: 129
2026-07-22 07:52:12,169 P3154851 INFO ----------------------------------------------------------------------------------------------------
2026-07-22 07:52:12,169 P3154851 INFO 48/300 starting... lr: 0.001 para:0.020408162847161293
2026-07-22 07:52:18,201 P3154851 INFO Epoch 48/300, all_loss:0.05269 cls_loss:0.05230 rec_loss:0.07146 [6.03s]; best loss:0.05269, patience : 0
2026-07-22 07:52:20,347 P3154851 INFO pr:0.9592  rc:0.9471  auc:0.9879 ap:0.9799 f1: 0.9531 pred_right: 38608 pred_wrong:392 actu_right: 38603 actu_wrong: 397
2026-07-22 07:52:21,355 P3154851 INFO pr:0.9203  rc:0.9845  auc:0.9942 ap:0.9799 f1: 0.9513 pred_right: 16362 pred_wrong:138 actu_right: 16371 actu_wrong: 129
2026-07-22 07:52:21,355 P3154851 INFO ----------------------------------------------------------------------------------------------------
2026-07-22 07:52:21,355 P3154851 INFO 49/300 starting... lr: 0.001 para:0.019999999552965164
2026-07-22 07:52:27,497 P3154851 INFO Epoch 49/300, all_loss:0.04666 cls_loss:0.04613 rec_loss:0.07259 [6.14s]; best loss:0.04666, patience : 0
2026-07-22 07:52:29,472 P3154851 INFO pr:0.9529  rc:0.9169  auc:0.9883 ap:0.9759 f1: 0.9345 pred_right: 38618 pred_wrong:382 actu_right: 38603 actu_wrong: 397
2026-07-22 07:52:30,448 P3154851 INFO pr:0.8723  rc:0.9535  auc:0.9940 ap:0.9714 f1: 0.9111 pred_right: 16359 pred_wrong:141 actu_right: 16371 actu_wrong: 129
2026-07-22 07:52:30,448 P3154851 INFO ----------------------------------------------------------------------------------------------------
2026-07-22 07:52:30,449 P3154851 INFO 50/300 starting... lr: 0.001 para:0.019607843831181526
2026-07-22 07:52:36,667 P3154851 INFO Epoch 50/300, all_loss:0.06797 cls_loss:0.06781 rec_loss:0.07591 [6.22s]; best loss:0.04666, patience : 1
2026-07-22 07:52:38,743 P3154851 INFO pr:0.9686  rc:0.9320  auc:0.9867 ap:0.9798 f1: 0.9499 pred_right: 38618 pred_wrong:382 actu_right: 38603 actu_wrong: 397
2026-07-22 07:52:39,599 P3154851 INFO pr:0.9197  rc:0.9767  auc:0.9942 ap:0.9722 f1: 0.9474 pred_right: 16363 pred_wrong:137 actu_right: 16371 actu_wrong: 129
2026-07-22 07:52:39,600 P3154851 INFO ----------------------------------------------------------------------------------------------------
2026-07-22 07:52:39,600 P3154851 INFO 51/300 starting... lr: 0.001 para:0.01923076994717121
2026-07-22 07:52:45,844 P3154851 INFO Epoch 51/300, all_loss:0.07053 cls_loss:0.07060 rec_loss:0.06669 [6.24s]; best loss:0.04666, patience : 2
2026-07-22 07:52:48,114 P3154851 INFO pr:0.9472  rc:0.9496  auc:0.9876 ap:0.9748 f1: 0.9484 pred_right: 38602 pred_wrong:398 actu_right: 38603 actu_wrong: 397
2026-07-22 07:52:49,067 P3154851 INFO pr:0.8759  rc:0.9845  auc:0.9941 ap:0.9671 f1: 0.9270 pred_right: 16355 pred_wrong:145 actu_right: 16371 actu_wrong: 129
2026-07-22 07:52:49,068 P3154851 INFO ----------------------------------------------------------------------------------------------------
2026-07-22 07:52:49,068 P3154851 INFO 52/300 starting... lr: 0.001 para:0.01886792480945587
2026-07-22 07:52:55,316 P3154851 INFO Epoch 52/300, all_loss:0.07174 cls_loss:0.07176 rec_loss:0.07049 [6.25s]; best loss:0.04666, patience : 3
2026-07-22 07:52:57,570 P3154851 INFO pr:0.9834  rc:0.8990  auc:0.9838 ap:0.9795 f1: 0.9393 pred_right: 38638 pred_wrong:362 actu_right: 38604 actu_wrong: 396
2026-07-22 07:52:58,547 P3154851 INFO pr:0.9545  rc:0.9767  auc:0.9923 ap:0.9763 f1: 0.9655 pred_right: 16368 pred_wrong:132 actu_right: 16371 actu_wrong: 129
2026-07-22 07:52:58,547 P3154851 INFO ----------------------------------------------------------------------------------------------------
2026-07-22 07:52:58,547 P3154851 INFO 53/300 starting... lr: 0.001 para:0.018518518656492233
2026-07-22 07:53:04,788 P3154851 INFO Epoch 53/300, all_loss:0.07028 cls_loss:0.06998 rec_loss:0.08652 [6.24s]; best loss:0.04666, patience : 3
2026-07-22 07:53:06,823 P3154851 INFO pr:0.9446  rc:0.9446  auc:0.9870 ap:0.9812 f1: 0.9446 pred_right: 38603 pred_wrong:397 actu_right: 38603 actu_wrong: 397
2026-07-22 07:53:08,060 P3154851 INFO pr:0.7730  rc:0.9767  auc:0.9941 ap:0.9754 f1: 0.8630 pred_right: 16337 pred_wrong:163 actu_right: 16371 actu_wrong: 129
2026-07-22 07:53:08,061 P3154851 INFO ----------------------------------------------------------------------------------------------------
2026-07-22 07:53:08,061 P3154851 INFO 54/300 starting... lr: 0.001 para:0.0181818176060915
2026-07-22 07:53:13,350 P3154851 INFO Epoch 54/300, all_loss:0.04640 cls_loss:0.04585 rec_loss:0.07622 [5.29s]; best loss:0.04640, patience : 0
2026-07-22 07:53:14,982 P3154851 INFO pr:0.9841  rc:0.9370  auc:0.9838 ap:0.9793 f1: 0.9600 pred_right: 38622 pred_wrong:378 actu_right: 38603 actu_wrong: 397
2026-07-22 07:53:15,787 P3154851 INFO pr:0.9474  rc:0.9767  auc:0.9943 ap:0.9765 f1: 0.9618 pred_right: 16367 pred_wrong:133 actu_right: 16371 actu_wrong: 129
2026-07-22 07:53:15,791 P3154851 INFO ----------------------------------------------------------------------------------------------------
2026-07-22 07:53:15,792 P3154851 INFO 55/300 starting... lr: 0.001 para:0.01785714365541935
2026-07-22 07:53:21,561 P3154851 INFO Epoch 55/300, all_loss:0.02944 cls_loss:0.02857 rec_loss:0.07725 [5.77s]; best loss:0.02944, patience : 0
2026-07-22 07:53:24,422 P3154851 INFO pr:0.9735  rc:0.9244  auc:0.9852 ap:0.9795 f1: 0.9483 pred_right: 38623 pred_wrong:377 actu_right: 38603 actu_wrong: 397
2026-07-22 07:53:25,876 P3154851 INFO pr:0.9111  rc:0.9535  auc:0.9941 ap:0.9746 f1: 0.9318 pred_right: 16365 pred_wrong:135 actu_right: 16371 actu_wrong: 129
2026-07-22 07:53:25,877 P3154851 INFO ----------------------------------------------------------------------------------------------------
2026-07-22 07:53:25,877 P3154851 INFO 56/300 starting... lr: 0.001 para:0.017543859779834747
2026-07-22 07:53:38,057 P3154851 INFO Epoch 56/300, all_loss:0.03782 cls_loss:0.03695 rec_loss:0.08658 [12.18s]; best loss:0.02944, patience : 1
2026-07-22 07:53:40,405 P3154851 INFO pr:0.9891  rc:0.9165  auc:0.9818 ap:0.9792 f1: 0.9514 pred_right: 38634 pred_wrong:366 actu_right: 38605 actu_wrong: 395
2026-07-22 07:53:41,386 P3154851 INFO pr:0.9538  rc:0.9612  auc:0.9902 ap:0.9746 f1: 0.9575 pred_right: 16370 pred_wrong:130 actu_right: 16371 actu_wrong: 129
2026-07-22 07:53:41,387 P3154851 INFO ----------------------------------------------------------------------------------------------------
2026-07-22 07:53:41,387 P3154851 INFO 57/300 starting... lr: 0.001 para:0.017241379246115685
2026-07-22 07:53:47,639 P3154851 INFO Epoch 57/300, all_loss:0.02914 cls_loss:0.02829 rec_loss:0.07761 [6.25s]; best loss:0.02914, patience : 0
2026-07-22 07:53:49,662 P3154851 INFO pr:0.9566  rc:0.9446  auc:0.9868 ap:0.9799 f1: 0.9506 pred_right: 38608 pred_wrong:392 actu_right: 38603 actu_wrong: 397
2026-07-22 07:53:50,660 P3154851 INFO pr:0.8828  rc:0.9922  auc:0.9944 ap:0.9794 f1: 0.9343 pred_right: 16355 pred_wrong:145 actu_right: 16371 actu_wrong: 129
2026-07-22 07:53:50,661 P3154851 INFO ----------------------------------------------------------------------------------------------------
2026-07-22 07:53:50,661 P3154851 INFO 58/300 starting... lr: 0.001 para:0.016949152573943138
2026-07-22 07:53:56,729 P3154851 INFO Epoch 58/300, all_loss:0.01720 cls_loss:0.01622 rec_loss:0.07412 [6.06s]; best loss:0.01720, patience : 0
2026-07-22 07:53:59,156 P3154851 INFO pr:0.9661  rc:0.9392  auc:0.9846 ap:0.9797 f1: 0.9525 pred_right: 38616 pred_wrong:384 actu_right: 38605 actu_wrong: 395
2026-07-22 07:54:00,210 P3154851 INFO pr:0.8630  rc:0.9767  auc:0.9943 ap:0.9770 f1: 0.9164 pred_right: 16354 pred_wrong:146 actu_right: 16371 actu_wrong: 129
2026-07-22 07:54:00,211 P3154851 INFO ----------------------------------------------------------------------------------------------------
2026-07-22 07:54:00,211 P3154851 INFO 59/300 starting... lr: 0.001 para:0.01666666753590107
2026-07-22 07:54:06,279 P3154851 INFO Epoch 59/300, all_loss:0.03763 cls_loss:0.03701 rec_loss:0.07410 [6.07s]; best loss:0.01720, patience : 1
2026-07-22 07:54:08,619 P3154851 INFO pr:0.9638  rc:0.9395  auc:0.9815 ap:0.9763 f1: 0.9515 pred_right: 38613 pred_wrong:387 actu_right: 38603 actu_wrong: 397
2026-07-22 07:54:09,413 P3154851 INFO pr:0.8936  rc:0.9767  auc:0.9922 ap:0.9758 f1: 0.9333 pred_right: 16359 pred_wrong:141 actu_right: 16371 actu_wrong: 129
2026-07-22 07:54:09,414 P3154851 INFO ----------------------------------------------------------------------------------------------------
2026-07-22 07:54:09,414 P3154851 INFO 60/300 starting... lr: 0.001 para:0.016393441706895828
2026-07-22 07:54:15,477 P3154851 INFO Epoch 60/300, all_loss:0.02592 cls_loss:0.02507 rec_loss:0.07665 [6.06s]; best loss:0.01720, patience : 1
2026-07-22 07:54:17,792 P3154851 INFO pr:0.9687  rc:0.9345  auc:0.9800 ap:0.9747 f1: 0.9513 pred_right: 38617 pred_wrong:383 actu_right: 38603 actu_wrong: 397
2026-07-22 07:54:18,826 P3154851 INFO pr:0.9474  rc:0.9767  auc:0.9923 ap:0.9799 f1: 0.9618 pred_right: 16367 pred_wrong:133 actu_right: 16371 actu_wrong: 129
2026-07-22 07:54:18,827 P3154851 INFO ----------------------------------------------------------------------------------------------------
2026-07-22 07:54:18,827 P3154851 INFO 61/300 starting... lr: 0.001 para:0.016129031777381897
2026-07-22 07:54:24,935 P3154851 INFO Epoch 61/300, all_loss:0.01559 cls_loss:0.01448 rec_loss:0.08318 [6.10s]; best loss:0.01559, patience : 0
2026-07-22 07:54:27,234 P3154851 INFO pr:0.9764  rc:0.9419  auc:0.9825 ap:0.9776 f1: 0.9589 pred_right: 38618 pred_wrong:382 actu_right: 38604 actu_wrong: 396
2026-07-22 07:54:28,227 P3154851 INFO pr:0.8873  rc:0.9767  auc:0.9920 ap:0.9720 f1: 0.9299 pred_right: 16358 pred_wrong:142 actu_right: 16371 actu_wrong: 129
2026-07-22 07:54:28,228 P3154851 INFO ----------------------------------------------------------------------------------------------------
2026-07-22 07:54:28,228 P3154851 INFO 62/300 starting... lr: 0.001 para:0.01587301678955555
2026-07-22 07:54:34,365 P3154851 INFO Epoch 62/300, all_loss:0.02439 cls_loss:0.02328 rec_loss:0.09320 [6.14s]; best loss:0.01559, patience : 1
2026-07-22 07:54:36,822 P3154851 INFO pr:0.9424  rc:0.9471  auc:0.9833 ap:0.9730 f1: 0.9447 pred_right: 38601 pred_wrong:399 actu_right: 38603 actu_wrong: 397
2026-07-22 07:54:37,897 P3154851 INFO pr:0.8750  rc:0.9767  auc:0.9943 ap:0.9640 f1: 0.9231 pred_right: 16356 pred_wrong:144 actu_right: 16371 actu_wrong: 129
2026-07-22 07:54:37,898 P3154851 INFO ----------------------------------------------------------------------------------------------------
2026-07-22 07:54:37,898 P3154851 INFO 63/300 starting... lr: 0.001 para:0.015625
2026-07-22 07:54:43,976 P3154851 INFO Epoch 63/300, all_loss:0.11747 cls_loss:0.11799 rec_loss:0.08442 [6.08s]; best loss:0.01559, patience : 2
2026-07-22 07:54:46,684 P3154851 INFO pr:0.9430  rc:0.9169  auc:0.9852 ap:0.9699 f1: 0.9298 pred_right: 38614 pred_wrong:386 actu_right: 38603 actu_wrong: 397
2026-07-22 07:54:47,377 P3154851 INFO pr:0.9130  rc:0.9767  auc:0.9942 ap:0.9697 f1: 0.9438 pred_right: 16362 pred_wrong:138 actu_right: 16371 actu_wrong: 129
2026-07-22 07:54:47,378 P3154851 INFO ----------------------------------------------------------------------------------------------------
2026-07-22 07:54:47,378 P3154851 INFO 64/300 starting... lr: 0.001 para:0.015384615398943424
2026-07-22 07:54:52,084 P3154851 INFO Epoch 64/300, all_loss:0.01183 cls_loss:0.01057 rec_loss:0.09228 [4.70s]; best loss:0.01183, patience : 0
2026-07-22 07:54:53,931 P3154851 INFO pr:0.9604  rc:0.9169  auc:0.9829 ap:0.9770 f1: 0.9381 pred_right: 38621 pred_wrong:379 actu_right: 38603 actu_wrong: 397
2026-07-22 07:54:54,683 P3154851 INFO pr:0.9615  rc:0.9690  auc:0.9903 ap:0.9743 f1: 0.9653 pred_right: 16370 pred_wrong:130 actu_right: 16371 actu_wrong: 129
2026-07-22 07:54:54,683 P3154851 INFO ----------------------------------------------------------------------------------------------------
2026-07-22 07:54:54,683 P3154851 INFO 65/300 starting... lr: 0.001 para:0.01515151560306549
2026-07-22 07:55:02,374 P3154851 INFO Epoch 65/300, all_loss:0.09357 cls_loss:0.09328 rec_loss:0.11223 [7.69s]; best loss:0.01183, patience : 1
2026-07-22 07:55:06,155 P3154851 INFO pr:0.9468  rc:0.9444  auc:0.9860 ap:0.9783 f1: 0.9456 pred_right: 38605 pred_wrong:395 actu_right: 38604 actu_wrong: 396
2026-07-22 07:55:07,588 P3154851 INFO pr:0.8881  rc:0.9845  auc:0.9942 ap:0.9753 f1: 0.9338 pred_right: 16357 pred_wrong:143 actu_right: 16371 actu_wrong: 129
2026-07-22 07:55:07,589 P3154851 INFO ----------------------------------------------------------------------------------------------------
2026-07-22 07:55:07,591 P3154851 INFO 66/300 starting... lr: 0.001 para:0.014925372786819935
2026-07-22 07:55:16,395 P3154851 INFO Epoch 66/300, all_loss:0.06578 cls_loss:0.06527 rec_loss:0.09953 [8.80s]; best loss:0.01183, patience : 1
2026-07-22 07:55:18,553 P3154851 INFO pr:0.9584  rc:0.9295  auc:0.9845 ap:0.9758 f1: 0.9437 pred_right: 38615 pred_wrong:385 actu_right: 38603 actu_wrong: 397
2026-07-22 07:55:19,461 P3154851 INFO pr:0.9618  rc:0.9767  auc:0.9942 ap:0.9761 f1: 0.9692 pred_right: 16369 pred_wrong:131 actu_right: 16371 actu_wrong: 129
2026-07-22 07:55:19,462 P3154851 INFO ----------------------------------------------------------------------------------------------------
2026-07-22 07:55:19,462 P3154851 INFO 67/300 starting... lr: 0.001 para:0.014705882407724857
2026-07-22 07:55:25,730 P3154851 INFO Epoch 67/300, all_loss:0.12166 cls_loss:0.12209 rec_loss:0.09262 [6.27s]; best loss:0.01183, patience : 2
2026-07-22 07:55:27,909 P3154851 INFO pr:0.9916  rc:0.8892  auc:0.9793 ap:0.9789 f1: 0.9376 pred_right: 38644 pred_wrong:356 actu_right: 38603 actu_wrong: 397
2026-07-22 07:55:28,865 P3154851 INFO pr:0.9766  rc:0.9690  auc:0.9904 ap:0.9851 f1: 0.9728 pred_right: 16372 pred_wrong:128 actu_right: 16371 actu_wrong: 129
2026-07-22 07:55:28,866 P3154851 INFO ----------------------------------------------------------------------------------------------------
2026-07-22 07:55:28,866 P3154851 INFO 68/300 starting... lr: 0.001 para:0.014492753893136978
2026-07-22 07:55:35,058 P3154851 INFO Epoch 68/300, all_loss:0.06319 cls_loss:0.06299 rec_loss:0.07696 [6.19s]; best loss:0.01183, patience : 2
2026-07-22 07:55:37,345 P3154851 INFO pr:0.9187  rc:0.9419  auc:0.9811 ap:0.9747 f1: 0.9302 pred_right: 38594 pred_wrong:406 actu_right: 38604 actu_wrong: 396
2026-07-22 07:55:38,358 P3154851 INFO pr:0.7299  rc:0.9845  auc:0.9941 ap:0.9809 f1: 0.8383 pred_right: 16326 pred_wrong:174 actu_right: 16371 actu_wrong: 129
2026-07-22 07:55:38,358 P3154851 INFO ----------------------------------------------------------------------------------------------------
2026-07-22 07:55:38,358 P3154851 INFO 69/300 starting... lr: 0.001 para:0.014285714365541935
2026-07-22 07:55:44,543 P3154851 INFO Epoch 69/300, all_loss:0.07629 cls_loss:0.07609 rec_loss:0.08992 [6.18s]; best loss:0.01183, patience : 3
2026-07-22 07:55:46,777 P3154851 INFO pr:0.9328  rc:0.9446  auc:0.9839 ap:0.9764 f1: 0.9387 pred_right: 38598 pred_wrong:402 actu_right: 38603 actu_wrong: 397
2026-07-22 07:55:47,668 P3154851 INFO pr:0.9000  rc:0.9767  auc:0.9944 ap:0.9695 f1: 0.9368 pred_right: 16360 pred_wrong:140 actu_right: 16371 actu_wrong: 129
2026-07-22 07:55:47,669 P3154851 INFO ----------------------------------------------------------------------------------------------------
2026-07-22 07:55:47,669 P3154851 INFO 70/300 starting... lr: 0.001 para:0.014084506779909134
2026-07-22 07:55:53,945 P3154851 INFO Epoch 70/300, all_loss:0.18712 cls_loss:0.18844 rec_loss:0.09477 [6.28s]; best loss:0.01183, patience : 4
2026-07-22 07:55:56,084 P3154851 INFO pr:0.9742  rc:0.9496  auc:0.9860 ap:0.9788 f1: 0.9617 pred_right: 38613 pred_wrong:387 actu_right: 38603 actu_wrong: 397
2026-07-22 07:55:56,959 P3154851 INFO pr:0.9058  rc:0.9690  auc:0.9941 ap:0.9697 f1: 0.9363 pred_right: 16362 pred_wrong:138 actu_right: 16371 actu_wrong: 129
2026-07-22 07:55:56,963 P3154851 INFO ----------------------------------------------------------------------------------------------------
2026-07-22 07:55:56,963 P3154851 INFO 71/300 starting... lr: 0.001 para:0.013888888992369175
2026-07-22 07:56:03,110 P3154851 INFO Epoch 71/300, all_loss:0.05230 cls_loss:0.05193 rec_loss:0.07860 [6.15s]; best loss:0.01183, patience : 4
2026-07-22 07:56:05,347 P3154851 INFO pr:0.9449  rc:0.9496  auc:0.9864 ap:0.9790 f1: 0.9472 pred_right: 38601 pred_wrong:399 actu_right: 38603 actu_wrong: 397
2026-07-22 07:56:06,304 P3154851 INFO pr:0.9065  rc:0.9767  auc:0.9944 ap:0.9783 f1: 0.9403 pred_right: 16361 pred_wrong:139 actu_right: 16371 actu_wrong: 129
2026-07-22 07:56:06,304 P3154851 INFO ----------------------------------------------------------------------------------------------------
2026-07-22 07:56:06,304 P3154851 INFO 72/300 starting... lr: 0.001 para:0.013698630034923553
2026-07-22 07:56:12,382 P3154851 INFO Epoch 72/300, all_loss:0.01745 cls_loss:0.01636 rec_loss:0.09587 [6.08s]; best loss:0.01183, patience : 4
2026-07-22 07:56:14,522 P3154851 INFO pr:0.9741  rc:0.9471  auc:0.9841 ap:0.9782 f1: 0.9604 pred_right: 38614 pred_wrong:386 actu_right: 38603 actu_wrong: 397
2026-07-22 07:56:15,333 P3154851 INFO pr:0.9545  rc:0.9767  auc:0.9945 ap:0.9815 f1: 0.9655 pred_right: 16368 pred_wrong:132 actu_right: 16371 actu_wrong: 129
2026-07-22 07:56:15,334 P3154851 INFO ----------------------------------------------------------------------------------------------------
2026-07-22 07:56:15,334 P3154851 INFO 73/300 starting... lr: 0.001 para:0.013513513840734959
2026-07-22 07:56:22,604 P3154851 INFO Epoch 73/300, all_loss:0.04031 cls_loss:0.03978 rec_loss:0.07939 [7.27s]; best loss:0.01183, patience : 5
2026-07-22 07:56:24,233 P3154851 INFO pr:0.9564  rc:0.9395  auc:0.9851 ap:0.9773 f1: 0.9479 pred_right: 38610 pred_wrong:390 actu_right: 38603 actu_wrong: 397
2026-07-22 07:56:24,921 P3154851 INFO pr:0.8278  rc:0.9690  auc:0.9946 ap:0.9787 f1: 0.8929 pred_right: 16349 pred_wrong:151 actu_right: 16371 actu_wrong: 129
2026-07-22 07:56:24,922 P3154851 INFO ----------------------------------------------------------------------------------------------------
2026-07-22 07:56:24,922 P3154851 INFO 74/300 starting... lr: 0.001 para:0.013333333656191826
2026-07-22 07:56:30,342 P3154851 INFO Epoch 74/300, all_loss:0.01074 cls_loss:0.00966 rec_loss:0.09067 [5.42s]; best loss:0.01074, patience : 0
2026-07-22 07:56:32,242 P3154851 INFO pr:0.9499  rc:0.9547  auc:0.9839 ap:0.9789 f1: 0.9523 pred_right: 38601 pred_wrong:399 actu_right: 38603 actu_wrong: 397
2026-07-22 07:56:32,938 P3154851 INFO pr:0.8089  rc:0.9845  auc:0.9943 ap:0.9791 f1: 0.8881 pred_right: 16343 pred_wrong:157 actu_right: 16371 actu_wrong: 129
2026-07-22 07:56:32,938 P3154851 INFO ----------------------------------------------------------------------------------------------------
2026-07-22 07:56:32,938 P3154851 INFO 75/300 starting... lr: 0.001 para:0.01315789483487606
2026-07-22 07:56:45,940 P3154851 INFO Epoch 75/300, all_loss:0.01448 cls_loss:0.01340 rec_loss:0.09514 [13.00s]; best loss:0.01074, patience : 1
2026-07-22 07:56:48,537 P3154851 INFO pr:0.9447  rc:0.9471  auc:0.9828 ap:0.9765 f1: 0.9459 pred_right: 38602 pred_wrong:398 actu_right: 38603 actu_wrong: 397
2026-07-22 07:56:49,550 P3154851 INFO pr:0.9143  rc:0.9922  auc:0.9944 ap:0.9787 f1: 0.9517 pred_right: 16360 pred_wrong:140 actu_right: 16371 actu_wrong: 129
2026-07-22 07:56:49,551 P3154851 INFO ----------------------------------------------------------------------------------------------------
2026-07-22 07:56:49,551 P3154851 INFO 76/300 starting... lr: 0.001 para:0.012987012974917889
2026-07-22 07:56:55,823 P3154851 INFO Epoch 76/300, all_loss:0.00301 cls_loss:0.00190 rec_loss:0.08760 [6.27s]; best loss:0.00301, patience : 0
2026-07-22 07:56:58,113 P3154851 INFO pr:0.9597  rc:0.9597  auc:0.9853 ap:0.9795 f1: 0.9597 pred_right: 38603 pred_wrong:397 actu_right: 38603 actu_wrong: 397
2026-07-22 07:56:59,093 P3154851 INFO pr:0.8750  rc:0.9767  auc:0.9923 ap:0.9772 f1: 0.9231 pred_right: 16356 pred_wrong:144 actu_right: 16371 actu_wrong: 129
2026-07-22 07:56:59,093 P3154851 INFO ----------------------------------------------------------------------------------------------------
2026-07-22 07:56:59,094 P3154851 INFO 77/300 starting... lr: 0.001 para:0.012820512987673283
2026-07-22 07:57:05,227 P3154851 INFO Epoch 77/300, all_loss:0.00574 cls_loss:0.00451 rec_loss:0.10007 [6.13s]; best loss:0.00301, patience : 1
2026-07-22 07:57:07,315 P3154851 INFO pr:0.9571  rc:0.9547  auc:0.9833 ap:0.9727 f1: 0.9559 pred_right: 38604 pred_wrong:396 actu_right: 38603 actu_wrong: 397
2026-07-22 07:57:08,201 P3154851 INFO pr:0.9130  rc:0.9767  auc:0.9923 ap:0.9767 f1: 0.9438 pred_right: 16362 pred_wrong:138 actu_right: 16371 actu_wrong: 129
2026-07-22 07:57:08,201 P3154851 INFO ----------------------------------------------------------------------------------------------------
2026-07-22 07:57:08,201 P3154851 INFO 78/300 starting... lr: 0.001 para:0.012658228166401386
2026-07-22 07:57:14,231 P3154851 INFO Epoch 78/300, all_loss:0.04227 cls_loss:0.04154 rec_loss:0.09910 [6.03s]; best loss:0.00301, patience : 2
2026-07-22 07:57:16,299 P3154851 INFO pr:0.9861  rc:0.8917  auc:0.9755 ap:0.9780 f1: 0.9365 pred_right: 38641 pred_wrong:359 actu_right: 38603 actu_wrong: 397
2026-07-22 07:57:17,228 P3154851 INFO pr:0.9688  rc:0.9612  auc:0.9892 ap:0.9738 f1: 0.9650 pred_right: 16372 pred_wrong:128 actu_right: 16371 actu_wrong: 129
2026-07-22 07:57:17,228 P3154851 INFO ----------------------------------------------------------------------------------------------------
2026-07-22 07:57:17,229 P3154851 INFO 79/300 starting... lr: 0.001 para:0.012500000186264515
2026-07-22 07:57:23,520 P3154851 INFO Epoch 79/300, all_loss:0.09236 cls_loss:0.09240 rec_loss:0.08933 [6.29s]; best loss:0.00301, patience : 3
2026-07-22 07:57:25,707 P3154851 INFO pr:0.9841  rc:0.9369  auc:0.9795 ap:0.9781 f1: 0.9599 pred_right: 38623 pred_wrong:377 actu_right: 38604 actu_wrong: 396
2026-07-22 07:57:26,551 P3154851 INFO pr:0.9692  rc:0.9767  auc:0.9927 ap:0.9794 f1: 0.9730 pred_right: 16370 pred_wrong:130 actu_right: 16371 actu_wrong: 129
2026-07-22 07:57:26,552 P3154851 INFO ----------------------------------------------------------------------------------------------------
2026-07-22 07:57:26,552 P3154851 INFO 80/300 starting... lr: 0.001 para:0.012345679104328156
2026-07-22 07:57:32,779 P3154851 INFO Epoch 80/300, all_loss:0.02742 cls_loss:0.02665 rec_loss:0.08911 [6.23s]; best loss:0.00301, patience : 3
2026-07-22 07:57:35,033 P3154851 INFO pr:0.9543  rc:0.9495  auc:0.9829 ap:0.9687 f1: 0.9519 pred_right: 38606 pred_wrong:394 actu_right: 38604 actu_wrong: 396
2026-07-22 07:57:35,923 P3154851 INFO pr:0.9474  rc:0.9767  auc:0.9946 ap:0.9809 f1: 0.9618 pred_right: 16367 pred_wrong:133 actu_right: 16371 actu_wrong: 129
2026-07-22 07:57:35,924 P3154851 INFO ----------------------------------------------------------------------------------------------------
2026-07-22 07:57:35,924 P3154851 INFO 81/300 starting... lr: 0.001 para:0.012195121496915817
2026-07-22 07:57:42,224 P3154851 INFO Epoch 81/300, all_loss:0.00195 cls_loss:0.00088 rec_loss:0.08843 [6.30s]; best loss:0.00195, patience : 0
2026-07-22 07:57:44,579 P3154851 INFO pr:0.9620  rc:0.9572  auc:0.9816 ap:0.9750 f1: 0.9596 pred_right: 38605 pred_wrong:395 actu_right: 38603 actu_wrong: 397
2026-07-22 07:57:45,474 P3154851 INFO pr:0.9407  rc:0.9845  auc:0.9926 ap:0.9777 f1: 0.9621 pred_right: 16365 pred_wrong:135 actu_right: 16371 actu_wrong: 129
2026-07-22 07:57:45,474 P3154851 INFO ----------------------------------------------------------------------------------------------------
2026-07-22 07:57:45,474 P3154851 INFO 82/300 starting... lr: 0.001 para:0.012048192322254181
2026-07-22 07:57:51,632 P3154851 INFO Epoch 82/300, all_loss:0.00121 cls_loss:0.00022 rec_loss:0.08297 [6.15s]; best loss:0.00121, patience : 0
2026-07-22 07:57:54,198 P3154851 INFO pr:0.9619  rc:0.9571  auc:0.9816 ap:0.9749 f1: 0.9595 pred_right: 38606 pred_wrong:394 actu_right: 38604 actu_wrong: 396
2026-07-22 07:57:56,039 P3154851 INFO pr:0.9407  rc:0.9845  auc:0.9945 ap:0.9785 f1: 0.9621 pred_right: 16365 pred_wrong:135 actu_right: 16371 actu_wrong: 129
2026-07-22 07:57:56,039 P3154851 INFO ----------------------------------------------------------------------------------------------------
2026-07-22 07:57:56,040 P3154851 INFO 83/300 starting... lr: 0.001 para:0.011904762126505375
2026-07-22 07:58:00,668 P3154851 INFO Epoch 83/300, all_loss:0.00107 cls_loss:0.00014 rec_loss:0.07803 [4.63s]; best loss:0.00107, patience : 0
2026-07-22 07:58:02,418 P3154851 INFO pr:0.9620  rc:0.9572  auc:0.9815 ap:0.9749 f1: 0.9596 pred_right: 38605 pred_wrong:395 actu_right: 38603 actu_wrong: 397
2026-07-22 07:58:03,178 P3154851 INFO pr:0.9407  rc:0.9845  auc:0.9945 ap:0.9789 f1: 0.9621 pred_right: 16365 pred_wrong:135 actu_right: 16371 actu_wrong: 129
2026-07-22 07:58:03,178 P3154851 INFO ----------------------------------------------------------------------------------------------------
2026-07-22 07:58:03,178 P3154851 INFO 84/300 starting... lr: 0.001 para:0.0117647061124444
2026-07-22 07:58:08,992 P3154851 INFO Epoch 84/300, all_loss:0.00101 cls_loss:0.00015 rec_loss:0.07394 [5.81s]; best loss:0.00101, patience : 0
2026-07-22 07:58:12,161 P3154851 INFO pr:0.9619  rc:0.9547  auc:0.9814 ap:0.9749 f1: 0.9583 pred_right: 38606 pred_wrong:394 actu_right: 38603 actu_wrong: 397
2026-07-22 07:58:13,563 P3154851 INFO pr:0.9478  rc:0.9845  auc:0.9945 ap:0.9791 f1: 0.9658 pred_right: 16366 pred_wrong:134 actu_right: 16371 actu_wrong: 129
2026-07-22 07:58:13,567 P3154851 INFO ----------------------------------------------------------------------------------------------------
2026-07-22 07:58:13,568 P3154851 INFO 85/300 starting... lr: 0.001 para:0.011627906933426857
2026-07-22 07:58:24,907 P3154851 INFO Epoch 85/300, all_loss:0.00097 cls_loss:0.00012 rec_loss:0.07261 [11.34s]; best loss:0.00097, patience : 0
2026-07-22 07:58:27,540 P3154851 INFO pr:0.9618  rc:0.9545  auc:0.9813 ap:0.9748 f1: 0.9582 pred_right: 38607 pred_wrong:393 actu_right: 38604 actu_wrong: 396
2026-07-22 07:58:28,602 P3154851 INFO pr:0.9478  rc:0.9845  auc:0.9946 ap:0.9795 f1: 0.9658 pred_right: 16366 pred_wrong:134 actu_right: 16371 actu_wrong: 129
2026-07-22 07:58:28,602 P3154851 INFO ----------------------------------------------------------------------------------------------------
2026-07-22 07:58:28,603 P3154851 INFO 86/300 starting... lr: 0.001 para:0.01149425283074379
2026-07-22 07:58:34,927 P3154851 INFO Epoch 86/300, all_loss:0.00092 cls_loss:0.00011 rec_loss:0.07011 [6.32s]; best loss:0.00092, patience : 0
2026-07-22 07:58:37,190 P3154851 INFO pr:0.9618  rc:0.9521  auc:0.9812 ap:0.9748 f1: 0.9570 pred_right: 38607 pred_wrong:393 actu_right: 38603 actu_wrong: 397
2026-07-22 07:58:38,189 P3154851 INFO pr:0.9478  rc:0.9845  auc:0.9946 ap:0.9796 f1: 0.9658 pred_right: 16366 pred_wrong:134 actu_right: 16371 actu_wrong: 129
2026-07-22 07:58:38,190 P3154851 INFO ----------------------------------------------------------------------------------------------------
2026-07-22 07:58:38,190 P3154851 INFO 87/300 starting... lr: 0.001 para:0.011363636702299118
2026-07-22 07:58:44,407 P3154851 INFO Epoch 87/300, all_loss:0.00088 cls_loss:0.00011 rec_loss:0.06742 [6.21s]; best loss:0.00088, patience : 0
2026-07-22 07:58:46,553 P3154851 INFO pr:0.9617  rc:0.9520  auc:0.9811 ap:0.9748 f1: 0.9569 pred_right: 38608 pred_wrong:392 actu_right: 38604 actu_wrong: 396
2026-07-22 07:58:47,476 P3154851 INFO pr:0.9474  rc:0.9767  auc:0.9946 ap:0.9797 f1: 0.9618 pred_right: 16367 pred_wrong:133 actu_right: 16371 actu_wrong: 129
2026-07-22 07:58:47,476 P3154851 INFO ----------------------------------------------------------------------------------------------------
2026-07-22 07:58:47,477 P3154851 INFO 88/300 starting... lr: 0.001 para:0.01123595517128706
2026-07-22 07:58:53,609 P3154851 INFO Epoch 88/300, all_loss:0.00084 cls_loss:0.00010 rec_loss:0.06586 [6.13s]; best loss:0.00084, patience : 0
2026-07-22 07:58:55,806 P3154851 INFO pr:0.9643  rc:0.9521  auc:0.9810 ap:0.9749 f1: 0.9582 pred_right: 38608 pred_wrong:392 actu_right: 38603 actu_wrong: 397
2026-07-22 07:58:56,651 P3154851 INFO pr:0.9474  rc:0.9767  auc:0.9946 ap:0.9798 f1: 0.9618 pred_right: 16367 pred_wrong:133 actu_right: 16371 actu_wrong: 129
2026-07-22 07:58:56,652 P3154851 INFO ----------------------------------------------------------------------------------------------------
2026-07-22 07:58:56,659 P3154851 INFO 89/300 starting... lr: 0.001 para:0.011111111380159855
2026-07-22 07:59:02,736 P3154851 INFO Epoch 89/300, all_loss:0.00080 cls_loss:0.00008 rec_loss:0.06475 [6.07s]; best loss:0.00080, patience : 0
2026-07-22 07:59:04,845 P3154851 INFO pr:0.9618  rc:0.9521  auc:0.9809 ap:0.9736 f1: 0.9570 pred_right: 38607 pred_wrong:393 actu_right: 38603 actu_wrong: 397
2026-07-22 07:59:05,824 P3154851 INFO pr:0.9478  rc:0.9845  auc:0.9946 ap:0.9798 f1: 0.9658 pred_right: 16366 pred_wrong:134 actu_right: 16371 actu_wrong: 129
2026-07-22 07:59:05,824 P3154851 INFO ----------------------------------------------------------------------------------------------------
2026-07-22 07:59:05,825 P3154851 INFO 90/300 starting... lr: 0.001 para:0.010989011265337467
2026-07-22 07:59:11,842 P3154851 INFO Epoch 90/300, all_loss:0.00077 cls_loss:0.00007 rec_loss:0.06341 [6.01s]; best loss:0.00077, patience : 0
2026-07-22 07:59:13,887 P3154851 INFO pr:0.9617  rc:0.9520  auc:0.9808 ap:0.9736 f1: 0.9569 pred_right: 38608 pred_wrong:392 actu_right: 38604 actu_wrong: 396
2026-07-22 07:59:14,903 P3154851 INFO pr:0.9407  rc:0.9845  auc:0.9946 ap:0.9799 f1: 0.9621 pred_right: 16365 pred_wrong:135 actu_right: 16371 actu_wrong: 129
2026-07-22 07:59:14,904 P3154851 INFO ----------------------------------------------------------------------------------------------------
2026-07-22 07:59:14,904 P3154851 INFO 91/300 starting... lr: 0.001 para:0.010869565419852734
2026-07-22 07:59:21,193 P3154851 INFO Epoch 91/300, all_loss:0.00074 cls_loss:0.00007 rec_loss:0.06136 [6.29s]; best loss:0.00074, patience : 0
2026-07-22 07:59:23,356 P3154851 INFO pr:0.9618  rc:0.9521  auc:0.9807 ap:0.9737 f1: 0.9570 pred_right: 38607 pred_wrong:393 actu_right: 38603 actu_wrong: 397
2026-07-22 07:59:24,276 P3154851 INFO pr:0.9474  rc:0.9767  auc:0.9946 ap:0.9799 f1: 0.9618 pred_right: 16367 pred_wrong:133 actu_right: 16371 actu_wrong: 129
2026-07-22 07:59:24,276 P3154851 INFO ----------------------------------------------------------------------------------------------------
2026-07-22 07:59:24,277 P3154851 INFO 92/300 starting... lr: 0.001 para:0.01075268816202879
2026-07-22 07:59:30,342 P3154851 INFO Epoch 92/300, all_loss:0.00072 cls_loss:0.00008 rec_loss:0.05996 [6.06s]; best loss:0.00072, patience : 0
2026-07-22 07:59:33,205 P3154851 INFO pr:0.9643  rc:0.9521  auc:0.9807 ap:0.9749 f1: 0.9582 pred_right: 38608 pred_wrong:392 actu_right: 38603 actu_wrong: 397
2026-07-22 07:59:34,430 P3154851 INFO pr:0.9545  rc:0.9767  auc:0.9945 ap:0.9798 f1: 0.9655 pred_right: 16368 pred_wrong:132 actu_right: 16371 actu_wrong: 129
2026-07-22 07:59:34,430 P3154851 INFO ----------------------------------------------------------------------------------------------------
2026-07-22 07:59:34,430 P3154851 INFO 93/300 starting... lr: 0.001 para:0.010638297535479069
2026-07-22 07:59:39,054 P3154851 INFO Epoch 93/300, all_loss:0.00069 cls_loss:0.00006 rec_loss:0.05923 [4.62s]; best loss:0.00069, patience : 0
2026-07-22 07:59:40,817 P3154851 INFO pr:0.9618  rc:0.9521  auc:0.9806 ap:0.9738 f1: 0.9570 pred_right: 38607 pred_wrong:393 actu_right: 38603 actu_wrong: 397
2026-07-22 07:59:41,634 P3154851 INFO pr:0.9403  rc:0.9767  auc:0.9946 ap:0.9799 f1: 0.9582 pred_right: 16366 pred_wrong:134 actu_right: 16371 actu_wrong: 129
2026-07-22 07:59:41,635 P3154851 INFO ----------------------------------------------------------------------------------------------------
2026-07-22 07:59:41,635 P3154851 INFO 94/300 starting... lr: 0.001 para:0.010526316240429878
2026-07-22 07:59:48,176 P3154851 INFO Epoch 94/300, all_loss:0.00067 cls_loss:0.00006 rec_loss:0.05783 [6.53s]; best loss:0.00067, patience : 0
2026-07-22 07:59:53,201 P3154851 INFO pr:0.9594  rc:0.9521  auc:0.9806 ap:0.9737 f1: 0.9558 pred_right: 38606 pred_wrong:394 actu_right: 38603 actu_wrong: 397
2026-07-22 07:59:55,026 P3154851 INFO pr:0.9407  rc:0.9845  auc:0.9946 ap:0.9799 f1: 0.9621 pred_right: 16365 pred_wrong:135 actu_right: 16371 actu_wrong: 129
2026-07-22 07:59:55,026 P3154851 INFO ----------------------------------------------------------------------------------------------------
2026-07-22 07:59:55,027 P3154851 INFO 95/300 starting... lr: 0.001 para:0.010416666977107525
2026-07-22 08:00:04,716 P3154851 INFO Epoch 95/300, all_loss:0.00065 cls_loss:0.00007 rec_loss:0.05590 [9.69s]; best loss:0.00065, patience : 0
2026-07-22 08:00:07,221 P3154851 INFO pr:0.9594  rc:0.9521  auc:0.9805 ap:0.9739 f1: 0.9558 pred_right: 38606 pred_wrong:394 actu_right: 38603 actu_wrong: 397
2026-07-22 08:00:08,332 P3154851 INFO pr:0.9403  rc:0.9767  auc:0.9945 ap:0.9800 f1: 0.9582 pred_right: 16366 pred_wrong:134 actu_right: 16371 actu_wrong: 129
2026-07-22 08:00:08,333 P3154851 INFO ----------------------------------------------------------------------------------------------------
2026-07-22 08:00:08,333 P3154851 INFO 96/300 starting... lr: 0.001 para:0.010309278033673763
2026-07-22 08:00:14,479 P3154851 INFO Epoch 96/300, all_loss:0.00062 cls_loss:0.00005 rec_loss:0.05515 [6.14s]; best loss:0.00062, patience : 0
2026-07-22 08:00:16,551 P3154851 INFO pr:0.9594  rc:0.9521  auc:0.9805 ap:0.9738 f1: 0.9558 pred_right: 38606 pred_wrong:394 actu_right: 38603 actu_wrong: 397
2026-07-22 08:00:17,597 P3154851 INFO pr:0.9478  rc:0.9845  auc:0.9945 ap:0.9799 f1: 0.9658 pred_right: 16366 pred_wrong:134 actu_right: 16371 actu_wrong: 129
2026-07-22 08:00:17,598 P3154851 INFO ----------------------------------------------------------------------------------------------------
2026-07-22 08:00:17,598 P3154851 INFO 97/300 starting... lr: 0.001 para:0.010204081423580647
2026-07-22 08:00:23,937 P3154851 INFO Epoch 97/300, all_loss:0.00061 cls_loss:0.00006 rec_loss:0.05395 [6.33s]; best loss:0.00061, patience : 0
2026-07-22 08:00:26,292 P3154851 INFO pr:0.9594  rc:0.9521  auc:0.9804 ap:0.9740 f1: 0.9558 pred_right: 38606 pred_wrong:394 actu_right: 38603 actu_wrong: 397
2026-07-22 08:00:27,272 P3154851 INFO pr:0.9474  rc:0.9767  auc:0.9945 ap:0.9801 f1: 0.9618 pred_right: 16367 pred_wrong:133 actu_right: 16371 actu_wrong: 129
2026-07-22 08:00:27,272 P3154851 INFO ----------------------------------------------------------------------------------------------------
2026-07-22 08:00:27,272 P3154851 INFO 98/300 starting... lr: 0.001 para:0.010101010091602802
2026-07-22 08:00:33,420 P3154851 INFO Epoch 98/300, all_loss:0.00058 cls_loss:0.00005 rec_loss:0.05329 [6.14s]; best loss:0.00058, patience : 0
2026-07-22 08:00:35,454 P3154851 INFO pr:0.9594  rc:0.9521  auc:0.9803 ap:0.9750 f1: 0.9558 pred_right: 38606 pred_wrong:394 actu_right: 38603 actu_wrong: 397
2026-07-22 08:00:36,312 P3154851 INFO pr:0.9474  rc:0.9767  auc:0.9945 ap:0.9799 f1: 0.9618 pred_right: 16367 pred_wrong:133 actu_right: 16371 actu_wrong: 129
2026-07-22 08:00:36,312 P3154851 INFO ----------------------------------------------------------------------------------------------------
2026-07-22 08:00:36,320 P3154851 INFO 99/300 starting... lr: 0.001 para:0.01
2026-07-22 08:00:42,289 P3154851 INFO Epoch 99/300, all_loss:0.00056 cls_loss:0.00005 rec_loss:0.05151 [5.97s]; best loss:0.00056, patience : 0
2026-07-22 08:00:44,612 P3154851 INFO pr:0.9593  rc:0.9544  auc:0.9802 ap:0.9750 f1: 0.9569 pred_right: 38607 pred_wrong:393 actu_right: 38605 actu_wrong: 395
2026-07-22 08:00:45,613 P3154851 INFO pr:0.9545  rc:0.9767  auc:0.9945 ap:0.9802 f1: 0.9655 pred_right: 16368 pred_wrong:132 actu_right: 16371 actu_wrong: 129
2026-07-22 08:00:45,613 P3154851 INFO ----------------------------------------------------------------------------------------------------
2026-07-22 08:00:45,614 P3154851 INFO 100/300 starting... lr: 0.0009000000000000001 para:0.01
2026-07-22 08:00:51,832 P3154851 INFO Epoch 100/300, all_loss:0.00055 cls_loss:0.00004 rec_loss:0.05122 [6.21s]; best loss:0.00055, patience : 0
2026-07-22 08:00:54,246 P3154851 INFO pr:0.9642  rc:0.9520  auc:0.9802 ap:0.9750 f1: 0.9581 pred_right: 38609 pred_wrong:391 actu_right: 38604 actu_wrong: 396
2026-07-22 08:00:55,214 P3154851 INFO pr:0.9545  rc:0.9767  auc:0.9945 ap:0.9801 f1: 0.9655 pred_right: 16368 pred_wrong:132 actu_right: 16371 actu_wrong: 129
2026-07-22 08:00:55,214 P3154851 INFO ----------------------------------------------------------------------------------------------------
2026-07-22 08:00:55,215 P3154851 INFO 101/300 starting... lr: 0.0009000000000000001 para:0.01
2026-07-22 08:01:01,419 P3154851 INFO Epoch 101/300, all_loss:0.00055 cls_loss:0.00005 rec_loss:0.04949 [6.20s]; best loss:0.00055, patience : 0
2026-07-22 08:01:03,790 P3154851 INFO pr:0.9668  rc:0.9521  auc:0.9801 ap:0.9750 f1: 0.9594 pred_right: 38609 pred_wrong:391 actu_right: 38603 actu_wrong: 397
2026-07-22 08:01:04,954 P3154851 INFO pr:0.9545  rc:0.9767  auc:0.9945 ap:0.9800 f1: 0.9655 pred_right: 16368 pred_wrong:132 actu_right: 16371 actu_wrong: 129
2026-07-22 08:01:04,955 P3154851 INFO ----------------------------------------------------------------------------------------------------
2026-07-22 08:01:04,955 P3154851 INFO 102/300 starting... lr: 0.0009000000000000001 para:0.01
2026-07-22 08:01:12,185 P3154851 INFO Epoch 102/300, all_loss:0.00052 cls_loss:0.00004 rec_loss:0.04883 [7.23s]; best loss:0.00052, patience : 0
2026-07-22 08:01:13,740 P3154851 INFO pr:0.9666  rc:0.9519  auc:0.9801 ap:0.9764 f1: 0.9592 pred_right: 38611 pred_wrong:389 actu_right: 38605 actu_wrong: 395
2026-07-22 08:01:14,389 P3154851 INFO pr:0.9545  rc:0.9767  auc:0.9945 ap:0.9800 f1: 0.9655 pred_right: 16368 pred_wrong:132 actu_right: 16371 actu_wrong: 129
2026-07-22 08:01:14,389 P3154851 INFO ----------------------------------------------------------------------------------------------------
2026-07-22 08:01:14,389 P3154851 INFO 103/300 starting... lr: 0.0009000000000000001 para:0.01
2026-07-22 08:01:19,667 P3154851 INFO Epoch 103/300, all_loss:0.00051 cls_loss:0.00004 rec_loss:0.04700 [5.27s]; best loss:0.00051, patience : 0
2026-07-22 08:01:21,454 P3154851 INFO pr:0.9643  rc:0.9521  auc:0.9801 ap:0.9751 f1: 0.9582 pred_right: 38608 pred_wrong:392 actu_right: 38603 actu_wrong: 397
2026-07-22 08:01:22,173 P3154851 INFO pr:0.9474  rc:0.9767  auc:0.9945 ap:0.9801 f1: 0.9618 pred_right: 16367 pred_wrong:133 actu_right: 16371 actu_wrong: 129
2026-07-22 08:01:22,174 P3154851 INFO ----------------------------------------------------------------------------------------------------
2026-07-22 08:01:22,174 P3154851 INFO 104/300 starting... lr: 0.0009000000000000001 para:0.01
2026-07-22 08:01:34,947 P3154851 INFO Epoch 104/300, all_loss:0.00050 cls_loss:0.00004 rec_loss:0.04685 [12.77s]; best loss:0.00050, patience : 0
2026-07-22 08:01:38,173 P3154851 INFO pr:0.9643  rc:0.9521  auc:0.9800 ap:0.9750 f1: 0.9582 pred_right: 38608 pred_wrong:392 actu_right: 38603 actu_wrong: 397
2026-07-22 08:01:39,189 P3154851 INFO pr:0.9545  rc:0.9767  auc:0.9945 ap:0.9800 f1: 0.9655 pred_right: 16368 pred_wrong:132 actu_right: 16371 actu_wrong: 129
2026-07-22 08:01:39,190 P3154851 INFO ----------------------------------------------------------------------------------------------------
2026-07-22 08:01:39,190 P3154851 INFO 105/300 starting... lr: 0.0009000000000000001 para:0.01
2026-07-22 08:01:45,391 P3154851 INFO Epoch 105/300, all_loss:0.00049 cls_loss:0.00004 rec_loss:0.04542 [6.20s]; best loss:0.00049, patience : 0
2026-07-22 08:01:47,674 P3154851 INFO pr:0.9643  rc:0.9521  auc:0.9799 ap:0.9751 f1: 0.9582 pred_right: 38608 pred_wrong:392 actu_right: 38603 actu_wrong: 397
2026-07-22 08:01:48,799 P3154851 INFO pr:0.9545  rc:0.9767  auc:0.9945 ap:0.9800 f1: 0.9655 pred_right: 16368 pred_wrong:132 actu_right: 16371 actu_wrong: 129
2026-07-22 08:01:48,800 P3154851 INFO ----------------------------------------------------------------------------------------------------
2026-07-22 08:01:48,800 P3154851 INFO 106/300 starting... lr: 0.0009000000000000001 para:0.01
2026-07-22 08:01:54,722 P3154851 INFO Epoch 106/300, all_loss:0.00049 cls_loss:0.00005 rec_loss:0.04400 [5.92s]; best loss:0.00049, patience : 0
2026-07-22 08:01:56,743 P3154851 INFO pr:0.9496  rc:0.9520  auc:0.9805 ap:0.9756 f1: 0.9508 pred_right: 38603 pred_wrong:397 actu_right: 38604 actu_wrong: 396
2026-07-22 08:01:57,618 P3154851 INFO pr:0.9014  rc:0.9922  auc:0.9945 ap:0.9804 f1: 0.9446 pred_right: 16358 pred_wrong:142 actu_right: 16371 actu_wrong: 129
2026-07-22 08:01:57,619 P3154851 INFO ----------------------------------------------------------------------------------------------------
2026-07-22 08:01:57,619 P3154851 INFO 107/300 starting... lr: 0.0009000000000000001 para:0.01
2026-07-22 08:02:03,712 P3154851 INFO Epoch 107/300, all_loss:0.00049 cls_loss:0.00004 rec_loss:0.04480 [6.09s]; best loss:0.00049, patience : 0
2026-07-22 08:02:05,937 P3154851 INFO pr:0.9691  rc:0.9495  auc:0.9796 ap:0.9749 f1: 0.9592 pred_right: 38612 pred_wrong:388 actu_right: 38604 actu_wrong: 396
2026-07-22 08:02:06,874 P3154851 INFO pr:0.9545  rc:0.9767  auc:0.9945 ap:0.9795 f1: 0.9655 pred_right: 16368 pred_wrong:132 actu_right: 16371 actu_wrong: 129
2026-07-22 08:02:06,875 P3154851 INFO ----------------------------------------------------------------------------------------------------
2026-07-22 08:02:06,875 P3154851 INFO 108/300 starting... lr: 0.0009000000000000001 para:0.01
2026-07-22 08:02:12,998 P3154851 INFO Epoch 108/300, all_loss:0.00049 cls_loss:0.00006 rec_loss:0.04313 [6.12s]; best loss:0.00049, patience : 1
2026-07-22 08:02:15,185 P3154851 INFO pr:0.9572  rc:0.9572  auc:0.9799 ap:0.9761 f1: 0.9572 pred_right: 38603 pred_wrong:397 actu_right: 38603 actu_wrong: 397
2026-07-22 08:02:16,121 P3154851 INFO pr:0.9270  rc:0.9845  auc:0.9945 ap:0.9805 f1: 0.9549 pred_right: 16363 pred_wrong:137 actu_right: 16371 actu_wrong: 129
2026-07-22 08:02:16,122 P3154851 INFO ----------------------------------------------------------------------------------------------------
2026-07-22 08:02:16,122 P3154851 INFO 109/300 starting... lr: 0.0009000000000000001 para:0.01
2026-07-22 08:02:22,689 P3154851 INFO Epoch 109/300, all_loss:0.01848 cls_loss:0.01820 rec_loss:0.04583 [6.57s]; best loss:0.00049, patience : 2
2026-07-22 08:02:24,762 P3154851 INFO pr:0.8716  rc:0.9596  auc:0.9812 ap:0.9581 f1: 0.9135 pred_right: 38564 pred_wrong:436 actu_right: 38604 actu_wrong: 396
2026-07-22 08:02:25,627 P3154851 INFO pr:0.8194  rc:0.9845  auc:0.9948 ap:0.9662 f1: 0.8944 pred_right: 16345 pred_wrong:155 actu_right: 16371 actu_wrong: 129
2026-07-22 08:02:25,628 P3154851 INFO ----------------------------------------------------------------------------------------------------
2026-07-22 08:02:25,628 P3154851 INFO 110/300 starting... lr: 0.0009000000000000001 para:0.01
2026-07-22 08:02:31,575 P3154851 INFO Epoch 110/300, all_loss:0.54021 cls_loss:0.54445 rec_loss:0.12061 [5.95s]; best loss:0.00049, patience : 3
2026-07-22 08:02:33,984 P3154851 INFO pr:0.9917  rc:0.9091  auc:0.9761 ap:0.9764 f1: 0.9486 pred_right: 38637 pred_wrong:363 actu_right: 38604 actu_wrong: 396
2026-07-22 08:02:34,843 P3154851 INFO pr:0.9767  rc:0.9767  auc:0.9949 ap:0.9907 f1: 0.9767 pred_right: 16371 pred_wrong:129 actu_right: 16371 actu_wrong: 129
2026-07-22 08:02:34,844 P3154851 INFO ----------------------------------------------------------------------------------------------------
2026-07-22 08:02:34,844 P3154851 INFO 111/300 starting... lr: 0.0009000000000000001 para:0.01
2026-07-22 08:02:40,802 P3154851 INFO Epoch 111/300, all_loss:0.30052 cls_loss:0.30276 rec_loss:0.07799 [5.96s]; best loss:0.00049, patience : 3
2026-07-22 08:02:43,750 P3154851 INFO pr:0.9356  rc:0.9521  auc:0.9866 ap:0.9735 f1: 0.9438 pred_right: 38596 pred_wrong:404 actu_right: 38603 actu_wrong: 397
2026-07-22 08:02:44,563 P3154851 INFO pr:0.8889  rc:0.9922  auc:0.9945 ap:0.9719 f1: 0.9377 pred_right: 16356 pred_wrong:144 actu_right: 16371 actu_wrong: 129
2026-07-22 08:02:44,564 P3154851 INFO ----------------------------------------------------------------------------------------------------
2026-07-22 08:02:44,564 P3154851 INFO 112/300 starting... lr: 0.0009000000000000001 para:0.01
2026-07-22 08:02:49,103 P3154851 INFO Epoch 112/300, all_loss:0.04319 cls_loss:0.04284 rec_loss:0.07805 [4.54s]; best loss:0.00049, patience : 3
2026-07-22 08:02:50,859 P3154851 INFO pr:0.9590  rc:0.9421  auc:0.9834 ap:0.9793 f1: 0.9504 pred_right: 38610 pred_wrong:390 actu_right: 38603 actu_wrong: 397
2026-07-22 08:02:51,790 P3154851 INFO pr:0.9071  rc:0.9845  auc:0.9944 ap:0.9858 f1: 0.9442 pred_right: 16360 pred_wrong:140 actu_right: 16371 actu_wrong: 129
2026-07-22 08:02:51,791 P3154851 INFO ----------------------------------------------------------------------------------------------------
2026-07-22 08:02:51,791 P3154851 INFO 113/300 starting... lr: 0.0009000000000000001 para:0.01
2026-07-22 08:02:57,383 P3154851 INFO Epoch 113/300, all_loss:0.02178 cls_loss:0.02120 rec_loss:0.07929 [5.59s]; best loss:0.00049, patience : 3
2026-07-22 08:03:02,821 P3154851 INFO pr:0.9840  rc:0.9318  auc:0.9840 ap:0.9802 f1: 0.9572 pred_right: 38625 pred_wrong:375 actu_right: 38604 actu_wrong: 396
2026-07-22 08:03:04,428 P3154851 INFO pr:0.9618  rc:0.9767  auc:0.9924 ap:0.9820 f1: 0.9692 pred_right: 16369 pred_wrong:131 actu_right: 16371 actu_wrong: 129
2026-07-22 08:03:04,429 P3154851 INFO ----------------------------------------------------------------------------------------------------
2026-07-22 08:03:04,429 P3154851 INFO 114/300 starting... lr: 0.0009000000000000001 para:0.01
2026-07-22 08:03:14,229 P3154851 INFO Epoch 114/300, all_loss:0.01418 cls_loss:0.01353 rec_loss:0.07857 [9.80s]; best loss:0.00049, patience : 3
2026-07-22 08:03:16,421 P3154851 INFO pr:0.9664  rc:0.9421  auc:0.9812 ap:0.9781 f1: 0.9541 pred_right: 38613 pred_wrong:387 actu_right: 38603 actu_wrong: 397
2026-07-22 08:03:17,329 P3154851 INFO pr:0.9481  rc:0.9922  auc:0.9944 ap:0.9863 f1: 0.9697 pred_right: 16365 pred_wrong:135 actu_right: 16371 actu_wrong: 129
2026-07-22 08:03:17,330 P3154851 INFO ----------------------------------------------------------------------------------------------------
2026-07-22 08:03:17,330 P3154851 INFO 115/300 starting... lr: 0.0009000000000000001 para:0.01
2026-07-22 08:03:23,737 P3154851 INFO Epoch 115/300, all_loss:0.00181 cls_loss:0.00110 rec_loss:0.07201 [6.41s]; best loss:0.00049, patience : 3
2026-07-22 08:03:26,155 P3154851 INFO pr:0.9740  rc:0.9446  auc:0.9828 ap:0.9786 f1: 0.9591 pred_right: 38615 pred_wrong:385 actu_right: 38603 actu_wrong: 397
2026-07-22 08:03:27,133 P3154851 INFO pr:0.9403  rc:0.9767  auc:0.9944 ap:0.9839 f1: 0.9582 pred_right: 16366 pred_wrong:134 actu_right: 16371 actu_wrong: 129
2026-07-22 08:03:27,134 P3154851 INFO ----------------------------------------------------------------------------------------------------
2026-07-22 08:03:27,134 P3154851 INFO 116/300 starting... lr: 0.0009000000000000001 para:0.01
2026-07-22 08:03:33,279 P3154851 INFO Epoch 116/300, all_loss:0.00122 cls_loss:0.00049 rec_loss:0.07357 [6.14s]; best loss:0.00049, patience : 3
2026-07-22 08:03:35,273 P3154851 INFO pr:0.9664  rc:0.9444  auc:0.9823 ap:0.9783 f1: 0.9553 pred_right: 38613 pred_wrong:387 actu_right: 38604 actu_wrong: 396
2026-07-22 08:03:36,114 P3154851 INFO pr:0.9338  rc:0.9845  auc:0.9943 ap:0.9803 f1: 0.9585 pred_right: 16364 pred_wrong:136 actu_right: 16371 actu_wrong: 129
2026-07-22 08:03:36,115 P3154851 INFO ----------------------------------------------------------------------------------------------------
2026-07-22 08:03:36,115 P3154851 INFO 117/300 starting... lr: 0.0009000000000000001 para:0.01
2026-07-22 08:03:42,362 P3154851 INFO Epoch 117/300, all_loss:0.00100 cls_loss:0.00028 rec_loss:0.07180 [6.25s]; best loss:0.00049, patience : 3
2026-07-22 08:03:44,349 P3154851 INFO pr:0.9665  rc:0.9446  auc:0.9821 ap:0.9784 f1: 0.9554 pred_right: 38612 pred_wrong:388 actu_right: 38603 actu_wrong: 397
2026-07-22 08:03:45,176 P3154851 INFO pr:0.9343  rc:0.9922  auc:0.9943 ap:0.9804 f1: 0.9624 pred_right: 16363 pred_wrong:137 actu_right: 16371 actu_wrong: 129
2026-07-22 08:03:45,176 P3154851 INFO ----------------------------------------------------------------------------------------------------
2026-07-22 08:03:45,177 P3154851 INFO 118/300 starting... lr: 0.0009000000000000001 para:0.01
2026-07-22 08:03:51,434 P3154851 INFO Epoch 118/300, all_loss:0.00089 cls_loss:0.00020 rec_loss:0.06892 [6.26s]; best loss:0.00049, patience : 3
2026-07-22 08:03:53,670 P3154851 INFO pr:0.9690  rc:0.9446  auc:0.9818 ap:0.9782 f1: 0.9566 pred_right: 38613 pred_wrong:387 actu_right: 38603 actu_wrong: 397
2026-07-22 08:03:54,549 P3154851 INFO pr:0.9343  rc:0.9922  auc:0.9944 ap:0.9805 f1: 0.9624 pred_right: 16363 pred_wrong:137 actu_right: 16371 actu_wrong: 129
2026-07-22 08:03:54,550 P3154851 INFO ----------------------------------------------------------------------------------------------------
2026-07-22 08:03:54,550 P3154851 INFO 119/300 starting... lr: 0.0009000000000000001 para:0.01
2026-07-22 08:04:00,748 P3154851 INFO Epoch 119/300, all_loss:0.00084 cls_loss:0.00018 rec_loss:0.06708 [6.20s]; best loss:0.00049, patience : 3
2026-07-22 08:04:03,053 P3154851 INFO pr:0.9690  rc:0.9446  auc:0.9811 ap:0.9781 f1: 0.9566 pred_right: 38613 pred_wrong:387 actu_right: 38603 actu_wrong: 397
2026-07-22 08:04:03,977 P3154851 INFO pr:0.9343  rc:0.9922  auc:0.9944 ap:0.9805 f1: 0.9624 pred_right: 16363 pred_wrong:137 actu_right: 16371 actu_wrong: 129
2026-07-22 08:04:03,978 P3154851 INFO ----------------------------------------------------------------------------------------------------
2026-07-22 08:04:03,978 P3154851 INFO 120/300 starting... lr: 0.0009000000000000001 para:0.01
2026-07-22 08:04:10,072 P3154851 INFO Epoch 120/300, all_loss:0.00079 cls_loss:0.00013 rec_loss:0.06619 [6.09s]; best loss:0.00049, patience : 3
2026-07-22 08:04:12,481 P3154851 INFO pr:0.9690  rc:0.9446  auc:0.9809 ap:0.9781 f1: 0.9566 pred_right: 38613 pred_wrong:387 actu_right: 38603 actu_wrong: 397
2026-07-22 08:04:13,388 P3154851 INFO pr:0.9343  rc:0.9922  auc:0.9944 ap:0.9805 f1: 0.9624 pred_right: 16363 pred_wrong:137 actu_right: 16371 actu_wrong: 129
2026-07-22 08:04:13,388 P3154851 INFO ----------------------------------------------------------------------------------------------------
2026-07-22 08:04:13,388 P3154851 INFO 121/300 starting... lr: 0.0009000000000000001 para:0.01
2026-07-22 08:04:21,241 P3154851 INFO Epoch 121/300, all_loss:0.00076 cls_loss:0.00013 rec_loss:0.06312 [7.85s]; best loss:0.00049, patience : 3
2026-07-22 08:04:22,870 P3154851 INFO pr:0.9690  rc:0.9446  auc:0.9807 ap:0.9780 f1: 0.9566 pred_right: 38613 pred_wrong:387 actu_right: 38603 actu_wrong: 397
2026-07-22 08:04:23,573 P3154851 INFO pr:0.9275  rc:0.9922  auc:0.9944 ap:0.9805 f1: 0.9588 pred_right: 16362 pred_wrong:138 actu_right: 16371 actu_wrong: 129
2026-07-22 08:04:23,573 P3154851 INFO ----------------------------------------------------------------------------------------------------
2026-07-22 08:04:23,573 P3154851 INFO 122/300 starting... lr: 0.0009000000000000001 para:0.01
2026-07-22 08:04:28,729 P3154851 INFO Epoch 122/300, all_loss:0.00073 cls_loss:0.00010 rec_loss:0.06331 [5.15s]; best loss:0.00049, patience : 3
2026-07-22 08:04:30,735 P3154851 INFO pr:0.9689  rc:0.9444  auc:0.9805 ap:0.9779 f1: 0.9565 pred_right: 38614 pred_wrong:386 actu_right: 38604 actu_wrong: 396
2026-07-22 08:04:31,500 P3154851 INFO pr:0.9275  rc:0.9922  auc:0.9944 ap:0.9805 f1: 0.9588 pred_right: 16362 pred_wrong:138 actu_right: 16371 actu_wrong: 129
2026-07-22 08:04:31,500 P3154851 INFO ----------------------------------------------------------------------------------------------------
2026-07-22 08:04:31,500 P3154851 INFO 123/300 starting... lr: 0.0009000000000000001 para:0.01
2026-07-22 08:04:42,349 P3154851 INFO Epoch 123/300, all_loss:0.00070 cls_loss:0.00009 rec_loss:0.06136 [10.85s]; best loss:0.00049, patience : 3
2026-07-22 08:04:46,516 P3154851 INFO pr:0.9663  rc:0.9443  auc:0.9802 ap:0.9777 f1: 0.9552 pred_right: 38614 pred_wrong:386 actu_right: 38605 actu_wrong: 395
2026-07-22 08:04:47,691 P3154851 INFO pr:0.9275  rc:0.9922  auc:0.9944 ap:0.9805 f1: 0.9588 pred_right: 16362 pred_wrong:138 actu_right: 16371 actu_wrong: 129
2026-07-22 08:04:47,692 P3154851 INFO ----------------------------------------------------------------------------------------------------
2026-07-22 08:04:47,692 P3154851 INFO 124/300 starting... lr: 0.0009000000000000001 para:0.01
2026-07-22 08:04:54,129 P3154851 INFO Epoch 124/300, all_loss:0.00068 cls_loss:0.00008 rec_loss:0.05974 [6.44s]; best loss:0.00049, patience : 3
2026-07-22 08:04:56,343 P3154851 INFO pr:0.9664  rc:0.9444  auc:0.9801 ap:0.9777 f1: 0.9553 pred_right: 38613 pred_wrong:387 actu_right: 38604 actu_wrong: 396
2026-07-22 08:04:57,198 P3154851 INFO pr:0.9275  rc:0.9922  auc:0.9944 ap:0.9805 f1: 0.9588 pred_right: 16362 pred_wrong:138 actu_right: 16371 actu_wrong: 129
2026-07-22 08:04:57,198 P3154851 INFO ----------------------------------------------------------------------------------------------------
2026-07-22 08:04:57,205 P3154851 INFO 125/300 starting... lr: 0.0009000000000000001 para:0.01
2026-07-22 08:05:03,237 P3154851 INFO Epoch 125/300, all_loss:0.00066 cls_loss:0.00007 rec_loss:0.05879 [6.03s]; best loss:0.00049, patience : 3
2026-07-22 08:05:05,546 P3154851 INFO pr:0.9640  rc:0.9446  auc:0.9799 ap:0.9777 f1: 0.9542 pred_right: 38611 pred_wrong:389 actu_right: 38603 actu_wrong: 397
2026-07-22 08:05:06,502 P3154851 INFO pr:0.9275  rc:0.9922  auc:0.9944 ap:0.9805 f1: 0.9588 pred_right: 16362 pred_wrong:138 actu_right: 16371 actu_wrong: 129
2026-07-22 08:05:06,502 P3154851 INFO ----------------------------------------------------------------------------------------------------
2026-07-22 08:05:06,502 P3154851 INFO 126/300 starting... lr: 0.0009000000000000001 para:0.01
2026-07-22 08:05:12,595 P3154851 INFO Epoch 126/300, all_loss:0.00064 cls_loss:0.00007 rec_loss:0.05711 [6.09s]; best loss:0.00049, patience : 3
2026-07-22 08:05:14,925 P3154851 INFO pr:0.9640  rc:0.9446  auc:0.9792 ap:0.9777 f1: 0.9542 pred_right: 38611 pred_wrong:389 actu_right: 38603 actu_wrong: 397
2026-07-22 08:05:15,846 P3154851 INFO pr:0.9275  rc:0.9922  auc:0.9944 ap:0.9805 f1: 0.9588 pred_right: 16362 pred_wrong:138 actu_right: 16371 actu_wrong: 129
2026-07-22 08:05:15,847 P3154851 INFO ----------------------------------------------------------------------------------------------------
2026-07-22 08:05:15,847 P3154851 INFO 127/300 starting... lr: 0.0009000000000000001 para:0.01
2026-07-22 08:05:21,772 P3154851 INFO Epoch 127/300, all_loss:0.00063 cls_loss:0.00007 rec_loss:0.05584 [5.92s]; best loss:0.00049, patience : 3
2026-07-22 08:05:23,936 P3154851 INFO pr:0.9640  rc:0.9446  auc:0.9790 ap:0.9776 f1: 0.9542 pred_right: 38611 pred_wrong:389 actu_right: 38603 actu_wrong: 397
2026-07-22 08:05:24,838 P3154851 INFO pr:0.9275  rc:0.9922  auc:0.9944 ap:0.9805 f1: 0.9588 pred_right: 16362 pred_wrong:138 actu_right: 16371 actu_wrong: 129
2026-07-22 08:05:24,839 P3154851 INFO ----------------------------------------------------------------------------------------------------
2026-07-22 08:05:24,839 P3154851 INFO 128/300 starting... lr: 0.0009000000000000001 para:0.01
2026-07-22 08:05:31,064 P3154851 INFO Epoch 128/300, all_loss:0.00060 cls_loss:0.00006 rec_loss:0.05469 [6.22s]; best loss:0.00049, patience : 3
2026-07-22 08:05:33,340 P3154851 INFO pr:0.9640  rc:0.9446  auc:0.9794 ap:0.9775 f1: 0.9542 pred_right: 38611 pred_wrong:389 actu_right: 38603 actu_wrong: 397
2026-07-22 08:05:34,164 P3154851 INFO pr:0.9275  rc:0.9922  auc:0.9944 ap:0.9805 f1: 0.9588 pred_right: 16362 pred_wrong:138 actu_right: 16371 actu_wrong: 129
2026-07-22 08:05:34,164 P3154851 INFO ----------------------------------------------------------------------------------------------------
2026-07-22 08:05:34,164 P3154851 INFO 129/300 starting... lr: 0.0009000000000000001 para:0.01
2026-07-22 08:05:40,393 P3154851 INFO Epoch 129/300, all_loss:0.00059 cls_loss:0.00006 rec_loss:0.05342 [6.23s]; best loss:0.00049, patience : 3
2026-07-22 08:05:42,514 P3154851 INFO pr:0.9615  rc:0.9446  auc:0.9788 ap:0.9774 f1: 0.9530 pred_right: 38610 pred_wrong:390 actu_right: 38603 actu_wrong: 397
2026-07-22 08:05:43,455 P3154851 INFO pr:0.9275  rc:0.9922  auc:0.9944 ap:0.9805 f1: 0.9588 pred_right: 16362 pred_wrong:138 actu_right: 16371 actu_wrong: 129
2026-07-22 08:05:43,455 P3154851 INFO ----------------------------------------------------------------------------------------------------
2026-07-22 08:05:43,456 P3154851 INFO 130/300 starting... lr: 0.0009000000000000001 para:0.01
2026-07-22 08:05:49,657 P3154851 INFO Epoch 130/300, all_loss:0.00057 cls_loss:0.00005 rec_loss:0.05218 [6.20s]; best loss:0.00049, patience : 3
2026-07-22 08:05:52,136 P3154851 INFO pr:0.9614  rc:0.9421  auc:0.9781 ap:0.9774 f1: 0.9517 pred_right: 38611 pred_wrong:389 actu_right: 38603 actu_wrong: 397
2026-07-22 08:05:53,077 P3154851 INFO pr:0.9275  rc:0.9922  auc:0.9944 ap:0.9805 f1: 0.9588 pred_right: 16362 pred_wrong:138 actu_right: 16371 actu_wrong: 129
2026-07-22 08:05:53,078 P3154851 INFO ----------------------------------------------------------------------------------------------------
2026-07-22 08:05:53,078 P3154851 INFO 131/300 starting... lr: 0.0009000000000000001 para:0.01
2026-07-22 08:05:59,587 P3154851 INFO Epoch 131/300, all_loss:0.00057 cls_loss:0.00005 rec_loss:0.05164 [6.51s]; best loss:0.00049, patience : 3
2026-07-22 08:06:01,142 P3154851 INFO pr:0.9615  rc:0.9446  auc:0.9786 ap:0.9774 f1: 0.9530 pred_right: 38610 pred_wrong:390 actu_right: 38603 actu_wrong: 397
2026-07-22 08:06:01,840 P3154851 INFO pr:0.9275  rc:0.9922  auc:0.9944 ap:0.9805 f1: 0.9588 pred_right: 16362 pred_wrong:138 actu_right: 16371 actu_wrong: 129
2026-07-22 08:06:01,840 P3154851 INFO ----------------------------------------------------------------------------------------------------
2026-07-22 08:06:01,841 P3154851 INFO 132/300 starting... lr: 0.0009000000000000001 para:0.01
2026-07-22 08:06:07,641 P3154851 INFO Epoch 132/300, all_loss:0.00054 cls_loss:0.00004 rec_loss:0.04979 [5.80s]; best loss:0.00049, patience : 3
2026-07-22 08:06:09,701 P3154851 INFO pr:0.9615  rc:0.9446  auc:0.9784 ap:0.9772 f1: 0.9530 pred_right: 38610 pred_wrong:390 actu_right: 38603 actu_wrong: 397
2026-07-22 08:06:11,512 P3154851 INFO pr:0.9275  rc:0.9922  auc:0.9944 ap:0.9805 f1: 0.9588 pred_right: 16362 pred_wrong:138 actu_right: 16371 actu_wrong: 129
2026-07-22 08:06:11,513 P3154851 INFO ----------------------------------------------------------------------------------------------------
2026-07-22 08:06:11,513 P3154851 INFO 133/300 starting... lr: 0.0009000000000000001 para:0.01
2026-07-22 08:06:23,880 P3154851 INFO Epoch 133/300, all_loss:0.00053 cls_loss:0.00004 rec_loss:0.04891 [12.37s]; best loss:0.00049, patience : 3
2026-07-22 08:06:25,915 P3154851 INFO pr:0.9615  rc:0.9446  auc:0.9777 ap:0.9773 f1: 0.9530 pred_right: 38610 pred_wrong:390 actu_right: 38603 actu_wrong: 397
2026-07-22 08:06:26,801 P3154851 INFO pr:0.9275  rc:0.9922  auc:0.9944 ap:0.9805 f1: 0.9588 pred_right: 16362 pred_wrong:138 actu_right: 16371 actu_wrong: 129
2026-07-22 08:06:26,802 P3154851 INFO ----------------------------------------------------------------------------------------------------
2026-07-22 08:06:26,802 P3154851 INFO 134/300 starting... lr: 0.0009000000000000001 para:0.01
2026-07-22 08:06:32,981 P3154851 INFO Epoch 134/300, all_loss:0.00052 cls_loss:0.00005 rec_loss:0.04713 [6.18s]; best loss:0.00049, patience : 3
2026-07-22 08:06:35,128 P3154851 INFO pr:0.9613  rc:0.9443  auc:0.9781 ap:0.9770 f1: 0.9527 pred_right: 38612 pred_wrong:388 actu_right: 38605 actu_wrong: 395
2026-07-22 08:06:35,955 P3154851 INFO pr:0.9275  rc:0.9922  auc:0.9944 ap:0.9805 f1: 0.9588 pred_right: 16362 pred_wrong:138 actu_right: 16371 actu_wrong: 129
2026-07-22 08:06:35,956 P3154851 INFO ----------------------------------------------------------------------------------------------------
2026-07-22 08:06:35,956 P3154851 INFO 135/300 starting... lr: 0.0009000000000000001 para:0.01
2026-07-22 08:06:42,045 P3154851 INFO Epoch 135/300, all_loss:0.00051 cls_loss:0.00005 rec_loss:0.04640 [6.09s]; best loss:0.00049, patience : 3
2026-07-22 08:06:44,443 P3154851 INFO pr:0.9615  rc:0.9446  auc:0.9776 ap:0.9758 f1: 0.9530 pred_right: 38610 pred_wrong:390 actu_right: 38603 actu_wrong: 397
2026-07-22 08:06:45,358 P3154851 INFO pr:0.9275  rc:0.9922  auc:0.9944 ap:0.9804 f1: 0.9588 pred_right: 16362 pred_wrong:138 actu_right: 16371 actu_wrong: 129
2026-07-22 08:06:45,358 P3154851 INFO ----------------------------------------------------------------------------------------------------
2026-07-22 08:06:45,358 P3154851 INFO 136/300 starting... lr: 0.0009000000000000001 para:0.01
2026-07-22 08:06:51,237 P3154851 INFO Epoch 136/300, all_loss:0.00049 cls_loss:0.00004 rec_loss:0.04519 [5.88s]; best loss:0.00049, patience : 3
2026-07-22 08:06:53,552 P3154851 INFO pr:0.9614  rc:0.9421  auc:0.9776 ap:0.9772 f1: 0.9517 pred_right: 38611 pred_wrong:389 actu_right: 38603 actu_wrong: 397
2026-07-22 08:06:54,475 P3154851 INFO pr:0.9275  rc:0.9922  auc:0.9944 ap:0.9805 f1: 0.9588 pred_right: 16362 pred_wrong:138 actu_right: 16371 actu_wrong: 129
2026-07-22 08:06:54,476 P3154851 INFO ----------------------------------------------------------------------------------------------------
2026-07-22 08:06:54,476 P3154851 INFO 137/300 starting... lr: 0.0009000000000000001 para:0.01
2026-07-22 08:07:00,805 P3154851 INFO Epoch 137/300, all_loss:0.00048 cls_loss:0.00003 rec_loss:0.04456 [6.33s]; best loss:0.00048, patience : 0
2026-07-22 08:07:02,884 P3154851 INFO pr:0.9639  rc:0.9421  auc:0.9774 ap:0.9771 f1: 0.9529 pred_right: 38612 pred_wrong:388 actu_right: 38603 actu_wrong: 397
2026-07-22 08:07:03,749 P3154851 INFO pr:0.9275  rc:0.9922  auc:0.9944 ap:0.9805 f1: 0.9588 pred_right: 16362 pred_wrong:138 actu_right: 16371 actu_wrong: 129
2026-07-22 08:07:03,750 P3154851 INFO ----------------------------------------------------------------------------------------------------
2026-07-22 08:07:03,750 P3154851 INFO 138/300 starting... lr: 0.0009000000000000001 para:0.01
2026-07-22 08:07:09,884 P3154851 INFO Epoch 138/300, all_loss:0.00046 cls_loss:0.00003 rec_loss:0.04326 [6.13s]; best loss:0.00046, patience : 0
2026-07-22 08:07:12,022 P3154851 INFO pr:0.9613  rc:0.9419  auc:0.9773 ap:0.9768 f1: 0.9515 pred_right: 38612 pred_wrong:388 actu_right: 38604 actu_wrong: 396
2026-07-22 08:07:12,949 P3154851 INFO pr:0.9275  rc:0.9922  auc:0.9944 ap:0.9804 f1: 0.9588 pred_right: 16362 pred_wrong:138 actu_right: 16371 actu_wrong: 129
2026-07-22 08:07:12,952 P3154851 INFO ----------------------------------------------------------------------------------------------------
2026-07-22 08:07:12,952 P3154851 INFO 139/300 starting... lr: 0.0009000000000000001 para:0.01
2026-07-22 08:07:19,175 P3154851 INFO Epoch 139/300, all_loss:0.00045 cls_loss:0.00003 rec_loss:0.04195 [6.22s]; best loss:0.00045, patience : 0
2026-07-22 08:07:21,514 P3154851 INFO pr:0.9639  rc:0.9421  auc:0.9779 ap:0.9774 f1: 0.9529 pred_right: 38612 pred_wrong:388 actu_right: 38603 actu_wrong: 397
2026-07-22 08:07:22,400 P3154851 INFO pr:0.9343  rc:0.9922  auc:0.9944 ap:0.9805 f1: 0.9624 pred_right: 16363 pred_wrong:137 actu_right: 16371 actu_wrong: 129
2026-07-22 08:07:22,400 P3154851 INFO ----------------------------------------------------------------------------------------------------
2026-07-22 08:07:22,400 P3154851 INFO 140/300 starting... lr: 0.0009000000000000001 para:0.01
2026-07-22 08:07:29,464 P3154851 INFO Epoch 140/300, all_loss:0.00044 cls_loss:0.00004 rec_loss:0.04091 [7.06s]; best loss:0.00044, patience : 0
2026-07-22 08:07:31,648 P3154851 INFO pr:0.9614  rc:0.9421  auc:0.9778 ap:0.9771 f1: 0.9517 pred_right: 38611 pred_wrong:389 actu_right: 38603 actu_wrong: 397
2026-07-22 08:07:32,341 P3154851 INFO pr:0.9275  rc:0.9922  auc:0.9944 ap:0.9805 f1: 0.9588 pred_right: 16362 pred_wrong:138 actu_right: 16371 actu_wrong: 129
2026-07-22 08:07:32,342 P3154851 INFO ----------------------------------------------------------------------------------------------------
2026-07-22 08:07:32,342 P3154851 INFO 141/300 starting... lr: 0.0009000000000000001 para:0.01
2026-07-22 08:07:37,413 P3154851 INFO Epoch 141/300, all_loss:0.00044 cls_loss:0.00003 rec_loss:0.04037 [5.07s]; best loss:0.00044, patience : 0
2026-07-22 08:07:39,402 P3154851 INFO pr:0.9613  rc:0.9419  auc:0.9777 ap:0.9758 f1: 0.9515 pred_right: 38612 pred_wrong:388 actu_right: 38604 actu_wrong: 396
2026-07-22 08:07:40,268 P3154851 INFO pr:0.9275  rc:0.9922  auc:0.9944 ap:0.9804 f1: 0.9588 pred_right: 16362 pred_wrong:138 actu_right: 16371 actu_wrong: 129
2026-07-22 08:07:40,268 P3154851 INFO ----------------------------------------------------------------------------------------------------
2026-07-22 08:07:40,268 P3154851 INFO 142/300 starting... lr: 0.0009000000000000001 para:0.01
2026-07-22 08:07:49,028 P3154851 INFO Epoch 142/300, all_loss:0.00042 cls_loss:0.00003 rec_loss:0.03863 [8.75s]; best loss:0.00042, patience : 0
2026-07-22 08:07:52,863 P3154851 INFO pr:0.9640  rc:0.9446  auc:0.9777 ap:0.9761 f1: 0.9542 pred_right: 38611 pred_wrong:389 actu_right: 38603 actu_wrong: 397
2026-07-22 08:07:54,451 P3154851 INFO pr:0.9343  rc:0.9922  auc:0.9944 ap:0.9804 f1: 0.9624 pred_right: 16363 pred_wrong:137 actu_right: 16371 actu_wrong: 129
2026-07-22 08:07:54,452 P3154851 INFO ----------------------------------------------------------------------------------------------------
2026-07-22 08:07:54,452 P3154851 INFO 143/300 starting... lr: 0.0009000000000000001 para:0.01
2026-07-22 08:08:01,904 P3154851 INFO Epoch 143/300, all_loss:0.00043 cls_loss:0.00005 rec_loss:0.03863 [7.45s]; best loss:0.00042, patience : 1
2026-07-22 08:08:04,212 P3154851 INFO pr:0.9615  rc:0.9446  auc:0.9777 ap:0.9766 f1: 0.9530 pred_right: 38610 pred_wrong:390 actu_right: 38603 actu_wrong: 397
2026-07-22 08:08:05,086 P3154851 INFO pr:0.9275  rc:0.9922  auc:0.9944 ap:0.9806 f1: 0.9588 pred_right: 16362 pred_wrong:138 actu_right: 16371 actu_wrong: 129
2026-07-22 08:08:05,086 P3154851 INFO ----------------------------------------------------------------------------------------------------
2026-07-22 08:08:05,087 P3154851 INFO 144/300 starting... lr: 0.0009000000000000001 para:0.01
2026-07-22 08:08:11,177 P3154851 INFO Epoch 144/300, all_loss:0.00042 cls_loss:0.00003 rec_loss:0.03845 [6.09s]; best loss:0.00042, patience : 0
2026-07-22 08:08:13,419 P3154851 INFO pr:0.9663  rc:0.9395  auc:0.9761 ap:0.9760 f1: 0.9527 pred_right: 38614 pred_wrong:386 actu_right: 38603 actu_wrong: 397
2026-07-22 08:08:14,274 P3154851 INFO pr:0.9403  rc:0.9767  auc:0.9944 ap:0.9799 f1: 0.9582 pred_right: 16366 pred_wrong:134 actu_right: 16371 actu_wrong: 129
2026-07-22 08:08:14,274 P3154851 INFO ----------------------------------------------------------------------------------------------------
2026-07-22 08:08:14,281 P3154851 INFO 145/300 starting... lr: 0.0009000000000000001 para:0.01
2026-07-22 08:08:20,329 P3154851 INFO Epoch 145/300, all_loss:0.00043 cls_loss:0.00006 rec_loss:0.03722 [6.05s]; best loss:0.00042, patience : 1
2026-07-22 08:08:22,301 P3154851 INFO pr:0.9839  rc:0.9242  auc:0.9738 ap:0.9765 f1: 0.9531 pred_right: 38628 pred_wrong:372 actu_right: 38604 actu_wrong: 396
2026-07-22 08:08:23,180 P3154851 INFO pr:0.9538  rc:0.9612  auc:0.9944 ap:0.9793 f1: 0.9575 pred_right: 16370 pred_wrong:130 actu_right: 16371 actu_wrong: 129
2026-07-22 08:08:23,181 P3154851 INFO ----------------------------------------------------------------------------------------------------
2026-07-22 08:08:23,181 P3154851 INFO 146/300 starting... lr: 0.0009000000000000001 para:0.01
2026-07-22 08:08:29,413 P3154851 INFO Epoch 146/300, all_loss:0.30304 cls_loss:0.30538 rec_loss:0.07074 [6.23s]; best loss:0.00042, patience : 2
2026-07-22 08:08:31,347 P3154851 INFO pr:0.9058  rc:0.9470  auc:0.9780 ap:0.9629 f1: 0.9259 pred_right: 38586 pred_wrong:414 actu_right: 38604 actu_wrong: 396
2026-07-22 08:08:32,158 P3154851 INFO pr:0.8077  rc:0.9767  auc:0.9946 ap:0.9639 f1: 0.8842 pred_right: 16344 pred_wrong:156 actu_right: 16371 actu_wrong: 129
2026-07-22 08:08:32,158 P3154851 INFO ----------------------------------------------------------------------------------------------------
2026-07-22 08:08:32,159 P3154851 INFO 147/300 starting... lr: 0.0009000000000000001 para:0.01
2026-07-22 08:08:38,354 P3154851 INFO Epoch 147/300, all_loss:0.11085 cls_loss:0.11126 rec_loss:0.07005 [6.20s]; best loss:0.00042, patience : 2
2026-07-22 08:08:40,406 P3154851 INFO pr:0.9492  rc:0.9421  auc:0.9802 ap:0.9738 f1: 0.9456 pred_right: 38606 pred_wrong:394 actu_right: 38603 actu_wrong: 397
2026-07-22 08:08:41,447 P3154851 INFO pr:0.9328  rc:0.9690  auc:0.9923 ap:0.9698 f1: 0.9506 pred_right: 16366 pred_wrong:134 actu_right: 16371 actu_wrong: 129
2026-07-22 08:08:41,448 P3154851 INFO ----------------------------------------------------------------------------------------------------
2026-07-22 08:08:41,448 P3154851 INFO 148/300 starting... lr: 0.0009000000000000001 para:0.01
2026-07-22 08:08:47,552 P3154851 INFO Epoch 148/300, all_loss:0.19585 cls_loss:0.19720 rec_loss:0.06216 [6.10s]; best loss:0.00042, patience : 3
2026-07-22 08:08:49,528 P3154851 INFO pr:0.9350  rc:0.9421  auc:0.9776 ap:0.9746 f1: 0.9385 pred_right: 38600 pred_wrong:400 actu_right: 38603 actu_wrong: 397
2026-07-22 08:08:50,345 P3154851 INFO pr:0.8101  rc:0.9922  auc:0.9944 ap:0.9798 f1: 0.8920 pred_right: 16342 pred_wrong:158 actu_right: 16371 actu_wrong: 129
2026-07-22 08:08:50,346 P3154851 INFO ----------------------------------------------------------------------------------------------------
2026-07-22 08:08:50,346 P3154851 INFO 149/300 starting... lr: 0.0009000000000000001 para:0.01
2026-07-22 08:08:56,574 P3154851 INFO Epoch 149/300, all_loss:0.04308 cls_loss:0.04282 rec_loss:0.06809 [6.23s]; best loss:0.00042, patience : 3
2026-07-22 08:08:58,817 P3154851 INFO pr:0.9472  rc:0.9496  auc:0.9835 ap:0.9773 f1: 0.9484 pred_right: 38602 pred_wrong:398 actu_right: 38603 actu_wrong: 397
2026-07-22 08:08:59,762 P3154851 INFO pr:0.7805  rc:0.9922  auc:0.9944 ap:0.9761 f1: 0.8737 pred_right: 16336 pred_wrong:164 actu_right: 16371 actu_wrong: 129
2026-07-22 08:08:59,763 P3154851 INFO ----------------------------------------------------------------------------------------------------
2026-07-22 08:08:59,763 P3154851 INFO 150/300 starting... lr: 0.0009000000000000001 para:0.01
2026-07-22 08:09:07,357 P3154851 INFO Epoch 150/300, all_loss:0.00525 cls_loss:0.00467 rec_loss:0.06310 [7.59s]; best loss:0.00042, patience : 3
2026-07-22 08:09:08,935 P3154851 INFO pr:0.9640  rc:0.9470  auc:0.9826 ap:0.9773 f1: 0.9554 pred_right: 38611 pred_wrong:389 actu_right: 38604 actu_wrong: 396
2026-07-22 08:09:09,618 P3154851 INFO pr:0.9203  rc:0.9845  auc:0.9944 ap:0.9763 f1: 0.9513 pred_right: 16362 pred_wrong:138 actu_right: 16371 actu_wrong: 129
2026-07-22 08:09:09,619 P3154851 INFO ----------------------------------------------------------------------------------------------------
2026-07-22 08:09:09,619 P3154851 INFO 151/300 starting... lr: 0.0009000000000000001 para:0.01
2026-07-22 08:09:14,757 P3154851 INFO Epoch 151/300, all_loss:0.00538 cls_loss:0.00482 rec_loss:0.06077 [5.14s]; best loss:0.00042, patience : 4
2026-07-22 08:09:16,937 P3154851 INFO pr:0.9661  rc:0.9345  auc:0.9817 ap:0.9769 f1: 0.9501 pred_right: 38616 pred_wrong:384 actu_right: 38603 actu_wrong: 397
2026-07-22 08:09:17,692 P3154851 INFO pr:0.9403  rc:0.9767  auc:0.9944 ap:0.9808 f1: 0.9582 pred_right: 16366 pred_wrong:134 actu_right: 16371 actu_wrong: 129
2026-07-22 08:09:17,693 P3154851 INFO ----------------------------------------------------------------------------------------------------
2026-07-22 08:09:17,693 P3154851 INFO 152/300 starting... lr: 0.0009000000000000001 para:0.01
2026-07-22 08:09:26,908 P3154851 INFO Epoch 152/300, all_loss:0.02206 cls_loss:0.02159 rec_loss:0.06927 [9.21s]; best loss:0.00042, patience : 5
2026-07-22 08:09:30,842 P3154851 INFO pr:0.9788  rc:0.9295  auc:0.9815 ap:0.9773 f1: 0.9535 pred_right: 38623 pred_wrong:377 actu_right: 38603 actu_wrong: 397
2026-07-22 08:09:32,910 P3154851 INFO pr:0.9474  rc:0.9767  auc:0.9925 ap:0.9789 f1: 0.9618 pred_right: 16367 pred_wrong:133 actu_right: 16371 actu_wrong: 129
2026-07-22 08:09:32,911 P3154851 INFO ----------------------------------------------------------------------------------------------------
2026-07-22 08:09:32,911 P3154851 INFO 153/300 starting... lr: 0.0009000000000000001 para:0.01
2026-07-22 08:09:40,100 P3154851 INFO Epoch 153/300, all_loss:0.00152 cls_loss:0.00083 rec_loss:0.06946 [7.19s]; best loss:0.00042, patience : 5
2026-07-22 08:09:42,055 P3154851 INFO pr:0.9571  rc:0.9547  auc:0.9833 ap:0.9779 f1: 0.9559 pred_right: 38604 pred_wrong:396 actu_right: 38603 actu_wrong: 397
2026-07-22 08:09:42,884 P3154851 INFO pr:0.9007  rc:0.9845  auc:0.9944 ap:0.9798 f1: 0.9407 pred_right: 16359 pred_wrong:141 actu_right: 16371 actu_wrong: 129
2026-07-22 08:09:42,885 P3154851 INFO ----------------------------------------------------------------------------------------------------
2026-07-22 08:09:42,885 P3154851 INFO 154/300 starting... lr: 0.0009000000000000001 para:0.01
2026-07-22 08:09:49,085 P3154851 INFO Epoch 154/300, all_loss:0.00075 cls_loss:0.00010 rec_loss:0.06548 [6.20s]; best loss:0.00042, patience : 5
2026-07-22 08:09:51,316 P3154851 INFO pr:0.9594  rc:0.9545  auc:0.9826 ap:0.9778 f1: 0.9570 pred_right: 38606 pred_wrong:394 actu_right: 38604 actu_wrong: 396
2026-07-22 08:09:52,264 P3154851 INFO pr:0.9338  rc:0.9845  auc:0.9944 ap:0.9799 f1: 0.9585 pred_right: 16364 pred_wrong:136 actu_right: 16371 actu_wrong: 129
2026-07-22 08:09:52,264 P3154851 INFO ----------------------------------------------------------------------------------------------------
2026-07-22 08:09:52,265 P3154851 INFO 155/300 starting... lr: 0.0009000000000000001 para:0.01
2026-07-22 08:09:58,566 P3154851 INFO Epoch 155/300, all_loss:0.00070 cls_loss:0.00006 rec_loss:0.06354 [6.30s]; best loss:0.00042, patience : 5
2026-07-22 08:10:00,793 P3154851 INFO pr:0.9594  rc:0.9545  auc:0.9826 ap:0.9777 f1: 0.9570 pred_right: 38606 pred_wrong:394 actu_right: 38604 actu_wrong: 396
2026-07-22 08:10:01,723 P3154851 INFO pr:0.9338  rc:0.9845  auc:0.9944 ap:0.9799 f1: 0.9585 pred_right: 16364 pred_wrong:136 actu_right: 16371 actu_wrong: 129
2026-07-22 08:10:01,724 P3154851 INFO ----------------------------------------------------------------------------------------------------
2026-07-22 08:10:01,724 P3154851 INFO 156/300 starting... lr: 0.0009000000000000001 para:0.01
2026-07-22 08:10:07,870 P3154851 INFO Epoch 156/300, all_loss:0.00067 cls_loss:0.00006 rec_loss:0.06120 [6.15s]; best loss:0.00042, patience : 5
2026-07-22 08:10:10,183 P3154851 INFO pr:0.9618  rc:0.9545  auc:0.9832 ap:0.9777 f1: 0.9582 pred_right: 38607 pred_wrong:393 actu_right: 38604 actu_wrong: 396
2026-07-22 08:10:11,142 P3154851 INFO pr:0.9338  rc:0.9845  auc:0.9944 ap:0.9800 f1: 0.9585 pred_right: 16364 pred_wrong:136 actu_right: 16371 actu_wrong: 129
2026-07-22 08:10:11,143 P3154851 INFO ----------------------------------------------------------------------------------------------------
2026-07-22 08:10:11,143 P3154851 INFO 157/300 starting... lr: 0.0009000000000000001 para:0.01
2026-07-22 08:10:17,225 P3154851 INFO Epoch 157/300, all_loss:0.00064 cls_loss:0.00005 rec_loss:0.05914 [6.08s]; best loss:0.00042, patience : 5
2026-07-22 08:10:19,456 P3154851 INFO pr:0.9617  rc:0.9496  auc:0.9831 ap:0.9777 f1: 0.9556 pred_right: 38608 pred_wrong:392 actu_right: 38603 actu_wrong: 397
2026-07-22 08:10:20,319 P3154851 INFO pr:0.9338  rc:0.9845  auc:0.9944 ap:0.9800 f1: 0.9585 pred_right: 16364 pred_wrong:136 actu_right: 16371 actu_wrong: 129
2026-07-22 08:10:20,320 P3154851 INFO ----------------------------------------------------------------------------------------------------
2026-07-22 08:10:20,320 P3154851 INFO 158/300 starting... lr: 0.0009000000000000001 para:0.01
2026-07-22 08:10:26,390 P3154851 INFO Epoch 158/300, all_loss:0.00062 cls_loss:0.00005 rec_loss:0.05710 [6.07s]; best loss:0.00042, patience : 5
2026-07-22 08:10:28,557 P3154851 INFO pr:0.9592  rc:0.9495  auc:0.9830 ap:0.9776 f1: 0.9543 pred_right: 38608 pred_wrong:392 actu_right: 38604 actu_wrong: 396
2026-07-22 08:10:29,452 P3154851 INFO pr:0.9338  rc:0.9845  auc:0.9944 ap:0.9801 f1: 0.9585 pred_right: 16364 pred_wrong:136 actu_right: 16371 actu_wrong: 129
2026-07-22 08:10:29,453 P3154851 INFO ----------------------------------------------------------------------------------------------------
2026-07-22 08:10:29,453 P3154851 INFO 159/300 starting... lr: 0.0009000000000000001 para:0.01
2026-07-22 08:10:35,852 P3154851 INFO Epoch 159/300, all_loss:0.00060 cls_loss:0.00005 rec_loss:0.05530 [6.40s]; best loss:0.00042, patience : 5
2026-07-22 08:10:37,890 P3154851 INFO pr:0.9593  rc:0.9496  auc:0.9836 ap:0.9776 f1: 0.9544 pred_right: 38607 pred_wrong:393 actu_right: 38603 actu_wrong: 397
2026-07-22 08:10:38,735 P3154851 INFO pr:0.9407  rc:0.9845  auc:0.9944 ap:0.9801 f1: 0.9621 pred_right: 16365 pred_wrong:135 actu_right: 16371 actu_wrong: 129
2026-07-22 08:10:38,735 P3154851 INFO ----------------------------------------------------------------------------------------------------
2026-07-22 08:10:38,735 P3154851 INFO 160/300 starting... lr: 0.0009000000000000001 para:0.01
2026-07-22 08:10:45,544 P3154851 INFO Epoch 160/300, all_loss:0.00058 cls_loss:0.00005 rec_loss:0.05366 [6.81s]; best loss:0.00042, patience : 5
2026-07-22 08:10:47,182 P3154851 INFO pr:0.9593  rc:0.9496  auc:0.9836 ap:0.9776 f1: 0.9544 pred_right: 38607 pred_wrong:393 actu_right: 38603 actu_wrong: 397
2026-07-22 08:10:47,869 P3154851 INFO pr:0.9407  rc:0.9845  auc:0.9944 ap:0.9801 f1: 0.9621 pred_right: 16365 pred_wrong:135 actu_right: 16371 actu_wrong: 129
2026-07-22 08:10:47,869 P3154851 INFO ----------------------------------------------------------------------------------------------------
2026-07-22 08:10:47,869 P3154851 INFO 161/300 starting... lr: 0.0009000000000000001 para:0.01
2026-07-22 08:10:53,245 P3154851 INFO Epoch 161/300, all_loss:0.00057 cls_loss:0.00005 rec_loss:0.05237 [5.38s]; best loss:0.00042, patience : 5
2026-07-22 08:10:54,982 P3154851 INFO pr:0.9594  rc:0.9521  auc:0.9835 ap:0.9775 f1: 0.9558 pred_right: 38606 pred_wrong:394 actu_right: 38603 actu_wrong: 397
2026-07-22 08:10:55,706 P3154851 INFO pr:0.9407  rc:0.9845  auc:0.9944 ap:0.9799 f1: 0.9621 pred_right: 16365 pred_wrong:135 actu_right: 16371 actu_wrong: 129
2026-07-22 08:10:55,706 P3154851 INFO ----------------------------------------------------------------------------------------------------
2026-07-22 08:10:55,706 P3154851 INFO 162/300 starting... lr: 0.0009000000000000001 para:0.01
2026-07-22 08:11:08,837 P3154851 INFO Epoch 162/300, all_loss:0.00055 cls_loss:0.00004 rec_loss:0.05091 [13.13s]; best loss:0.00042, patience : 5
2026-07-22 08:11:11,720 P3154851 INFO pr:0.9594  rc:0.9521  auc:0.9834 ap:0.9775 f1: 0.9558 pred_right: 38606 pred_wrong:394 actu_right: 38603 actu_wrong: 397
2026-07-22 08:11:12,591 P3154851 INFO pr:0.9407  rc:0.9845  auc:0.9944 ap:0.9800 f1: 0.9621 pred_right: 16365 pred_wrong:135 actu_right: 16371 actu_wrong: 129
2026-07-22 08:11:12,592 P3154851 INFO ----------------------------------------------------------------------------------------------------
2026-07-22 08:11:12,592 P3154851 INFO 163/300 starting... lr: 0.0009000000000000001 para:0.01
2026-07-22 08:11:18,830 P3154851 INFO Epoch 163/300, all_loss:0.00054 cls_loss:0.00004 rec_loss:0.04957 [6.24s]; best loss:0.00042, patience : 5
2026-07-22 08:11:21,166 P3154851 INFO pr:0.9594  rc:0.9521  auc:0.9833 ap:0.9775 f1: 0.9558 pred_right: 38606 pred_wrong:394 actu_right: 38603 actu_wrong: 397
2026-07-22 08:11:22,249 P3154851 INFO pr:0.9407  rc:0.9845  auc:0.9944 ap:0.9800 f1: 0.9621 pred_right: 16365 pred_wrong:135 actu_right: 16371 actu_wrong: 129
2026-07-22 08:11:22,249 P3154851 INFO ----------------------------------------------------------------------------------------------------
2026-07-22 08:11:22,249 P3154851 INFO 164/300 starting... lr: 0.0009000000000000001 para:0.01
2026-07-22 08:11:28,260 P3154851 INFO Epoch 164/300, all_loss:0.00052 cls_loss:0.00004 rec_loss:0.04837 [6.01s]; best loss:0.00042, patience : 5
2026-07-22 08:11:30,225 P3154851 INFO pr:0.9593  rc:0.9520  auc:0.9831 ap:0.9774 f1: 0.9556 pred_right: 38607 pred_wrong:393 actu_right: 38604 actu_wrong: 396
2026-07-22 08:11:31,063 P3154851 INFO pr:0.9407  rc:0.9845  auc:0.9944 ap:0.9800 f1: 0.9621 pred_right: 16365 pred_wrong:135 actu_right: 16371 actu_wrong: 129
2026-07-22 08:11:31,063 P3154851 INFO ----------------------------------------------------------------------------------------------------
2026-07-22 08:11:31,063 P3154851 INFO 165/300 starting... lr: 0.0009000000000000001 para:0.01
2026-07-22 08:11:37,382 P3154851 INFO Epoch 165/300, all_loss:0.00051 cls_loss:0.00004 rec_loss:0.04711 [6.32s]; best loss:0.00042, patience : 5
2026-07-22 08:11:39,406 P3154851 INFO pr:0.9594  rc:0.9521  auc:0.9831 ap:0.9774 f1: 0.9558 pred_right: 38606 pred_wrong:394 actu_right: 38603 actu_wrong: 397
2026-07-22 08:11:40,245 P3154851 INFO pr:0.9407  rc:0.9845  auc:0.9944 ap:0.9800 f1: 0.9621 pred_right: 16365 pred_wrong:135 actu_right: 16371 actu_wrong: 129
2026-07-22 08:11:40,246 P3154851 INFO ----------------------------------------------------------------------------------------------------
2026-07-22 08:11:40,246 P3154851 INFO 166/300 starting... lr: 0.0009000000000000001 para:0.01
2026-07-22 08:11:46,327 P3154851 INFO Epoch 166/300, all_loss:0.00050 cls_loss:0.00004 rec_loss:0.04605 [6.08s]; best loss:0.00042, patience : 5
2026-07-22 08:11:48,768 P3154851 INFO pr:0.9594  rc:0.9521  auc:0.9836 ap:0.9762 f1: 0.9558 pred_right: 38606 pred_wrong:394 actu_right: 38603 actu_wrong: 397
2026-07-22 08:11:49,605 P3154851 INFO pr:0.9338  rc:0.9845  auc:0.9944 ap:0.9800 f1: 0.9585 pred_right: 16364 pred_wrong:136 actu_right: 16371 actu_wrong: 129
2026-07-22 08:11:49,606 P3154851 INFO ----------------------------------------------------------------------------------------------------
2026-07-22 08:11:49,606 P3154851 INFO 167/300 starting... lr: 0.0009000000000000001 para:0.01
2026-07-22 08:11:55,786 P3154851 INFO Epoch 167/300, all_loss:0.00049 cls_loss:0.00004 rec_loss:0.04509 [6.18s]; best loss:0.00042, patience : 5
2026-07-22 08:11:57,727 P3154851 INFO pr:0.9593  rc:0.9520  auc:0.9835 ap:0.9762 f1: 0.9556 pred_right: 38607 pred_wrong:393 actu_right: 38604 actu_wrong: 396
2026-07-22 08:11:58,765 P3154851 INFO pr:0.9407  rc:0.9845  auc:0.9944 ap:0.9801 f1: 0.9621 pred_right: 16365 pred_wrong:135 actu_right: 16371 actu_wrong: 129
2026-07-22 08:11:58,765 P3154851 INFO ----------------------------------------------------------------------------------------------------
2026-07-22 08:11:58,765 P3154851 INFO 168/300 starting... lr: 0.0009000000000000001 para:0.01
2026-07-22 08:12:04,810 P3154851 INFO Epoch 168/300, all_loss:0.00047 cls_loss:0.00003 rec_loss:0.04398 [6.04s]; best loss:0.00042, patience : 5
2026-07-22 08:12:06,734 P3154851 INFO pr:0.9594  rc:0.9521  auc:0.9834 ap:0.9762 f1: 0.9558 pred_right: 38606 pred_wrong:394 actu_right: 38603 actu_wrong: 397
2026-07-22 08:12:07,617 P3154851 INFO pr:0.9338  rc:0.9845  auc:0.9944 ap:0.9802 f1: 0.9585 pred_right: 16364 pred_wrong:136 actu_right: 16371 actu_wrong: 129
2026-07-22 08:12:07,617 P3154851 INFO ----------------------------------------------------------------------------------------------------
2026-07-22 08:12:07,617 P3154851 INFO 169/300 starting... lr: 0.0009000000000000001 para:0.01
2026-07-22 08:12:14,034 P3154851 INFO Epoch 169/300, all_loss:0.00046 cls_loss:0.00003 rec_loss:0.04298 [6.42s]; best loss:0.00042, patience : 5
2026-07-22 08:12:16,048 P3154851 INFO pr:0.9593  rc:0.9520  auc:0.9832 ap:0.9762 f1: 0.9556 pred_right: 38607 pred_wrong:393 actu_right: 38604 actu_wrong: 396
2026-07-22 08:12:16,879 P3154851 INFO pr:0.9478  rc:0.9845  auc:0.9944 ap:0.9802 f1: 0.9658 pred_right: 16366 pred_wrong:134 actu_right: 16371 actu_wrong: 129
2026-07-22 08:12:16,880 P3154851 INFO ----------------------------------------------------------------------------------------------------
2026-07-22 08:12:16,880 P3154851 INFO 170/300 starting... lr: 0.0009000000000000001 para:0.01
2026-07-22 08:12:22,840 P3154851 INFO Epoch 170/300, all_loss:0.00045 cls_loss:0.00003 rec_loss:0.04211 [5.96s]; best loss:0.00042, patience : 5
2026-07-22 08:12:24,457 P3154851 INFO pr:0.9594  rc:0.9521  auc:0.9830 ap:0.9762 f1: 0.9558 pred_right: 38606 pred_wrong:394 actu_right: 38603 actu_wrong: 397
2026-07-22 08:12:25,250 P3154851 INFO pr:0.9407  rc:0.9845  auc:0.9944 ap:0.9802 f1: 0.9621 pred_right: 16365 pred_wrong:135 actu_right: 16371 actu_wrong: 129
2026-07-22 08:12:25,250 P3154851 INFO ----------------------------------------------------------------------------------------------------
2026-07-22 08:12:25,250 P3154851 INFO 171/300 starting... lr: 0.0009000000000000001 para:0.01
2026-07-22 08:12:30,905 P3154851 INFO Epoch 171/300, all_loss:0.00044 cls_loss:0.00003 rec_loss:0.04107 [5.65s]; best loss:0.00042, patience : 5
2026-07-22 08:12:33,735 P3154851 INFO pr:0.9570  rc:0.9521  auc:0.9829 ap:0.9762 f1: 0.9545 pred_right: 38605 pred_wrong:395 actu_right: 38603 actu_wrong: 397
2026-07-22 08:12:35,459 P3154851 INFO pr:0.9407  rc:0.9845  auc:0.9944 ap:0.9801 f1: 0.9621 pred_right: 16365 pred_wrong:135 actu_right: 16371 actu_wrong: 129
2026-07-22 08:12:35,460 P3154851 INFO ----------------------------------------------------------------------------------------------------
2026-07-22 08:12:35,460 P3154851 INFO 172/300 starting... lr: 0.0009000000000000001 para:0.01
2026-07-22 08:12:47,156 P3154851 INFO Epoch 172/300, all_loss:0.00043 cls_loss:0.00003 rec_loss:0.04004 [11.69s]; best loss:0.00042, patience : 5
2026-07-22 08:12:49,331 P3154851 INFO pr:0.9545  rc:0.9521  auc:0.9826 ap:0.9762 f1: 0.9533 pred_right: 38604 pred_wrong:396 actu_right: 38603 actu_wrong: 397
2026-07-22 08:12:50,207 P3154851 INFO pr:0.9338  rc:0.9845  auc:0.9944 ap:0.9801 f1: 0.9585 pred_right: 16364 pred_wrong:136 actu_right: 16371 actu_wrong: 129
2026-07-22 08:12:50,207 P3154851 INFO ----------------------------------------------------------------------------------------------------
2026-07-22 08:12:50,207 P3154851 INFO 173/300 starting... lr: 0.0009000000000000001 para:0.01
2026-07-22 08:12:56,430 P3154851 INFO Epoch 173/300, all_loss:0.00042 cls_loss:0.00003 rec_loss:0.03895 [6.22s]; best loss:0.00042, patience : 5
2026-07-22 08:12:58,564 P3154851 INFO pr:0.9545  rc:0.9521  auc:0.9825 ap:0.9761 f1: 0.9533 pred_right: 38604 pred_wrong:396 actu_right: 38603 actu_wrong: 397
2026-07-22 08:12:59,385 P3154851 INFO pr:0.9338  rc:0.9845  auc:0.9944 ap:0.9801 f1: 0.9585 pred_right: 16364 pred_wrong:136 actu_right: 16371 actu_wrong: 129
2026-07-22 08:12:59,386 P3154851 INFO ----------------------------------------------------------------------------------------------------
2026-07-22 08:12:59,386 P3154851 INFO 174/300 starting... lr: 0.0009000000000000001 para:0.01
2026-07-22 08:13:05,666 P3154851 INFO Epoch 174/300, all_loss:0.00041 cls_loss:0.00002 rec_loss:0.03828 [6.28s]; best loss:0.00041, patience : 0
2026-07-22 08:13:07,679 P3154851 INFO pr:0.9544  rc:0.9496  auc:0.9823 ap:0.9762 f1: 0.9520 pred_right: 38605 pred_wrong:395 actu_right: 38603 actu_wrong: 397
2026-07-22 08:13:08,500 P3154851 INFO pr:0.9407  rc:0.9845  auc:0.9944 ap:0.9802 f1: 0.9621 pred_right: 16365 pred_wrong:135 actu_right: 16371 actu_wrong: 129
2026-07-22 08:13:08,501 P3154851 INFO ----------------------------------------------------------------------------------------------------
2026-07-22 08:13:08,501 P3154851 INFO 175/300 starting... lr: 0.0009000000000000001 para:0.01
2026-07-22 08:13:14,753 P3154851 INFO Epoch 175/300, all_loss:0.00039 cls_loss:0.00002 rec_loss:0.03713 [6.25s]; best loss:0.00039, patience : 0
2026-07-22 08:13:16,790 P3154851 INFO pr:0.9544  rc:0.9496  auc:0.9822 ap:0.9761 f1: 0.9520 pred_right: 38605 pred_wrong:395 actu_right: 38603 actu_wrong: 397
2026-07-22 08:13:17,682 P3154851 INFO pr:0.9338  rc:0.9845  auc:0.9944 ap:0.9801 f1: 0.9585 pred_right: 16364 pred_wrong:136 actu_right: 16371 actu_wrong: 129
2026-07-22 08:13:17,682 P3154851 INFO ----------------------------------------------------------------------------------------------------
2026-07-22 08:13:17,683 P3154851 INFO 176/300 starting... lr: 0.0009000000000000001 para:0.01
2026-07-22 08:13:23,850 P3154851 INFO Epoch 176/300, all_loss:0.00039 cls_loss:0.00002 rec_loss:0.03623 [6.16s]; best loss:0.00039, patience : 0
2026-07-22 08:13:25,946 P3154851 INFO pr:0.9569  rc:0.9496  auc:0.9821 ap:0.9763 f1: 0.9532 pred_right: 38606 pred_wrong:394 actu_right: 38603 actu_wrong: 397
2026-07-22 08:13:26,822 P3154851 INFO pr:0.9407  rc:0.9845  auc:0.9944 ap:0.9801 f1: 0.9621 pred_right: 16365 pred_wrong:135 actu_right: 16371 actu_wrong: 129
2026-07-22 08:13:26,823 P3154851 INFO ----------------------------------------------------------------------------------------------------
2026-07-22 08:13:26,823 P3154851 INFO 177/300 starting... lr: 0.0009000000000000001 para:0.01
2026-07-22 08:13:32,996 P3154851 INFO Epoch 177/300, all_loss:0.00038 cls_loss:0.00002 rec_loss:0.03534 [6.17s]; best loss:0.00038, patience : 0
2026-07-22 08:13:34,983 P3154851 INFO pr:0.9569  rc:0.9496  auc:0.9819 ap:0.9762 f1: 0.9532 pred_right: 38606 pred_wrong:394 actu_right: 38603 actu_wrong: 397
2026-07-22 08:13:35,912 P3154851 INFO pr:0.9338  rc:0.9845  auc:0.9944 ap:0.9802 f1: 0.9585 pred_right: 16364 pred_wrong:136 actu_right: 16371 actu_wrong: 129
2026-07-22 08:13:35,913 P3154851 INFO ----------------------------------------------------------------------------------------------------
2026-07-22 08:13:35,913 P3154851 INFO 178/300 starting... lr: 0.0009000000000000001 para:0.01
2026-07-22 08:13:42,064 P3154851 INFO Epoch 178/300, all_loss:0.00037 cls_loss:0.00002 rec_loss:0.03470 [6.15s]; best loss:0.00037, patience : 0
2026-07-22 08:13:44,210 P3154851 INFO pr:0.9569  rc:0.9520  auc:0.9830 ap:0.9774 f1: 0.9544 pred_right: 38606 pred_wrong:394 actu_right: 38604 actu_wrong: 396
2026-07-22 08:13:45,070 P3154851 INFO pr:0.9338  rc:0.9845  auc:0.9944 ap:0.9802 f1: 0.9585 pred_right: 16364 pred_wrong:136 actu_right: 16371 actu_wrong: 129
2026-07-22 08:13:45,071 P3154851 INFO ----------------------------------------------------------------------------------------------------
2026-07-22 08:13:45,071 P3154851 INFO 179/300 starting... lr: 0.0009000000000000001 para:0.01
2026-07-22 08:13:51,265 P3154851 INFO Epoch 179/300, all_loss:0.00036 cls_loss:0.00002 rec_loss:0.03373 [6.19s]; best loss:0.00036, patience : 0
2026-07-22 08:13:53,394 P3154851 INFO pr:0.9569  rc:0.9496  auc:0.9816 ap:0.9761 f1: 0.9532 pred_right: 38606 pred_wrong:394 actu_right: 38603 actu_wrong: 397
2026-07-22 08:13:54,593 P3154851 INFO pr:0.9338  rc:0.9845  auc:0.9944 ap:0.9802 f1: 0.9585 pred_right: 16364 pred_wrong:136 actu_right: 16371 actu_wrong: 129
2026-07-22 08:13:54,594 P3154851 INFO ----------------------------------------------------------------------------------------------------
2026-07-22 08:13:54,595 P3154851 INFO 180/300 starting... lr: 0.0009000000000000001 para:0.01
2026-07-22 08:14:00,385 P3154851 INFO Epoch 180/300, all_loss:0.00035 cls_loss:0.00002 rec_loss:0.03277 [5.79s]; best loss:0.00035, patience : 0
2026-07-22 08:14:02,008 P3154851 INFO pr:0.9569  rc:0.9496  auc:0.9816 ap:0.9761 f1: 0.9532 pred_right: 38606 pred_wrong:394 actu_right: 38603 actu_wrong: 397
2026-07-22 08:14:02,728 P3154851 INFO pr:0.9338  rc:0.9845  auc:0.9944 ap:0.9802 f1: 0.9585 pred_right: 16364 pred_wrong:136 actu_right: 16371 actu_wrong: 129
2026-07-22 08:14:02,728 P3154851 INFO ----------------------------------------------------------------------------------------------------
2026-07-22 08:14:02,728 P3154851 INFO 181/300 starting... lr: 0.0009000000000000001 para:0.01
2026-07-22 08:14:08,255 P3154851 INFO Epoch 181/300, all_loss:0.00034 cls_loss:0.00002 rec_loss:0.03210 [5.52s]; best loss:0.00034, patience : 0
2026-07-22 08:14:11,345 P3154851 INFO pr:0.9567  rc:0.9495  auc:0.9814 ap:0.9761 f1: 0.9531 pred_right: 38607 pred_wrong:393 actu_right: 38604 actu_wrong: 396
2026-07-22 08:14:12,774 P3154851 INFO pr:0.9407  rc:0.9845  auc:0.9944 ap:0.9802 f1: 0.9621 pred_right: 16365 pred_wrong:135 actu_right: 16371 actu_wrong: 129
2026-07-22 08:14:12,775 P3154851 INFO ----------------------------------------------------------------------------------------------------
2026-07-22 08:14:12,775 P3154851 INFO 182/300 starting... lr: 0.0009000000000000001 para:0.01
2026-07-22 08:14:24,726 P3154851 INFO Epoch 182/300, all_loss:0.00033 cls_loss:0.00002 rec_loss:0.03137 [11.95s]; best loss:0.00033, patience : 0
2026-07-22 08:14:27,061 P3154851 INFO pr:0.9569  rc:0.9496  auc:0.9814 ap:0.9761 f1: 0.9532 pred_right: 38606 pred_wrong:394 actu_right: 38603 actu_wrong: 397
2026-07-22 08:14:28,049 P3154851 INFO pr:0.9407  rc:0.9845  auc:0.9944 ap:0.9801 f1: 0.9621 pred_right: 16365 pred_wrong:135 actu_right: 16371 actu_wrong: 129
2026-07-22 08:14:28,049 P3154851 INFO ----------------------------------------------------------------------------------------------------
2026-07-22 08:14:28,049 P3154851 INFO 183/300 starting... lr: 0.0009000000000000001 para:0.01
2026-07-22 08:14:34,202 P3154851 INFO Epoch 183/300, all_loss:0.00032 cls_loss:0.00002 rec_loss:0.03051 [6.15s]; best loss:0.00032, patience : 0
2026-07-22 08:14:36,265 P3154851 INFO pr:0.9641  rc:0.9471  auc:0.9806 ap:0.9761 f1: 0.9555 pred_right: 38610 pred_wrong:390 actu_right: 38603 actu_wrong: 397
2026-07-22 08:14:37,255 P3154851 INFO pr:0.9407  rc:0.9845  auc:0.9944 ap:0.9803 f1: 0.9621 pred_right: 16365 pred_wrong:135 actu_right: 16371 actu_wrong: 129
2026-07-22 08:14:37,256 P3154851 INFO ----------------------------------------------------------------------------------------------------
2026-07-22 08:14:37,256 P3154851 INFO 184/300 starting... lr: 0.0009000000000000001 para:0.01
2026-07-22 08:14:43,300 P3154851 INFO Epoch 184/300, all_loss:0.00031 cls_loss:0.00002 rec_loss:0.02966 [6.04s]; best loss:0.00031, patience : 0
2026-07-22 08:14:45,253 P3154851 INFO pr:0.9543  rc:0.9471  auc:0.9811 ap:0.9760 f1: 0.9507 pred_right: 38606 pred_wrong:394 actu_right: 38603 actu_wrong: 397
2026-07-22 08:14:46,077 P3154851 INFO pr:0.9407  rc:0.9845  auc:0.9944 ap:0.9802 f1: 0.9621 pred_right: 16365 pred_wrong:135 actu_right: 16371 actu_wrong: 129
2026-07-22 08:14:46,078 P3154851 INFO ----------------------------------------------------------------------------------------------------
2026-07-22 08:14:46,078 P3154851 INFO 185/300 starting... lr: 0.0009000000000000001 para:0.01
2026-07-22 08:14:52,207 P3154851 INFO Epoch 185/300, all_loss:0.00031 cls_loss:0.00002 rec_loss:0.02891 [6.13s]; best loss:0.00031, patience : 0
2026-07-22 08:14:54,417 P3154851 INFO pr:0.9543  rc:0.9495  auc:0.9810 ap:0.9759 f1: 0.9519 pred_right: 38606 pred_wrong:394 actu_right: 38604 actu_wrong: 396
2026-07-22 08:14:55,582 P3154851 INFO pr:0.9338  rc:0.9845  auc:0.9944 ap:0.9803 f1: 0.9585 pred_right: 16364 pred_wrong:136 actu_right: 16371 actu_wrong: 129
2026-07-22 08:14:55,582 P3154851 INFO ----------------------------------------------------------------------------------------------------
2026-07-22 08:14:55,582 P3154851 INFO 186/300 starting... lr: 0.0009000000000000001 para:0.01
2026-07-22 08:15:01,805 P3154851 INFO Epoch 186/300, all_loss:0.00030 cls_loss:0.00002 rec_loss:0.02824 [6.22s]; best loss:0.00030, patience : 0
2026-07-22 08:15:03,919 P3154851 INFO pr:0.9567  rc:0.9471  auc:0.9797 ap:0.9758 f1: 0.9519 pred_right: 38607 pred_wrong:393 actu_right: 38603 actu_wrong: 397
2026-07-22 08:15:04,799 P3154851 INFO pr:0.9407  rc:0.9845  auc:0.9944 ap:0.9803 f1: 0.9621 pred_right: 16365 pred_wrong:135 actu_right: 16371 actu_wrong: 129
2026-07-22 08:15:04,800 P3154851 INFO ----------------------------------------------------------------------------------------------------
2026-07-22 08:15:04,800 P3154851 INFO 187/300 starting... lr: 0.0009000000000000001 para:0.01
2026-07-22 08:15:10,967 P3154851 INFO Epoch 187/300, all_loss:0.00029 cls_loss:0.00002 rec_loss:0.02739 [6.16s]; best loss:0.00029, patience : 0
2026-07-22 08:15:12,949 P3154851 INFO pr:0.9615  rc:0.9470  auc:0.9796 ap:0.9758 f1: 0.9542 pred_right: 38610 pred_wrong:390 actu_right: 38604 actu_wrong: 396
2026-07-22 08:15:13,814 P3154851 INFO pr:0.9407  rc:0.9845  auc:0.9944 ap:0.9803 f1: 0.9621 pred_right: 16365 pred_wrong:135 actu_right: 16371 actu_wrong: 129
2026-07-22 08:15:13,814 P3154851 INFO ----------------------------------------------------------------------------------------------------
2026-07-22 08:15:13,814 P3154851 INFO 188/300 starting... lr: 0.0009000000000000001 para:0.01
2026-07-22 08:15:20,001 P3154851 INFO Epoch 188/300, all_loss:0.00028 cls_loss:0.00001 rec_loss:0.02673 [6.18s]; best loss:0.00028, patience : 0
2026-07-22 08:15:22,187 P3154851 INFO pr:0.9544  rc:0.9496  auc:0.9803 ap:0.9760 f1: 0.9520 pred_right: 38605 pred_wrong:395 actu_right: 38603 actu_wrong: 397
2026-07-22 08:15:23,061 P3154851 INFO pr:0.9338  rc:0.9845  auc:0.9944 ap:0.9803 f1: 0.9585 pred_right: 16364 pred_wrong:136 actu_right: 16371 actu_wrong: 129
2026-07-22 08:15:23,062 P3154851 INFO ----------------------------------------------------------------------------------------------------
2026-07-22 08:15:23,062 P3154851 INFO 189/300 starting... lr: 0.0009000000000000001 para:0.01
2026-07-22 08:15:29,454 P3154851 INFO Epoch 189/300, all_loss:0.00027 cls_loss:0.00001 rec_loss:0.02604 [6.39s]; best loss:0.00027, patience : 0
2026-07-22 08:15:32,023 P3154851 INFO pr:0.9567  rc:0.9471  auc:0.9796 ap:0.9758 f1: 0.9519 pred_right: 38607 pred_wrong:393 actu_right: 38603 actu_wrong: 397
2026-07-22 08:15:33,716 P3154851 INFO pr:0.9407  rc:0.9845  auc:0.9944 ap:0.9803 f1: 0.9621 pred_right: 16365 pred_wrong:135 actu_right: 16371 actu_wrong: 129
2026-07-22 08:15:33,716 P3154851 INFO ----------------------------------------------------------------------------------------------------
2026-07-22 08:15:33,716 P3154851 INFO 190/300 starting... lr: 0.0009000000000000001 para:0.01
2026-07-22 08:15:38,248 P3154851 INFO Epoch 190/300, all_loss:0.00026 cls_loss:0.00001 rec_loss:0.02519 [4.53s]; best loss:0.00026, patience : 0
2026-07-22 08:15:40,088 P3154851 INFO pr:0.9566  rc:0.9470  auc:0.9795 ap:0.9758 f1: 0.9518 pred_right: 38608 pred_wrong:392 actu_right: 38604 actu_wrong: 396
2026-07-22 08:15:41,037 P3154851 INFO pr:0.9338  rc:0.9845  auc:0.9944 ap:0.9803 f1: 0.9585 pred_right: 16364 pred_wrong:136 actu_right: 16371 actu_wrong: 129
2026-07-22 08:15:41,038 P3154851 INFO ----------------------------------------------------------------------------------------------------
2026-07-22 08:15:41,038 P3154851 INFO 191/300 starting... lr: 0.0009000000000000001 para:0.01
2026-07-22 08:15:47,330 P3154851 INFO Epoch 191/300, all_loss:0.00026 cls_loss:0.00001 rec_loss:0.02453 [6.29s]; best loss:0.00026, patience : 0
2026-07-22 08:15:51,312 P3154851 INFO pr:0.9615  rc:0.9470  auc:0.9794 ap:0.9756 f1: 0.9542 pred_right: 38610 pred_wrong:390 actu_right: 38604 actu_wrong: 396
2026-07-22 08:15:52,838 P3154851 INFO pr:0.9407  rc:0.9845  auc:0.9944 ap:0.9803 f1: 0.9621 pred_right: 16365 pred_wrong:135 actu_right: 16371 actu_wrong: 129
2026-07-22 08:15:52,839 P3154851 INFO ----------------------------------------------------------------------------------------------------
2026-07-22 08:15:52,839 P3154851 INFO 192/300 starting... lr: 0.0009000000000000001 para:0.01
2026-07-22 08:16:03,112 P3154851 INFO Epoch 192/300, all_loss:0.00025 cls_loss:0.00001 rec_loss:0.02401 [10.27s]; best loss:0.00025, patience : 0
2026-07-22 08:16:05,517 P3154851 INFO pr:0.9616  rc:0.9471  auc:0.9795 ap:0.9756 f1: 0.9543 pred_right: 38609 pred_wrong:391 actu_right: 38603 actu_wrong: 397
2026-07-22 08:16:06,410 P3154851 INFO pr:0.9407  rc:0.9845  auc:0.9944 ap:0.9803 f1: 0.9621 pred_right: 16365 pred_wrong:135 actu_right: 16371 actu_wrong: 129
2026-07-22 08:16:06,411 P3154851 INFO ----------------------------------------------------------------------------------------------------
2026-07-22 08:16:06,411 P3154851 INFO 193/300 starting... lr: 0.0009000000000000001 para:0.01
2026-07-22 08:16:12,862 P3154851 INFO Epoch 193/300, all_loss:0.00024 cls_loss:0.00001 rec_loss:0.02325 [6.45s]; best loss:0.00024, patience : 0
2026-07-22 08:16:15,086 P3154851 INFO pr:0.9570  rc:0.9521  auc:0.9795 ap:0.9745 f1: 0.9545 pred_right: 38605 pred_wrong:395 actu_right: 38603 actu_wrong: 397
2026-07-22 08:16:16,135 P3154851 INFO pr:0.9338  rc:0.9845  auc:0.9944 ap:0.9803 f1: 0.9585 pred_right: 16364 pred_wrong:136 actu_right: 16371 actu_wrong: 129
2026-07-22 08:16:16,136 P3154851 INFO ----------------------------------------------------------------------------------------------------
2026-07-22 08:16:16,136 P3154851 INFO 194/300 starting... lr: 0.0009000000000000001 para:0.01
2026-07-22 08:16:22,288 P3154851 INFO Epoch 194/300, all_loss:0.06128 cls_loss:0.06160 rec_loss:0.02925 [6.15s]; best loss:0.00024, patience : 1
2026-07-22 08:16:24,698 P3154851 INFO pr:0.9886  rc:0.8766  auc:0.9641 ap:0.9689 f1: 0.9292 pred_right: 38648 pred_wrong:352 actu_right: 38603 actu_wrong: 397
2026-07-22 08:16:25,695 P3154851 INFO pr:0.9606  rc:0.9457  auc:0.9891 ap:0.9817 f1: 0.9531 pred_right: 16373 pred_wrong:127 actu_right: 16371 actu_wrong: 129
2026-07-22 08:16:25,696 P3154851 INFO ----------------------------------------------------------------------------------------------------
2026-07-22 08:16:25,696 P3154851 INFO 195/300 starting... lr: 0.0009000000000000001 para:0.01
2026-07-22 08:16:31,677 P3154851 INFO Epoch 195/300, all_loss:0.45183 cls_loss:0.45533 rec_loss:0.10534 [5.98s]; best loss:0.00024, patience : 2
2026-07-22 08:16:33,930 P3154851 INFO pr:0.9911  rc:0.8413  auc:0.9705 ap:0.9834 f1: 0.9101 pred_right: 38663 pred_wrong:337 actu_right: 38603 actu_wrong: 397
2026-07-22 08:16:34,769 P3154851 INFO pr:0.9677  rc:0.9302  auc:0.9867 ap:0.9828 f1: 0.9486 pred_right: 16376 pred_wrong:124 actu_right: 16371 actu_wrong: 129
2026-07-22 08:16:34,769 P3154851 INFO ----------------------------------------------------------------------------------------------------
2026-07-22 08:16:34,769 P3154851 INFO 196/300 starting... lr: 0.0009000000000000001 para:0.01
2026-07-22 08:16:40,721 P3154851 INFO Epoch 196/300, all_loss:0.10761 cls_loss:0.10798 rec_loss:0.07071 [5.95s]; best loss:0.00024, patience : 2
2026-07-22 08:16:42,695 P3154851 INFO pr:0.9524  rc:0.9572  auc:0.9869 ap:0.9799 f1: 0.9548 pred_right: 38601 pred_wrong:399 actu_right: 38603 actu_wrong: 397
2026-07-22 08:16:43,569 P3154851 INFO pr:0.9071  rc:0.9845  auc:0.9946 ap:0.9832 f1: 0.9442 pred_right: 16360 pred_wrong:140 actu_right: 16371 actu_wrong: 129
2026-07-22 08:16:43,570 P3154851 INFO ----------------------------------------------------------------------------------------------------
2026-07-22 08:16:43,570 P3154851 INFO 197/300 starting... lr: 0.0009000000000000001 para:0.01
2026-07-22 08:16:49,834 P3154851 INFO Epoch 197/300, all_loss:0.01240 cls_loss:0.01195 rec_loss:0.05729 [6.26s]; best loss:0.00024, patience : 2
2026-07-22 08:16:51,912 P3154851 INFO pr:0.9810  rc:0.9141  auc:0.9804 ap:0.9795 f1: 0.9464 pred_right: 38631 pred_wrong:369 actu_right: 38604 actu_wrong: 396
2026-07-22 08:16:52,789 P3154851 INFO pr:0.9688  rc:0.9612  auc:0.9868 ap:0.9806 f1: 0.9650 pred_right: 16372 pred_wrong:128 actu_right: 16371 actu_wrong: 129
2026-07-22 08:16:52,790 P3154851 INFO ----------------------------------------------------------------------------------------------------
2026-07-22 08:16:52,790 P3154851 INFO 198/300 starting... lr: 0.0009000000000000001 para:0.01
2026-07-22 08:16:58,880 P3154851 INFO Epoch 198/300, all_loss:0.01273 cls_loss:0.01228 rec_loss:0.05749 [6.09s]; best loss:0.00024, patience : 3
2026-07-22 08:17:01,123 P3154851 INFO pr:0.9425  rc:0.9496  auc:0.9834 ap:0.9748 f1: 0.9460 pred_right: 38600 pred_wrong:400 actu_right: 38603 actu_wrong: 397
2026-07-22 08:17:02,000 P3154851 INFO pr:0.8581  rc:0.9845  auc:0.9946 ap:0.9793 f1: 0.9170 pred_right: 16352 pred_wrong:148 actu_right: 16371 actu_wrong: 129
2026-07-22 08:17:02,000 P3154851 INFO ----------------------------------------------------------------------------------------------------
2026-07-22 08:17:02,000 P3154851 INFO 199/300 starting... lr: 0.0009000000000000001 para:0.01
2026-07-22 08:17:09,542 P3154851 INFO Epoch 199/300, all_loss:0.00143 cls_loss:0.00087 rec_loss:0.05668 [7.54s]; best loss:0.00024, patience : 3
2026-07-22 08:17:11,128 P3154851 INFO pr:0.9398  rc:0.9470  auc:0.9839 ap:0.9739 f1: 0.9434 pred_right: 38601 pred_wrong:399 actu_right: 38604 actu_wrong: 396
2026-07-22 08:17:11,796 P3154851 INFO pr:0.8312  rc:0.9922  auc:0.9946 ap:0.9795 f1: 0.9046 pred_right: 16346 pred_wrong:154 actu_right: 16371 actu_wrong: 129
2026-07-22 08:17:11,796 P3154851 INFO ----------------------------------------------------------------------------------------------------
2026-07-22 08:17:11,796 P3154851 INFO 200/300 starting... lr: 0.0008100000000000001 para:0.01
2026-07-22 08:17:17,061 P3154851 INFO Epoch 200/300, all_loss:0.00077 cls_loss:0.00023 rec_loss:0.05445 [5.26s]; best loss:0.00024, patience : 3
2026-07-22 08:17:19,020 P3154851 INFO pr:0.9664  rc:0.9444  auc:0.9804 ap:0.9786 f1: 0.9553 pred_right: 38613 pred_wrong:387 actu_right: 38604 actu_wrong: 396
2026-07-22 08:17:19,752 P3154851 INFO pr:0.9407  rc:0.9845  auc:0.9946 ap:0.9799 f1: 0.9621 pred_right: 16365 pred_wrong:135 actu_right: 16371 actu_wrong: 129
2026-07-22 08:17:19,753 P3154851 INFO ----------------------------------------------------------------------------------------------------
2026-07-22 08:17:19,753 P3154851 INFO 201/300 starting... lr: 0.0008100000000000001 para:0.01
2026-07-22 08:17:29,939 P3154851 INFO Epoch 201/300, all_loss:0.00059 cls_loss:0.00006 rec_loss:0.05290 [10.19s]; best loss:0.00024, patience : 3
2026-07-22 08:17:34,607 P3154851 INFO pr:0.9615  rc:0.9446  auc:0.9810 ap:0.9785 f1: 0.9530 pred_right: 38610 pred_wrong:390 actu_right: 38603 actu_wrong: 397
2026-07-22 08:17:36,069 P3154851 INFO pr:0.9407  rc:0.9845  auc:0.9946 ap:0.9798 f1: 0.9621 pred_right: 16365 pred_wrong:135 actu_right: 16371 actu_wrong: 129
2026-07-22 08:17:36,070 P3154851 INFO ----------------------------------------------------------------------------------------------------
2026-07-22 08:17:36,070 P3154851 INFO 202/300 starting... lr: 0.0008100000000000001 para:0.01
2026-07-22 08:17:42,707 P3154851 INFO Epoch 202/300, all_loss:0.00055 cls_loss:0.00004 rec_loss:0.05133 [6.64s]; best loss:0.00024, patience : 3
2026-07-22 08:17:45,262 P3154851 INFO pr:0.9615  rc:0.9446  auc:0.9809 ap:0.9785 f1: 0.9530 pred_right: 38610 pred_wrong:390 actu_right: 38603 actu_wrong: 397
2026-07-22 08:17:46,148 P3154851 INFO pr:0.9478  rc:0.9845  auc:0.9946 ap:0.9798 f1: 0.9658 pred_right: 16366 pred_wrong:134 actu_right: 16371 actu_wrong: 129
2026-07-22 08:17:46,148 P3154851 INFO ----------------------------------------------------------------------------------------------------
2026-07-22 08:17:46,148 P3154851 INFO 203/300 starting... lr: 0.0008100000000000001 para:0.01
2026-07-22 08:17:52,276 P3154851 INFO Epoch 203/300, all_loss:0.00053 cls_loss:0.00003 rec_loss:0.05001 [6.13s]; best loss:0.00024, patience : 3
2026-07-22 08:17:54,572 P3154851 INFO pr:0.9591  rc:0.9446  auc:0.9809 ap:0.9785 f1: 0.9518 pred_right: 38609 pred_wrong:391 actu_right: 38603 actu_wrong: 397
2026-07-22 08:17:55,524 P3154851 INFO pr:0.9478  rc:0.9845  auc:0.9946 ap:0.9798 f1: 0.9658 pred_right: 16366 pred_wrong:134 actu_right: 16371 actu_wrong: 129
2026-07-22 08:17:55,525 P3154851 INFO ----------------------------------------------------------------------------------------------------
2026-07-22 08:17:55,525 P3154851 INFO 204/300 starting... lr: 0.0008100000000000001 para:0.01
2026-07-22 08:18:01,644 P3154851 INFO Epoch 204/300, all_loss:0.00052 cls_loss:0.00004 rec_loss:0.04828 [6.12s]; best loss:0.00024, patience : 3
2026-07-22 08:18:04,002 P3154851 INFO pr:0.9542  rc:0.9446  auc:0.9808 ap:0.9783 f1: 0.9494 pred_right: 38607 pred_wrong:393 actu_right: 38603 actu_wrong: 397
2026-07-22 08:18:04,961 P3154851 INFO pr:0.9478  rc:0.9845  auc:0.9946 ap:0.9797 f1: 0.9658 pred_right: 16366 pred_wrong:134 actu_right: 16371 actu_wrong: 129
2026-07-22 08:18:04,962 P3154851 INFO ----------------------------------------------------------------------------------------------------
2026-07-22 08:18:04,962 P3154851 INFO 205/300 starting... lr: 0.0008100000000000001 para:0.01
2026-07-22 08:18:11,161 P3154851 INFO Epoch 205/300, all_loss:0.00050 cls_loss:0.00003 rec_loss:0.04716 [6.20s]; best loss:0.00024, patience : 3
2026-07-22 08:18:13,402 P3154851 INFO pr:0.9542  rc:0.9446  auc:0.9808 ap:0.9783 f1: 0.9494 pred_right: 38607 pred_wrong:393 actu_right: 38603 actu_wrong: 397
2026-07-22 08:18:14,287 P3154851 INFO pr:0.9478  rc:0.9845  auc:0.9946 ap:0.9797 f1: 0.9658 pred_right: 16366 pred_wrong:134 actu_right: 16371 actu_wrong: 129
2026-07-22 08:18:14,288 P3154851 INFO ----------------------------------------------------------------------------------------------------
2026-07-22 08:18:14,295 P3154851 INFO 206/300 starting... lr: 0.0008100000000000001 para:0.01
2026-07-22 08:18:20,421 P3154851 INFO Epoch 206/300, all_loss:0.00049 cls_loss:0.00003 rec_loss:0.04588 [6.13s]; best loss:0.00024, patience : 3
2026-07-22 08:18:22,634 P3154851 INFO pr:0.9540  rc:0.9443  auc:0.9806 ap:0.9782 f1: 0.9491 pred_right: 38609 pred_wrong:391 actu_right: 38605 actu_wrong: 395
2026-07-22 08:18:23,490 P3154851 INFO pr:0.9478  rc:0.9845  auc:0.9946 ap:0.9798 f1: 0.9658 pred_right: 16366 pred_wrong:134 actu_right: 16371 actu_wrong: 129
2026-07-22 08:18:23,491 P3154851 INFO ----------------------------------------------------------------------------------------------------
2026-07-22 08:18:23,491 P3154851 INFO 207/300 starting... lr: 0.0008100000000000001 para:0.01
2026-07-22 08:18:29,496 P3154851 INFO Epoch 207/300, all_loss:0.00048 cls_loss:0.00003 rec_loss:0.04446 [6.00s]; best loss:0.00024, patience : 3
2026-07-22 08:18:31,505 P3154851 INFO pr:0.9542  rc:0.9446  auc:0.9806 ap:0.9771 f1: 0.9494 pred_right: 38607 pred_wrong:393 actu_right: 38603 actu_wrong: 397
2026-07-22 08:18:32,522 P3154851 INFO pr:0.9478  rc:0.9845  auc:0.9946 ap:0.9799 f1: 0.9658 pred_right: 16366 pred_wrong:134 actu_right: 16371 actu_wrong: 129
2026-07-22 08:18:32,523 P3154851 INFO ----------------------------------------------------------------------------------------------------
2026-07-22 08:18:32,523 P3154851 INFO 208/300 starting... lr: 0.0008100000000000001 para:0.01
2026-07-22 08:18:38,661 P3154851 INFO Epoch 208/300, all_loss:0.00047 cls_loss:0.00003 rec_loss:0.04332 [6.14s]; best loss:0.00024, patience : 3
2026-07-22 08:18:40,722 P3154851 INFO pr:0.9542  rc:0.9446  auc:0.9806 ap:0.9770 f1: 0.9494 pred_right: 38607 pred_wrong:393 actu_right: 38603 actu_wrong: 397
2026-07-22 08:18:41,638 P3154851 INFO pr:0.9478  rc:0.9845  auc:0.9946 ap:0.9799 f1: 0.9658 pred_right: 16366 pred_wrong:134 actu_right: 16371 actu_wrong: 129
2026-07-22 08:18:41,639 P3154851 INFO ----------------------------------------------------------------------------------------------------
2026-07-22 08:18:41,639 P3154851 INFO 209/300 starting... lr: 0.0008100000000000001 para:0.01
2026-07-22 08:18:48,119 P3154851 INFO Epoch 209/300, all_loss:0.00046 cls_loss:0.00004 rec_loss:0.04241 [6.48s]; best loss:0.00024, patience : 3
2026-07-22 08:18:49,750 P3154851 INFO pr:0.9542  rc:0.9446  auc:0.9805 ap:0.9771 f1: 0.9494 pred_right: 38607 pred_wrong:393 actu_right: 38603 actu_wrong: 397
2026-07-22 08:18:50,438 P3154851 INFO pr:0.9478  rc:0.9845  auc:0.9946 ap:0.9798 f1: 0.9658 pred_right: 16366 pred_wrong:134 actu_right: 16371 actu_wrong: 129
2026-07-22 08:18:50,438 P3154851 INFO ----------------------------------------------------------------------------------------------------
2026-07-22 08:18:50,439 P3154851 INFO 210/300 starting... lr: 0.0008100000000000001 para:0.01
2026-07-22 08:18:56,117 P3154851 INFO Epoch 210/300, all_loss:0.00045 cls_loss:0.00003 rec_loss:0.04149 [5.68s]; best loss:0.00024, patience : 3
2026-07-22 08:18:58,264 P3154851 INFO pr:0.9541  rc:0.9444  auc:0.9804 ap:0.9757 f1: 0.9492 pred_right: 38608 pred_wrong:392 actu_right: 38604 actu_wrong: 396
2026-07-22 08:18:59,709 P3154851 INFO pr:0.9338  rc:0.9845  auc:0.9946 ap:0.9799 f1: 0.9585 pred_right: 16364 pred_wrong:136 actu_right: 16371 actu_wrong: 129
2026-07-22 08:18:59,710 P3154851 INFO ----------------------------------------------------------------------------------------------------
2026-07-22 08:18:59,710 P3154851 INFO 211/300 starting... lr: 0.0008100000000000001 para:0.01
2026-07-22 08:19:12,526 P3154851 INFO Epoch 211/300, all_loss:0.00044 cls_loss:0.00003 rec_loss:0.04049 [12.81s]; best loss:0.00024, patience : 3
2026-07-22 08:19:15,127 P3154851 INFO pr:0.9542  rc:0.9446  auc:0.9804 ap:0.9758 f1: 0.9494 pred_right: 38607 pred_wrong:393 actu_right: 38603 actu_wrong: 397
2026-07-22 08:19:16,040 P3154851 INFO pr:0.9338  rc:0.9845  auc:0.9946 ap:0.9799 f1: 0.9585 pred_right: 16364 pred_wrong:136 actu_right: 16371 actu_wrong: 129
2026-07-22 08:19:16,041 P3154851 INFO ----------------------------------------------------------------------------------------------------
2026-07-22 08:19:16,041 P3154851 INFO 212/300 starting... lr: 0.0008100000000000001 para:0.01
2026-07-22 08:19:22,214 P3154851 INFO Epoch 212/300, all_loss:0.00043 cls_loss:0.00003 rec_loss:0.03948 [6.17s]; best loss:0.00024, patience : 3
2026-07-22 08:19:24,404 P3154851 INFO pr:0.9518  rc:0.9446  auc:0.9803 ap:0.9758 f1: 0.9482 pred_right: 38606 pred_wrong:394 actu_right: 38603 actu_wrong: 397
2026-07-22 08:19:25,273 P3154851 INFO pr:0.9338  rc:0.9845  auc:0.9946 ap:0.9798 f1: 0.9585 pred_right: 16364 pred_wrong:136 actu_right: 16371 actu_wrong: 129
2026-07-22 08:19:25,274 P3154851 INFO ----------------------------------------------------------------------------------------------------
2026-07-22 08:19:25,274 P3154851 INFO 213/300 starting... lr: 0.0008100000000000001 para:0.01
2026-07-22 08:19:31,377 P3154851 INFO Epoch 213/300, all_loss:0.00042 cls_loss:0.00003 rec_loss:0.03882 [6.10s]; best loss:0.00024, patience : 3
2026-07-22 08:19:33,656 P3154851 INFO pr:0.9518  rc:0.9446  auc:0.9809 ap:0.9758 f1: 0.9482 pred_right: 38606 pred_wrong:394 actu_right: 38603 actu_wrong: 397
2026-07-22 08:19:34,588 P3154851 INFO pr:0.9338  rc:0.9845  auc:0.9946 ap:0.9798 f1: 0.9585 pred_right: 16364 pred_wrong:136 actu_right: 16371 actu_wrong: 129
2026-07-22 08:19:34,589 P3154851 INFO ----------------------------------------------------------------------------------------------------
2026-07-22 08:19:34,589 P3154851 INFO 214/300 starting... lr: 0.0008100000000000001 para:0.01
2026-07-22 08:19:40,662 P3154851 INFO Epoch 214/300, all_loss:0.00041 cls_loss:0.00003 rec_loss:0.03769 [6.07s]; best loss:0.00024, patience : 3
2026-07-22 08:19:42,861 P3154851 INFO pr:0.9517  rc:0.9444  auc:0.9808 ap:0.9758 f1: 0.9480 pred_right: 38607 pred_wrong:393 actu_right: 38604 actu_wrong: 396
2026-07-22 08:19:43,820 P3154851 INFO pr:0.9338  rc:0.9845  auc:0.9946 ap:0.9798 f1: 0.9585 pred_right: 16364 pred_wrong:136 actu_right: 16371 actu_wrong: 129
2026-07-22 08:19:43,821 P3154851 INFO ----------------------------------------------------------------------------------------------------
2026-07-22 08:19:43,821 P3154851 INFO 215/300 starting... lr: 0.0008100000000000001 para:0.01
2026-07-22 08:19:49,971 P3154851 INFO Epoch 215/300, all_loss:0.00040 cls_loss:0.00003 rec_loss:0.03699 [6.15s]; best loss:0.00024, patience : 3
2026-07-22 08:19:52,273 P3154851 INFO pr:0.9518  rc:0.9446  auc:0.9808 ap:0.9758 f1: 0.9482 pred_right: 38606 pred_wrong:394 actu_right: 38603 actu_wrong: 397
2026-07-22 08:19:53,268 P3154851 INFO pr:0.9338  rc:0.9845  auc:0.9946 ap:0.9798 f1: 0.9585 pred_right: 16364 pred_wrong:136 actu_right: 16371 actu_wrong: 129
2026-07-22 08:19:53,269 P3154851 INFO ----------------------------------------------------------------------------------------------------
2026-07-22 08:19:53,269 P3154851 INFO 216/300 starting... lr: 0.0008100000000000001 para:0.01
2026-07-22 08:19:59,368 P3154851 INFO Epoch 216/300, all_loss:0.00039 cls_loss:0.00003 rec_loss:0.03604 [6.10s]; best loss:0.00024, patience : 3
2026-07-22 08:20:01,498 P3154851 INFO pr:0.9518  rc:0.9446  auc:0.9807 ap:0.9758 f1: 0.9482 pred_right: 38606 pred_wrong:394 actu_right: 38603 actu_wrong: 397
2026-07-22 08:20:02,449 P3154851 INFO pr:0.9270  rc:0.9845  auc:0.9946 ap:0.9798 f1: 0.9549 pred_right: 16363 pred_wrong:137 actu_right: 16371 actu_wrong: 129
2026-07-22 08:20:02,457 P3154851 INFO ----------------------------------------------------------------------------------------------------
2026-07-22 08:20:02,458 P3154851 INFO 217/300 starting... lr: 0.0008100000000000001 para:0.01
2026-07-22 08:20:08,644 P3154851 INFO Epoch 217/300, all_loss:0.00038 cls_loss:0.00002 rec_loss:0.03525 [6.19s]; best loss:0.00024, patience : 3
2026-07-22 08:20:10,670 P3154851 INFO pr:0.9518  rc:0.9446  auc:0.9800 ap:0.9758 f1: 0.9482 pred_right: 38606 pred_wrong:394 actu_right: 38603 actu_wrong: 397
2026-07-22 08:20:11,508 P3154851 INFO pr:0.9338  rc:0.9845  auc:0.9946 ap:0.9798 f1: 0.9585 pred_right: 16364 pred_wrong:136 actu_right: 16371 actu_wrong: 129
2026-07-22 08:20:11,509 P3154851 INFO ----------------------------------------------------------------------------------------------------
2026-07-22 08:20:11,509 P3154851 INFO 218/300 starting... lr: 0.0008100000000000001 para:0.01
2026-07-22 08:20:17,633 P3154851 INFO Epoch 218/300, all_loss:0.00037 cls_loss:0.00002 rec_loss:0.03447 [6.12s]; best loss:0.00024, patience : 3
2026-07-22 08:20:19,491 P3154851 INFO pr:0.9518  rc:0.9446  auc:0.9812 ap:0.9758 f1: 0.9482 pred_right: 38606 pred_wrong:394 actu_right: 38603 actu_wrong: 397
2026-07-22 08:20:20,910 P3154851 INFO pr:0.9338  rc:0.9845  auc:0.9946 ap:0.9799 f1: 0.9585 pred_right: 16364 pred_wrong:136 actu_right: 16371 actu_wrong: 129
2026-07-22 08:20:20,911 P3154851 INFO ----------------------------------------------------------------------------------------------------
2026-07-22 08:20:20,911 P3154851 INFO 219/300 starting... lr: 0.0008100000000000001 para:0.01
2026-07-22 08:20:26,381 P3154851 INFO Epoch 219/300, all_loss:0.00036 cls_loss:0.00002 rec_loss:0.03356 [5.47s]; best loss:0.00024, patience : 3
2026-07-22 08:20:28,536 P3154851 INFO pr:0.9518  rc:0.9446  auc:0.9805 ap:0.9757 f1: 0.9482 pred_right: 38606 pred_wrong:394 actu_right: 38603 actu_wrong: 397
2026-07-22 08:20:29,265 P3154851 INFO pr:0.9338  rc:0.9845  auc:0.9946 ap:0.9799 f1: 0.9585 pred_right: 16364 pred_wrong:136 actu_right: 16371 actu_wrong: 129
2026-07-22 08:20:29,266 P3154851 INFO ----------------------------------------------------------------------------------------------------
2026-07-22 08:20:29,266 P3154851 INFO 220/300 starting... lr: 0.0008100000000000001 para:0.01
2026-07-22 08:20:34,907 P3154851 INFO Epoch 220/300, all_loss:0.00035 cls_loss:0.00002 rec_loss:0.03284 [5.64s]; best loss:0.00024, patience : 3
2026-07-22 08:20:38,085 P3154851 INFO pr:0.9518  rc:0.9446  auc:0.9810 ap:0.9757 f1: 0.9482 pred_right: 38606 pred_wrong:394 actu_right: 38603 actu_wrong: 397
2026-07-22 08:20:39,472 P3154851 INFO pr:0.9338  rc:0.9845  auc:0.9946 ap:0.9801 f1: 0.9585 pred_right: 16364 pred_wrong:136 actu_right: 16371 actu_wrong: 129
2026-07-22 08:20:39,472 P3154851 INFO ----------------------------------------------------------------------------------------------------
2026-07-22 08:20:39,473 P3154851 INFO 221/300 starting... lr: 0.0008100000000000001 para:0.01
2026-07-22 08:20:50,681 P3154851 INFO Epoch 221/300, all_loss:0.00034 cls_loss:0.00002 rec_loss:0.03193 [11.21s]; best loss:0.00024, patience : 3
2026-07-22 08:20:53,263 P3154851 INFO pr:0.9542  rc:0.9446  auc:0.9791 ap:0.9757 f1: 0.9494 pred_right: 38607 pred_wrong:393 actu_right: 38603 actu_wrong: 397
2026-07-22 08:20:54,311 P3154851 INFO pr:0.9338  rc:0.9845  auc:0.9946 ap:0.9801 f1: 0.9585 pred_right: 16364 pred_wrong:136 actu_right: 16371 actu_wrong: 129
2026-07-22 08:20:54,312 P3154851 INFO ----------------------------------------------------------------------------------------------------
2026-07-22 08:20:54,312 P3154851 INFO 222/300 starting... lr: 0.0008100000000000001 para:0.01
2026-07-22 08:21:00,477 P3154851 INFO Epoch 222/300, all_loss:0.00033 cls_loss:0.00002 rec_loss:0.03119 [6.16s]; best loss:0.00024, patience : 3
2026-07-22 08:21:02,700 P3154851 INFO pr:0.9517  rc:0.9444  auc:0.9809 ap:0.9756 f1: 0.9480 pred_right: 38607 pred_wrong:393 actu_right: 38604 actu_wrong: 396
2026-07-22 08:21:03,571 P3154851 INFO pr:0.9270  rc:0.9845  auc:0.9946 ap:0.9801 f1: 0.9549 pred_right: 16363 pred_wrong:137 actu_right: 16371 actu_wrong: 129
2026-07-22 08:21:03,571 P3154851 INFO ----------------------------------------------------------------------------------------------------
2026-07-22 08:21:03,571 P3154851 INFO 223/300 starting... lr: 0.0008100000000000001 para:0.01
2026-07-22 08:21:09,656 P3154851 INFO Epoch 223/300, all_loss:0.00032 cls_loss:0.00002 rec_loss:0.03054 [6.08s]; best loss:0.00024, patience : 3
2026-07-22 08:21:11,931 P3154851 INFO pr:0.9541  rc:0.9444  auc:0.9795 ap:0.9756 f1: 0.9492 pred_right: 38608 pred_wrong:392 actu_right: 38604 actu_wrong: 396
2026-07-22 08:21:12,809 P3154851 INFO pr:0.9338  rc:0.9845  auc:0.9946 ap:0.9801 f1: 0.9585 pred_right: 16364 pred_wrong:136 actu_right: 16371 actu_wrong: 129
2026-07-22 08:21:12,810 P3154851 INFO ----------------------------------------------------------------------------------------------------
2026-07-22 08:21:12,810 P3154851 INFO 224/300 starting... lr: 0.0008100000000000001 para:0.01
2026-07-22 08:21:18,871 P3154851 INFO Epoch 224/300, all_loss:0.00031 cls_loss:0.00002 rec_loss:0.02957 [6.06s]; best loss:0.00024, patience : 3
2026-07-22 08:21:21,110 P3154851 INFO pr:0.9541  rc:0.9444  auc:0.9795 ap:0.9756 f1: 0.9492 pred_right: 38608 pred_wrong:392 actu_right: 38604 actu_wrong: 396
2026-07-22 08:21:21,983 P3154851 INFO pr:0.9338  rc:0.9845  auc:0.9946 ap:0.9801 f1: 0.9585 pred_right: 16364 pred_wrong:136 actu_right: 16371 actu_wrong: 129
2026-07-22 08:21:21,983 P3154851 INFO ----------------------------------------------------------------------------------------------------
2026-07-22 08:21:21,983 P3154851 INFO 225/300 starting... lr: 0.0008100000000000001 para:0.01
2026-07-22 08:21:28,080 P3154851 INFO Epoch 225/300, all_loss:0.00031 cls_loss:0.00002 rec_loss:0.02900 [6.10s]; best loss:0.00024, patience : 3
2026-07-22 08:21:30,275 P3154851 INFO pr:0.9542  rc:0.9446  auc:0.9795 ap:0.9756 f1: 0.9494 pred_right: 38607 pred_wrong:393 actu_right: 38603 actu_wrong: 397
2026-07-22 08:21:31,082 P3154851 INFO pr:0.9338  rc:0.9845  auc:0.9946 ap:0.9800 f1: 0.9585 pred_right: 16364 pred_wrong:136 actu_right: 16371 actu_wrong: 129
2026-07-22 08:21:31,082 P3154851 INFO ----------------------------------------------------------------------------------------------------
2026-07-22 08:21:31,083 P3154851 INFO 226/300 starting... lr: 0.0008100000000000001 para:0.01
2026-07-22 08:21:37,231 P3154851 INFO Epoch 226/300, all_loss:0.00030 cls_loss:0.00002 rec_loss:0.02825 [6.15s]; best loss:0.00024, patience : 3
2026-07-22 08:21:39,479 P3154851 INFO pr:0.9541  rc:0.9444  auc:0.9800 ap:0.9755 f1: 0.9492 pred_right: 38608 pred_wrong:392 actu_right: 38604 actu_wrong: 396
2026-07-22 08:21:40,451 P3154851 INFO pr:0.9338  rc:0.9845  auc:0.9946 ap:0.9800 f1: 0.9585 pred_right: 16364 pred_wrong:136 actu_right: 16371 actu_wrong: 129
2026-07-22 08:21:40,451 P3154851 INFO ----------------------------------------------------------------------------------------------------
2026-07-22 08:21:40,452 P3154851 INFO 227/300 starting... lr: 0.0008100000000000001 para:0.01
2026-07-22 08:21:46,529 P3154851 INFO Epoch 227/300, all_loss:0.00029 cls_loss:0.00002 rec_loss:0.02745 [6.08s]; best loss:0.00024, patience : 3
2026-07-22 08:21:48,616 P3154851 INFO pr:0.9566  rc:0.9446  auc:0.9801 ap:0.9756 f1: 0.9506 pred_right: 38608 pred_wrong:392 actu_right: 38603 actu_wrong: 397
2026-07-22 08:21:49,455 P3154851 INFO pr:0.9338  rc:0.9845  auc:0.9946 ap:0.9800 f1: 0.9585 pred_right: 16364 pred_wrong:136 actu_right: 16371 actu_wrong: 129
2026-07-22 08:21:49,456 P3154851 INFO ----------------------------------------------------------------------------------------------------
2026-07-22 08:21:49,456 P3154851 INFO 228/300 starting... lr: 0.0008100000000000001 para:0.01
2026-07-22 08:21:55,698 P3154851 INFO Epoch 228/300, all_loss:0.00028 cls_loss:0.00001 rec_loss:0.02684 [6.24s]; best loss:0.00024, patience : 3
2026-07-22 08:21:58,963 P3154851 INFO pr:0.9542  rc:0.9446  auc:0.9800 ap:0.9755 f1: 0.9494 pred_right: 38607 pred_wrong:393 actu_right: 38603 actu_wrong: 397
2026-07-22 08:22:00,062 P3154851 INFO pr:0.9338  rc:0.9845  auc:0.9946 ap:0.9800 f1: 0.9585 pred_right: 16364 pred_wrong:136 actu_right: 16371 actu_wrong: 129
2026-07-22 08:22:00,063 P3154851 INFO ----------------------------------------------------------------------------------------------------
2026-07-22 08:22:00,063 P3154851 INFO 229/300 starting... lr: 0.0008100000000000001 para:0.01
2026-07-22 08:22:04,860 P3154851 INFO Epoch 229/300, all_loss:0.00027 cls_loss:0.00001 rec_loss:0.02610 [4.80s]; best loss:0.00024, patience : 3
2026-07-22 08:22:07,074 P3154851 INFO pr:0.9542  rc:0.9446  auc:0.9800 ap:0.9755 f1: 0.9494 pred_right: 38607 pred_wrong:393 actu_right: 38603 actu_wrong: 397
2026-07-22 08:22:08,019 P3154851 INFO pr:0.9407  rc:0.9845  auc:0.9946 ap:0.9800 f1: 0.9621 pred_right: 16365 pred_wrong:135 actu_right: 16371 actu_wrong: 129
2026-07-22 08:22:08,020 P3154851 INFO ----------------------------------------------------------------------------------------------------
2026-07-22 08:22:08,020 P3154851 INFO 230/300 starting... lr: 0.0008100000000000001 para:0.01
2026-07-22 08:22:15,293 P3154851 INFO Epoch 230/300, all_loss:0.00027 cls_loss:0.00001 rec_loss:0.02546 [7.27s]; best loss:0.00024, patience : 3
2026-07-22 08:22:19,093 P3154851 INFO pr:0.9542  rc:0.9446  auc:0.9799 ap:0.9755 f1: 0.9494 pred_right: 38607 pred_wrong:393 actu_right: 38603 actu_wrong: 397
2026-07-22 08:22:20,793 P3154851 INFO pr:0.9407  rc:0.9845  auc:0.9946 ap:0.9800 f1: 0.9621 pred_right: 16365 pred_wrong:135 actu_right: 16371 actu_wrong: 129
2026-07-22 08:22:20,794 P3154851 INFO ----------------------------------------------------------------------------------------------------
2026-07-22 08:22:20,795 P3154851 INFO 231/300 starting... lr: 0.0008100000000000001 para:0.01
2026-07-22 08:22:29,986 P3154851 INFO Epoch 231/300, all_loss:0.00026 cls_loss:0.00001 rec_loss:0.02473 [9.19s]; best loss:0.00024, patience : 3
2026-07-22 08:22:32,504 P3154851 INFO pr:0.9542  rc:0.9446  auc:0.9799 ap:0.9753 f1: 0.9494 pred_right: 38607 pred_wrong:393 actu_right: 38603 actu_wrong: 397
2026-07-22 08:22:33,388 P3154851 INFO pr:0.9407  rc:0.9845  auc:0.9946 ap:0.9800 f1: 0.9621 pred_right: 16365 pred_wrong:135 actu_right: 16371 actu_wrong: 129
2026-07-22 08:22:33,389 P3154851 INFO ----------------------------------------------------------------------------------------------------
2026-07-22 08:22:33,389 P3154851 INFO 232/300 starting... lr: 0.0008100000000000001 para:0.01
2026-07-22 08:22:39,564 P3154851 INFO Epoch 232/300, all_loss:0.00025 cls_loss:0.00001 rec_loss:0.02400 [6.17s]; best loss:0.00024, patience : 3
2026-07-22 08:22:41,574 P3154851 INFO pr:0.9542  rc:0.9446  auc:0.9792 ap:0.9761 f1: 0.9494 pred_right: 38607 pred_wrong:393 actu_right: 38603 actu_wrong: 397
2026-07-22 08:22:42,564 P3154851 INFO pr:0.9407  rc:0.9845  auc:0.9946 ap:0.9800 f1: 0.9621 pred_right: 16365 pred_wrong:135 actu_right: 16371 actu_wrong: 129
2026-07-22 08:22:42,564 P3154851 INFO ----------------------------------------------------------------------------------------------------
2026-07-22 08:22:42,564 P3154851 INFO 233/300 starting... lr: 0.0008100000000000001 para:0.01
2026-07-22 08:22:48,615 P3154851 INFO Epoch 233/300, all_loss:0.00025 cls_loss:0.00001 rec_loss:0.02341 [6.05s]; best loss:0.00024, patience : 3
2026-07-22 08:22:50,640 P3154851 INFO pr:0.9542  rc:0.9446  auc:0.9785 ap:0.9758 f1: 0.9494 pred_right: 38607 pred_wrong:393 actu_right: 38603 actu_wrong: 397
2026-07-22 08:22:51,453 P3154851 INFO pr:0.9407  rc:0.9845  auc:0.9946 ap:0.9801 f1: 0.9621 pred_right: 16365 pred_wrong:135 actu_right: 16371 actu_wrong: 129
2026-07-22 08:22:51,453 P3154851 INFO ----------------------------------------------------------------------------------------------------
2026-07-22 08:22:51,453 P3154851 INFO 234/300 starting... lr: 0.0008100000000000001 para:0.01
2026-07-22 08:22:57,409 P3154851 INFO Epoch 234/300, all_loss:0.00024 cls_loss:0.00001 rec_loss:0.02282 [5.95s]; best loss:0.00024, patience : 0
2026-07-22 08:22:59,385 P3154851 INFO pr:0.9542  rc:0.9446  auc:0.9791 ap:0.9759 f1: 0.9494 pred_right: 38607 pred_wrong:393 actu_right: 38603 actu_wrong: 397
2026-07-22 08:23:00,408 P3154851 INFO pr:0.9407  rc:0.9845  auc:0.9946 ap:0.9801 f1: 0.9621 pred_right: 16365 pred_wrong:135 actu_right: 16371 actu_wrong: 129
2026-07-22 08:23:00,408 P3154851 INFO ----------------------------------------------------------------------------------------------------
2026-07-22 08:23:00,408 P3154851 INFO 235/300 starting... lr: 0.0008100000000000001 para:0.01
2026-07-22 08:23:06,445 P3154851 INFO Epoch 235/300, all_loss:0.00023 cls_loss:0.00001 rec_loss:0.02211 [6.03s]; best loss:0.00023, patience : 0
2026-07-22 08:23:08,323 P3154851 INFO pr:0.9518  rc:0.9446  auc:0.9798 ap:0.9724 f1: 0.9482 pred_right: 38606 pred_wrong:394 actu_right: 38603 actu_wrong: 397
2026-07-22 08:23:09,188 P3154851 INFO pr:0.9270  rc:0.9845  auc:0.9946 ap:0.9801 f1: 0.9549 pred_right: 16363 pred_wrong:137 actu_right: 16371 actu_wrong: 129
2026-07-22 08:23:09,189 P3154851 INFO ----------------------------------------------------------------------------------------------------
2026-07-22 08:23:09,189 P3154851 INFO 236/300 starting... lr: 0.0008100000000000001 para:0.01
2026-07-22 08:23:15,304 P3154851 INFO Epoch 236/300, all_loss:0.00022 cls_loss:0.00001 rec_loss:0.02152 [6.11s]; best loss:0.00022, patience : 0
2026-07-22 08:23:17,225 P3154851 INFO pr:0.9541  rc:0.9444  auc:0.9783 ap:0.9750 f1: 0.9492 pred_right: 38608 pred_wrong:392 actu_right: 38604 actu_wrong: 396
2026-07-22 08:23:18,047 P3154851 INFO pr:0.9407  rc:0.9845  auc:0.9946 ap:0.9800 f1: 0.9621 pred_right: 16365 pred_wrong:135 actu_right: 16371 actu_wrong: 129
2026-07-22 08:23:18,047 P3154851 INFO ----------------------------------------------------------------------------------------------------
2026-07-22 08:23:18,048 P3154851 INFO 237/300 starting... lr: 0.0008100000000000001 para:0.01
2026-07-22 08:23:24,208 P3154851 INFO Epoch 237/300, all_loss:0.00022 cls_loss:0.00001 rec_loss:0.02106 [6.16s]; best loss:0.00022, patience : 0
2026-07-22 08:23:26,508 P3154851 INFO pr:0.9518  rc:0.9446  auc:0.9783 ap:0.9748 f1: 0.9482 pred_right: 38606 pred_wrong:394 actu_right: 38603 actu_wrong: 397
2026-07-22 08:23:27,465 P3154851 INFO pr:0.9407  rc:0.9845  auc:0.9946 ap:0.9800 f1: 0.9621 pred_right: 16365 pred_wrong:135 actu_right: 16371 actu_wrong: 129
2026-07-22 08:23:27,466 P3154851 INFO ----------------------------------------------------------------------------------------------------
2026-07-22 08:23:27,466 P3154851 INFO 238/300 starting... lr: 0.0008100000000000001 para:0.01
2026-07-22 08:23:33,604 P3154851 INFO Epoch 238/300, all_loss:0.00021 cls_loss:0.00001 rec_loss:0.02038 [6.13s]; best loss:0.00021, patience : 0
2026-07-22 08:23:36,556 P3154851 INFO pr:0.9518  rc:0.9446  auc:0.9774 ap:0.9746 f1: 0.9482 pred_right: 38606 pred_wrong:394 actu_right: 38603 actu_wrong: 397
2026-07-22 08:23:37,272 P3154851 INFO pr:0.9407  rc:0.9845  auc:0.9946 ap:0.9800 f1: 0.9621 pred_right: 16365 pred_wrong:135 actu_right: 16371 actu_wrong: 129
2026-07-22 08:23:37,272 P3154851 INFO ----------------------------------------------------------------------------------------------------
2026-07-22 08:23:37,273 P3154851 INFO 239/300 starting... lr: 0.0008100000000000001 para:0.01
2026-07-22 08:23:42,064 P3154851 INFO Epoch 239/300, all_loss:0.00021 cls_loss:0.00001 rec_loss:0.01987 [4.79s]; best loss:0.00021, patience : 0
2026-07-22 08:23:44,217 P3154851 INFO pr:0.9518  rc:0.9446  auc:0.9797 ap:0.9713 f1: 0.9482 pred_right: 38606 pred_wrong:394 actu_right: 38603 actu_wrong: 397
2026-07-22 08:23:45,191 P3154851 INFO pr:0.9338  rc:0.9845  auc:0.9946 ap:0.9801 f1: 0.9585 pred_right: 16364 pred_wrong:136 actu_right: 16371 actu_wrong: 129
2026-07-22 08:23:45,191 P3154851 INFO ----------------------------------------------------------------------------------------------------
2026-07-22 08:23:45,191 P3154851 INFO 240/300 starting... lr: 0.0008100000000000001 para:0.01
2026-07-22 08:23:53,239 P3154851 INFO Epoch 240/300, all_loss:0.00021 cls_loss:0.00001 rec_loss:0.01944 [8.04s]; best loss:0.00021, patience : 0
2026-07-22 08:23:57,942 P3154851 INFO pr:0.9542  rc:0.9446  auc:0.9784 ap:0.9736 f1: 0.9494 pred_right: 38607 pred_wrong:393 actu_right: 38603 actu_wrong: 397
2026-07-22 08:24:00,313 P3154851 INFO pr:0.9407  rc:0.9845  auc:0.9946 ap:0.9801 f1: 0.9621 pred_right: 16365 pred_wrong:135 actu_right: 16371 actu_wrong: 129
2026-07-22 08:24:00,314 P3154851 INFO ----------------------------------------------------------------------------------------------------
2026-07-22 08:24:00,314 P3154851 INFO 241/300 starting... lr: 0.0008100000000000001 para:0.01
2026-07-22 08:24:08,349 P3154851 INFO Epoch 241/300, all_loss:0.00020 cls_loss:0.00001 rec_loss:0.01896 [8.03s]; best loss:0.00020, patience : 0
2026-07-22 08:24:10,463 P3154851 INFO pr:0.9518  rc:0.9446  auc:0.9790 ap:0.9721 f1: 0.9482 pred_right: 38606 pred_wrong:394 actu_right: 38603 actu_wrong: 397
2026-07-22 08:24:11,325 P3154851 INFO pr:0.9407  rc:0.9845  auc:0.9946 ap:0.9800 f1: 0.9621 pred_right: 16365 pred_wrong:135 actu_right: 16371 actu_wrong: 129
2026-07-22 08:24:11,325 P3154851 INFO ----------------------------------------------------------------------------------------------------
2026-07-22 08:24:11,325 P3154851 INFO 242/300 starting... lr: 0.0008100000000000001 para:0.01
2026-07-22 08:24:17,498 P3154851 INFO Epoch 242/300, all_loss:0.00019 cls_loss:0.00001 rec_loss:0.01847 [6.17s]; best loss:0.00019, patience : 0
2026-07-22 08:24:19,809 P3154851 INFO pr:0.9540  rc:0.9419  auc:0.9783 ap:0.9724 f1: 0.9479 pred_right: 38609 pred_wrong:391 actu_right: 38604 actu_wrong: 396
2026-07-22 08:24:20,788 P3154851 INFO pr:0.9474  rc:0.9767  auc:0.9946 ap:0.9802 f1: 0.9618 pred_right: 16367 pred_wrong:133 actu_right: 16371 actu_wrong: 129
2026-07-22 08:24:20,789 P3154851 INFO ----------------------------------------------------------------------------------------------------
2026-07-22 08:24:20,789 P3154851 INFO 243/300 starting... lr: 0.0008100000000000001 para:0.01
2026-07-22 08:24:26,991 P3154851 INFO Epoch 243/300, all_loss:0.00019 cls_loss:0.00001 rec_loss:0.01777 [6.20s]; best loss:0.00019, patience : 0
2026-07-22 08:24:28,997 P3154851 INFO pr:0.9541  rc:0.9421  auc:0.9762 ap:0.9730 f1: 0.9480 pred_right: 38608 pred_wrong:392 actu_right: 38603 actu_wrong: 397
2026-07-22 08:24:30,075 P3154851 INFO pr:0.9474  rc:0.9767  auc:0.9946 ap:0.9799 f1: 0.9618 pred_right: 16367 pred_wrong:133 actu_right: 16371 actu_wrong: 129
2026-07-22 08:24:30,075 P3154851 INFO ----------------------------------------------------------------------------------------------------
2026-07-22 08:24:30,076 P3154851 INFO 244/300 starting... lr: 0.0008100000000000001 para:0.01
2026-07-22 08:24:36,093 P3154851 INFO Epoch 244/300, all_loss:0.00928 cls_loss:0.00917 rec_loss:0.02040 [6.02s]; best loss:0.00019, patience : 1
2026-07-22 08:24:38,297 P3154851 INFO pr:0.9713  rc:0.9370  auc:0.9810 ap:0.9771 f1: 0.9538 pred_right: 38617 pred_wrong:383 actu_right: 38603 actu_wrong: 397
2026-07-22 08:24:39,162 P3154851 INFO pr:0.9692  rc:0.9767  auc:0.9906 ap:0.9806 f1: 0.9730 pred_right: 16370 pred_wrong:130 actu_right: 16371 actu_wrong: 129
2026-07-22 08:24:39,163 P3154851 INFO ----------------------------------------------------------------------------------------------------
2026-07-22 08:24:39,163 P3154851 INFO 245/300 starting... lr: 0.0008100000000000001 para:0.01
2026-07-22 08:24:45,383 P3154851 INFO Epoch 245/300, all_loss:0.55865 cls_loss:0.56372 rec_loss:0.05677 [6.22s]; best loss:0.00019, patience : 2
2026-07-22 08:24:47,685 P3154851 INFO pr:0.9705  rc:0.9141  auc:0.9691 ap:0.9664 f1: 0.9415 pred_right: 38627 pred_wrong:373 actu_right: 38604 actu_wrong: 396
2026-07-22 08:24:48,656 P3154851 INFO pr:0.9470  rc:0.9690  auc:0.9949 ap:0.9721 f1: 0.9579 pred_right: 16368 pred_wrong:132 actu_right: 16371 actu_wrong: 129
2026-07-22 08:24:48,656 P3154851 INFO ----------------------------------------------------------------------------------------------------
2026-07-22 08:24:48,656 P3154851 INFO 246/300 starting... lr: 0.0008100000000000001 para:0.01
2026-07-22 08:24:54,746 P3154851 INFO Epoch 246/300, all_loss:0.21221 cls_loss:0.21392 rec_loss:0.04324 [6.09s]; best loss:0.00019, patience : 2
2026-07-22 08:24:56,963 P3154851 INFO pr:0.9715  rc:0.9446  auc:0.9837 ap:0.9775 f1: 0.9579 pred_right: 38614 pred_wrong:386 actu_right: 38603 actu_wrong: 397
2026-07-22 08:24:57,926 P3154851 INFO pr:0.9474  rc:0.9767  auc:0.9933 ap:0.9759 f1: 0.9618 pred_right: 16367 pred_wrong:133 actu_right: 16371 actu_wrong: 129
2026-07-22 08:24:57,927 P3154851 INFO ----------------------------------------------------------------------------------------------------
2026-07-22 08:24:57,927 P3154851 INFO 247/300 starting... lr: 0.0008100000000000001 para:0.01
2026-07-22 08:25:04,144 P3154851 INFO Epoch 247/300, all_loss:0.03648 cls_loss:0.03637 rec_loss:0.04752 [6.22s]; best loss:0.00019, patience : 2
2026-07-22 08:25:06,121 P3154851 INFO pr:0.9396  rc:0.9018  auc:0.9777 ap:0.9699 f1: 0.9203 pred_right: 38619 pred_wrong:381 actu_right: 38603 actu_wrong: 397
2026-07-22 08:25:06,938 P3154851 INFO pr:0.8633  rc:0.9302  auc:0.9914 ap:0.9698 f1: 0.8955 pred_right: 16361 pred_wrong:139 actu_right: 16371 actu_wrong: 129
2026-07-22 08:25:06,939 P3154851 INFO ----------------------------------------------------------------------------------------------------
2026-07-22 08:25:06,939 P3154851 INFO 248/300 starting... lr: 0.0008100000000000001 para:0.01
2026-07-22 08:25:13,694 P3154851 INFO Epoch 248/300, all_loss:0.00504 cls_loss:0.00457 rec_loss:0.05198 [6.75s]; best loss:0.00019, patience : 2
2026-07-22 08:25:15,298 P3154851 INFO pr:0.9740  rc:0.9444  auc:0.9806 ap:0.9765 f1: 0.9590 pred_right: 38616 pred_wrong:384 actu_right: 38604 actu_wrong: 396
2026-07-22 08:25:15,984 P3154851 INFO pr:0.9333  rc:0.9767  auc:0.9947 ap:0.9789 f1: 0.9545 pred_right: 16365 pred_wrong:135 actu_right: 16371 actu_wrong: 129
2026-07-22 08:25:15,984 P3154851 INFO ----------------------------------------------------------------------------------------------------
2026-07-22 08:25:15,984 P3154851 INFO 249/300 starting... lr: 0.0008100000000000001 para:0.01
2026-07-22 08:25:21,601 P3154851 INFO Epoch 249/300, all_loss:0.00412 cls_loss:0.00368 rec_loss:0.04731 [5.62s]; best loss:0.00019, patience : 2
2026-07-22 08:25:23,431 P3154851 INFO pr:0.9815  rc:0.9370  auc:0.9780 ap:0.9768 f1: 0.9588 pred_right: 38621 pred_wrong:379 actu_right: 38603 actu_wrong: 397
2026-07-22 08:25:24,639 P3154851 INFO pr:0.9474  rc:0.9767  auc:0.9930 ap:0.9824 f1: 0.9618 pred_right: 16367 pred_wrong:133 actu_right: 16371 actu_wrong: 129
2026-07-22 08:25:24,640 P3154851 INFO ----------------------------------------------------------------------------------------------------
2026-07-22 08:25:24,640 P3154851 INFO 250/300 starting... lr: 0.0008100000000000001 para:0.01
2026-07-22 08:25:37,973 P3154851 INFO Epoch 250/300, all_loss:0.00069 cls_loss:0.00023 rec_loss:0.04686 [13.33s]; best loss:0.00019, patience : 2
2026-07-22 08:25:40,364 P3154851 INFO pr:0.9764  rc:0.9419  auc:0.9787 ap:0.9769 f1: 0.9589 pred_right: 38618 pred_wrong:382 actu_right: 38604 actu_wrong: 396
2026-07-22 08:25:41,378 P3154851 INFO pr:0.9474  rc:0.9767  auc:0.9949 ap:0.9795 f1: 0.9618 pred_right: 16367 pred_wrong:133 actu_right: 16371 actu_wrong: 129
2026-07-22 08:25:41,379 P3154851 INFO ----------------------------------------------------------------------------------------------------
2026-07-22 08:25:41,379 P3154851 INFO 251/300 starting... lr: 0.0008100000000000001 para:0.01
2026-07-22 08:25:47,680 P3154851 INFO Epoch 251/300, all_loss:0.00052 cls_loss:0.00006 rec_loss:0.04516 [6.30s]; best loss:0.00019, patience : 2
2026-07-22 08:25:50,048 P3154851 INFO pr:0.9740  rc:0.9421  auc:0.9787 ap:0.9758 f1: 0.9577 pred_right: 38616 pred_wrong:384 actu_right: 38603 actu_wrong: 397
2026-07-22 08:25:50,839 P3154851 INFO pr:0.9474  rc:0.9767  auc:0.9949 ap:0.9798 f1: 0.9618 pred_right: 16367 pred_wrong:133 actu_right: 16371 actu_wrong: 129
2026-07-22 08:25:50,840 P3154851 INFO ----------------------------------------------------------------------------------------------------
2026-07-22 08:25:50,840 P3154851 INFO 252/300 starting... lr: 0.0008100000000000001 para:0.01
2026-07-22 08:25:57,156 P3154851 INFO Epoch 252/300, all_loss:0.00049 cls_loss:0.00006 rec_loss:0.04360 [6.32s]; best loss:0.00019, patience : 2
2026-07-22 08:25:59,472 P3154851 INFO pr:0.9739  rc:0.9419  auc:0.9787 ap:0.9757 f1: 0.9576 pred_right: 38617 pred_wrong:383 actu_right: 38604 actu_wrong: 396
2026-07-22 08:26:00,417 P3154851 INFO pr:0.9403  rc:0.9767  auc:0.9949 ap:0.9800 f1: 0.9582 pred_right: 16366 pred_wrong:134 actu_right: 16371 actu_wrong: 129
2026-07-22 08:26:00,417 P3154851 INFO ----------------------------------------------------------------------------------------------------
2026-07-22 08:26:00,418 P3154851 INFO 253/300 starting... lr: 0.0008100000000000001 para:0.01
2026-07-22 08:26:06,374 P3154851 INFO Epoch 253/300, all_loss:0.00047 cls_loss:0.00005 rec_loss:0.04211 [5.96s]; best loss:0.00019, patience : 2
2026-07-22 08:26:08,489 P3154851 INFO pr:0.9740  rc:0.9421  auc:0.9793 ap:0.9759 f1: 0.9577 pred_right: 38616 pred_wrong:384 actu_right: 38603 actu_wrong: 397
2026-07-22 08:26:09,515 P3154851 INFO pr:0.9403  rc:0.9767  auc:0.9949 ap:0.9801 f1: 0.9582 pred_right: 16366 pred_wrong:134 actu_right: 16371 actu_wrong: 129
2026-07-22 08:26:09,516 P3154851 INFO ----------------------------------------------------------------------------------------------------
2026-07-22 08:26:09,516 P3154851 INFO 254/300 starting... lr: 0.0008100000000000001 para:0.01
2026-07-22 08:26:15,911 P3154851 INFO Epoch 254/300, all_loss:0.00046 cls_loss:0.00005 rec_loss:0.04116 [6.39s]; best loss:0.00019, patience : 2
2026-07-22 08:26:18,235 P3154851 INFO pr:0.9740  rc:0.9421  auc:0.9793 ap:0.9759 f1: 0.9577 pred_right: 38616 pred_wrong:384 actu_right: 38603 actu_wrong: 397
2026-07-22 08:26:19,234 P3154851 INFO pr:0.9403  rc:0.9767  auc:0.9949 ap:0.9801 f1: 0.9582 pred_right: 16366 pred_wrong:134 actu_right: 16371 actu_wrong: 129
2026-07-22 08:26:19,234 P3154851 INFO ----------------------------------------------------------------------------------------------------
2026-07-22 08:26:19,234 P3154851 INFO 255/300 starting... lr: 0.0008100000000000001 para:0.01
2026-07-22 08:26:25,439 P3154851 INFO Epoch 255/300, all_loss:0.00044 cls_loss:0.00004 rec_loss:0.03974 [6.20s]; best loss:0.00019, patience : 2
2026-07-22 08:26:27,427 P3154851 INFO pr:0.9714  rc:0.9419  auc:0.9792 ap:0.9746 f1: 0.9564 pred_right: 38616 pred_wrong:384 actu_right: 38604 actu_wrong: 396
2026-07-22 08:26:28,466 P3154851 INFO pr:0.9403  rc:0.9767  auc:0.9949 ap:0.9803 f1: 0.9582 pred_right: 16366 pred_wrong:134 actu_right: 16371 actu_wrong: 129
2026-07-22 08:26:28,466 P3154851 INFO ----------------------------------------------------------------------------------------------------
2026-07-22 08:26:28,467 P3154851 INFO 256/300 starting... lr: 0.0008100000000000001 para:0.01
2026-07-22 08:26:34,542 P3154851 INFO Epoch 256/300, all_loss:0.00042 cls_loss:0.00004 rec_loss:0.03888 [6.08s]; best loss:0.00019, patience : 2
2026-07-22 08:26:36,952 P3154851 INFO pr:0.9714  rc:0.9421  auc:0.9792 ap:0.9747 f1: 0.9565 pred_right: 38615 pred_wrong:385 actu_right: 38603 actu_wrong: 397
2026-07-22 08:26:37,843 P3154851 INFO pr:0.9403  rc:0.9767  auc:0.9949 ap:0.9803 f1: 0.9582 pred_right: 16366 pred_wrong:134 actu_right: 16371 actu_wrong: 129
2026-07-22 08:26:37,844 P3154851 INFO ----------------------------------------------------------------------------------------------------
2026-07-22 08:26:37,844 P3154851 INFO 257/300 starting... lr: 0.0008100000000000001 para:0.01
2026-07-22 08:26:44,036 P3154851 INFO Epoch 257/300, all_loss:0.00041 cls_loss:0.00004 rec_loss:0.03774 [6.19s]; best loss:0.00019, patience : 2
2026-07-22 08:26:47,128 P3154851 INFO pr:0.9688  rc:0.9419  auc:0.9791 ap:0.9747 f1: 0.9552 pred_right: 38615 pred_wrong:385 actu_right: 38604 actu_wrong: 396
2026-07-22 08:26:48,508 P3154851 INFO pr:0.9403  rc:0.9767  auc:0.9949 ap:0.9803 f1: 0.9582 pred_right: 16366 pred_wrong:134 actu_right: 16371 actu_wrong: 129
2026-07-22 08:26:48,508 P3154851 INFO ----------------------------------------------------------------------------------------------------
2026-07-22 08:26:48,508 P3154851 INFO 258/300 starting... lr: 0.0008100000000000001 para:0.01
2026-07-22 08:26:53,076 P3154851 INFO Epoch 258/300, all_loss:0.00040 cls_loss:0.00004 rec_loss:0.03663 [4.57s]; best loss:0.00019, patience : 2
2026-07-22 08:26:54,772 P3154851 INFO pr:0.9664  rc:0.9421  auc:0.9791 ap:0.9748 f1: 0.9541 pred_right: 38613 pred_wrong:387 actu_right: 38603 actu_wrong: 397
2026-07-22 08:26:55,545 P3154851 INFO pr:0.9403  rc:0.9767  auc:0.9949 ap:0.9803 f1: 0.9582 pred_right: 16366 pred_wrong:134 actu_right: 16371 actu_wrong: 129
2026-07-22 08:26:55,546 P3154851 INFO ----------------------------------------------------------------------------------------------------
2026-07-22 08:26:55,546 P3154851 INFO 259/300 starting... lr: 0.0008100000000000001 para:0.01
2026-07-22 08:27:01,292 P3154851 INFO Epoch 259/300, all_loss:0.00039 cls_loss:0.00003 rec_loss:0.03589 [5.75s]; best loss:0.00019, patience : 2
2026-07-22 08:27:05,013 P3154851 INFO pr:0.9664  rc:0.9421  auc:0.9791 ap:0.9749 f1: 0.9541 pred_right: 38613 pred_wrong:387 actu_right: 38603 actu_wrong: 397
2026-07-22 08:27:06,421 P3154851 INFO pr:0.9403  rc:0.9767  auc:0.9949 ap:0.9803 f1: 0.9582 pred_right: 16366 pred_wrong:134 actu_right: 16371 actu_wrong: 129
2026-07-22 08:27:06,422 P3154851 INFO ----------------------------------------------------------------------------------------------------
2026-07-22 08:27:06,423 P3154851 INFO 260/300 starting... lr: 0.0008100000000000001 para:0.01
2026-07-22 08:27:17,745 P3154851 INFO Epoch 260/300, all_loss:0.00038 cls_loss:0.00003 rec_loss:0.03484 [11.32s]; best loss:0.00019, patience : 2
2026-07-22 08:27:19,855 P3154851 INFO pr:0.9664  rc:0.9421  auc:0.9791 ap:0.9749 f1: 0.9541 pred_right: 38613 pred_wrong:387 actu_right: 38603 actu_wrong: 397
2026-07-22 08:27:20,963 P3154851 INFO pr:0.9403  rc:0.9767  auc:0.9949 ap:0.9803 f1: 0.9582 pred_right: 16366 pred_wrong:134 actu_right: 16371 actu_wrong: 129
2026-07-22 08:27:20,963 P3154851 INFO ----------------------------------------------------------------------------------------------------
2026-07-22 08:27:20,963 P3154851 INFO 261/300 starting... lr: 0.0008100000000000001 para:0.01
2026-07-22 08:27:27,197 P3154851 INFO Epoch 261/300, all_loss:0.00037 cls_loss:0.00003 rec_loss:0.03411 [6.23s]; best loss:0.00019, patience : 2
2026-07-22 08:27:29,280 P3154851 INFO pr:0.9689  rc:0.9421  auc:0.9790 ap:0.9749 f1: 0.9553 pred_right: 38614 pred_wrong:386 actu_right: 38603 actu_wrong: 397
2026-07-22 08:27:30,153 P3154851 INFO pr:0.9403  rc:0.9767  auc:0.9949 ap:0.9803 f1: 0.9582 pred_right: 16366 pred_wrong:134 actu_right: 16371 actu_wrong: 129
2026-07-22 08:27:30,154 P3154851 INFO ----------------------------------------------------------------------------------------------------
2026-07-22 08:27:30,154 P3154851 INFO 262/300 starting... lr: 0.0008100000000000001 para:0.01
2026-07-22 08:27:36,296 P3154851 INFO Epoch 262/300, all_loss:0.00036 cls_loss:0.00003 rec_loss:0.03342 [6.14s]; best loss:0.00019, patience : 2
2026-07-22 08:27:38,482 P3154851 INFO pr:0.9689  rc:0.9421  auc:0.9790 ap:0.9749 f1: 0.9553 pred_right: 38614 pred_wrong:386 actu_right: 38603 actu_wrong: 397
2026-07-22 08:27:39,427 P3154851 INFO pr:0.9403  rc:0.9767  auc:0.9949 ap:0.9803 f1: 0.9582 pred_right: 16366 pred_wrong:134 actu_right: 16371 actu_wrong: 129
2026-07-22 08:27:39,428 P3154851 INFO ----------------------------------------------------------------------------------------------------
2026-07-22 08:27:39,428 P3154851 INFO 263/300 starting... lr: 0.0008100000000000001 para:0.01
2026-07-22 08:27:45,538 P3154851 INFO Epoch 263/300, all_loss:0.00035 cls_loss:0.00002 rec_loss:0.03271 [6.11s]; best loss:0.00019, patience : 2
2026-07-22 08:27:47,591 P3154851 INFO pr:0.9689  rc:0.9421  auc:0.9789 ap:0.9749 f1: 0.9553 pred_right: 38614 pred_wrong:386 actu_right: 38603 actu_wrong: 397
2026-07-22 08:27:48,470 P3154851 INFO pr:0.9403  rc:0.9767  auc:0.9949 ap:0.9803 f1: 0.9582 pred_right: 16366 pred_wrong:134 actu_right: 16371 actu_wrong: 129
2026-07-22 08:27:48,471 P3154851 INFO ----------------------------------------------------------------------------------------------------
2026-07-22 08:27:48,471 P3154851 INFO 264/300 starting... lr: 0.0008100000000000001 para:0.01
2026-07-22 08:27:54,711 P3154851 INFO Epoch 264/300, all_loss:0.00034 cls_loss:0.00003 rec_loss:0.03171 [6.24s]; best loss:0.00019, patience : 2
2026-07-22 08:27:56,946 P3154851 INFO pr:0.9689  rc:0.9421  auc:0.9788 ap:0.9749 f1: 0.9553 pred_right: 38614 pred_wrong:386 actu_right: 38603 actu_wrong: 397
2026-07-22 08:27:57,835 P3154851 INFO pr:0.9403  rc:0.9767  auc:0.9949 ap:0.9803 f1: 0.9582 pred_right: 16366 pred_wrong:134 actu_right: 16371 actu_wrong: 129
2026-07-22 08:27:57,836 P3154851 INFO ----------------------------------------------------------------------------------------------------
2026-07-22 08:27:57,836 P3154851 INFO 265/300 starting... lr: 0.0008100000000000001 para:0.01
2026-07-22 08:28:04,089 P3154851 INFO Epoch 265/300, all_loss:0.00033 cls_loss:0.00002 rec_loss:0.03098 [6.25s]; best loss:0.00019, patience : 2
2026-07-22 08:28:06,273 P3154851 INFO pr:0.9688  rc:0.9419  auc:0.9788 ap:0.9749 f1: 0.9552 pred_right: 38615 pred_wrong:385 actu_right: 38604 actu_wrong: 396
2026-07-22 08:28:07,157 P3154851 INFO pr:0.9403  rc:0.9767  auc:0.9949 ap:0.9803 f1: 0.9582 pred_right: 16366 pred_wrong:134 actu_right: 16371 actu_wrong: 129
2026-07-22 08:28:07,158 P3154851 INFO ----------------------------------------------------------------------------------------------------
2026-07-22 08:28:07,158 P3154851 INFO 266/300 starting... lr: 0.0008100000000000001 para:0.01
2026-07-22 08:28:13,305 P3154851 INFO Epoch 266/300, all_loss:0.00032 cls_loss:0.00002 rec_loss:0.03030 [6.15s]; best loss:0.00019, patience : 2
2026-07-22 08:28:15,700 P3154851 INFO pr:0.9664  rc:0.9444  auc:0.9787 ap:0.9750 f1: 0.9553 pred_right: 38613 pred_wrong:387 actu_right: 38604 actu_wrong: 396
2026-07-22 08:28:16,685 P3154851 INFO pr:0.9403  rc:0.9767  auc:0.9949 ap:0.9803 f1: 0.9582 pred_right: 16366 pred_wrong:134 actu_right: 16371 actu_wrong: 129
2026-07-22 08:28:16,685 P3154851 INFO ----------------------------------------------------------------------------------------------------
2026-07-22 08:28:16,686 P3154851 INFO 267/300 starting... lr: 0.0008100000000000001 para:0.01
2026-07-22 08:28:22,627 P3154851 INFO Epoch 267/300, all_loss:0.00032 cls_loss:0.00002 rec_loss:0.02964 [5.93s]; best loss:0.00019, patience : 2
2026-07-22 08:28:26,091 P3154851 INFO pr:0.9664  rc:0.9421  auc:0.9786 ap:0.9750 f1: 0.9541 pred_right: 38613 pred_wrong:387 actu_right: 38603 actu_wrong: 397
2026-07-22 08:28:26,789 P3154851 INFO pr:0.9403  rc:0.9767  auc:0.9949 ap:0.9803 f1: 0.9582 pred_right: 16366 pred_wrong:134 actu_right: 16371 actu_wrong: 129
2026-07-22 08:28:26,790 P3154851 INFO ----------------------------------------------------------------------------------------------------
2026-07-22 08:28:26,790 P3154851 INFO 268/300 starting... lr: 0.0008100000000000001 para:0.01
2026-07-22 08:28:31,343 P3154851 INFO Epoch 268/300, all_loss:0.00031 cls_loss:0.00002 rec_loss:0.02900 [4.55s]; best loss:0.00019, patience : 2
2026-07-22 08:28:33,066 P3154851 INFO pr:0.9664  rc:0.9421  auc:0.9785 ap:0.9750 f1: 0.9541 pred_right: 38613 pred_wrong:387 actu_right: 38603 actu_wrong: 397
2026-07-22 08:28:33,832 P3154851 INFO pr:0.9403  rc:0.9767  auc:0.9949 ap:0.9803 f1: 0.9582 pred_right: 16366 pred_wrong:134 actu_right: 16371 actu_wrong: 129
2026-07-22 08:28:33,833 P3154851 INFO ----------------------------------------------------------------------------------------------------
2026-07-22 08:28:33,833 P3154851 INFO 269/300 starting... lr: 0.0008100000000000001 para:0.01
2026-07-22 08:28:39,870 P3154851 INFO Epoch 269/300, all_loss:0.00030 cls_loss:0.00002 rec_loss:0.02815 [6.04s]; best loss:0.00019, patience : 2
2026-07-22 08:28:43,544 P3154851 INFO pr:0.9664  rc:0.9421  auc:0.9778 ap:0.9749 f1: 0.9541 pred_right: 38613 pred_wrong:387 actu_right: 38603 actu_wrong: 397
2026-07-22 08:28:44,922 P3154851 INFO pr:0.9403  rc:0.9767  auc:0.9949 ap:0.9803 f1: 0.9582 pred_right: 16366 pred_wrong:134 actu_right: 16371 actu_wrong: 129
2026-07-22 08:28:44,922 P3154851 INFO ----------------------------------------------------------------------------------------------------
2026-07-22 08:28:44,923 P3154851 INFO 270/300 starting... lr: 0.0008100000000000001 para:0.01
2026-07-22 08:28:55,003 P3154851 INFO Epoch 270/300, all_loss:0.00029 cls_loss:0.00002 rec_loss:0.02739 [10.08s]; best loss:0.00019, patience : 2
2026-07-22 08:28:57,357 P3154851 INFO pr:0.9639  rc:0.9421  auc:0.9778 ap:0.9749 f1: 0.9529 pred_right: 38612 pred_wrong:388 actu_right: 38603 actu_wrong: 397
2026-07-22 08:28:58,444 P3154851 INFO pr:0.9403  rc:0.9767  auc:0.9949 ap:0.9803 f1: 0.9582 pred_right: 16366 pred_wrong:134 actu_right: 16371 actu_wrong: 129
2026-07-22 08:28:58,444 P3154851 INFO ----------------------------------------------------------------------------------------------------
2026-07-22 08:28:58,444 P3154851 INFO 271/300 starting... lr: 0.0008100000000000001 para:0.01
2026-07-22 08:29:04,788 P3154851 INFO Epoch 271/300, all_loss:0.00028 cls_loss:0.00002 rec_loss:0.02690 [6.34s]; best loss:0.00019, patience : 2
2026-07-22 08:29:06,964 P3154851 INFO pr:0.9638  rc:0.9419  auc:0.9769 ap:0.9749 f1: 0.9527 pred_right: 38613 pred_wrong:387 actu_right: 38604 actu_wrong: 396
2026-07-22 08:29:07,891 P3154851 INFO pr:0.9403  rc:0.9767  auc:0.9949 ap:0.9803 f1: 0.9582 pred_right: 16366 pred_wrong:134 actu_right: 16371 actu_wrong: 129
2026-07-22 08:29:07,892 P3154851 INFO ----------------------------------------------------------------------------------------------------
2026-07-22 08:29:07,892 P3154851 INFO 272/300 starting... lr: 0.0008100000000000001 para:0.01
2026-07-22 08:29:13,954 P3154851 INFO Epoch 272/300, all_loss:0.00028 cls_loss:0.00002 rec_loss:0.02606 [6.06s]; best loss:0.00019, patience : 2
2026-07-22 08:29:16,320 P3154851 INFO pr:0.9639  rc:0.9421  auc:0.9776 ap:0.9749 f1: 0.9529 pred_right: 38612 pred_wrong:388 actu_right: 38603 actu_wrong: 397
2026-07-22 08:29:17,139 P3154851 INFO pr:0.9403  rc:0.9767  auc:0.9949 ap:0.9803 f1: 0.9582 pred_right: 16366 pred_wrong:134 actu_right: 16371 actu_wrong: 129
2026-07-22 08:29:17,139 P3154851 INFO ----------------------------------------------------------------------------------------------------
2026-07-22 08:29:17,140 P3154851 INFO 273/300 starting... lr: 0.0008100000000000001 para:0.01
2026-07-22 08:29:23,410 P3154851 INFO Epoch 273/300, all_loss:0.00027 cls_loss:0.00001 rec_loss:0.02561 [6.27s]; best loss:0.00019, patience : 2
2026-07-22 08:29:25,379 P3154851 INFO pr:0.9614  rc:0.9421  auc:0.9768 ap:0.9749 f1: 0.9517 pred_right: 38611 pred_wrong:389 actu_right: 38603 actu_wrong: 397
2026-07-22 08:29:26,220 P3154851 INFO pr:0.9407  rc:0.9845  auc:0.9949 ap:0.9803 f1: 0.9621 pred_right: 16365 pred_wrong:135 actu_right: 16371 actu_wrong: 129
2026-07-22 08:29:26,221 P3154851 INFO ----------------------------------------------------------------------------------------------------
2026-07-22 08:29:26,221 P3154851 INFO 274/300 starting... lr: 0.0008100000000000001 para:0.01
2026-07-22 08:29:32,193 P3154851 INFO Epoch 274/300, all_loss:0.00026 cls_loss:0.00001 rec_loss:0.02493 [5.97s]; best loss:0.00019, patience : 2
2026-07-22 08:29:34,522 P3154851 INFO pr:0.9614  rc:0.9421  auc:0.9767 ap:0.9749 f1: 0.9517 pred_right: 38611 pred_wrong:389 actu_right: 38603 actu_wrong: 397
2026-07-22 08:29:35,310 P3154851 INFO pr:0.9343  rc:0.9922  auc:0.9949 ap:0.9802 f1: 0.9624 pred_right: 16363 pred_wrong:137 actu_right: 16371 actu_wrong: 129
2026-07-22 08:29:35,311 P3154851 INFO ----------------------------------------------------------------------------------------------------
2026-07-22 08:29:35,311 P3154851 INFO 275/300 starting... lr: 0.0008100000000000001 para:0.01
2026-07-22 08:29:41,634 P3154851 INFO Epoch 275/300, all_loss:0.00026 cls_loss:0.00002 rec_loss:0.02425 [6.32s]; best loss:0.00019, patience : 2
2026-07-22 08:29:43,587 P3154851 INFO pr:0.9639  rc:0.9421  auc:0.9766 ap:0.9747 f1: 0.9529 pred_right: 38612 pred_wrong:388 actu_right: 38603 actu_wrong: 397
2026-07-22 08:29:44,430 P3154851 INFO pr:0.9403  rc:0.9767  auc:0.9948 ap:0.9802 f1: 0.9582 pred_right: 16366 pred_wrong:134 actu_right: 16371 actu_wrong: 129
2026-07-22 08:29:44,430 P3154851 INFO ----------------------------------------------------------------------------------------------------
2026-07-22 08:29:44,430 P3154851 INFO 276/300 starting... lr: 0.0008100000000000001 para:0.01
2026-07-22 08:29:50,365 P3154851 INFO Epoch 276/300, all_loss:0.00025 cls_loss:0.00001 rec_loss:0.02372 [5.93s]; best loss:0.00019, patience : 2
2026-07-22 08:29:52,580 P3154851 INFO pr:0.9614  rc:0.9421  auc:0.9765 ap:0.9748 f1: 0.9517 pred_right: 38611 pred_wrong:389 actu_right: 38603 actu_wrong: 397
2026-07-22 08:29:53,526 P3154851 INFO pr:0.9333  rc:0.9767  auc:0.9948 ap:0.9802 f1: 0.9545 pred_right: 16365 pred_wrong:135 actu_right: 16371 actu_wrong: 129
2026-07-22 08:29:53,526 P3154851 INFO ----------------------------------------------------------------------------------------------------
2026-07-22 08:29:53,526 P3154851 INFO 277/300 starting... lr: 0.0008100000000000001 para:0.01
2026-07-22 08:29:59,718 P3154851 INFO Epoch 277/300, all_loss:0.00024 cls_loss:0.00001 rec_loss:0.02334 [6.19s]; best loss:0.00019, patience : 2
2026-07-22 08:30:02,536 P3154851 INFO pr:0.9614  rc:0.9444  auc:0.9763 ap:0.9747 f1: 0.9529 pred_right: 38611 pred_wrong:389 actu_right: 38604 actu_wrong: 396
2026-07-22 08:30:03,178 P3154851 INFO pr:0.9343  rc:0.9922  auc:0.9948 ap:0.9802 f1: 0.9624 pred_right: 16363 pred_wrong:137 actu_right: 16371 actu_wrong: 129
2026-07-22 08:30:03,178 P3154851 INFO ----------------------------------------------------------------------------------------------------
2026-07-22 08:30:03,178 P3154851 INFO 278/300 starting... lr: 0.0008100000000000001 para:0.01
2026-07-22 08:30:07,891 P3154851 INFO Epoch 278/300, all_loss:0.00024 cls_loss:0.00001 rec_loss:0.02251 [4.71s]; best loss:0.00019, patience : 2
2026-07-22 08:30:09,823 P3154851 INFO pr:0.9614  rc:0.9421  auc:0.9763 ap:0.9747 f1: 0.9517 pred_right: 38611 pred_wrong:389 actu_right: 38603 actu_wrong: 397
2026-07-22 08:30:10,616 P3154851 INFO pr:0.9333  rc:0.9767  auc:0.9948 ap:0.9802 f1: 0.9545 pred_right: 16365 pred_wrong:135 actu_right: 16371 actu_wrong: 129
2026-07-22 08:30:10,616 P3154851 INFO ----------------------------------------------------------------------------------------------------
2026-07-22 08:30:10,616 P3154851 INFO 279/300 starting... lr: 0.0008100000000000001 para:0.01
2026-07-22 08:30:18,468 P3154851 INFO Epoch 279/300, all_loss:0.00023 cls_loss:0.00001 rec_loss:0.02224 [7.85s]; best loss:0.00019, patience : 2
2026-07-22 08:30:23,580 P3154851 INFO pr:0.9614  rc:0.9421  auc:0.9762 ap:0.9746 f1: 0.9517 pred_right: 38611 pred_wrong:389 actu_right: 38603 actu_wrong: 397
2026-07-22 08:30:25,450 P3154851 INFO pr:0.9333  rc:0.9767  auc:0.9948 ap:0.9802 f1: 0.9545 pred_right: 16365 pred_wrong:135 actu_right: 16371 actu_wrong: 129
2026-07-22 08:30:25,451 P3154851 INFO ----------------------------------------------------------------------------------------------------
2026-07-22 08:30:25,451 P3154851 INFO 280/300 starting... lr: 0.0008100000000000001 para:0.01
2026-07-22 08:30:33,630 P3154851 INFO Epoch 280/300, all_loss:0.00023 cls_loss:0.00001 rec_loss:0.02171 [8.18s]; best loss:0.00019, patience : 2
2026-07-22 08:30:36,212 P3154851 INFO pr:0.9615  rc:0.9446  auc:0.9767 ap:0.9746 f1: 0.9530 pred_right: 38610 pred_wrong:390 actu_right: 38603 actu_wrong: 397
2026-07-22 08:30:37,261 P3154851 INFO pr:0.9343  rc:0.9922  auc:0.9948 ap:0.9802 f1: 0.9624 pred_right: 16363 pred_wrong:137 actu_right: 16371 actu_wrong: 129
2026-07-22 08:30:37,261 P3154851 INFO ----------------------------------------------------------------------------------------------------
2026-07-22 08:30:37,262 P3154851 INFO 281/300 starting... lr: 0.0008100000000000001 para:0.01
2026-07-22 08:30:43,586 P3154851 INFO Epoch 281/300, all_loss:0.00022 cls_loss:0.00001 rec_loss:0.02118 [6.32s]; best loss:0.00019, patience : 2
2026-07-22 08:30:45,516 P3154851 INFO pr:0.9614  rc:0.9421  auc:0.9760 ap:0.9745 f1: 0.9517 pred_right: 38611 pred_wrong:389 actu_right: 38603 actu_wrong: 397
2026-07-22 08:30:46,394 P3154851 INFO pr:0.9333  rc:0.9767  auc:0.9948 ap:0.9802 f1: 0.9545 pred_right: 16365 pred_wrong:135 actu_right: 16371 actu_wrong: 129
2026-07-22 08:30:46,394 P3154851 INFO ----------------------------------------------------------------------------------------------------
2026-07-22 08:30:46,394 P3154851 INFO 282/300 starting... lr: 0.0008100000000000001 para:0.01
2026-07-22 08:30:52,404 P3154851 INFO Epoch 282/300, all_loss:0.00022 cls_loss:0.00001 rec_loss:0.02074 [6.01s]; best loss:0.00019, patience : 2
2026-07-22 08:30:54,637 P3154851 INFO pr:0.9615  rc:0.9446  auc:0.9764 ap:0.9745 f1: 0.9530 pred_right: 38610 pred_wrong:390 actu_right: 38603 actu_wrong: 397
2026-07-22 08:30:55,557 P3154851 INFO pr:0.9203  rc:0.9845  auc:0.9948 ap:0.9801 f1: 0.9513 pred_right: 16362 pred_wrong:138 actu_right: 16371 actu_wrong: 129
2026-07-22 08:30:55,558 P3154851 INFO ----------------------------------------------------------------------------------------------------
2026-07-22 08:30:55,558 P3154851 INFO 283/300 starting... lr: 0.0008100000000000001 para:0.01
2026-07-22 08:31:01,583 P3154851 INFO Epoch 283/300, all_loss:0.00021 cls_loss:0.00001 rec_loss:0.02037 [6.02s]; best loss:0.00019, patience : 2
2026-07-22 08:31:03,690 P3154851 INFO pr:0.9613  rc:0.9419  auc:0.9757 ap:0.9741 f1: 0.9515 pred_right: 38612 pred_wrong:388 actu_right: 38604 actu_wrong: 396
2026-07-22 08:31:04,599 P3154851 INFO pr:0.9403  rc:0.9767  auc:0.9948 ap:0.9801 f1: 0.9582 pred_right: 16366 pred_wrong:134 actu_right: 16371 actu_wrong: 129
2026-07-22 08:31:04,600 P3154851 INFO ----------------------------------------------------------------------------------------------------
2026-07-22 08:31:04,600 P3154851 INFO 284/300 starting... lr: 0.0008100000000000001 para:0.01
2026-07-22 08:31:10,806 P3154851 INFO Epoch 284/300, all_loss:0.00021 cls_loss:0.00001 rec_loss:0.01983 [6.21s]; best loss:0.00019, patience : 2
2026-07-22 08:31:13,235 P3154851 INFO pr:0.9614  rc:0.9421  auc:0.9763 ap:0.9742 f1: 0.9517 pred_right: 38611 pred_wrong:389 actu_right: 38603 actu_wrong: 397
2026-07-22 08:31:14,197 P3154851 INFO pr:0.9265  rc:0.9767  auc:0.9948 ap:0.9801 f1: 0.9509 pred_right: 16364 pred_wrong:136 actu_right: 16371 actu_wrong: 129
2026-07-22 08:31:14,198 P3154851 INFO ----------------------------------------------------------------------------------------------------
2026-07-22 08:31:14,198 P3154851 INFO 285/300 starting... lr: 0.0008100000000000001 para:0.01
2026-07-22 08:31:20,217 P3154851 INFO Epoch 285/300, all_loss:0.00020 cls_loss:0.00001 rec_loss:0.01951 [6.02s]; best loss:0.00019, patience : 2
2026-07-22 08:31:22,565 P3154851 INFO pr:0.9638  rc:0.9395  auc:0.9761 ap:0.9754 f1: 0.9515 pred_right: 38613 pred_wrong:387 actu_right: 38603 actu_wrong: 397
2026-07-22 08:31:23,625 P3154851 INFO pr:0.9270  rc:0.9845  auc:0.9948 ap:0.9801 f1: 0.9549 pred_right: 16363 pred_wrong:137 actu_right: 16371 actu_wrong: 129
2026-07-22 08:31:23,626 P3154851 INFO ----------------------------------------------------------------------------------------------------
2026-07-22 08:31:23,626 P3154851 INFO 286/300 starting... lr: 0.0008100000000000001 para:0.01
2026-07-22 08:31:29,776 P3154851 INFO Epoch 286/300, all_loss:0.00020 cls_loss:0.00001 rec_loss:0.01903 [6.15s]; best loss:0.00019, patience : 2
2026-07-22 08:31:31,875 P3154851 INFO pr:0.9614  rc:0.9421  auc:0.9760 ap:0.9740 f1: 0.9517 pred_right: 38611 pred_wrong:389 actu_right: 38603 actu_wrong: 397
2026-07-22 08:31:32,730 P3154851 INFO pr:0.9203  rc:0.9845  auc:0.9947 ap:0.9800 f1: 0.9513 pred_right: 16362 pred_wrong:138 actu_right: 16371 actu_wrong: 129
2026-07-22 08:31:32,731 P3154851 INFO ----------------------------------------------------------------------------------------------------
2026-07-22 08:31:32,731 P3154851 INFO 287/300 starting... lr: 0.0008100000000000001 para:0.01
2026-07-22 08:31:40,229 P3154851 INFO Epoch 287/300, all_loss:0.00019 cls_loss:0.00001 rec_loss:0.01854 [7.50s]; best loss:0.00019, patience : 2
2026-07-22 08:31:41,776 P3154851 INFO pr:0.9613  rc:0.9395  auc:0.9759 ap:0.9739 f1: 0.9503 pred_right: 38612 pred_wrong:388 actu_right: 38603 actu_wrong: 397
2026-07-22 08:31:42,440 P3154851 INFO pr:0.9197  rc:0.9767  auc:0.9947 ap:0.9800 f1: 0.9474 pred_right: 16363 pred_wrong:137 actu_right: 16371 actu_wrong: 129
2026-07-22 08:31:42,441 P3154851 INFO ----------------------------------------------------------------------------------------------------
2026-07-22 08:31:42,441 P3154851 INFO 288/300 starting... lr: 0.0008100000000000001 para:0.01
2026-07-22 08:31:47,509 P3154851 INFO Epoch 288/300, all_loss:0.00019 cls_loss:0.00001 rec_loss:0.01825 [5.07s]; best loss:0.00019, patience : 2
2026-07-22 08:31:49,486 P3154851 INFO pr:0.9614  rc:0.9421  auc:0.9757 ap:0.9739 f1: 0.9517 pred_right: 38611 pred_wrong:389 actu_right: 38603 actu_wrong: 397
2026-07-22 08:31:50,255 P3154851 INFO pr:0.9203  rc:0.9845  auc:0.9947 ap:0.9801 f1: 0.9513 pred_right: 16362 pred_wrong:138 actu_right: 16371 actu_wrong: 129
2026-07-22 08:31:50,255 P3154851 INFO ----------------------------------------------------------------------------------------------------
2026-07-22 08:31:50,255 P3154851 INFO 289/300 starting... lr: 0.0008100000000000001 para:0.01
2026-07-22 08:32:00,045 P3154851 INFO Epoch 289/300, all_loss:0.00019 cls_loss:0.00001 rec_loss:0.01782 [9.79s]; best loss:0.00019, patience : 2
2026-07-22 08:32:03,619 P3154851 INFO pr:0.9613  rc:0.9395  auc:0.9755 ap:0.9739 f1: 0.9503 pred_right: 38612 pred_wrong:388 actu_right: 38603 actu_wrong: 397
2026-07-22 08:32:05,334 P3154851 INFO pr:0.9197  rc:0.9767  auc:0.9947 ap:0.9799 f1: 0.9474 pred_right: 16363 pred_wrong:137 actu_right: 16371 actu_wrong: 129
2026-07-22 08:32:05,334 P3154851 INFO ----------------------------------------------------------------------------------------------------
2026-07-22 08:32:05,335 P3154851 INFO 290/300 starting... lr: 0.0008100000000000001 para:0.01
2026-07-22 08:32:12,360 P3154851 INFO Epoch 290/300, all_loss:0.00018 cls_loss:0.00001 rec_loss:0.01738 [7.02s]; best loss:0.00018, patience : 0
2026-07-22 08:32:14,742 P3154851 INFO pr:0.9614  rc:0.9421  auc:0.9755 ap:0.9739 f1: 0.9517 pred_right: 38611 pred_wrong:389 actu_right: 38603 actu_wrong: 397
2026-07-22 08:32:15,703 P3154851 INFO pr:0.9203  rc:0.9845  auc:0.9947 ap:0.9801 f1: 0.9513 pred_right: 16362 pred_wrong:138 actu_right: 16371 actu_wrong: 129
2026-07-22 08:32:15,703 P3154851 INFO ----------------------------------------------------------------------------------------------------
2026-07-22 08:32:15,704 P3154851 INFO 291/300 starting... lr: 0.0008100000000000001 para:0.01
2026-07-22 08:32:21,873 P3154851 INFO Epoch 291/300, all_loss:0.00018 cls_loss:0.00001 rec_loss:0.01709 [6.17s]; best loss:0.00018, patience : 0
2026-07-22 08:32:23,985 P3154851 INFO pr:0.9613  rc:0.9395  auc:0.9751 ap:0.9738 f1: 0.9503 pred_right: 38612 pred_wrong:388 actu_right: 38603 actu_wrong: 397
2026-07-22 08:32:24,848 P3154851 INFO pr:0.9403  rc:0.9767  auc:0.9947 ap:0.9799 f1: 0.9582 pred_right: 16366 pred_wrong:134 actu_right: 16371 actu_wrong: 129
2026-07-22 08:32:24,849 P3154851 INFO ----------------------------------------------------------------------------------------------------
2026-07-22 08:32:24,849 P3154851 INFO 292/300 starting... lr: 0.0008100000000000001 para:0.01
2026-07-22 08:32:30,878 P3154851 INFO Epoch 292/300, all_loss:0.00017 cls_loss:0.00001 rec_loss:0.01663 [6.03s]; best loss:0.00017, patience : 0
2026-07-22 08:32:33,101 P3154851 INFO pr:0.9637  rc:0.9394  auc:0.9749 ap:0.9738 f1: 0.9514 pred_right: 38614 pred_wrong:386 actu_right: 38604 actu_wrong: 396
2026-07-22 08:32:34,055 P3154851 INFO pr:0.9265  rc:0.9767  auc:0.9947 ap:0.9799 f1: 0.9509 pred_right: 16364 pred_wrong:136 actu_right: 16371 actu_wrong: 129
2026-07-22 08:32:34,056 P3154851 INFO ----------------------------------------------------------------------------------------------------
2026-07-22 08:32:34,056 P3154851 INFO 293/300 starting... lr: 0.0008100000000000001 para:0.01
2026-07-22 08:32:40,157 P3154851 INFO Epoch 293/300, all_loss:0.00017 cls_loss:0.00001 rec_loss:0.01624 [6.10s]; best loss:0.00017, patience : 0
2026-07-22 08:32:42,406 P3154851 INFO pr:0.9638  rc:0.9395  auc:0.9749 ap:0.9739 f1: 0.9515 pred_right: 38613 pred_wrong:387 actu_right: 38603 actu_wrong: 397
2026-07-22 08:32:43,274 P3154851 INFO pr:0.9197  rc:0.9767  auc:0.9947 ap:0.9799 f1: 0.9474 pred_right: 16363 pred_wrong:137 actu_right: 16371 actu_wrong: 129
2026-07-22 08:32:43,274 P3154851 INFO ----------------------------------------------------------------------------------------------------
2026-07-22 08:32:43,274 P3154851 INFO 294/300 starting... lr: 0.0008100000000000001 para:0.01
2026-07-22 08:32:49,460 P3154851 INFO Epoch 294/300, all_loss:0.00017 cls_loss:0.00001 rec_loss:0.01589 [6.18s]; best loss:0.00017, patience : 0
2026-07-22 08:32:51,523 P3154851 INFO pr:0.9663  rc:0.9395  auc:0.9748 ap:0.9739 f1: 0.9527 pred_right: 38614 pred_wrong:386 actu_right: 38603 actu_wrong: 397
2026-07-22 08:32:52,403 P3154851 INFO pr:0.9265  rc:0.9767  auc:0.9947 ap:0.9799 f1: 0.9509 pred_right: 16364 pred_wrong:136 actu_right: 16371 actu_wrong: 129
2026-07-22 08:32:52,404 P3154851 INFO ----------------------------------------------------------------------------------------------------
2026-07-22 08:32:52,404 P3154851 INFO 295/300 starting... lr: 0.0008100000000000001 para:0.01
2026-07-22 08:32:58,602 P3154851 INFO Epoch 295/300, all_loss:0.00016 cls_loss:0.00001 rec_loss:0.01555 [6.19s]; best loss:0.00016, patience : 0
2026-07-22 08:33:00,624 P3154851 INFO pr:0.9665  rc:0.9446  auc:0.9747 ap:0.9739 f1: 0.9554 pred_right: 38612 pred_wrong:388 actu_right: 38603 actu_wrong: 397
2026-07-22 08:33:01,509 P3154851 INFO pr:0.9203  rc:0.9845  auc:0.9947 ap:0.9765 f1: 0.9513 pred_right: 16362 pred_wrong:138 actu_right: 16371 actu_wrong: 129
2026-07-22 08:33:01,510 P3154851 INFO ----------------------------------------------------------------------------------------------------
2026-07-22 08:33:01,510 P3154851 INFO 296/300 starting... lr: 0.0008100000000000001 para:0.01
2026-07-22 08:33:07,581 P3154851 INFO Epoch 296/300, all_loss:0.00016 cls_loss:0.00001 rec_loss:0.01515 [6.07s]; best loss:0.00016, patience : 0
2026-07-22 08:33:09,785 P3154851 INFO pr:0.9662  rc:0.9370  auc:0.9739 ap:0.9737 f1: 0.9514 pred_right: 38615 pred_wrong:385 actu_right: 38603 actu_wrong: 397
2026-07-22 08:33:10,783 P3154851 INFO pr:0.9474  rc:0.9767  auc:0.9947 ap:0.9799 f1: 0.9618 pred_right: 16367 pred_wrong:133 actu_right: 16371 actu_wrong: 129
2026-07-22 08:33:10,783 P3154851 INFO ----------------------------------------------------------------------------------------------------
2026-07-22 08:33:10,784 P3154851 INFO 297/300 starting... lr: 0.0008100000000000001 para:0.01
2026-07-22 08:33:17,585 P3154851 INFO Epoch 297/300, all_loss:0.00016 cls_loss:0.00001 rec_loss:0.01492 [6.80s]; best loss:0.00016, patience : 1
2026-07-22 08:33:19,211 P3154851 INFO pr:0.9666  rc:0.9471  auc:0.9752 ap:0.9740 f1: 0.9567 pred_right: 38611 pred_wrong:389 actu_right: 38603 actu_wrong: 397
2026-07-22 08:33:19,912 P3154851 INFO pr:0.9197  rc:0.9767  auc:0.9947 ap:0.9769 f1: 0.9474 pred_right: 16363 pred_wrong:137 actu_right: 16371 actu_wrong: 129
2026-07-22 08:33:19,913 P3154851 INFO ----------------------------------------------------------------------------------------------------
2026-07-22 08:33:19,913 P3154851 INFO 298/300 starting... lr: 0.0008100000000000001 para:0.01
2026-07-22 08:33:25,377 P3154851 INFO Epoch 298/300, all_loss:0.00015 cls_loss:0.00001 rec_loss:0.01463 [5.46s]; best loss:0.00015, patience : 0
2026-07-22 08:33:27,150 P3154851 INFO pr:0.9541  rc:0.9444  auc:0.9748 ap:0.9722 f1: 0.9492 pred_right: 38608 pred_wrong:392 actu_right: 38604 actu_wrong: 396
2026-07-22 08:33:27,869 P3154851 INFO pr:0.9137  rc:0.9845  auc:0.9947 ap:0.9763 f1: 0.9478 pred_right: 16361 pred_wrong:139 actu_right: 16371 actu_wrong: 129
2026-07-22 08:33:27,869 P3154851 INFO ----------------------------------------------------------------------------------------------------
2026-07-22 08:33:27,870 P3154851 INFO 299/300 starting... lr: 0.0008100000000000001 para:0.01
2026-07-22 08:33:40,996 P3154851 INFO Epoch 299/300, all_loss:0.00015 cls_loss:0.00001 rec_loss:0.01456 [13.12s]; best loss:0.00015, patience : 0
2026-07-22 08:33:43,636 P3154851 INFO pr:0.9688  rc:0.9370  auc:0.9732 ap:0.9736 f1: 0.9526 pred_right: 38616 pred_wrong:384 actu_right: 38603 actu_wrong: 397
2026-07-22 08:33:44,577 P3154851 INFO pr:0.9474  rc:0.9767  auc:0.9947 ap:0.9832 f1: 0.9618 pred_right: 16367 pred_wrong:133 actu_right: 16371 actu_wrong: 129
2026-07-22 08:33:44,578 P3154851 INFO saving model...
2026-07-22 08:33:44,578 P3154851 INFO FITS_Legendre - loss  best score:0.00015071484085638076 at epoch 299
2026-07-22 08:33:44,584 P3154851 INFO FITS_Legendre - f1  best score:0.9617346938775511 at epoch 70
2026-07-22 08:33:44,589 P3154851 INFO Average training time per epoch: 6.63 seconds
2026-07-22 08:33:44,590 P3154851 INFO calculate scores...
2026-07-22 08:33:44,590 P3154851 INFO calculate label with loss...
2026-07-22 08:33:44,590 P3154851 INFO FITS_Legendre on ./result/server_only_exps/Sensitivity/FITS_Legendre-MSDS-Epochs300-Seed3-ExpNameRQ3_sensitivity_auxi_lambda-LPFLPF-Attnlinear_attn-NormLinTrue-RecLambda1.0-AuxiLambda0.5-Degree5-lowshow-simplegraph loading...
2026-07-22 08:33:45,536 P3154851 INFO pr:0.9474  rc:0.9767  auc:0.9947 ap:0.9832 f1: 0.9618 pred_right: 16367 pred_wrong:133 actu_right: 16371 actu_wrong: 129
2026-07-22 08:33:46,844 P3154851 INFO pr:0.9474  rc:0.9767  auc:0.9947 ap:0.9832 f1: 0.9618 pred_right: 16367 pred_wrong:133 actu_right: 16371 actu_wrong: 129
2026-07-22 08:33:46,845 P3154851 INFO Performance Summary:
{'GPU': {'inference_time_per_sample_ms': 0.27024603260539637, 'throughput_samples_per_sec': 3700.331843391627, 'peak_memory_mb': 37.0380859375, 'energy_per_sample_joules': 0.013389339685434362}, 'CPU': {'inference_time_per_sample_ms': 0.3808788104607399, 'throughput_samples_per_sec': 2625.5070445907036, 'peak_memory_mb': 2911.046875, 'energy_per_sample_joules': 0.024757122679948094}}
2026-07-22 08:33:46,852 P3154851 INFO Starting clean-room hardware benchmarking...
2026-07-22 08:33:47,555 P3154851 INFO Performance with loss: pr:0.9474  rc:0.9767  auc:0.9947 ap:0.9832 f1: 0.9618 pred_right: 16367 pred_wrong:133 actu_right: 16371 actu_wrong: 129
2026-07-22 08:33:47,555 P3154851 INFO calculate label with f1...
2026-07-22 08:33:47,556 P3154851 INFO FITS_Legendre on ./result/server_only_exps/Sensitivity/FITS_Legendre-MSDS-Epochs300-Seed3-ExpNameRQ3_sensitivity_auxi_lambda-LPFLPF-Attnlinear_attn-NormLinTrue-RecLambda1.0-AuxiLambda0.5-Degree5-lowshow-simplegraph loading...
2026-07-22 08:33:48,612 P3154851 INFO pr:0.9058  rc:0.9690  auc:0.9941 ap:0.9697 f1: 0.9363 pred_right: 16362 pred_wrong:138 actu_right: 16371 actu_wrong: 129
2026-07-22 08:33:49,913 P3154851 INFO pr:0.9058  rc:0.9690  auc:0.9941 ap:0.9697 f1: 0.9363 pred_right: 16362 pred_wrong:138 actu_right: 16371 actu_wrong: 129
2026-07-22 08:33:49,914 P3154851 INFO Performance Summary:
{'GPU': {'inference_time_per_sample_ms': 0.3039094932907296, 'throughput_samples_per_sec': 3290.4533161238496, 'peak_memory_mb': 36.4921875, 'energy_per_sample_joules': 0.014871963008928495}, 'CPU': {'inference_time_per_sample_ms': 0.3769339306655218, 'throughput_samples_per_sec': 2652.9848300851577, 'peak_memory_mb': 2913.0859375, 'energy_per_sample_joules': 0.024500705493258917}}
2026-07-22 08:33:49,914 P3154851 INFO Starting clean-room hardware benchmarking...
2026-07-22 08:33:50,600 P3154851 INFO Performance with f1: pr:0.9058  rc:0.9690  auc:0.9941 ap:0.9697 f1: 0.9363 pred_right: 16362 pred_wrong:138 actu_right: 16371 actu_wrong: 129
