2026-07-21 08:46:02,013 P2537689 INFO ---- Model: ----MSTGAD-a18b4268----random_seed : 3----req_loss_approach : Normal-Recreation----rec_lambda : 1.0----auxi_lambda : 0.0----Freq Domain : AnoFusion----Multi Fits : false----train : True----evaluate : False
2026-07-21 08:46:02,013 P2537689 INFO read Tranform data
2026-07-21 08:46:03,650 P2537689 INFO read Graph edge data
2026-07-21 08:46:03,651 P2537689 INFO Fewshot: training with 1.0 of the 70% of the data
2026-07-21 08:46:03,748 P2537689 INFO Trainable Parameters Breakdown:
2026-07-21 08:46:03,748 P2537689 INFO --------------------------------------------------------------------------------
2026-07-21 08:46:03,748 P2537689 INFO Reconstruction-Specific Parameters:
2026-07-21 08:46:03,748 P2537689 INFO AnoFusion.metric_proj.weight             | shape: (10, 3)                   | params: 30
2026-07-21 08:46:03,748 P2537689 INFO AnoFusion.metric_proj.bias               | shape: (10,)                     | params: 10
2026-07-21 08:46:03,748 P2537689 INFO AnoFusion.log_proj.weight                | shape: (10, 256)                 | params: 2,560
2026-07-21 08:46:03,748 P2537689 INFO AnoFusion.log_proj.bias                  | shape: (10,)                     | params: 10
2026-07-21 08:46:03,748 P2537689 INFO AnoFusion.trace_proj.weight              | shape: (10, 7)                   | params: 70
2026-07-21 08:46:03,748 P2537689 INFO AnoFusion.trace_proj.bias                | shape: (10,)                     | params: 10
2026-07-21 08:46:03,748 P2537689 INFO AnoFusion.anofusion.GTN.weight           | shape: (1, 1)                    | params: 1
2026-07-21 08:46:03,748 P2537689 INFO AnoFusion.anofusion.GTN.layers.0.layer1.weight | shape: (1, 2, 2, 1, 1)           | params: 4
2026-07-21 08:46:03,748 P2537689 INFO AnoFusion.anofusion.GTN.layers.0.layer2.weight | shape: (1, 2, 2, 1, 1)           | params: 4
2026-07-21 08:46:03,748 P2537689 INFO AnoFusion.anofusion.GTN.layers.1.layer1.weight | shape: (1, 2, 2, 1, 1)           | params: 4
2026-07-21 08:46:03,748 P2537689 INFO AnoFusion.anofusion.GTN.layers.2.layer1.weight | shape: (1, 2, 2, 1, 1)           | params: 4
2026-07-21 08:46:03,748 P2537689 INFO AnoFusion.anofusion.GTN.layers.3.layer1.weight | shape: (1, 2, 2, 1, 1)           | params: 4
2026-07-21 08:46:03,748 P2537689 INFO AnoFusion.anofusion.GTN.layers.4.layer1.weight | shape: (1, 2, 2, 1, 1)           | params: 4
2026-07-21 08:46:03,748 P2537689 INFO AnoFusion.anofusion.GAT_GRU.weight       | shape: (1, 1)                    | params: 1
2026-07-21 08:46:03,748 P2537689 INFO AnoFusion.anofusion.GAT_GRU.soft         | shape: (2,)                      | params: 2
2026-07-21 08:46:03,748 P2537689 INFO AnoFusion.anofusion.GAT_GRU.gru.weight_ih_l0 | shape: (60, 20)                  | params: 1,200
2026-07-21 08:46:03,748 P2537689 INFO AnoFusion.anofusion.GAT_GRU.gru.weight_hh_l0 | shape: (60, 20)                  | params: 1,200
2026-07-21 08:46:03,749 P2537689 INFO AnoFusion.anofusion.GAT_GRU.gru.bias_ih_l0 | shape: (60,)                     | params: 60
2026-07-21 08:46:03,749 P2537689 INFO AnoFusion.anofusion.GAT_GRU.gru.bias_hh_l0 | shape: (60,)                     | params: 60
2026-07-21 08:46:03,749 P2537689 INFO AnoFusion.anofusion.GAT_GRU.BN.weight    | shape: (10,)                     | params: 10
2026-07-21 08:46:03,749 P2537689 INFO AnoFusion.anofusion.GAT_GRU.BN.bias      | shape: (10,)                     | params: 10
2026-07-21 08:46:03,749 P2537689 INFO AnoFusion.anofusion.GAT_GRU.linear.weight | shape: (20, 20)                  | params: 400
2026-07-21 08:46:03,749 P2537689 INFO AnoFusion.anofusion.GAT_GRU.linear.bias  | shape: (20,)                     | params: 20
2026-07-21 08:46:03,749 P2537689 INFO AnoFusion.anofusion.GAT_GRU.gat_layer.subnet.attention_module.0.b | shape: (20,)                     | params: 20
2026-07-21 08:46:03,749 P2537689 INFO AnoFusion.anofusion.GAT_GRU.gat_layer.subnet.attention_module.0.W.weight | shape: (20, 30)                  | params: 600
2026-07-21 08:46:03,749 P2537689 INFO AnoFusion.anofusion.GAT_GRU.gat_layer.subnet.attention_module.1.b | shape: (20,)                     | params: 20
2026-07-21 08:46:03,749 P2537689 INFO AnoFusion.anofusion.GAT_GRU.gat_layer.subnet.attention_module.1.W.weight | shape: (20, 30)                  | params: 600
2026-07-21 08:46:03,749 P2537689 INFO AnoFusion.anofusion.GAT_GRU.gat_layer.subnet.attention_module.2.b | shape: (20,)                     | params: 20
2026-07-21 08:46:03,749 P2537689 INFO AnoFusion.anofusion.GAT_GRU.gat_layer.subnet.attention_module.2.W.weight | shape: (20, 30)                  | params: 600
2026-07-21 08:46:03,749 P2537689 INFO AnoFusion.anofusion.GAT_GRU.gat_layer.subnet.attention_module.3.b | shape: (20,)                     | params: 20
2026-07-21 08:46:03,749 P2537689 INFO AnoFusion.anofusion.GAT_GRU.gat_layer.subnet.attention_module.3.W.weight | shape: (20, 30)                  | params: 600
2026-07-21 08:46:03,749 P2537689 INFO AnoFusion.anofusion.GAT_GRU.gat_layer.subnet.attention_module.4.b | shape: (20,)                     | params: 20
2026-07-21 08:46:03,749 P2537689 INFO AnoFusion.anofusion.GAT_GRU.gat_layer.subnet.attention_module.4.W.weight | shape: (20, 30)                  | params: 600
2026-07-21 08:46:03,749 P2537689 INFO AnoFusion.anofusion.GAT_GRU.gat_layer.subnet.attention_module.5.b | shape: (20,)                     | params: 20
2026-07-21 08:46:03,749 P2537689 INFO AnoFusion.anofusion.GAT_GRU.gat_layer.subnet.attention_module.5.W.weight | shape: (20, 30)                  | params: 600
2026-07-21 08:46:03,749 P2537689 INFO AnoFusion.anofusion.GAT_GRU.gat_layer.subnet.out_att.b | shape: (20,)                     | params: 20
2026-07-21 08:46:03,749 P2537689 INFO AnoFusion.anofusion.GAT_GRU.gat_layer.subnet.out_att.W.weight | shape: (20, 120)                 | params: 2,400
2026-07-21 08:46:03,749 P2537689 INFO AnoFusion.anofusion.linT.weight          | shape: (5, 10)                   | params: 50
2026-07-21 08:46:03,749 P2537689 INFO AnoFusion.anofusion.linT.bias            | shape: (5,)                      | params: 5
2026-07-21 08:46:03,749 P2537689 INFO AnoFusion.anofusion.lin1.weight          | shape: (64, 50)                  | params: 3,200
2026-07-21 08:46:03,750 P2537689 INFO AnoFusion.anofusion.lin1.bias            | shape: (64,)                     | params: 64
2026-07-21 08:46:03,750 P2537689 INFO AnoFusion.anofusion.lin2.weight          | shape: (2, 64)                   | params: 128
2026-07-21 08:46:03,750 P2537689 INFO AnoFusion.anofusion.lin2.bias            | shape: (2,)                      | params: 2
2026-07-21 08:46:03,750 P2537689 INFO AnoFusion.post_proj.weight               | shape: (266, 20)                 | params: 5,320
2026-07-21 08:46:03,750 P2537689 INFO AnoFusion.post_proj.bias                 | shape: (266,)                    | params: 266
2026-07-21 08:46:03,750 P2537689 INFO Subtotal: 20,853
2026-07-21 08:46:03,750 P2537689 INFO --------------------------------------------------------------------------------
2026-07-21 08:46:03,750 P2537689 INFO Common Parameters:
2026-07-21 08:46:03,750 P2537689 INFO show.0.weight                            | shape: (128, 266)                | params: 34,048
2026-07-21 08:46:03,750 P2537689 INFO show.0.bias                              | shape: (128,)                    | params: 128
2026-07-21 08:46:03,750 P2537689 INFO show.2.weight                            | shape: (2, 128)                  | params: 256
2026-07-21 08:46:03,750 P2537689 INFO show.2.bias                              | shape: (2,)                      | params: 2
2026-07-21 08:46:03,750 P2537689 INFO Subtotal: 34,434
2026-07-21 08:46:03,750 P2537689 INFO --------------------------------------------------------------------------------
2026-07-21 08:46:03,750 P2537689 INFO Total Trainable Parameters: 55,287

2026-07-21 08:46:03,750 P2537689 INFO Trainable Parameters: 55287, reconstruction: 20853, common: 34434
2026-07-21 08:46:03,750 P2537689 INFO model : init weight
2026-07-21 08:46:03,751 P2537689 INFO Using GPU...
2026-07-21 08:46:03,774 P2537689 INFO optimizer : using AdaBelief
2026-07-21 08:46:03,774 P2537689 INFO ----------------------------------------------------------------------------------------------------
2026-07-21 08:46:03,774 P2537689 INFO 0/300 starting... lr: 0.001 para:1.0
2026-07-21 08:46:11,247 P2537689 INFO Epoch 0/300, all_loss:7.25343 cls_loss:7.25343 rec_loss:0.07702 [7.47s]; best loss:7.25343, patience : 0
2026-07-21 08:46:11,248 P2537689 INFO ----------------------------------------------------------------------------------------------------
2026-07-21 08:46:11,248 P2537689 INFO 1/300 starting... lr: 0.001 para:0.5
2026-07-21 08:46:17,592 P2537689 INFO Epoch 1/300, all_loss:1.97479 cls_loss:1.97479 rec_loss:0.10505 [6.34s]; best loss:1.97479, patience : 0
2026-07-21 08:46:17,592 P2537689 INFO ----------------------------------------------------------------------------------------------------
2026-07-21 08:46:17,592 P2537689 INFO 2/300 starting... lr: 0.001 para:0.3333333432674408
2026-07-21 08:46:24,069 P2537689 INFO Epoch 2/300, all_loss:1.24214 cls_loss:1.24214 rec_loss:0.11712 [6.47s]; best loss:1.24214, patience : 0
2026-07-21 08:46:26,314 P2537689 INFO pr:0.8553  rc:0.6700  auc:0.9886 ap:0.9042 f1: 0.7514 pred_right: 38689 pred_wrong:311 actu_right: 38603 actu_wrong: 397
2026-07-21 08:46:27,260 P2537689 INFO pr:0.8795  rc:0.5659  auc:0.9979 ap:0.9106 f1: 0.6887 pred_right: 16417 pred_wrong:83 actu_right: 16371 actu_wrong: 129
2026-07-21 08:46:27,265 P2537689 INFO ----------------------------------------------------------------------------------------------------
2026-07-21 08:46:27,268 P2537689 INFO 3/300 starting... lr: 0.001 para:0.25
2026-07-21 08:46:33,659 P2537689 INFO Epoch 3/300, all_loss:0.93954 cls_loss:0.93954 rec_loss:0.11281 [6.39s]; best loss:0.93954, patience : 0
2026-07-21 08:46:35,824 P2537689 INFO pr:0.9314  rc:0.6499  auc:0.9899 ap:0.9285 f1: 0.7656 pred_right: 38723 pred_wrong:277 actu_right: 38603 actu_wrong: 397
2026-07-21 08:46:36,748 P2537689 INFO pr:0.9146  rc:0.5814  auc:0.9987 ap:0.9375 f1: 0.7109 pred_right: 16418 pred_wrong:82 actu_right: 16371 actu_wrong: 129
2026-07-21 08:46:36,753 P2537689 INFO ----------------------------------------------------------------------------------------------------
2026-07-21 08:46:36,753 P2537689 INFO 4/300 starting... lr: 0.001 para:0.20000000298023224
2026-07-21 08:46:43,251 P2537689 INFO Epoch 4/300, all_loss:0.72318 cls_loss:0.72318 rec_loss:0.11648 [6.49s]; best loss:0.72318, patience : 0
2026-07-21 08:46:45,423 P2537689 INFO pr:0.9198  rc:0.7506  auc:0.9901 ap:0.9474 f1: 0.8266 pred_right: 38676 pred_wrong:324 actu_right: 38603 actu_wrong: 397
2026-07-21 08:46:46,382 P2537689 INFO pr:0.9271  rc:0.6899  auc:0.9991 ap:0.9532 f1: 0.7911 pred_right: 16404 pred_wrong:96 actu_right: 16371 actu_wrong: 129
2026-07-21 08:46:46,389 P2537689 INFO ----------------------------------------------------------------------------------------------------
2026-07-21 08:46:46,389 P2537689 INFO 5/300 starting... lr: 0.001 para:0.1666666716337204
2026-07-21 08:46:52,630 P2537689 INFO Epoch 5/300, all_loss:0.69972 cls_loss:0.69972 rec_loss:0.10557 [6.23s]; best loss:0.69972, patience : 0
2026-07-21 08:46:54,691 P2537689 INFO pr:0.7630  rc:0.8841  auc:0.9909 ap:0.9328 f1: 0.8191 pred_right: 38540 pred_wrong:460 actu_right: 38603 actu_wrong: 397
2026-07-21 08:46:55,533 P2537689 INFO pr:0.8739  rc:0.8062  auc:0.9993 ap:0.9513 f1: 0.8387 pred_right: 16381 pred_wrong:119 actu_right: 16371 actu_wrong: 129
2026-07-21 08:46:55,534 P2537689 INFO ----------------------------------------------------------------------------------------------------
2026-07-21 08:46:55,534 P2537689 INFO 6/300 starting... lr: 0.001 para:0.1428571492433548
2026-07-21 08:47:01,969 P2537689 INFO Epoch 6/300, all_loss:0.63430 cls_loss:0.63430 rec_loss:0.10403 [6.43s]; best loss:0.63430, patience : 0
2026-07-21 08:47:04,179 P2537689 INFO pr:0.9646  rc:0.6218  auc:0.9896 ap:0.9534 f1: 0.7562 pred_right: 38746 pred_wrong:254 actu_right: 38606 actu_wrong: 394
2026-07-21 08:47:05,028 P2537689 INFO pr:0.9294  rc:0.6124  auc:0.9995 ap:0.9569 f1: 0.7383 pred_right: 16415 pred_wrong:85 actu_right: 16371 actu_wrong: 129
2026-07-21 08:47:05,029 P2537689 INFO ----------------------------------------------------------------------------------------------------
2026-07-21 08:47:05,029 P2537689 INFO 7/300 starting... lr: 0.001 para:0.125
2026-07-21 08:47:12,029 P2537689 INFO Epoch 7/300, all_loss:0.63229 cls_loss:0.63229 rec_loss:0.10473 [7.00s]; best loss:0.63229, patience : 0
2026-07-21 08:47:13,653 P2537689 INFO pr:0.9358  rc:0.7727  auc:0.9891 ap:0.9570 f1: 0.8465 pred_right: 38673 pred_wrong:327 actu_right: 38604 actu_wrong: 396
2026-07-21 08:47:14,334 P2537689 INFO pr:0.9333  rc:0.7597  auc:0.9995 ap:0.9591 f1: 0.8376 pred_right: 16395 pred_wrong:105 actu_right: 16371 actu_wrong: 129
2026-07-21 08:47:14,338 P2537689 INFO ----------------------------------------------------------------------------------------------------
2026-07-21 08:47:14,339 P2537689 INFO 8/300 starting... lr: 0.001 para:0.1111111119389534
2026-07-21 08:47:20,028 P2537689 INFO Epoch 8/300, all_loss:0.51085 cls_loss:0.51085 rec_loss:0.09880 [5.68s]; best loss:0.51085, patience : 0
2026-07-21 08:47:21,867 P2537689 INFO pr:0.9607  rc:0.6793  auc:0.9894 ap:0.9606 f1: 0.7959 pred_right: 38720 pred_wrong:280 actu_right: 38604 actu_wrong: 396
2026-07-21 08:47:22,657 P2537689 INFO pr:0.9688  rc:0.7209  auc:0.9997 ap:0.9785 f1: 0.8267 pred_right: 16404 pred_wrong:96 actu_right: 16371 actu_wrong: 129
2026-07-21 08:47:22,658 P2537689 INFO ----------------------------------------------------------------------------------------------------
2026-07-21 08:47:22,658 P2537689 INFO 9/300 starting... lr: 0.001 para:0.10000000149011612
2026-07-21 08:47:35,748 P2537689 INFO Epoch 9/300, all_loss:0.47183 cls_loss:0.47183 rec_loss:0.09662 [13.08s]; best loss:0.47183, patience : 0
2026-07-21 08:47:38,738 P2537689 INFO pr:0.8684  rc:0.9144  auc:0.9904 ap:0.9625 f1: 0.8908 pred_right: 38582 pred_wrong:418 actu_right: 38603 actu_wrong: 397
2026-07-21 08:47:39,627 P2537689 INFO pr:0.9077  rc:0.9147  auc:0.9997 ap:0.9707 f1: 0.9112 pred_right: 16370 pred_wrong:130 actu_right: 16371 actu_wrong: 129
2026-07-21 08:47:39,633 P2537689 INFO ----------------------------------------------------------------------------------------------------
2026-07-21 08:47:39,633 P2537689 INFO 10/300 starting... lr: 0.001 para:0.09090909361839294
2026-07-21 08:47:46,354 P2537689 INFO Epoch 10/300, all_loss:0.43020 cls_loss:0.43020 rec_loss:0.09114 [6.72s]; best loss:0.43020, patience : 0
2026-07-21 08:47:48,690 P2537689 INFO pr:0.9197  rc:0.8363  auc:0.9910 ap:0.9620 f1: 0.8760 pred_right: 38639 pred_wrong:361 actu_right: 38603 actu_wrong: 397
2026-07-21 08:47:49,656 P2537689 INFO pr:0.9211  rc:0.8140  auc:0.9997 ap:0.9748 f1: 0.8642 pred_right: 16386 pred_wrong:114 actu_right: 16371 actu_wrong: 129
2026-07-21 08:47:49,656 P2537689 INFO ----------------------------------------------------------------------------------------------------
2026-07-21 08:47:49,656 P2537689 INFO 11/300 starting... lr: 0.001 para:0.0833333358168602
2026-07-21 08:47:56,044 P2537689 INFO Epoch 11/300, all_loss:0.48294 cls_loss:0.48294 rec_loss:0.09424 [6.39s]; best loss:0.43020, patience : 1
2026-07-21 08:47:58,354 P2537689 INFO pr:0.9467  rc:0.7172  auc:0.9885 ap:0.9620 f1: 0.8161 pred_right: 38700 pred_wrong:300 actu_right: 38604 actu_wrong: 396
2026-07-21 08:47:59,311 P2537689 INFO pr:0.9423  rc:0.7597  auc:0.9997 ap:0.9737 f1: 0.8412 pred_right: 16396 pred_wrong:104 actu_right: 16371 actu_wrong: 129
2026-07-21 08:47:59,311 P2537689 INFO ----------------------------------------------------------------------------------------------------
2026-07-21 08:47:59,311 P2537689 INFO 12/300 starting... lr: 0.001 para:0.07692307978868484
2026-07-21 08:48:05,628 P2537689 INFO Epoch 12/300, all_loss:0.46845 cls_loss:0.46845 rec_loss:0.08925 [6.32s]; best loss:0.43020, patience : 1
2026-07-21 08:48:07,687 P2537689 INFO pr:0.9227  rc:0.8413  auc:0.9931 ap:0.9611 f1: 0.8801 pred_right: 38638 pred_wrong:362 actu_right: 38603 actu_wrong: 397
2026-07-21 08:48:08,621 P2537689 INFO pr:0.9386  rc:0.8295  auc:0.9997 ap:0.9754 f1: 0.8807 pred_right: 16386 pred_wrong:114 actu_right: 16371 actu_wrong: 129
2026-07-21 08:48:08,622 P2537689 INFO ----------------------------------------------------------------------------------------------------
2026-07-21 08:48:08,622 P2537689 INFO 13/300 starting... lr: 0.001 para:0.0714285746216774
2026-07-21 08:48:15,022 P2537689 INFO Epoch 13/300, all_loss:0.44554 cls_loss:0.44554 rec_loss:0.08327 [6.40s]; best loss:0.43020, patience : 1
2026-07-21 08:48:17,299 P2537689 INFO pr:0.9391  rc:0.8161  auc:0.9926 ap:0.9636 f1: 0.8733 pred_right: 38655 pred_wrong:345 actu_right: 38603 actu_wrong: 397
2026-07-21 08:48:18,273 P2537689 INFO pr:0.9196  rc:0.7984  auc:0.9997 ap:0.9747 f1: 0.8548 pred_right: 16388 pred_wrong:112 actu_right: 16371 actu_wrong: 129
2026-07-21 08:48:18,274 P2537689 INFO ----------------------------------------------------------------------------------------------------
2026-07-21 08:48:18,274 P2537689 INFO 14/300 starting... lr: 0.001 para:0.06666667014360428
2026-07-21 08:48:24,752 P2537689 INFO Epoch 14/300, all_loss:0.44075 cls_loss:0.44075 rec_loss:0.07954 [6.48s]; best loss:0.43020, patience : 1
2026-07-21 08:48:26,809 P2537689 INFO pr:0.9413  rc:0.8106  auc:0.9929 ap:0.9635 f1: 0.8711 pred_right: 38659 pred_wrong:341 actu_right: 38604 actu_wrong: 396
2026-07-21 08:48:27,691 P2537689 INFO pr:0.9189  rc:0.7907  auc:0.9997 ap:0.9745 f1: 0.8500 pred_right: 16389 pred_wrong:111 actu_right: 16371 actu_wrong: 129
2026-07-21 08:48:27,692 P2537689 INFO ----------------------------------------------------------------------------------------------------
2026-07-21 08:48:27,692 P2537689 INFO 15/300 starting... lr: 0.001 para:0.0625
2026-07-21 08:48:34,180 P2537689 INFO Epoch 15/300, all_loss:0.38950 cls_loss:0.38950 rec_loss:0.07434 [6.48s]; best loss:0.38950, patience : 0
2026-07-21 08:48:36,144 P2537689 INFO pr:0.9218  rc:0.8615  auc:0.9907 ap:0.9640 f1: 0.8906 pred_right: 38629 pred_wrong:371 actu_right: 38603 actu_wrong: 397
2026-07-21 08:48:36,990 P2537689 INFO pr:0.9237  rc:0.8450  auc:0.9997 ap:0.9772 f1: 0.8826 pred_right: 16382 pred_wrong:118 actu_right: 16371 actu_wrong: 129
2026-07-21 08:48:36,991 P2537689 INFO ----------------------------------------------------------------------------------------------------
2026-07-21 08:48:36,991 P2537689 INFO 16/300 starting... lr: 0.001 para:0.05882352963089943
2026-07-21 08:48:44,031 P2537689 INFO Epoch 16/300, all_loss:0.38096 cls_loss:0.38096 rec_loss:0.07843 [7.03s]; best loss:0.38096, patience : 0
2026-07-21 08:48:46,322 P2537689 INFO pr:0.9320  rc:0.8287  auc:0.9937 ap:0.9643 f1: 0.8773 pred_right: 38647 pred_wrong:353 actu_right: 38603 actu_wrong: 397
2026-07-21 08:48:47,002 P2537689 INFO pr:0.9130  rc:0.8140  auc:0.9997 ap:0.9774 f1: 0.8607 pred_right: 16385 pred_wrong:115 actu_right: 16371 actu_wrong: 129
2026-07-21 08:48:47,002 P2537689 INFO ----------------------------------------------------------------------------------------------------
2026-07-21 08:48:47,002 P2537689 INFO 17/300 starting... lr: 0.001 para:0.0555555559694767
2026-07-21 08:48:52,019 P2537689 INFO Epoch 17/300, all_loss:0.38896 cls_loss:0.38896 rec_loss:0.07305 [5.02s]; best loss:0.38096, patience : 1
2026-07-21 08:48:54,031 P2537689 INFO pr:0.9307  rc:0.8485  auc:0.9947 ap:0.9656 f1: 0.8877 pred_right: 38639 pred_wrong:361 actu_right: 38604 actu_wrong: 396
2026-07-21 08:48:54,830 P2537689 INFO pr:0.9160  rc:0.8450  auc:0.9997 ap:0.9776 f1: 0.8790 pred_right: 16381 pred_wrong:119 actu_right: 16371 actu_wrong: 129
2026-07-21 08:48:54,830 P2537689 INFO ----------------------------------------------------------------------------------------------------
2026-07-21 08:48:54,830 P2537689 INFO 18/300 starting... lr: 0.001 para:0.05263157933950424
2026-07-21 08:49:05,880 P2537689 INFO Epoch 18/300, all_loss:0.39403 cls_loss:0.39403 rec_loss:0.07290 [11.05s]; best loss:0.38096, patience : 2
2026-07-21 08:49:10,325 P2537689 INFO pr:0.9280  rc:0.8438  auc:0.9869 ap:0.9655 f1: 0.8839 pred_right: 38639 pred_wrong:361 actu_right: 38603 actu_wrong: 397
2026-07-21 08:49:11,558 P2537689 INFO pr:0.9237  rc:0.8450  auc:0.9997 ap:0.9794 f1: 0.8826 pred_right: 16382 pred_wrong:118 actu_right: 16371 actu_wrong: 129
2026-07-21 08:49:11,559 P2537689 INFO ----------------------------------------------------------------------------------------------------
2026-07-21 08:49:11,559 P2537689 INFO 19/300 starting... lr: 0.001 para:0.05000000074505806
2026-07-21 08:49:18,558 P2537689 INFO Epoch 19/300, all_loss:0.34504 cls_loss:0.34504 rec_loss:0.07443 [6.99s]; best loss:0.34504, patience : 0
2026-07-21 08:49:20,776 P2537689 INFO pr:0.9278  rc:0.8413  auc:0.9951 ap:0.9657 f1: 0.8824 pred_right: 38640 pred_wrong:360 actu_right: 38603 actu_wrong: 397
2026-07-21 08:49:21,691 P2537689 INFO pr:0.9310  rc:0.8372  auc:0.9998 ap:0.9800 f1: 0.8816 pred_right: 16384 pred_wrong:116 actu_right: 16371 actu_wrong: 129
2026-07-21 08:49:21,691 P2537689 INFO ----------------------------------------------------------------------------------------------------
2026-07-21 08:49:21,698 P2537689 INFO 20/300 starting... lr: 0.001 para:0.0476190485060215
2026-07-21 08:49:27,941 P2537689 INFO Epoch 20/300, all_loss:0.39398 cls_loss:0.39398 rec_loss:0.07097 [6.24s]; best loss:0.34504, patience : 1
2026-07-21 08:49:30,116 P2537689 INFO pr:0.9494  rc:0.8035  auc:0.9891 ap:0.9652 f1: 0.8704 pred_right: 38664 pred_wrong:336 actu_right: 38603 actu_wrong: 397
2026-07-21 08:49:31,018 P2537689 INFO pr:0.9358  rc:0.7907  auc:0.9998 ap:0.9796 f1: 0.8571 pred_right: 16391 pred_wrong:109 actu_right: 16371 actu_wrong: 129
2026-07-21 08:49:31,019 P2537689 INFO ----------------------------------------------------------------------------------------------------
2026-07-21 08:49:31,019 P2537689 INFO 21/300 starting... lr: 0.001 para:0.04545454680919647
2026-07-21 08:49:37,235 P2537689 INFO Epoch 21/300, all_loss:0.35232 cls_loss:0.35232 rec_loss:0.06787 [6.22s]; best loss:0.34504, patience : 1
2026-07-21 08:49:39,550 P2537689 INFO pr:0.8947  rc:0.9015  auc:0.9937 ap:0.9650 f1: 0.8981 pred_right: 38601 pred_wrong:399 actu_right: 38604 actu_wrong: 396
2026-07-21 08:49:40,395 P2537689 INFO pr:0.9098  rc:0.9380  auc:0.9997 ap:0.9781 f1: 0.9237 pred_right: 16367 pred_wrong:133 actu_right: 16371 actu_wrong: 129
2026-07-21 08:49:40,402 P2537689 INFO ----------------------------------------------------------------------------------------------------
2026-07-21 08:49:40,402 P2537689 INFO 22/300 starting... lr: 0.001 para:0.043478261679410934
2026-07-21 08:49:46,828 P2537689 INFO Epoch 22/300, all_loss:0.35258 cls_loss:0.35258 rec_loss:0.07120 [6.42s]; best loss:0.34504, patience : 2
2026-07-21 08:49:49,192 P2537689 INFO pr:0.9561  rc:0.8237  auc:0.9947 ap:0.9665 f1: 0.8850 pred_right: 38658 pred_wrong:342 actu_right: 38603 actu_wrong: 397
2026-07-21 08:49:50,218 P2537689 INFO pr:0.9292  rc:0.8140  auc:0.9997 ap:0.9779 f1: 0.8678 pred_right: 16387 pred_wrong:113 actu_right: 16371 actu_wrong: 129
2026-07-21 08:49:50,219 P2537689 INFO ----------------------------------------------------------------------------------------------------
2026-07-21 08:49:50,219 P2537689 INFO 23/300 starting... lr: 0.001 para:0.0416666679084301
2026-07-21 08:49:56,409 P2537689 INFO Epoch 23/300, all_loss:0.33469 cls_loss:0.33469 rec_loss:0.06467 [6.19s]; best loss:0.33469, patience : 0
2026-07-21 08:49:58,374 P2537689 INFO pr:0.9056  rc:0.8942  auc:0.9952 ap:0.9659 f1: 0.8999 pred_right: 38608 pred_wrong:392 actu_right: 38603 actu_wrong: 397
2026-07-21 08:49:59,265 P2537689 INFO pr:0.9070  rc:0.9070  auc:0.9997 ap:0.9769 f1: 0.9070 pred_right: 16371 pred_wrong:129 actu_right: 16371 actu_wrong: 129
2026-07-21 08:49:59,270 P2537689 INFO ----------------------------------------------------------------------------------------------------
2026-07-21 08:49:59,270 P2537689 INFO 24/300 starting... lr: 0.001 para:0.03999999910593033
2026-07-21 08:50:05,559 P2537689 INFO Epoch 24/300, all_loss:0.33759 cls_loss:0.33759 rec_loss:0.06467 [6.29s]; best loss:0.33469, patience : 1
2026-07-21 08:50:07,728 P2537689 INFO pr:0.9522  rc:0.8076  auc:0.9950 ap:0.9654 f1: 0.8740 pred_right: 38665 pred_wrong:335 actu_right: 38605 actu_wrong: 395
2026-07-21 08:50:08,657 P2537689 INFO pr:0.9369  rc:0.8062  auc:0.9997 ap:0.9756 f1: 0.8667 pred_right: 16389 pred_wrong:111 actu_right: 16371 actu_wrong: 129
2026-07-21 08:50:08,658 P2537689 INFO ----------------------------------------------------------------------------------------------------
2026-07-21 08:50:08,658 P2537689 INFO 25/300 starting... lr: 0.001 para:0.03846153989434242
2026-07-21 08:50:15,457 P2537689 INFO Epoch 25/300, all_loss:0.33315 cls_loss:0.33315 rec_loss:0.06573 [6.79s]; best loss:0.33315, patience : 0
2026-07-21 08:50:17,684 P2537689 INFO pr:0.9485  rc:0.7884  auc:0.9911 ap:0.9612 f1: 0.8611 pred_right: 38670 pred_wrong:330 actu_right: 38603 actu_wrong: 397
2026-07-21 08:50:18,546 P2537689 INFO pr:0.9364  rc:0.7984  auc:0.9995 ap:0.9698 f1: 0.8619 pred_right: 16390 pred_wrong:110 actu_right: 16371 actu_wrong: 129
2026-07-21 08:50:18,546 P2537689 INFO ----------------------------------------------------------------------------------------------------
2026-07-21 08:50:18,547 P2537689 INFO 26/300 starting... lr: 0.001 para:0.03703703731298447
2026-07-21 08:50:25,038 P2537689 INFO Epoch 26/300, all_loss:0.31134 cls_loss:0.31134 rec_loss:0.06499 [6.49s]; best loss:0.31134, patience : 0
2026-07-21 08:50:26,627 P2537689 INFO pr:0.9474  rc:0.8161  auc:0.9851 ap:0.9645 f1: 0.8769 pred_right: 38658 pred_wrong:342 actu_right: 38603 actu_wrong: 397
2026-07-21 08:50:27,448 P2537689 INFO pr:0.9286  rc:0.8062  auc:0.9997 ap:0.9741 f1: 0.8631 pred_right: 16388 pred_wrong:112 actu_right: 16371 actu_wrong: 129
2026-07-21 08:50:27,449 P2537689 INFO ----------------------------------------------------------------------------------------------------
2026-07-21 08:50:27,449 P2537689 INFO 27/300 starting... lr: 0.001 para:0.0357142873108387
2026-07-21 08:50:33,322 P2537689 INFO Epoch 27/300, all_loss:0.29968 cls_loss:0.29968 rec_loss:0.06259 [5.87s]; best loss:0.29968, patience : 0
2026-07-21 08:50:36,311 P2537689 INFO pr:0.9454  rc:0.8287  auc:0.9872 ap:0.9640 f1: 0.8832 pred_right: 38652 pred_wrong:348 actu_right: 38603 actu_wrong: 397
2026-07-21 08:50:37,790 P2537689 INFO pr:0.9292  rc:0.8140  auc:0.9996 ap:0.9735 f1: 0.8678 pred_right: 16387 pred_wrong:113 actu_right: 16371 actu_wrong: 129
2026-07-21 08:50:37,791 P2537689 INFO ----------------------------------------------------------------------------------------------------
2026-07-21 08:50:37,791 P2537689 INFO 28/300 starting... lr: 0.001 para:0.03448275849223137
2026-07-21 08:50:50,252 P2537689 INFO Epoch 28/300, all_loss:0.33729 cls_loss:0.33729 rec_loss:0.06444 [12.46s]; best loss:0.29968, patience : 1
2026-07-21 08:50:52,571 P2537689 INFO pr:0.9202  rc:0.8715  auc:0.9924 ap:0.9638 f1: 0.8952 pred_right: 38624 pred_wrong:376 actu_right: 38603 actu_wrong: 397
2026-07-21 08:50:53,479 P2537689 INFO pr:0.9231  rc:0.8372  auc:0.9997 ap:0.9725 f1: 0.8780 pred_right: 16383 pred_wrong:117 actu_right: 16371 actu_wrong: 129
2026-07-21 08:50:53,479 P2537689 INFO ----------------------------------------------------------------------------------------------------
2026-07-21 08:50:53,479 P2537689 INFO 29/300 starting... lr: 0.001 para:0.03333333507180214
2026-07-21 08:50:59,956 P2537689 INFO Epoch 29/300, all_loss:0.32877 cls_loss:0.32877 rec_loss:0.06190 [6.48s]; best loss:0.29968, patience : 1
2026-07-21 08:51:01,966 P2537689 INFO pr:0.8953  rc:0.9043  auc:0.9936 ap:0.9648 f1: 0.8997 pred_right: 38599 pred_wrong:401 actu_right: 38603 actu_wrong: 397
2026-07-21 08:51:02,903 P2537689 INFO pr:0.8992  rc:0.8992  auc:0.9997 ap:0.9747 f1: 0.8992 pred_right: 16371 pred_wrong:129 actu_right: 16371 actu_wrong: 129
2026-07-21 08:51:02,903 P2537689 INFO ----------------------------------------------------------------------------------------------------
2026-07-21 08:51:02,903 P2537689 INFO 30/300 starting... lr: 0.001 para:0.032258063554763794
2026-07-21 08:51:09,415 P2537689 INFO Epoch 30/300, all_loss:0.31037 cls_loss:0.31037 rec_loss:0.06704 [6.51s]; best loss:0.29968, patience : 1
2026-07-21 08:51:11,670 P2537689 INFO pr:0.9361  rc:0.8510  auc:0.9948 ap:0.9656 f1: 0.8915 pred_right: 38640 pred_wrong:360 actu_right: 38604 actu_wrong: 396
2026-07-21 08:51:12,640 P2537689 INFO pr:0.9298  rc:0.8217  auc:0.9997 ap:0.9780 f1: 0.8724 pred_right: 16386 pred_wrong:114 actu_right: 16371 actu_wrong: 129
2026-07-21 08:51:12,641 P2537689 INFO ----------------------------------------------------------------------------------------------------
2026-07-21 08:51:12,641 P2537689 INFO 31/300 starting... lr: 0.001 para:0.03125
2026-07-21 08:51:18,959 P2537689 INFO Epoch 31/300, all_loss:0.32360 cls_loss:0.32360 rec_loss:0.06163 [6.32s]; best loss:0.29968, patience : 2
2026-07-21 08:51:21,129 P2537689 INFO pr:0.9471  rc:0.8111  auc:0.9866 ap:0.9631 f1: 0.8738 pred_right: 38660 pred_wrong:340 actu_right: 38603 actu_wrong: 397
2026-07-21 08:51:22,073 P2537689 INFO pr:0.9369  rc:0.8062  auc:0.9997 ap:0.9787 f1: 0.8667 pred_right: 16389 pred_wrong:111 actu_right: 16371 actu_wrong: 129
2026-07-21 08:51:22,074 P2537689 INFO ----------------------------------------------------------------------------------------------------
2026-07-21 08:51:22,074 P2537689 INFO 32/300 starting... lr: 0.001 para:0.03030303120613098
2026-07-21 08:51:28,309 P2537689 INFO Epoch 32/300, all_loss:0.27708 cls_loss:0.27708 rec_loss:0.06121 [6.23s]; best loss:0.27708, patience : 0
2026-07-21 08:51:30,576 P2537689 INFO pr:0.9641  rc:0.7449  auc:0.9843 ap:0.9576 f1: 0.8405 pred_right: 38694 pred_wrong:306 actu_right: 38604 actu_wrong: 396
2026-07-21 08:51:31,550 P2537689 INFO pr:0.9417  rc:0.7519  auc:0.9993 ap:0.9672 f1: 0.8362 pred_right: 16397 pred_wrong:103 actu_right: 16371 actu_wrong: 129
2026-07-21 08:51:31,551 P2537689 INFO ----------------------------------------------------------------------------------------------------
2026-07-21 08:51:31,551 P2537689 INFO 33/300 starting... lr: 0.001 para:0.029411764815449715
2026-07-21 08:51:38,110 P2537689 INFO Epoch 33/300, all_loss:0.25847 cls_loss:0.25847 rec_loss:0.06377 [6.55s]; best loss:0.25847, patience : 0
2026-07-21 08:51:40,355 P2537689 INFO pr:0.9112  rc:0.8813  auc:0.9954 ap:0.9647 f1: 0.8960 pred_right: 38617 pred_wrong:383 actu_right: 38604 actu_wrong: 396
2026-07-21 08:51:41,257 P2537689 INFO pr:0.9244  rc:0.8527  auc:0.9997 ap:0.9796 f1: 0.8871 pred_right: 16381 pred_wrong:119 actu_right: 16371 actu_wrong: 129
2026-07-21 08:51:41,258 P2537689 INFO ----------------------------------------------------------------------------------------------------
2026-07-21 08:51:41,258 P2537689 INFO 34/300 starting... lr: 0.001 para:0.02857142873108387
2026-07-21 08:51:47,891 P2537689 INFO Epoch 34/300, all_loss:0.28017 cls_loss:0.28017 rec_loss:0.06550 [6.63s]; best loss:0.25847, patience : 1
2026-07-21 08:51:50,063 P2537689 INFO pr:0.9408  rc:0.8434  auc:0.9877 ap:0.9652 f1: 0.8895 pred_right: 38645 pred_wrong:355 actu_right: 38604 actu_wrong: 396
2026-07-21 08:51:50,973 P2537689 INFO pr:0.9298  rc:0.8217  auc:0.9997 ap:0.9768 f1: 0.8724 pred_right: 16386 pred_wrong:114 actu_right: 16371 actu_wrong: 129
2026-07-21 08:51:50,974 P2537689 INFO ----------------------------------------------------------------------------------------------------
2026-07-21 08:51:50,974 P2537689 INFO 35/300 starting... lr: 0.001 para:0.02777777798473835
2026-07-21 08:51:57,968 P2537689 INFO Epoch 35/300, all_loss:0.30178 cls_loss:0.30178 rec_loss:0.06779 [6.99s]; best loss:0.25847, patience : 2
2026-07-21 08:51:59,502 P2537689 INFO pr:0.9465  rc:0.8463  auc:0.9853 ap:0.9633 f1: 0.8936 pred_right: 38645 pred_wrong:355 actu_right: 38603 actu_wrong: 397
2026-07-21 08:52:00,184 P2537689 INFO pr:0.9298  rc:0.8217  auc:0.9997 ap:0.9769 f1: 0.8724 pred_right: 16386 pred_wrong:114 actu_right: 16371 actu_wrong: 129
2026-07-21 08:52:00,184 P2537689 INFO ----------------------------------------------------------------------------------------------------
2026-07-21 08:52:00,184 P2537689 INFO 36/300 starting... lr: 0.001 para:0.027027027681469917
2026-07-21 08:52:05,936 P2537689 INFO Epoch 36/300, all_loss:0.27410 cls_loss:0.27410 rec_loss:0.07134 [5.75s]; best loss:0.25847, patience : 2
2026-07-21 08:52:07,698 P2537689 INFO pr:0.9435  rc:0.8413  auc:0.9919 ap:0.9641 f1: 0.8895 pred_right: 38646 pred_wrong:354 actu_right: 38603 actu_wrong: 397
2026-07-21 08:52:08,842 P2537689 INFO pr:0.9298  rc:0.8217  auc:0.9997 ap:0.9731 f1: 0.8724 pred_right: 16386 pred_wrong:114 actu_right: 16371 actu_wrong: 129
2026-07-21 08:52:08,843 P2537689 INFO ----------------------------------------------------------------------------------------------------
2026-07-21 08:52:08,843 P2537689 INFO 37/300 starting... lr: 0.001 para:0.02631578966975212
2026-07-21 08:52:22,180 P2537689 INFO Epoch 37/300, all_loss:0.31385 cls_loss:0.31385 rec_loss:0.06733 [13.34s]; best loss:0.25847, patience : 3
2026-07-21 08:52:24,550 P2537689 INFO pr:0.9229  rc:0.8785  auc:0.9929 ap:0.9641 f1: 0.9001 pred_right: 38624 pred_wrong:376 actu_right: 38605 actu_wrong: 395
2026-07-21 08:52:25,552 P2537689 INFO pr:0.9000  rc:0.8372  auc:0.9996 ap:0.9656 f1: 0.8675 pred_right: 16380 pred_wrong:120 actu_right: 16371 actu_wrong: 129
2026-07-21 08:52:25,558 P2537689 INFO ----------------------------------------------------------------------------------------------------
2026-07-21 08:52:25,558 P2537689 INFO 38/300 starting... lr: 0.001 para:0.025641025975346565
2026-07-21 08:52:32,101 P2537689 INFO Epoch 38/300, all_loss:0.26551 cls_loss:0.26551 rec_loss:0.07269 [6.54s]; best loss:0.25847, patience : 3
2026-07-21 08:52:34,451 P2537689 INFO pr:0.9339  rc:0.8539  auc:0.9846 ap:0.9656 f1: 0.8921 pred_right: 38637 pred_wrong:363 actu_right: 38603 actu_wrong: 397
2026-07-21 08:52:35,329 P2537689 INFO pr:0.9298  rc:0.8217  auc:0.9997 ap:0.9682 f1: 0.8724 pred_right: 16386 pred_wrong:114 actu_right: 16371 actu_wrong: 129
2026-07-21 08:52:35,330 P2537689 INFO ----------------------------------------------------------------------------------------------------
2026-07-21 08:52:35,330 P2537689 INFO 39/300 starting... lr: 0.001 para:0.02500000037252903
2026-07-21 08:52:41,703 P2537689 INFO Epoch 39/300, all_loss:0.24513 cls_loss:0.24513 rec_loss:0.07310 [6.37s]; best loss:0.24513, patience : 0
2026-07-21 08:52:44,415 P2537689 INFO pr:0.9319  rc:0.8615  auc:0.9890 ap:0.9631 f1: 0.8953 pred_right: 38633 pred_wrong:367 actu_right: 38603 actu_wrong: 397
2026-07-21 08:52:45,212 P2537689 INFO pr:0.9153  rc:0.8372  auc:0.9996 ap:0.9667 f1: 0.8745 pred_right: 16382 pred_wrong:118 actu_right: 16371 actu_wrong: 129
2026-07-21 08:52:45,213 P2537689 INFO ----------------------------------------------------------------------------------------------------
2026-07-21 08:52:45,213 P2537689 INFO 40/300 starting... lr: 0.001 para:0.024390242993831635
2026-07-21 08:52:51,524 P2537689 INFO Epoch 40/300, all_loss:0.23336 cls_loss:0.23336 rec_loss:0.07212 [6.30s]; best loss:0.23336, patience : 0
2026-07-21 08:52:53,727 P2537689 INFO pr:0.8774  rc:0.9194  auc:0.9930 ap:0.9629 f1: 0.8979 pred_right: 38584 pred_wrong:416 actu_right: 38603 actu_wrong: 397
2026-07-21 08:52:54,652 P2537689 INFO pr:0.8929  rc:0.9690  auc:0.9997 ap:0.9629 f1: 0.9294 pred_right: 16360 pred_wrong:140 actu_right: 16371 actu_wrong: 129
2026-07-21 08:52:54,652 P2537689 INFO ----------------------------------------------------------------------------------------------------
2026-07-21 08:52:54,652 P2537689 INFO 41/300 starting... lr: 0.001 para:0.02380952425301075
2026-07-21 08:53:00,980 P2537689 INFO Epoch 41/300, all_loss:0.26650 cls_loss:0.26650 rec_loss:0.07620 [6.33s]; best loss:0.23336, patience : 1
2026-07-21 08:53:03,107 P2537689 INFO pr:0.9066  rc:0.9066  auc:0.9925 ap:0.9647 f1: 0.9066 pred_right: 38604 pred_wrong:396 actu_right: 38604 actu_wrong: 396
2026-07-21 08:53:03,956 P2537689 INFO pr:0.8947  rc:0.9225  auc:0.9997 ap:0.9693 f1: 0.9084 pred_right: 16367 pred_wrong:133 actu_right: 16371 actu_wrong: 129
2026-07-21 08:53:03,961 P2537689 INFO ----------------------------------------------------------------------------------------------------
2026-07-21 08:53:03,964 P2537689 INFO 42/300 starting... lr: 0.001 para:0.023255813866853714
2026-07-21 08:53:10,332 P2537689 INFO Epoch 42/300, all_loss:0.29215 cls_loss:0.29215 rec_loss:0.07598 [6.37s]; best loss:0.23336, patience : 2
2026-07-21 08:53:12,495 P2537689 INFO pr:0.9299  rc:0.8690  auc:0.9911 ap:0.9647 f1: 0.8984 pred_right: 38629 pred_wrong:371 actu_right: 38603 actu_wrong: 397
2026-07-21 08:53:13,354 P2537689 INFO pr:0.9231  rc:0.8372  auc:0.9997 ap:0.9738 f1: 0.8780 pred_right: 16383 pred_wrong:117 actu_right: 16371 actu_wrong: 129
2026-07-21 08:53:13,354 P2537689 INFO ----------------------------------------------------------------------------------------------------
2026-07-21 08:53:13,354 P2537689 INFO 43/300 starting... lr: 0.001 para:0.022727273404598236
2026-07-21 08:53:19,626 P2537689 INFO Epoch 43/300, all_loss:0.25756 cls_loss:0.25756 rec_loss:0.06972 [6.27s]; best loss:0.23336, patience : 2
2026-07-21 08:53:21,755 P2537689 INFO pr:0.9289  rc:0.8892  auc:0.9917 ap:0.9628 f1: 0.9086 pred_right: 38620 pred_wrong:380 actu_right: 38603 actu_wrong: 397
2026-07-21 08:53:22,690 P2537689 INFO pr:0.9167  rc:0.8527  auc:0.9996 ap:0.9692 f1: 0.8835 pred_right: 16380 pred_wrong:120 actu_right: 16371 actu_wrong: 129
2026-07-21 08:53:22,696 P2537689 INFO ----------------------------------------------------------------------------------------------------
2026-07-21 08:53:22,696 P2537689 INFO 44/300 starting... lr: 0.001 para:0.02222222276031971
2026-07-21 08:53:30,145 P2537689 INFO Epoch 44/300, all_loss:0.23928 cls_loss:0.23928 rec_loss:0.07068 [7.45s]; best loss:0.23336, patience : 2
2026-07-21 08:53:31,758 P2537689 INFO pr:0.9177  rc:0.9015  auc:0.9915 ap:0.9613 f1: 0.9096 pred_right: 38611 pred_wrong:389 actu_right: 38604 actu_wrong: 396
2026-07-21 08:53:32,445 P2537689 INFO pr:0.9084  rc:0.9225  auc:0.9996 ap:0.9647 f1: 0.9154 pred_right: 16369 pred_wrong:131 actu_right: 16371 actu_wrong: 129
2026-07-21 08:53:32,449 P2537689 INFO ----------------------------------------------------------------------------------------------------
2026-07-21 08:53:32,449 P2537689 INFO 45/300 starting... lr: 0.001 para:0.021739130839705467
2026-07-21 08:53:37,939 P2537689 INFO Epoch 45/300, all_loss:0.24590 cls_loss:0.24590 rec_loss:0.06573 [5.49s]; best loss:0.23336, patience : 3
2026-07-21 08:53:39,822 P2537689 INFO pr:0.9330  rc:0.8766  auc:0.9944 ap:0.9644 f1: 0.9039 pred_right: 38627 pred_wrong:373 actu_right: 38603 actu_wrong: 397
2026-07-21 08:53:40,574 P2537689 INFO pr:0.9153  rc:0.8372  auc:0.9997 ap:0.9713 f1: 0.8745 pred_right: 16382 pred_wrong:118 actu_right: 16371 actu_wrong: 129
2026-07-21 08:53:40,575 P2537689 INFO ----------------------------------------------------------------------------------------------------
2026-07-21 08:53:40,575 P2537689 INFO 46/300 starting... lr: 0.001 para:0.021276595070958138
2026-07-21 08:53:53,464 P2537689 INFO Epoch 46/300, all_loss:0.22213 cls_loss:0.22213 rec_loss:0.06936 [12.88s]; best loss:0.22213, patience : 0
2026-07-21 08:53:56,658 P2537689 INFO pr:0.9524  rc:0.8060  auc:0.9951 ap:0.9617 f1: 0.8731 pred_right: 38664 pred_wrong:336 actu_right: 38603 actu_wrong: 397
2026-07-21 08:53:57,680 P2537689 INFO pr:0.9252  rc:0.7674  auc:0.9997 ap:0.9709 f1: 0.8390 pred_right: 16393 pred_wrong:107 actu_right: 16371 actu_wrong: 129
2026-07-21 08:53:57,680 P2537689 INFO ----------------------------------------------------------------------------------------------------
2026-07-21 08:53:57,680 P2537689 INFO 47/300 starting... lr: 0.001 para:0.02083333395421505
2026-07-21 08:54:04,449 P2537689 INFO Epoch 47/300, all_loss:0.25202 cls_loss:0.25202 rec_loss:0.06691 [6.77s]; best loss:0.22213, patience : 1
2026-07-21 08:54:06,710 P2537689 INFO pr:0.9326  rc:0.8715  auc:0.9948 ap:0.9639 f1: 0.9010 pred_right: 38629 pred_wrong:371 actu_right: 38603 actu_wrong: 397
2026-07-21 08:54:07,570 P2537689 INFO pr:0.9224  rc:0.8295  auc:0.9997 ap:0.9724 f1: 0.8735 pred_right: 16384 pred_wrong:116 actu_right: 16371 actu_wrong: 129
2026-07-21 08:54:07,570 P2537689 INFO ----------------------------------------------------------------------------------------------------
2026-07-21 08:54:07,570 P2537689 INFO 48/300 starting... lr: 0.001 para:0.020408162847161293
2026-07-21 08:54:13,971 P2537689 INFO Epoch 48/300, all_loss:0.25432 cls_loss:0.25432 rec_loss:0.07228 [6.40s]; best loss:0.22213, patience : 2
2026-07-21 08:54:15,886 P2537689 INFO pr:0.9365  rc:0.8539  auc:0.9937 ap:0.9636 f1: 0.8933 pred_right: 38638 pred_wrong:362 actu_right: 38603 actu_wrong: 397
2026-07-21 08:54:16,892 P2537689 INFO pr:0.9224  rc:0.8295  auc:0.9996 ap:0.9687 f1: 0.8735 pred_right: 16384 pred_wrong:116 actu_right: 16371 actu_wrong: 129
2026-07-21 08:54:16,893 P2537689 INFO ----------------------------------------------------------------------------------------------------
2026-07-21 08:54:16,893 P2537689 INFO 49/300 starting... lr: 0.001 para:0.019999999552965164
2026-07-21 08:54:23,346 P2537689 INFO Epoch 49/300, all_loss:0.23305 cls_loss:0.23305 rec_loss:0.06455 [6.45s]; best loss:0.22213, patience : 2
2026-07-21 08:54:25,466 P2537689 INFO pr:0.9312  rc:0.8866  auc:0.9904 ap:0.9639 f1: 0.9084 pred_right: 38622 pred_wrong:378 actu_right: 38603 actu_wrong: 397
2026-07-21 08:54:26,463 P2537689 INFO pr:0.9160  rc:0.8450  auc:0.9997 ap:0.9678 f1: 0.8790 pred_right: 16381 pred_wrong:119 actu_right: 16371 actu_wrong: 129
2026-07-21 08:54:26,463 P2537689 INFO ----------------------------------------------------------------------------------------------------
2026-07-21 08:54:26,464 P2537689 INFO 50/300 starting... lr: 0.001 para:0.019607843831181526
2026-07-21 08:54:32,883 P2537689 INFO Epoch 50/300, all_loss:0.24412 cls_loss:0.24412 rec_loss:0.07075 [6.42s]; best loss:0.22213, patience : 3
2026-07-21 08:54:34,895 P2537689 INFO pr:0.8467  rc:0.9320  auc:0.9953 ap:0.9617 f1: 0.8873 pred_right: 38563 pred_wrong:437 actu_right: 38603 actu_wrong: 397
2026-07-21 08:54:35,734 P2537689 INFO pr:0.8881  rc:0.9845  auc:0.9996 ap:0.9668 f1: 0.9338 pred_right: 16357 pred_wrong:143 actu_right: 16371 actu_wrong: 129
2026-07-21 08:54:35,735 P2537689 INFO ----------------------------------------------------------------------------------------------------
2026-07-21 08:54:35,735 P2537689 INFO 51/300 starting... lr: 0.001 para:0.01923076994717121
2026-07-21 08:54:42,065 P2537689 INFO Epoch 51/300, all_loss:0.23243 cls_loss:0.23243 rec_loss:0.07431 [6.33s]; best loss:0.22213, patience : 3
2026-07-21 08:54:44,177 P2537689 INFO pr:0.9186  rc:0.9093  auc:0.9934 ap:0.9650 f1: 0.9139 pred_right: 38607 pred_wrong:393 actu_right: 38603 actu_wrong: 397
2026-07-21 08:54:45,027 P2537689 INFO pr:0.9084  rc:0.9225  auc:0.9997 ap:0.9659 f1: 0.9154 pred_right: 16369 pred_wrong:131 actu_right: 16371 actu_wrong: 129
2026-07-21 08:54:45,032 P2537689 INFO ----------------------------------------------------------------------------------------------------
2026-07-21 08:54:45,032 P2537689 INFO 52/300 starting... lr: 0.001 para:0.01886792480945587
2026-07-21 08:54:51,551 P2537689 INFO Epoch 52/300, all_loss:0.28056 cls_loss:0.28056 rec_loss:0.07359 [6.52s]; best loss:0.22213, patience : 4
2026-07-21 08:54:53,754 P2537689 INFO pr:0.9135  rc:0.9043  auc:0.9944 ap:0.9632 f1: 0.9089 pred_right: 38607 pred_wrong:393 actu_right: 38603 actu_wrong: 397
2026-07-21 08:54:54,746 P2537689 INFO pr:0.9070  rc:0.9070  auc:0.9997 ap:0.9667 f1: 0.9070 pred_right: 16371 pred_wrong:129 actu_right: 16371 actu_wrong: 129
2026-07-21 08:54:54,746 P2537689 INFO ----------------------------------------------------------------------------------------------------
2026-07-21 08:54:54,747 P2537689 INFO 53/300 starting... lr: 0.001 para:0.018518518656492233
2026-07-21 08:55:00,962 P2537689 INFO Epoch 53/300, all_loss:0.25914 cls_loss:0.25914 rec_loss:0.07823 [6.22s]; best loss:0.22213, patience : 4
2026-07-21 08:55:03,765 P2537689 INFO pr:0.9093  rc:0.9093  auc:0.9928 ap:0.9635 f1: 0.9093 pred_right: 38603 pred_wrong:397 actu_right: 38603 actu_wrong: 397
2026-07-21 08:55:05,746 P2537689 INFO pr:0.9084  rc:0.9225  auc:0.9997 ap:0.9740 f1: 0.9154 pred_right: 16369 pred_wrong:131 actu_right: 16371 actu_wrong: 129
2026-07-21 08:55:05,746 P2537689 INFO ----------------------------------------------------------------------------------------------------
2026-07-21 08:55:05,747 P2537689 INFO 54/300 starting... lr: 0.001 para:0.0181818176060915
2026-07-21 08:55:10,519 P2537689 INFO Epoch 54/300, all_loss:0.21237 cls_loss:0.21237 rec_loss:0.07725 [4.77s]; best loss:0.21237, patience : 0
2026-07-21 08:55:12,273 P2537689 INFO pr:0.9357  rc:0.8791  auc:0.9935 ap:0.9644 f1: 0.9065 pred_right: 38627 pred_wrong:373 actu_right: 38603 actu_wrong: 397
2026-07-21 08:55:13,091 P2537689 INFO pr:0.9224  rc:0.8295  auc:0.9997 ap:0.9723 f1: 0.8735 pred_right: 16384 pred_wrong:116 actu_right: 16371 actu_wrong: 129
2026-07-21 08:55:13,092 P2537689 INFO ----------------------------------------------------------------------------------------------------
2026-07-21 08:55:13,092 P2537689 INFO 55/300 starting... lr: 0.001 para:0.01785714365541935
2026-07-21 08:55:19,137 P2537689 INFO Epoch 55/300, all_loss:0.21912 cls_loss:0.21912 rec_loss:0.07383 [6.04s]; best loss:0.21237, patience : 1
2026-07-21 08:55:23,437 P2537689 INFO pr:0.9275  rc:0.9018  auc:0.9889 ap:0.9654 f1: 0.9144 pred_right: 38614 pred_wrong:386 actu_right: 38603 actu_wrong: 397
2026-07-21 08:55:25,328 P2537689 INFO pr:0.9113  rc:0.8760  auc:0.9997 ap:0.9691 f1: 0.8933 pred_right: 16376 pred_wrong:124 actu_right: 16371 actu_wrong: 129
2026-07-21 08:55:25,336 P2537689 INFO ----------------------------------------------------------------------------------------------------
2026-07-21 08:55:25,336 P2537689 INFO 56/300 starting... lr: 0.001 para:0.017543859779834747
2026-07-21 08:55:35,739 P2537689 INFO Epoch 56/300, all_loss:0.22965 cls_loss:0.22965 rec_loss:0.07333 [10.40s]; best loss:0.21237, patience : 2
2026-07-21 08:55:37,868 P2537689 INFO pr:0.9309  rc:0.8816  auc:0.9925 ap:0.9645 f1: 0.9056 pred_right: 38624 pred_wrong:376 actu_right: 38603 actu_wrong: 397
2026-07-21 08:55:38,810 P2537689 INFO pr:0.9160  rc:0.8450  auc:0.9997 ap:0.9662 f1: 0.8790 pred_right: 16381 pred_wrong:119 actu_right: 16371 actu_wrong: 129
2026-07-21 08:55:38,811 P2537689 INFO ----------------------------------------------------------------------------------------------------
2026-07-21 08:55:38,811 P2537689 INFO 57/300 starting... lr: 0.001 para:0.017241379246115685
2026-07-21 08:55:45,325 P2537689 INFO Epoch 57/300, all_loss:0.21674 cls_loss:0.21674 rec_loss:0.07572 [6.51s]; best loss:0.21237, patience : 2
2026-07-21 08:55:47,248 P2537689 INFO pr:0.9463  rc:0.8438  auc:0.9909 ap:0.9595 f1: 0.8921 pred_right: 38646 pred_wrong:354 actu_right: 38603 actu_wrong: 397
2026-07-21 08:55:48,083 P2537689 INFO pr:0.9304  rc:0.8295  auc:0.9994 ap:0.9625 f1: 0.8770 pred_right: 16385 pred_wrong:115 actu_right: 16371 actu_wrong: 129
2026-07-21 08:55:48,084 P2537689 INFO ----------------------------------------------------------------------------------------------------
2026-07-21 08:55:48,084 P2537689 INFO 58/300 starting... lr: 0.001 para:0.016949152573943138
2026-07-21 08:55:54,457 P2537689 INFO Epoch 58/300, all_loss:0.20073 cls_loss:0.20073 rec_loss:0.07599 [6.37s]; best loss:0.20073, patience : 0
2026-07-21 08:55:56,421 P2537689 INFO pr:0.8968  rc:0.9194  auc:0.9919 ap:0.9641 f1: 0.9080 pred_right: 38593 pred_wrong:407 actu_right: 38603 actu_wrong: 397
2026-07-21 08:55:57,479 P2537689 INFO pr:0.8921  rc:0.9612  auc:0.9997 ap:0.9627 f1: 0.9254 pred_right: 16361 pred_wrong:139 actu_right: 16371 actu_wrong: 129
2026-07-21 08:55:57,480 P2537689 INFO ----------------------------------------------------------------------------------------------------
2026-07-21 08:55:57,480 P2537689 INFO 59/300 starting... lr: 0.001 para:0.01666666753590107
2026-07-21 08:56:03,742 P2537689 INFO Epoch 59/300, all_loss:0.24347 cls_loss:0.24347 rec_loss:0.07877 [6.26s]; best loss:0.20073, patience : 1
2026-07-21 08:56:05,986 P2537689 INFO pr:0.9211  rc:0.9141  auc:0.9915 ap:0.9660 f1: 0.9176 pred_right: 38607 pred_wrong:393 actu_right: 38604 actu_wrong: 396
2026-07-21 08:56:06,991 P2537689 INFO pr:0.9091  rc:0.9302  auc:0.9996 ap:0.9598 f1: 0.9195 pred_right: 16368 pred_wrong:132 actu_right: 16371 actu_wrong: 129
2026-07-21 08:56:06,996 P2537689 INFO ----------------------------------------------------------------------------------------------------
2026-07-21 08:56:06,996 P2537689 INFO 60/300 starting... lr: 0.001 para:0.016393441706895828
2026-07-21 08:56:13,240 P2537689 INFO Epoch 60/300, all_loss:0.25096 cls_loss:0.25096 rec_loss:0.06772 [6.24s]; best loss:0.20073, patience : 2
2026-07-21 08:56:15,450 P2537689 INFO pr:0.9002  rc:0.9093  auc:0.9921 ap:0.9637 f1: 0.9048 pred_right: 38599 pred_wrong:401 actu_right: 38603 actu_wrong: 397
2026-07-21 08:56:16,375 P2537689 INFO pr:0.9030  rc:0.9380  auc:0.9984 ap:0.9662 f1: 0.9202 pred_right: 16366 pred_wrong:134 actu_right: 16371 actu_wrong: 129
2026-07-21 08:56:16,376 P2537689 INFO ----------------------------------------------------------------------------------------------------
2026-07-21 08:56:16,376 P2537689 INFO 61/300 starting... lr: 0.001 para:0.016129031777381897
2026-07-21 08:56:22,555 P2537689 INFO Epoch 61/300, all_loss:0.20892 cls_loss:0.20892 rec_loss:0.06567 [6.18s]; best loss:0.20073, patience : 2
2026-07-21 08:56:24,690 P2537689 INFO pr:0.9225  rc:0.8690  auc:0.9887 ap:0.9607 f1: 0.8949 pred_right: 38626 pred_wrong:374 actu_right: 38603 actu_wrong: 397
2026-07-21 08:56:25,495 P2537689 INFO pr:0.9274  rc:0.8915  auc:0.9971 ap:0.9660 f1: 0.9091 pred_right: 16376 pred_wrong:124 actu_right: 16371 actu_wrong: 129
2026-07-21 08:56:25,496 P2537689 INFO ----------------------------------------------------------------------------------------------------
2026-07-21 08:56:25,496 P2537689 INFO 62/300 starting... lr: 0.001 para:0.01587301678955555
2026-07-21 08:56:31,851 P2537689 INFO Epoch 62/300, all_loss:0.21808 cls_loss:0.21808 rec_loss:0.07144 [6.35s]; best loss:0.20073, patience : 3
2026-07-21 08:56:33,891 P2537689 INFO pr:0.9256  rc:0.9093  auc:0.9926 ap:0.9669 f1: 0.9174 pred_right: 38610 pred_wrong:390 actu_right: 38603 actu_wrong: 397
2026-07-21 08:56:34,786 P2537689 INFO pr:0.9154  rc:0.9225  auc:0.9996 ap:0.9615 f1: 0.9189 pred_right: 16370 pred_wrong:130 actu_right: 16371 actu_wrong: 129
2026-07-21 08:56:34,786 P2537689 INFO ----------------------------------------------------------------------------------------------------
2026-07-21 08:56:34,787 P2537689 INFO 63/300 starting... lr: 0.001 para:0.015625
2026-07-21 08:56:42,539 P2537689 INFO Epoch 63/300, all_loss:0.23589 cls_loss:0.23589 rec_loss:0.06369 [7.75s]; best loss:0.20073, patience : 4
2026-07-21 08:56:44,135 P2537689 INFO pr:0.9385  rc:0.8841  auc:0.9936 ap:0.9666 f1: 0.9105 pred_right: 38626 pred_wrong:374 actu_right: 38603 actu_wrong: 397
2026-07-21 08:56:44,858 P2537689 INFO pr:0.9231  rc:0.8372  auc:0.9996 ap:0.9598 f1: 0.8780 pred_right: 16383 pred_wrong:117 actu_right: 16371 actu_wrong: 129
2026-07-21 08:56:44,859 P2537689 INFO ----------------------------------------------------------------------------------------------------
2026-07-21 08:56:44,859 P2537689 INFO 64/300 starting... lr: 0.001 para:0.015384615398943424
2026-07-21 08:56:50,133 P2537689 INFO Epoch 64/300, all_loss:0.22264 cls_loss:0.22264 rec_loss:0.06636 [5.27s]; best loss:0.20073, patience : 4
2026-07-21 08:56:51,946 P2537689 INFO pr:0.9357  rc:0.8791  auc:0.9929 ap:0.9668 f1: 0.9065 pred_right: 38627 pred_wrong:373 actu_right: 38603 actu_wrong: 397
2026-07-21 08:56:52,664 P2537689 INFO pr:0.9160  rc:0.8450  auc:0.9996 ap:0.9606 f1: 0.8790 pred_right: 16381 pred_wrong:119 actu_right: 16371 actu_wrong: 129
2026-07-21 08:56:52,665 P2537689 INFO ----------------------------------------------------------------------------------------------------
2026-07-21 08:56:52,665 P2537689 INFO 65/300 starting... lr: 0.001 para:0.01515151560306549
2026-07-21 08:57:02,327 P2537689 INFO Epoch 65/300, all_loss:0.26505 cls_loss:0.26505 rec_loss:0.06592 [9.66s]; best loss:0.20073, patience : 5
2026-07-21 08:57:06,673 P2537689 INFO pr:0.9388  rc:0.8892  auc:0.9899 ap:0.9653 f1: 0.9133 pred_right: 38624 pred_wrong:376 actu_right: 38603 actu_wrong: 397
2026-07-21 08:57:08,226 P2537689 INFO pr:0.9250  rc:0.8605  auc:0.9997 ap:0.9643 f1: 0.8916 pred_right: 16380 pred_wrong:120 actu_right: 16371 actu_wrong: 129
2026-07-21 08:57:08,227 P2537689 INFO ----------------------------------------------------------------------------------------------------
2026-07-21 08:57:08,227 P2537689 INFO 66/300 starting... lr: 0.001 para:0.014925372786819935
2026-07-21 08:57:15,249 P2537689 INFO Epoch 66/300, all_loss:0.25200 cls_loss:0.25200 rec_loss:0.07448 [7.02s]; best loss:0.20073, patience : 5
2026-07-21 08:57:17,314 P2537689 INFO pr:0.9340  rc:0.8917  auc:0.9920 ap:0.9670 f1: 0.9124 pred_right: 38621 pred_wrong:379 actu_right: 38603 actu_wrong: 397
2026-07-21 08:57:18,181 P2537689 INFO pr:0.9167  rc:0.8527  auc:0.9996 ap:0.9633 f1: 0.8835 pred_right: 16380 pred_wrong:120 actu_right: 16371 actu_wrong: 129
2026-07-21 08:57:18,182 P2537689 INFO ----------------------------------------------------------------------------------------------------
2026-07-21 08:57:18,182 P2537689 INFO 67/300 starting... lr: 0.001 para:0.014705882407724857
2026-07-21 08:57:24,615 P2537689 INFO Epoch 67/300, all_loss:0.21546 cls_loss:0.21546 rec_loss:0.07214 [6.43s]; best loss:0.20073, patience : 5
2026-07-21 08:57:26,821 P2537689 INFO pr:0.8862  rc:0.9219  auc:0.9904 ap:0.9664 f1: 0.9037 pred_right: 38587 pred_wrong:413 actu_right: 38603 actu_wrong: 397
2026-07-21 08:57:27,672 P2537689 INFO pr:0.8897  rc:0.9380  auc:0.9996 ap:0.9620 f1: 0.9132 pred_right: 16364 pred_wrong:136 actu_right: 16371 actu_wrong: 129
2026-07-21 08:57:27,673 P2537689 INFO ----------------------------------------------------------------------------------------------------
2026-07-21 08:57:27,673 P2537689 INFO 68/300 starting... lr: 0.001 para:0.014492753893136978
2026-07-21 08:57:34,040 P2537689 INFO Epoch 68/300, all_loss:0.21213 cls_loss:0.21213 rec_loss:0.08052 [6.37s]; best loss:0.20073, patience : 5
2026-07-21 08:57:36,183 P2537689 INFO pr:0.9390  rc:0.8917  auc:0.9929 ap:0.9664 f1: 0.9147 pred_right: 38623 pred_wrong:377 actu_right: 38603 actu_wrong: 397
2026-07-21 08:57:37,197 P2537689 INFO pr:0.9237  rc:0.8450  auc:0.9996 ap:0.9604 f1: 0.8826 pred_right: 16382 pred_wrong:118 actu_right: 16371 actu_wrong: 129
2026-07-21 08:57:37,198 P2537689 INFO ----------------------------------------------------------------------------------------------------
2026-07-21 08:57:37,198 P2537689 INFO 69/300 starting... lr: 0.001 para:0.014285714365541935
2026-07-21 08:57:43,738 P2537689 INFO Epoch 69/300, all_loss:0.24754 cls_loss:0.24754 rec_loss:0.06836 [6.54s]; best loss:0.20073, patience : 6
2026-07-21 08:57:45,944 P2537689 INFO pr:0.9426  rc:0.8690  auc:0.9899 ap:0.9659 f1: 0.9043 pred_right: 38634 pred_wrong:366 actu_right: 38603 actu_wrong: 397
2026-07-21 08:57:46,904 P2537689 INFO pr:0.9231  rc:0.8372  auc:0.9997 ap:0.9678 f1: 0.8780 pred_right: 16383 pred_wrong:117 actu_right: 16371 actu_wrong: 129
2026-07-21 08:57:46,905 P2537689 INFO ----------------------------------------------------------------------------------------------------
2026-07-21 08:57:46,905 P2537689 INFO 70/300 starting... lr: 0.001 para:0.014084506779909134
2026-07-21 08:57:53,457 P2537689 INFO Epoch 70/300, all_loss:0.23202 cls_loss:0.23202 rec_loss:0.07348 [6.55s]; best loss:0.20073, patience : 6
2026-07-21 08:57:55,658 P2537689 INFO pr:0.9165  rc:0.9141  auc:0.9936 ap:0.9689 f1: 0.9153 pred_right: 38605 pred_wrong:395 actu_right: 38604 actu_wrong: 396
2026-07-21 08:57:56,606 P2537689 INFO pr:0.9141  rc:0.9070  auc:0.9996 ap:0.9610 f1: 0.9105 pred_right: 16372 pred_wrong:128 actu_right: 16371 actu_wrong: 129
2026-07-21 08:57:56,606 P2537689 INFO ----------------------------------------------------------------------------------------------------
2026-07-21 08:57:56,607 P2537689 INFO 71/300 starting... lr: 0.001 para:0.013888888992369175
2026-07-21 08:58:02,779 P2537689 INFO Epoch 71/300, all_loss:0.20427 cls_loss:0.20427 rec_loss:0.07061 [6.17s]; best loss:0.20073, patience : 6
2026-07-21 08:58:04,928 P2537689 INFO pr:0.9253  rc:0.9043  auc:0.9919 ap:0.9645 f1: 0.9146 pred_right: 38612 pred_wrong:388 actu_right: 38603 actu_wrong: 397
2026-07-21 08:58:05,837 P2537689 INFO pr:0.9141  rc:0.9070  auc:0.9996 ap:0.9631 f1: 0.9105 pred_right: 16372 pred_wrong:128 actu_right: 16371 actu_wrong: 129
2026-07-21 08:58:05,838 P2537689 INFO ----------------------------------------------------------------------------------------------------
2026-07-21 08:58:05,838 P2537689 INFO 72/300 starting... lr: 0.001 para:0.013698630034923553
2026-07-21 08:58:12,277 P2537689 INFO Epoch 72/300, all_loss:0.20386 cls_loss:0.20386 rec_loss:0.07896 [6.44s]; best loss:0.20073, patience : 6
2026-07-21 08:58:14,425 P2537689 INFO pr:0.9141  rc:0.9141  auc:0.9932 ap:0.9663 f1: 0.9141 pred_right: 38604 pred_wrong:396 actu_right: 38604 actu_wrong: 396
2026-07-21 08:58:15,492 P2537689 INFO pr:0.9206  rc:0.8992  auc:0.9997 ap:0.9703 f1: 0.9098 pred_right: 16374 pred_wrong:126 actu_right: 16371 actu_wrong: 129
2026-07-21 08:58:15,492 P2537689 INFO ----------------------------------------------------------------------------------------------------
2026-07-21 08:58:15,493 P2537689 INFO 73/300 starting... lr: 0.001 para:0.013513513840734959
2026-07-21 08:58:21,836 P2537689 INFO Epoch 73/300, all_loss:0.18379 cls_loss:0.18379 rec_loss:0.07611 [6.34s]; best loss:0.18379, patience : 0
2026-07-21 08:58:23,555 P2537689 INFO pr:0.9233  rc:0.9093  auc:0.9904 ap:0.9661 f1: 0.9162 pred_right: 38609 pred_wrong:391 actu_right: 38603 actu_wrong: 397
2026-07-21 08:58:24,352 P2537689 INFO pr:0.9141  rc:0.9070  auc:0.9996 ap:0.9653 f1: 0.9105 pred_right: 16372 pred_wrong:128 actu_right: 16371 actu_wrong: 129
2026-07-21 08:58:24,353 P2537689 INFO ----------------------------------------------------------------------------------------------------
2026-07-21 08:58:24,353 P2537689 INFO 74/300 starting... lr: 0.001 para:0.013333333656191826
2026-07-21 08:58:30,166 P2537689 INFO Epoch 74/300, all_loss:0.20096 cls_loss:0.20096 rec_loss:0.07758 [5.81s]; best loss:0.18379, patience : 1
2026-07-21 08:58:33,108 P2537689 INFO pr:0.9030  rc:0.9190  auc:0.9894 ap:0.9667 f1: 0.9109 pred_right: 38598 pred_wrong:402 actu_right: 38605 actu_wrong: 395
2026-07-21 08:58:34,486 P2537689 INFO pr:0.9084  rc:0.9225  auc:0.9996 ap:0.9606 f1: 0.9154 pred_right: 16369 pred_wrong:131 actu_right: 16371 actu_wrong: 129
2026-07-21 08:58:34,487 P2537689 INFO ----------------------------------------------------------------------------------------------------
2026-07-21 08:58:34,487 P2537689 INFO 75/300 starting... lr: 0.001 para:0.01315789483487606
2026-07-21 08:58:46,249 P2537689 INFO Epoch 75/300, all_loss:0.19825 cls_loss:0.19825 rec_loss:0.07735 [11.76s]; best loss:0.18379, patience : 1
2026-07-21 08:58:48,704 P2537689 INFO pr:0.9080  rc:0.9217  auc:0.9912 ap:0.9668 f1: 0.9148 pred_right: 38598 pred_wrong:402 actu_right: 38604 actu_wrong: 396
2026-07-21 08:58:49,648 P2537689 INFO pr:0.9062  rc:0.8992  auc:0.9996 ap:0.9648 f1: 0.9027 pred_right: 16372 pred_wrong:128 actu_right: 16371 actu_wrong: 129
2026-07-21 08:58:49,649 P2537689 INFO ----------------------------------------------------------------------------------------------------
2026-07-21 08:58:49,649 P2537689 INFO 76/300 starting... lr: 0.001 para:0.012987012974917889
2026-07-21 08:58:56,243 P2537689 INFO Epoch 76/300, all_loss:0.18265 cls_loss:0.18265 rec_loss:0.07765 [6.59s]; best loss:0.18265, patience : 0
2026-07-21 08:58:58,232 P2537689 INFO pr:0.9409  rc:0.8816  auc:0.9887 ap:0.9678 f1: 0.9103 pred_right: 38628 pred_wrong:372 actu_right: 38603 actu_wrong: 397
2026-07-21 08:58:59,084 P2537689 INFO pr:0.9153  rc:0.8372  auc:0.9996 ap:0.9617 f1: 0.8745 pred_right: 16382 pred_wrong:118 actu_right: 16371 actu_wrong: 129
2026-07-21 08:58:59,084 P2537689 INFO ----------------------------------------------------------------------------------------------------
2026-07-21 08:58:59,085 P2537689 INFO 77/300 starting... lr: 0.001 para:0.012820512987673283
2026-07-21 08:59:05,446 P2537689 INFO Epoch 77/300, all_loss:0.21001 cls_loss:0.21001 rec_loss:0.07819 [6.36s]; best loss:0.18265, patience : 1
2026-07-21 08:59:07,585 P2537689 INFO pr:0.9458  rc:0.8791  auc:0.9909 ap:0.9658 f1: 0.9112 pred_right: 38631 pred_wrong:369 actu_right: 38603 actu_wrong: 397
2026-07-21 08:59:08,493 P2537689 INFO pr:0.9244  rc:0.8527  auc:0.9991 ap:0.9595 f1: 0.8871 pred_right: 16381 pred_wrong:119 actu_right: 16371 actu_wrong: 129
2026-07-21 08:59:08,493 P2537689 INFO ----------------------------------------------------------------------------------------------------
2026-07-21 08:59:08,493 P2537689 INFO 78/300 starting... lr: 0.001 para:0.012658228166401386
2026-07-21 08:59:14,865 P2537689 INFO Epoch 78/300, all_loss:0.23500 cls_loss:0.23500 rec_loss:0.08107 [6.37s]; best loss:0.18265, patience : 2
2026-07-21 08:59:17,112 P2537689 INFO pr:0.9276  rc:0.9066  auc:0.9919 ap:0.9663 f1: 0.9170 pred_right: 38613 pred_wrong:387 actu_right: 38604 actu_wrong: 396
2026-07-21 08:59:18,036 P2537689 INFO pr:0.9062  rc:0.8992  auc:0.9992 ap:0.9624 f1: 0.9027 pred_right: 16372 pred_wrong:128 actu_right: 16371 actu_wrong: 129
2026-07-21 08:59:18,036 P2537689 INFO ----------------------------------------------------------------------------------------------------
2026-07-21 08:59:18,037 P2537689 INFO 79/300 starting... lr: 0.001 para:0.012500000186264515
2026-07-21 08:59:24,561 P2537689 INFO Epoch 79/300, all_loss:0.21810 cls_loss:0.21810 rec_loss:0.07648 [6.52s]; best loss:0.18265, patience : 2
2026-07-21 08:59:26,703 P2537689 INFO pr:0.9431  rc:0.8766  auc:0.9906 ap:0.9682 f1: 0.9086 pred_right: 38631 pred_wrong:369 actu_right: 38603 actu_wrong: 397
2026-07-21 08:59:27,645 P2537689 INFO pr:0.9231  rc:0.8372  auc:0.9994 ap:0.9612 f1: 0.8780 pred_right: 16383 pred_wrong:117 actu_right: 16371 actu_wrong: 129
2026-07-21 08:59:27,645 P2537689 INFO ----------------------------------------------------------------------------------------------------
2026-07-21 08:59:27,645 P2537689 INFO 80/300 starting... lr: 0.001 para:0.012345679104328156
2026-07-21 08:59:34,049 P2537689 INFO Epoch 80/300, all_loss:0.20661 cls_loss:0.20661 rec_loss:0.07567 [6.40s]; best loss:0.18265, patience : 2
2026-07-21 08:59:36,058 P2537689 INFO pr:0.9132  rc:0.9270  auc:0.9911 ap:0.9671 f1: 0.9200 pred_right: 38597 pred_wrong:403 actu_right: 38603 actu_wrong: 397
2026-07-21 08:59:36,842 P2537689 INFO pr:0.9030  rc:0.9380  auc:0.9996 ap:0.9649 f1: 0.9202 pred_right: 16366 pred_wrong:134 actu_right: 16371 actu_wrong: 129
2026-07-21 08:59:36,847 P2537689 INFO ----------------------------------------------------------------------------------------------------
2026-07-21 08:59:36,847 P2537689 INFO 81/300 starting... lr: 0.001 para:0.012195121496915817
2026-07-21 08:59:43,409 P2537689 INFO Epoch 81/300, all_loss:0.20955 cls_loss:0.20955 rec_loss:0.08125 [6.56s]; best loss:0.18265, patience : 3
2026-07-21 08:59:45,816 P2537689 INFO pr:0.9100  rc:0.9169  auc:0.9905 ap:0.9662 f1: 0.9134 pred_right: 38600 pred_wrong:400 actu_right: 38603 actu_wrong: 397
2026-07-21 08:59:46,665 P2537689 INFO pr:0.9160  rc:0.9302  auc:0.9996 ap:0.9589 f1: 0.9231 pred_right: 16369 pred_wrong:131 actu_right: 16371 actu_wrong: 129
2026-07-21 08:59:46,666 P2537689 INFO ----------------------------------------------------------------------------------------------------
2026-07-21 08:59:46,673 P2537689 INFO 82/300 starting... lr: 0.001 para:0.012048192322254181
2026-07-21 08:59:54,535 P2537689 INFO Epoch 82/300, all_loss:0.19491 cls_loss:0.19491 rec_loss:0.08338 [7.86s]; best loss:0.18265, patience : 3
2026-07-21 08:59:56,081 P2537689 INFO pr:0.9319  rc:0.8967  auc:0.9918 ap:0.9661 f1: 0.9140 pred_right: 38618 pred_wrong:382 actu_right: 38603 actu_wrong: 397
2026-07-21 08:59:56,739 P2537689 INFO pr:0.9244  rc:0.8527  auc:0.9996 ap:0.9649 f1: 0.8871 pred_right: 16381 pred_wrong:119 actu_right: 16371 actu_wrong: 129
2026-07-21 08:59:56,740 P2537689 INFO ----------------------------------------------------------------------------------------------------
2026-07-21 08:59:56,740 P2537689 INFO 83/300 starting... lr: 0.001 para:0.011904762126505375
2026-07-21 09:00:01,905 P2537689 INFO Epoch 83/300, all_loss:0.14982 cls_loss:0.14982 rec_loss:0.08892 [5.16s]; best loss:0.14982, patience : 0
2026-07-21 09:00:03,750 P2537689 INFO pr:0.9383  rc:0.8816  auc:0.9901 ap:0.9676 f1: 0.9091 pred_right: 38627 pred_wrong:373 actu_right: 38603 actu_wrong: 397
2026-07-21 09:00:04,526 P2537689 INFO pr:0.9237  rc:0.8450  auc:0.9996 ap:0.9653 f1: 0.8826 pred_right: 16382 pred_wrong:118 actu_right: 16371 actu_wrong: 129
2026-07-21 09:00:04,526 P2537689 INFO ----------------------------------------------------------------------------------------------------
2026-07-21 09:00:04,527 P2537689 INFO 84/300 starting... lr: 0.001 para:0.0117647061124444
2026-07-21 09:00:13,848 P2537689 INFO Epoch 84/300, all_loss:0.19077 cls_loss:0.19077 rec_loss:0.08103 [9.32s]; best loss:0.14982, patience : 1
2026-07-21 09:00:17,733 P2537689 INFO pr:0.9254  rc:0.9091  auc:0.9911 ap:0.9672 f1: 0.9172 pred_right: 38611 pred_wrong:389 actu_right: 38604 actu_wrong: 396
2026-07-21 09:00:19,487 P2537689 INFO pr:0.9194  rc:0.8837  auc:0.9996 ap:0.9666 f1: 0.9012 pred_right: 16376 pred_wrong:124 actu_right: 16371 actu_wrong: 129
2026-07-21 09:00:19,488 P2537689 INFO ----------------------------------------------------------------------------------------------------
2026-07-21 09:00:19,488 P2537689 INFO 85/300 starting... lr: 0.001 para:0.011627906933426857
2026-07-21 09:00:26,902 P2537689 INFO Epoch 85/300, all_loss:0.20241 cls_loss:0.20241 rec_loss:0.07959 [7.41s]; best loss:0.14982, patience : 2
2026-07-21 09:00:29,034 P2537689 INFO pr:0.9319  rc:0.8990  auc:0.9914 ap:0.9681 f1: 0.9152 pred_right: 38618 pred_wrong:382 actu_right: 38604 actu_wrong: 396
2026-07-21 09:00:29,917 P2537689 INFO pr:0.9262  rc:0.8760  auc:0.9996 ap:0.9598 f1: 0.9004 pred_right: 16378 pred_wrong:122 actu_right: 16371 actu_wrong: 129
2026-07-21 09:00:29,918 P2537689 INFO ----------------------------------------------------------------------------------------------------
2026-07-21 09:00:29,918 P2537689 INFO 86/300 starting... lr: 0.001 para:0.01149425283074379
2026-07-21 09:00:36,468 P2537689 INFO Epoch 86/300, all_loss:0.16651 cls_loss:0.16651 rec_loss:0.08287 [6.55s]; best loss:0.14982, patience : 2
2026-07-21 09:00:38,577 P2537689 INFO pr:0.9278  rc:0.9068  auc:0.9911 ap:0.9664 f1: 0.9172 pred_right: 38612 pred_wrong:388 actu_right: 38603 actu_wrong: 397
2026-07-21 09:00:39,402 P2537689 INFO pr:0.9280  rc:0.8992  auc:0.9996 ap:0.9611 f1: 0.9134 pred_right: 16375 pred_wrong:125 actu_right: 16371 actu_wrong: 129
2026-07-21 09:00:39,403 P2537689 INFO ----------------------------------------------------------------------------------------------------
2026-07-21 09:00:39,403 P2537689 INFO 87/300 starting... lr: 0.001 para:0.011363636702299118
2026-07-21 09:00:45,733 P2537689 INFO Epoch 87/300, all_loss:0.17060 cls_loss:0.17060 rec_loss:0.08462 [6.33s]; best loss:0.14982, patience : 3
2026-07-21 09:00:48,003 P2537689 INFO pr:0.9165  rc:0.9118  auc:0.9911 ap:0.9674 f1: 0.9141 pred_right: 38605 pred_wrong:395 actu_right: 38603 actu_wrong: 397
2026-07-21 09:00:48,909 P2537689 INFO pr:0.9242  rc:0.9457  auc:0.9996 ap:0.9608 f1: 0.9349 pred_right: 16368 pred_wrong:132 actu_right: 16371 actu_wrong: 129
2026-07-21 09:00:48,909 P2537689 INFO ----------------------------------------------------------------------------------------------------
2026-07-21 09:00:48,909 P2537689 INFO 88/300 starting... lr: 0.001 para:0.01123595517128706
2026-07-21 09:00:55,380 P2537689 INFO Epoch 88/300, all_loss:0.19052 cls_loss:0.19052 rec_loss:0.08662 [6.47s]; best loss:0.14982, patience : 4
2026-07-21 09:00:57,598 P2537689 INFO pr:0.9319  rc:0.8990  auc:0.9904 ap:0.9681 f1: 0.9152 pred_right: 38618 pred_wrong:382 actu_right: 38604 actu_wrong: 396
2026-07-21 09:00:58,564 P2537689 INFO pr:0.9268  rc:0.8837  auc:0.9996 ap:0.9600 f1: 0.9048 pred_right: 16377 pred_wrong:123 actu_right: 16371 actu_wrong: 129
2026-07-21 09:00:58,564 P2537689 INFO ----------------------------------------------------------------------------------------------------
2026-07-21 09:00:58,564 P2537689 INFO 89/300 starting... lr: 0.001 para:0.011111111380159855
2026-07-21 09:01:05,193 P2537689 INFO Epoch 89/300, all_loss:0.15246 cls_loss:0.15246 rec_loss:0.09002 [6.63s]; best loss:0.14982, patience : 4
2026-07-21 09:01:07,348 P2537689 INFO pr:0.9344  rc:0.8967  auc:0.9934 ap:0.9670 f1: 0.9152 pred_right: 38619 pred_wrong:381 actu_right: 38603 actu_wrong: 397
2026-07-21 09:01:08,219 P2537689 INFO pr:0.9250  rc:0.8605  auc:0.9996 ap:0.9578 f1: 0.8916 pred_right: 16380 pred_wrong:120 actu_right: 16371 actu_wrong: 129
2026-07-21 09:01:08,220 P2537689 INFO ----------------------------------------------------------------------------------------------------
2026-07-21 09:01:08,220 P2537689 INFO 90/300 starting... lr: 0.001 para:0.010989011265337467
2026-07-21 09:01:14,626 P2537689 INFO Epoch 90/300, all_loss:0.23260 cls_loss:0.23260 rec_loss:0.07277 [6.41s]; best loss:0.14982, patience : 5
2026-07-21 09:01:16,968 P2537689 INFO pr:0.8825  rc:0.9293  auc:0.9924 ap:0.9692 f1: 0.9053 pred_right: 38583 pred_wrong:417 actu_right: 38604 actu_wrong: 396
2026-07-21 09:01:17,980 P2537689 INFO pr:0.8936  rc:0.9767  auc:0.9997 ap:0.9634 f1: 0.9333 pred_right: 16359 pred_wrong:141 actu_right: 16371 actu_wrong: 129
2026-07-21 09:01:17,980 P2537689 INFO ----------------------------------------------------------------------------------------------------
2026-07-21 09:01:17,980 P2537689 INFO 91/300 starting... lr: 0.001 para:0.010869565419852734
2026-07-21 09:01:24,467 P2537689 INFO Epoch 91/300, all_loss:0.18525 cls_loss:0.18525 rec_loss:0.07905 [6.49s]; best loss:0.14982, patience : 5
2026-07-21 09:01:27,549 P2537689 INFO pr:0.9441  rc:0.8942  auc:0.9888 ap:0.9669 f1: 0.9185 pred_right: 38624 pred_wrong:376 actu_right: 38603 actu_wrong: 397
2026-07-21 09:01:29,197 P2537689 INFO pr:0.9174  rc:0.8605  auc:0.9991 ap:0.9587 f1: 0.8880 pred_right: 16379 pred_wrong:121 actu_right: 16371 actu_wrong: 129
2026-07-21 09:01:29,198 P2537689 INFO ----------------------------------------------------------------------------------------------------
2026-07-21 09:01:29,198 P2537689 INFO 92/300 starting... lr: 0.001 para:0.01075268816202879
2026-07-21 09:01:33,916 P2537689 INFO Epoch 92/300, all_loss:0.17732 cls_loss:0.17732 rec_loss:0.07918 [4.72s]; best loss:0.14982, patience : 5
2026-07-21 09:01:35,745 P2537689 INFO pr:0.9237  rc:0.9144  auc:0.9914 ap:0.9676 f1: 0.9190 pred_right: 38607 pred_wrong:393 actu_right: 38603 actu_wrong: 397
2026-07-21 09:01:36,838 P2537689 INFO pr:0.9206  rc:0.8992  auc:0.9968 ap:0.9592 f1: 0.9098 pred_right: 16374 pred_wrong:126 actu_right: 16371 actu_wrong: 129
2026-07-21 09:01:36,839 P2537689 INFO ----------------------------------------------------------------------------------------------------
2026-07-21 09:01:36,839 P2537689 INFO 93/300 starting... lr: 0.001 para:0.010638297535479069
2026-07-21 09:01:43,957 P2537689 INFO Epoch 93/300, all_loss:0.18188 cls_loss:0.18188 rec_loss:0.08108 [7.12s]; best loss:0.14982, patience : 6
2026-07-21 09:01:48,557 P2537689 INFO pr:0.9148  rc:0.9194  auc:0.9917 ap:0.9664 f1: 0.9171 pred_right: 38601 pred_wrong:399 actu_right: 38603 actu_wrong: 397
2026-07-21 09:01:50,252 P2537689 INFO pr:0.8955  rc:0.9302  auc:0.9995 ap:0.9574 f1: 0.9125 pred_right: 16366 pred_wrong:134 actu_right: 16371 actu_wrong: 129
2026-07-21 09:01:50,253 P2537689 INFO ----------------------------------------------------------------------------------------------------
2026-07-21 09:01:50,253 P2537689 INFO 94/300 starting... lr: 0.001 para:0.010526316240429878
2026-07-21 09:01:59,633 P2537689 INFO Epoch 94/300, all_loss:0.15969 cls_loss:0.15969 rec_loss:0.08783 [9.38s]; best loss:0.14982, patience : 6
2026-07-21 09:02:01,846 P2537689 INFO pr:0.9599  rc:0.8438  auc:0.9912 ap:0.9660 f1: 0.8981 pred_right: 38651 pred_wrong:349 actu_right: 38603 actu_wrong: 397
2026-07-21 09:02:02,715 P2537689 INFO pr:0.9182  rc:0.7829  auc:0.9942 ap:0.9571 f1: 0.8452 pred_right: 16390 pred_wrong:110 actu_right: 16371 actu_wrong: 129
2026-07-21 09:02:02,715 P2537689 INFO ----------------------------------------------------------------------------------------------------
2026-07-21 09:02:02,715 P2537689 INFO 95/300 starting... lr: 0.001 para:0.010416666977107525
2026-07-21 09:02:09,215 P2537689 INFO Epoch 95/300, all_loss:0.19791 cls_loss:0.19791 rec_loss:0.06772 [6.50s]; best loss:0.14982, patience : 7
2026-07-21 09:02:11,407 P2537689 INFO pr:0.9304  rc:0.9093  auc:0.9938 ap:0.9675 f1: 0.9197 pred_right: 38612 pred_wrong:388 actu_right: 38603 actu_wrong: 397
2026-07-21 09:02:12,397 P2537689 INFO pr:0.9040  rc:0.8760  auc:0.9994 ap:0.9598 f1: 0.8898 pred_right: 16375 pred_wrong:125 actu_right: 16371 actu_wrong: 129
2026-07-21 09:02:12,397 P2537689 INFO ----------------------------------------------------------------------------------------------------
2026-07-21 09:02:12,398 P2537689 INFO 96/300 starting... lr: 0.001 para:0.010309278033673763
2026-07-21 09:02:18,888 P2537689 INFO Epoch 96/300, all_loss:0.17535 cls_loss:0.17535 rec_loss:0.06890 [6.49s]; best loss:0.14982, patience : 7
2026-07-21 09:02:20,863 P2537689 INFO pr:0.9284  rc:0.9144  auc:0.9929 ap:0.9623 f1: 0.9213 pred_right: 38609 pred_wrong:391 actu_right: 38603 actu_wrong: 397
2026-07-21 09:02:21,809 P2537689 INFO pr:0.9048  rc:0.8837  auc:0.9996 ap:0.9517 f1: 0.8941 pred_right: 16374 pred_wrong:126 actu_right: 16371 actu_wrong: 129
2026-07-21 09:02:21,816 P2537689 INFO ----------------------------------------------------------------------------------------------------
2026-07-21 09:02:21,817 P2537689 INFO 97/300 starting... lr: 0.001 para:0.010204081423580647
2026-07-21 09:02:28,192 P2537689 INFO Epoch 97/300, all_loss:0.16401 cls_loss:0.16401 rec_loss:0.06498 [6.38s]; best loss:0.14982, patience : 7
2026-07-21 09:02:30,345 P2537689 INFO pr:0.9319  rc:0.8990  auc:0.9918 ap:0.9672 f1: 0.9152 pred_right: 38618 pred_wrong:382 actu_right: 38604 actu_wrong: 396
2026-07-21 09:02:31,287 P2537689 INFO pr:0.9120  rc:0.8837  auc:0.9996 ap:0.9575 f1: 0.8976 pred_right: 16375 pred_wrong:125 actu_right: 16371 actu_wrong: 129
2026-07-21 09:02:31,288 P2537689 INFO ----------------------------------------------------------------------------------------------------
2026-07-21 09:02:31,288 P2537689 INFO 98/300 starting... lr: 0.001 para:0.010101010091602802
2026-07-21 09:02:37,802 P2537689 INFO Epoch 98/300, all_loss:0.17169 cls_loss:0.17169 rec_loss:0.07103 [6.51s]; best loss:0.14982, patience : 8
2026-07-21 09:02:40,056 P2537689 INFO pr:0.9526  rc:0.8658  auc:0.9904 ap:0.9649 f1: 0.9072 pred_right: 38641 pred_wrong:359 actu_right: 38605 actu_wrong: 395
2026-07-21 09:02:40,941 P2537689 INFO pr:0.9211  rc:0.8140  auc:0.9988 ap:0.9614 f1: 0.8642 pred_right: 16386 pred_wrong:114 actu_right: 16371 actu_wrong: 129
2026-07-21 09:02:40,941 P2537689 INFO ----------------------------------------------------------------------------------------------------
2026-07-21 09:02:40,941 P2537689 INFO 99/300 starting... lr: 0.001 para:0.01
2026-07-21 09:02:47,201 P2537689 INFO Epoch 99/300, all_loss:0.15234 cls_loss:0.15234 rec_loss:0.07682 [6.26s]; best loss:0.14982, patience : 8
2026-07-21 09:02:49,446 P2537689 INFO pr:0.9146  rc:0.9169  auc:0.9922 ap:0.9664 f1: 0.9157 pred_right: 38602 pred_wrong:398 actu_right: 38603 actu_wrong: 397
2026-07-21 09:02:50,381 P2537689 INFO pr:0.8971  rc:0.9457  auc:0.9995 ap:0.9532 f1: 0.9208 pred_right: 16364 pred_wrong:136 actu_right: 16371 actu_wrong: 129
2026-07-21 09:02:50,382 P2537689 INFO ----------------------------------------------------------------------------------------------------
2026-07-21 09:02:50,382 P2537689 INFO 100/300 starting... lr: 0.0009000000000000001 para:0.01
2026-07-21 09:02:56,826 P2537689 INFO Epoch 100/300, all_loss:0.13539 cls_loss:0.13539 rec_loss:0.07720 [6.44s]; best loss:0.13539, patience : 0
2026-07-21 09:02:59,072 P2537689 INFO pr:0.9302  rc:0.9068  auc:0.9923 ap:0.9664 f1: 0.9184 pred_right: 38613 pred_wrong:387 actu_right: 38603 actu_wrong: 397
2026-07-21 09:02:59,988 P2537689 INFO pr:0.9077  rc:0.9147  auc:0.9995 ap:0.9600 f1: 0.9112 pred_right: 16370 pred_wrong:130 actu_right: 16371 actu_wrong: 129
2026-07-21 09:02:59,989 P2537689 INFO ----------------------------------------------------------------------------------------------------
2026-07-21 09:02:59,989 P2537689 INFO 101/300 starting... lr: 0.0009000000000000001 para:0.01
2026-07-21 09:03:06,564 P2537689 INFO Epoch 101/300, all_loss:0.19863 cls_loss:0.19863 rec_loss:0.07289 [6.58s]; best loss:0.13539, patience : 1
2026-07-21 09:03:08,115 P2537689 INFO pr:0.9370  rc:0.8992  auc:0.9944 ap:0.9668 f1: 0.9177 pred_right: 38619 pred_wrong:381 actu_right: 38603 actu_wrong: 397
2026-07-21 09:03:08,877 P2537689 INFO pr:0.9048  rc:0.8837  auc:0.9994 ap:0.9565 f1: 0.8941 pred_right: 16374 pred_wrong:126 actu_right: 16371 actu_wrong: 129
2026-07-21 09:03:08,878 P2537689 INFO ----------------------------------------------------------------------------------------------------
2026-07-21 09:03:08,878 P2537689 INFO 102/300 starting... lr: 0.0009000000000000001 para:0.01
2026-07-21 09:03:14,462 P2537689 INFO Epoch 102/300, all_loss:0.17285 cls_loss:0.17285 rec_loss:0.07600 [5.58s]; best loss:0.13539, patience : 1
2026-07-21 09:03:17,039 P2537689 INFO pr:0.9560  rc:0.8766  auc:0.9936 ap:0.9658 f1: 0.9146 pred_right: 38636 pred_wrong:364 actu_right: 38603 actu_wrong: 397
2026-07-21 09:03:18,932 P2537689 INFO pr:0.9224  rc:0.8295  auc:0.9987 ap:0.9603 f1: 0.8735 pred_right: 16384 pred_wrong:116 actu_right: 16371 actu_wrong: 129
2026-07-21 09:03:18,933 P2537689 INFO ----------------------------------------------------------------------------------------------------
2026-07-21 09:03:18,933 P2537689 INFO 103/300 starting... lr: 0.0009000000000000001 para:0.01
2026-07-21 09:03:30,515 P2537689 INFO Epoch 103/300, all_loss:0.18405 cls_loss:0.18405 rec_loss:0.07584 [11.58s]; best loss:0.13539, patience : 2
2026-07-21 09:03:32,834 P2537689 INFO pr:0.9380  rc:0.8810  auc:0.9918 ap:0.9668 f1: 0.9086 pred_right: 38629 pred_wrong:371 actu_right: 38605 actu_wrong: 395
2026-07-21 09:03:33,909 P2537689 INFO pr:0.9076  rc:0.8372  auc:0.9996 ap:0.9576 f1: 0.8710 pred_right: 16381 pred_wrong:119 actu_right: 16371 actu_wrong: 129
2026-07-21 09:03:33,909 P2537689 INFO ----------------------------------------------------------------------------------------------------
2026-07-21 09:03:33,910 P2537689 INFO 104/300 starting... lr: 0.0009000000000000001 para:0.01
2026-07-21 09:03:40,443 P2537689 INFO Epoch 104/300, all_loss:0.17884 cls_loss:0.17884 rec_loss:0.08232 [6.53s]; best loss:0.13539, patience : 2
2026-07-21 09:03:42,556 P2537689 INFO pr:0.9418  rc:0.8990  auc:0.9888 ap:0.9656 f1: 0.9199 pred_right: 38622 pred_wrong:378 actu_right: 38604 actu_wrong: 396
2026-07-21 09:03:43,426 P2537689 INFO pr:0.9250  rc:0.8605  auc:0.9970 ap:0.9572 f1: 0.8916 pred_right: 16380 pred_wrong:120 actu_right: 16371 actu_wrong: 129
2026-07-21 09:03:43,426 P2537689 INFO ----------------------------------------------------------------------------------------------------
2026-07-21 09:03:43,426 P2537689 INFO 105/300 starting... lr: 0.0009000000000000001 para:0.01
2026-07-21 09:03:49,859 P2537689 INFO Epoch 105/300, all_loss:0.16280 cls_loss:0.16280 rec_loss:0.08084 [6.43s]; best loss:0.13539, patience : 2
2026-07-21 09:03:52,168 P2537689 INFO pr:0.9354  rc:0.9118  auc:0.9901 ap:0.9643 f1: 0.9235 pred_right: 38613 pred_wrong:387 actu_right: 38603 actu_wrong: 397
2026-07-21 09:03:53,036 P2537689 INFO pr:0.9206  rc:0.8992  auc:0.9972 ap:0.9645 f1: 0.9098 pred_right: 16374 pred_wrong:126 actu_right: 16371 actu_wrong: 129
2026-07-21 09:03:53,041 P2537689 INFO ----------------------------------------------------------------------------------------------------
2026-07-21 09:03:53,041 P2537689 INFO 106/300 starting... lr: 0.0009000000000000001 para:0.01
2026-07-21 09:03:59,410 P2537689 INFO Epoch 106/300, all_loss:0.16235 cls_loss:0.16235 rec_loss:0.08259 [6.37s]; best loss:0.13539, patience : 2
2026-07-21 09:04:01,601 P2537689 INFO pr:0.9308  rc:0.9144  auc:0.9915 ap:0.9670 f1: 0.9225 pred_right: 38610 pred_wrong:390 actu_right: 38603 actu_wrong: 397
2026-07-21 09:04:02,472 P2537689 INFO pr:0.9091  rc:0.9302  auc:0.9989 ap:0.9587 f1: 0.9195 pred_right: 16368 pred_wrong:132 actu_right: 16371 actu_wrong: 129
2026-07-21 09:04:02,473 P2537689 INFO ----------------------------------------------------------------------------------------------------
2026-07-21 09:04:02,473 P2537689 INFO 107/300 starting... lr: 0.0009000000000000001 para:0.01
2026-07-21 09:04:08,768 P2537689 INFO Epoch 107/300, all_loss:0.15568 cls_loss:0.15568 rec_loss:0.07649 [6.29s]; best loss:0.13539, patience : 2
2026-07-21 09:04:11,097 P2537689 INFO pr:0.9455  rc:0.8741  auc:0.9869 ap:0.9592 f1: 0.9084 pred_right: 38633 pred_wrong:367 actu_right: 38603 actu_wrong: 397
2026-07-21 09:04:12,060 P2537689 INFO pr:0.9211  rc:0.8140  auc:0.9940 ap:0.9537 f1: 0.8642 pred_right: 16386 pred_wrong:114 actu_right: 16371 actu_wrong: 129
2026-07-21 09:04:12,061 P2537689 INFO ----------------------------------------------------------------------------------------------------
2026-07-21 09:04:12,061 P2537689 INFO 108/300 starting... lr: 0.0009000000000000001 para:0.01
2026-07-21 09:04:18,679 P2537689 INFO Epoch 108/300, all_loss:0.19189 cls_loss:0.19189 rec_loss:0.08168 [6.62s]; best loss:0.13539, patience : 3
2026-07-21 09:04:20,986 P2537689 INFO pr:0.9548  rc:0.8514  auc:0.9860 ap:0.9671 f1: 0.9001 pred_right: 38646 pred_wrong:354 actu_right: 38603 actu_wrong: 397
2026-07-21 09:04:21,857 P2537689 INFO pr:0.9211  rc:0.8140  auc:0.9925 ap:0.9583 f1: 0.8642 pred_right: 16386 pred_wrong:114 actu_right: 16371 actu_wrong: 129
2026-07-21 09:04:21,857 P2537689 INFO ----------------------------------------------------------------------------------------------------
2026-07-21 09:04:21,857 P2537689 INFO 109/300 starting... lr: 0.0009000000000000001 para:0.01
2026-07-21 09:04:28,349 P2537689 INFO Epoch 109/300, all_loss:0.14766 cls_loss:0.14766 rec_loss:0.08248 [6.49s]; best loss:0.13539, patience : 3
2026-07-21 09:04:30,495 P2537689 INFO pr:0.9559  rc:0.8741  auc:0.9867 ap:0.9663 f1: 0.9132 pred_right: 38637 pred_wrong:363 actu_right: 38603 actu_wrong: 397
2026-07-21 09:04:31,396 P2537689 INFO pr:0.9286  rc:0.8062  auc:0.9974 ap:0.9646 f1: 0.8631 pred_right: 16388 pred_wrong:112 actu_right: 16371 actu_wrong: 129
2026-07-21 09:04:31,397 P2537689 INFO ----------------------------------------------------------------------------------------------------
2026-07-21 09:04:31,397 P2537689 INFO 110/300 starting... lr: 0.0009000000000000001 para:0.01
2026-07-21 09:04:38,496 P2537689 INFO Epoch 110/300, all_loss:0.14493 cls_loss:0.14493 rec_loss:0.09053 [7.10s]; best loss:0.13539, patience : 3
2026-07-21 09:04:40,045 P2537689 INFO pr:0.9421  rc:0.9018  auc:0.9921 ap:0.9671 f1: 0.9215 pred_right: 38620 pred_wrong:380 actu_right: 38603 actu_wrong: 397
2026-07-21 09:04:40,690 P2537689 INFO pr:0.9250  rc:0.8605  auc:0.9989 ap:0.9612 f1: 0.8916 pred_right: 16380 pred_wrong:120 actu_right: 16371 actu_wrong: 129
2026-07-21 09:04:40,690 P2537689 INFO ----------------------------------------------------------------------------------------------------
2026-07-21 09:04:40,691 P2537689 INFO 111/300 starting... lr: 0.0009000000000000001 para:0.01
2026-07-21 09:04:46,424 P2537689 INFO Epoch 111/300, all_loss:0.14326 cls_loss:0.14326 rec_loss:0.09006 [5.73s]; best loss:0.13539, patience : 3
2026-07-21 09:04:48,354 P2537689 INFO pr:0.9276  rc:0.9112  auc:0.9907 ap:0.9656 f1: 0.9193 pred_right: 38613 pred_wrong:387 actu_right: 38606 actu_wrong: 394
2026-07-21 09:04:49,194 P2537689 INFO pr:0.9134  rc:0.8992  auc:0.9964 ap:0.9522 f1: 0.9062 pred_right: 16373 pred_wrong:127 actu_right: 16371 actu_wrong: 129
2026-07-21 09:04:49,195 P2537689 INFO ----------------------------------------------------------------------------------------------------
2026-07-21 09:04:49,195 P2537689 INFO 112/300 starting... lr: 0.0009000000000000001 para:0.01
2026-07-21 09:05:02,627 P2537689 INFO Epoch 112/300, all_loss:0.14668 cls_loss:0.14668 rec_loss:0.08858 [13.43s]; best loss:0.13539, patience : 4
2026-07-21 09:05:05,200 P2537689 INFO pr:0.8777  rc:0.9219  auc:0.9899 ap:0.9639 f1: 0.8993 pred_right: 38583 pred_wrong:417 actu_right: 38603 actu_wrong: 397
2026-07-21 09:05:06,149 P2537689 INFO pr:0.8676  rc:0.9147  auc:0.9989 ap:0.9514 f1: 0.8906 pred_right: 16364 pred_wrong:136 actu_right: 16371 actu_wrong: 129
2026-07-21 09:05:06,150 P2537689 INFO ----------------------------------------------------------------------------------------------------
2026-07-21 09:05:06,150 P2537689 INFO 113/300 starting... lr: 0.0009000000000000001 para:0.01
2026-07-21 09:05:12,716 P2537689 INFO Epoch 113/300, all_loss:0.16541 cls_loss:0.16541 rec_loss:0.08772 [6.57s]; best loss:0.13539, patience : 5
2026-07-21 09:05:14,954 P2537689 INFO pr:0.9459  rc:0.8816  auc:0.9915 ap:0.9668 f1: 0.9126 pred_right: 38630 pred_wrong:370 actu_right: 38603 actu_wrong: 397
2026-07-21 09:05:15,902 P2537689 INFO pr:0.9068  rc:0.8295  auc:0.9986 ap:0.9551 f1: 0.8664 pred_right: 16382 pred_wrong:118 actu_right: 16371 actu_wrong: 129
2026-07-21 09:05:15,903 P2537689 INFO ----------------------------------------------------------------------------------------------------
2026-07-21 09:05:15,903 P2537689 INFO 114/300 starting... lr: 0.0009000000000000001 para:0.01
2026-07-21 09:05:22,335 P2537689 INFO Epoch 114/300, all_loss:0.18273 cls_loss:0.18273 rec_loss:0.08519 [6.43s]; best loss:0.13539, patience : 6
2026-07-21 09:05:24,570 P2537689 INFO pr:0.9301  rc:0.9043  auc:0.9923 ap:0.9655 f1: 0.9170 pred_right: 38614 pred_wrong:386 actu_right: 38603 actu_wrong: 397
2026-07-21 09:05:25,438 P2537689 INFO pr:0.9077  rc:0.9147  auc:0.9990 ap:0.9569 f1: 0.9112 pred_right: 16370 pred_wrong:130 actu_right: 16371 actu_wrong: 129
2026-07-21 09:05:25,438 P2537689 INFO ----------------------------------------------------------------------------------------------------
2026-07-21 09:05:25,438 P2537689 INFO 115/300 starting... lr: 0.0009000000000000001 para:0.01
2026-07-21 09:05:32,010 P2537689 INFO Epoch 115/300, all_loss:0.17896 cls_loss:0.17896 rec_loss:0.08231 [6.57s]; best loss:0.13539, patience : 6
2026-07-21 09:05:34,275 P2537689 INFO pr:0.9542  rc:0.8409  auc:0.9906 ap:0.9633 f1: 0.8940 pred_right: 38651 pred_wrong:349 actu_right: 38604 actu_wrong: 396
2026-07-21 09:05:35,248 P2537689 INFO pr:0.9211  rc:0.8140  auc:0.9982 ap:0.9497 f1: 0.8642 pred_right: 16386 pred_wrong:114 actu_right: 16371 actu_wrong: 129
2026-07-21 09:05:35,249 P2537689 INFO ----------------------------------------------------------------------------------------------------
2026-07-21 09:05:35,249 P2537689 INFO 116/300 starting... lr: 0.0009000000000000001 para:0.01
2026-07-21 09:05:41,627 P2537689 INFO Epoch 116/300, all_loss:0.14816 cls_loss:0.14816 rec_loss:0.08936 [6.38s]; best loss:0.13539, patience : 6
2026-07-21 09:05:44,022 P2537689 INFO pr:0.9492  rc:0.8942  auc:0.9856 ap:0.9662 f1: 0.9209 pred_right: 38626 pred_wrong:374 actu_right: 38603 actu_wrong: 397
2026-07-21 09:05:44,884 P2537689 INFO pr:0.9174  rc:0.8605  auc:0.9973 ap:0.9538 f1: 0.8880 pred_right: 16379 pred_wrong:121 actu_right: 16371 actu_wrong: 129
2026-07-21 09:05:44,885 P2537689 INFO ----------------------------------------------------------------------------------------------------
2026-07-21 09:05:44,885 P2537689 INFO 117/300 starting... lr: 0.0009000000000000001 para:0.01
2026-07-21 09:05:51,486 P2537689 INFO Epoch 117/300, all_loss:0.16154 cls_loss:0.16154 rec_loss:0.09405 [6.60s]; best loss:0.13539, patience : 7
2026-07-21 09:05:53,753 P2537689 INFO pr:0.9505  rc:0.8715  auc:0.9867 ap:0.9657 f1: 0.9093 pred_right: 38636 pred_wrong:364 actu_right: 38603 actu_wrong: 397
2026-07-21 09:05:54,730 P2537689 INFO pr:0.9217  rc:0.8217  auc:0.9971 ap:0.9577 f1: 0.8689 pred_right: 16385 pred_wrong:115 actu_right: 16371 actu_wrong: 129
2026-07-21 09:05:54,731 P2537689 INFO ----------------------------------------------------------------------------------------------------
2026-07-21 09:05:54,731 P2537689 INFO 118/300 starting... lr: 0.0009000000000000001 para:0.01
2026-07-21 09:06:01,331 P2537689 INFO Epoch 118/300, all_loss:0.14902 cls_loss:0.14902 rec_loss:0.09100 [6.60s]; best loss:0.13539, patience : 7
2026-07-21 09:06:03,622 P2537689 INFO pr:0.9039  rc:0.9244  auc:0.9871 ap:0.9613 f1: 0.9141 pred_right: 38594 pred_wrong:406 actu_right: 38603 actu_wrong: 397
2026-07-21 09:06:04,590 P2537689 INFO pr:0.8857  rc:0.9612  auc:0.9973 ap:0.9504 f1: 0.9219 pred_right: 16360 pred_wrong:140 actu_right: 16371 actu_wrong: 129
2026-07-21 09:06:04,590 P2537689 INFO ----------------------------------------------------------------------------------------------------
2026-07-21 09:06:04,591 P2537689 INFO 119/300 starting... lr: 0.0009000000000000001 para:0.01
2026-07-21 09:06:12,044 P2537689 INFO Epoch 119/300, all_loss:0.16110 cls_loss:0.16110 rec_loss:0.09251 [7.45s]; best loss:0.13539, patience : 8
2026-07-21 09:06:13,603 P2537689 INFO pr:0.9349  rc:0.9043  auc:0.9869 ap:0.9680 f1: 0.9193 pred_right: 38616 pred_wrong:384 actu_right: 38603 actu_wrong: 397
2026-07-21 09:06:14,263 P2537689 INFO pr:0.9070  rc:0.9070  auc:0.9971 ap:0.9529 f1: 0.9070 pred_right: 16371 pred_wrong:129 actu_right: 16371 actu_wrong: 129
2026-07-21 09:06:14,263 P2537689 INFO ----------------------------------------------------------------------------------------------------
2026-07-21 09:06:14,263 P2537689 INFO 120/300 starting... lr: 0.0009000000000000001 para:0.01
2026-07-21 09:06:19,850 P2537689 INFO Epoch 120/300, all_loss:0.14293 cls_loss:0.14293 rec_loss:0.09294 [5.59s]; best loss:0.13539, patience : 8
2026-07-21 09:06:21,686 P2537689 INFO pr:0.9412  rc:0.8866  auc:0.9880 ap:0.9665 f1: 0.9131 pred_right: 38626 pred_wrong:374 actu_right: 38603 actu_wrong: 397
2026-07-21 09:06:22,421 P2537689 INFO pr:0.9160  rc:0.8450  auc:0.9970 ap:0.9608 f1: 0.8790 pred_right: 16381 pred_wrong:119 actu_right: 16371 actu_wrong: 129
2026-07-21 09:06:22,422 P2537689 INFO ----------------------------------------------------------------------------------------------------
2026-07-21 09:06:22,422 P2537689 INFO 121/300 starting... lr: 0.0009000000000000001 para:0.01
2026-07-21 09:06:36,663 P2537689 INFO Epoch 121/300, all_loss:0.17694 cls_loss:0.17694 rec_loss:0.10262 [14.24s]; best loss:0.13539, patience : 9
2026-07-21 09:06:39,185 P2537689 INFO pr:0.9423  rc:0.9043  auc:0.9899 ap:0.9659 f1: 0.9229 pred_right: 38619 pred_wrong:381 actu_right: 38603 actu_wrong: 397
2026-07-21 09:06:40,079 P2537689 INFO pr:0.9180  rc:0.8682  auc:0.9989 ap:0.9586 f1: 0.8924 pred_right: 16378 pred_wrong:122 actu_right: 16371 actu_wrong: 129
2026-07-21 09:06:40,080 P2537689 INFO ----------------------------------------------------------------------------------------------------
2026-07-21 09:06:40,080 P2537689 INFO 122/300 starting... lr: 0.0009000000000000001 para:0.01
2026-07-21 09:06:46,627 P2537689 INFO Epoch 122/300, all_loss:0.12855 cls_loss:0.12855 rec_loss:0.09281 [6.54s]; best loss:0.12855, patience : 0
2026-07-21 09:06:48,736 P2537689 INFO pr:0.9421  rc:0.9018  auc:0.9882 ap:0.9653 f1: 0.9215 pred_right: 38620 pred_wrong:380 actu_right: 38603 actu_wrong: 397
2026-07-21 09:06:49,553 P2537689 INFO pr:0.9160  rc:0.8450  auc:0.9949 ap:0.9537 f1: 0.8790 pred_right: 16381 pred_wrong:119 actu_right: 16371 actu_wrong: 129
2026-07-21 09:06:49,553 P2537689 INFO ----------------------------------------------------------------------------------------------------
2026-07-21 09:06:49,553 P2537689 INFO 123/300 starting... lr: 0.0009000000000000001 para:0.01
2026-07-21 09:06:56,024 P2537689 INFO Epoch 123/300, all_loss:0.17482 cls_loss:0.17482 rec_loss:0.09337 [6.47s]; best loss:0.12855, patience : 1
2026-07-21 09:06:58,509 P2537689 INFO pr:0.9356  rc:0.9167  auc:0.9918 ap:0.9666 f1: 0.9260 pred_right: 38612 pred_wrong:388 actu_right: 38604 actu_wrong: 396
2026-07-21 09:06:59,680 P2537689 INFO pr:0.9200  rc:0.8915  auc:0.9967 ap:0.9591 f1: 0.9055 pred_right: 16375 pred_wrong:125 actu_right: 16371 actu_wrong: 129
2026-07-21 09:06:59,687 P2537689 INFO ----------------------------------------------------------------------------------------------------
2026-07-21 09:06:59,687 P2537689 INFO 124/300 starting... lr: 0.0009000000000000001 para:0.01
2026-07-21 09:07:05,806 P2537689 INFO Epoch 124/300, all_loss:0.18205 cls_loss:0.18205 rec_loss:0.09342 [6.12s]; best loss:0.12855, patience : 2
2026-07-21 09:07:07,730 P2537689 INFO pr:0.9541  rc:0.8892  auc:0.9870 ap:0.9671 f1: 0.9205 pred_right: 38630 pred_wrong:370 actu_right: 38603 actu_wrong: 397
2026-07-21 09:07:08,594 P2537689 INFO pr:0.9279  rc:0.7984  auc:0.9949 ap:0.9581 f1: 0.8583 pred_right: 16389 pred_wrong:111 actu_right: 16371 actu_wrong: 129
2026-07-21 09:07:08,595 P2537689 INFO ----------------------------------------------------------------------------------------------------
2026-07-21 09:07:08,602 P2537689 INFO 125/300 starting... lr: 0.0009000000000000001 para:0.01
2026-07-21 09:07:14,961 P2537689 INFO Epoch 125/300, all_loss:0.10712 cls_loss:0.10712 rec_loss:0.09584 [6.35s]; best loss:0.10712, patience : 0
2026-07-21 09:07:17,097 P2537689 INFO pr:0.9378  rc:0.9141  auc:0.9839 ap:0.9650 f1: 0.9258 pred_right: 38614 pred_wrong:386 actu_right: 38604 actu_wrong: 396
2026-07-21 09:07:17,904 P2537689 INFO pr:0.9213  rc:0.9070  auc:0.9949 ap:0.9565 f1: 0.9141 pred_right: 16373 pred_wrong:127 actu_right: 16371 actu_wrong: 129
2026-07-21 09:07:17,904 P2537689 INFO ----------------------------------------------------------------------------------------------------
2026-07-21 09:07:17,905 P2537689 INFO 126/300 starting... lr: 0.0009000000000000001 para:0.01
2026-07-21 09:07:24,128 P2537689 INFO Epoch 126/300, all_loss:0.12891 cls_loss:0.12891 rec_loss:0.09824 [6.22s]; best loss:0.10712, patience : 1
2026-07-21 09:07:26,263 P2537689 INFO pr:0.9351  rc:0.9091  auc:0.9893 ap:0.9671 f1: 0.9219 pred_right: 38615 pred_wrong:385 actu_right: 38604 actu_wrong: 396
2026-07-21 09:07:27,136 P2537689 INFO pr:0.9194  rc:0.8837  auc:0.9971 ap:0.9564 f1: 0.9012 pred_right: 16376 pred_wrong:124 actu_right: 16371 actu_wrong: 129
2026-07-21 09:07:27,137 P2537689 INFO ----------------------------------------------------------------------------------------------------
2026-07-21 09:07:27,137 P2537689 INFO 127/300 starting... lr: 0.0009000000000000001 para:0.01
2026-07-21 09:07:33,729 P2537689 INFO Epoch 127/300, all_loss:0.11270 cls_loss:0.11270 rec_loss:0.09733 [6.59s]; best loss:0.10712, patience : 1
2026-07-21 09:07:36,059 P2537689 INFO pr:0.9504  rc:0.8690  auc:0.9882 ap:0.9639 f1: 0.9079 pred_right: 38637 pred_wrong:363 actu_right: 38603 actu_wrong: 397
2026-07-21 09:07:37,044 P2537689 INFO pr:0.9286  rc:0.8062  auc:0.9965 ap:0.9561 f1: 0.8631 pred_right: 16388 pred_wrong:112 actu_right: 16371 actu_wrong: 129
2026-07-21 09:07:37,044 P2537689 INFO ----------------------------------------------------------------------------------------------------
2026-07-21 09:07:37,044 P2537689 INFO 128/300 starting... lr: 0.0009000000000000001 para:0.01
2026-07-21 09:07:43,718 P2537689 INFO Epoch 128/300, all_loss:0.16655 cls_loss:0.16655 rec_loss:0.09920 [6.67s]; best loss:0.10712, patience : 2
2026-07-21 09:07:47,018 P2537689 INFO pr:0.9328  rc:0.9093  auc:0.9900 ap:0.9651 f1: 0.9209 pred_right: 38613 pred_wrong:387 actu_right: 38603 actu_wrong: 397
2026-07-21 09:07:47,734 P2537689 INFO pr:0.9268  rc:0.8837  auc:0.9971 ap:0.9555 f1: 0.9048 pred_right: 16377 pred_wrong:123 actu_right: 16371 actu_wrong: 129
2026-07-21 09:07:47,735 P2537689 INFO ----------------------------------------------------------------------------------------------------
2026-07-21 09:07:47,735 P2537689 INFO 129/300 starting... lr: 0.0009000000000000001 para:0.01
2026-07-21 09:07:52,562 P2537689 INFO Epoch 129/300, all_loss:0.14717 cls_loss:0.14717 rec_loss:0.09272 [4.83s]; best loss:0.10712, patience : 2
2026-07-21 09:07:54,612 P2537689 INFO pr:0.9554  rc:0.8662  auc:0.9849 ap:0.9648 f1: 0.9086 pred_right: 38641 pred_wrong:359 actu_right: 38604 actu_wrong: 396
2026-07-21 09:07:55,512 P2537689 INFO pr:0.9286  rc:0.8062  auc:0.9969 ap:0.9652 f1: 0.8631 pred_right: 16388 pred_wrong:112 actu_right: 16371 actu_wrong: 129
2026-07-21 09:07:55,513 P2537689 INFO ----------------------------------------------------------------------------------------------------
2026-07-21 09:07:55,513 P2537689 INFO 130/300 starting... lr: 0.0009000000000000001 para:0.01
2026-07-21 09:08:03,456 P2537689 INFO Epoch 130/300, all_loss:0.14487 cls_loss:0.14487 rec_loss:0.09364 [7.94s]; best loss:0.10712, patience : 2
2026-07-21 09:08:07,633 P2537689 INFO pr:0.9511  rc:0.8816  auc:0.9880 ap:0.9649 f1: 0.9150 pred_right: 38632 pred_wrong:368 actu_right: 38603 actu_wrong: 397
2026-07-21 09:08:09,030 P2537689 INFO pr:0.9231  rc:0.8372  auc:0.9971 ap:0.9523 f1: 0.8780 pred_right: 16383 pred_wrong:117 actu_right: 16371 actu_wrong: 129
2026-07-21 09:08:09,031 P2537689 INFO ----------------------------------------------------------------------------------------------------
2026-07-21 09:08:09,031 P2537689 INFO 131/300 starting... lr: 0.0009000000000000001 para:0.01
2026-07-21 09:08:17,638 P2537689 INFO Epoch 131/300, all_loss:0.16685 cls_loss:0.16685 rec_loss:0.09385 [8.61s]; best loss:0.10712, patience : 3
2026-07-21 09:08:20,016 P2537689 INFO pr:0.9421  rc:0.9018  auc:0.9906 ap:0.9662 f1: 0.9215 pred_right: 38620 pred_wrong:380 actu_right: 38603 actu_wrong: 397
2026-07-21 09:08:21,033 P2537689 INFO pr:0.9187  rc:0.8760  auc:0.9971 ap:0.9483 f1: 0.8968 pred_right: 16377 pred_wrong:123 actu_right: 16371 actu_wrong: 129
2026-07-21 09:08:21,033 P2537689 INFO ----------------------------------------------------------------------------------------------------
2026-07-21 09:08:21,033 P2537689 INFO 132/300 starting... lr: 0.0009000000000000001 para:0.01
2026-07-21 09:08:27,442 P2537689 INFO Epoch 132/300, all_loss:0.13042 cls_loss:0.13042 rec_loss:0.09434 [6.41s]; best loss:0.10712, patience : 3
2026-07-21 09:08:29,409 P2537689 INFO pr:0.9587  rc:0.8766  auc:0.9870 ap:0.9668 f1: 0.9158 pred_right: 38637 pred_wrong:363 actu_right: 38603 actu_wrong: 397
2026-07-21 09:08:30,231 P2537689 INFO pr:0.9217  rc:0.8217  auc:0.9945 ap:0.9411 f1: 0.8689 pred_right: 16385 pred_wrong:115 actu_right: 16371 actu_wrong: 129
2026-07-21 09:08:30,232 P2537689 INFO ----------------------------------------------------------------------------------------------------
2026-07-21 09:08:30,232 P2537689 INFO 133/300 starting... lr: 0.0009000000000000001 para:0.01
2026-07-21 09:08:36,597 P2537689 INFO Epoch 133/300, all_loss:0.14134 cls_loss:0.14134 rec_loss:0.09225 [6.36s]; best loss:0.10712, patience : 4
2026-07-21 09:08:38,781 P2537689 INFO pr:0.9492  rc:0.8942  auc:0.9857 ap:0.9622 f1: 0.9209 pred_right: 38626 pred_wrong:374 actu_right: 38603 actu_wrong: 397
2026-07-21 09:08:39,715 P2537689 INFO pr:0.9083  rc:0.8450  auc:0.9970 ap:0.9494 f1: 0.8755 pred_right: 16380 pred_wrong:120 actu_right: 16371 actu_wrong: 129
2026-07-21 09:08:39,716 P2537689 INFO ----------------------------------------------------------------------------------------------------
2026-07-21 09:08:39,716 P2537689 INFO 134/300 starting... lr: 0.0009000000000000001 para:0.01
2026-07-21 09:08:46,010 P2537689 INFO Epoch 134/300, all_loss:0.14904 cls_loss:0.14904 rec_loss:0.09327 [6.29s]; best loss:0.10712, patience : 5
2026-07-21 09:08:48,200 P2537689 INFO pr:0.9564  rc:0.8287  auc:0.9816 ap:0.9623 f1: 0.8880 pred_right: 38656 pred_wrong:344 actu_right: 38603 actu_wrong: 397
2026-07-21 09:08:49,157 P2537689 INFO pr:0.9123  rc:0.8062  auc:0.9945 ap:0.9491 f1: 0.8560 pred_right: 16386 pred_wrong:114 actu_right: 16371 actu_wrong: 129
2026-07-21 09:08:49,157 P2537689 INFO ----------------------------------------------------------------------------------------------------
2026-07-21 09:08:49,158 P2537689 INFO 135/300 starting... lr: 0.0009000000000000001 para:0.01
2026-07-21 09:08:55,624 P2537689 INFO Epoch 135/300, all_loss:0.16353 cls_loss:0.16353 rec_loss:0.08647 [6.47s]; best loss:0.10712, patience : 6
2026-07-21 09:08:57,901 P2537689 INFO pr:0.9449  rc:0.9068  auc:0.9916 ap:0.9648 f1: 0.9254 pred_right: 38619 pred_wrong:381 actu_right: 38603 actu_wrong: 397
2026-07-21 09:08:58,715 P2537689 INFO pr:0.9187  rc:0.8760  auc:0.9967 ap:0.9502 f1: 0.8968 pred_right: 16377 pred_wrong:123 actu_right: 16371 actu_wrong: 129
2026-07-21 09:08:58,715 P2537689 INFO ----------------------------------------------------------------------------------------------------
2026-07-21 09:08:58,716 P2537689 INFO 136/300 starting... lr: 0.0009000000000000001 para:0.01
2026-07-21 09:09:04,950 P2537689 INFO Epoch 136/300, all_loss:0.14971 cls_loss:0.14971 rec_loss:0.09549 [6.23s]; best loss:0.10712, patience : 6
2026-07-21 09:09:07,083 P2537689 INFO pr:0.9507  rc:0.8763  auc:0.9935 ap:0.9647 f1: 0.9120 pred_right: 38635 pred_wrong:365 actu_right: 38604 actu_wrong: 396
2026-07-21 09:09:08,004 P2537689 INFO pr:0.9130  rc:0.8140  auc:0.9980 ap:0.9519 f1: 0.8607 pred_right: 16385 pred_wrong:115 actu_right: 16371 actu_wrong: 129
2026-07-21 09:09:08,005 P2537689 INFO ----------------------------------------------------------------------------------------------------
2026-07-21 09:09:08,005 P2537689 INFO 137/300 starting... lr: 0.0009000000000000001 para:0.01
2026-07-21 09:09:14,517 P2537689 INFO Epoch 137/300, all_loss:0.17260 cls_loss:0.17260 rec_loss:0.07810 [6.51s]; best loss:0.10712, patience : 7
2026-07-21 09:09:16,682 P2537689 INFO pr:0.9284  rc:0.9144  auc:0.9914 ap:0.9671 f1: 0.9213 pred_right: 38609 pred_wrong:391 actu_right: 38603 actu_wrong: 397
2026-07-21 09:09:17,585 P2537689 INFO pr:0.9147  rc:0.9147  auc:0.9972 ap:0.9594 f1: 0.9147 pred_right: 16371 pred_wrong:129 actu_right: 16371 actu_wrong: 129
2026-07-21 09:09:17,586 P2537689 INFO ----------------------------------------------------------------------------------------------------
2026-07-21 09:09:17,586 P2537689 INFO 138/300 starting... lr: 0.0009000000000000001 para:0.01
2026-07-21 09:09:25,004 P2537689 INFO Epoch 138/300, all_loss:0.17504 cls_loss:0.17504 rec_loss:0.08105 [7.42s]; best loss:0.10712, patience : 8
2026-07-21 09:09:26,603 P2537689 INFO pr:0.9441  rc:0.8965  auc:0.9918 ap:0.9657 f1: 0.9197 pred_right: 38624 pred_wrong:376 actu_right: 38604 actu_wrong: 396
2026-07-21 09:09:27,262 P2537689 INFO pr:0.9153  rc:0.8372  auc:0.9992 ap:0.9521 f1: 0.8745 pred_right: 16382 pred_wrong:118 actu_right: 16371 actu_wrong: 129
2026-07-21 09:09:27,262 P2537689 INFO ----------------------------------------------------------------------------------------------------
2026-07-21 09:09:27,262 P2537689 INFO 139/300 starting... lr: 0.0009000000000000001 para:0.01
2026-07-21 09:09:32,765 P2537689 INFO Epoch 139/300, all_loss:0.12469 cls_loss:0.12469 rec_loss:0.08715 [5.50s]; best loss:0.10712, patience : 8
2026-07-21 09:09:34,686 P2537689 INFO pr:0.9349  rc:0.9043  auc:0.9929 ap:0.9614 f1: 0.9193 pred_right: 38616 pred_wrong:384 actu_right: 38603 actu_wrong: 397
2026-07-21 09:09:35,468 P2537689 INFO pr:0.9083  rc:0.8450  auc:0.9996 ap:0.9540 f1: 0.8755 pred_right: 16380 pred_wrong:120 actu_right: 16371 actu_wrong: 129
2026-07-21 09:09:35,468 P2537689 INFO ----------------------------------------------------------------------------------------------------
2026-07-21 09:09:35,468 P2537689 INFO 140/300 starting... lr: 0.0009000000000000001 para:0.01
2026-07-21 09:09:49,239 P2537689 INFO Epoch 140/300, all_loss:0.11543 cls_loss:0.11543 rec_loss:0.08872 [13.77s]; best loss:0.10712, patience : 8
2026-07-21 09:09:51,792 P2537689 INFO pr:0.9443  rc:0.8967  auc:0.9888 ap:0.9658 f1: 0.9199 pred_right: 38623 pred_wrong:377 actu_right: 38603 actu_wrong: 397
2026-07-21 09:09:52,787 P2537689 INFO pr:0.9231  rc:0.8372  auc:0.9972 ap:0.9519 f1: 0.8780 pred_right: 16383 pred_wrong:117 actu_right: 16371 actu_wrong: 129
2026-07-21 09:09:52,787 P2537689 INFO ----------------------------------------------------------------------------------------------------
2026-07-21 09:09:52,787 P2537689 INFO 141/300 starting... lr: 0.0009000000000000001 para:0.01
2026-07-21 09:09:59,224 P2537689 INFO Epoch 141/300, all_loss:0.11932 cls_loss:0.11932 rec_loss:0.08873 [6.44s]; best loss:0.10712, patience : 9
2026-07-21 09:10:01,429 P2537689 INFO pr:0.9330  rc:0.9118  auc:0.9898 ap:0.9636 f1: 0.9223 pred_right: 38612 pred_wrong:388 actu_right: 38603 actu_wrong: 397
2026-07-21 09:10:02,286 P2537689 INFO pr:0.9127  rc:0.8915  auc:0.9993 ap:0.9542 f1: 0.9020 pred_right: 16374 pred_wrong:126 actu_right: 16371 actu_wrong: 129
2026-07-21 09:10:02,286 P2537689 INFO ----------------------------------------------------------------------------------------------------
2026-07-21 09:10:02,286 P2537689 INFO 142/300 starting... lr: 0.0009000000000000001 para:0.01
2026-07-21 09:10:08,551 P2537689 INFO Epoch 142/300, all_loss:0.14678 cls_loss:0.14678 rec_loss:0.08707 [6.26s]; best loss:0.10712, patience : 10
2026-07-21 09:10:10,527 P2537689 INFO pr:0.9264  rc:0.9194  auc:0.9891 ap:0.9641 f1: 0.9229 pred_right: 38606 pred_wrong:394 actu_right: 38603 actu_wrong: 397
2026-07-21 09:10:11,397 P2537689 INFO pr:0.9084  rc:0.9225  auc:0.9992 ap:0.9458 f1: 0.9154 pred_right: 16369 pred_wrong:131 actu_right: 16371 actu_wrong: 129
2026-07-21 09:10:11,398 P2537689 INFO ----------------------------------------------------------------------------------------------------
2026-07-21 09:10:11,398 P2537689 INFO 143/300 starting... lr: 0.0009000000000000001 para:0.01
2026-07-21 09:10:17,878 P2537689 INFO Epoch 143/300, all_loss:0.14191 cls_loss:0.14191 rec_loss:0.07503 [6.48s]; best loss:0.10712, patience : 10
2026-07-21 09:10:20,210 P2537689 INFO pr:0.9315  rc:0.9244  auc:0.9916 ap:0.9657 f1: 0.9279 pred_right: 38606 pred_wrong:394 actu_right: 38603 actu_wrong: 397
2026-07-21 09:10:21,140 P2537689 INFO pr:0.9008  rc:0.9147  auc:0.9991 ap:0.9492 f1: 0.9077 pred_right: 16369 pred_wrong:131 actu_right: 16371 actu_wrong: 129
2026-07-21 09:10:21,145 P2537689 INFO ----------------------------------------------------------------------------------------------------
2026-07-21 09:10:21,145 P2537689 INFO 144/300 starting... lr: 0.0009000000000000001 para:0.01
2026-07-21 09:10:27,494 P2537689 INFO Epoch 144/300, all_loss:0.16357 cls_loss:0.16357 rec_loss:0.08434 [6.35s]; best loss:0.10712, patience : 11
2026-07-21 09:10:29,673 P2537689 INFO pr:0.9346  rc:0.9015  auc:0.9904 ap:0.9656 f1: 0.9177 pred_right: 38618 pred_wrong:382 actu_right: 38604 actu_wrong: 396
2026-07-21 09:10:30,632 P2537689 INFO pr:0.9113  rc:0.8760  auc:0.9992 ap:0.9503 f1: 0.8933 pred_right: 16376 pred_wrong:124 actu_right: 16371 actu_wrong: 129
2026-07-21 09:10:30,633 P2537689 INFO ----------------------------------------------------------------------------------------------------
2026-07-21 09:10:30,633 P2537689 INFO 145/300 starting... lr: 0.0009000000000000001 para:0.01
2026-07-21 09:10:37,097 P2537689 INFO Epoch 145/300, all_loss:0.09977 cls_loss:0.09977 rec_loss:0.08290 [6.46s]; best loss:0.09977, patience : 0
2026-07-21 09:10:39,201 P2537689 INFO pr:0.9399  rc:0.9091  auc:0.9892 ap:0.9637 f1: 0.9243 pred_right: 38617 pred_wrong:383 actu_right: 38604 actu_wrong: 396
2026-07-21 09:10:40,041 P2537689 INFO pr:0.9120  rc:0.8837  auc:0.9972 ap:0.9443 f1: 0.8976 pred_right: 16375 pred_wrong:125 actu_right: 16371 actu_wrong: 129
2026-07-21 09:10:40,041 P2537689 INFO ----------------------------------------------------------------------------------------------------
2026-07-21 09:10:40,048 P2537689 INFO 146/300 starting... lr: 0.0009000000000000001 para:0.01
2026-07-21 09:10:46,574 P2537689 INFO Epoch 146/300, all_loss:0.11344 cls_loss:0.11344 rec_loss:0.08692 [6.52s]; best loss:0.09977, patience : 1
2026-07-21 09:10:48,890 P2537689 INFO pr:0.9500  rc:0.9093  auc:0.9862 ap:0.9642 f1: 0.9292 pred_right: 38620 pred_wrong:380 actu_right: 38603 actu_wrong: 397
2026-07-21 09:10:49,860 P2537689 INFO pr:0.9194  rc:0.8837  auc:0.9954 ap:0.9477 f1: 0.9012 pred_right: 16376 pred_wrong:124 actu_right: 16371 actu_wrong: 129
2026-07-21 09:10:49,866 P2537689 INFO ----------------------------------------------------------------------------------------------------
2026-07-21 09:10:49,866 P2537689 INFO 147/300 starting... lr: 0.0009000000000000001 para:0.01
2026-07-21 09:10:57,506 P2537689 INFO Epoch 147/300, all_loss:0.10691 cls_loss:0.10691 rec_loss:0.08960 [7.64s]; best loss:0.09977, patience : 1
2026-07-21 09:10:59,183 P2537689 INFO pr:0.9472  rc:0.9043  auc:0.9876 ap:0.9655 f1: 0.9253 pred_right: 38621 pred_wrong:379 actu_right: 38603 actu_wrong: 397
2026-07-21 09:10:59,855 P2537689 INFO pr:0.9127  rc:0.8915  auc:0.9974 ap:0.9456 f1: 0.9020 pred_right: 16374 pred_wrong:126 actu_right: 16371 actu_wrong: 129
2026-07-21 09:10:59,856 P2537689 INFO ----------------------------------------------------------------------------------------------------
2026-07-21 09:10:59,856 P2537689 INFO 148/300 starting... lr: 0.0009000000000000001 para:0.01
2026-07-21 09:11:05,180 P2537689 INFO Epoch 148/300, all_loss:0.14328 cls_loss:0.14328 rec_loss:0.08754 [5.32s]; best loss:0.09977, patience : 2
2026-07-21 09:11:07,228 P2537689 INFO pr:0.9544  rc:0.8967  auc:0.9897 ap:0.9632 f1: 0.9247 pred_right: 38627 pred_wrong:373 actu_right: 38603 actu_wrong: 397
2026-07-21 09:11:08,038 P2537689 INFO pr:0.9091  rc:0.8527  auc:0.9968 ap:0.9525 f1: 0.8800 pred_right: 16379 pred_wrong:121 actu_right: 16371 actu_wrong: 129
2026-07-21 09:11:08,038 P2537689 INFO ----------------------------------------------------------------------------------------------------
2026-07-21 09:11:08,038 P2537689 INFO 149/300 starting... lr: 0.0009000000000000001 para:0.01
2026-07-21 09:11:17,702 P2537689 INFO Epoch 149/300, all_loss:0.12587 cls_loss:0.12587 rec_loss:0.08546 [9.66s]; best loss:0.09977, patience : 2
2026-07-21 09:11:21,317 P2537689 INFO pr:0.9393  rc:0.8967  auc:0.9866 ap:0.9627 f1: 0.9175 pred_right: 38621 pred_wrong:379 actu_right: 38603 actu_wrong: 397
2026-07-21 09:11:23,005 P2537689 INFO pr:0.9250  rc:0.8605  auc:0.9995 ap:0.9503 f1: 0.8916 pred_right: 16380 pred_wrong:120 actu_right: 16371 actu_wrong: 129
2026-07-21 09:11:23,006 P2537689 INFO ----------------------------------------------------------------------------------------------------
2026-07-21 09:11:23,006 P2537689 INFO 150/300 starting... lr: 0.0009000000000000001 para:0.01
2026-07-21 09:11:30,130 P2537689 INFO Epoch 150/300, all_loss:0.12884 cls_loss:0.12884 rec_loss:0.08952 [7.12s]; best loss:0.09977, patience : 3
2026-07-21 09:11:32,401 P2537689 INFO pr:0.9332  rc:0.9167  auc:0.9897 ap:0.9627 f1: 0.9248 pred_right: 38611 pred_wrong:389 actu_right: 38604 actu_wrong: 396
2026-07-21 09:11:33,313 P2537689 INFO pr:0.9213  rc:0.9070  auc:0.9970 ap:0.9462 f1: 0.9141 pred_right: 16373 pred_wrong:127 actu_right: 16371 actu_wrong: 129
2026-07-21 09:11:33,314 P2537689 INFO ----------------------------------------------------------------------------------------------------
2026-07-21 09:11:33,314 P2537689 INFO 151/300 starting... lr: 0.0009000000000000001 para:0.01
2026-07-21 09:11:39,714 P2537689 INFO Epoch 151/300, all_loss:0.11540 cls_loss:0.11540 rec_loss:0.08505 [6.40s]; best loss:0.09977, patience : 3
2026-07-21 09:11:41,850 P2537689 INFO pr:0.9453  rc:0.9167  auc:0.9888 ap:0.9633 f1: 0.9308 pred_right: 38616 pred_wrong:384 actu_right: 38604 actu_wrong: 396
2026-07-21 09:11:42,727 P2537689 INFO pr:0.9274  rc:0.8915  auc:0.9948 ap:0.9439 f1: 0.9091 pred_right: 16376 pred_wrong:124 actu_right: 16371 actu_wrong: 129
2026-07-21 09:11:42,732 P2537689 INFO ----------------------------------------------------------------------------------------------------
2026-07-21 09:11:42,732 P2537689 INFO 152/300 starting... lr: 0.0009000000000000001 para:0.01
2026-07-21 09:11:48,987 P2537689 INFO Epoch 152/300, all_loss:0.18551 cls_loss:0.18551 rec_loss:0.08718 [6.25s]; best loss:0.09977, patience : 4
2026-07-21 09:11:51,107 P2537689 INFO pr:0.9378  rc:0.9141  auc:0.9883 ap:0.9650 f1: 0.9258 pred_right: 38614 pred_wrong:386 actu_right: 38604 actu_wrong: 396
2026-07-21 09:11:51,970 P2537689 INFO pr:0.9206  rc:0.8992  auc:0.9949 ap:0.9498 f1: 0.9098 pred_right: 16374 pred_wrong:126 actu_right: 16371 actu_wrong: 129
2026-07-21 09:11:51,970 P2537689 INFO ----------------------------------------------------------------------------------------------------
2026-07-21 09:11:51,977 P2537689 INFO 153/300 starting... lr: 0.0009000000000000001 para:0.01
2026-07-21 09:11:58,496 P2537689 INFO Epoch 153/300, all_loss:0.20247 cls_loss:0.20247 rec_loss:0.08142 [6.52s]; best loss:0.09977, patience : 5
2026-07-21 09:12:00,707 P2537689 INFO pr:0.9468  rc:0.8967  auc:0.9841 ap:0.9645 f1: 0.9211 pred_right: 38624 pred_wrong:376 actu_right: 38603 actu_wrong: 397
2026-07-21 09:12:01,525 P2537689 INFO pr:0.9160  rc:0.8450  auc:0.9950 ap:0.9483 f1: 0.8790 pred_right: 16381 pred_wrong:119 actu_right: 16371 actu_wrong: 129
2026-07-21 09:12:01,526 P2537689 INFO ----------------------------------------------------------------------------------------------------
2026-07-21 09:12:01,526 P2537689 INFO 154/300 starting... lr: 0.0009000000000000001 para:0.01
2026-07-21 09:12:07,991 P2537689 INFO Epoch 154/300, all_loss:0.14227 cls_loss:0.14227 rec_loss:0.08696 [6.46s]; best loss:0.09977, patience : 5
2026-07-21 09:12:10,157 P2537689 INFO pr:0.9235  rc:0.9141  auc:0.9899 ap:0.9654 f1: 0.9188 pred_right: 38608 pred_wrong:392 actu_right: 38604 actu_wrong: 396
2026-07-21 09:12:11,061 P2537689 INFO pr:0.9200  rc:0.8915  auc:0.9994 ap:0.9505 f1: 0.9055 pred_right: 16375 pred_wrong:125 actu_right: 16371 actu_wrong: 129
2026-07-21 09:12:11,061 P2537689 INFO ----------------------------------------------------------------------------------------------------
2026-07-21 09:12:11,062 P2537689 INFO 155/300 starting... lr: 0.0009000000000000001 para:0.01
2026-07-21 09:12:17,326 P2537689 INFO Epoch 155/300, all_loss:0.10606 cls_loss:0.10606 rec_loss:0.08648 [6.26s]; best loss:0.09977, patience : 5
2026-07-21 09:12:19,533 P2537689 INFO pr:0.9499  rc:0.9068  auc:0.9900 ap:0.9654 f1: 0.9278 pred_right: 38621 pred_wrong:379 actu_right: 38603 actu_wrong: 397
2026-07-21 09:12:20,504 P2537689 INFO pr:0.9167  rc:0.8527  auc:0.9990 ap:0.9457 f1: 0.8835 pred_right: 16380 pred_wrong:120 actu_right: 16371 actu_wrong: 129
2026-07-21 09:12:20,504 P2537689 INFO ----------------------------------------------------------------------------------------------------
2026-07-21 09:12:20,505 P2537689 INFO 156/300 starting... lr: 0.0009000000000000001 para:0.01
2026-07-21 09:12:26,845 P2537689 INFO Epoch 156/300, all_loss:0.10701 cls_loss:0.10701 rec_loss:0.09441 [6.34s]; best loss:0.09977, patience : 6
2026-07-21 09:12:29,116 P2537689 INFO pr:0.9196  rc:0.9219  auc:0.9870 ap:0.9605 f1: 0.9208 pred_right: 38602 pred_wrong:398 actu_right: 38603 actu_wrong: 397
2026-07-21 09:12:30,012 P2537689 INFO pr:0.9124  rc:0.9690  auc:0.9995 ap:0.9495 f1: 0.9398 pred_right: 16363 pred_wrong:137 actu_right: 16371 actu_wrong: 129
2026-07-21 09:12:30,013 P2537689 INFO ----------------------------------------------------------------------------------------------------
2026-07-21 09:12:30,013 P2537689 INFO 157/300 starting... lr: 0.0009000000000000001 para:0.01
2026-07-21 09:12:36,743 P2537689 INFO Epoch 157/300, all_loss:0.12257 cls_loss:0.12257 rec_loss:0.09978 [6.73s]; best loss:0.09977, patience : 7
2026-07-21 09:12:38,279 P2537689 INFO pr:0.9309  rc:0.9169  auc:0.9901 ap:0.9631 f1: 0.9239 pred_right: 38609 pred_wrong:391 actu_right: 38603 actu_wrong: 397
2026-07-21 09:12:39,015 P2537689 INFO pr:0.8947  rc:0.9225  auc:0.9968 ap:0.9435 f1: 0.9084 pred_right: 16367 pred_wrong:133 actu_right: 16371 actu_wrong: 129
2026-07-21 09:12:39,016 P2537689 INFO ----------------------------------------------------------------------------------------------------
2026-07-21 09:12:39,016 P2537689 INFO 158/300 starting... lr: 0.0009000000000000001 para:0.01
2026-07-21 09:12:44,998 P2537689 INFO Epoch 158/300, all_loss:0.12207 cls_loss:0.12207 rec_loss:0.09514 [5.98s]; best loss:0.09977, patience : 7
2026-07-21 09:12:47,983 P2537689 INFO pr:0.9475  rc:0.9093  auc:0.9909 ap:0.9649 f1: 0.9280 pred_right: 38619 pred_wrong:381 actu_right: 38603 actu_wrong: 397
2026-07-21 09:12:49,757 P2537689 INFO pr:0.9062  rc:0.8992  auc:0.9969 ap:0.9431 f1: 0.9027 pred_right: 16372 pred_wrong:128 actu_right: 16371 actu_wrong: 129
2026-07-21 09:12:49,758 P2537689 INFO ----------------------------------------------------------------------------------------------------
2026-07-21 09:12:49,758 P2537689 INFO 159/300 starting... lr: 0.0009000000000000001 para:0.01
2026-07-21 09:13:01,268 P2537689 INFO Epoch 159/300, all_loss:0.11471 cls_loss:0.11471 rec_loss:0.08602 [11.51s]; best loss:0.09977, patience : 7
2026-07-21 09:13:03,539 P2537689 INFO pr:0.9571  rc:0.9015  auc:0.9876 ap:0.9665 f1: 0.9285 pred_right: 38627 pred_wrong:373 actu_right: 38604 actu_wrong: 396
2026-07-21 09:13:04,386 P2537689 INFO pr:0.9068  rc:0.8295  auc:0.9954 ap:0.9498 f1: 0.8664 pred_right: 16382 pred_wrong:118 actu_right: 16371 actu_wrong: 129
2026-07-21 09:13:04,387 P2537689 INFO ----------------------------------------------------------------------------------------------------
2026-07-21 09:13:04,387 P2537689 INFO 160/300 starting... lr: 0.0009000000000000001 para:0.01
2026-07-21 09:13:10,869 P2537689 INFO Epoch 160/300, all_loss:0.17441 cls_loss:0.17441 rec_loss:0.08983 [6.48s]; best loss:0.09977, patience : 8
2026-07-21 09:13:12,931 P2537689 INFO pr:0.9456  rc:0.9194  auc:0.9869 ap:0.9651 f1: 0.9323 pred_right: 38614 pred_wrong:386 actu_right: 38603 actu_wrong: 397
2026-07-21 09:13:13,872 P2537689 INFO pr:0.9194  rc:0.8837  auc:0.9954 ap:0.9470 f1: 0.9012 pred_right: 16376 pred_wrong:124 actu_right: 16371 actu_wrong: 129
2026-07-21 09:13:13,877 P2537689 INFO ----------------------------------------------------------------------------------------------------
2026-07-21 09:13:13,877 P2537689 INFO 161/300 starting... lr: 0.0009000000000000001 para:0.01
2026-07-21 09:13:20,252 P2537689 INFO Epoch 161/300, all_loss:0.10905 cls_loss:0.10905 rec_loss:0.09498 [6.37s]; best loss:0.09977, patience : 8
2026-07-21 09:13:22,492 P2537689 INFO pr:0.9333  rc:0.9169  auc:0.9904 ap:0.9652 f1: 0.9250 pred_right: 38610 pred_wrong:390 actu_right: 38603 actu_wrong: 397
2026-07-21 09:13:23,420 P2537689 INFO pr:0.9160  rc:0.9302  auc:0.9970 ap:0.9422 f1: 0.9231 pred_right: 16369 pred_wrong:131 actu_right: 16371 actu_wrong: 129
2026-07-21 09:13:23,420 P2537689 INFO ----------------------------------------------------------------------------------------------------
2026-07-21 09:13:23,420 P2537689 INFO 162/300 starting... lr: 0.0009000000000000001 para:0.01
2026-07-21 09:13:29,795 P2537689 INFO Epoch 162/300, all_loss:0.13686 cls_loss:0.13686 rec_loss:0.09075 [6.37s]; best loss:0.09977, patience : 9
2026-07-21 09:13:31,936 P2537689 INFO pr:0.9617  rc:0.8866  auc:0.9866 ap:0.9669 f1: 0.9227 pred_right: 38634 pred_wrong:366 actu_right: 38603 actu_wrong: 397
2026-07-21 09:13:32,831 P2537689 INFO pr:0.9145  rc:0.8295  auc:0.9950 ap:0.9466 f1: 0.8699 pred_right: 16383 pred_wrong:117 actu_right: 16371 actu_wrong: 129
2026-07-21 09:13:32,831 P2537689 INFO ----------------------------------------------------------------------------------------------------
2026-07-21 09:13:32,831 P2537689 INFO 163/300 starting... lr: 0.0009000000000000001 para:0.01
2026-07-21 09:13:39,152 P2537689 INFO Epoch 163/300, all_loss:0.10989 cls_loss:0.10989 rec_loss:0.08679 [6.32s]; best loss:0.09977, patience : 9
2026-07-21 09:13:41,274 P2537689 INFO pr:0.9127  rc:0.9242  auc:0.9882 ap:0.9656 f1: 0.9184 pred_right: 38599 pred_wrong:401 actu_right: 38604 actu_wrong: 396
2026-07-21 09:13:42,180 P2537689 INFO pr:0.8921  rc:0.9612  auc:0.9993 ap:0.9459 f1: 0.9254 pred_right: 16361 pred_wrong:139 actu_right: 16371 actu_wrong: 129
2026-07-21 09:13:42,180 P2537689 INFO ----------------------------------------------------------------------------------------------------
2026-07-21 09:13:42,181 P2537689 INFO 164/300 starting... lr: 0.0009000000000000001 para:0.01
2026-07-21 09:13:48,683 P2537689 INFO Epoch 164/300, all_loss:0.11374 cls_loss:0.11374 rec_loss:0.08498 [6.50s]; best loss:0.09977, patience : 10
2026-07-21 09:13:50,773 P2537689 INFO pr:0.9386  rc:0.9244  auc:0.9893 ap:0.9658 f1: 0.9315 pred_right: 38609 pred_wrong:391 actu_right: 38603 actu_wrong: 397
2026-07-21 09:13:51,609 P2537689 INFO pr:0.9147  rc:0.9147  auc:0.9993 ap:0.9468 f1: 0.9147 pred_right: 16371 pred_wrong:129 actu_right: 16371 actu_wrong: 129
2026-07-21 09:13:51,609 P2537689 INFO ----------------------------------------------------------------------------------------------------
2026-07-21 09:13:51,610 P2537689 INFO 165/300 starting... lr: 0.0009000000000000001 para:0.01
2026-07-21 09:13:58,015 P2537689 INFO Epoch 165/300, all_loss:0.10970 cls_loss:0.10970 rec_loss:0.08560 [6.41s]; best loss:0.09977, patience : 10
2026-07-21 09:14:00,293 P2537689 INFO pr:0.9289  rc:0.9242  auc:0.9875 ap:0.9657 f1: 0.9266 pred_right: 38606 pred_wrong:394 actu_right: 38604 actu_wrong: 396
2026-07-21 09:14:01,260 P2537689 INFO pr:0.9167  rc:0.9380  auc:0.9972 ap:0.9451 f1: 0.9272 pred_right: 16368 pred_wrong:132 actu_right: 16371 actu_wrong: 129
2026-07-21 09:14:01,261 P2537689 INFO ----------------------------------------------------------------------------------------------------
2026-07-21 09:14:01,261 P2537689 INFO 166/300 starting... lr: 0.0009000000000000001 para:0.01
2026-07-21 09:14:08,844 P2537689 INFO Epoch 166/300, all_loss:0.13708 cls_loss:0.13708 rec_loss:0.08817 [7.58s]; best loss:0.09977, patience : 11
2026-07-21 09:14:10,376 P2537689 INFO pr:0.9500  rc:0.9093  auc:0.9885 ap:0.9688 f1: 0.9292 pred_right: 38620 pred_wrong:380 actu_right: 38603 actu_wrong: 397
2026-07-21 09:14:11,049 P2537689 INFO pr:0.9091  rc:0.8527  auc:0.9951 ap:0.9475 f1: 0.8800 pred_right: 16379 pred_wrong:121 actu_right: 16371 actu_wrong: 129
2026-07-21 09:14:11,049 P2537689 INFO ----------------------------------------------------------------------------------------------------
2026-07-21 09:14:11,049 P2537689 INFO 167/300 starting... lr: 0.0009000000000000001 para:0.01
2026-07-21 09:14:16,572 P2537689 INFO Epoch 167/300, all_loss:0.11019 cls_loss:0.11019 rec_loss:0.08441 [5.52s]; best loss:0.09977, patience : 11
2026-07-21 09:14:18,533 P2537689 INFO pr:0.9551  rc:0.9118  auc:0.9866 ap:0.9703 f1: 0.9330 pred_right: 38621 pred_wrong:379 actu_right: 38603 actu_wrong: 397
2026-07-21 09:14:19,345 P2537689 INFO pr:0.9194  rc:0.8837  auc:0.9952 ap:0.9424 f1: 0.9012 pred_right: 16376 pred_wrong:124 actu_right: 16371 actu_wrong: 129
2026-07-21 09:14:19,351 P2537689 INFO ----------------------------------------------------------------------------------------------------
2026-07-21 09:14:19,351 P2537689 INFO 168/300 starting... lr: 0.0009000000000000001 para:0.01
2026-07-21 09:14:32,597 P2537689 INFO Epoch 168/300, all_loss:0.14666 cls_loss:0.14666 rec_loss:0.08044 [13.25s]; best loss:0.09977, patience : 12
2026-07-21 09:14:35,106 P2537689 INFO pr:0.9432  rc:0.9194  auc:0.9873 ap:0.9689 f1: 0.9311 pred_right: 38613 pred_wrong:387 actu_right: 38603 actu_wrong: 397
2026-07-21 09:14:36,092 P2537689 INFO pr:0.9231  rc:0.9302  auc:0.9951 ap:0.9447 f1: 0.9266 pred_right: 16370 pred_wrong:130 actu_right: 16371 actu_wrong: 129
2026-07-21 09:14:36,093 P2537689 INFO ----------------------------------------------------------------------------------------------------
2026-07-21 09:14:36,093 P2537689 INFO 169/300 starting... lr: 0.0009000000000000001 para:0.01
2026-07-21 09:14:42,875 P2537689 INFO Epoch 169/300, all_loss:0.09280 cls_loss:0.09280 rec_loss:0.08171 [6.78s]; best loss:0.09280, patience : 0
2026-07-21 09:14:45,012 P2537689 INFO pr:0.8976  rc:0.9270  auc:0.9905 ap:0.9664 f1: 0.9120 pred_right: 38590 pred_wrong:410 actu_right: 38603 actu_wrong: 397
2026-07-21 09:14:45,958 P2537689 INFO pr:0.8786  rc:0.9535  auc:0.9990 ap:0.9441 f1: 0.9145 pred_right: 16360 pred_wrong:140 actu_right: 16371 actu_wrong: 129
2026-07-21 09:14:45,959 P2537689 INFO ----------------------------------------------------------------------------------------------------
2026-07-21 09:14:45,959 P2537689 INFO 170/300 starting... lr: 0.0009000000000000001 para:0.01
2026-07-21 09:14:52,329 P2537689 INFO Epoch 170/300, all_loss:0.14292 cls_loss:0.14292 rec_loss:0.07789 [6.37s]; best loss:0.09280, patience : 1
2026-07-21 09:14:54,503 P2537689 INFO pr:0.9545  rc:0.8992  auc:0.9853 ap:0.9680 f1: 0.9261 pred_right: 38626 pred_wrong:374 actu_right: 38603 actu_wrong: 397
2026-07-21 09:14:55,316 P2537689 INFO pr:0.9180  rc:0.8682  auc:0.9947 ap:0.9576 f1: 0.8924 pred_right: 16378 pred_wrong:122 actu_right: 16371 actu_wrong: 129
2026-07-21 09:14:55,317 P2537689 INFO ----------------------------------------------------------------------------------------------------
2026-07-21 09:14:55,317 P2537689 INFO 171/300 starting... lr: 0.0009000000000000001 para:0.01
2026-07-21 09:15:01,751 P2537689 INFO Epoch 171/300, all_loss:0.14700 cls_loss:0.14700 rec_loss:0.07951 [6.43s]; best loss:0.09280, patience : 2
2026-07-21 09:15:04,028 P2537689 INFO pr:0.9452  rc:0.9118  auc:0.9881 ap:0.9668 f1: 0.9282 pred_right: 38617 pred_wrong:383 actu_right: 38603 actu_wrong: 397
2026-07-21 09:15:04,939 P2537689 INFO pr:0.9225  rc:0.9225  auc:0.9950 ap:0.9538 f1: 0.9225 pred_right: 16371 pred_wrong:129 actu_right: 16371 actu_wrong: 129
2026-07-21 09:15:04,940 P2537689 INFO ----------------------------------------------------------------------------------------------------
2026-07-21 09:15:04,940 P2537689 INFO 172/300 starting... lr: 0.0009000000000000001 para:0.01
2026-07-21 09:15:11,354 P2537689 INFO Epoch 172/300, all_loss:0.10040 cls_loss:0.10040 rec_loss:0.08492 [6.41s]; best loss:0.09280, patience : 2
2026-07-21 09:15:13,569 P2537689 INFO pr:0.9109  rc:0.9270  auc:0.9905 ap:0.9647 f1: 0.9189 pred_right: 38596 pred_wrong:404 actu_right: 38603 actu_wrong: 397
2026-07-21 09:15:14,536 P2537689 INFO pr:0.9044  rc:0.9535  auc:0.9990 ap:0.9474 f1: 0.9283 pred_right: 16364 pred_wrong:136 actu_right: 16371 actu_wrong: 129
2026-07-21 09:15:14,536 P2537689 INFO ----------------------------------------------------------------------------------------------------
2026-07-21 09:15:14,536 P2537689 INFO 173/300 starting... lr: 0.0009000000000000001 para:0.01
2026-07-21 09:15:21,075 P2537689 INFO Epoch 173/300, all_loss:0.11559 cls_loss:0.11559 rec_loss:0.08053 [6.54s]; best loss:0.09280, patience : 3
2026-07-21 09:15:23,216 P2537689 INFO pr:0.9237  rc:0.9144  auc:0.9868 ap:0.9638 f1: 0.9190 pred_right: 38607 pred_wrong:393 actu_right: 38603 actu_wrong: 397
2026-07-21 09:15:23,995 P2537689 INFO pr:0.9154  rc:0.9225  auc:0.9948 ap:0.9459 f1: 0.9189 pred_right: 16370 pred_wrong:130 actu_right: 16371 actu_wrong: 129
2026-07-21 09:15:23,996 P2537689 INFO ----------------------------------------------------------------------------------------------------
2026-07-21 09:15:23,996 P2537689 INFO 174/300 starting... lr: 0.0009000000000000001 para:0.01
2026-07-21 09:15:30,469 P2537689 INFO Epoch 174/300, all_loss:0.11207 cls_loss:0.11207 rec_loss:0.09187 [6.47s]; best loss:0.09280, patience : 3
2026-07-21 09:15:32,506 P2537689 INFO pr:0.9489  rc:0.8914  auc:0.9870 ap:0.9659 f1: 0.9193 pred_right: 38628 pred_wrong:372 actu_right: 38604 actu_wrong: 396
2026-07-21 09:15:33,440 P2537689 INFO pr:0.9160  rc:0.8450  auc:0.9946 ap:0.9429 f1: 0.8790 pred_right: 16381 pred_wrong:119 actu_right: 16371 actu_wrong: 129
2026-07-21 09:15:33,441 P2537689 INFO ----------------------------------------------------------------------------------------------------
2026-07-21 09:15:33,441 P2537689 INFO 175/300 starting... lr: 0.0009000000000000001 para:0.01
2026-07-21 09:15:40,157 P2537689 INFO Epoch 175/300, all_loss:0.11628 cls_loss:0.11628 rec_loss:0.09095 [6.72s]; best loss:0.09280, patience : 4
2026-07-21 09:15:42,850 P2537689 INFO pr:0.9455  rc:0.9169  auc:0.9867 ap:0.9645 f1: 0.9309 pred_right: 38615 pred_wrong:385 actu_right: 38603 actu_wrong: 397
2026-07-21 09:15:43,569 P2537689 INFO pr:0.9154  rc:0.9225  auc:0.9947 ap:0.9437 f1: 0.9189 pred_right: 16370 pred_wrong:130 actu_right: 16371 actu_wrong: 129
2026-07-21 09:15:43,569 P2537689 INFO ----------------------------------------------------------------------------------------------------
2026-07-21 09:15:43,569 P2537689 INFO 176/300 starting... lr: 0.0009000000000000001 para:0.01
2026-07-21 09:15:48,641 P2537689 INFO Epoch 176/300, all_loss:0.09261 cls_loss:0.09261 rec_loss:0.08600 [5.07s]; best loss:0.09261, patience : 0
2026-07-21 09:15:50,509 P2537689 INFO pr:0.9432  rc:0.9194  auc:0.9896 ap:0.9674 f1: 0.9311 pred_right: 38613 pred_wrong:387 actu_right: 38603 actu_wrong: 397
2026-07-21 09:15:51,271 P2537689 INFO pr:0.9237  rc:0.9380  auc:0.9966 ap:0.9499 f1: 0.9308 pred_right: 16369 pred_wrong:131 actu_right: 16371 actu_wrong: 129
2026-07-21 09:15:51,272 P2537689 INFO ----------------------------------------------------------------------------------------------------
2026-07-21 09:15:51,272 P2537689 INFO 177/300 starting... lr: 0.0009000000000000001 para:0.01
2026-07-21 09:16:00,446 P2537689 INFO Epoch 177/300, all_loss:0.10616 cls_loss:0.10616 rec_loss:0.08699 [9.17s]; best loss:0.09261, patience : 1
2026-07-21 09:16:04,584 P2537689 INFO pr:0.9570  rc:0.8967  auc:0.9857 ap:0.9672 f1: 0.9259 pred_right: 38628 pred_wrong:372 actu_right: 38603 actu_wrong: 397
2026-07-21 09:16:06,425 P2537689 INFO pr:0.9187  rc:0.8760  auc:0.9927 ap:0.9514 f1: 0.8968 pred_right: 16377 pred_wrong:123 actu_right: 16371 actu_wrong: 129
2026-07-21 09:16:06,427 P2537689 INFO ----------------------------------------------------------------------------------------------------
2026-07-21 09:16:06,427 P2537689 INFO 178/300 starting... lr: 0.0009000000000000001 para:0.01
2026-07-21 09:16:14,343 P2537689 INFO Epoch 178/300, all_loss:0.09810 cls_loss:0.09810 rec_loss:0.09213 [7.91s]; best loss:0.09261, patience : 1
2026-07-21 09:16:16,755 P2537689 INFO pr:0.9311  rc:0.9194  auc:0.9890 ap:0.9615 f1: 0.9252 pred_right: 38608 pred_wrong:392 actu_right: 38603 actu_wrong: 397
2026-07-21 09:16:17,653 P2537689 INFO pr:0.9098  rc:0.9380  auc:0.9967 ap:0.9484 f1: 0.9237 pred_right: 16367 pred_wrong:133 actu_right: 16371 actu_wrong: 129
2026-07-21 09:16:17,653 P2537689 INFO ----------------------------------------------------------------------------------------------------
2026-07-21 09:16:17,654 P2537689 INFO 179/300 starting... lr: 0.0009000000000000001 para:0.01
2026-07-21 09:16:24,042 P2537689 INFO Epoch 179/300, all_loss:0.07709 cls_loss:0.07709 rec_loss:0.09645 [6.38s]; best loss:0.07709, patience : 0
2026-07-21 09:16:26,665 P2537689 INFO pr:0.9264  rc:0.9194  auc:0.9890 ap:0.9644 f1: 0.9229 pred_right: 38606 pred_wrong:394 actu_right: 38603 actu_wrong: 397
2026-07-21 09:16:27,694 P2537689 INFO pr:0.9091  rc:0.9302  auc:0.9962 ap:0.9395 f1: 0.9195 pred_right: 16368 pred_wrong:132 actu_right: 16371 actu_wrong: 129
2026-07-21 09:16:27,695 P2537689 INFO ----------------------------------------------------------------------------------------------------
2026-07-21 09:16:27,695 P2537689 INFO 180/300 starting... lr: 0.0009000000000000001 para:0.01
2026-07-21 09:16:34,048 P2537689 INFO Epoch 180/300, all_loss:0.13313 cls_loss:0.13313 rec_loss:0.09279 [6.35s]; best loss:0.07709, patience : 1
2026-07-21 09:16:36,143 P2537689 INFO pr:0.9280  rc:0.8810  auc:0.9877 ap:0.9613 f1: 0.9039 pred_right: 38625 pred_wrong:375 actu_right: 38605 actu_wrong: 395
2026-07-21 09:16:37,075 P2537689 INFO pr:0.8803  rc:0.7984  auc:0.9960 ap:0.9395 f1: 0.8374 pred_right: 16383 pred_wrong:117 actu_right: 16371 actu_wrong: 129
2026-07-21 09:16:37,076 P2537689 INFO ----------------------------------------------------------------------------------------------------
2026-07-21 09:16:37,076 P2537689 INFO 181/300 starting... lr: 0.0009000000000000001 para:0.01
2026-07-21 09:16:43,368 P2537689 INFO Epoch 181/300, all_loss:0.09885 cls_loss:0.09885 rec_loss:0.08101 [6.29s]; best loss:0.07709, patience : 1
2026-07-21 09:16:45,743 P2537689 INFO pr:0.9399  rc:0.9068  auc:0.9895 ap:0.9662 f1: 0.9231 pred_right: 38617 pred_wrong:383 actu_right: 38603 actu_wrong: 397
2026-07-21 09:16:46,766 P2537689 INFO pr:0.9206  rc:0.8992  auc:0.9967 ap:0.9411 f1: 0.9098 pred_right: 16374 pred_wrong:126 actu_right: 16371 actu_wrong: 129
2026-07-21 09:16:46,766 P2537689 INFO ----------------------------------------------------------------------------------------------------
2026-07-21 09:16:46,766 P2537689 INFO 182/300 starting... lr: 0.0009000000000000001 para:0.01
2026-07-21 09:16:53,187 P2537689 INFO Epoch 182/300, all_loss:0.12785 cls_loss:0.12785 rec_loss:0.08177 [6.42s]; best loss:0.07709, patience : 2
2026-07-21 09:16:55,526 P2537689 INFO pr:0.9342  rc:0.8942  auc:0.9871 ap:0.9615 f1: 0.9138 pred_right: 38620 pred_wrong:380 actu_right: 38603 actu_wrong: 397
2026-07-21 09:16:56,505 P2537689 INFO pr:0.9008  rc:0.8450  auc:0.9948 ap:0.9369 f1: 0.8720 pred_right: 16379 pred_wrong:121 actu_right: 16371 actu_wrong: 129
2026-07-21 09:16:56,505 P2537689 INFO ----------------------------------------------------------------------------------------------------
2026-07-21 09:16:56,505 P2537689 INFO 183/300 starting... lr: 0.0009000000000000001 para:0.01
2026-07-21 09:17:02,884 P2537689 INFO Epoch 183/300, all_loss:0.14527 cls_loss:0.14527 rec_loss:0.08603 [6.38s]; best loss:0.07709, patience : 3
2026-07-21 09:17:04,827 P2537689 INFO pr:0.9545  rc:0.9015  auc:0.9838 ap:0.9679 f1: 0.9273 pred_right: 38626 pred_wrong:374 actu_right: 38604 actu_wrong: 396
2026-07-21 09:17:05,668 P2537689 INFO pr:0.9213  rc:0.9070  auc:0.9930 ap:0.9545 f1: 0.9141 pred_right: 16373 pred_wrong:127 actu_right: 16371 actu_wrong: 129
2026-07-21 09:17:05,668 P2537689 INFO ----------------------------------------------------------------------------------------------------
2026-07-21 09:17:05,669 P2537689 INFO 184/300 starting... lr: 0.0009000000000000001 para:0.01
2026-07-21 09:17:12,323 P2537689 INFO Epoch 184/300, all_loss:0.13059 cls_loss:0.13059 rec_loss:0.08474 [6.65s]; best loss:0.07709, patience : 3
2026-07-21 09:17:14,918 P2537689 INFO pr:0.9413  rc:0.8937  auc:0.9838 ap:0.9614 f1: 0.9169 pred_right: 38625 pred_wrong:375 actu_right: 38605 actu_wrong: 395
2026-07-21 09:17:15,731 P2537689 INFO pr:0.9268  rc:0.8837  auc:0.9920 ap:0.9502 f1: 0.9048 pred_right: 16377 pred_wrong:123 actu_right: 16371 actu_wrong: 129
2026-07-21 09:17:15,731 P2537689 INFO ----------------------------------------------------------------------------------------------------
2026-07-21 09:17:15,731 P2537689 INFO 185/300 starting... lr: 0.0009000000000000001 para:0.01
2026-07-21 09:17:22,126 P2537689 INFO Epoch 185/300, all_loss:0.10496 cls_loss:0.10496 rec_loss:0.07914 [6.39s]; best loss:0.07709, patience : 3
2026-07-21 09:17:23,704 P2537689 INFO pr:0.9380  rc:0.9144  auc:0.9852 ap:0.9659 f1: 0.9260 pred_right: 38613 pred_wrong:387 actu_right: 38603 actu_wrong: 397
2026-07-21 09:17:24,466 P2537689 INFO pr:0.9023  rc:0.9302  auc:0.9946 ap:0.9490 f1: 0.9160 pred_right: 16367 pred_wrong:133 actu_right: 16371 actu_wrong: 129
2026-07-21 09:17:24,466 P2537689 INFO ----------------------------------------------------------------------------------------------------
2026-07-21 09:17:24,466 P2537689 INFO 186/300 starting... lr: 0.0009000000000000001 para:0.01
2026-07-21 09:17:30,440 P2537689 INFO Epoch 186/300, all_loss:0.14242 cls_loss:0.14242 rec_loss:0.08119 [5.97s]; best loss:0.07709, patience : 4
2026-07-21 09:17:33,361 P2537689 INFO pr:0.9529  rc:0.9169  auc:0.9832 ap:0.9684 f1: 0.9345 pred_right: 38618 pred_wrong:382 actu_right: 38603 actu_wrong: 397
2026-07-21 09:17:35,155 P2537689 INFO pr:0.9231  rc:0.9302  auc:0.9948 ap:0.9533 f1: 0.9266 pred_right: 16370 pred_wrong:130 actu_right: 16371 actu_wrong: 129
2026-07-21 09:17:35,165 P2537689 INFO ----------------------------------------------------------------------------------------------------
2026-07-21 09:17:35,166 P2537689 INFO 187/300 starting... lr: 0.0009000000000000001 para:0.01
2026-07-21 09:17:46,736 P2537689 INFO Epoch 187/300, all_loss:0.11804 cls_loss:0.11804 rec_loss:0.08281 [11.57s]; best loss:0.07709, patience : 4
2026-07-21 09:17:48,907 P2537689 INFO pr:0.9549  rc:0.9068  auc:0.9887 ap:0.9669 f1: 0.9302 pred_right: 38623 pred_wrong:377 actu_right: 38603 actu_wrong: 397
2026-07-21 09:17:49,990 P2537689 INFO pr:0.9286  rc:0.9070  auc:0.9946 ap:0.9466 f1: 0.9176 pred_right: 16374 pred_wrong:126 actu_right: 16371 actu_wrong: 129
2026-07-21 09:17:49,991 P2537689 INFO ----------------------------------------------------------------------------------------------------
2026-07-21 09:17:49,991 P2537689 INFO 188/300 starting... lr: 0.0009000000000000001 para:0.01
2026-07-21 09:17:56,402 P2537689 INFO Epoch 188/300, all_loss:0.11411 cls_loss:0.11411 rec_loss:0.07856 [6.41s]; best loss:0.07709, patience : 4
2026-07-21 09:17:58,500 P2537689 INFO pr:0.9406  rc:0.9192  auc:0.9872 ap:0.9630 f1: 0.9298 pred_right: 38613 pred_wrong:387 actu_right: 38604 actu_wrong: 396
2026-07-21 09:17:59,357 P2537689 INFO pr:0.9015  rc:0.9225  auc:0.9947 ap:0.9475 f1: 0.9119 pred_right: 16368 pred_wrong:132 actu_right: 16371 actu_wrong: 129
2026-07-21 09:17:59,358 P2537689 INFO ----------------------------------------------------------------------------------------------------
2026-07-21 09:17:59,358 P2537689 INFO 189/300 starting... lr: 0.0009000000000000001 para:0.01
2026-07-21 09:18:05,764 P2537689 INFO Epoch 189/300, all_loss:0.13994 cls_loss:0.13994 rec_loss:0.08017 [6.41s]; best loss:0.07709, patience : 5
2026-07-21 09:18:07,856 P2537689 INFO pr:0.9221  rc:0.9244  auc:0.9879 ap:0.9637 f1: 0.9233 pred_right: 38602 pred_wrong:398 actu_right: 38603 actu_wrong: 397
2026-07-21 09:18:08,703 P2537689 INFO pr:0.9037  rc:0.9457  auc:0.9950 ap:0.9448 f1: 0.9242 pred_right: 16365 pred_wrong:135 actu_right: 16371 actu_wrong: 129
2026-07-21 09:18:08,704 P2537689 INFO ----------------------------------------------------------------------------------------------------
2026-07-21 09:18:08,704 P2537689 INFO 190/300 starting... lr: 0.0009000000000000001 para:0.01
2026-07-21 09:18:15,091 P2537689 INFO Epoch 190/300, all_loss:0.12998 cls_loss:0.12998 rec_loss:0.07911 [6.39s]; best loss:0.07709, patience : 5
2026-07-21 09:18:17,464 P2537689 INFO pr:0.9289  rc:0.9219  auc:0.9868 ap:0.9625 f1: 0.9254 pred_right: 38606 pred_wrong:394 actu_right: 38603 actu_wrong: 397
2026-07-21 09:18:18,339 P2537689 INFO pr:0.8723  rc:0.9535  auc:0.9950 ap:0.9433 f1: 0.9111 pred_right: 16359 pred_wrong:141 actu_right: 16371 actu_wrong: 129
2026-07-21 09:18:18,339 P2537689 INFO ----------------------------------------------------------------------------------------------------
2026-07-21 09:18:18,339 P2537689 INFO 191/300 starting... lr: 0.0009000000000000001 para:0.01
2026-07-21 09:18:24,881 P2537689 INFO Epoch 191/300, all_loss:0.09195 cls_loss:0.09195 rec_loss:0.08001 [6.54s]; best loss:0.07709, patience : 5
2026-07-21 09:18:27,009 P2537689 INFO pr:0.9474  rc:0.9068  auc:0.9856 ap:0.9622 f1: 0.9266 pred_right: 38620 pred_wrong:380 actu_right: 38603 actu_wrong: 397
2026-07-21 09:18:28,055 P2537689 INFO pr:0.9113  rc:0.8760  auc:0.9946 ap:0.9454 f1: 0.8933 pred_right: 16376 pred_wrong:124 actu_right: 16371 actu_wrong: 129
2026-07-21 09:18:28,056 P2537689 INFO ----------------------------------------------------------------------------------------------------
2026-07-21 09:18:28,056 P2537689 INFO 192/300 starting... lr: 0.0009000000000000001 para:0.01
2026-07-21 09:18:34,651 P2537689 INFO Epoch 192/300, all_loss:0.08182 cls_loss:0.08182 rec_loss:0.07688 [6.59s]; best loss:0.07709, patience : 5
2026-07-21 09:18:37,045 P2537689 INFO pr:0.9380  rc:0.9190  auc:0.9853 ap:0.9639 f1: 0.9284 pred_right: 38613 pred_wrong:387 actu_right: 38605 actu_wrong: 395
2026-07-21 09:18:37,918 P2537689 INFO pr:0.9160  rc:0.9302  auc:0.9949 ap:0.9442 f1: 0.9231 pred_right: 16369 pred_wrong:131 actu_right: 16371 actu_wrong: 129
2026-07-21 09:18:37,919 P2537689 INFO ----------------------------------------------------------------------------------------------------
2026-07-21 09:18:37,919 P2537689 INFO 193/300 starting... lr: 0.0009000000000000001 para:0.01
2026-07-21 09:18:44,382 P2537689 INFO Epoch 193/300, all_loss:0.13365 cls_loss:0.13365 rec_loss:0.07663 [6.46s]; best loss:0.07709, patience : 6
2026-07-21 09:18:46,671 P2537689 INFO pr:0.9427  rc:0.9141  auc:0.9856 ap:0.9648 f1: 0.9282 pred_right: 38616 pred_wrong:384 actu_right: 38604 actu_wrong: 396
2026-07-21 09:18:47,625 P2537689 INFO pr:0.9127  rc:0.8915  auc:0.9952 ap:0.9401 f1: 0.9020 pred_right: 16374 pred_wrong:126 actu_right: 16371 actu_wrong: 129
2026-07-21 09:18:47,626 P2537689 INFO ----------------------------------------------------------------------------------------------------
2026-07-21 09:18:47,626 P2537689 INFO 194/300 starting... lr: 0.0009000000000000001 para:0.01
2026-07-21 09:18:55,367 P2537689 INFO Epoch 194/300, all_loss:0.08468 cls_loss:0.08468 rec_loss:0.07240 [7.74s]; best loss:0.07709, patience : 6
2026-07-21 09:18:56,923 P2537689 INFO pr:0.9429  rc:0.9144  auc:0.9851 ap:0.9629 f1: 0.9284 pred_right: 38615 pred_wrong:385 actu_right: 38603 actu_wrong: 397
2026-07-21 09:18:57,614 P2537689 INFO pr:0.9134  rc:0.8992  auc:0.9949 ap:0.9426 f1: 0.9062 pred_right: 16373 pred_wrong:127 actu_right: 16371 actu_wrong: 129
2026-07-21 09:18:57,615 P2537689 INFO ----------------------------------------------------------------------------------------------------
2026-07-21 09:18:57,615 P2537689 INFO 195/300 starting... lr: 0.0009000000000000001 para:0.01
2026-07-21 09:19:02,897 P2537689 INFO Epoch 195/300, all_loss:0.15029 cls_loss:0.15029 rec_loss:0.07225 [5.28s]; best loss:0.07709, patience : 7
2026-07-21 09:19:05,320 P2537689 INFO pr:0.9175  rc:0.9268  auc:0.9866 ap:0.9644 f1: 0.9221 pred_right: 38600 pred_wrong:400 actu_right: 38604 actu_wrong: 396
2026-07-21 09:19:06,175 P2537689 INFO pr:0.8889  rc:0.9302  auc:0.9971 ap:0.9466 f1: 0.9091 pred_right: 16365 pred_wrong:135 actu_right: 16371 actu_wrong: 129
2026-07-21 09:19:06,176 P2537689 INFO ----------------------------------------------------------------------------------------------------
2026-07-21 09:19:06,176 P2537689 INFO 196/300 starting... lr: 0.0009000000000000001 para:0.01
2026-07-21 09:19:19,354 P2537689 INFO Epoch 196/300, all_loss:0.07723 cls_loss:0.07723 rec_loss:0.07678 [13.18s]; best loss:0.07709, patience : 7
2026-07-21 09:19:22,195 P2537689 INFO pr:0.9476  rc:0.9118  auc:0.9843 ap:0.9640 f1: 0.9294 pred_right: 38618 pred_wrong:382 actu_right: 38603 actu_wrong: 397
2026-07-21 09:19:23,113 P2537689 INFO pr:0.9062  rc:0.8992  auc:0.9950 ap:0.9399 f1: 0.9027 pred_right: 16372 pred_wrong:128 actu_right: 16371 actu_wrong: 129
2026-07-21 09:19:23,114 P2537689 INFO ----------------------------------------------------------------------------------------------------
2026-07-21 09:19:23,114 P2537689 INFO 197/300 starting... lr: 0.0009000000000000001 para:0.01
2026-07-21 09:19:29,742 P2537689 INFO Epoch 197/300, all_loss:0.13206 cls_loss:0.13206 rec_loss:0.07918 [6.63s]; best loss:0.07709, patience : 8
2026-07-21 09:19:31,945 P2537689 INFO pr:0.9648  rc:0.8967  auc:0.9835 ap:0.9677 f1: 0.9295 pred_right: 38631 pred_wrong:369 actu_right: 38603 actu_wrong: 397
2026-07-21 09:19:32,953 P2537689 INFO pr:0.9200  rc:0.8915  auc:0.9928 ap:0.9532 f1: 0.9055 pred_right: 16375 pred_wrong:125 actu_right: 16371 actu_wrong: 129
2026-07-21 09:19:32,954 P2537689 INFO ----------------------------------------------------------------------------------------------------
2026-07-21 09:19:32,961 P2537689 INFO 198/300 starting... lr: 0.0009000000000000001 para:0.01
2026-07-21 09:19:39,424 P2537689 INFO Epoch 198/300, all_loss:0.13054 cls_loss:0.13054 rec_loss:0.07660 [6.46s]; best loss:0.07709, patience : 8
2026-07-21 09:19:41,544 P2537689 INFO pr:0.9359  rc:0.9194  auc:0.9891 ap:0.9676 f1: 0.9276 pred_right: 38610 pred_wrong:390 actu_right: 38603 actu_wrong: 397
2026-07-21 09:19:42,405 P2537689 INFO pr:0.9084  rc:0.9225  auc:0.9992 ap:0.9462 f1: 0.9154 pred_right: 16369 pred_wrong:131 actu_right: 16371 actu_wrong: 129
2026-07-21 09:19:42,406 P2537689 INFO ----------------------------------------------------------------------------------------------------
2026-07-21 09:19:42,406 P2537689 INFO 199/300 starting... lr: 0.0009000000000000001 para:0.01
2026-07-21 09:19:48,977 P2537689 INFO Epoch 199/300, all_loss:0.10090 cls_loss:0.10090 rec_loss:0.06748 [6.57s]; best loss:0.07709, patience : 8
2026-07-21 09:19:51,160 P2537689 INFO pr:0.9198  rc:0.9244  auc:0.9866 ap:0.9652 f1: 0.9221 pred_right: 38601 pred_wrong:399 actu_right: 38603 actu_wrong: 397
2026-07-21 09:19:52,114 P2537689 INFO pr:0.9098  rc:0.9380  auc:0.9994 ap:0.9464 f1: 0.9237 pred_right: 16367 pred_wrong:133 actu_right: 16371 actu_wrong: 129
2026-07-21 09:19:52,114 P2537689 INFO ----------------------------------------------------------------------------------------------------
2026-07-21 09:19:52,122 P2537689 INFO 200/300 starting... lr: 0.0008100000000000001 para:0.01
2026-07-21 09:19:58,620 P2537689 INFO Epoch 200/300, all_loss:0.17406 cls_loss:0.17406 rec_loss:0.07008 [6.50s]; best loss:0.07709, patience : 9
2026-07-21 09:20:00,892 P2537689 INFO pr:0.9433  rc:0.9219  auc:0.9914 ap:0.9648 f1: 0.9325 pred_right: 38612 pred_wrong:388 actu_right: 38603 actu_wrong: 397
2026-07-21 09:20:01,854 P2537689 INFO pr:0.9167  rc:0.9380  auc:0.9990 ap:0.9446 f1: 0.9272 pred_right: 16368 pred_wrong:132 actu_right: 16371 actu_wrong: 129
2026-07-21 09:20:01,855 P2537689 INFO ----------------------------------------------------------------------------------------------------
2026-07-21 09:20:01,855 P2537689 INFO 201/300 starting... lr: 0.0008100000000000001 para:0.01
2026-07-21 09:20:08,295 P2537689 INFO Epoch 201/300, all_loss:0.10567 cls_loss:0.10567 rec_loss:0.06538 [6.44s]; best loss:0.07709, patience : 9
2026-07-21 09:20:10,507 P2537689 INFO pr:0.9361  rc:0.9219  auc:0.9873 ap:0.9669 f1: 0.9289 pred_right: 38609 pred_wrong:391 actu_right: 38603 actu_wrong: 397
2026-07-21 09:20:11,383 P2537689 INFO pr:0.9098  rc:0.9380  auc:0.9970 ap:0.9451 f1: 0.9237 pred_right: 16367 pred_wrong:133 actu_right: 16371 actu_wrong: 129
2026-07-21 09:20:11,384 P2537689 INFO ----------------------------------------------------------------------------------------------------
2026-07-21 09:20:11,384 P2537689 INFO 202/300 starting... lr: 0.0008100000000000001 para:0.01
2026-07-21 09:20:17,919 P2537689 INFO Epoch 202/300, all_loss:0.07749 cls_loss:0.07749 rec_loss:0.06750 [6.53s]; best loss:0.07709, patience : 9
2026-07-21 09:20:20,306 P2537689 INFO pr:0.9107  rc:0.9244  auc:0.9912 ap:0.9646 f1: 0.9175 pred_right: 38597 pred_wrong:403 actu_right: 38603 actu_wrong: 397
2026-07-21 09:20:21,159 P2537689 INFO pr:0.8777  rc:0.9457  auc:0.9988 ap:0.9436 f1: 0.9104 pred_right: 16361 pred_wrong:139 actu_right: 16371 actu_wrong: 129
2026-07-21 09:20:21,160 P2537689 INFO ----------------------------------------------------------------------------------------------------
2026-07-21 09:20:21,160 P2537689 INFO 203/300 starting... lr: 0.0008100000000000001 para:0.01
2026-07-21 09:20:29,172 P2537689 INFO Epoch 203/300, all_loss:0.08740 cls_loss:0.08740 rec_loss:0.06460 [8.01s]; best loss:0.07709, patience : 10
2026-07-21 09:20:30,709 P2537689 INFO pr:0.9357  rc:0.9192  auc:0.9875 ap:0.9634 f1: 0.9274 pred_right: 38611 pred_wrong:389 actu_right: 38604 actu_wrong: 396
2026-07-21 09:20:31,357 P2537689 INFO pr:0.9023  rc:0.9302  auc:0.9968 ap:0.9399 f1: 0.9160 pred_right: 16367 pred_wrong:133 actu_right: 16371 actu_wrong: 129
2026-07-21 09:20:31,358 P2537689 INFO ----------------------------------------------------------------------------------------------------
2026-07-21 09:20:31,358 P2537689 INFO 204/300 starting... lr: 0.0008100000000000001 para:0.01
2026-07-21 09:20:36,429 P2537689 INFO Epoch 204/300, all_loss:0.12849 cls_loss:0.12849 rec_loss:0.06198 [5.07s]; best loss:0.07709, patience : 11
2026-07-21 09:20:38,335 P2537689 INFO pr:0.9407  rc:0.9194  auc:0.9869 ap:0.9644 f1: 0.9299 pred_right: 38612 pred_wrong:388 actu_right: 38603 actu_wrong: 397
2026-07-21 09:20:39,147 P2537689 INFO pr:0.9098  rc:0.9380  auc:0.9971 ap:0.9426 f1: 0.9237 pred_right: 16367 pred_wrong:133 actu_right: 16371 actu_wrong: 129
2026-07-21 09:20:39,147 P2537689 INFO ----------------------------------------------------------------------------------------------------
2026-07-21 09:20:39,147 P2537689 INFO 205/300 starting... lr: 0.0008100000000000001 para:0.01
2026-07-21 09:20:48,778 P2537689 INFO Epoch 205/300, all_loss:0.11252 cls_loss:0.11252 rec_loss:0.07208 [9.63s]; best loss:0.07709, patience : 11
2026-07-21 09:20:53,054 P2537689 INFO pr:0.9615  rc:0.8816  auc:0.9859 ap:0.9653 f1: 0.9198 pred_right: 38636 pred_wrong:364 actu_right: 38603 actu_wrong: 397
2026-07-21 09:20:55,072 P2537689 INFO pr:0.9130  rc:0.8140  auc:0.9949 ap:0.9415 f1: 0.8607 pred_right: 16385 pred_wrong:115 actu_right: 16371 actu_wrong: 129
2026-07-21 09:20:55,073 P2537689 INFO ----------------------------------------------------------------------------------------------------
2026-07-21 09:20:55,073 P2537689 INFO 206/300 starting... lr: 0.0008100000000000001 para:0.01
2026-07-21 09:21:02,268 P2537689 INFO Epoch 206/300, all_loss:0.12336 cls_loss:0.12336 rec_loss:0.06837 [7.19s]; best loss:0.07709, patience : 12
2026-07-21 09:21:04,535 P2537689 INFO pr:0.9576  rc:0.9093  auc:0.9856 ap:0.9678 f1: 0.9328 pred_right: 38623 pred_wrong:377 actu_right: 38603 actu_wrong: 397
2026-07-21 09:21:05,442 P2537689 INFO pr:0.9062  rc:0.8992  auc:0.9950 ap:0.9400 f1: 0.9027 pred_right: 16372 pred_wrong:128 actu_right: 16371 actu_wrong: 129
2026-07-21 09:21:05,442 P2537689 INFO ----------------------------------------------------------------------------------------------------
2026-07-21 09:21:05,442 P2537689 INFO 207/300 starting... lr: 0.0008100000000000001 para:0.01
2026-07-21 09:21:11,906 P2537689 INFO Epoch 207/300, all_loss:0.07553 cls_loss:0.07553 rec_loss:0.07456 [6.46s]; best loss:0.07553, patience : 0
2026-07-21 09:21:13,928 P2537689 INFO pr:0.9528  rc:0.9167  auc:0.9860 ap:0.9678 f1: 0.9344 pred_right: 38619 pred_wrong:381 actu_right: 38604 actu_wrong: 396
2026-07-21 09:21:14,895 P2537689 INFO pr:0.9280  rc:0.8992  auc:0.9974 ap:0.9375 f1: 0.9134 pred_right: 16375 pred_wrong:125 actu_right: 16371 actu_wrong: 129
2026-07-21 09:21:14,895 P2537689 INFO ----------------------------------------------------------------------------------------------------
2026-07-21 09:21:14,895 P2537689 INFO 208/300 starting... lr: 0.0008100000000000001 para:0.01
2026-07-21 09:21:21,417 P2537689 INFO Epoch 208/300, all_loss:0.10846 cls_loss:0.10846 rec_loss:0.08016 [6.52s]; best loss:0.07553, patience : 1
2026-07-21 09:21:23,618 P2537689 INFO pr:0.9337  rc:0.9219  auc:0.9855 ap:0.9655 f1: 0.9278 pred_right: 38608 pred_wrong:392 actu_right: 38603 actu_wrong: 397
2026-07-21 09:21:24,637 P2537689 INFO pr:0.9098  rc:0.9380  auc:0.9972 ap:0.9480 f1: 0.9237 pred_right: 16367 pred_wrong:133 actu_right: 16371 actu_wrong: 129
2026-07-21 09:21:24,637 P2537689 INFO ----------------------------------------------------------------------------------------------------
2026-07-21 09:21:24,637 P2537689 INFO 209/300 starting... lr: 0.0008100000000000001 para:0.01
2026-07-21 09:21:31,129 P2537689 INFO Epoch 209/300, all_loss:0.12288 cls_loss:0.12288 rec_loss:0.07534 [6.49s]; best loss:0.07553, patience : 2
2026-07-21 09:21:33,118 P2537689 INFO pr:0.9455  rc:0.9169  auc:0.9854 ap:0.9667 f1: 0.9309 pred_right: 38615 pred_wrong:385 actu_right: 38603 actu_wrong: 397
2026-07-21 09:21:33,987 P2537689 INFO pr:0.9154  rc:0.9225  auc:0.9995 ap:0.9539 f1: 0.9189 pred_right: 16370 pred_wrong:130 actu_right: 16371 actu_wrong: 129
2026-07-21 09:21:33,988 P2537689 INFO ----------------------------------------------------------------------------------------------------
2026-07-21 09:21:33,988 P2537689 INFO 210/300 starting... lr: 0.0008100000000000001 para:0.01
2026-07-21 09:21:40,457 P2537689 INFO Epoch 210/300, all_loss:0.09835 cls_loss:0.09835 rec_loss:0.07537 [6.47s]; best loss:0.07553, patience : 2
2026-07-21 09:21:42,760 P2537689 INFO pr:0.9412  rc:0.9270  auc:0.9884 ap:0.9663 f1: 0.9340 pred_right: 38609 pred_wrong:391 actu_right: 38603 actu_wrong: 397
2026-07-21 09:21:43,714 P2537689 INFO pr:0.9167  rc:0.9380  auc:0.9991 ap:0.9446 f1: 0.9272 pred_right: 16368 pred_wrong:132 actu_right: 16371 actu_wrong: 129
2026-07-21 09:21:43,715 P2537689 INFO ----------------------------------------------------------------------------------------------------
2026-07-21 09:21:43,715 P2537689 INFO 211/300 starting... lr: 0.0008100000000000001 para:0.01
2026-07-21 09:21:50,119 P2537689 INFO Epoch 211/300, all_loss:0.07204 cls_loss:0.07204 rec_loss:0.07849 [6.40s]; best loss:0.07204, patience : 0
2026-07-21 09:21:52,374 P2537689 INFO pr:0.9429  rc:0.9213  auc:0.9858 ap:0.9659 f1: 0.9320 pred_right: 38615 pred_wrong:385 actu_right: 38606 actu_wrong: 394
2026-07-21 09:21:53,323 P2537689 INFO pr:0.9167  rc:0.9380  auc:0.9973 ap:0.9465 f1: 0.9272 pred_right: 16368 pred_wrong:132 actu_right: 16371 actu_wrong: 129
2026-07-21 09:21:53,323 P2537689 INFO ----------------------------------------------------------------------------------------------------
2026-07-21 09:21:53,323 P2537689 INFO 212/300 starting... lr: 0.0008100000000000001 para:0.01
2026-07-21 09:21:59,861 P2537689 INFO Epoch 212/300, all_loss:0.10738 cls_loss:0.10738 rec_loss:0.08322 [6.54s]; best loss:0.07204, patience : 1
2026-07-21 09:22:02,526 P2537689 INFO pr:0.9401  rc:0.9093  auc:0.9871 ap:0.9645 f1: 0.9245 pred_right: 38616 pred_wrong:384 actu_right: 38603 actu_wrong: 397
2026-07-21 09:22:04,017 P2537689 INFO pr:0.9206  rc:0.8992  auc:0.9955 ap:0.9347 f1: 0.9098 pred_right: 16374 pred_wrong:126 actu_right: 16371 actu_wrong: 129
2026-07-21 09:22:04,017 P2537689 INFO ----------------------------------------------------------------------------------------------------
2026-07-21 09:22:04,017 P2537689 INFO 213/300 starting... lr: 0.0008100000000000001 para:0.01
2026-07-21 09:22:09,199 P2537689 INFO Epoch 213/300, all_loss:0.11089 cls_loss:0.11089 rec_loss:0.08162 [5.18s]; best loss:0.07204, patience : 2
2026-07-21 09:22:10,940 P2537689 INFO pr:0.9333  rc:0.9169  auc:0.9858 ap:0.9680 f1: 0.9250 pred_right: 38610 pred_wrong:390 actu_right: 38603 actu_wrong: 397
2026-07-21 09:22:11,842 P2537689 INFO pr:0.9160  rc:0.9302  auc:0.9989 ap:0.9431 f1: 0.9231 pred_right: 16369 pred_wrong:131 actu_right: 16371 actu_wrong: 129
2026-07-21 09:22:11,843 P2537689 INFO ----------------------------------------------------------------------------------------------------
2026-07-21 09:22:11,843 P2537689 INFO 214/300 starting... lr: 0.0008100000000000001 para:0.01
2026-07-21 09:22:18,885 P2537689 INFO Epoch 214/300, all_loss:0.07373 cls_loss:0.07373 rec_loss:0.08080 [7.04s]; best loss:0.07204, patience : 2
2026-07-21 09:22:22,412 P2537689 INFO pr:0.9291  rc:0.9244  auc:0.9874 ap:0.9657 f1: 0.9268 pred_right: 38605 pred_wrong:395 actu_right: 38603 actu_wrong: 397
2026-07-21 09:22:23,850 P2537689 INFO pr:0.8955  rc:0.9302  auc:0.9970 ap:0.9398 f1: 0.9125 pred_right: 16366 pred_wrong:134 actu_right: 16371 actu_wrong: 129
2026-07-21 09:22:23,851 P2537689 INFO ----------------------------------------------------------------------------------------------------
2026-07-21 09:22:23,851 P2537689 INFO 215/300 starting... lr: 0.0008100000000000001 para:0.01
2026-07-21 09:22:33,720 P2537689 INFO Epoch 215/300, all_loss:0.06948 cls_loss:0.06948 rec_loss:0.08712 [9.86s]; best loss:0.06948, patience : 0
2026-07-21 09:22:35,983 P2537689 INFO pr:0.9588  rc:0.8791  auc:0.9842 ap:0.9661 f1: 0.9172 pred_right: 38636 pred_wrong:364 actu_right: 38603 actu_wrong: 397
2026-07-21 09:22:36,835 P2537689 INFO pr:0.9032  rc:0.8682  auc:0.9892 ap:0.9369 f1: 0.8854 pred_right: 16376 pred_wrong:124 actu_right: 16371 actu_wrong: 129
2026-07-21 09:22:36,835 P2537689 INFO ----------------------------------------------------------------------------------------------------
2026-07-21 09:22:36,835 P2537689 INFO 216/300 starting... lr: 0.0008100000000000001 para:0.01
2026-07-21 09:22:43,383 P2537689 INFO Epoch 216/300, all_loss:0.09694 cls_loss:0.09694 rec_loss:0.08584 [6.55s]; best loss:0.06948, patience : 1
2026-07-21 09:22:45,633 P2537689 INFO pr:0.9433  rc:0.9242  auc:0.9856 ap:0.9667 f1: 0.9337 pred_right: 38612 pred_wrong:388 actu_right: 38604 actu_wrong: 396
2026-07-21 09:22:46,585 P2537689 INFO pr:0.9084  rc:0.9225  auc:0.9953 ap:0.9461 f1: 0.9154 pred_right: 16369 pred_wrong:131 actu_right: 16371 actu_wrong: 129
2026-07-21 09:22:46,585 P2537689 INFO ----------------------------------------------------------------------------------------------------
2026-07-21 09:22:46,586 P2537689 INFO 217/300 starting... lr: 0.0008100000000000001 para:0.01
2026-07-21 09:22:53,027 P2537689 INFO Epoch 217/300, all_loss:0.08078 cls_loss:0.08078 rec_loss:0.08678 [6.44s]; best loss:0.06948, patience : 1
2026-07-21 09:22:55,216 P2537689 INFO pr:0.9361  rc:0.9242  auc:0.9866 ap:0.9654 f1: 0.9301 pred_right: 38609 pred_wrong:391 actu_right: 38604 actu_wrong: 396
2026-07-21 09:22:56,271 P2537689 INFO pr:0.9160  rc:0.9302  auc:0.9974 ap:0.9512 f1: 0.9231 pred_right: 16369 pred_wrong:131 actu_right: 16371 actu_wrong: 129
2026-07-21 09:22:56,271 P2537689 INFO ----------------------------------------------------------------------------------------------------
2026-07-21 09:22:56,271 P2537689 INFO 218/300 starting... lr: 0.0008100000000000001 para:0.01
2026-07-21 09:23:02,802 P2537689 INFO Epoch 218/300, all_loss:0.07507 cls_loss:0.07507 rec_loss:0.08410 [6.53s]; best loss:0.06948, patience : 1
2026-07-21 09:23:04,771 P2537689 INFO pr:0.9244  rc:0.9268  auc:0.9864 ap:0.9597 f1: 0.9256 pred_right: 38603 pred_wrong:397 actu_right: 38604 actu_wrong: 396
2026-07-21 09:23:05,599 P2537689 INFO pr:0.8971  rc:0.9457  auc:0.9973 ap:0.9502 f1: 0.9208 pred_right: 16364 pred_wrong:136 actu_right: 16371 actu_wrong: 129
2026-07-21 09:23:05,600 P2537689 INFO ----------------------------------------------------------------------------------------------------
2026-07-21 09:23:05,600 P2537689 INFO 219/300 starting... lr: 0.0008100000000000001 para:0.01
2026-07-21 09:23:12,168 P2537689 INFO Epoch 219/300, all_loss:0.07855 cls_loss:0.07855 rec_loss:0.08704 [6.57s]; best loss:0.06948, patience : 2
2026-07-21 09:23:14,284 P2537689 INFO pr:0.9429  rc:0.9144  auc:0.9842 ap:0.9661 f1: 0.9284 pred_right: 38615 pred_wrong:385 actu_right: 38603 actu_wrong: 397
2026-07-21 09:23:15,162 P2537689 INFO pr:0.9219  rc:0.9147  auc:0.9954 ap:0.9471 f1: 0.9183 pred_right: 16372 pred_wrong:128 actu_right: 16371 actu_wrong: 129
2026-07-21 09:23:15,162 P2537689 INFO ----------------------------------------------------------------------------------------------------
2026-07-21 09:23:15,162 P2537689 INFO 220/300 starting... lr: 0.0008100000000000001 para:0.01
2026-07-21 09:23:21,686 P2537689 INFO Epoch 220/300, all_loss:0.05935 cls_loss:0.05935 rec_loss:0.08892 [6.52s]; best loss:0.05935, patience : 0
2026-07-21 09:23:23,721 P2537689 INFO pr:0.9500  rc:0.9116  auc:0.9859 ap:0.9664 f1: 0.9304 pred_right: 38620 pred_wrong:380 actu_right: 38604 actu_wrong: 396
2026-07-21 09:23:24,599 P2537689 INFO pr:0.9225  rc:0.9225  auc:0.9934 ap:0.9482 f1: 0.9225 pred_right: 16371 pred_wrong:129 actu_right: 16371 actu_wrong: 129
2026-07-21 09:23:24,600 P2537689 INFO ----------------------------------------------------------------------------------------------------
2026-07-21 09:23:24,600 P2537689 INFO 221/300 starting... lr: 0.0008100000000000001 para:0.01
2026-07-21 09:23:31,087 P2537689 INFO Epoch 221/300, all_loss:0.07484 cls_loss:0.07484 rec_loss:0.09530 [6.49s]; best loss:0.05935, patience : 1
2026-07-21 09:23:33,291 P2537689 INFO pr:0.9549  rc:0.9091  auc:0.9851 ap:0.9635 f1: 0.9314 pred_right: 38623 pred_wrong:377 actu_right: 38604 actu_wrong: 396
2026-07-21 09:23:34,132 P2537689 INFO pr:0.9213  rc:0.9070  auc:0.9950 ap:0.9378 f1: 0.9141 pred_right: 16373 pred_wrong:127 actu_right: 16371 actu_wrong: 129
2026-07-21 09:23:34,132 P2537689 INFO ----------------------------------------------------------------------------------------------------
2026-07-21 09:23:34,132 P2537689 INFO 222/300 starting... lr: 0.0008100000000000001 para:0.01
2026-07-21 09:23:41,219 P2537689 INFO Epoch 222/300, all_loss:0.09943 cls_loss:0.09943 rec_loss:0.09103 [7.09s]; best loss:0.05935, patience : 2
2026-07-21 09:23:42,824 P2537689 INFO pr:0.9430  rc:0.9169  auc:0.9856 ap:0.9631 f1: 0.9298 pred_right: 38614 pred_wrong:386 actu_right: 38603 actu_wrong: 397
2026-07-21 09:23:43,526 P2537689 INFO pr:0.8947  rc:0.9225  auc:0.9948 ap:0.9399 f1: 0.9084 pred_right: 16367 pred_wrong:133 actu_right: 16371 actu_wrong: 129
2026-07-21 09:23:43,526 P2537689 INFO ----------------------------------------------------------------------------------------------------
2026-07-21 09:23:43,526 P2537689 INFO 223/300 starting... lr: 0.0008100000000000001 para:0.01
2026-07-21 09:23:49,017 P2537689 INFO Epoch 223/300, all_loss:0.07331 cls_loss:0.07331 rec_loss:0.08858 [5.49s]; best loss:0.05935, patience : 2
2026-07-21 09:23:50,844 P2537689 INFO pr:0.9496  rc:0.9018  auc:0.9838 ap:0.9648 f1: 0.9251 pred_right: 38623 pred_wrong:377 actu_right: 38603 actu_wrong: 397
2026-07-21 09:23:51,599 P2537689 INFO pr:0.9070  rc:0.9070  auc:0.9932 ap:0.9370 f1: 0.9070 pred_right: 16371 pred_wrong:129 actu_right: 16371 actu_wrong: 129
2026-07-21 09:23:51,599 P2537689 INFO ----------------------------------------------------------------------------------------------------
2026-07-21 09:23:51,599 P2537689 INFO 224/300 starting... lr: 0.0008100000000000001 para:0.01
2026-07-21 09:24:03,543 P2537689 INFO Epoch 224/300, all_loss:0.04699 cls_loss:0.04699 rec_loss:0.08907 [11.93s]; best loss:0.04699, patience : 0
2026-07-21 09:24:06,557 P2537689 INFO pr:0.9596  rc:0.8967  auc:0.9820 ap:0.9632 f1: 0.9271 pred_right: 38629 pred_wrong:371 actu_right: 38603 actu_wrong: 397
2026-07-21 09:24:07,559 P2537689 INFO pr:0.9206  rc:0.8992  auc:0.9891 ap:0.9373 f1: 0.9098 pred_right: 16374 pred_wrong:126 actu_right: 16371 actu_wrong: 129
2026-07-21 09:24:07,560 P2537689 INFO ----------------------------------------------------------------------------------------------------
2026-07-21 09:24:07,560 P2537689 INFO 225/300 starting... lr: 0.0008100000000000001 para:0.01
2026-07-21 09:24:14,157 P2537689 INFO Epoch 225/300, all_loss:0.07279 cls_loss:0.07279 rec_loss:0.09151 [6.60s]; best loss:0.04699, patience : 1
2026-07-21 09:24:16,380 P2537689 INFO pr:0.9066  rc:0.9295  auc:0.9866 ap:0.9565 f1: 0.9179 pred_right: 38593 pred_wrong:407 actu_right: 38603 actu_wrong: 397
2026-07-21 09:24:17,310 P2537689 INFO pr:0.8786  rc:0.9535  auc:0.9994 ap:0.9529 f1: 0.9145 pred_right: 16360 pred_wrong:140 actu_right: 16371 actu_wrong: 129
2026-07-21 09:24:17,311 P2537689 INFO ----------------------------------------------------------------------------------------------------
2026-07-21 09:24:17,311 P2537689 INFO 226/300 starting... lr: 0.0008100000000000001 para:0.01
2026-07-21 09:24:23,772 P2537689 INFO Epoch 226/300, all_loss:0.06550 cls_loss:0.06550 rec_loss:0.09049 [6.46s]; best loss:0.04699, patience : 1
2026-07-21 09:24:25,663 P2537689 INFO pr:0.9481  rc:0.9194  auc:0.9851 ap:0.9601 f1: 0.9335 pred_right: 38615 pred_wrong:385 actu_right: 38603 actu_wrong: 397
2026-07-21 09:24:26,489 P2537689 INFO pr:0.9225  rc:0.9225  auc:0.9967 ap:0.9411 f1: 0.9225 pred_right: 16371 pred_wrong:129 actu_right: 16371 actu_wrong: 129
2026-07-21 09:24:26,489 P2537689 INFO ----------------------------------------------------------------------------------------------------
2026-07-21 09:24:26,490 P2537689 INFO 227/300 starting... lr: 0.0008100000000000001 para:0.01
2026-07-21 09:24:32,841 P2537689 INFO Epoch 227/300, all_loss:0.05368 cls_loss:0.05368 rec_loss:0.09218 [6.35s]; best loss:0.04699, patience : 1
2026-07-21 09:24:34,969 P2537689 INFO pr:0.9211  rc:0.9141  auc:0.9876 ap:0.9573 f1: 0.9176 pred_right: 38607 pred_wrong:393 actu_right: 38604 actu_wrong: 396
2026-07-21 09:24:36,084 P2537689 INFO pr:0.8686  rc:0.9225  auc:0.9959 ap:0.9341 f1: 0.8947 pred_right: 16363 pred_wrong:137 actu_right: 16371 actu_wrong: 129
2026-07-21 09:24:36,084 P2537689 INFO ----------------------------------------------------------------------------------------------------
2026-07-21 09:24:36,085 P2537689 INFO 228/300 starting... lr: 0.0008100000000000001 para:0.01
2026-07-21 09:24:42,465 P2537689 INFO Epoch 228/300, all_loss:0.14074 cls_loss:0.14074 rec_loss:0.08708 [6.38s]; best loss:0.04699, patience : 2
2026-07-21 09:24:44,706 P2537689 INFO pr:0.9526  rc:0.9118  auc:0.9839 ap:0.9641 f1: 0.9318 pred_right: 38620 pred_wrong:380 actu_right: 38603 actu_wrong: 397
2026-07-21 09:24:45,598 P2537689 INFO pr:0.9015  rc:0.9225  auc:0.9952 ap:0.9443 f1: 0.9119 pred_right: 16368 pred_wrong:132 actu_right: 16371 actu_wrong: 129
2026-07-21 09:24:45,599 P2537689 INFO ----------------------------------------------------------------------------------------------------
2026-07-21 09:24:45,599 P2537689 INFO 229/300 starting... lr: 0.0008100000000000001 para:0.01
2026-07-21 09:24:52,092 P2537689 INFO Epoch 229/300, all_loss:0.07600 cls_loss:0.07600 rec_loss:0.08577 [6.49s]; best loss:0.04699, patience : 2
2026-07-21 09:24:54,115 P2537689 INFO pr:0.9626  rc:0.9068  auc:0.9851 ap:0.9633 f1: 0.9339 pred_right: 38626 pred_wrong:374 actu_right: 38603 actu_wrong: 397
2026-07-21 09:24:55,079 P2537689 INFO pr:0.9070  rc:0.9070  auc:0.9946 ap:0.9395 f1: 0.9070 pred_right: 16371 pred_wrong:129 actu_right: 16371 actu_wrong: 129
2026-07-21 09:24:55,080 P2537689 INFO ----------------------------------------------------------------------------------------------------
2026-07-21 09:24:55,080 P2537689 INFO 230/300 starting... lr: 0.0008100000000000001 para:0.01
2026-07-21 09:25:01,568 P2537689 INFO Epoch 230/300, all_loss:0.08017 cls_loss:0.08017 rec_loss:0.08681 [6.49s]; best loss:0.04699, patience : 3
2026-07-21 09:25:03,761 P2537689 INFO pr:0.9478  rc:0.9144  auc:0.9843 ap:0.9610 f1: 0.9308 pred_right: 38617 pred_wrong:383 actu_right: 38603 actu_wrong: 397
2026-07-21 09:25:04,691 P2537689 INFO pr:0.9231  rc:0.9302  auc:0.9932 ap:0.9433 f1: 0.9266 pred_right: 16370 pred_wrong:130 actu_right: 16371 actu_wrong: 129
2026-07-21 09:25:04,692 P2537689 INFO ----------------------------------------------------------------------------------------------------
2026-07-21 09:25:04,692 P2537689 INFO 231/300 starting... lr: 0.0008100000000000001 para:0.01
2026-07-21 09:25:11,365 P2537689 INFO Epoch 231/300, all_loss:0.10676 cls_loss:0.10676 rec_loss:0.08559 [6.67s]; best loss:0.04699, patience : 4
2026-07-21 09:25:14,976 P2537689 INFO pr:0.9398  rc:0.9066  auc:0.9847 ap:0.9635 f1: 0.9229 pred_right: 38618 pred_wrong:382 actu_right: 38604 actu_wrong: 396
2026-07-21 09:25:15,647 P2537689 INFO pr:0.9225  rc:0.9225  auc:0.9950 ap:0.9420 f1: 0.9225 pred_right: 16371 pred_wrong:129 actu_right: 16371 actu_wrong: 129
2026-07-21 09:25:15,647 P2537689 INFO ----------------------------------------------------------------------------------------------------
2026-07-21 09:25:15,647 P2537689 INFO 232/300 starting... lr: 0.0008100000000000001 para:0.01
2026-07-21 09:25:20,753 P2537689 INFO Epoch 232/300, all_loss:0.03699 cls_loss:0.03699 rec_loss:0.08300 [5.10s]; best loss:0.03699, patience : 0
2026-07-21 09:25:22,707 P2537689 INFO pr:0.9308  rc:0.9144  auc:0.9805 ap:0.9593 f1: 0.9225 pred_right: 38610 pred_wrong:390 actu_right: 38603 actu_wrong: 397
2026-07-21 09:25:23,593 P2537689 INFO pr:0.9023  rc:0.9302  auc:0.9894 ap:0.9426 f1: 0.9160 pred_right: 16367 pred_wrong:133 actu_right: 16371 actu_wrong: 129
2026-07-21 09:25:23,593 P2537689 INFO ----------------------------------------------------------------------------------------------------
2026-07-21 09:25:23,593 P2537689 INFO 233/300 starting... lr: 0.0008100000000000001 para:0.01
2026-07-21 09:25:31,944 P2537689 INFO Epoch 233/300, all_loss:0.11071 cls_loss:0.11071 rec_loss:0.08504 [8.35s]; best loss:0.03699, patience : 1
2026-07-21 09:25:36,664 P2537689 INFO pr:0.9173  rc:0.9219  auc:0.9848 ap:0.9644 f1: 0.9196 pred_right: 38601 pred_wrong:399 actu_right: 38603 actu_wrong: 397
2026-07-21 09:25:38,775 P2537689 INFO pr:0.8889  rc:0.9302  auc:0.9972 ap:0.9490 f1: 0.9091 pred_right: 16365 pred_wrong:135 actu_right: 16371 actu_wrong: 129
2026-07-21 09:25:38,776 P2537689 INFO ----------------------------------------------------------------------------------------------------
2026-07-21 09:25:38,776 P2537689 INFO 234/300 starting... lr: 0.0008100000000000001 para:0.01
2026-07-21 09:25:46,272 P2537689 INFO Epoch 234/300, all_loss:0.06343 cls_loss:0.06343 rec_loss:0.08084 [7.49s]; best loss:0.03699, patience : 1
2026-07-21 09:25:48,572 P2537689 INFO pr:0.9426  rc:0.9116  auc:0.9844 ap:0.9629 f1: 0.9268 pred_right: 38617 pred_wrong:383 actu_right: 38604 actu_wrong: 396
2026-07-21 09:25:49,539 P2537689 INFO pr:0.9160  rc:0.9302  auc:0.9950 ap:0.9387 f1: 0.9231 pred_right: 16369 pred_wrong:131 actu_right: 16371 actu_wrong: 129
2026-07-21 09:25:49,540 P2537689 INFO ----------------------------------------------------------------------------------------------------
2026-07-21 09:25:49,540 P2537689 INFO 235/300 starting... lr: 0.0008100000000000001 para:0.01
2026-07-21 09:25:55,972 P2537689 INFO Epoch 235/300, all_loss:0.08907 cls_loss:0.08907 rec_loss:0.08037 [6.43s]; best loss:0.03699, patience : 2
2026-07-21 09:25:58,118 P2537689 INFO pr:0.9152  rc:0.9244  auc:0.9844 ap:0.9619 f1: 0.9198 pred_right: 38599 pred_wrong:401 actu_right: 38603 actu_wrong: 397
2026-07-21 09:25:59,011 P2537689 INFO pr:0.9091  rc:0.9302  auc:0.9955 ap:0.9507 f1: 0.9195 pred_right: 16368 pred_wrong:132 actu_right: 16371 actu_wrong: 129
2026-07-21 09:25:59,012 P2537689 INFO ----------------------------------------------------------------------------------------------------
2026-07-21 09:25:59,019 P2537689 INFO 236/300 starting... lr: 0.0008100000000000001 para:0.01
2026-07-21 09:26:05,405 P2537689 INFO Epoch 236/300, all_loss:0.11108 cls_loss:0.11108 rec_loss:0.08007 [6.39s]; best loss:0.03699, patience : 3
2026-07-21 09:26:07,576 P2537689 INFO pr:0.9020  rc:0.9270  auc:0.9864 ap:0.9659 f1: 0.9143 pred_right: 38592 pred_wrong:408 actu_right: 38603 actu_wrong: 397
2026-07-21 09:26:08,622 P2537689 INFO pr:0.8777  rc:0.9457  auc:0.9995 ap:0.9493 f1: 0.9104 pred_right: 16361 pred_wrong:139 actu_right: 16371 actu_wrong: 129
2026-07-21 09:26:08,623 P2537689 INFO ----------------------------------------------------------------------------------------------------
2026-07-21 09:26:08,623 P2537689 INFO 237/300 starting... lr: 0.0008100000000000001 para:0.01
2026-07-21 09:26:15,135 P2537689 INFO Epoch 237/300, all_loss:0.05669 cls_loss:0.05669 rec_loss:0.08552 [6.51s]; best loss:0.03699, patience : 3
2026-07-21 09:26:17,399 P2537689 INFO pr:0.9309  rc:0.9192  auc:0.9843 ap:0.9640 f1: 0.9250 pred_right: 38609 pred_wrong:391 actu_right: 38604 actu_wrong: 396
2026-07-21 09:26:18,389 P2537689 INFO pr:0.9098  rc:0.9380  auc:0.9954 ap:0.9488 f1: 0.9237 pred_right: 16367 pred_wrong:133 actu_right: 16371 actu_wrong: 129
2026-07-21 09:26:18,390 P2537689 INFO ----------------------------------------------------------------------------------------------------
2026-07-21 09:26:18,390 P2537689 INFO 238/300 starting... lr: 0.0008100000000000001 para:0.01
2026-07-21 09:26:24,880 P2537689 INFO Epoch 238/300, all_loss:0.12877 cls_loss:0.12877 rec_loss:0.08134 [6.49s]; best loss:0.03699, patience : 4
2026-07-21 09:26:26,998 P2537689 INFO pr:0.9495  rc:0.9061  auc:0.9833 ap:0.9625 f1: 0.9273 pred_right: 38624 pred_wrong:376 actu_right: 38606 actu_wrong: 394
2026-07-21 09:26:27,839 P2537689 INFO pr:0.9200  rc:0.8915  auc:0.9927 ap:0.9455 f1: 0.9055 pred_right: 16375 pred_wrong:125 actu_right: 16371 actu_wrong: 129
2026-07-21 09:26:27,840 P2537689 INFO ----------------------------------------------------------------------------------------------------
2026-07-21 09:26:27,840 P2537689 INFO 239/300 starting... lr: 0.0008100000000000001 para:0.01
2026-07-21 09:26:33,963 P2537689 INFO Epoch 239/300, all_loss:0.12740 cls_loss:0.12740 rec_loss:0.07364 [6.12s]; best loss:0.03699, patience : 4
2026-07-21 09:26:36,238 P2537689 INFO pr:0.9453  rc:0.9144  auc:0.9861 ap:0.9644 f1: 0.9296 pred_right: 38616 pred_wrong:384 actu_right: 38603 actu_wrong: 397
2026-07-21 09:26:37,170 P2537689 INFO pr:0.9206  rc:0.8992  auc:0.9971 ap:0.9436 f1: 0.9098 pred_right: 16374 pred_wrong:126 actu_right: 16371 actu_wrong: 129
2026-07-21 09:26:37,170 P2537689 INFO ----------------------------------------------------------------------------------------------------
2026-07-21 09:26:37,170 P2537689 INFO 240/300 starting... lr: 0.0008100000000000001 para:0.01
2026-07-21 09:26:43,577 P2537689 INFO Epoch 240/300, all_loss:0.07647 cls_loss:0.07647 rec_loss:0.07767 [6.41s]; best loss:0.03699, patience : 4
2026-07-21 09:26:45,748 P2537689 INFO pr:0.9289  rc:0.9219  auc:0.9857 ap:0.9598 f1: 0.9254 pred_right: 38606 pred_wrong:394 actu_right: 38603 actu_wrong: 397
2026-07-21 09:26:46,697 P2537689 INFO pr:0.9091  rc:0.9302  auc:0.9967 ap:0.9498 f1: 0.9195 pred_right: 16368 pred_wrong:132 actu_right: 16371 actu_wrong: 129
2026-07-21 09:26:46,697 P2537689 INFO ----------------------------------------------------------------------------------------------------
2026-07-21 09:26:46,697 P2537689 INFO 241/300 starting... lr: 0.0008100000000000001 para:0.01
2026-07-21 09:26:53,177 P2537689 INFO Epoch 241/300, all_loss:0.06520 cls_loss:0.06520 rec_loss:0.07881 [6.48s]; best loss:0.03699, patience : 4
2026-07-21 09:26:54,830 P2537689 INFO pr:0.9354  rc:0.9141  auc:0.9850 ap:0.9591 f1: 0.9246 pred_right: 38613 pred_wrong:387 actu_right: 38604 actu_wrong: 396
2026-07-21 09:26:55,558 P2537689 INFO pr:0.9091  rc:0.9302  auc:0.9953 ap:0.9447 f1: 0.9195 pred_right: 16368 pred_wrong:132 actu_right: 16371 actu_wrong: 129
2026-07-21 09:26:55,558 P2537689 INFO ----------------------------------------------------------------------------------------------------
2026-07-21 09:26:55,559 P2537689 INFO 242/300 starting... lr: 0.0008100000000000001 para:0.01
2026-07-21 09:27:01,450 P2537689 INFO Epoch 242/300, all_loss:0.08215 cls_loss:0.08215 rec_loss:0.07451 [5.89s]; best loss:0.03699, patience : 5
2026-07-21 09:27:05,266 P2537689 INFO pr:0.9316  rc:0.9270  auc:0.9867 ap:0.9652 f1: 0.9293 pred_right: 38605 pred_wrong:395 actu_right: 38603 actu_wrong: 397
2026-07-21 09:27:06,932 P2537689 INFO pr:0.8705  rc:0.9380  auc:0.9970 ap:0.9435 f1: 0.9030 pred_right: 16361 pred_wrong:139 actu_right: 16371 actu_wrong: 129
2026-07-21 09:27:06,933 P2537689 INFO ----------------------------------------------------------------------------------------------------
2026-07-21 09:27:06,933 P2537689 INFO 243/300 starting... lr: 0.0008100000000000001 para:0.01
2026-07-21 09:27:18,672 P2537689 INFO Epoch 243/300, all_loss:0.07936 cls_loss:0.07936 rec_loss:0.07868 [11.74s]; best loss:0.03699, patience : 5
2026-07-21 09:27:21,069 P2537689 INFO pr:0.9529  rc:0.9169  auc:0.9851 ap:0.9684 f1: 0.9345 pred_right: 38618 pred_wrong:382 actu_right: 38603 actu_wrong: 397
2026-07-21 09:27:21,952 P2537689 INFO pr:0.9084  rc:0.9225  auc:0.9912 ap:0.9581 f1: 0.9154 pred_right: 16369 pred_wrong:131 actu_right: 16371 actu_wrong: 129
2026-07-21 09:27:21,957 P2537689 INFO ----------------------------------------------------------------------------------------------------
2026-07-21 09:27:21,957 P2537689 INFO 244/300 starting... lr: 0.0008100000000000001 para:0.01
2026-07-21 09:27:28,364 P2537689 INFO Epoch 244/300, all_loss:0.07284 cls_loss:0.07284 rec_loss:0.07936 [6.41s]; best loss:0.03699, patience : 5
2026-07-21 09:27:30,343 P2537689 INFO pr:0.9316  rc:0.9293  auc:0.9865 ap:0.9616 f1: 0.9305 pred_right: 38605 pred_wrong:395 actu_right: 38604 actu_wrong: 396
2026-07-21 09:27:31,203 P2537689 INFO pr:0.8705  rc:0.9380  auc:0.9954 ap:0.9454 f1: 0.9030 pred_right: 16361 pred_wrong:139 actu_right: 16371 actu_wrong: 129
2026-07-21 09:27:31,203 P2537689 INFO ----------------------------------------------------------------------------------------------------
2026-07-21 09:27:31,203 P2537689 INFO 245/300 starting... lr: 0.0008100000000000001 para:0.01
2026-07-21 09:27:37,696 P2537689 INFO Epoch 245/300, all_loss:0.07098 cls_loss:0.07098 rec_loss:0.08041 [6.49s]; best loss:0.03699, patience : 5
2026-07-21 09:27:39,900 P2537689 INFO pr:0.9134  rc:0.9295  auc:0.9855 ap:0.9596 f1: 0.9213 pred_right: 38596 pred_wrong:404 actu_right: 38603 actu_wrong: 397
2026-07-21 09:27:40,776 P2537689 INFO pr:0.8889  rc:0.9302  auc:0.9951 ap:0.9474 f1: 0.9091 pred_right: 16365 pred_wrong:135 actu_right: 16371 actu_wrong: 129
2026-07-21 09:27:40,777 P2537689 INFO ----------------------------------------------------------------------------------------------------
2026-07-21 09:27:40,777 P2537689 INFO 246/300 starting... lr: 0.0008100000000000001 para:0.01
2026-07-21 09:27:46,992 P2537689 INFO Epoch 246/300, all_loss:0.11290 cls_loss:0.11290 rec_loss:0.08175 [6.21s]; best loss:0.03699, patience : 6
2026-07-21 09:27:48,976 P2537689 INFO pr:0.9383  rc:0.9217  auc:0.9839 ap:0.9647 f1: 0.9299 pred_right: 38611 pred_wrong:389 actu_right: 38604 actu_wrong: 396
2026-07-21 09:27:49,815 P2537689 INFO pr:0.9015  rc:0.9225  auc:0.9975 ap:0.9515 f1: 0.9119 pred_right: 16368 pred_wrong:132 actu_right: 16371 actu_wrong: 129
2026-07-21 09:27:49,815 P2537689 INFO ----------------------------------------------------------------------------------------------------
2026-07-21 09:27:49,815 P2537689 INFO 247/300 starting... lr: 0.0008100000000000001 para:0.01
2026-07-21 09:27:56,119 P2537689 INFO Epoch 247/300, all_loss:0.11373 cls_loss:0.11373 rec_loss:0.08828 [6.30s]; best loss:0.03699, patience : 7
2026-07-21 09:27:58,247 P2537689 INFO pr:0.9478  rc:0.9167  auc:0.9866 ap:0.9643 f1: 0.9320 pred_right: 38617 pred_wrong:383 actu_right: 38604 actu_wrong: 396
2026-07-21 09:27:59,320 P2537689 INFO pr:0.9225  rc:0.9225  auc:0.9969 ap:0.9495 f1: 0.9225 pred_right: 16371 pred_wrong:129 actu_right: 16371 actu_wrong: 129
2026-07-21 09:27:59,321 P2537689 INFO ----------------------------------------------------------------------------------------------------
2026-07-21 09:27:59,321 P2537689 INFO 248/300 starting... lr: 0.0008100000000000001 para:0.01
2026-07-21 09:28:05,703 P2537689 INFO Epoch 248/300, all_loss:0.05626 cls_loss:0.05626 rec_loss:0.08252 [6.38s]; best loss:0.03699, patience : 7
2026-07-21 09:28:07,789 P2537689 INFO pr:0.9481  rc:0.9194  auc:0.9840 ap:0.9641 f1: 0.9335 pred_right: 38615 pred_wrong:385 actu_right: 38603 actu_wrong: 397
2026-07-21 09:28:08,739 P2537689 INFO pr:0.9225  rc:0.9225  auc:0.9954 ap:0.9463 f1: 0.9225 pred_right: 16371 pred_wrong:129 actu_right: 16371 actu_wrong: 129
2026-07-21 09:28:08,740 P2537689 INFO ----------------------------------------------------------------------------------------------------
2026-07-21 09:28:08,740 P2537689 INFO 249/300 starting... lr: 0.0008100000000000001 para:0.01
2026-07-21 09:28:15,371 P2537689 INFO Epoch 249/300, all_loss:0.03528 cls_loss:0.03528 rec_loss:0.08589 [6.63s]; best loss:0.03528, patience : 0
2026-07-21 09:28:17,674 P2537689 INFO pr:0.9288  rc:0.9194  auc:0.9833 ap:0.9573 f1: 0.9241 pred_right: 38607 pred_wrong:393 actu_right: 38603 actu_wrong: 397
2026-07-21 09:28:18,748 P2537689 INFO pr:0.8676  rc:0.9147  auc:0.9916 ap:0.9440 f1: 0.8906 pred_right: 16364 pred_wrong:136 actu_right: 16371 actu_wrong: 129
2026-07-21 09:28:18,749 P2537689 INFO ----------------------------------------------------------------------------------------------------
2026-07-21 09:28:18,749 P2537689 INFO 250/300 starting... lr: 0.0008100000000000001 para:0.01
2026-07-21 09:28:26,420 P2537689 INFO Epoch 250/300, all_loss:0.08936 cls_loss:0.08936 rec_loss:0.08178 [7.67s]; best loss:0.03528, patience : 1
2026-07-21 09:28:28,029 P2537689 INFO pr:0.9288  rc:0.9194  auc:0.9845 ap:0.9597 f1: 0.9241 pred_right: 38607 pred_wrong:393 actu_right: 38603 actu_wrong: 397
2026-07-21 09:28:28,714 P2537689 INFO pr:0.8705  rc:0.9380  auc:0.9948 ap:0.9434 f1: 0.9030 pred_right: 16361 pred_wrong:139 actu_right: 16371 actu_wrong: 129
2026-07-21 09:28:28,715 P2537689 INFO ----------------------------------------------------------------------------------------------------
2026-07-21 09:28:28,715 P2537689 INFO 251/300 starting... lr: 0.0008100000000000001 para:0.01
2026-07-21 09:28:34,371 P2537689 INFO Epoch 251/300, all_loss:0.11111 cls_loss:0.11111 rec_loss:0.08108 [5.66s]; best loss:0.03528, patience : 2
2026-07-21 09:28:36,271 P2537689 INFO pr:0.9427  rc:0.9141  auc:0.9849 ap:0.9584 f1: 0.9282 pred_right: 38616 pred_wrong:384 actu_right: 38604 actu_wrong: 396
2026-07-21 09:28:37,070 P2537689 INFO pr:0.9023  rc:0.9302  auc:0.9951 ap:0.9490 f1: 0.9160 pred_right: 16367 pred_wrong:133 actu_right: 16371 actu_wrong: 129
2026-07-21 09:28:37,070 P2537689 INFO ----------------------------------------------------------------------------------------------------
2026-07-21 09:28:37,071 P2537689 INFO 252/300 starting... lr: 0.0008100000000000001 para:0.01
2026-07-21 09:28:49,397 P2537689 INFO Epoch 252/300, all_loss:0.09511 cls_loss:0.09511 rec_loss:0.07870 [12.33s]; best loss:0.03528, patience : 2
2026-07-21 09:28:52,095 P2537689 INFO pr:0.9407  rc:0.9194  auc:0.9850 ap:0.9625 f1: 0.9299 pred_right: 38612 pred_wrong:388 actu_right: 38603 actu_wrong: 397
2026-07-21 09:28:53,080 P2537689 INFO pr:0.9098  rc:0.9380  auc:0.9967 ap:0.9463 f1: 0.9237 pred_right: 16367 pred_wrong:133 actu_right: 16371 actu_wrong: 129
2026-07-21 09:28:53,081 P2537689 INFO ----------------------------------------------------------------------------------------------------
2026-07-21 09:28:53,081 P2537689 INFO 253/300 starting... lr: 0.0008100000000000001 para:0.01
2026-07-21 09:28:59,674 P2537689 INFO Epoch 253/300, all_loss:0.05061 cls_loss:0.05061 rec_loss:0.08237 [6.59s]; best loss:0.03528, patience : 2
2026-07-21 09:29:01,984 P2537689 INFO pr:0.9528  rc:0.9144  auc:0.9829 ap:0.9635 f1: 0.9332 pred_right: 38619 pred_wrong:381 actu_right: 38603 actu_wrong: 397
2026-07-21 09:29:02,977 P2537689 INFO pr:0.9134  rc:0.8992  auc:0.9945 ap:0.9421 f1: 0.9062 pred_right: 16373 pred_wrong:127 actu_right: 16371 actu_wrong: 129
2026-07-21 09:29:02,978 P2537689 INFO ----------------------------------------------------------------------------------------------------
2026-07-21 09:29:02,978 P2537689 INFO 254/300 starting... lr: 0.0008100000000000001 para:0.01
2026-07-21 09:29:09,380 P2537689 INFO Epoch 254/300, all_loss:0.06895 cls_loss:0.06895 rec_loss:0.08434 [6.40s]; best loss:0.03528, patience : 3
2026-07-21 09:29:11,613 P2537689 INFO pr:0.9551  rc:0.9118  auc:0.9830 ap:0.9628 f1: 0.9330 pred_right: 38621 pred_wrong:379 actu_right: 38603 actu_wrong: 397
2026-07-21 09:29:12,606 P2537689 INFO pr:0.9127  rc:0.8915  auc:0.9946 ap:0.9432 f1: 0.9020 pred_right: 16374 pred_wrong:126 actu_right: 16371 actu_wrong: 129
2026-07-21 09:29:12,607 P2537689 INFO ----------------------------------------------------------------------------------------------------
2026-07-21 09:29:12,607 P2537689 INFO 255/300 starting... lr: 0.0008100000000000001 para:0.01
2026-07-21 09:29:19,160 P2537689 INFO Epoch 255/300, all_loss:0.09321 cls_loss:0.09321 rec_loss:0.08421 [6.55s]; best loss:0.03528, patience : 4
2026-07-21 09:29:21,429 P2537689 INFO pr:0.9333  rc:0.9169  auc:0.9840 ap:0.9639 f1: 0.9250 pred_right: 38610 pred_wrong:390 actu_right: 38603 actu_wrong: 397
2026-07-21 09:29:22,404 P2537689 INFO pr:0.8750  rc:0.9225  auc:0.9945 ap:0.9393 f1: 0.8981 pred_right: 16364 pred_wrong:136 actu_right: 16371 actu_wrong: 129
2026-07-21 09:29:22,404 P2537689 INFO ----------------------------------------------------------------------------------------------------
2026-07-21 09:29:22,404 P2537689 INFO 256/300 starting... lr: 0.0008100000000000001 para:0.01
2026-07-21 09:29:28,972 P2537689 INFO Epoch 256/300, all_loss:0.11994 cls_loss:0.11994 rec_loss:0.08318 [6.57s]; best loss:0.03528, patience : 5
2026-07-21 09:29:31,352 P2537689 INFO pr:0.9476  rc:0.9118  auc:0.9825 ap:0.9660 f1: 0.9294 pred_right: 38618 pred_wrong:382 actu_right: 38603 actu_wrong: 397
2026-07-21 09:29:32,403 P2537689 INFO pr:0.9147  rc:0.9147  auc:0.9949 ap:0.9420 f1: 0.9147 pred_right: 16371 pred_wrong:129 actu_right: 16371 actu_wrong: 129
2026-07-21 09:29:32,403 P2537689 INFO ----------------------------------------------------------------------------------------------------
2026-07-21 09:29:32,403 P2537689 INFO 257/300 starting... lr: 0.0008100000000000001 para:0.01
2026-07-21 09:29:38,907 P2537689 INFO Epoch 257/300, all_loss:0.08825 cls_loss:0.08825 rec_loss:0.08032 [6.50s]; best loss:0.03528, patience : 5
2026-07-21 09:29:41,042 P2537689 INFO pr:0.9504  rc:0.9169  auc:0.9828 ap:0.9629 f1: 0.9333 pred_right: 38617 pred_wrong:383 actu_right: 38603 actu_wrong: 397
2026-07-21 09:29:41,867 P2537689 INFO pr:0.9160  rc:0.9302  auc:0.9927 ap:0.9414 f1: 0.9231 pred_right: 16369 pred_wrong:131 actu_right: 16371 actu_wrong: 129
2026-07-21 09:29:41,868 P2537689 INFO ----------------------------------------------------------------------------------------------------
2026-07-21 09:29:41,868 P2537689 INFO 258/300 starting... lr: 0.0008100000000000001 para:0.01
2026-07-21 09:29:48,377 P2537689 INFO Epoch 258/300, all_loss:0.06900 cls_loss:0.06900 rec_loss:0.08843 [6.51s]; best loss:0.03528, patience : 5
2026-07-21 09:29:50,345 P2537689 INFO pr:0.9196  rc:0.9242  auc:0.9848 ap:0.9592 f1: 0.9219 pred_right: 38602 pred_wrong:398 actu_right: 38604 actu_wrong: 396
2026-07-21 09:29:51,337 P2537689 INFO pr:0.9098  rc:0.9380  auc:0.9969 ap:0.9483 f1: 0.9237 pred_right: 16367 pred_wrong:133 actu_right: 16371 actu_wrong: 129
2026-07-21 09:29:51,338 P2537689 INFO ----------------------------------------------------------------------------------------------------
2026-07-21 09:29:51,338 P2537689 INFO 259/300 starting... lr: 0.0008100000000000001 para:0.01
2026-07-21 09:29:58,080 P2537689 INFO Epoch 259/300, all_loss:0.13385 cls_loss:0.13385 rec_loss:0.08455 [6.74s]; best loss:0.03528, patience : 6
2026-07-21 09:30:00,763 P2537689 INFO pr:0.9449  rc:0.9068  auc:0.9830 ap:0.9621 f1: 0.9254 pred_right: 38619 pred_wrong:381 actu_right: 38603 actu_wrong: 397
2026-07-21 09:30:02,364 P2537689 INFO pr:0.9147  rc:0.9147  auc:0.9945 ap:0.9362 f1: 0.9147 pred_right: 16371 pred_wrong:129 actu_right: 16371 actu_wrong: 129
2026-07-21 09:30:02,365 P2537689 INFO ----------------------------------------------------------------------------------------------------
2026-07-21 09:30:02,372 P2537689 INFO 260/300 starting... lr: 0.0008100000000000001 para:0.01
2026-07-21 09:30:07,219 P2537689 INFO Epoch 260/300, all_loss:0.06785 cls_loss:0.06785 rec_loss:0.08318 [4.85s]; best loss:0.03528, patience : 6
2026-07-21 09:30:08,961 P2537689 INFO pr:0.9443  rc:0.8967  auc:0.9804 ap:0.9613 f1: 0.9199 pred_right: 38623 pred_wrong:377 actu_right: 38603 actu_wrong: 397
2026-07-21 09:30:09,785 P2537689 INFO pr:0.9084  rc:0.9225  auc:0.9869 ap:0.9384 f1: 0.9154 pred_right: 16369 pred_wrong:131 actu_right: 16371 actu_wrong: 129
2026-07-21 09:30:09,786 P2537689 INFO ----------------------------------------------------------------------------------------------------
2026-07-21 09:30:09,786 P2537689 INFO 261/300 starting... lr: 0.0008100000000000001 para:0.01
2026-07-21 09:30:17,031 P2537689 INFO Epoch 261/300, all_loss:0.09298 cls_loss:0.09298 rec_loss:0.08434 [7.24s]; best loss:0.03528, patience : 7
2026-07-21 09:30:21,236 P2537689 INFO pr:0.9568  rc:0.8917  auc:0.9789 ap:0.9610 f1: 0.9231 pred_right: 38630 pred_wrong:370 actu_right: 38603 actu_wrong: 397
2026-07-21 09:30:22,810 P2537689 INFO pr:0.9062  rc:0.8992  auc:0.9846 ap:0.9401 f1: 0.9027 pred_right: 16372 pred_wrong:128 actu_right: 16371 actu_wrong: 129
2026-07-21 09:30:22,811 P2537689 INFO ----------------------------------------------------------------------------------------------------
2026-07-21 09:30:22,811 P2537689 INFO 262/300 starting... lr: 0.0008100000000000001 para:0.01
2026-07-21 09:30:32,708 P2537689 INFO Epoch 262/300, all_loss:0.09265 cls_loss:0.09265 rec_loss:0.08261 [9.90s]; best loss:0.03528, patience : 7
2026-07-21 09:30:34,802 P2537689 INFO pr:0.9475  rc:0.9116  auc:0.9814 ap:0.9621 f1: 0.9292 pred_right: 38619 pred_wrong:381 actu_right: 38604 actu_wrong: 396
2026-07-21 09:30:35,702 P2537689 INFO pr:0.8947  rc:0.9225  auc:0.9888 ap:0.9396 f1: 0.9084 pred_right: 16367 pred_wrong:133 actu_right: 16371 actu_wrong: 129
2026-07-21 09:30:35,703 P2537689 INFO ----------------------------------------------------------------------------------------------------
2026-07-21 09:30:35,703 P2537689 INFO 263/300 starting... lr: 0.0008100000000000001 para:0.01
2026-07-21 09:30:42,244 P2537689 INFO Epoch 263/300, all_loss:0.05752 cls_loss:0.05752 rec_loss:0.08593 [6.54s]; best loss:0.03528, patience : 7
2026-07-21 09:30:44,469 P2537689 INFO pr:0.9359  rc:0.9194  auc:0.9830 ap:0.9625 f1: 0.9276 pred_right: 38610 pred_wrong:390 actu_right: 38603 actu_wrong: 397
2026-07-21 09:30:45,411 P2537689 INFO pr:0.9084  rc:0.9225  auc:0.9949 ap:0.9430 f1: 0.9154 pred_right: 16369 pred_wrong:131 actu_right: 16371 actu_wrong: 129
2026-07-21 09:30:45,411 P2537689 INFO ----------------------------------------------------------------------------------------------------
2026-07-21 09:30:45,411 P2537689 INFO 264/300 starting... lr: 0.0008100000000000001 para:0.01
2026-07-21 09:30:51,887 P2537689 INFO Epoch 264/300, all_loss:0.07753 cls_loss:0.07753 rec_loss:0.08469 [6.48s]; best loss:0.03528, patience : 8
2026-07-21 09:30:54,142 P2537689 INFO pr:0.9241  rc:0.9194  auc:0.9825 ap:0.9629 f1: 0.9217 pred_right: 38605 pred_wrong:395 actu_right: 38603 actu_wrong: 397
2026-07-21 09:30:54,989 P2537689 INFO pr:0.8815  rc:0.9225  auc:0.9927 ap:0.9379 f1: 0.9015 pred_right: 16365 pred_wrong:135 actu_right: 16371 actu_wrong: 129
2026-07-21 09:30:54,990 P2537689 INFO ----------------------------------------------------------------------------------------------------
2026-07-21 09:30:54,990 P2537689 INFO 265/300 starting... lr: 0.0008100000000000001 para:0.01
2026-07-21 09:31:01,533 P2537689 INFO Epoch 265/300, all_loss:0.07059 cls_loss:0.07059 rec_loss:0.08561 [6.54s]; best loss:0.03528, patience : 8
2026-07-21 09:31:03,827 P2537689 INFO pr:0.9577  rc:0.9118  auc:0.9835 ap:0.9648 f1: 0.9342 pred_right: 38622 pred_wrong:378 actu_right: 38603 actu_wrong: 397
2026-07-21 09:31:04,688 P2537689 INFO pr:0.9154  rc:0.9225  auc:0.9908 ap:0.9453 f1: 0.9189 pred_right: 16370 pred_wrong:130 actu_right: 16371 actu_wrong: 129
2026-07-21 09:31:04,688 P2537689 INFO ----------------------------------------------------------------------------------------------------
2026-07-21 09:31:04,688 P2537689 INFO 266/300 starting... lr: 0.0008100000000000001 para:0.01
2026-07-21 09:31:11,125 P2537689 INFO Epoch 266/300, all_loss:0.04083 cls_loss:0.04083 rec_loss:0.09059 [6.44s]; best loss:0.03528, patience : 8
2026-07-21 09:31:13,436 P2537689 INFO pr:0.9064  rc:0.9270  auc:0.9854 ap:0.9643 f1: 0.9166 pred_right: 38594 pred_wrong:406 actu_right: 38603 actu_wrong: 397
2026-07-21 09:31:14,429 P2537689 INFO pr:0.8592  rc:0.9457  auc:0.9964 ap:0.9406 f1: 0.9004 pred_right: 16358 pred_wrong:142 actu_right: 16371 actu_wrong: 129
2026-07-21 09:31:14,430 P2537689 INFO ----------------------------------------------------------------------------------------------------
2026-07-21 09:31:14,430 P2537689 INFO 267/300 starting... lr: 0.0008100000000000001 para:0.01
2026-07-21 09:31:20,881 P2537689 INFO Epoch 267/300, all_loss:0.06618 cls_loss:0.06618 rec_loss:0.08226 [6.45s]; best loss:0.03528, patience : 9
2026-07-21 09:31:22,913 P2537689 INFO pr:0.9476  rc:0.9141  auc:0.9826 ap:0.9652 f1: 0.9306 pred_right: 38618 pred_wrong:382 actu_right: 38604 actu_wrong: 396
2026-07-21 09:31:24,025 P2537689 INFO pr:0.9084  rc:0.9225  auc:0.9909 ap:0.9477 f1: 0.9154 pred_right: 16369 pred_wrong:131 actu_right: 16371 actu_wrong: 129
2026-07-21 09:31:24,026 P2537689 INFO ----------------------------------------------------------------------------------------------------
2026-07-21 09:31:24,026 P2537689 INFO 268/300 starting... lr: 0.0008100000000000001 para:0.01
2026-07-21 09:31:30,777 P2537689 INFO Epoch 268/300, all_loss:0.11712 cls_loss:0.11712 rec_loss:0.07779 [6.75s]; best loss:0.03528, patience : 10
2026-07-21 09:31:32,854 P2537689 INFO pr:0.9260  rc:0.9144  auc:0.9859 ap:0.9664 f1: 0.9202 pred_right: 38608 pred_wrong:392 actu_right: 38603 actu_wrong: 397
2026-07-21 09:31:33,765 P2537689 INFO pr:0.8722  rc:0.8992  auc:0.9963 ap:0.9400 f1: 0.8855 pred_right: 16367 pred_wrong:133 actu_right: 16371 actu_wrong: 129
2026-07-21 09:31:33,765 P2537689 INFO ----------------------------------------------------------------------------------------------------
2026-07-21 09:31:33,773 P2537689 INFO 269/300 starting... lr: 0.0008100000000000001 para:0.01
2026-07-21 09:31:40,873 P2537689 INFO Epoch 269/300, all_loss:0.07755 cls_loss:0.07755 rec_loss:0.08186 [7.10s]; best loss:0.03528, patience : 10
2026-07-21 09:31:42,368 P2537689 INFO pr:0.9475  rc:0.9093  auc:0.9835 ap:0.9644 f1: 0.9280 pred_right: 38619 pred_wrong:381 actu_right: 38603 actu_wrong: 397
2026-07-21 09:31:43,069 P2537689 INFO pr:0.8931  rc:0.9070  auc:0.9889 ap:0.9421 f1: 0.9000 pred_right: 16369 pred_wrong:131 actu_right: 16371 actu_wrong: 129
2026-07-21 09:31:43,069 P2537689 INFO ----------------------------------------------------------------------------------------------------
2026-07-21 09:31:43,069 P2537689 INFO 270/300 starting... lr: 0.0008100000000000001 para:0.01
2026-07-21 09:31:48,732 P2537689 INFO Epoch 270/300, all_loss:0.09164 cls_loss:0.09164 rec_loss:0.07391 [5.66s]; best loss:0.03528, patience : 11
2026-07-21 09:31:50,559 P2537689 INFO pr:0.9282  rc:0.9118  auc:0.9847 ap:0.9642 f1: 0.9199 pred_right: 38610 pred_wrong:390 actu_right: 38603 actu_wrong: 397
2026-07-21 09:31:51,515 P2537689 INFO pr:0.9008  rc:0.9147  auc:0.9966 ap:0.9488 f1: 0.9077 pred_right: 16369 pred_wrong:131 actu_right: 16371 actu_wrong: 129
2026-07-21 09:31:51,516 P2537689 INFO ----------------------------------------------------------------------------------------------------
2026-07-21 09:31:51,516 P2537689 INFO 271/300 starting... lr: 0.0008100000000000001 para:0.01
2026-07-21 09:32:04,768 P2537689 INFO Epoch 271/300, all_loss:0.07390 cls_loss:0.07390 rec_loss:0.07763 [13.25s]; best loss:0.03528, patience : 11
2026-07-21 09:32:07,239 P2537689 INFO pr:0.9123  rc:0.9169  auc:0.9877 ap:0.9632 f1: 0.9146 pred_right: 38601 pred_wrong:399 actu_right: 38603 actu_wrong: 397
2026-07-21 09:32:08,247 P2537689 INFO pr:0.8881  rc:0.9225  auc:0.9961 ap:0.9417 f1: 0.9049 pred_right: 16366 pred_wrong:134 actu_right: 16371 actu_wrong: 129
2026-07-21 09:32:08,248 P2537689 INFO ----------------------------------------------------------------------------------------------------
2026-07-21 09:32:08,248 P2537689 INFO 272/300 starting... lr: 0.0008100000000000001 para:0.01
2026-07-21 09:32:15,009 P2537689 INFO Epoch 272/300, all_loss:0.05923 cls_loss:0.05923 rec_loss:0.07813 [6.76s]; best loss:0.03528, patience : 11
2026-07-21 09:32:17,107 P2537689 INFO pr:0.9525  rc:0.9093  auc:0.9833 ap:0.9623 f1: 0.9304 pred_right: 38621 pred_wrong:379 actu_right: 38603 actu_wrong: 397
2026-07-21 09:32:17,970 P2537689 INFO pr:0.9147  rc:0.9147  auc:0.9884 ap:0.9441 f1: 0.9147 pred_right: 16371 pred_wrong:129 actu_right: 16371 actu_wrong: 129
2026-07-21 09:32:17,971 P2537689 INFO ----------------------------------------------------------------------------------------------------
2026-07-21 09:32:17,971 P2537689 INFO 273/300 starting... lr: 0.0008100000000000001 para:0.01
2026-07-21 09:32:24,278 P2537689 INFO Epoch 273/300, all_loss:0.07867 cls_loss:0.07867 rec_loss:0.07826 [6.31s]; best loss:0.03528, patience : 12
2026-07-21 09:32:26,374 P2537689 INFO pr:0.9475  rc:0.9093  auc:0.9858 ap:0.9600 f1: 0.9280 pred_right: 38619 pred_wrong:381 actu_right: 38603 actu_wrong: 397
2026-07-21 09:32:27,233 P2537689 INFO pr:0.9154  rc:0.9225  auc:0.9926 ap:0.9384 f1: 0.9189 pred_right: 16370 pred_wrong:130 actu_right: 16371 actu_wrong: 129
2026-07-21 09:32:27,234 P2537689 INFO ----------------------------------------------------------------------------------------------------
2026-07-21 09:32:27,234 P2537689 INFO 274/300 starting... lr: 0.0008100000000000001 para:0.01
2026-07-21 09:32:33,499 P2537689 INFO Epoch 274/300, all_loss:0.06265 cls_loss:0.06265 rec_loss:0.07940 [6.26s]; best loss:0.03528, patience : 12
2026-07-21 09:32:35,515 P2537689 INFO pr:0.9219  rc:0.9242  auc:0.9861 ap:0.9562 f1: 0.9231 pred_right: 38603 pred_wrong:397 actu_right: 38604 actu_wrong: 396
2026-07-21 09:32:36,335 P2537689 INFO pr:0.9023  rc:0.9302  auc:0.9968 ap:0.9449 f1: 0.9160 pred_right: 16367 pred_wrong:133 actu_right: 16371 actu_wrong: 129
2026-07-21 09:32:36,336 P2537689 INFO ----------------------------------------------------------------------------------------------------
2026-07-21 09:32:36,336 P2537689 INFO 275/300 starting... lr: 0.0008100000000000001 para:0.01
2026-07-21 09:32:42,692 P2537689 INFO Epoch 275/300, all_loss:0.08000 cls_loss:0.08000 rec_loss:0.07670 [6.36s]; best loss:0.03528, patience : 13
2026-07-21 09:32:44,733 P2537689 INFO pr:0.9146  rc:0.9215  auc:0.9856 ap:0.9609 f1: 0.9180 pred_right: 38602 pred_wrong:398 actu_right: 38605 actu_wrong: 395
2026-07-21 09:32:45,561 P2537689 INFO pr:0.8832  rc:0.9380  auc:0.9948 ap:0.9454 f1: 0.9098 pred_right: 16363 pred_wrong:137 actu_right: 16371 actu_wrong: 129
2026-07-21 09:32:45,561 P2537689 INFO ----------------------------------------------------------------------------------------------------
2026-07-21 09:32:45,561 P2537689 INFO 276/300 starting... lr: 0.0008100000000000001 para:0.01
2026-07-21 09:32:52,151 P2537689 INFO Epoch 276/300, all_loss:0.07532 cls_loss:0.07532 rec_loss:0.08476 [6.59s]; best loss:0.03528, patience : 13
2026-07-21 09:32:54,522 P2537689 INFO pr:0.9406  rc:0.9169  auc:0.9849 ap:0.9610 f1: 0.9286 pred_right: 38613 pred_wrong:387 actu_right: 38603 actu_wrong: 397
2026-07-21 09:32:55,418 P2537689 INFO pr:0.9023  rc:0.9302  auc:0.9962 ap:0.9405 f1: 0.9160 pred_right: 16367 pred_wrong:133 actu_right: 16371 actu_wrong: 129
2026-07-21 09:32:55,418 P2537689 INFO ----------------------------------------------------------------------------------------------------
2026-07-21 09:32:55,418 P2537689 INFO 277/300 starting... lr: 0.0008100000000000001 para:0.01
2026-07-21 09:33:02,076 P2537689 INFO Epoch 277/300, all_loss:0.06135 cls_loss:0.06135 rec_loss:0.08458 [6.66s]; best loss:0.03528, patience : 13
2026-07-21 09:33:04,291 P2537689 INFO pr:0.9385  rc:0.9242  auc:0.9845 ap:0.9589 f1: 0.9313 pred_right: 38610 pred_wrong:390 actu_right: 38604 actu_wrong: 396
2026-07-21 09:33:05,194 P2537689 INFO pr:0.9023  rc:0.9302  auc:0.9910 ap:0.9376 f1: 0.9160 pred_right: 16367 pred_wrong:133 actu_right: 16371 actu_wrong: 129
2026-07-21 09:33:05,195 P2537689 INFO ----------------------------------------------------------------------------------------------------
2026-07-21 09:33:05,195 P2537689 INFO 278/300 starting... lr: 0.0008100000000000001 para:0.01
2026-07-21 09:33:12,941 P2537689 INFO Epoch 278/300, all_loss:0.04390 cls_loss:0.04390 rec_loss:0.08960 [7.75s]; best loss:0.03528, patience : 13
2026-07-21 09:33:14,658 P2537689 INFO pr:0.9424  rc:0.9068  auc:0.9843 ap:0.9645 f1: 0.9243 pred_right: 38618 pred_wrong:382 actu_right: 38603 actu_wrong: 397
2026-07-21 09:33:15,301 P2537689 INFO pr:0.9015  rc:0.9225  auc:0.9887 ap:0.9347 f1: 0.9119 pred_right: 16368 pred_wrong:132 actu_right: 16371 actu_wrong: 129
2026-07-21 09:33:15,302 P2537689 INFO ----------------------------------------------------------------------------------------------------
2026-07-21 09:33:15,302 P2537689 INFO 279/300 starting... lr: 0.0008100000000000001 para:0.01
2026-07-21 09:33:20,614 P2537689 INFO Epoch 279/300, all_loss:0.05862 cls_loss:0.05862 rec_loss:0.09244 [5.31s]; best loss:0.03528, patience : 14
2026-07-21 09:33:22,698 P2537689 INFO pr:0.9407  rc:0.9194  auc:0.9847 ap:0.9582 f1: 0.9299 pred_right: 38612 pred_wrong:388 actu_right: 38603 actu_wrong: 397
2026-07-21 09:33:23,568 P2537689 INFO pr:0.9023  rc:0.9302  auc:0.9891 ap:0.9419 f1: 0.9160 pred_right: 16367 pred_wrong:133 actu_right: 16371 actu_wrong: 129
2026-07-21 09:33:23,568 P2537689 INFO ----------------------------------------------------------------------------------------------------
2026-07-21 09:33:23,569 P2537689 INFO 280/300 starting... lr: 0.0008100000000000001 para:0.01
2026-07-21 09:33:33,485 P2537689 INFO Early stop at epoch: 280
2026-07-21 09:33:33,485 P2537689 INFO saving model...
2026-07-21 09:33:33,486 P2537689 INFO AnoFusion - loss  best score:0.03528367727994919 at epoch 249
2026-07-21 09:33:33,497 P2537689 INFO AnoFusion - f1  best score:0.9345314505776636 at epoch 243
2026-07-21 09:33:33,507 P2537689 INFO Average training time per epoch: 6.96 seconds
2026-07-21 09:33:33,509 P2537689 INFO calculate scores...
2026-07-21 09:33:33,509 P2537689 INFO calculate label with loss...
2026-07-21 09:33:33,509 P2537689 INFO AnoFusion on ./result/AnoFusion-MSDS-Epochs300-Seed3ExpNameRQ1_main-lowshow-simplegraph loading...
2026-07-21 09:33:35,326 P2537689 INFO pr:0.8676  rc:0.9147  auc:0.9916 ap:0.9440 f1: 0.8906 pred_right: 16364 pred_wrong:136 actu_right: 16371 actu_wrong: 129
2026-07-21 09:33:38,260 P2537689 INFO pr:0.8676  rc:0.9147  auc:0.9916 ap:0.9437 f1: 0.8906 pred_right: 16364 pred_wrong:136 actu_right: 16371 actu_wrong: 129
2026-07-21 09:33:38,261 P2537689 INFO Performance Summary:
{'GPU': {'inference_time_per_sample_ms': 0.5206529032450127, 'throughput_samples_per_sec': 1920.6653679781991, 'peak_memory_mb': 33.24462890625, 'energy_per_sample_joules': 0.0254435264022289}, 'CPU': {'inference_time_per_sample_ms': 0.8621009181376638, 'throughput_samples_per_sec': 1159.9570061475285, 'peak_memory_mb': 2928.140625, 'energy_per_sample_joules': 0.05603655967894815}}
2026-07-21 09:33:38,261 P2537689 INFO Starting clean-room hardware benchmarking...
2026-07-21 09:33:39,348 P2537689 INFO Performance with loss: pr:0.8676  rc:0.9147  auc:0.9916 ap:0.9440 f1: 0.8906 pred_right: 16364 pred_wrong:136 actu_right: 16371 actu_wrong: 129
2026-07-21 09:33:39,348 P2537689 INFO calculate label with f1...
2026-07-21 09:33:39,348 P2537689 INFO AnoFusion on ./result/AnoFusion-MSDS-Epochs300-Seed3ExpNameRQ1_main-lowshow-simplegraph loading...
2026-07-21 09:33:40,536 P2537689 INFO pr:0.9084  rc:0.9225  auc:0.9912 ap:0.9581 f1: 0.9154 pred_right: 16369 pred_wrong:131 actu_right: 16371 actu_wrong: 129
2026-07-21 09:33:41,998 P2537689 INFO pr:0.9084  rc:0.9225  auc:0.9912 ap:0.9581 f1: 0.9154 pred_right: 16369 pred_wrong:131 actu_right: 16371 actu_wrong: 129
2026-07-21 09:33:41,998 P2537689 INFO Performance Summary:
{'GPU': {'inference_time_per_sample_ms': 0.33951413097028166, 'throughput_samples_per_sec': 2945.3855046979825, 'peak_memory_mb': 33.3828125, 'energy_per_sample_joules': 0.016649772982782612}, 'CPU': {'inference_time_per_sample_ms': 0.4239541217373006, 'throughput_samples_per_sec': 2358.745790469378, 'peak_memory_mb': 2929.97265625, 'energy_per_sample_joules': 0.027557017912924538}}
2026-07-21 09:33:41,999 P2537689 INFO Starting clean-room hardware benchmarking...
2026-07-21 09:33:42,826 P2537689 INFO Performance with f1: pr:0.9084  rc:0.9225  auc:0.9912 ap:0.9581 f1: 0.9154 pred_right: 16369 pred_wrong:131 actu_right: 16371 actu_wrong: 129
