2026-07-17 14:49:52,288 P3497859 INFO ---- Model: ----MSTGAD-36410c1c----random_seed : 1----req_loss_approach : Normal-Recreation----rec_lambda : 1.0----auxi_lambda : 0.5----Freq Domain : encoder_decoder----Multi Fits : false----train : True----evaluate : False
2026-07-17 14:49:52,288 P3497859 INFO Load from /home/db2003/Desktop/Amr/Tests/Eadro/codes/chunks/SN
2026-07-17 14:49:53,213 P3497859 INFO Fewshot: training with 1.0 of the 70% of the data
2026-07-17 14:50:03,190 P3497859 INFO Trainable Parameters Breakdown:
2026-07-17 14:50:03,191 P3497859 INFO --------------------------------------------------------------------------------
2026-07-17 14:50:03,191 P3497859 INFO Reconstruction-Specific Parameters:
2026-07-17 14:50:03,191 P3497859 INFO encoder.spatial_attention.0.node2node.att | shape: (1, 4, 10)                | params: 40
2026-07-17 14:50:03,191 P3497859 INFO encoder.spatial_attention.0.node2node.bias | shape: (40,)                     | params: 40
2026-07-17 14:50:03,191 P3497859 INFO encoder.spatial_attention.0.node2node.lin_l.weight | shape: (40, 40)                  | params: 1,600
2026-07-17 14:50:03,191 P3497859 INFO encoder.spatial_attention.0.node2node.lin_l.bias | shape: (40,)                     | params: 40
2026-07-17 14:50:03,191 P3497859 INFO encoder.spatial_attention.0.node2node.lin_r.weight | shape: (40, 40)                  | params: 1,600
2026-07-17 14:50:03,191 P3497859 INFO encoder.spatial_attention.0.node2node.lin_r.bias | shape: (40,)                     | params: 40
2026-07-17 14:50:03,191 P3497859 INFO encoder.spatial_attention.0.node2node.lin_edge.weight | shape: (40, 8)                   | params: 320
2026-07-17 14:50:03,191 P3497859 INFO encoder.spatial_attention.0.egde2node.att | shape: (1, 2, 4)                 | params: 8
2026-07-17 14:50:03,191 P3497859 INFO encoder.spatial_attention.0.egde2node.bias | shape: (8,)                      | params: 8
2026-07-17 14:50:03,191 P3497859 INFO encoder.spatial_attention.0.egde2node.lin_l.weight | shape: (8, 8)                    | params: 64
2026-07-17 14:50:03,191 P3497859 INFO encoder.spatial_attention.0.egde2node.lin_l.bias | shape: (8,)                      | params: 8
2026-07-17 14:50:03,191 P3497859 INFO encoder.spatial_attention.0.egde2node.lin_r.weight | shape: (8, 8)                    | params: 64
2026-07-17 14:50:03,191 P3497859 INFO encoder.spatial_attention.0.egde2node.lin_r.bias | shape: (8,)                      | params: 8
2026-07-17 14:50:03,191 P3497859 INFO encoder.spatial_attention.0.egde2node.lin_edge.weight | shape: (8, 40)                   | params: 320
2026-07-17 14:50:03,191 P3497859 INFO encoder.spatial_attention.1.node2node.att | shape: (1, 4, 10)                | params: 40
2026-07-17 14:50:03,191 P3497859 INFO encoder.spatial_attention.1.node2node.bias | shape: (40,)                     | params: 40
2026-07-17 14:50:03,191 P3497859 INFO encoder.spatial_attention.1.node2node.lin_l.weight | shape: (40, 40)                  | params: 1,600
2026-07-17 14:50:03,191 P3497859 INFO encoder.spatial_attention.1.node2node.lin_l.bias | shape: (40,)                     | params: 40
2026-07-17 14:50:03,191 P3497859 INFO encoder.spatial_attention.1.node2node.lin_r.weight | shape: (40, 40)                  | params: 1,600
2026-07-17 14:50:03,191 P3497859 INFO encoder.spatial_attention.1.node2node.lin_r.bias | shape: (40,)                     | params: 40
2026-07-17 14:50:03,192 P3497859 INFO encoder.spatial_attention.1.node2node.lin_edge.weight | shape: (40, 8)                   | params: 320
2026-07-17 14:50:03,192 P3497859 INFO encoder.spatial_attention.1.egde2node.att | shape: (1, 2, 4)                 | params: 8
2026-07-17 14:50:03,192 P3497859 INFO encoder.spatial_attention.1.egde2node.bias | shape: (8,)                      | params: 8
2026-07-17 14:50:03,192 P3497859 INFO encoder.spatial_attention.1.egde2node.lin_l.weight | shape: (8, 8)                    | params: 64
2026-07-17 14:50:03,192 P3497859 INFO encoder.spatial_attention.1.egde2node.lin_l.bias | shape: (8,)                      | params: 8
2026-07-17 14:50:03,192 P3497859 INFO encoder.spatial_attention.1.egde2node.lin_r.weight | shape: (8, 8)                    | params: 64
2026-07-17 14:50:03,192 P3497859 INFO encoder.spatial_attention.1.egde2node.lin_r.bias | shape: (8,)                      | params: 8
2026-07-17 14:50:03,192 P3497859 INFO encoder.spatial_attention.1.egde2node.lin_edge.weight | shape: (8, 40)                   | params: 320
2026-07-17 14:50:03,192 P3497859 INFO encoder.sa_add.0.addnorm_node.ln.weight  | shape: (8,)                      | params: 8
2026-07-17 14:50:03,192 P3497859 INFO encoder.sa_add.0.addnorm_node.ln.bias    | shape: (8,)                      | params: 8
2026-07-17 14:50:03,192 P3497859 INFO encoder.sa_add.0.addnorm_trace.ln.weight | shape: (8,)                      | params: 8
2026-07-17 14:50:03,192 P3497859 INFO encoder.sa_add.0.addnorm_trace.ln.bias   | shape: (8,)                      | params: 8
2026-07-17 14:50:03,192 P3497859 INFO encoder.sa_add.0.addnorm_log.ln.weight   | shape: (32,)                     | params: 32
2026-07-17 14:50:03,192 P3497859 INFO encoder.sa_add.0.addnorm_log.ln.bias     | shape: (32,)                     | params: 32
2026-07-17 14:50:03,192 P3497859 INFO encoder.sa_add.1.addnorm_node.ln.weight  | shape: (8,)                      | params: 8
2026-07-17 14:50:03,192 P3497859 INFO encoder.sa_add.1.addnorm_node.ln.bias    | shape: (8,)                      | params: 8
2026-07-17 14:50:03,192 P3497859 INFO encoder.sa_add.1.addnorm_trace.ln.weight | shape: (8,)                      | params: 8
2026-07-17 14:50:03,192 P3497859 INFO encoder.sa_add.1.addnorm_trace.ln.bias   | shape: (8,)                      | params: 8
2026-07-17 14:50:03,192 P3497859 INFO encoder.sa_add.1.addnorm_log.ln.weight   | shape: (32,)                     | params: 32
2026-07-17 14:50:03,192 P3497859 INFO encoder.sa_add.1.addnorm_log.ln.bias     | shape: (32,)                     | params: 32
2026-07-17 14:50:03,192 P3497859 INFO encoder.temporal_attention.0.attention_node.in_proj_weight | shape: (24, 8)                   | params: 192
2026-07-17 14:50:03,192 P3497859 INFO encoder.temporal_attention.0.attention_node.in_proj_bias | shape: (24,)                     | params: 24
2026-07-17 14:50:03,192 P3497859 INFO encoder.temporal_attention.0.attention_node.out_proj.weight | shape: (8, 8)                    | params: 64
2026-07-17 14:50:03,192 P3497859 INFO encoder.temporal_attention.0.attention_node.out_proj.bias | shape: (8,)                      | params: 8
2026-07-17 14:50:03,193 P3497859 INFO encoder.temporal_attention.0.attention_trace.in_proj_weight | shape: (24, 8)                   | params: 192
2026-07-17 14:50:03,193 P3497859 INFO encoder.temporal_attention.0.attention_trace.in_proj_bias | shape: (24,)                     | params: 24
2026-07-17 14:50:03,193 P3497859 INFO encoder.temporal_attention.0.attention_trace.out_proj.weight | shape: (8, 8)                    | params: 64
2026-07-17 14:50:03,193 P3497859 INFO encoder.temporal_attention.0.attention_trace.out_proj.bias | shape: (8,)                      | params: 8
2026-07-17 14:50:03,193 P3497859 INFO encoder.temporal_attention.0.attention_log.in_proj_weight | shape: (96, 32)                  | params: 3,072
2026-07-17 14:50:03,193 P3497859 INFO encoder.temporal_attention.0.attention_log.in_proj_bias | shape: (96,)                     | params: 96
2026-07-17 14:50:03,193 P3497859 INFO encoder.temporal_attention.0.attention_log.out_proj.weight | shape: (32, 32)                  | params: 1,024
2026-07-17 14:50:03,193 P3497859 INFO encoder.temporal_attention.0.attention_log.out_proj.bias | shape: (32,)                     | params: 32
2026-07-17 14:50:03,193 P3497859 INFO encoder.temporal_attention.0.vff_node.weight | shape: (8, 8)                    | params: 64
2026-07-17 14:50:03,193 P3497859 INFO encoder.temporal_attention.0.vff_node.bias | shape: (8,)                      | params: 8
2026-07-17 14:50:03,193 P3497859 INFO encoder.temporal_attention.0.vff_trace.weight | shape: (8, 8)                    | params: 64
2026-07-17 14:50:03,193 P3497859 INFO encoder.temporal_attention.0.vff_trace.bias | shape: (8,)                      | params: 8
2026-07-17 14:50:03,193 P3497859 INFO encoder.temporal_attention.0.vff_log.weight | shape: (32, 32)                  | params: 1,024
2026-07-17 14:50:03,193 P3497859 INFO encoder.temporal_attention.0.vff_log.bias | shape: (32,)                     | params: 32
2026-07-17 14:50:03,193 P3497859 INFO encoder.temporal_attention.0.headff_node.weight | shape: (10, 10)                  | params: 100
2026-07-17 14:50:03,193 P3497859 INFO encoder.temporal_attention.0.headff_node.bias | shape: (10,)                     | params: 10
2026-07-17 14:50:03,193 P3497859 INFO encoder.temporal_attention.0.headff_trace.weight | shape: (10, 40)                  | params: 400
2026-07-17 14:50:03,193 P3497859 INFO encoder.temporal_attention.0.headff_trace.bias | shape: (10,)                     | params: 10
2026-07-17 14:50:03,193 P3497859 INFO encoder.temporal_attention.0.headff_log.weight | shape: (10, 10)                  | params: 100
2026-07-17 14:50:03,193 P3497859 INFO encoder.temporal_attention.0.headff_log.bias | shape: (10,)                     | params: 10
2026-07-17 14:50:03,193 P3497859 INFO encoder.temporal_attention.1.attention_node.in_proj_weight | shape: (24, 8)                   | params: 192
2026-07-17 14:50:03,193 P3497859 INFO encoder.temporal_attention.1.attention_node.in_proj_bias | shape: (24,)                     | params: 24
2026-07-17 14:50:03,193 P3497859 INFO encoder.temporal_attention.1.attention_node.out_proj.weight | shape: (8, 8)                    | params: 64
2026-07-17 14:50:03,194 P3497859 INFO encoder.temporal_attention.1.attention_node.out_proj.bias | shape: (8,)                      | params: 8
2026-07-17 14:50:03,194 P3497859 INFO encoder.temporal_attention.1.attention_trace.in_proj_weight | shape: (24, 8)                   | params: 192
2026-07-17 14:50:03,194 P3497859 INFO encoder.temporal_attention.1.attention_trace.in_proj_bias | shape: (24,)                     | params: 24
2026-07-17 14:50:03,194 P3497859 INFO encoder.temporal_attention.1.attention_trace.out_proj.weight | shape: (8, 8)                    | params: 64
2026-07-17 14:50:03,194 P3497859 INFO encoder.temporal_attention.1.attention_trace.out_proj.bias | shape: (8,)                      | params: 8
2026-07-17 14:50:03,194 P3497859 INFO encoder.temporal_attention.1.attention_log.in_proj_weight | shape: (96, 32)                  | params: 3,072
2026-07-17 14:50:03,194 P3497859 INFO encoder.temporal_attention.1.attention_log.in_proj_bias | shape: (96,)                     | params: 96
2026-07-17 14:50:03,194 P3497859 INFO encoder.temporal_attention.1.attention_log.out_proj.weight | shape: (32, 32)                  | params: 1,024
2026-07-17 14:50:03,194 P3497859 INFO encoder.temporal_attention.1.attention_log.out_proj.bias | shape: (32,)                     | params: 32
2026-07-17 14:50:03,194 P3497859 INFO encoder.temporal_attention.1.vff_node.weight | shape: (8, 8)                    | params: 64
2026-07-17 14:50:03,194 P3497859 INFO encoder.temporal_attention.1.vff_node.bias | shape: (8,)                      | params: 8
2026-07-17 14:50:03,194 P3497859 INFO encoder.temporal_attention.1.vff_trace.weight | shape: (8, 8)                    | params: 64
2026-07-17 14:50:03,194 P3497859 INFO encoder.temporal_attention.1.vff_trace.bias | shape: (8,)                      | params: 8
2026-07-17 14:50:03,194 P3497859 INFO encoder.temporal_attention.1.vff_log.weight | shape: (32, 32)                  | params: 1,024
2026-07-17 14:50:03,194 P3497859 INFO encoder.temporal_attention.1.vff_log.bias | shape: (32,)                     | params: 32
2026-07-17 14:50:03,194 P3497859 INFO encoder.temporal_attention.1.headff_node.weight | shape: (10, 10)                  | params: 100
2026-07-17 14:50:03,194 P3497859 INFO encoder.temporal_attention.1.headff_node.bias | shape: (10,)                     | params: 10
2026-07-17 14:50:03,194 P3497859 INFO encoder.temporal_attention.1.headff_trace.weight | shape: (10, 40)                  | params: 400
2026-07-17 14:50:03,194 P3497859 INFO encoder.temporal_attention.1.headff_trace.bias | shape: (10,)                     | params: 10
2026-07-17 14:50:03,194 P3497859 INFO encoder.temporal_attention.1.headff_log.weight | shape: (10, 10)                  | params: 100
2026-07-17 14:50:03,194 P3497859 INFO encoder.temporal_attention.1.headff_log.bias | shape: (10,)                     | params: 10
2026-07-17 14:50:03,194 P3497859 INFO encoder.ta_add.0.addnorm_node.ln.weight  | shape: (8,)                      | params: 8
2026-07-17 14:50:03,194 P3497859 INFO encoder.ta_add.0.addnorm_node.ln.bias    | shape: (8,)                      | params: 8
2026-07-17 14:50:03,195 P3497859 INFO encoder.ta_add.0.addnorm_trace.ln.weight | shape: (8,)                      | params: 8
2026-07-17 14:50:03,195 P3497859 INFO encoder.ta_add.0.addnorm_trace.ln.bias   | shape: (8,)                      | params: 8
2026-07-17 14:50:03,195 P3497859 INFO encoder.ta_add.0.addnorm_log.ln.weight   | shape: (32,)                     | params: 32
2026-07-17 14:50:03,195 P3497859 INFO encoder.ta_add.0.addnorm_log.ln.bias     | shape: (32,)                     | params: 32
2026-07-17 14:50:03,195 P3497859 INFO encoder.ta_add.1.addnorm_node.ln.weight  | shape: (8,)                      | params: 8
2026-07-17 14:50:03,195 P3497859 INFO encoder.ta_add.1.addnorm_node.ln.bias    | shape: (8,)                      | params: 8
2026-07-17 14:50:03,195 P3497859 INFO encoder.ta_add.1.addnorm_trace.ln.weight | shape: (8,)                      | params: 8
2026-07-17 14:50:03,195 P3497859 INFO encoder.ta_add.1.addnorm_trace.ln.bias   | shape: (8,)                      | params: 8
2026-07-17 14:50:03,195 P3497859 INFO encoder.ta_add.1.addnorm_log.ln.weight   | shape: (32,)                     | params: 32
2026-07-17 14:50:03,195 P3497859 INFO encoder.ta_add.1.addnorm_log.ln.bias     | shape: (32,)                     | params: 32
2026-07-17 14:50:03,195 P3497859 INFO encoder.ffn.0.ff_node.ff.0.weight        | shape: (32, 8)                   | params: 256
2026-07-17 14:50:03,195 P3497859 INFO encoder.ffn.0.ff_node.ff.0.bias          | shape: (32,)                     | params: 32
2026-07-17 14:50:03,195 P3497859 INFO encoder.ffn.0.ff_node.ff.3.weight        | shape: (8, 32)                   | params: 256
2026-07-17 14:50:03,195 P3497859 INFO encoder.ffn.0.ff_node.ff.3.bias          | shape: (8,)                      | params: 8
2026-07-17 14:50:03,195 P3497859 INFO encoder.ffn.0.addnorm_node.ln.weight     | shape: (8,)                      | params: 8
2026-07-17 14:50:03,195 P3497859 INFO encoder.ffn.0.addnorm_node.ln.bias       | shape: (8,)                      | params: 8
2026-07-17 14:50:03,195 P3497859 INFO encoder.ffn.0.ff_trace.ff.0.weight       | shape: (32, 8)                   | params: 256
2026-07-17 14:50:03,195 P3497859 INFO encoder.ffn.0.ff_trace.ff.0.bias         | shape: (32,)                     | params: 32
2026-07-17 14:50:03,195 P3497859 INFO encoder.ffn.0.ff_trace.ff.3.weight       | shape: (8, 32)                   | params: 256
2026-07-17 14:50:03,195 P3497859 INFO encoder.ffn.0.ff_trace.ff.3.bias         | shape: (8,)                      | params: 8
2026-07-17 14:50:03,195 P3497859 INFO encoder.ffn.0.addnorm_trace.ln.weight    | shape: (8,)                      | params: 8
2026-07-17 14:50:03,195 P3497859 INFO encoder.ffn.0.addnorm_trace.ln.bias      | shape: (8,)                      | params: 8
2026-07-17 14:50:03,195 P3497859 INFO encoder.ffn.0.ff_log.ff.0.weight         | shape: (128, 32)                 | params: 4,096
2026-07-17 14:50:03,195 P3497859 INFO encoder.ffn.0.ff_log.ff.0.bias           | shape: (128,)                    | params: 128
2026-07-17 14:50:03,196 P3497859 INFO encoder.ffn.0.ff_log.ff.3.weight         | shape: (32, 128)                 | params: 4,096
2026-07-17 14:50:03,196 P3497859 INFO encoder.ffn.0.ff_log.ff.3.bias           | shape: (32,)                     | params: 32
2026-07-17 14:50:03,196 P3497859 INFO encoder.ffn.0.addnorm_log.ln.weight      | shape: (32,)                     | params: 32
2026-07-17 14:50:03,196 P3497859 INFO encoder.ffn.0.addnorm_log.ln.bias        | shape: (32,)                     | params: 32
2026-07-17 14:50:03,196 P3497859 INFO encoder.ffn.1.ff_node.ff.0.weight        | shape: (32, 8)                   | params: 256
2026-07-17 14:50:03,196 P3497859 INFO encoder.ffn.1.ff_node.ff.0.bias          | shape: (32,)                     | params: 32
2026-07-17 14:50:03,196 P3497859 INFO encoder.ffn.1.ff_node.ff.3.weight        | shape: (8, 32)                   | params: 256
2026-07-17 14:50:03,196 P3497859 INFO encoder.ffn.1.ff_node.ff.3.bias          | shape: (8,)                      | params: 8
2026-07-17 14:50:03,196 P3497859 INFO encoder.ffn.1.addnorm_node.ln.weight     | shape: (8,)                      | params: 8
2026-07-17 14:50:03,196 P3497859 INFO encoder.ffn.1.addnorm_node.ln.bias       | shape: (8,)                      | params: 8
2026-07-17 14:50:03,196 P3497859 INFO encoder.ffn.1.ff_trace.ff.0.weight       | shape: (32, 8)                   | params: 256
2026-07-17 14:50:03,196 P3497859 INFO encoder.ffn.1.ff_trace.ff.0.bias         | shape: (32,)                     | params: 32
2026-07-17 14:50:03,196 P3497859 INFO encoder.ffn.1.ff_trace.ff.3.weight       | shape: (8, 32)                   | params: 256
2026-07-17 14:50:03,196 P3497859 INFO encoder.ffn.1.ff_trace.ff.3.bias         | shape: (8,)                      | params: 8
2026-07-17 14:50:03,196 P3497859 INFO encoder.ffn.1.addnorm_trace.ln.weight    | shape: (8,)                      | params: 8
2026-07-17 14:50:03,196 P3497859 INFO encoder.ffn.1.addnorm_trace.ln.bias      | shape: (8,)                      | params: 8
2026-07-17 14:50:03,196 P3497859 INFO encoder.ffn.1.ff_log.ff.0.weight         | shape: (128, 32)                 | params: 4,096
2026-07-17 14:50:03,196 P3497859 INFO encoder.ffn.1.ff_log.ff.0.bias           | shape: (128,)                    | params: 128
2026-07-17 14:50:03,196 P3497859 INFO encoder.ffn.1.ff_log.ff.3.weight         | shape: (32, 128)                 | params: 4,096
2026-07-17 14:50:03,196 P3497859 INFO encoder.ffn.1.ff_log.ff.3.bias           | shape: (32,)                     | params: 32
2026-07-17 14:50:03,196 P3497859 INFO encoder.ffn.1.addnorm_log.ln.weight      | shape: (32,)                     | params: 32
2026-07-17 14:50:03,196 P3497859 INFO encoder.ffn.1.addnorm_log.ln.bias        | shape: (32,)                     | params: 32
2026-07-17 14:50:03,196 P3497859 INFO decoder.spatial_attention.0.node2node.att | shape: (1, 4, 10)                | params: 40
2026-07-17 14:50:03,197 P3497859 INFO decoder.spatial_attention.0.node2node.bias | shape: (40,)                     | params: 40
2026-07-17 14:50:03,197 P3497859 INFO decoder.spatial_attention.0.node2node.lin_l.weight | shape: (40, 40)                  | params: 1,600
2026-07-17 14:50:03,197 P3497859 INFO decoder.spatial_attention.0.node2node.lin_l.bias | shape: (40,)                     | params: 40
2026-07-17 14:50:03,197 P3497859 INFO decoder.spatial_attention.0.node2node.lin_r.weight | shape: (40, 40)                  | params: 1,600
2026-07-17 14:50:03,197 P3497859 INFO decoder.spatial_attention.0.node2node.lin_r.bias | shape: (40,)                     | params: 40
2026-07-17 14:50:03,197 P3497859 INFO decoder.spatial_attention.0.node2node.lin_edge.weight | shape: (40, 8)                   | params: 320
2026-07-17 14:50:03,197 P3497859 INFO decoder.spatial_attention.0.egde2node.att | shape: (1, 2, 4)                 | params: 8
2026-07-17 14:50:03,197 P3497859 INFO decoder.spatial_attention.0.egde2node.bias | shape: (8,)                      | params: 8
2026-07-17 14:50:03,197 P3497859 INFO decoder.spatial_attention.0.egde2node.lin_l.weight | shape: (8, 8)                    | params: 64
2026-07-17 14:50:03,197 P3497859 INFO decoder.spatial_attention.0.egde2node.lin_l.bias | shape: (8,)                      | params: 8
2026-07-17 14:50:03,197 P3497859 INFO decoder.spatial_attention.0.egde2node.lin_r.weight | shape: (8, 8)                    | params: 64
2026-07-17 14:50:03,197 P3497859 INFO decoder.spatial_attention.0.egde2node.lin_r.bias | shape: (8,)                      | params: 8
2026-07-17 14:50:03,197 P3497859 INFO decoder.spatial_attention.0.egde2node.lin_edge.weight | shape: (8, 40)                   | params: 320
2026-07-17 14:50:03,197 P3497859 INFO decoder.spatial_attention.1.node2node.att | shape: (1, 4, 10)                | params: 40
2026-07-17 14:50:03,197 P3497859 INFO decoder.spatial_attention.1.node2node.bias | shape: (40,)                     | params: 40
2026-07-17 14:50:03,197 P3497859 INFO decoder.spatial_attention.1.node2node.lin_l.weight | shape: (40, 40)                  | params: 1,600
2026-07-17 14:50:03,197 P3497859 INFO decoder.spatial_attention.1.node2node.lin_l.bias | shape: (40,)                     | params: 40
2026-07-17 14:50:03,197 P3497859 INFO decoder.spatial_attention.1.node2node.lin_r.weight | shape: (40, 40)                  | params: 1,600
2026-07-17 14:50:03,197 P3497859 INFO decoder.spatial_attention.1.node2node.lin_r.bias | shape: (40,)                     | params: 40
2026-07-17 14:50:03,197 P3497859 INFO decoder.spatial_attention.1.node2node.lin_edge.weight | shape: (40, 8)                   | params: 320
2026-07-17 14:50:03,197 P3497859 INFO decoder.spatial_attention.1.egde2node.att | shape: (1, 2, 4)                 | params: 8
2026-07-17 14:50:03,197 P3497859 INFO decoder.spatial_attention.1.egde2node.bias | shape: (8,)                      | params: 8
2026-07-17 14:50:03,197 P3497859 INFO decoder.spatial_attention.1.egde2node.lin_l.weight | shape: (8, 8)                    | params: 64
2026-07-17 14:50:03,197 P3497859 INFO decoder.spatial_attention.1.egde2node.lin_l.bias | shape: (8,)                      | params: 8
2026-07-17 14:50:03,198 P3497859 INFO decoder.spatial_attention.1.egde2node.lin_r.weight | shape: (8, 8)                    | params: 64
2026-07-17 14:50:03,198 P3497859 INFO decoder.spatial_attention.1.egde2node.lin_r.bias | shape: (8,)                      | params: 8
2026-07-17 14:50:03,198 P3497859 INFO decoder.spatial_attention.1.egde2node.lin_edge.weight | shape: (8, 40)                   | params: 320
2026-07-17 14:50:03,198 P3497859 INFO decoder.sa_add.0.addnorm_node.ln.weight  | shape: (8,)                      | params: 8
2026-07-17 14:50:03,198 P3497859 INFO decoder.sa_add.0.addnorm_node.ln.bias    | shape: (8,)                      | params: 8
2026-07-17 14:50:03,198 P3497859 INFO decoder.sa_add.0.addnorm_trace.ln.weight | shape: (8,)                      | params: 8
2026-07-17 14:50:03,198 P3497859 INFO decoder.sa_add.0.addnorm_trace.ln.bias   | shape: (8,)                      | params: 8
2026-07-17 14:50:03,198 P3497859 INFO decoder.sa_add.0.addnorm_log.ln.weight   | shape: (32,)                     | params: 32
2026-07-17 14:50:03,198 P3497859 INFO decoder.sa_add.0.addnorm_log.ln.bias     | shape: (32,)                     | params: 32
2026-07-17 14:50:03,198 P3497859 INFO decoder.sa_add.1.addnorm_node.ln.weight  | shape: (8,)                      | params: 8
2026-07-17 14:50:03,198 P3497859 INFO decoder.sa_add.1.addnorm_node.ln.bias    | shape: (8,)                      | params: 8
2026-07-17 14:50:03,198 P3497859 INFO decoder.sa_add.1.addnorm_trace.ln.weight | shape: (8,)                      | params: 8
2026-07-17 14:50:03,198 P3497859 INFO decoder.sa_add.1.addnorm_trace.ln.bias   | shape: (8,)                      | params: 8
2026-07-17 14:50:03,198 P3497859 INFO decoder.sa_add.1.addnorm_log.ln.weight   | shape: (32,)                     | params: 32
2026-07-17 14:50:03,198 P3497859 INFO decoder.sa_add.1.addnorm_log.ln.bias     | shape: (32,)                     | params: 32
2026-07-17 14:50:03,198 P3497859 INFO decoder.temporal_attention.0.attention_node.in_proj_weight | shape: (24, 8)                   | params: 192
2026-07-17 14:50:03,198 P3497859 INFO decoder.temporal_attention.0.attention_node.in_proj_bias | shape: (24,)                     | params: 24
2026-07-17 14:50:03,198 P3497859 INFO decoder.temporal_attention.0.attention_node.out_proj.weight | shape: (8, 8)                    | params: 64
2026-07-17 14:50:03,198 P3497859 INFO decoder.temporal_attention.0.attention_node.out_proj.bias | shape: (8,)                      | params: 8
2026-07-17 14:50:03,198 P3497859 INFO decoder.temporal_attention.0.attention_trace.in_proj_weight | shape: (24, 8)                   | params: 192
2026-07-17 14:50:03,198 P3497859 INFO decoder.temporal_attention.0.attention_trace.in_proj_bias | shape: (24,)                     | params: 24
2026-07-17 14:50:03,198 P3497859 INFO decoder.temporal_attention.0.attention_trace.out_proj.weight | shape: (8, 8)                    | params: 64
2026-07-17 14:50:03,198 P3497859 INFO decoder.temporal_attention.0.attention_trace.out_proj.bias | shape: (8,)                      | params: 8
2026-07-17 14:50:03,199 P3497859 INFO decoder.temporal_attention.0.attention_log.in_proj_weight | shape: (96, 32)                  | params: 3,072
2026-07-17 14:50:03,199 P3497859 INFO decoder.temporal_attention.0.attention_log.in_proj_bias | shape: (96,)                     | params: 96
2026-07-17 14:50:03,199 P3497859 INFO decoder.temporal_attention.0.attention_log.out_proj.weight | shape: (32, 32)                  | params: 1,024
2026-07-17 14:50:03,199 P3497859 INFO decoder.temporal_attention.0.attention_log.out_proj.bias | shape: (32,)                     | params: 32
2026-07-17 14:50:03,199 P3497859 INFO decoder.temporal_attention.0.vff_node.weight | shape: (8, 8)                    | params: 64
2026-07-17 14:50:03,199 P3497859 INFO decoder.temporal_attention.0.vff_node.bias | shape: (8,)                      | params: 8
2026-07-17 14:50:03,199 P3497859 INFO decoder.temporal_attention.0.vff_trace.weight | shape: (8, 8)                    | params: 64
2026-07-17 14:50:03,199 P3497859 INFO decoder.temporal_attention.0.vff_trace.bias | shape: (8,)                      | params: 8
2026-07-17 14:50:03,199 P3497859 INFO decoder.temporal_attention.0.vff_log.weight | shape: (32, 32)                  | params: 1,024
2026-07-17 14:50:03,199 P3497859 INFO decoder.temporal_attention.0.vff_log.bias | shape: (32,)                     | params: 32
2026-07-17 14:50:03,199 P3497859 INFO decoder.temporal_attention.0.headff_node.weight | shape: (10, 10)                  | params: 100
2026-07-17 14:50:03,199 P3497859 INFO decoder.temporal_attention.0.headff_node.bias | shape: (10,)                     | params: 10
2026-07-17 14:50:03,199 P3497859 INFO decoder.temporal_attention.0.headff_trace.weight | shape: (10, 40)                  | params: 400
2026-07-17 14:50:03,199 P3497859 INFO decoder.temporal_attention.0.headff_trace.bias | shape: (10,)                     | params: 10
2026-07-17 14:50:03,199 P3497859 INFO decoder.temporal_attention.0.headff_log.weight | shape: (10, 10)                  | params: 100
2026-07-17 14:50:03,199 P3497859 INFO decoder.temporal_attention.0.headff_log.bias | shape: (10,)                     | params: 10
2026-07-17 14:50:03,199 P3497859 INFO decoder.temporal_attention.1.attention_node.in_proj_weight | shape: (24, 8)                   | params: 192
2026-07-17 14:50:03,199 P3497859 INFO decoder.temporal_attention.1.attention_node.in_proj_bias | shape: (24,)                     | params: 24
2026-07-17 14:50:03,199 P3497859 INFO decoder.temporal_attention.1.attention_node.out_proj.weight | shape: (8, 8)                    | params: 64
2026-07-17 14:50:03,199 P3497859 INFO decoder.temporal_attention.1.attention_node.out_proj.bias | shape: (8,)                      | params: 8
2026-07-17 14:50:03,199 P3497859 INFO decoder.temporal_attention.1.attention_trace.in_proj_weight | shape: (24, 8)                   | params: 192
2026-07-17 14:50:03,199 P3497859 INFO decoder.temporal_attention.1.attention_trace.in_proj_bias | shape: (24,)                     | params: 24
2026-07-17 14:50:03,199 P3497859 INFO decoder.temporal_attention.1.attention_trace.out_proj.weight | shape: (8, 8)                    | params: 64
2026-07-17 14:50:03,199 P3497859 INFO decoder.temporal_attention.1.attention_trace.out_proj.bias | shape: (8,)                      | params: 8
2026-07-17 14:50:03,200 P3497859 INFO decoder.temporal_attention.1.attention_log.in_proj_weight | shape: (96, 32)                  | params: 3,072
2026-07-17 14:50:03,200 P3497859 INFO decoder.temporal_attention.1.attention_log.in_proj_bias | shape: (96,)                     | params: 96
2026-07-17 14:50:03,200 P3497859 INFO decoder.temporal_attention.1.attention_log.out_proj.weight | shape: (32, 32)                  | params: 1,024
2026-07-17 14:50:03,200 P3497859 INFO decoder.temporal_attention.1.attention_log.out_proj.bias | shape: (32,)                     | params: 32
2026-07-17 14:50:03,200 P3497859 INFO decoder.temporal_attention.1.vff_node.weight | shape: (8, 8)                    | params: 64
2026-07-17 14:50:03,200 P3497859 INFO decoder.temporal_attention.1.vff_node.bias | shape: (8,)                      | params: 8
2026-07-17 14:50:03,200 P3497859 INFO decoder.temporal_attention.1.vff_trace.weight | shape: (8, 8)                    | params: 64
2026-07-17 14:50:03,200 P3497859 INFO decoder.temporal_attention.1.vff_trace.bias | shape: (8,)                      | params: 8
2026-07-17 14:50:03,200 P3497859 INFO decoder.temporal_attention.1.vff_log.weight | shape: (32, 32)                  | params: 1,024
2026-07-17 14:50:03,200 P3497859 INFO decoder.temporal_attention.1.vff_log.bias | shape: (32,)                     | params: 32
2026-07-17 14:50:03,200 P3497859 INFO decoder.temporal_attention.1.headff_node.weight | shape: (10, 10)                  | params: 100
2026-07-17 14:50:03,200 P3497859 INFO decoder.temporal_attention.1.headff_node.bias | shape: (10,)                     | params: 10
2026-07-17 14:50:03,200 P3497859 INFO decoder.temporal_attention.1.headff_trace.weight | shape: (10, 40)                  | params: 400
2026-07-17 14:50:03,200 P3497859 INFO decoder.temporal_attention.1.headff_trace.bias | shape: (10,)                     | params: 10
2026-07-17 14:50:03,200 P3497859 INFO decoder.temporal_attention.1.headff_log.weight | shape: (10, 10)                  | params: 100
2026-07-17 14:50:03,200 P3497859 INFO decoder.temporal_attention.1.headff_log.bias | shape: (10,)                     | params: 10
2026-07-17 14:50:03,200 P3497859 INFO decoder.ta_add.0.addnorm_node.ln.weight  | shape: (8,)                      | params: 8
2026-07-17 14:50:03,200 P3497859 INFO decoder.ta_add.0.addnorm_node.ln.bias    | shape: (8,)                      | params: 8
2026-07-17 14:50:03,200 P3497859 INFO decoder.ta_add.0.addnorm_trace.ln.weight | shape: (8,)                      | params: 8
2026-07-17 14:50:03,200 P3497859 INFO decoder.ta_add.0.addnorm_trace.ln.bias   | shape: (8,)                      | params: 8
2026-07-17 14:50:03,200 P3497859 INFO decoder.ta_add.0.addnorm_log.ln.weight   | shape: (32,)                     | params: 32
2026-07-17 14:50:03,200 P3497859 INFO decoder.ta_add.0.addnorm_log.ln.bias     | shape: (32,)                     | params: 32
2026-07-17 14:50:03,200 P3497859 INFO decoder.ta_add.1.addnorm_node.ln.weight  | shape: (8,)                      | params: 8
2026-07-17 14:50:03,201 P3497859 INFO decoder.ta_add.1.addnorm_node.ln.bias    | shape: (8,)                      | params: 8
2026-07-17 14:50:03,201 P3497859 INFO decoder.ta_add.1.addnorm_trace.ln.weight | shape: (8,)                      | params: 8
2026-07-17 14:50:03,201 P3497859 INFO decoder.ta_add.1.addnorm_trace.ln.bias   | shape: (8,)                      | params: 8
2026-07-17 14:50:03,201 P3497859 INFO decoder.ta_add.1.addnorm_log.ln.weight   | shape: (32,)                     | params: 32
2026-07-17 14:50:03,201 P3497859 INFO decoder.ta_add.1.addnorm_log.ln.bias     | shape: (32,)                     | params: 32
2026-07-17 14:50:03,201 P3497859 INFO decoder.cross_attention.0.attention_node.in_proj_weight | shape: (24, 8)                   | params: 192
2026-07-17 14:50:03,201 P3497859 INFO decoder.cross_attention.0.attention_node.in_proj_bias | shape: (24,)                     | params: 24
2026-07-17 14:50:03,201 P3497859 INFO decoder.cross_attention.0.attention_node.out_proj.weight | shape: (8, 8)                    | params: 64
2026-07-17 14:50:03,201 P3497859 INFO decoder.cross_attention.0.attention_node.out_proj.bias | shape: (8,)                      | params: 8
2026-07-17 14:50:03,201 P3497859 INFO decoder.cross_attention.0.attention_trace.in_proj_weight | shape: (24, 8)                   | params: 192
2026-07-17 14:50:03,201 P3497859 INFO decoder.cross_attention.0.attention_trace.in_proj_bias | shape: (24,)                     | params: 24
2026-07-17 14:50:03,201 P3497859 INFO decoder.cross_attention.0.attention_trace.out_proj.weight | shape: (8, 8)                    | params: 64
2026-07-17 14:50:03,201 P3497859 INFO decoder.cross_attention.0.attention_trace.out_proj.bias | shape: (8,)                      | params: 8
2026-07-17 14:50:03,201 P3497859 INFO decoder.cross_attention.0.attention_log.in_proj_weight | shape: (96, 32)                  | params: 3,072
2026-07-17 14:50:03,201 P3497859 INFO decoder.cross_attention.0.attention_log.in_proj_bias | shape: (96,)                     | params: 96
2026-07-17 14:50:03,201 P3497859 INFO decoder.cross_attention.0.attention_log.out_proj.weight | shape: (32, 32)                  | params: 1,024
2026-07-17 14:50:03,201 P3497859 INFO decoder.cross_attention.0.attention_log.out_proj.bias | shape: (32,)                     | params: 32
2026-07-17 14:50:03,201 P3497859 INFO decoder.cross_attention.1.attention_node.in_proj_weight | shape: (24, 8)                   | params: 192
2026-07-17 14:50:03,201 P3497859 INFO decoder.cross_attention.1.attention_node.in_proj_bias | shape: (24,)                     | params: 24
2026-07-17 14:50:03,201 P3497859 INFO decoder.cross_attention.1.attention_node.out_proj.weight | shape: (8, 8)                    | params: 64
2026-07-17 14:50:03,201 P3497859 INFO decoder.cross_attention.1.attention_node.out_proj.bias | shape: (8,)                      | params: 8
2026-07-17 14:50:03,201 P3497859 INFO decoder.cross_attention.1.attention_trace.in_proj_weight | shape: (24, 8)                   | params: 192
2026-07-17 14:50:03,201 P3497859 INFO decoder.cross_attention.1.attention_trace.in_proj_bias | shape: (24,)                     | params: 24
2026-07-17 14:50:03,202 P3497859 INFO decoder.cross_attention.1.attention_trace.out_proj.weight | shape: (8, 8)                    | params: 64
2026-07-17 14:50:03,202 P3497859 INFO decoder.cross_attention.1.attention_trace.out_proj.bias | shape: (8,)                      | params: 8
2026-07-17 14:50:03,202 P3497859 INFO decoder.cross_attention.1.attention_log.in_proj_weight | shape: (96, 32)                  | params: 3,072
2026-07-17 14:50:03,202 P3497859 INFO decoder.cross_attention.1.attention_log.in_proj_bias | shape: (96,)                     | params: 96
2026-07-17 14:50:03,202 P3497859 INFO decoder.cross_attention.1.attention_log.out_proj.weight | shape: (32, 32)                  | params: 1,024
2026-07-17 14:50:03,202 P3497859 INFO decoder.cross_attention.1.attention_log.out_proj.bias | shape: (32,)                     | params: 32
2026-07-17 14:50:03,202 P3497859 INFO decoder.ca_add.0.addnorm_node.ln.weight  | shape: (8,)                      | params: 8
2026-07-17 14:50:03,202 P3497859 INFO decoder.ca_add.0.addnorm_node.ln.bias    | shape: (8,)                      | params: 8
2026-07-17 14:50:03,202 P3497859 INFO decoder.ca_add.0.addnorm_trace.ln.weight | shape: (8,)                      | params: 8
2026-07-17 14:50:03,202 P3497859 INFO decoder.ca_add.0.addnorm_trace.ln.bias   | shape: (8,)                      | params: 8
2026-07-17 14:50:03,202 P3497859 INFO decoder.ca_add.0.addnorm_log.ln.weight   | shape: (32,)                     | params: 32
2026-07-17 14:50:03,202 P3497859 INFO decoder.ca_add.0.addnorm_log.ln.bias     | shape: (32,)                     | params: 32
2026-07-17 14:50:03,202 P3497859 INFO decoder.ca_add.1.addnorm_node.ln.weight  | shape: (8,)                      | params: 8
2026-07-17 14:50:03,202 P3497859 INFO decoder.ca_add.1.addnorm_node.ln.bias    | shape: (8,)                      | params: 8
2026-07-17 14:50:03,202 P3497859 INFO decoder.ca_add.1.addnorm_trace.ln.weight | shape: (8,)                      | params: 8
2026-07-17 14:50:03,202 P3497859 INFO decoder.ca_add.1.addnorm_trace.ln.bias   | shape: (8,)                      | params: 8
2026-07-17 14:50:03,202 P3497859 INFO decoder.ca_add.1.addnorm_log.ln.weight   | shape: (32,)                     | params: 32
2026-07-17 14:50:03,202 P3497859 INFO decoder.ca_add.1.addnorm_log.ln.bias     | shape: (32,)                     | params: 32
2026-07-17 14:50:03,202 P3497859 INFO decoder.ffn.0.ff_node.ff.0.weight        | shape: (32, 8)                   | params: 256
2026-07-17 14:50:03,202 P3497859 INFO decoder.ffn.0.ff_node.ff.0.bias          | shape: (32,)                     | params: 32
2026-07-17 14:50:03,202 P3497859 INFO decoder.ffn.0.ff_node.ff.3.weight        | shape: (8, 32)                   | params: 256
2026-07-17 14:50:03,202 P3497859 INFO decoder.ffn.0.ff_node.ff.3.bias          | shape: (8,)                      | params: 8
2026-07-17 14:50:03,202 P3497859 INFO decoder.ffn.0.addnorm_node.ln.weight     | shape: (8,)                      | params: 8
2026-07-17 14:50:03,203 P3497859 INFO decoder.ffn.0.addnorm_node.ln.bias       | shape: (8,)                      | params: 8
2026-07-17 14:50:03,203 P3497859 INFO decoder.ffn.0.ff_trace.ff.0.weight       | shape: (32, 8)                   | params: 256
2026-07-17 14:50:03,203 P3497859 INFO decoder.ffn.0.ff_trace.ff.0.bias         | shape: (32,)                     | params: 32
2026-07-17 14:50:03,203 P3497859 INFO decoder.ffn.0.ff_trace.ff.3.weight       | shape: (8, 32)                   | params: 256
2026-07-17 14:50:03,203 P3497859 INFO decoder.ffn.0.ff_trace.ff.3.bias         | shape: (8,)                      | params: 8
2026-07-17 14:50:03,203 P3497859 INFO decoder.ffn.0.addnorm_trace.ln.weight    | shape: (8,)                      | params: 8
2026-07-17 14:50:03,203 P3497859 INFO decoder.ffn.0.addnorm_trace.ln.bias      | shape: (8,)                      | params: 8
2026-07-17 14:50:03,203 P3497859 INFO decoder.ffn.0.ff_log.ff.0.weight         | shape: (128, 32)                 | params: 4,096
2026-07-17 14:50:03,203 P3497859 INFO decoder.ffn.0.ff_log.ff.0.bias           | shape: (128,)                    | params: 128
2026-07-17 14:50:03,203 P3497859 INFO decoder.ffn.0.ff_log.ff.3.weight         | shape: (32, 128)                 | params: 4,096
2026-07-17 14:50:03,203 P3497859 INFO decoder.ffn.0.ff_log.ff.3.bias           | shape: (32,)                     | params: 32
2026-07-17 14:50:03,203 P3497859 INFO decoder.ffn.0.addnorm_log.ln.weight      | shape: (32,)                     | params: 32
2026-07-17 14:50:03,203 P3497859 INFO decoder.ffn.0.addnorm_log.ln.bias        | shape: (32,)                     | params: 32
2026-07-17 14:50:03,203 P3497859 INFO decoder.ffn.1.ff_node.ff.0.weight        | shape: (32, 8)                   | params: 256
2026-07-17 14:50:03,203 P3497859 INFO decoder.ffn.1.ff_node.ff.0.bias          | shape: (32,)                     | params: 32
2026-07-17 14:50:03,203 P3497859 INFO decoder.ffn.1.ff_node.ff.3.weight        | shape: (8, 32)                   | params: 256
2026-07-17 14:50:03,203 P3497859 INFO decoder.ffn.1.ff_node.ff.3.bias          | shape: (8,)                      | params: 8
2026-07-17 14:50:03,203 P3497859 INFO decoder.ffn.1.addnorm_node.ln.weight     | shape: (8,)                      | params: 8
2026-07-17 14:50:03,203 P3497859 INFO decoder.ffn.1.addnorm_node.ln.bias       | shape: (8,)                      | params: 8
2026-07-17 14:50:03,203 P3497859 INFO decoder.ffn.1.ff_trace.ff.0.weight       | shape: (32, 8)                   | params: 256
2026-07-17 14:50:03,203 P3497859 INFO decoder.ffn.1.ff_trace.ff.0.bias         | shape: (32,)                     | params: 32
2026-07-17 14:50:03,203 P3497859 INFO decoder.ffn.1.ff_trace.ff.3.weight       | shape: (8, 32)                   | params: 256
2026-07-17 14:50:03,203 P3497859 INFO decoder.ffn.1.ff_trace.ff.3.bias         | shape: (8,)                      | params: 8
2026-07-17 14:50:03,204 P3497859 INFO decoder.ffn.1.addnorm_trace.ln.weight    | shape: (8,)                      | params: 8
2026-07-17 14:50:03,204 P3497859 INFO decoder.ffn.1.addnorm_trace.ln.bias      | shape: (8,)                      | params: 8
2026-07-17 14:50:03,204 P3497859 INFO decoder.ffn.1.ff_log.ff.0.weight         | shape: (128, 32)                 | params: 4,096
2026-07-17 14:50:03,204 P3497859 INFO decoder.ffn.1.ff_log.ff.0.bias           | shape: (128,)                    | params: 128
2026-07-17 14:50:03,204 P3497859 INFO decoder.ffn.1.ff_log.ff.3.weight         | shape: (32, 128)                 | params: 4,096
2026-07-17 14:50:03,204 P3497859 INFO decoder.ffn.1.ff_log.ff.3.bias           | shape: (32,)                     | params: 32
2026-07-17 14:50:03,204 P3497859 INFO decoder.ffn.1.addnorm_log.ln.weight      | shape: (32,)                     | params: 32
2026-07-17 14:50:03,204 P3497859 INFO decoder.ffn.1.addnorm_log.ln.bias        | shape: (32,)                     | params: 32
2026-07-17 14:50:03,204 P3497859 INFO Subtotal: 91,928
2026-07-17 14:50:03,204 P3497859 INFO --------------------------------------------------------------------------------
2026-07-17 14:50:03,204 P3497859 INFO Common Parameters:
2026-07-17 14:50:03,204 P3497859 INFO node_emb.linear.weight                   | shape: (8, 7)                    | params: 56
2026-07-17 14:50:03,204 P3497859 INFO node_emb.linear.bias                     | shape: (8,)                      | params: 8
2026-07-17 14:50:03,204 P3497859 INFO log_emb.linear.weight                    | shape: (32, 7)                   | params: 224
2026-07-17 14:50:03,204 P3497859 INFO log_emb.linear.bias                      | shape: (32,)                     | params: 32
2026-07-17 14:50:03,204 P3497859 INFO egde_emb.linear.weight                   | shape: (8, 2)                    | params: 16
2026-07-17 14:50:03,204 P3497859 INFO egde_emb.linear.bias                     | shape: (8,)                      | params: 8
2026-07-17 14:50:03,204 P3497859 INFO dense_node.weight                        | shape: (7, 8)                    | params: 56
2026-07-17 14:50:03,204 P3497859 INFO dense_node.bias                          | shape: (7,)                      | params: 7
2026-07-17 14:50:03,204 P3497859 INFO dense_log.weight                         | shape: (7, 32)                   | params: 224
2026-07-17 14:50:03,204 P3497859 INFO dense_log.bias                           | shape: (7,)                      | params: 7
2026-07-17 14:50:03,204 P3497859 INFO dense_edge.weight                        | shape: (2, 8)                    | params: 16
2026-07-17 14:50:03,204 P3497859 INFO dense_edge.bias                          | shape: (2,)                      | params: 2
2026-07-17 14:50:03,204 P3497859 INFO show.0.weight                            | shape: (2, 16)                   | params: 32
2026-07-17 14:50:03,205 P3497859 INFO show.0.bias                              | shape: (2,)                      | params: 2
2026-07-17 14:50:03,205 P3497859 INFO Subtotal: 690
2026-07-17 14:50:03,205 P3497859 INFO --------------------------------------------------------------------------------
2026-07-17 14:50:03,205 P3497859 INFO Total Trainable Parameters: 92,618

2026-07-17 14:50:03,205 P3497859 INFO Trainable Parameters: 92618, reconstruction: 91928, common: 690
2026-07-17 14:50:03,205 P3497859 INFO model : init weight
2026-07-17 14:50:03,207 P3497859 INFO Using GPU...
2026-07-17 14:50:03,223 P3497859 INFO optimizer : using AdaBelief
2026-07-17 14:50:03,224 P3497859 INFO ----------------------------------------------------------------------------------------------------
2026-07-17 14:50:03,224 P3497859 INFO 0/300 starting... lr: 0.001 para:1.0
2026-07-17 14:50:08,881 P3497859 INFO Epoch 0/300, all_loss:1.13439 cls_loss:29.26431 rec_loss:1.13439 [5.63s]; best loss:1.13439, patience : 0
2026-07-17 14:50:08,881 P3497859 INFO ----------------------------------------------------------------------------------------------------
2026-07-17 14:50:08,881 P3497859 INFO 1/300 starting... lr: 0.001 para:0.5
2026-07-17 14:50:14,132 P3497859 INFO Epoch 1/300, all_loss:11.42042 cls_loss:22.06774 rec_loss:0.77310 [5.23s]; best loss:11.42042, patience : 0
2026-07-17 14:50:14,133 P3497859 INFO ----------------------------------------------------------------------------------------------------
2026-07-17 14:50:14,140 P3497859 INFO 2/300 starting... lr: 0.001 para:0.3333333432674408
2026-07-17 14:50:19,285 P3497859 INFO Epoch 2/300, all_loss:11.49871 cls_loss:16.83397 rec_loss:0.82818 [5.14s]; best loss:11.42042, patience : 1
2026-07-17 14:50:20,703 P3497859 INFO pr:0.5089  rc:0.0797  auc:0.7744 ap:0.6071 f1: 0.1377 pred_right: 46293 pred_wrong:507 actu_right: 43561 actu_wrong: 3239
2026-07-17 14:50:21,270 P3497859 INFO pr:0.4845  rc:0.0709  auc:0.7643 ap:0.5994 f1: 0.1237 pred_right: 19006 pred_wrong:194 actu_right: 17874 actu_wrong: 1326
2026-07-17 14:50:21,296 P3497859 INFO ----------------------------------------------------------------------------------------------------
2026-07-17 14:50:21,296 P3497859 INFO 3/300 starting... lr: 0.001 para:0.25
2026-07-17 14:50:26,512 P3497859 INFO Epoch 3/300, all_loss:11.13647 cls_loss:14.53941 rec_loss:0.92765 [5.19s]; best loss:11.13647, patience : 0
2026-07-17 14:50:27,865 P3497859 INFO pr:0.6262  rc:0.1669  auc:0.8000 ap:0.6461 f1: 0.2635 pred_right: 45936 pred_wrong:864 actu_right: 43558 actu_wrong: 3242
2026-07-17 14:50:28,418 P3497859 INFO pr:0.5983  rc:0.1584  auc:0.7907 ap:0.6380 f1: 0.2504 pred_right: 18849 pred_wrong:351 actu_right: 17874 actu_wrong: 1326
2026-07-17 14:50:28,445 P3497859 INFO ----------------------------------------------------------------------------------------------------
2026-07-17 14:50:28,445 P3497859 INFO 4/300 starting... lr: 0.001 para:0.20000000298023224
2026-07-17 14:50:33,604 P3497859 INFO Epoch 4/300, all_loss:10.71093 cls_loss:13.13732 rec_loss:1.00539 [5.14s]; best loss:10.71093, patience : 0
2026-07-17 14:50:36,110 P3497859 INFO pr:0.6998  rc:0.1956  auc:0.8146 ap:0.6707 f1: 0.3058 pred_right: 45894 pred_wrong:906 actu_right: 43559 actu_wrong: 3241
2026-07-17 14:50:36,827 P3497859 INFO pr:0.6914  rc:0.1825  auc:0.8066 ap:0.6624 f1: 0.2888 pred_right: 18850 pred_wrong:350 actu_right: 17874 actu_wrong: 1326
2026-07-17 14:50:36,847 P3497859 INFO ----------------------------------------------------------------------------------------------------
2026-07-17 14:50:36,848 P3497859 INFO 5/300 starting... lr: 0.001 para:0.1666666716337204
2026-07-17 14:50:40,854 P3497859 INFO Epoch 5/300, all_loss:10.20110 cls_loss:12.02838 rec_loss:1.06468 [3.99s]; best loss:10.20110, patience : 0
2026-07-17 14:50:41,875 P3497859 INFO pr:0.7971  rc:0.1881  auc:0.8397 ap:0.7015 f1: 0.3043 pred_right: 46036 pred_wrong:764 actu_right: 43562 actu_wrong: 3238
2026-07-17 14:50:42,397 P3497859 INFO pr:0.8172  rc:0.1787  auc:0.8325 ap:0.6925 f1: 0.2933 pred_right: 18910 pred_wrong:290 actu_right: 17874 actu_wrong: 1326
2026-07-17 14:50:42,398 P3497859 INFO ----------------------------------------------------------------------------------------------------
2026-07-17 14:50:42,398 P3497859 INFO 6/300 starting... lr: 0.001 para:0.1428571492433548
2026-07-17 14:50:47,498 P3497859 INFO Epoch 6/300, all_loss:9.65658 cls_loss:11.07534 rec_loss:1.14406 [5.07s]; best loss:9.65658, patience : 0
2026-07-17 14:50:48,762 P3497859 INFO pr:0.6804  rc:0.2694  auc:0.8672 ap:0.7347 f1: 0.3859 pred_right: 45517 pred_wrong:1283 actu_right: 43559 actu_wrong: 3241
2026-07-17 14:50:49,467 P3497859 INFO pr:0.6819  rc:0.2474  auc:0.8610 ap:0.7256 f1: 0.3630 pred_right: 18719 pred_wrong:481 actu_right: 17874 actu_wrong: 1326
2026-07-17 14:50:49,509 P3497859 INFO ----------------------------------------------------------------------------------------------------
2026-07-17 14:50:49,509 P3497859 INFO 7/300 starting... lr: 0.001 para:0.125
2026-07-17 14:51:00,085 P3497859 INFO Epoch 7/300, all_loss:9.01895 cls_loss:10.13834 rec_loss:1.18324 [10.54s]; best loss:9.01895, patience : 0
2026-07-17 14:51:01,642 P3497859 INFO pr:0.7735  rc:0.2991  auc:0.8961 ap:0.7828 f1: 0.4314 pred_right: 45546 pred_wrong:1254 actu_right: 43557 actu_wrong: 3243
2026-07-17 14:51:02,271 P3497859 INFO pr:0.7789  rc:0.2896  auc:0.8924 ap:0.7746 f1: 0.4222 pred_right: 18707 pred_wrong:493 actu_right: 17874 actu_wrong: 1326
2026-07-17 14:51:02,301 P3497859 INFO ----------------------------------------------------------------------------------------------------
2026-07-17 14:51:02,301 P3497859 INFO 8/300 starting... lr: 0.001 para:0.1111111119389534
2026-07-17 14:51:07,813 P3497859 INFO Epoch 8/300, all_loss:8.45102 cls_loss:9.35312 rec_loss:1.23423 [5.48s]; best loss:8.45102, patience : 0
2026-07-17 14:51:09,146 P3497859 INFO pr:0.7148  rc:0.3422  auc:0.8992 ap:0.7844 f1: 0.4628 pred_right: 45250 pred_wrong:1550 actu_right: 43562 actu_wrong: 3238
2026-07-17 14:51:09,683 P3497859 INFO pr:0.7078  rc:0.3288  auc:0.8956 ap:0.7764 f1: 0.4490 pred_right: 18584 pred_wrong:616 actu_right: 17874 actu_wrong: 1326
2026-07-17 14:51:09,710 P3497859 INFO ----------------------------------------------------------------------------------------------------
2026-07-17 14:51:09,710 P3497859 INFO 9/300 starting... lr: 0.001 para:0.10000000149011612
2026-07-17 14:51:15,104 P3497859 INFO Epoch 9/300, all_loss:8.00775 cls_loss:8.75246 rec_loss:1.30536 [5.37s]; best loss:8.00775, patience : 0
2026-07-17 14:51:16,483 P3497859 INFO pr:0.8522  rc:0.3737  auc:0.9209 ap:0.8255 f1: 0.5195 pred_right: 45379 pred_wrong:1421 actu_right: 43559 actu_wrong: 3241
2026-07-17 14:51:17,016 P3497859 INFO pr:0.8394  rc:0.3469  auc:0.9189 ap:0.8191 f1: 0.4909 pred_right: 18652 pred_wrong:548 actu_right: 17874 actu_wrong: 1326
2026-07-17 14:51:17,041 P3497859 INFO ----------------------------------------------------------------------------------------------------
2026-07-17 14:51:17,041 P3497859 INFO 10/300 starting... lr: 0.001 para:0.09090909361839294
2026-07-17 14:51:22,335 P3497859 INFO Epoch 10/300, all_loss:7.15973 cls_loss:7.73945 rec_loss:1.36251 [5.27s]; best loss:7.15973, patience : 0
2026-07-17 14:51:23,625 P3497859 INFO pr:0.8798  rc:0.4228  auc:0.9416 ap:0.8597 f1: 0.5711 pred_right: 45244 pred_wrong:1556 actu_right: 43562 actu_wrong: 3238
2026-07-17 14:51:24,164 P3497859 INFO pr:0.8645  rc:0.3944  auc:0.9407 ap:0.8525 f1: 0.5417 pred_right: 18595 pred_wrong:605 actu_right: 17874 actu_wrong: 1326
2026-07-17 14:51:24,192 P3497859 INFO ----------------------------------------------------------------------------------------------------
2026-07-17 14:51:24,192 P3497859 INFO 11/300 starting... lr: 0.001 para:0.0833333358168602
2026-07-17 14:51:29,319 P3497859 INFO Epoch 11/300, all_loss:6.68189 cls_loss:7.15678 rec_loss:1.45805 [5.10s]; best loss:6.68189, patience : 0
2026-07-17 14:51:30,598 P3497859 INFO pr:0.8125  rc:0.4696  auc:0.9499 ap:0.8701 f1: 0.5952 pred_right: 44928 pred_wrong:1872 actu_right: 43561 actu_wrong: 3239
2026-07-17 14:51:31,138 P3497859 INFO pr:0.8013  rc:0.4502  auc:0.9489 ap:0.8654 f1: 0.5765 pred_right: 18455 pred_wrong:745 actu_right: 17874 actu_wrong: 1326
2026-07-17 14:51:31,162 P3497859 INFO ----------------------------------------------------------------------------------------------------
2026-07-17 14:51:31,163 P3497859 INFO 12/300 starting... lr: 0.001 para:0.07692307978868484
2026-07-17 14:51:36,587 P3497859 INFO Epoch 12/300, all_loss:6.22651 cls_loss:6.61768 rec_loss:1.53238 [5.40s]; best loss:6.22651, patience : 0
2026-07-17 14:51:38,000 P3497859 INFO pr:0.7699  rc:0.6047  auc:0.9550 ap:0.8766 f1: 0.6774 pred_right: 44253 pred_wrong:2547 actu_right: 43557 actu_wrong: 3243
2026-07-17 14:51:38,546 P3497859 INFO pr:0.7555  rc:0.5943  auc:0.9529 ap:0.8707 f1: 0.6653 pred_right: 18157 pred_wrong:1043 actu_right: 17874 actu_wrong: 1326
2026-07-17 14:51:38,571 P3497859 INFO ----------------------------------------------------------------------------------------------------
2026-07-17 14:51:38,571 P3497859 INFO 13/300 starting... lr: 0.001 para:0.0714285746216774
2026-07-17 14:51:43,714 P3497859 INFO Epoch 13/300, all_loss:5.58908 cls_loss:5.89664 rec_loss:1.59079 [5.11s]; best loss:5.58908, patience : 0
2026-07-17 14:51:45,045 P3497859 INFO pr:0.8046  rc:0.5568  auc:0.9639 ap:0.8952 f1: 0.6582 pred_right: 44558 pred_wrong:2242 actu_right: 43560 actu_wrong: 3240
2026-07-17 14:51:45,642 P3497859 INFO pr:0.7882  rc:0.5445  auc:0.9610 ap:0.8886 f1: 0.6441 pred_right: 18284 pred_wrong:916 actu_right: 17874 actu_wrong: 1326
2026-07-17 14:51:45,643 P3497859 INFO ----------------------------------------------------------------------------------------------------
2026-07-17 14:51:45,643 P3497859 INFO 14/300 starting... lr: 0.001 para:0.06666667014360428
2026-07-17 14:51:50,711 P3497859 INFO Epoch 14/300, all_loss:5.30457 cls_loss:5.56891 rec_loss:1.60385 [5.04s]; best loss:5.30457, patience : 0
2026-07-17 14:51:51,997 P3497859 INFO pr:0.7959  rc:0.6399  auc:0.9672 ap:0.9040 f1: 0.7094 pred_right: 44194 pred_wrong:2606 actu_right: 43559 actu_wrong: 3241
2026-07-17 14:51:52,522 P3497859 INFO pr:0.7749  rc:0.6335  auc:0.9641 ap:0.8967 f1: 0.6971 pred_right: 18116 pred_wrong:1084 actu_right: 17874 actu_wrong: 1326
2026-07-17 14:51:52,548 P3497859 INFO ----------------------------------------------------------------------------------------------------
2026-07-17 14:51:52,548 P3497859 INFO 15/300 starting... lr: 0.001 para:0.0625
2026-07-17 14:51:57,585 P3497859 INFO Epoch 15/300, all_loss:5.06262 cls_loss:5.29090 rec_loss:1.63840 [5.01s]; best loss:5.06262, patience : 0
2026-07-17 14:52:00,016 P3497859 INFO pr:0.7795  rc:0.7689  auc:0.9728 ap:0.9093 f1: 0.7742 pred_right: 43603 pred_wrong:3197 actu_right: 43559 actu_wrong: 3241
2026-07-17 14:52:00,467 P3497859 INFO pr:0.7728  rc:0.7617  auc:0.9681 ap:0.9040 f1: 0.7672 pred_right: 17893 pred_wrong:1307 actu_right: 17874 actu_wrong: 1326
2026-07-17 14:52:00,489 P3497859 INFO ----------------------------------------------------------------------------------------------------
2026-07-17 14:52:00,489 P3497859 INFO 16/300 starting... lr: 0.001 para:0.05882352963089943
2026-07-17 14:52:04,589 P3497859 INFO Epoch 16/300, all_loss:4.70730 cls_loss:4.89990 rec_loss:1.62564 [4.08s]; best loss:4.70730, patience : 0
2026-07-17 14:52:05,644 P3497859 INFO pr:0.7828  rc:0.7879  auc:0.9762 ap:0.9215 f1: 0.7853 pred_right: 43536 pred_wrong:3264 actu_right: 43557 actu_wrong: 3243
2026-07-17 14:52:06,096 P3497859 INFO pr:0.7752  rc:0.7775  auc:0.9705 ap:0.9158 f1: 0.7764 pred_right: 17870 pred_wrong:1330 actu_right: 17874 actu_wrong: 1326
2026-07-17 14:52:06,118 P3497859 INFO ----------------------------------------------------------------------------------------------------
2026-07-17 14:52:06,118 P3497859 INFO 17/300 starting... lr: 0.001 para:0.0555555559694767
2026-07-17 14:52:10,748 P3497859 INFO Epoch 17/300, all_loss:4.44842 cls_loss:4.61589 rec_loss:1.60147 [4.61s]; best loss:4.44842, patience : 0
2026-07-17 14:52:11,912 P3497859 INFO pr:0.7850  rc:0.8373  auc:0.9798 ap:0.9309 f1: 0.8103 pred_right: 43344 pred_wrong:3456 actu_right: 43560 actu_wrong: 3240
2026-07-17 14:52:12,764 P3497859 INFO pr:0.7773  rc:0.8213  auc:0.9742 ap:0.9257 f1: 0.7987 pred_right: 17799 pred_wrong:1401 actu_right: 17874 actu_wrong: 1326
2026-07-17 14:52:12,806 P3497859 INFO ----------------------------------------------------------------------------------------------------
2026-07-17 14:52:12,807 P3497859 INFO 18/300 starting... lr: 0.001 para:0.05263157933950424
2026-07-17 14:52:23,472 P3497859 INFO Epoch 18/300, all_loss:4.15722 cls_loss:4.29534 rec_loss:1.67109 [10.63s]; best loss:4.15722, patience : 0
2026-07-17 14:52:25,088 P3497859 INFO pr:0.7971  rc:0.8266  auc:0.9810 ap:0.9380 f1: 0.8116 pred_right: 43439 pred_wrong:3361 actu_right: 43559 actu_wrong: 3241
2026-07-17 14:52:25,743 P3497859 INFO pr:0.7853  rc:0.8137  auc:0.9748 ap:0.9340 f1: 0.7993 pred_right: 17826 pred_wrong:1374 actu_right: 17874 actu_wrong: 1326
2026-07-17 14:52:25,774 P3497859 INFO ----------------------------------------------------------------------------------------------------
2026-07-17 14:52:25,774 P3497859 INFO 19/300 starting... lr: 0.001 para:0.05000000074505806
2026-07-17 14:52:31,116 P3497859 INFO Epoch 19/300, all_loss:4.10503 cls_loss:4.23466 rec_loss:1.64203 [5.32s]; best loss:4.10503, patience : 0
2026-07-17 14:52:32,408 P3497859 INFO pr:0.7897  rc:0.8348  auc:0.9814 ap:0.9396 f1: 0.8116 pred_right: 43377 pred_wrong:3423 actu_right: 43562 actu_wrong: 3238
2026-07-17 14:52:32,944 P3497859 INFO pr:0.7734  rc:0.8213  auc:0.9760 ap:0.9350 f1: 0.7966 pred_right: 17792 pred_wrong:1408 actu_right: 17874 actu_wrong: 1326
2026-07-17 14:52:32,968 P3497859 INFO ----------------------------------------------------------------------------------------------------
2026-07-17 14:52:32,969 P3497859 INFO 20/300 starting... lr: 0.001 para:0.0476190485060215
2026-07-17 14:52:37,883 P3497859 INFO Epoch 20/300, all_loss:4.04742 cls_loss:4.16603 rec_loss:1.67520 [4.89s]; best loss:4.04742, patience : 0
2026-07-17 14:52:39,227 P3497859 INFO pr:0.7781  rc:0.9099  auc:0.9847 ap:0.9477 f1: 0.8389 pred_right: 43010 pred_wrong:3790 actu_right: 43559 actu_wrong: 3241
2026-07-17 14:52:39,806 P3497859 INFO pr:0.7710  rc:0.8914  auc:0.9793 ap:0.9426 f1: 0.8269 pred_right: 17667 pred_wrong:1533 actu_right: 17874 actu_wrong: 1326
2026-07-17 14:52:39,831 P3497859 INFO ----------------------------------------------------------------------------------------------------
2026-07-17 14:52:39,831 P3497859 INFO 21/300 starting... lr: 0.001 para:0.04545454680919647
2026-07-17 14:52:44,754 P3497859 INFO Epoch 21/300, all_loss:3.66254 cls_loss:3.75599 rec_loss:1.70007 [4.90s]; best loss:3.66254, patience : 0
2026-07-17 14:52:46,111 P3497859 INFO pr:0.8091  rc:0.8901  auc:0.9851 ap:0.9508 f1: 0.8476 pred_right: 43238 pred_wrong:3562 actu_right: 43562 actu_wrong: 3238
2026-07-17 14:52:46,653 P3497859 INFO pr:0.8024  rc:0.8695  auc:0.9785 ap:0.9452 f1: 0.8346 pred_right: 17763 pred_wrong:1437 actu_right: 17874 actu_wrong: 1326
2026-07-17 14:52:46,678 P3497859 INFO ----------------------------------------------------------------------------------------------------
2026-07-17 14:52:46,679 P3497859 INFO 22/300 starting... lr: 0.001 para:0.043478261679410934
2026-07-17 14:52:51,610 P3497859 INFO Epoch 22/300, all_loss:3.47482 cls_loss:3.54967 rec_loss:1.82811 [4.91s]; best loss:3.47482, patience : 0
2026-07-17 14:52:52,792 P3497859 INFO pr:0.8638  rc:0.8575  auc:0.9879 ap:0.9600 f1: 0.8606 pred_right: 43583 pred_wrong:3217 actu_right: 43559 actu_wrong: 3241
2026-07-17 14:52:53,329 P3497859 INFO pr:0.8471  rc:0.8484  auc:0.9824 ap:0.9571 f1: 0.8478 pred_right: 17872 pred_wrong:1328 actu_right: 17874 actu_wrong: 1326
2026-07-17 14:52:53,354 P3497859 INFO ----------------------------------------------------------------------------------------------------
2026-07-17 14:52:53,354 P3497859 INFO 23/300 starting... lr: 0.001 para:0.0416666679084301
2026-07-17 14:52:58,529 P3497859 INFO Epoch 23/300, all_loss:3.31011 cls_loss:3.37643 rec_loss:1.78472 [5.15s]; best loss:3.31011, patience : 0
2026-07-17 14:52:59,885 P3497859 INFO pr:0.8137  rc:0.8960  auc:0.9866 ap:0.9550 f1: 0.8529 pred_right: 43231 pred_wrong:3569 actu_right: 43559 actu_wrong: 3241
2026-07-17 14:53:00,440 P3497859 INFO pr:0.8018  rc:0.8786  auc:0.9810 ap:0.9493 f1: 0.8384 pred_right: 17747 pred_wrong:1453 actu_right: 17874 actu_wrong: 1326
2026-07-17 14:53:00,445 P3497859 INFO ----------------------------------------------------------------------------------------------------
2026-07-17 14:53:00,445 P3497859 INFO 24/300 starting... lr: 0.001 para:0.03999999910593033
2026-07-17 14:53:05,623 P3497859 INFO Epoch 24/300, all_loss:3.13736 cls_loss:3.19380 rec_loss:1.78289 [5.15s]; best loss:3.13736, patience : 0
2026-07-17 14:53:07,018 P3497859 INFO pr:0.9255  rc:0.7848  auc:0.9898 ap:0.9660 f1: 0.8494 pred_right: 44049 pred_wrong:2751 actu_right: 43556 actu_wrong: 3244
2026-07-17 14:53:07,561 P3497859 INFO pr:0.9264  rc:0.7692  auc:0.9853 ap:0.9628 f1: 0.8405 pred_right: 18099 pred_wrong:1101 actu_right: 17874 actu_wrong: 1326
2026-07-17 14:53:07,561 P3497859 INFO ----------------------------------------------------------------------------------------------------
2026-07-17 14:53:07,561 P3497859 INFO 25/300 starting... lr: 0.001 para:0.03846153989434242
2026-07-17 14:53:12,707 P3497859 INFO Epoch 25/300, all_loss:3.07546 cls_loss:3.12520 rec_loss:1.83218 [5.12s]; best loss:3.07546, patience : 0
2026-07-17 14:53:14,030 P3497859 INFO pr:0.7857  rc:0.9485  auc:0.9896 ap:0.9651 f1: 0.8595 pred_right: 42889 pred_wrong:3911 actu_right: 43560 actu_wrong: 3240
2026-07-17 14:53:14,573 P3497859 INFO pr:0.7783  rc:0.9344  auc:0.9838 ap:0.9583 f1: 0.8492 pred_right: 17608 pred_wrong:1592 actu_right: 17874 actu_wrong: 1326
2026-07-17 14:53:14,574 P3497859 INFO ----------------------------------------------------------------------------------------------------
2026-07-17 14:53:14,574 P3497859 INFO 26/300 starting... lr: 0.001 para:0.03703703731298447
2026-07-17 14:53:19,686 P3497859 INFO Epoch 26/300, all_loss:2.92167 cls_loss:2.96426 rec_loss:1.81428 [5.09s]; best loss:2.92167, patience : 0
2026-07-17 14:53:21,334 P3497859 INFO pr:0.8557  rc:0.9096  auc:0.9907 ap:0.9704 f1: 0.8818 pred_right: 43355 pred_wrong:3445 actu_right: 43559 actu_wrong: 3241
2026-07-17 14:53:22,725 P3497859 INFO pr:0.8435  rc:0.8899  auc:0.9849 ap:0.9632 f1: 0.8661 pred_right: 17801 pred_wrong:1399 actu_right: 17874 actu_wrong: 1326
2026-07-17 14:53:22,773 P3497859 INFO ----------------------------------------------------------------------------------------------------
2026-07-17 14:53:22,774 P3497859 INFO 27/300 starting... lr: 0.001 para:0.0357142873108387
2026-07-17 14:53:27,104 P3497859 INFO Epoch 27/300, all_loss:2.70047 cls_loss:2.73175 rec_loss:1.85599 [4.31s]; best loss:2.70047, patience : 0
2026-07-17 14:53:28,118 P3497859 INFO pr:0.8576  rc:0.9124  auc:0.9913 ap:0.9690 f1: 0.8841 pred_right: 43352 pred_wrong:3448 actu_right: 43559 actu_wrong: 3241
2026-07-17 14:53:28,585 P3497859 INFO pr:0.8424  rc:0.8989  auc:0.9852 ap:0.9634 f1: 0.8698 pred_right: 17785 pred_wrong:1415 actu_right: 17874 actu_wrong: 1326
2026-07-17 14:53:28,608 P3497859 INFO ----------------------------------------------------------------------------------------------------
2026-07-17 14:53:28,608 P3497859 INFO 28/300 starting... lr: 0.001 para:0.03448275849223137
2026-07-17 14:53:33,351 P3497859 INFO Epoch 28/300, all_loss:2.75100 cls_loss:2.78179 rec_loss:1.88892 [4.74s]; best loss:2.70047, patience : 1
2026-07-17 14:53:34,448 P3497859 INFO pr:0.8276  rc:0.9512  auc:0.9927 ap:0.9755 f1: 0.8851 pred_right: 43076 pred_wrong:3724 actu_right: 43560 actu_wrong: 3240
2026-07-17 14:53:34,923 P3497859 INFO pr:0.8203  rc:0.9367  auc:0.9871 ap:0.9713 f1: 0.8746 pred_right: 17686 pred_wrong:1514 actu_right: 17874 actu_wrong: 1326
2026-07-17 14:53:34,946 P3497859 INFO ----------------------------------------------------------------------------------------------------
2026-07-17 14:53:34,946 P3497859 INFO 29/300 starting... lr: 0.001 para:0.03333333507180214
2026-07-17 14:53:45,707 P3497859 INFO Epoch 29/300, all_loss:2.76061 cls_loss:2.79130 rec_loss:1.87064 [10.76s]; best loss:2.70047, patience : 2
2026-07-17 14:53:47,586 P3497859 INFO pr:0.8383  rc:0.9472  auc:0.9934 ap:0.9757 f1: 0.8894 pred_right: 43140 pred_wrong:3660 actu_right: 43561 actu_wrong: 3239
2026-07-17 14:53:48,223 P3497859 INFO pr:0.8307  rc:0.9291  auc:0.9900 ap:0.9727 f1: 0.8772 pred_right: 17717 pred_wrong:1483 actu_right: 17874 actu_wrong: 1326
2026-07-17 14:53:48,252 P3497859 INFO ----------------------------------------------------------------------------------------------------
2026-07-17 14:53:48,252 P3497859 INFO 30/300 starting... lr: 0.001 para:0.032258063554763794
2026-07-17 14:53:53,638 P3497859 INFO Epoch 30/300, all_loss:2.53922 cls_loss:2.55852 rec_loss:1.96018 [5.36s]; best loss:2.53922, patience : 0
2026-07-17 14:53:54,980 P3497859 INFO pr:0.8454  rc:0.9235  auc:0.9922 ap:0.9716 f1: 0.8827 pred_right: 43261 pred_wrong:3539 actu_right: 43560 actu_wrong: 3240
2026-07-17 14:53:55,535 P3497859 INFO pr:0.8348  rc:0.9072  auc:0.9867 ap:0.9683 f1: 0.8695 pred_right: 17759 pred_wrong:1441 actu_right: 17874 actu_wrong: 1326
2026-07-17 14:53:55,535 P3497859 INFO ----------------------------------------------------------------------------------------------------
2026-07-17 14:53:55,535 P3497859 INFO 31/300 starting... lr: 0.001 para:0.03125
2026-07-17 14:54:00,566 P3497859 INFO Epoch 31/300, all_loss:2.44686 cls_loss:2.46181 rec_loss:1.98348 [5.01s]; best loss:2.44686, patience : 0
2026-07-17 14:54:01,905 P3497859 INFO pr:0.8482  rc:0.9405  auc:0.9936 ap:0.9791 f1: 0.8920 pred_right: 43203 pred_wrong:3597 actu_right: 43556 actu_wrong: 3244
2026-07-17 14:54:02,550 P3497859 INFO pr:0.8354  rc:0.9261  auc:0.9904 ap:0.9753 f1: 0.8784 pred_right: 17730 pred_wrong:1470 actu_right: 17874 actu_wrong: 1326
2026-07-17 14:54:02,579 P3497859 INFO ----------------------------------------------------------------------------------------------------
2026-07-17 14:54:02,579 P3497859 INFO 32/300 starting... lr: 0.001 para:0.03030303120613098
2026-07-17 14:54:07,718 P3497859 INFO Epoch 32/300, all_loss:2.30942 cls_loss:2.31937 rec_loss:1.99081 [5.11s]; best loss:2.30942, patience : 0
2026-07-17 14:54:09,006 P3497859 INFO pr:0.8475  rc:0.9305  auc:0.9943 ap:0.9799 f1: 0.8871 pred_right: 43245 pred_wrong:3555 actu_right: 43562 actu_wrong: 3238
2026-07-17 14:54:09,541 P3497859 INFO pr:0.8401  rc:0.9155  auc:0.9890 ap:0.9755 f1: 0.8762 pred_right: 17755 pred_wrong:1445 actu_right: 17874 actu_wrong: 1326
2026-07-17 14:54:09,542 P3497859 INFO ----------------------------------------------------------------------------------------------------
2026-07-17 14:54:09,542 P3497859 INFO 33/300 starting... lr: 0.001 para:0.029411764815449715
2026-07-17 14:54:14,500 P3497859 INFO Epoch 33/300, all_loss:2.28250 cls_loss:2.29125 rec_loss:1.99394 [4.93s]; best loss:2.28250, patience : 0
2026-07-17 14:54:15,765 P3497859 INFO pr:0.8804  rc:0.9522  auc:0.9945 ap:0.9825 f1: 0.9149 pred_right: 43296 pred_wrong:3504 actu_right: 43560 actu_wrong: 3240
2026-07-17 14:54:16,297 P3497859 INFO pr:0.8739  rc:0.9359  auc:0.9901 ap:0.9779 f1: 0.9039 pred_right: 17780 pred_wrong:1420 actu_right: 17874 actu_wrong: 1326
2026-07-17 14:54:16,323 P3497859 INFO ----------------------------------------------------------------------------------------------------
2026-07-17 14:54:16,324 P3497859 INFO 34/300 starting... lr: 0.001 para:0.02857142873108387
2026-07-17 14:54:21,351 P3497859 INFO Epoch 34/300, all_loss:2.16689 cls_loss:2.17269 rec_loss:1.96973 [5.00s]; best loss:2.16689, patience : 0
2026-07-17 14:54:22,652 P3497859 INFO pr:0.8829  rc:0.9485  auc:0.9951 ap:0.9836 f1: 0.9145 pred_right: 43315 pred_wrong:3485 actu_right: 43556 actu_wrong: 3244
2026-07-17 14:54:23,241 P3497859 INFO pr:0.8802  rc:0.9367  auc:0.9903 ap:0.9799 f1: 0.9076 pred_right: 17789 pred_wrong:1411 actu_right: 17874 actu_wrong: 1326
2026-07-17 14:54:23,241 P3497859 INFO ----------------------------------------------------------------------------------------------------
2026-07-17 14:54:23,241 P3497859 INFO 35/300 starting... lr: 0.001 para:0.02777777798473835
2026-07-17 14:54:28,536 P3497859 INFO Epoch 35/300, all_loss:2.11617 cls_loss:2.11927 rec_loss:2.00767 [5.27s]; best loss:2.11617, patience : 0
2026-07-17 14:54:29,920 P3497859 INFO pr:0.9215  rc:0.8979  auc:0.9950 ap:0.9840 f1: 0.9095 pred_right: 43642 pred_wrong:3158 actu_right: 43559 actu_wrong: 3241
2026-07-17 14:54:30,471 P3497859 INFO pr:0.9132  rc:0.8884  auc:0.9900 ap:0.9811 f1: 0.9006 pred_right: 17910 pred_wrong:1290 actu_right: 17874 actu_wrong: 1326
2026-07-17 14:54:30,471 P3497859 INFO ----------------------------------------------------------------------------------------------------
2026-07-17 14:54:30,472 P3497859 INFO 36/300 starting... lr: 0.001 para:0.027027027681469917
2026-07-17 14:54:35,702 P3497859 INFO Epoch 36/300, all_loss:1.94865 cls_loss:1.94607 rec_loss:2.04172 [5.21s]; best loss:1.94865, patience : 0
2026-07-17 14:54:36,975 P3497859 INFO pr:0.8933  rc:0.9506  auc:0.9955 ap:0.9849 f1: 0.9211 pred_right: 43352 pred_wrong:3448 actu_right: 43560 actu_wrong: 3240
2026-07-17 14:54:37,508 P3497859 INFO pr:0.8891  rc:0.9374  auc:0.9917 ap:0.9818 f1: 0.9126 pred_right: 17802 pred_wrong:1398 actu_right: 17874 actu_wrong: 1326
2026-07-17 14:54:37,534 P3497859 INFO ----------------------------------------------------------------------------------------------------
2026-07-17 14:54:37,534 P3497859 INFO 37/300 starting... lr: 0.001 para:0.02631578966975212
2026-07-17 14:54:42,475 P3497859 INFO Epoch 37/300, all_loss:2.04813 cls_loss:2.04855 rec_loss:2.03280 [4.94s]; best loss:1.94865, patience : 1
2026-07-17 14:54:43,744 P3497859 INFO pr:0.8560  rc:0.9617  auc:0.9956 ap:0.9843 f1: 0.9058 pred_right: 43161 pred_wrong:3639 actu_right: 43561 actu_wrong: 3239
2026-07-17 14:54:44,323 P3497859 INFO pr:0.8509  rc:0.9510  auc:0.9924 ap:0.9814 f1: 0.8981 pred_right: 17718 pred_wrong:1482 actu_right: 17874 actu_wrong: 1326
2026-07-17 14:54:44,323 P3497859 INFO ----------------------------------------------------------------------------------------------------
2026-07-17 14:54:44,324 P3497859 INFO 38/300 starting... lr: 0.001 para:0.025641025975346565
2026-07-17 14:54:50,047 P3497859 INFO Epoch 38/300, all_loss:1.86320 cls_loss:1.85752 rec_loss:2.07915 [5.70s]; best loss:1.86320, patience : 0
2026-07-17 14:54:51,091 P3497859 INFO pr:0.8499  rc:0.9534  auc:0.9956 ap:0.9835 f1: 0.8987 pred_right: 43163 pred_wrong:3637 actu_right: 43558 actu_wrong: 3242
2026-07-17 14:54:51,521 P3497859 INFO pr:0.8481  rc:0.9434  auc:0.9920 ap:0.9792 f1: 0.8933 pred_right: 17725 pred_wrong:1475 actu_right: 17874 actu_wrong: 1326
2026-07-17 14:54:51,522 P3497859 INFO ----------------------------------------------------------------------------------------------------
2026-07-17 14:54:51,522 P3497859 INFO 39/300 starting... lr: 0.001 para:0.02500000037252903
2026-07-17 14:54:55,785 P3497859 INFO Epoch 39/300, all_loss:2.06336 cls_loss:2.06259 rec_loss:2.09339 [4.26s]; best loss:1.86320, patience : 1
2026-07-17 14:54:57,153 P3497859 INFO pr:0.8717  rc:0.9378  auc:0.9958 ap:0.9848 f1: 0.9035 pred_right: 43308 pred_wrong:3492 actu_right: 43554 actu_wrong: 3246
2026-07-17 14:54:57,704 P3497859 INFO pr:0.8658  rc:0.9246  auc:0.9919 ap:0.9822 f1: 0.8942 pred_right: 17784 pred_wrong:1416 actu_right: 17874 actu_wrong: 1326
2026-07-17 14:54:57,704 P3497859 INFO ----------------------------------------------------------------------------------------------------
2026-07-17 14:54:57,704 P3497859 INFO 40/300 starting... lr: 0.001 para:0.024390242993831635
2026-07-17 14:55:03,754 P3497859 INFO Epoch 40/300, all_loss:1.81688 cls_loss:1.80987 rec_loss:2.09734 [6.00s]; best loss:1.81688, patience : 0
2026-07-17 14:55:06,260 P3497859 INFO pr:0.9168  rc:0.9615  auc:0.9968 ap:0.9877 f1: 0.9386 pred_right: 43398 pred_wrong:3402 actu_right: 43556 actu_wrong: 3244
2026-07-17 14:55:07,362 P3497859 INFO pr:0.9098  rc:0.9510  auc:0.9930 ap:0.9857 f1: 0.9299 pred_right: 17814 pred_wrong:1386 actu_right: 17874 actu_wrong: 1326
2026-07-17 14:55:07,415 P3497859 INFO ----------------------------------------------------------------------------------------------------
2026-07-17 14:55:07,416 P3497859 INFO 41/300 starting... lr: 0.001 para:0.02380952425301075
2026-07-17 14:55:15,697 P3497859 INFO Epoch 41/300, all_loss:1.85136 cls_loss:1.84453 rec_loss:2.13164 [8.28s]; best loss:1.81688, patience : 1
2026-07-17 14:55:17,045 P3497859 INFO pr:0.8836  rc:0.9256  auc:0.9953 ap:0.9846 f1: 0.9041 pred_right: 43407 pred_wrong:3393 actu_right: 43561 actu_wrong: 3239
2026-07-17 14:55:17,613 P3497859 INFO pr:0.8774  rc:0.9125  auc:0.9910 ap:0.9801 f1: 0.8946 pred_right: 17821 pred_wrong:1379 actu_right: 17874 actu_wrong: 1326
2026-07-17 14:55:17,614 P3497859 INFO ----------------------------------------------------------------------------------------------------
2026-07-17 14:55:17,614 P3497859 INFO 42/300 starting... lr: 0.001 para:0.023255813866853714
2026-07-17 14:55:22,788 P3497859 INFO Epoch 42/300, all_loss:1.66366 cls_loss:1.65322 rec_loss:2.10243 [5.15s]; best loss:1.66366, patience : 0
2026-07-17 14:55:24,081 P3497859 INFO pr:0.8449  rc:0.9685  auc:0.9958 ap:0.9854 f1: 0.9025 pred_right: 43086 pred_wrong:3714 actu_right: 43560 actu_wrong: 3240
2026-07-17 14:55:24,633 P3497859 INFO pr:0.8373  rc:0.9510  auc:0.9915 ap:0.9801 f1: 0.8905 pred_right: 17694 pred_wrong:1506 actu_right: 17874 actu_wrong: 1326
2026-07-17 14:55:24,634 P3497859 INFO ----------------------------------------------------------------------------------------------------
2026-07-17 14:55:24,634 P3497859 INFO 43/300 starting... lr: 0.001 para:0.022727273404598236
2026-07-17 14:55:29,934 P3497859 INFO Epoch 43/300, all_loss:1.67684 cls_loss:1.66652 rec_loss:2.12090 [5.30s]; best loss:1.66366, patience : 1
2026-07-17 14:55:31,210 P3497859 INFO pr:0.9569  rc:0.8636  auc:0.9956 ap:0.9848 f1: 0.9079 pred_right: 43876 pred_wrong:2924 actu_right: 43560 actu_wrong: 3240
2026-07-17 14:55:31,762 P3497859 INFO pr:0.9617  rc:0.8341  auc:0.9916 ap:0.9824 f1: 0.8934 pred_right: 18050 pred_wrong:1150 actu_right: 17874 actu_wrong: 1326
2026-07-17 14:55:31,763 P3497859 INFO ----------------------------------------------------------------------------------------------------
2026-07-17 14:55:31,763 P3497859 INFO 44/300 starting... lr: 0.001 para:0.02222222276031971
2026-07-17 14:55:37,108 P3497859 INFO Epoch 44/300, all_loss:1.67831 cls_loss:1.66903 rec_loss:2.08653 [5.34s]; best loss:1.66366, patience : 2
2026-07-17 14:55:38,406 P3497859 INFO pr:0.9283  rc:0.9504  auc:0.9969 ap:0.9888 f1: 0.9392 pred_right: 43479 pred_wrong:3321 actu_right: 43556 actu_wrong: 3244
2026-07-17 14:55:38,965 P3497859 INFO pr:0.9267  rc:0.9344  auc:0.9933 ap:0.9871 f1: 0.9305 pred_right: 17863 pred_wrong:1337 actu_right: 17874 actu_wrong: 1326
2026-07-17 14:55:38,990 P3497859 INFO ----------------------------------------------------------------------------------------------------
2026-07-17 14:55:38,990 P3497859 INFO 45/300 starting... lr: 0.001 para:0.021739130839705467
2026-07-17 14:55:44,340 P3497859 INFO Epoch 45/300, all_loss:1.66056 cls_loss:1.65101 rec_loss:2.09016 [5.32s]; best loss:1.66056, patience : 0
2026-07-17 14:55:45,671 P3497859 INFO pr:0.8979  rc:0.9469  auc:0.9968 ap:0.9878 f1: 0.9218 pred_right: 43382 pred_wrong:3418 actu_right: 43559 actu_wrong: 3241
2026-07-17 14:55:46,237 P3497859 INFO pr:0.8981  rc:0.9306  auc:0.9928 ap:0.9851 f1: 0.9141 pred_right: 17826 pred_wrong:1374 actu_right: 17874 actu_wrong: 1326
2026-07-17 14:55:46,238 P3497859 INFO ----------------------------------------------------------------------------------------------------
2026-07-17 14:55:46,238 P3497859 INFO 46/300 starting... lr: 0.001 para:0.021276595070958138
2026-07-17 14:55:51,439 P3497859 INFO Epoch 46/300, all_loss:1.48065 cls_loss:1.46630 rec_loss:2.14051 [5.17s]; best loss:1.48065, patience : 0
2026-07-17 14:55:52,825 P3497859 INFO pr:0.9172  rc:0.9645  auc:0.9968 ap:0.9904 f1: 0.9403 pred_right: 43393 pred_wrong:3407 actu_right: 43560 actu_wrong: 3240
2026-07-17 14:55:53,464 P3497859 INFO pr:0.9105  rc:0.9510  auc:0.9943 ap:0.9869 f1: 0.9303 pred_right: 17815 pred_wrong:1385 actu_right: 17874 actu_wrong: 1326
2026-07-17 14:55:53,490 P3497859 INFO ----------------------------------------------------------------------------------------------------
2026-07-17 14:55:53,490 P3497859 INFO 47/300 starting... lr: 0.001 para:0.02083333395421505
2026-07-17 14:55:58,675 P3497859 INFO Epoch 47/300, all_loss:1.45332 cls_loss:1.43828 rec_loss:2.16022 [5.16s]; best loss:1.45332, patience : 0
2026-07-17 14:55:59,930 P3497859 INFO pr:0.9215  rc:0.9608  auc:0.9960 ap:0.9898 f1: 0.9407 pred_right: 43423 pred_wrong:3377 actu_right: 43561 actu_wrong: 3239
2026-07-17 14:56:00,491 P3497859 INFO pr:0.9158  rc:0.9427  auc:0.9940 ap:0.9864 f1: 0.9290 pred_right: 17835 pred_wrong:1365 actu_right: 17874 actu_wrong: 1326
2026-07-17 14:56:00,519 P3497859 INFO ----------------------------------------------------------------------------------------------------
2026-07-17 14:56:00,519 P3497859 INFO 48/300 starting... lr: 0.001 para:0.020408162847161293
2026-07-17 14:56:05,623 P3497859 INFO Epoch 48/300, all_loss:1.43901 cls_loss:1.42483 rec_loss:2.11980 [5.08s]; best loss:1.43901, patience : 0
2026-07-17 14:56:06,949 P3497859 INFO pr:0.9042  rc:0.9639  auc:0.9966 ap:0.9900 f1: 0.9331 pred_right: 43344 pred_wrong:3456 actu_right: 43558 actu_wrong: 3242
2026-07-17 14:56:07,500 P3497859 INFO pr:0.9020  rc:0.9510  auc:0.9936 ap:0.9860 f1: 0.9258 pred_right: 17802 pred_wrong:1398 actu_right: 17874 actu_wrong: 1326
2026-07-17 14:56:07,501 P3497859 INFO ----------------------------------------------------------------------------------------------------
2026-07-17 14:56:07,501 P3497859 INFO 49/300 starting... lr: 0.001 para:0.019999999552965164
2026-07-17 14:56:13,295 P3497859 INFO Epoch 49/300, all_loss:1.38296 cls_loss:1.36730 rec_loss:2.15028 [5.77s]; best loss:1.38296, patience : 0
2026-07-17 14:56:14,362 P3497859 INFO pr:0.9414  rc:0.9278  auc:0.9975 ap:0.9897 f1: 0.9346 pred_right: 43607 pred_wrong:3193 actu_right: 43560 actu_wrong: 3240
2026-07-17 14:56:14,783 P3497859 INFO pr:0.9177  rc:0.9087  auc:0.9942 ap:0.9844 f1: 0.9132 pred_right: 17887 pred_wrong:1313 actu_right: 17874 actu_wrong: 1326
2026-07-17 14:56:14,784 P3497859 INFO ----------------------------------------------------------------------------------------------------
2026-07-17 14:56:14,784 P3497859 INFO 50/300 starting... lr: 0.001 para:0.019607843831181526
2026-07-17 14:56:19,051 P3497859 INFO Epoch 50/300, all_loss:1.44707 cls_loss:1.43219 rec_loss:2.19143 [4.27s]; best loss:1.38296, patience : 1
2026-07-17 14:56:20,302 P3497859 INFO pr:0.9808  rc:0.8984  auc:0.9968 ap:0.9898 f1: 0.9378 pred_right: 43835 pred_wrong:2965 actu_right: 43563 actu_wrong: 3237
2026-07-17 14:56:20,827 P3497859 INFO pr:0.9815  rc:0.8816  auc:0.9940 ap:0.9883 f1: 0.9289 pred_right: 18009 pred_wrong:1191 actu_right: 17874 actu_wrong: 1326
2026-07-17 14:56:20,827 P3497859 INFO ----------------------------------------------------------------------------------------------------
2026-07-17 14:56:20,828 P3497859 INFO 51/300 starting... lr: 0.001 para:0.01923076994717121
2026-07-17 14:56:27,460 P3497859 INFO Epoch 51/300, all_loss:1.39378 cls_loss:1.38035 rec_loss:2.07838 [6.63s]; best loss:1.38296, patience : 1
2026-07-17 14:56:30,111 P3497859 INFO pr:0.9098  rc:0.9744  auc:0.9975 ap:0.9914 f1: 0.9410 pred_right: 43329 pred_wrong:3471 actu_right: 43559 actu_wrong: 3241
2026-07-17 14:56:31,128 P3497859 INFO pr:0.9034  rc:0.9661  auc:0.9943 ap:0.9879 f1: 0.9337 pred_right: 17782 pred_wrong:1418 actu_right: 17874 actu_wrong: 1326
2026-07-17 14:56:31,179 P3497859 INFO ----------------------------------------------------------------------------------------------------
2026-07-17 14:56:31,180 P3497859 INFO 52/300 starting... lr: 0.001 para:0.01886792480945587
2026-07-17 14:56:38,942 P3497859 INFO Epoch 52/300, all_loss:1.33809 cls_loss:1.32170 rec_loss:2.19039 [7.73s]; best loss:1.33809, patience : 0
2026-07-17 14:56:40,282 P3497859 INFO pr:0.9110  rc:0.9132  auc:0.9952 ap:0.9864 f1: 0.9121 pred_right: 43553 pred_wrong:3247 actu_right: 43561 actu_wrong: 3239
2026-07-17 14:56:40,835 P3497859 INFO pr:0.9139  rc:0.8967  auc:0.9914 ap:0.9823 f1: 0.9052 pred_right: 17899 pred_wrong:1301 actu_right: 17874 actu_wrong: 1326
2026-07-17 14:56:40,835 P3497859 INFO ----------------------------------------------------------------------------------------------------
2026-07-17 14:56:40,843 P3497859 INFO 53/300 starting... lr: 0.001 para:0.018518518656492233
2026-07-17 14:56:46,037 P3497859 INFO Epoch 53/300, all_loss:1.31791 cls_loss:1.30119 rec_loss:2.20368 [5.17s]; best loss:1.31791, patience : 0
2026-07-17 14:56:47,394 P3497859 INFO pr:0.9617  rc:0.9679  auc:0.9969 ap:0.9911 f1: 0.9648 pred_right: 43540 pred_wrong:3260 actu_right: 43561 actu_wrong: 3239
2026-07-17 14:56:47,957 P3497859 INFO pr:0.9628  rc:0.9555  auc:0.9934 ap:0.9883 f1: 0.9591 pred_right: 17884 pred_wrong:1316 actu_right: 17874 actu_wrong: 1326
2026-07-17 14:56:47,984 P3497859 INFO ----------------------------------------------------------------------------------------------------
2026-07-17 14:56:47,984 P3497859 INFO 54/300 starting... lr: 0.001 para:0.0181818176060915
2026-07-17 14:56:53,167 P3497859 INFO Epoch 54/300, all_loss:1.25269 cls_loss:1.23541 rec_loss:2.18615 [5.16s]; best loss:1.25269, patience : 0
2026-07-17 14:56:54,470 P3497859 INFO pr:0.9678  rc:0.9642  auc:0.9980 ap:0.9930 f1: 0.9660 pred_right: 43571 pred_wrong:3229 actu_right: 43559 actu_wrong: 3241
2026-07-17 14:56:55,026 P3497859 INFO pr:0.9558  rc:0.9465  auc:0.9951 ap:0.9890 f1: 0.9511 pred_right: 17887 pred_wrong:1313 actu_right: 17874 actu_wrong: 1326
2026-07-17 14:56:55,051 P3497859 INFO ----------------------------------------------------------------------------------------------------
2026-07-17 14:56:55,051 P3497859 INFO 55/300 starting... lr: 0.001 para:0.01785714365541935
2026-07-17 14:57:00,253 P3497859 INFO Epoch 55/300, all_loss:1.16581 cls_loss:1.14686 rec_loss:2.20807 [5.17s]; best loss:1.16581, patience : 0
2026-07-17 14:57:01,577 P3497859 INFO pr:0.9722  rc:0.9169  auc:0.9972 ap:0.9914 f1: 0.9438 pred_right: 43745 pred_wrong:3055 actu_right: 43561 actu_wrong: 3239
2026-07-17 14:57:02,128 P3497859 INFO pr:0.9698  rc:0.8967  auc:0.9938 ap:0.9885 f1: 0.9318 pred_right: 17974 pred_wrong:1226 actu_right: 17874 actu_wrong: 1326
2026-07-17 14:57:02,129 P3497859 INFO ----------------------------------------------------------------------------------------------------
2026-07-17 14:57:02,129 P3497859 INFO 56/300 starting... lr: 0.001 para:0.017543859779834747
2026-07-17 14:57:07,135 P3497859 INFO Epoch 56/300, all_loss:1.25109 cls_loss:1.23324 rec_loss:2.25106 [5.00s]; best loss:1.16581, patience : 1
2026-07-17 14:57:08,432 P3497859 INFO pr:0.9476  rc:0.9322  auc:0.9976 ap:0.9912 f1: 0.9398 pred_right: 43610 pred_wrong:3190 actu_right: 43557 actu_wrong: 3243
2026-07-17 14:57:08,956 P3497859 INFO pr:0.9375  rc:0.9163  auc:0.9955 ap:0.9885 f1: 0.9268 pred_right: 17904 pred_wrong:1296 actu_right: 17874 actu_wrong: 1326
2026-07-17 14:57:08,957 P3497859 INFO ----------------------------------------------------------------------------------------------------
2026-07-17 14:57:08,957 P3497859 INFO 57/300 starting... lr: 0.001 para:0.017241379246115685
2026-07-17 14:57:14,160 P3497859 INFO Epoch 57/300, all_loss:1.08055 cls_loss:1.05974 rec_loss:2.26686 [5.18s]; best loss:1.08055, patience : 0
2026-07-17 14:57:15,531 P3497859 INFO pr:0.9350  rc:0.9682  auc:0.9966 ap:0.9911 f1: 0.9513 pred_right: 43444 pred_wrong:3356 actu_right: 43559 actu_wrong: 3241
2026-07-17 14:57:16,077 P3497859 INFO pr:0.9254  rc:0.9540  auc:0.9938 ap:0.9863 f1: 0.9395 pred_right: 17833 pred_wrong:1367 actu_right: 17874 actu_wrong: 1326
2026-07-17 14:57:16,077 P3497859 INFO ----------------------------------------------------------------------------------------------------
2026-07-17 14:57:16,077 P3497859 INFO 58/300 starting... lr: 0.001 para:0.016949152573943138
2026-07-17 14:57:21,146 P3497859 INFO Epoch 58/300, all_loss:1.09703 cls_loss:1.07706 rec_loss:2.25524 [5.07s]; best loss:1.08055, patience : 1
2026-07-17 14:57:22,523 P3497859 INFO pr:0.9227  rc:0.9793  auc:0.9984 ap:0.9924 f1: 0.9502 pred_right: 43359 pred_wrong:3441 actu_right: 43558 actu_wrong: 3242
2026-07-17 14:57:23,088 P3497859 INFO pr:0.9205  rc:0.9691  auc:0.9962 ap:0.9906 f1: 0.9442 pred_right: 17804 pred_wrong:1396 actu_right: 17874 actu_wrong: 1326
2026-07-17 14:57:23,088 P3497859 INFO ----------------------------------------------------------------------------------------------------
2026-07-17 14:57:23,088 P3497859 INFO 59/300 starting... lr: 0.001 para:0.01666666753590107
2026-07-17 14:57:28,115 P3497859 INFO Epoch 59/300, all_loss:1.08107 cls_loss:1.06143 rec_loss:2.24014 [5.02s]; best loss:1.08055, patience : 1
2026-07-17 14:57:29,384 P3497859 INFO pr:0.9439  rc:0.9392  auc:0.9978 ap:0.9918 f1: 0.9415 pred_right: 43575 pred_wrong:3225 actu_right: 43559 actu_wrong: 3241
2026-07-17 14:57:29,942 P3497859 INFO pr:0.9381  rc:0.9253  auc:0.9959 ap:0.9888 f1: 0.9317 pred_right: 17892 pred_wrong:1308 actu_right: 17874 actu_wrong: 1326
2026-07-17 14:57:29,942 P3497859 INFO ----------------------------------------------------------------------------------------------------
2026-07-17 14:57:29,942 P3497859 INFO 60/300 starting... lr: 0.001 para:0.016393441706895828
2026-07-17 14:57:35,545 P3497859 INFO Epoch 60/300, all_loss:1.18519 cls_loss:1.16705 rec_loss:2.27326 [5.60s]; best loss:1.08055, patience : 2
2026-07-17 14:57:36,559 P3497859 INFO pr:0.9633  rc:0.9309  auc:0.9978 ap:0.9919 f1: 0.9468 pred_right: 43669 pred_wrong:3131 actu_right: 43560 actu_wrong: 3240
2026-07-17 14:57:36,997 P3497859 INFO pr:0.9552  rc:0.9163  auc:0.9951 ap:0.9879 f1: 0.9353 pred_right: 17928 pred_wrong:1272 actu_right: 17874 actu_wrong: 1326
2026-07-17 14:57:36,997 P3497859 INFO ----------------------------------------------------------------------------------------------------
2026-07-17 14:57:36,997 P3497859 INFO 61/300 starting... lr: 0.001 para:0.016129031777381897
2026-07-17 14:57:41,234 P3497859 INFO Epoch 61/300, all_loss:1.06774 cls_loss:1.04802 rec_loss:2.27101 [4.21s]; best loss:1.06774, patience : 0
2026-07-17 14:57:42,431 P3497859 INFO pr:0.9437  rc:0.9574  auc:0.9979 ap:0.9911 f1: 0.9505 pred_right: 43515 pred_wrong:3285 actu_right: 43562 actu_wrong: 3238
2026-07-17 14:57:42,963 P3497859 INFO pr:0.9297  rc:0.9480  auc:0.9962 ap:0.9877 f1: 0.9388 pred_right: 17848 pred_wrong:1352 actu_right: 17874 actu_wrong: 1326
2026-07-17 14:57:42,963 P3497859 INFO ----------------------------------------------------------------------------------------------------
2026-07-17 14:57:42,963 P3497859 INFO 62/300 starting... lr: 0.001 para:0.01587301678955555
2026-07-17 14:57:48,816 P3497859 INFO Epoch 62/300, all_loss:0.99302 cls_loss:0.97167 rec_loss:2.31665 [5.80s]; best loss:0.99302, patience : 0
2026-07-17 14:57:52,007 P3497859 INFO pr:0.9252  rc:0.9318  auc:0.9971 ap:0.9905 f1: 0.9285 pred_right: 43536 pred_wrong:3264 actu_right: 43559 actu_wrong: 3241
2026-07-17 14:57:53,134 P3497859 INFO pr:0.9170  rc:0.9170  auc:0.9958 ap:0.9871 f1: 0.9170 pred_right: 17874 pred_wrong:1326 actu_right: 17874 actu_wrong: 1326
2026-07-17 14:57:53,134 P3497859 INFO ----------------------------------------------------------------------------------------------------
2026-07-17 14:57:53,134 P3497859 INFO 63/300 starting... lr: 0.001 para:0.015625
2026-07-17 14:58:02,050 P3497859 INFO Epoch 63/300, all_loss:1.03176 cls_loss:1.01151 rec_loss:2.30760 [8.91s]; best loss:0.99302, patience : 1
2026-07-17 14:58:03,459 P3497859 INFO pr:0.9180  rc:0.9284  auc:0.9978 ap:0.9907 f1: 0.9232 pred_right: 43521 pred_wrong:3279 actu_right: 43558 actu_wrong: 3242
2026-07-17 14:58:04,056 P3497859 INFO pr:0.9117  rc:0.9186  auc:0.9958 ap:0.9869 f1: 0.9151 pred_right: 17864 pred_wrong:1336 actu_right: 17874 actu_wrong: 1326
2026-07-17 14:58:04,056 P3497859 INFO ----------------------------------------------------------------------------------------------------
2026-07-17 14:58:04,056 P3497859 INFO 64/300 starting... lr: 0.001 para:0.015384615398943424
2026-07-17 14:58:09,391 P3497859 INFO Epoch 64/300, all_loss:1.04905 cls_loss:1.02956 rec_loss:2.29653 [5.33s]; best loss:0.99302, patience : 2
2026-07-17 14:58:10,877 P3497859 INFO pr:0.9283  rc:0.9231  auc:0.9972 ap:0.9909 f1: 0.9257 pred_right: 43578 pred_wrong:3222 actu_right: 43560 actu_wrong: 3240
2026-07-17 14:58:11,417 P3497859 INFO pr:0.9222  rc:0.9118  auc:0.9961 ap:0.9869 f1: 0.9170 pred_right: 17889 pred_wrong:1311 actu_right: 17874 actu_wrong: 1326
2026-07-17 14:58:11,417 P3497859 INFO ----------------------------------------------------------------------------------------------------
2026-07-17 14:58:11,417 P3497859 INFO 65/300 starting... lr: 0.001 para:0.01515151560306549
2026-07-17 14:58:16,496 P3497859 INFO Epoch 65/300, all_loss:1.09215 cls_loss:1.07380 rec_loss:2.28464 [5.08s]; best loss:0.99302, patience : 3
2026-07-17 14:58:17,829 P3497859 INFO pr:0.9809  rc:0.9037  auc:0.9968 ap:0.9923 f1: 0.9407 pred_right: 43815 pred_wrong:2985 actu_right: 43560 actu_wrong: 3240
2026-07-17 14:58:18,358 P3497859 INFO pr:0.9752  rc:0.8899  auc:0.9952 ap:0.9892 f1: 0.9306 pred_right: 17990 pred_wrong:1210 actu_right: 17874 actu_wrong: 1326
2026-07-17 14:58:18,358 P3497859 INFO ----------------------------------------------------------------------------------------------------
2026-07-17 14:58:18,358 P3497859 INFO 66/300 starting... lr: 0.001 para:0.014925372786819935
2026-07-17 14:58:23,502 P3497859 INFO Epoch 66/300, all_loss:0.98658 cls_loss:0.96713 rec_loss:2.27056 [5.11s]; best loss:0.98658, patience : 0
2026-07-17 14:58:24,828 P3497859 INFO pr:0.9727  rc:0.9442  auc:0.9980 ap:0.9944 f1: 0.9582 pred_right: 43654 pred_wrong:3146 actu_right: 43559 actu_wrong: 3241
2026-07-17 14:58:25,377 P3497859 INFO pr:0.9662  rc:0.9284  auc:0.9967 ap:0.9919 f1: 0.9469 pred_right: 17926 pred_wrong:1274 actu_right: 17874 actu_wrong: 1326
2026-07-17 14:58:25,377 P3497859 INFO ----------------------------------------------------------------------------------------------------
2026-07-17 14:58:25,378 P3497859 INFO 67/300 starting... lr: 0.001 para:0.014705882407724857
2026-07-17 14:58:30,324 P3497859 INFO Epoch 67/300, all_loss:0.87193 cls_loss:0.85057 rec_loss:2.30328 [4.92s]; best loss:0.87193, patience : 0
2026-07-17 14:58:31,614 P3497859 INFO pr:0.9800  rc:0.9361  auc:0.9978 ap:0.9929 f1: 0.9575 pred_right: 43705 pred_wrong:3095 actu_right: 43560 actu_wrong: 3240
2026-07-17 14:58:32,144 P3497859 INFO pr:0.9767  rc:0.9186  auc:0.9956 ap:0.9904 f1: 0.9468 pred_right: 17953 pred_wrong:1247 actu_right: 17874 actu_wrong: 1326
2026-07-17 14:58:32,145 P3497859 INFO ----------------------------------------------------------------------------------------------------
2026-07-17 14:58:32,145 P3497859 INFO 68/300 starting... lr: 0.001 para:0.014492753893136978
2026-07-17 14:58:37,186 P3497859 INFO Epoch 68/300, all_loss:0.90607 cls_loss:0.88460 rec_loss:2.36669 [5.04s]; best loss:0.87193, patience : 1
2026-07-17 14:58:38,570 P3497859 INFO pr:0.9355  rc:0.9448  auc:0.9966 ap:0.9903 f1: 0.9401 pred_right: 43527 pred_wrong:3273 actu_right: 43559 actu_wrong: 3241
2026-07-17 14:58:39,129 P3497859 INFO pr:0.9241  rc:0.9268  auc:0.9945 ap:0.9862 f1: 0.9255 pred_right: 17870 pred_wrong:1330 actu_right: 17874 actu_wrong: 1326
2026-07-17 14:58:39,129 P3497859 INFO ----------------------------------------------------------------------------------------------------
2026-07-17 14:58:39,129 P3497859 INFO 69/300 starting... lr: 0.001 para:0.014285714365541935
2026-07-17 14:58:44,361 P3497859 INFO Epoch 69/300, all_loss:0.88801 cls_loss:0.86747 rec_loss:2.30531 [5.23s]; best loss:0.87193, patience : 1
2026-07-17 14:58:45,707 P3497859 INFO pr:0.9506  rc:0.9509  auc:0.9975 ap:0.9920 f1: 0.9508 pred_right: 43559 pred_wrong:3241 actu_right: 43560 actu_wrong: 3240
2026-07-17 14:58:46,268 P3497859 INFO pr:0.9406  rc:0.9314  auc:0.9961 ap:0.9880 f1: 0.9360 pred_right: 17887 pred_wrong:1313 actu_right: 17874 actu_wrong: 1326
2026-07-17 14:58:46,268 P3497859 INFO ----------------------------------------------------------------------------------------------------
2026-07-17 14:58:46,268 P3497859 INFO 70/300 starting... lr: 0.001 para:0.014084506779909134
2026-07-17 14:58:51,489 P3497859 INFO Epoch 70/300, all_loss:0.86447 cls_loss:0.84338 rec_loss:2.34067 [5.20s]; best loss:0.86447, patience : 0
2026-07-17 14:58:52,832 P3497859 INFO pr:0.9572  rc:0.9812  auc:0.9978 ap:0.9938 f1: 0.9691 pred_right: 43479 pred_wrong:3321 actu_right: 43560 actu_wrong: 3240
2026-07-17 14:58:53,360 P3497859 INFO pr:0.9582  rc:0.9683  auc:0.9971 ap:0.9911 f1: 0.9632 pred_right: 17860 pred_wrong:1340 actu_right: 17874 actu_wrong: 1326
2026-07-17 14:58:53,386 P3497859 INFO ----------------------------------------------------------------------------------------------------
2026-07-17 14:58:53,386 P3497859 INFO 71/300 starting... lr: 0.001 para:0.013888888992369175
2026-07-17 14:58:58,674 P3497859 INFO Epoch 71/300, all_loss:0.76358 cls_loss:0.74085 rec_loss:2.37728 [5.24s]; best loss:0.76358, patience : 0
2026-07-17 14:59:01,090 P3497859 INFO pr:0.9544  rc:0.9765  auc:0.9976 ap:0.9938 f1: 0.9653 pred_right: 43487 pred_wrong:3313 actu_right: 43562 actu_wrong: 3238
2026-07-17 14:59:01,529 P3497859 INFO pr:0.9441  rc:0.9683  auc:0.9968 ap:0.9897 f1: 0.9561 pred_right: 17840 pred_wrong:1360 actu_right: 17874 actu_wrong: 1326
2026-07-17 14:59:01,530 P3497859 INFO ----------------------------------------------------------------------------------------------------
2026-07-17 14:59:01,530 P3497859 INFO 72/300 starting... lr: 0.001 para:0.013698630034923553
2026-07-17 14:59:05,654 P3497859 INFO Epoch 72/300, all_loss:0.78136 cls_loss:0.75948 rec_loss:2.35669 [4.12s]; best loss:0.76358, patience : 1
2026-07-17 14:59:06,773 P3497859 INFO pr:0.9600  rc:0.9701  auc:0.9970 ap:0.9936 f1: 0.9650 pred_right: 43527 pred_wrong:3273 actu_right: 43561 actu_wrong: 3239
2026-07-17 14:59:07,238 P3497859 INFO pr:0.9486  rc:0.9600  auc:0.9950 ap:0.9887 f1: 0.9543 pred_right: 17858 pred_wrong:1342 actu_right: 17874 actu_wrong: 1326
2026-07-17 14:59:07,238 P3497859 INFO ----------------------------------------------------------------------------------------------------
2026-07-17 14:59:07,238 P3497859 INFO 73/300 starting... lr: 0.001 para:0.013513513840734959
2026-07-17 14:59:11,902 P3497859 INFO Epoch 73/300, all_loss:0.83242 cls_loss:0.81193 rec_loss:2.32845 [4.66s]; best loss:0.76358, patience : 2
2026-07-17 14:59:13,373 P3497859 INFO pr:0.9767  rc:0.9454  auc:0.9982 ap:0.9945 f1: 0.9608 pred_right: 43663 pred_wrong:3137 actu_right: 43559 actu_wrong: 3241
2026-07-17 14:59:14,552 P3497859 INFO pr:0.9725  rc:0.9344  auc:0.9975 ap:0.9927 f1: 0.9531 pred_right: 17926 pred_wrong:1274 actu_right: 17874 actu_wrong: 1326
2026-07-17 14:59:14,553 P3497859 INFO ----------------------------------------------------------------------------------------------------
2026-07-17 14:59:14,553 P3497859 INFO 74/300 starting... lr: 0.001 para:0.013333333656191826
2026-07-17 14:59:24,544 P3497859 INFO Epoch 74/300, all_loss:0.78366 cls_loss:0.76263 rec_loss:2.33967 [9.99s]; best loss:0.76358, patience : 2
2026-07-17 14:59:26,091 P3497859 INFO pr:0.9730  rc:0.9781  auc:0.9987 ap:0.9951 f1: 0.9755 pred_right: 43540 pred_wrong:3260 actu_right: 43557 actu_wrong: 3243
2026-07-17 14:59:26,686 P3497859 INFO pr:0.9654  rc:0.9676  auc:0.9972 ap:0.9921 f1: 0.9665 pred_right: 17871 pred_wrong:1329 actu_right: 17874 actu_wrong: 1326
2026-07-17 14:59:26,715 P3497859 INFO ----------------------------------------------------------------------------------------------------
2026-07-17 14:59:26,715 P3497859 INFO 75/300 starting... lr: 0.001 para:0.01315789483487606
2026-07-17 14:59:32,067 P3497859 INFO Epoch 75/300, all_loss:0.83367 cls_loss:0.81346 rec_loss:2.34945 [5.35s]; best loss:0.76358, patience : 3
2026-07-17 14:59:33,388 P3497859 INFO pr:0.9706  rc:0.9775  auc:0.9986 ap:0.9951 f1: 0.9740 pred_right: 43536 pred_wrong:3264 actu_right: 43559 actu_wrong: 3241
2026-07-17 14:59:33,993 P3497859 INFO pr:0.9610  rc:0.9661  auc:0.9979 ap:0.9931 f1: 0.9635 pred_right: 17867 pred_wrong:1333 actu_right: 17874 actu_wrong: 1326
2026-07-17 14:59:33,993 P3497859 INFO ----------------------------------------------------------------------------------------------------
2026-07-17 14:59:33,994 P3497859 INFO 76/300 starting... lr: 0.001 para:0.012987012974917889
2026-07-17 14:59:39,160 P3497859 INFO Epoch 76/300, all_loss:0.82603 cls_loss:0.80573 rec_loss:2.36850 [5.16s]; best loss:0.76358, patience : 3
2026-07-17 14:59:40,425 P3497859 INFO pr:0.9481  rc:0.9824  auc:0.9986 ap:0.9935 f1: 0.9650 pred_right: 43445 pred_wrong:3355 actu_right: 43562 actu_wrong: 3238
2026-07-17 14:59:40,945 P3497859 INFO pr:0.9265  rc:0.9698  auc:0.9978 ap:0.9910 f1: 0.9477 pred_right: 17812 pred_wrong:1388 actu_right: 17874 actu_wrong: 1326
2026-07-17 14:59:40,945 P3497859 INFO ----------------------------------------------------------------------------------------------------
2026-07-17 14:59:40,945 P3497859 INFO 77/300 starting... lr: 0.001 para:0.012820512987673283
2026-07-17 14:59:46,010 P3497859 INFO Epoch 77/300, all_loss:0.77314 cls_loss:0.75248 rec_loss:2.36402 [5.06s]; best loss:0.76358, patience : 3
2026-07-17 14:59:47,291 P3497859 INFO pr:0.9779  rc:0.9692  auc:0.9979 ap:0.9946 f1: 0.9735 pred_right: 43586 pred_wrong:3214 actu_right: 43557 actu_wrong: 3243
2026-07-17 14:59:47,846 P3497859 INFO pr:0.9693  rc:0.9525  auc:0.9970 ap:0.9905 f1: 0.9608 pred_right: 17897 pred_wrong:1303 actu_right: 17874 actu_wrong: 1326
2026-07-17 14:59:47,846 P3497859 INFO ----------------------------------------------------------------------------------------------------
2026-07-17 14:59:47,846 P3497859 INFO 78/300 starting... lr: 0.001 para:0.012658228166401386
2026-07-17 14:59:53,195 P3497859 INFO Epoch 78/300, all_loss:0.91275 cls_loss:0.89349 rec_loss:2.41469 [5.35s]; best loss:0.76358, patience : 4
2026-07-17 14:59:54,493 P3497859 INFO pr:0.9661  rc:0.9762  auc:0.9983 ap:0.9951 f1: 0.9712 pred_right: 43524 pred_wrong:3276 actu_right: 43558 actu_wrong: 3242
2026-07-17 14:59:55,061 P3497859 INFO pr:0.9616  rc:0.9638  auc:0.9976 ap:0.9929 f1: 0.9627 pred_right: 17871 pred_wrong:1329 actu_right: 17874 actu_wrong: 1326
2026-07-17 14:59:55,061 P3497859 INFO ----------------------------------------------------------------------------------------------------
2026-07-17 14:59:55,061 P3497859 INFO 79/300 starting... lr: 0.001 para:0.012500000186264515
2026-07-17 15:00:00,526 P3497859 INFO Epoch 79/300, all_loss:0.70936 cls_loss:0.68847 rec_loss:2.35980 [5.44s]; best loss:0.70936, patience : 0
2026-07-17 15:00:01,942 P3497859 INFO pr:0.9744  rc:0.9639  auc:0.9984 ap:0.9947 f1: 0.9691 pred_right: 43593 pred_wrong:3207 actu_right: 43558 actu_wrong: 3242
2026-07-17 15:00:02,521 P3497859 INFO pr:0.9685  rc:0.9495  auc:0.9976 ap:0.9929 f1: 0.9589 pred_right: 17900 pred_wrong:1300 actu_right: 17874 actu_wrong: 1326
2026-07-17 15:00:02,522 P3497859 INFO ----------------------------------------------------------------------------------------------------
2026-07-17 15:00:02,522 P3497859 INFO 80/300 starting... lr: 0.001 para:0.012345679104328156
2026-07-17 15:00:07,912 P3497859 INFO Epoch 80/300, all_loss:0.88717 cls_loss:0.86821 rec_loss:2.40432 [5.39s]; best loss:0.70936, patience : 1
2026-07-17 15:00:09,194 P3497859 INFO pr:0.9717  rc:0.9753  auc:0.9981 ap:0.9942 f1: 0.9735 pred_right: 43547 pred_wrong:3253 actu_right: 43559 actu_wrong: 3241
2026-07-17 15:00:09,738 P3497859 INFO pr:0.9666  rc:0.9600  auc:0.9977 ap:0.9940 f1: 0.9633 pred_right: 17883 pred_wrong:1317 actu_right: 17874 actu_wrong: 1326
2026-07-17 15:00:09,738 P3497859 INFO ----------------------------------------------------------------------------------------------------
2026-07-17 15:00:09,738 P3497859 INFO 81/300 starting... lr: 0.001 para:0.012195121496915817
2026-07-17 15:00:14,969 P3497859 INFO Epoch 81/300, all_loss:0.67023 cls_loss:0.64845 rec_loss:2.43452 [5.20s]; best loss:0.67023, patience : 0
2026-07-17 15:00:16,280 P3497859 INFO pr:0.9678  rc:0.9562  auc:0.9967 ap:0.9929 f1: 0.9620 pred_right: 43598 pred_wrong:3202 actu_right: 43559 actu_wrong: 3241
2026-07-17 15:00:16,870 P3497859 INFO pr:0.9534  rc:0.9404  auc:0.9956 ap:0.9877 f1: 0.9468 pred_right: 17892 pred_wrong:1308 actu_right: 17874 actu_wrong: 1326
2026-07-17 15:00:16,871 P3497859 INFO ----------------------------------------------------------------------------------------------------
2026-07-17 15:00:16,871 P3497859 INFO 82/300 starting... lr: 0.001 para:0.012048192322254181
2026-07-17 15:00:22,160 P3497859 INFO Epoch 82/300, all_loss:0.80849 cls_loss:0.78910 rec_loss:2.39858 [5.29s]; best loss:0.67023, patience : 1
2026-07-17 15:00:23,445 P3497859 INFO pr:0.9844  rc:0.9738  auc:0.9986 ap:0.9949 f1: 0.9791 pred_right: 43592 pred_wrong:3208 actu_right: 43557 actu_wrong: 3243
2026-07-17 15:00:24,059 P3497859 INFO pr:0.9754  rc:0.9585  auc:0.9979 ap:0.9951 f1: 0.9669 pred_right: 17897 pred_wrong:1303 actu_right: 17874 actu_wrong: 1326
2026-07-17 15:00:24,086 P3497859 INFO ----------------------------------------------------------------------------------------------------
2026-07-17 15:00:24,086 P3497859 INFO 83/300 starting... lr: 0.001 para:0.011904762126505375
2026-07-17 15:00:29,523 P3497859 INFO Epoch 83/300, all_loss:0.66592 cls_loss:0.64424 rec_loss:2.46582 [5.42s]; best loss:0.66592, patience : 0
2026-07-17 15:00:30,565 P3497859 INFO pr:0.9761  rc:0.9701  auc:0.9981 ap:0.9924 f1: 0.9731 pred_right: 43578 pred_wrong:3222 actu_right: 43558 actu_wrong: 3242
2026-07-17 15:00:31,000 P3497859 INFO pr:0.9730  rc:0.9525  auc:0.9974 ap:0.9923 f1: 0.9627 pred_right: 17902 pred_wrong:1298 actu_right: 17874 actu_wrong: 1326
2026-07-17 15:00:31,000 P3497859 INFO ----------------------------------------------------------------------------------------------------
2026-07-17 15:00:31,000 P3497859 INFO 84/300 starting... lr: 0.001 para:0.0117647061124444
2026-07-17 15:00:35,761 P3497859 INFO Epoch 84/300, all_loss:0.68134 cls_loss:0.66026 rec_loss:2.45214 [4.76s]; best loss:0.66592, patience : 1
2026-07-17 15:00:36,982 P3497859 INFO pr:0.9766  rc:0.9778  auc:0.9985 ap:0.9949 f1: 0.9772 pred_right: 43556 pred_wrong:3244 actu_right: 43560 actu_wrong: 3240
2026-07-17 15:00:37,455 P3497859 INFO pr:0.9668  rc:0.9668  auc:0.9971 ap:0.9916 f1: 0.9668 pred_right: 17874 pred_wrong:1326 actu_right: 17874 actu_wrong: 1326
2026-07-17 15:00:37,455 P3497859 INFO ----------------------------------------------------------------------------------------------------
2026-07-17 15:00:37,455 P3497859 INFO 85/300 starting... lr: 0.001 para:0.011627906933426857
2026-07-17 15:00:47,575 P3497859 INFO Epoch 85/300, all_loss:0.78063 cls_loss:0.76161 rec_loss:2.39787 [10.12s]; best loss:0.66592, patience : 2
2026-07-17 15:00:50,238 P3497859 INFO pr:0.9572  rc:0.9809  auc:0.9980 ap:0.9944 f1: 0.9689 pred_right: 43480 pred_wrong:3320 actu_right: 43560 actu_wrong: 3240
2026-07-17 15:00:50,926 P3497859 INFO pr:0.9420  rc:0.9676  auc:0.9973 ap:0.9933 f1: 0.9546 pred_right: 17838 pred_wrong:1362 actu_right: 17874 actu_wrong: 1326
2026-07-17 15:00:50,926 P3497859 INFO ----------------------------------------------------------------------------------------------------
2026-07-17 15:00:50,926 P3497859 INFO 86/300 starting... lr: 0.001 para:0.01149425283074379
2026-07-17 15:00:56,467 P3497859 INFO Epoch 86/300, all_loss:0.91855 cls_loss:0.90156 rec_loss:2.37921 [5.54s]; best loss:0.66592, patience : 3
2026-07-17 15:00:57,944 P3497859 INFO pr:0.9550  rc:0.9830  auc:0.9989 ap:0.9961 f1: 0.9688 pred_right: 43464 pred_wrong:3336 actu_right: 43559 actu_wrong: 3241
2026-07-17 15:00:58,520 P3497859 INFO pr:0.9410  rc:0.9751  auc:0.9980 ap:0.9942 f1: 0.9578 pred_right: 17826 pred_wrong:1374 actu_right: 17874 actu_wrong: 1326
2026-07-17 15:00:58,520 P3497859 INFO ----------------------------------------------------------------------------------------------------
2026-07-17 15:00:58,521 P3497859 INFO 87/300 starting... lr: 0.001 para:0.011363636702299118
2026-07-17 15:01:03,658 P3497859 INFO Epoch 87/300, all_loss:0.71162 cls_loss:0.69240 rec_loss:2.38400 [5.14s]; best loss:0.66592, patience : 3
2026-07-17 15:01:05,005 P3497859 INFO pr:0.9778  rc:0.9769  auc:0.9988 ap:0.9965 f1: 0.9773 pred_right: 43561 pred_wrong:3239 actu_right: 43558 actu_wrong: 3242
2026-07-17 15:01:05,555 P3497859 INFO pr:0.9667  rc:0.9646  auc:0.9971 ap:0.9924 f1: 0.9656 pred_right: 17877 pred_wrong:1323 actu_right: 17874 actu_wrong: 1326
2026-07-17 15:01:05,555 P3497859 INFO ----------------------------------------------------------------------------------------------------
2026-07-17 15:01:05,555 P3497859 INFO 88/300 starting... lr: 0.001 para:0.01123595517128706
2026-07-17 15:01:10,580 P3497859 INFO Epoch 88/300, all_loss:0.58821 cls_loss:0.56743 rec_loss:2.41717 [5.00s]; best loss:0.58821, patience : 0
2026-07-17 15:01:11,822 P3497859 INFO pr:0.9734  rc:0.9734  auc:0.9990 ap:0.9961 f1: 0.9734 pred_right: 43562 pred_wrong:3238 actu_right: 43562 actu_wrong: 3238
2026-07-17 15:01:12,347 P3497859 INFO pr:0.9573  rc:0.9630  auc:0.9982 ap:0.9944 f1: 0.9602 pred_right: 17866 pred_wrong:1334 actu_right: 17874 actu_wrong: 1326
2026-07-17 15:01:12,347 P3497859 INFO ----------------------------------------------------------------------------------------------------
2026-07-17 15:01:12,347 P3497859 INFO 89/300 starting... lr: 0.001 para:0.011111111380159855
2026-07-17 15:01:17,392 P3497859 INFO Epoch 89/300, all_loss:0.62021 cls_loss:0.59925 rec_loss:2.48557 [5.04s]; best loss:0.58821, patience : 1
2026-07-17 15:01:18,702 P3497859 INFO pr:0.9762  rc:0.9732  auc:0.9988 ap:0.9954 f1: 0.9747 pred_right: 43568 pred_wrong:3232 actu_right: 43558 actu_wrong: 3242
2026-07-17 15:01:19,222 P3497859 INFO pr:0.9682  rc:0.9630  auc:0.9979 ap:0.9947 f1: 0.9656 pred_right: 17881 pred_wrong:1319 actu_right: 17874 actu_wrong: 1326
2026-07-17 15:01:19,222 P3497859 INFO ----------------------------------------------------------------------------------------------------
2026-07-17 15:01:19,223 P3497859 INFO 90/300 starting... lr: 0.001 para:0.010989011265337467
2026-07-17 15:01:24,353 P3497859 INFO Epoch 90/300, all_loss:0.71804 cls_loss:0.69858 rec_loss:2.46932 [5.13s]; best loss:0.58821, patience : 2
2026-07-17 15:01:25,670 P3497859 INFO pr:0.9711  rc:0.9738  auc:0.9981 ap:0.9950 f1: 0.9724 pred_right: 43551 pred_wrong:3249 actu_right: 43560 actu_wrong: 3240
2026-07-17 15:01:26,218 P3497859 INFO pr:0.9623  rc:0.9630  auc:0.9968 ap:0.9920 f1: 0.9627 pred_right: 17873 pred_wrong:1327 actu_right: 17874 actu_wrong: 1326
2026-07-17 15:01:26,219 P3497859 INFO ----------------------------------------------------------------------------------------------------
2026-07-17 15:01:26,219 P3497859 INFO 91/300 starting... lr: 0.001 para:0.010869565419852734
2026-07-17 15:01:31,332 P3497859 INFO Epoch 91/300, all_loss:0.69273 cls_loss:0.67333 rec_loss:2.45819 [5.11s]; best loss:0.58821, patience : 2
2026-07-17 15:01:32,643 P3497859 INFO pr:0.9669  rc:0.9827  auc:0.9986 ap:0.9957 f1: 0.9748 pred_right: 43502 pred_wrong:3298 actu_right: 43555 actu_wrong: 3245
2026-07-17 15:01:33,194 P3497859 INFO pr:0.9561  rc:0.9691  auc:0.9979 ap:0.9927 f1: 0.9625 pred_right: 17856 pred_wrong:1344 actu_right: 17874 actu_wrong: 1326
2026-07-17 15:01:33,195 P3497859 INFO ----------------------------------------------------------------------------------------------------
2026-07-17 15:01:33,195 P3497859 INFO 92/300 starting... lr: 0.001 para:0.01075268816202879
2026-07-17 15:01:38,174 P3497859 INFO Epoch 92/300, all_loss:0.62496 cls_loss:0.60459 rec_loss:2.49900 [4.98s]; best loss:0.58821, patience : 2
2026-07-17 15:01:39,480 P3497859 INFO pr:0.9703  rc:0.9787  auc:0.9989 ap:0.9960 f1: 0.9745 pred_right: 43533 pred_wrong:3267 actu_right: 43561 actu_wrong: 3239
2026-07-17 15:01:40,019 P3497859 INFO pr:0.9559  rc:0.9653  auc:0.9982 ap:0.9932 f1: 0.9606 pred_right: 17861 pred_wrong:1339 actu_right: 17874 actu_wrong: 1326
2026-07-17 15:01:40,019 P3497859 INFO ----------------------------------------------------------------------------------------------------
2026-07-17 15:01:40,019 P3497859 INFO 93/300 starting... lr: 0.001 para:0.010638297535479069
2026-07-17 15:01:45,050 P3497859 INFO Epoch 93/300, all_loss:0.65747 cls_loss:0.63765 rec_loss:2.50008 [5.03s]; best loss:0.58821, patience : 3
2026-07-17 15:01:46,335 P3497859 INFO pr:0.9726  rc:0.9837  auc:0.9988 ap:0.9962 f1: 0.9781 pred_right: 43521 pred_wrong:3279 actu_right: 43558 actu_wrong: 3242
2026-07-17 15:01:46,913 P3497859 INFO pr:0.9591  rc:0.9729  auc:0.9981 ap:0.9937 f1: 0.9659 pred_right: 17855 pred_wrong:1345 actu_right: 17874 actu_wrong: 1326
2026-07-17 15:01:46,913 P3497859 INFO ----------------------------------------------------------------------------------------------------
2026-07-17 15:01:46,913 P3497859 INFO 94/300 starting... lr: 0.001 para:0.010526316240429878
2026-07-17 15:01:52,808 P3497859 INFO Epoch 94/300, all_loss:0.66877 cls_loss:0.64990 rec_loss:2.44207 [5.89s]; best loss:0.58821, patience : 4
2026-07-17 15:01:53,822 P3497859 INFO pr:0.9811  rc:0.9775  auc:0.9985 ap:0.9962 f1: 0.9793 pred_right: 43571 pred_wrong:3229 actu_right: 43559 actu_wrong: 3241
2026-07-17 15:01:54,252 P3497859 INFO pr:0.9682  rc:0.9630  auc:0.9976 ap:0.9940 f1: 0.9656 pred_right: 17881 pred_wrong:1319 actu_right: 17874 actu_wrong: 1326
2026-07-17 15:01:54,274 P3497859 INFO ----------------------------------------------------------------------------------------------------
2026-07-17 15:01:54,274 P3497859 INFO 95/300 starting... lr: 0.001 para:0.010416666977107525
2026-07-17 15:01:58,450 P3497859 INFO Epoch 95/300, all_loss:0.62665 cls_loss:0.60739 rec_loss:2.45672 [4.18s]; best loss:0.58821, patience : 4
2026-07-17 15:01:59,642 P3497859 INFO pr:0.9814  rc:0.9756  auc:0.9985 ap:0.9966 f1: 0.9785 pred_right: 43581 pred_wrong:3219 actu_right: 43562 actu_wrong: 3238
2026-07-17 15:02:00,140 P3497859 INFO pr:0.9762  rc:0.9600  auc:0.9980 ap:0.9958 f1: 0.9681 pred_right: 17896 pred_wrong:1304 actu_right: 17874 actu_wrong: 1326
2026-07-17 15:02:00,140 P3497859 INFO ----------------------------------------------------------------------------------------------------
2026-07-17 15:02:00,141 P3497859 INFO 96/300 starting... lr: 0.001 para:0.010309278033673763
2026-07-17 15:02:06,010 P3497859 INFO Epoch 96/300, all_loss:0.62641 cls_loss:0.60763 rec_loss:2.42958 [5.87s]; best loss:0.58821, patience : 4
2026-07-17 15:02:09,041 P3497859 INFO pr:0.9683  rc:0.9793  auc:0.9985 ap:0.9966 f1: 0.9738 pred_right: 43521 pred_wrong:3279 actu_right: 43558 actu_wrong: 3242
2026-07-17 15:02:10,184 P3497859 INFO pr:0.9624  rc:0.9653  auc:0.9974 ap:0.9941 f1: 0.9639 pred_right: 17870 pred_wrong:1330 actu_right: 17874 actu_wrong: 1326
2026-07-17 15:02:10,184 P3497859 INFO ----------------------------------------------------------------------------------------------------
2026-07-17 15:02:10,185 P3497859 INFO 97/300 starting... lr: 0.001 para:0.010204081423580647
2026-07-17 15:02:19,361 P3497859 INFO Epoch 97/300, all_loss:0.66474 cls_loss:0.64679 rec_loss:2.40525 [9.17s]; best loss:0.58821, patience : 5
2026-07-17 15:02:20,956 P3497859 INFO pr:0.9645  rc:0.9818  auc:0.9981 ap:0.9941 f1: 0.9731 pred_right: 43502 pred_wrong:3298 actu_right: 43560 actu_wrong: 3240
2026-07-17 15:02:21,578 P3497859 INFO pr:0.9518  rc:0.9683  auc:0.9980 ap:0.9940 f1: 0.9600 pred_right: 17851 pred_wrong:1349 actu_right: 17874 actu_wrong: 1326
2026-07-17 15:02:21,578 P3497859 INFO ----------------------------------------------------------------------------------------------------
2026-07-17 15:02:21,578 P3497859 INFO 98/300 starting... lr: 0.001 para:0.010101010091602802
2026-07-17 15:02:26,988 P3497859 INFO Epoch 98/300, all_loss:0.57885 cls_loss:0.56011 rec_loss:2.41556 [5.38s]; best loss:0.57885, patience : 0
2026-07-17 15:02:28,417 P3497859 INFO pr:0.9738  rc:0.9858  auc:0.9993 ap:0.9968 f1: 0.9797 pred_right: 43521 pred_wrong:3279 actu_right: 43561 actu_wrong: 3239
2026-07-17 15:02:29,004 P3497859 INFO pr:0.9678  rc:0.9751  auc:0.9986 ap:0.9962 f1: 0.9715 pred_right: 17864 pred_wrong:1336 actu_right: 17874 actu_wrong: 1326
2026-07-17 15:02:29,033 P3497859 INFO ----------------------------------------------------------------------------------------------------
2026-07-17 15:02:29,033 P3497859 INFO 99/300 starting... lr: 0.001 para:0.01
2026-07-17 15:02:34,339 P3497859 INFO Epoch 99/300, all_loss:0.62492 cls_loss:0.60614 rec_loss:2.48444 [5.30s]; best loss:0.57885, patience : 1
2026-07-17 15:02:35,718 P3497859 INFO pr:0.9650  rc:0.9855  auc:0.9990 ap:0.9966 f1: 0.9751 pred_right: 43489 pred_wrong:3311 actu_right: 43558 actu_wrong: 3242
2026-07-17 15:02:36,291 P3497859 INFO pr:0.9536  rc:0.9774  auc:0.9981 ap:0.9957 f1: 0.9654 pred_right: 17841 pred_wrong:1359 actu_right: 17874 actu_wrong: 1326
2026-07-17 15:02:36,292 P3497859 INFO ----------------------------------------------------------------------------------------------------
2026-07-17 15:02:36,292 P3497859 INFO 100/300 starting... lr: 0.0009000000000000001 para:0.01
2026-07-17 15:02:41,566 P3497859 INFO Epoch 100/300, all_loss:0.57389 cls_loss:0.55521 rec_loss:2.42324 [5.25s]; best loss:0.57389, patience : 0
2026-07-17 15:02:42,917 P3497859 INFO pr:0.9845  rc:0.9772  auc:0.9993 ap:0.9967 f1: 0.9808 pred_right: 43581 pred_wrong:3219 actu_right: 43557 actu_wrong: 3243
2026-07-17 15:02:43,489 P3497859 INFO pr:0.9794  rc:0.9668  auc:0.9981 ap:0.9958 f1: 0.9731 pred_right: 17891 pred_wrong:1309 actu_right: 17874 actu_wrong: 1326
2026-07-17 15:02:43,516 P3497859 INFO ----------------------------------------------------------------------------------------------------
2026-07-17 15:02:43,516 P3497859 INFO 101/300 starting... lr: 0.0009000000000000001 para:0.01
2026-07-17 15:02:48,904 P3497859 INFO Epoch 101/300, all_loss:0.46966 cls_loss:0.44948 rec_loss:2.46786 [5.36s]; best loss:0.46966, patience : 0
2026-07-17 15:02:50,229 P3497859 INFO pr:0.9805  rc:0.9781  auc:0.9990 ap:0.9971 f1: 0.9793 pred_right: 43565 pred_wrong:3235 actu_right: 43557 actu_wrong: 3243
2026-07-17 15:02:50,805 P3497859 INFO pr:0.9705  rc:0.9661  auc:0.9977 ap:0.9955 f1: 0.9683 pred_right: 17880 pred_wrong:1320 actu_right: 17874 actu_wrong: 1326
2026-07-17 15:02:50,805 P3497859 INFO ----------------------------------------------------------------------------------------------------
2026-07-17 15:02:50,805 P3497859 INFO 102/300 starting... lr: 0.0009000000000000001 para:0.01
2026-07-17 15:02:55,970 P3497859 INFO Epoch 102/300, all_loss:0.53011 cls_loss:0.51192 rec_loss:2.33119 [5.16s]; best loss:0.46966, patience : 1
2026-07-17 15:02:57,318 P3497859 INFO pr:0.9805  rc:0.9799  auc:0.9987 ap:0.9969 f1: 0.9802 pred_right: 43563 pred_wrong:3237 actu_right: 43561 actu_wrong: 3239
2026-07-17 15:02:57,872 P3497859 INFO pr:0.9714  rc:0.9729  auc:0.9974 ap:0.9952 f1: 0.9721 pred_right: 17872 pred_wrong:1328 actu_right: 17874 actu_wrong: 1326
2026-07-17 15:02:57,873 P3497859 INFO ----------------------------------------------------------------------------------------------------
2026-07-17 15:02:57,873 P3497859 INFO 103/300 starting... lr: 0.0009000000000000001 para:0.01
2026-07-17 15:03:03,164 P3497859 INFO Epoch 103/300, all_loss:0.46815 cls_loss:0.44817 rec_loss:2.44637 [5.26s]; best loss:0.46815, patience : 0
2026-07-17 15:03:04,577 P3497859 INFO pr:0.9781  rc:0.9651  auc:0.9984 ap:0.9954 f1: 0.9716 pred_right: 43601 pred_wrong:3199 actu_right: 43558 actu_wrong: 3242
2026-07-17 15:03:05,115 P3497859 INFO pr:0.9617  rc:0.9465  auc:0.9977 ap:0.9919 f1: 0.9540 pred_right: 17895 pred_wrong:1305 actu_right: 17874 actu_wrong: 1326
2026-07-17 15:03:05,115 P3497859 INFO ----------------------------------------------------------------------------------------------------
2026-07-17 15:03:05,115 P3497859 INFO 104/300 starting... lr: 0.0009000000000000001 para:0.01
2026-07-17 15:03:10,187 P3497859 INFO Epoch 104/300, all_loss:0.53925 cls_loss:0.52019 rec_loss:2.42539 [5.07s]; best loss:0.46815, patience : 1
2026-07-17 15:03:11,544 P3497859 INFO pr:0.9845  rc:0.9787  auc:0.9989 ap:0.9970 f1: 0.9816 pred_right: 43580 pred_wrong:3220 actu_right: 43561 actu_wrong: 3239
2026-07-17 15:03:12,100 P3497859 INFO pr:0.9780  rc:0.9721  auc:0.9978 ap:0.9955 f1: 0.9750 pred_right: 17882 pred_wrong:1318 actu_right: 17874 actu_wrong: 1326
2026-07-17 15:03:12,126 P3497859 INFO ----------------------------------------------------------------------------------------------------
2026-07-17 15:03:12,126 P3497859 INFO 105/300 starting... lr: 0.0009000000000000001 para:0.01
2026-07-17 15:03:18,396 P3497859 INFO Epoch 105/300, all_loss:0.41758 cls_loss:0.39700 rec_loss:2.45524 [6.25s]; best loss:0.41758, patience : 0
2026-07-17 15:03:19,483 P3497859 INFO pr:0.9817  rc:0.9790  auc:0.9989 ap:0.9965 f1: 0.9804 pred_right: 43572 pred_wrong:3228 actu_right: 43563 actu_wrong: 3237
2026-07-17 15:03:19,914 P3497859 INFO pr:0.9676  rc:0.9691  auc:0.9982 ap:0.9942 f1: 0.9683 pred_right: 17872 pred_wrong:1328 actu_right: 17874 actu_wrong: 1326
2026-07-17 15:03:19,915 P3497859 INFO ----------------------------------------------------------------------------------------------------
2026-07-17 15:03:19,915 P3497859 INFO 106/300 starting... lr: 0.0009000000000000001 para:0.01
2026-07-17 15:03:24,166 P3497859 INFO Epoch 106/300, all_loss:0.66211 cls_loss:0.64435 rec_loss:2.42086 [4.25s]; best loss:0.41758, patience : 1
2026-07-17 15:03:25,438 P3497859 INFO pr:0.9767  rc:0.9818  auc:0.9991 ap:0.9968 f1: 0.9792 pred_right: 43542 pred_wrong:3258 actu_right: 43559 actu_wrong: 3241
2026-07-17 15:03:25,973 P3497859 INFO pr:0.9691  rc:0.9706  auc:0.9974 ap:0.9944 f1: 0.9699 pred_right: 17872 pred_wrong:1328 actu_right: 17874 actu_wrong: 1326
2026-07-17 15:03:25,974 P3497859 INFO ----------------------------------------------------------------------------------------------------
2026-07-17 15:03:25,974 P3497859 INFO 107/300 starting... lr: 0.0009000000000000001 para:0.01
2026-07-17 15:03:31,939 P3497859 INFO Epoch 107/300, all_loss:0.44712 cls_loss:0.42756 rec_loss:2.38363 [5.96s]; best loss:0.41758, patience : 1
2026-07-17 15:03:35,409 P3497859 INFO pr:0.9812  rc:0.9830  auc:0.9992 ap:0.9971 f1: 0.9821 pred_right: 43554 pred_wrong:3246 actu_right: 43560 actu_wrong: 3240
2026-07-17 15:03:36,440 P3497859 INFO pr:0.9721  rc:0.9713  auc:0.9976 ap:0.9948 f1: 0.9717 pred_right: 17875 pred_wrong:1325 actu_right: 17874 actu_wrong: 1326
2026-07-17 15:03:36,492 P3497859 INFO ----------------------------------------------------------------------------------------------------
2026-07-17 15:03:36,493 P3497859 INFO 108/300 starting... lr: 0.0009000000000000001 para:0.01
2026-07-17 15:03:44,944 P3497859 INFO Epoch 108/300, all_loss:0.45740 cls_loss:0.43666 rec_loss:2.51017 [8.45s]; best loss:0.41758, patience : 2
2026-07-17 15:03:46,342 P3497859 INFO pr:0.9887  rc:0.9710  auc:0.9986 ap:0.9965 f1: 0.9798 pred_right: 43614 pred_wrong:3186 actu_right: 43556 actu_wrong: 3244
2026-07-17 15:03:46,890 P3497859 INFO pr:0.9799  rc:0.9570  auc:0.9969 ap:0.9930 f1: 0.9683 pred_right: 17905 pred_wrong:1295 actu_right: 17874 actu_wrong: 1326
2026-07-17 15:03:46,890 P3497859 INFO ----------------------------------------------------------------------------------------------------
2026-07-17 15:03:46,898 P3497859 INFO 109/300 starting... lr: 0.0009000000000000001 para:0.01
2026-07-17 15:03:52,113 P3497859 INFO Epoch 109/300, all_loss:0.59176 cls_loss:0.57305 rec_loss:2.44411 [5.21s]; best loss:0.41758, patience : 3
2026-07-17 15:03:53,465 P3497859 INFO pr:0.9761  rc:0.9837  auc:0.9990 ap:0.9957 f1: 0.9799 pred_right: 43531 pred_wrong:3269 actu_right: 43556 actu_wrong: 3244
2026-07-17 15:03:53,978 P3497859 INFO pr:0.9700  rc:0.9759  auc:0.9985 ap:0.9956 f1: 0.9729 pred_right: 17866 pred_wrong:1334 actu_right: 17874 actu_wrong: 1326
2026-07-17 15:03:53,979 P3497859 INFO ----------------------------------------------------------------------------------------------------
2026-07-17 15:03:53,979 P3497859 INFO 110/300 starting... lr: 0.0009000000000000001 para:0.01
2026-07-17 15:03:58,975 P3497859 INFO Epoch 110/300, all_loss:0.45546 cls_loss:0.43583 rec_loss:2.39833 [4.99s]; best loss:0.41758, patience : 3
2026-07-17 15:04:00,280 P3497859 INFO pr:0.9827  rc:0.9806  auc:0.9992 ap:0.9972 f1: 0.9816 pred_right: 43567 pred_wrong:3233 actu_right: 43560 actu_wrong: 3240
2026-07-17 15:04:00,846 P3497859 INFO pr:0.9729  rc:0.9729  auc:0.9983 ap:0.9957 f1: 0.9729 pred_right: 17874 pred_wrong:1326 actu_right: 17874 actu_wrong: 1326
2026-07-17 15:04:00,846 P3497859 INFO ----------------------------------------------------------------------------------------------------
2026-07-17 15:04:00,846 P3497859 INFO 111/300 starting... lr: 0.0009000000000000001 para:0.01
2026-07-17 15:04:05,906 P3497859 INFO Epoch 111/300, all_loss:0.53110 cls_loss:0.51151 rec_loss:2.47020 [5.06s]; best loss:0.41758, patience : 4
2026-07-17 15:04:07,176 P3497859 INFO pr:0.9816  rc:0.9716  auc:0.9982 ap:0.9951 f1: 0.9766 pred_right: 43593 pred_wrong:3207 actu_right: 43560 actu_wrong: 3240
2026-07-17 15:04:07,762 P3497859 INFO pr:0.9725  rc:0.9600  auc:0.9966 ap:0.9917 f1: 0.9662 pred_right: 17891 pred_wrong:1309 actu_right: 17874 actu_wrong: 1326
2026-07-17 15:04:07,763 P3497859 INFO ----------------------------------------------------------------------------------------------------
2026-07-17 15:04:07,763 P3497859 INFO 112/300 starting... lr: 0.0009000000000000001 para:0.01
2026-07-17 15:04:12,818 P3497859 INFO Epoch 112/300, all_loss:0.47735 cls_loss:0.45748 rec_loss:2.44498 [5.05s]; best loss:0.41758, patience : 4
2026-07-17 15:04:14,146 P3497859 INFO pr:0.9881  rc:0.9769  auc:0.9987 ap:0.9967 f1: 0.9825 pred_right: 43594 pred_wrong:3206 actu_right: 43557 actu_wrong: 3243
2026-07-17 15:04:14,718 P3497859 INFO pr:0.9793  rc:0.9623  auc:0.9980 ap:0.9943 f1: 0.9707 pred_right: 17897 pred_wrong:1303 actu_right: 17874 actu_wrong: 1326
2026-07-17 15:04:14,745 P3497859 INFO ----------------------------------------------------------------------------------------------------
2026-07-17 15:04:14,745 P3497859 INFO 113/300 starting... lr: 0.0009000000000000001 para:0.01
2026-07-17 15:04:19,716 P3497859 INFO Epoch 113/300, all_loss:0.52971 cls_loss:0.51032 rec_loss:2.44932 [4.97s]; best loss:0.41758, patience : 5
2026-07-17 15:04:21,021 P3497859 INFO pr:0.9503  rc:0.9843  auc:0.9986 ap:0.9944 f1: 0.9670 pred_right: 43439 pred_wrong:3361 actu_right: 43555 actu_wrong: 3245
2026-07-17 15:04:21,581 P3497859 INFO pr:0.9424  rc:0.9751  auc:0.9974 ap:0.9923 f1: 0.9585 pred_right: 17828 pred_wrong:1372 actu_right: 17874 actu_wrong: 1326
2026-07-17 15:04:21,581 P3497859 INFO ----------------------------------------------------------------------------------------------------
2026-07-17 15:04:21,581 P3497859 INFO 114/300 starting... lr: 0.0009000000000000001 para:0.01
2026-07-17 15:04:26,769 P3497859 INFO Epoch 114/300, all_loss:0.48787 cls_loss:0.46847 rec_loss:2.40799 [5.19s]; best loss:0.41758, patience : 5
2026-07-17 15:04:28,013 P3497859 INFO pr:0.9860  rc:0.9762  auc:0.9987 ap:0.9968 f1: 0.9811 pred_right: 43592 pred_wrong:3208 actu_right: 43560 actu_wrong: 3240
2026-07-17 15:04:28,570 P3497859 INFO pr:0.9771  rc:0.9661  auc:0.9975 ap:0.9946 f1: 0.9716 pred_right: 17889 pred_wrong:1311 actu_right: 17874 actu_wrong: 1326
2026-07-17 15:04:28,570 P3497859 INFO ----------------------------------------------------------------------------------------------------
2026-07-17 15:04:28,570 P3497859 INFO 115/300 starting... lr: 0.0009000000000000001 para:0.01
2026-07-17 15:04:33,739 P3497859 INFO Epoch 115/300, all_loss:0.44376 cls_loss:0.42386 rec_loss:2.41450 [5.17s]; best loss:0.41758, patience : 5
2026-07-17 15:04:35,066 P3497859 INFO pr:0.9742  rc:0.9877  auc:0.9990 ap:0.9963 f1: 0.9809 pred_right: 43511 pred_wrong:3289 actu_right: 43556 actu_wrong: 3244
2026-07-17 15:04:35,717 P3497859 INFO pr:0.9650  rc:0.9759  auc:0.9985 ap:0.9949 f1: 0.9704 pred_right: 17859 pred_wrong:1341 actu_right: 17874 actu_wrong: 1326
2026-07-17 15:04:35,717 P3497859 INFO ----------------------------------------------------------------------------------------------------
2026-07-17 15:04:35,717 P3497859 INFO 116/300 starting... lr: 0.0009000000000000001 para:0.01
2026-07-17 15:04:40,870 P3497859 INFO Epoch 116/300, all_loss:0.40315 cls_loss:0.38222 rec_loss:2.47533 [5.13s]; best loss:0.40315, patience : 0
2026-07-17 15:04:43,905 P3497859 INFO pr:0.9792  rc:0.9741  auc:0.9989 ap:0.9968 f1: 0.9766 pred_right: 43576 pred_wrong:3224 actu_right: 43559 actu_wrong: 3241
2026-07-17 15:04:44,504 P3497859 INFO pr:0.9739  rc:0.9563  auc:0.9971 ap:0.9937 f1: 0.9650 pred_right: 17898 pred_wrong:1302 actu_right: 17874 actu_wrong: 1326
2026-07-17 15:04:44,505 P3497859 INFO ----------------------------------------------------------------------------------------------------
2026-07-17 15:04:44,505 P3497859 INFO 117/300 starting... lr: 0.0009000000000000001 para:0.01
2026-07-17 15:04:48,596 P3497859 INFO Epoch 117/300, all_loss:0.41910 cls_loss:0.39840 rec_loss:2.46892 [4.09s]; best loss:0.40315, patience : 1
2026-07-17 15:04:49,642 P3497859 INFO pr:0.9780  rc:0.9759  auc:0.9991 ap:0.9964 f1: 0.9770 pred_right: 43567 pred_wrong:3233 actu_right: 43560 actu_wrong: 3240
2026-07-17 15:04:50,117 P3497859 INFO pr:0.9668  rc:0.9668  auc:0.9978 ap:0.9932 f1: 0.9668 pred_right: 17874 pred_wrong:1326 actu_right: 17874 actu_wrong: 1326
2026-07-17 15:04:50,117 P3497859 INFO ----------------------------------------------------------------------------------------------------
2026-07-17 15:04:50,118 P3497859 INFO 118/300 starting... lr: 0.0009000000000000001 para:0.01
2026-07-17 15:04:54,950 P3497859 INFO Epoch 118/300, all_loss:0.48206 cls_loss:0.46211 rec_loss:2.45738 [4.83s]; best loss:0.40315, patience : 2
2026-07-17 15:04:56,197 P3497859 INFO pr:0.9843  rc:0.9843  auc:0.9988 ap:0.9974 f1: 0.9843 pred_right: 43560 pred_wrong:3240 actu_right: 43560 actu_wrong: 3240
2026-07-17 15:04:56,868 P3497859 INFO pr:0.9751  rc:0.9744  auc:0.9977 ap:0.9950 f1: 0.9747 pred_right: 17875 pred_wrong:1325 actu_right: 17874 actu_wrong: 1326
2026-07-17 15:04:56,911 P3497859 INFO ----------------------------------------------------------------------------------------------------
2026-07-17 15:04:56,912 P3497859 INFO 119/300 starting... lr: 0.0009000000000000001 para:0.01
2026-07-17 15:05:07,844 P3497859 INFO Epoch 119/300, all_loss:0.41036 cls_loss:0.39058 rec_loss:2.36908 [10.93s]; best loss:0.40315, patience : 2
2026-07-17 15:05:09,599 P3497859 INFO pr:0.9839  rc:0.9824  auc:0.9987 ap:0.9969 f1: 0.9832 pred_right: 43568 pred_wrong:3232 actu_right: 43563 actu_wrong: 3237
2026-07-17 15:05:10,290 P3497859 INFO pr:0.9802  rc:0.9691  auc:0.9963 ap:0.9935 f1: 0.9746 pred_right: 17889 pred_wrong:1311 actu_right: 17874 actu_wrong: 1326
2026-07-17 15:05:10,290 P3497859 INFO ----------------------------------------------------------------------------------------------------
2026-07-17 15:05:10,291 P3497859 INFO 120/300 starting... lr: 0.0009000000000000001 para:0.01
2026-07-17 15:05:15,784 P3497859 INFO Epoch 120/300, all_loss:0.45422 cls_loss:0.43446 rec_loss:2.40960 [5.49s]; best loss:0.40315, patience : 3
2026-07-17 15:05:17,062 P3497859 INFO pr:0.9360  rc:0.9799  auc:0.9984 ap:0.9939 f1: 0.9575 pred_right: 43408 pred_wrong:3392 actu_right: 43560 actu_wrong: 3240
2026-07-17 15:05:17,585 P3497859 INFO pr:0.9176  rc:0.9653  auc:0.9964 ap:0.9882 f1: 0.9408 pred_right: 17805 pred_wrong:1395 actu_right: 17874 actu_wrong: 1326
2026-07-17 15:05:17,586 P3497859 INFO ----------------------------------------------------------------------------------------------------
2026-07-17 15:05:17,586 P3497859 INFO 121/300 starting... lr: 0.0009000000000000001 para:0.01
2026-07-17 15:05:22,839 P3497859 INFO Epoch 121/300, all_loss:0.50457 cls_loss:0.48525 rec_loss:2.41765 [5.25s]; best loss:0.40315, patience : 4
2026-07-17 15:05:24,128 P3497859 INFO pr:0.9857  rc:0.9759  auc:0.9987 ap:0.9973 f1: 0.9808 pred_right: 43592 pred_wrong:3208 actu_right: 43560 actu_wrong: 3240
2026-07-17 15:05:24,673 P3497859 INFO pr:0.9726  rc:0.9623  auc:0.9962 ap:0.9929 f1: 0.9674 pred_right: 17888 pred_wrong:1312 actu_right: 17874 actu_wrong: 1326
2026-07-17 15:05:24,674 P3497859 INFO ----------------------------------------------------------------------------------------------------
2026-07-17 15:05:24,674 P3497859 INFO 122/300 starting... lr: 0.0009000000000000001 para:0.01
2026-07-17 15:05:29,769 P3497859 INFO Epoch 122/300, all_loss:0.44472 cls_loss:0.42478 rec_loss:2.41884 [5.09s]; best loss:0.40315, patience : 4
2026-07-17 15:05:31,069 P3497859 INFO pr:0.9797  rc:0.9837  auc:0.9990 ap:0.9974 f1: 0.9817 pred_right: 43543 pred_wrong:3257 actu_right: 43556 actu_wrong: 3244
2026-07-17 15:05:31,622 P3497859 INFO pr:0.9662  rc:0.9698  auc:0.9966 ap:0.9943 f1: 0.9680 pred_right: 17869 pred_wrong:1331 actu_right: 17874 actu_wrong: 1326
2026-07-17 15:05:31,622 P3497859 INFO ----------------------------------------------------------------------------------------------------
2026-07-17 15:05:31,622 P3497859 INFO 123/300 starting... lr: 0.0009000000000000001 para:0.01
2026-07-17 15:05:36,725 P3497859 INFO Epoch 123/300, all_loss:0.42562 cls_loss:0.40552 rec_loss:2.41605 [5.10s]; best loss:0.40315, patience : 4
2026-07-17 15:05:37,984 P3497859 INFO pr:0.9771  rc:0.9861  auc:0.9991 ap:0.9970 f1: 0.9816 pred_right: 43531 pred_wrong:3269 actu_right: 43561 actu_wrong: 3239
2026-07-17 15:05:38,497 P3497859 INFO pr:0.9707  rc:0.9729  auc:0.9976 ap:0.9948 f1: 0.9718 pred_right: 17871 pred_wrong:1329 actu_right: 17874 actu_wrong: 1326
2026-07-17 15:05:38,497 P3497859 INFO ----------------------------------------------------------------------------------------------------
2026-07-17 15:05:38,498 P3497859 INFO 124/300 starting... lr: 0.0009000000000000001 para:0.01
2026-07-17 15:05:43,634 P3497859 INFO Epoch 124/300, all_loss:0.34421 cls_loss:0.32312 rec_loss:2.43232 [5.11s]; best loss:0.34421, patience : 0
2026-07-17 15:05:44,906 P3497859 INFO pr:0.9791  rc:0.9842  auc:0.9988 ap:0.9965 f1: 0.9817 pred_right: 43545 pred_wrong:3255 actu_right: 43562 actu_wrong: 3238
2026-07-17 15:05:45,500 P3497859 INFO pr:0.9655  rc:0.9706  auc:0.9970 ap:0.9941 f1: 0.9680 pred_right: 17867 pred_wrong:1333 actu_right: 17874 actu_wrong: 1326
2026-07-17 15:05:45,501 P3497859 INFO ----------------------------------------------------------------------------------------------------
2026-07-17 15:05:45,501 P3497859 INFO 125/300 starting... lr: 0.0009000000000000001 para:0.01
2026-07-17 15:05:50,700 P3497859 INFO Epoch 125/300, all_loss:0.37407 cls_loss:0.35285 rec_loss:2.47505 [5.20s]; best loss:0.34421, patience : 1
2026-07-17 15:05:52,044 P3497859 INFO pr:0.9846  rc:0.9855  auc:0.9990 ap:0.9974 f1: 0.9850 pred_right: 43559 pred_wrong:3241 actu_right: 43562 actu_wrong: 3238
2026-07-17 15:05:52,635 P3497859 INFO pr:0.9751  rc:0.9759  auc:0.9975 ap:0.9943 f1: 0.9755 pred_right: 17873 pred_wrong:1327 actu_right: 17874 actu_wrong: 1326
2026-07-17 15:05:52,665 P3497859 INFO ----------------------------------------------------------------------------------------------------
2026-07-17 15:05:52,665 P3497859 INFO 126/300 starting... lr: 0.0009000000000000001 para:0.01
2026-07-17 15:05:57,830 P3497859 INFO Epoch 126/300, all_loss:0.44549 cls_loss:0.42539 rec_loss:2.43529 [5.16s]; best loss:0.34421, patience : 2
2026-07-17 15:05:59,104 P3497859 INFO pr:0.9767  rc:0.9836  auc:0.9990 ap:0.9969 f1: 0.9802 pred_right: 43536 pred_wrong:3264 actu_right: 43559 actu_wrong: 3241
2026-07-17 15:05:59,628 P3497859 INFO pr:0.9691  rc:0.9706  auc:0.9970 ap:0.9931 f1: 0.9699 pred_right: 17872 pred_wrong:1328 actu_right: 17874 actu_wrong: 1326
2026-07-17 15:05:59,628 P3497859 INFO ----------------------------------------------------------------------------------------------------
2026-07-17 15:05:59,628 P3497859 INFO 127/300 starting... lr: 0.0009000000000000001 para:0.01
2026-07-17 15:06:04,961 P3497859 INFO Epoch 127/300, all_loss:0.44966 cls_loss:0.42943 rec_loss:2.45203 [5.33s]; best loss:0.34421, patience : 3
2026-07-17 15:06:06,343 P3497859 INFO pr:0.9740  rc:0.9812  auc:0.9987 ap:0.9960 f1: 0.9776 pred_right: 43535 pred_wrong:3265 actu_right: 43559 actu_wrong: 3241
2026-07-17 15:06:06,856 P3497859 INFO pr:0.9634  rc:0.9721  auc:0.9977 ap:0.9921 f1: 0.9677 pred_right: 17862 pred_wrong:1338 actu_right: 17874 actu_wrong: 1326
2026-07-17 15:06:06,856 P3497859 INFO ----------------------------------------------------------------------------------------------------
2026-07-17 15:06:06,856 P3497859 INFO 128/300 starting... lr: 0.0009000000000000001 para:0.01
2026-07-17 15:06:12,830 P3497859 INFO Epoch 128/300, all_loss:0.43631 cls_loss:0.41612 rec_loss:2.43498 [5.97s]; best loss:0.34421, patience : 3
2026-07-17 15:06:13,916 P3497859 INFO pr:0.9762  rc:0.9871  auc:0.9987 ap:0.9956 f1: 0.9816 pred_right: 43520 pred_wrong:3280 actu_right: 43556 actu_wrong: 3244
2026-07-17 15:06:14,375 P3497859 INFO pr:0.9664  rc:0.9759  auc:0.9972 ap:0.9940 f1: 0.9711 pred_right: 17861 pred_wrong:1339 actu_right: 17874 actu_wrong: 1326
2026-07-17 15:06:14,375 P3497859 INFO ----------------------------------------------------------------------------------------------------
2026-07-17 15:06:14,375 P3497859 INFO 129/300 starting... lr: 0.0009000000000000001 para:0.01
2026-07-17 15:06:19,129 P3497859 INFO Epoch 129/300, all_loss:0.43143 cls_loss:0.41107 rec_loss:2.44728 [4.75s]; best loss:0.34421, patience : 3
2026-07-17 15:06:20,292 P3497859 INFO pr:0.9797  rc:0.9833  auc:0.9988 ap:0.9970 f1: 0.9815 pred_right: 43545 pred_wrong:3255 actu_right: 43557 actu_wrong: 3243
2026-07-17 15:06:20,786 P3497859 INFO pr:0.9727  rc:0.9691  auc:0.9972 ap:0.9943 f1: 0.9709 pred_right: 17879 pred_wrong:1321 actu_right: 17874 actu_wrong: 1326
2026-07-17 15:06:20,787 P3497859 INFO ----------------------------------------------------------------------------------------------------
2026-07-17 15:06:20,787 P3497859 INFO 130/300 starting... lr: 0.0009000000000000001 para:0.01
2026-07-17 15:06:29,960 P3497859 INFO Epoch 130/300, all_loss:0.38078 cls_loss:0.35977 rec_loss:2.46017 [9.17s]; best loss:0.34421, patience : 3
2026-07-17 15:06:33,153 P3497859 INFO pr:0.9862  rc:0.9691  auc:0.9990 ap:0.9966 f1: 0.9776 pred_right: 43620 pred_wrong:3180 actu_right: 43564 actu_wrong: 3236
2026-07-17 15:06:34,126 P3497859 INFO pr:0.9820  rc:0.9487  auc:0.9974 ap:0.9946 f1: 0.9651 pred_right: 17919 pred_wrong:1281 actu_right: 17874 actu_wrong: 1326
2026-07-17 15:06:34,127 P3497859 INFO ----------------------------------------------------------------------------------------------------
2026-07-17 15:06:34,127 P3497859 INFO 131/300 starting... lr: 0.0009000000000000001 para:0.01
2026-07-17 15:06:40,165 P3497859 INFO Epoch 131/300, all_loss:0.42140 cls_loss:0.40081 rec_loss:2.46050 [6.04s]; best loss:0.34421, patience : 4
2026-07-17 15:06:41,505 P3497859 INFO pr:0.9806  rc:0.9812  auc:0.9986 ap:0.9965 f1: 0.9809 pred_right: 43558 pred_wrong:3242 actu_right: 43560 actu_wrong: 3240
2026-07-17 15:06:42,090 P3497859 INFO pr:0.9705  rc:0.9691  auc:0.9974 ap:0.9929 f1: 0.9698 pred_right: 17876 pred_wrong:1324 actu_right: 17874 actu_wrong: 1326
2026-07-17 15:06:42,091 P3497859 INFO ----------------------------------------------------------------------------------------------------
2026-07-17 15:06:42,091 P3497859 INFO 132/300 starting... lr: 0.0009000000000000001 para:0.01
2026-07-17 15:06:47,445 P3497859 INFO Epoch 132/300, all_loss:0.44095 cls_loss:0.42121 rec_loss:2.39525 [5.35s]; best loss:0.34421, patience : 5
2026-07-17 15:06:48,748 P3497859 INFO pr:0.9795  rc:0.9883  auc:0.9992 ap:0.9976 f1: 0.9839 pred_right: 43534 pred_wrong:3266 actu_right: 43563 actu_wrong: 3237
2026-07-17 15:06:49,313 P3497859 INFO pr:0.9708  rc:0.9781  auc:0.9975 ap:0.9946 f1: 0.9745 pred_right: 17864 pred_wrong:1336 actu_right: 17874 actu_wrong: 1326
2026-07-17 15:06:49,314 P3497859 INFO ----------------------------------------------------------------------------------------------------
2026-07-17 15:06:49,314 P3497859 INFO 133/300 starting... lr: 0.0009000000000000001 para:0.01
2026-07-17 15:06:54,640 P3497859 INFO Epoch 133/300, all_loss:0.35918 cls_loss:0.33901 rec_loss:2.35600 [5.32s]; best loss:0.34421, patience : 5
2026-07-17 15:06:55,955 P3497859 INFO pr:0.9888  rc:0.9824  auc:0.9992 ap:0.9977 f1: 0.9856 pred_right: 43582 pred_wrong:3218 actu_right: 43561 actu_wrong: 3239
2026-07-17 15:06:56,537 P3497859 INFO pr:0.9832  rc:0.9736  auc:0.9984 ap:0.9964 f1: 0.9784 pred_right: 17887 pred_wrong:1313 actu_right: 17874 actu_wrong: 1326
2026-07-17 15:06:56,564 P3497859 INFO ----------------------------------------------------------------------------------------------------
2026-07-17 15:06:56,565 P3497859 INFO 134/300 starting... lr: 0.0009000000000000001 para:0.01
2026-07-17 15:07:01,912 P3497859 INFO Epoch 134/300, all_loss:0.30850 cls_loss:0.28702 rec_loss:2.43533 [5.32s]; best loss:0.30850, patience : 0
2026-07-17 15:07:03,320 P3497859 INFO pr:0.9888  rc:0.9827  auc:0.9985 ap:0.9974 f1: 0.9857 pred_right: 43582 pred_wrong:3218 actu_right: 43562 actu_wrong: 3238
2026-07-17 15:07:03,881 P3497859 INFO pr:0.9831  rc:0.9630  auc:0.9967 ap:0.9953 f1: 0.9730 pred_right: 17901 pred_wrong:1299 actu_right: 17874 actu_wrong: 1326
2026-07-17 15:07:03,907 P3497859 INFO ----------------------------------------------------------------------------------------------------
2026-07-17 15:07:03,907 P3497859 INFO 135/300 starting... lr: 0.0009000000000000001 para:0.01
2026-07-17 15:07:09,345 P3497859 INFO Epoch 135/300, all_loss:0.35516 cls_loss:0.33395 rec_loss:2.45542 [5.44s]; best loss:0.30850, patience : 1
2026-07-17 15:07:10,699 P3497859 INFO pr:0.9876  rc:0.9846  auc:0.9989 ap:0.9977 f1: 0.9861 pred_right: 43569 pred_wrong:3231 actu_right: 43559 actu_wrong: 3241
2026-07-17 15:07:11,309 P3497859 INFO pr:0.9765  rc:0.9698  auc:0.9987 ap:0.9963 f1: 0.9731 pred_right: 17883 pred_wrong:1317 actu_right: 17874 actu_wrong: 1326
2026-07-17 15:07:11,341 P3497859 INFO ----------------------------------------------------------------------------------------------------
2026-07-17 15:07:11,341 P3497859 INFO 136/300 starting... lr: 0.0009000000000000001 para:0.01
2026-07-17 15:07:16,779 P3497859 INFO Epoch 136/300, all_loss:0.31958 cls_loss:0.29807 rec_loss:2.44841 [5.44s]; best loss:0.30850, patience : 1
2026-07-17 15:07:18,065 P3497859 INFO pr:0.9786  rc:0.9861  auc:0.9989 ap:0.9973 f1: 0.9823 pred_right: 43533 pred_wrong:3267 actu_right: 43558 actu_wrong: 3242
2026-07-17 15:07:18,674 P3497859 INFO pr:0.9781  rc:0.9751  auc:0.9983 ap:0.9956 f1: 0.9766 pred_right: 17878 pred_wrong:1322 actu_right: 17874 actu_wrong: 1326
2026-07-17 15:07:18,674 P3497859 INFO ----------------------------------------------------------------------------------------------------
2026-07-17 15:07:18,674 P3497859 INFO 137/300 starting... lr: 0.0009000000000000001 para:0.01
2026-07-17 15:07:24,129 P3497859 INFO Epoch 137/300, all_loss:0.37376 cls_loss:0.35301 rec_loss:2.42759 [5.45s]; best loss:0.30850, patience : 2
2026-07-17 15:07:25,531 P3497859 INFO pr:0.9862  rc:0.9734  auc:0.9982 ap:0.9956 f1: 0.9798 pred_right: 43603 pred_wrong:3197 actu_right: 43561 actu_wrong: 3239
2026-07-17 15:07:26,088 P3497859 INFO pr:0.9815  rc:0.9585  auc:0.9968 ap:0.9945 f1: 0.9699 pred_right: 17905 pred_wrong:1295 actu_right: 17874 actu_wrong: 1326
2026-07-17 15:07:26,089 P3497859 INFO ----------------------------------------------------------------------------------------------------
2026-07-17 15:07:26,089 P3497859 INFO 138/300 starting... lr: 0.0009000000000000001 para:0.01
2026-07-17 15:07:31,335 P3497859 INFO Epoch 138/300, all_loss:0.40805 cls_loss:0.38774 rec_loss:2.41902 [5.24s]; best loss:0.30850, patience : 3
2026-07-17 15:07:32,668 P3497859 INFO pr:0.9797  rc:0.9861  auc:0.9987 ap:0.9964 f1: 0.9829 pred_right: 43541 pred_wrong:3259 actu_right: 43562 actu_wrong: 3238
2026-07-17 15:07:33,238 P3497859 INFO pr:0.9759  rc:0.9759  auc:0.9981 ap:0.9965 f1: 0.9759 pred_right: 17874 pred_wrong:1326 actu_right: 17874 actu_wrong: 1326
2026-07-17 15:07:33,238 P3497859 INFO ----------------------------------------------------------------------------------------------------
2026-07-17 15:07:33,238 P3497859 INFO 139/300 starting... lr: 0.0009000000000000001 para:0.01
2026-07-17 15:07:38,843 P3497859 INFO Epoch 139/300, all_loss:0.32961 cls_loss:0.30859 rec_loss:2.41011 [5.60s]; best loss:0.30850, patience : 3
2026-07-17 15:07:39,882 P3497859 INFO pr:0.9879  rc:0.9849  auc:0.9990 ap:0.9979 f1: 0.9864 pred_right: 43571 pred_wrong:3229 actu_right: 43561 actu_wrong: 3239
2026-07-17 15:07:40,340 P3497859 INFO pr:0.9863  rc:0.9744  auc:0.9982 ap:0.9962 f1: 0.9803 pred_right: 17890 pred_wrong:1310 actu_right: 17874 actu_wrong: 1326
2026-07-17 15:07:40,362 P3497859 INFO ----------------------------------------------------------------------------------------------------
2026-07-17 15:07:40,362 P3497859 INFO 140/300 starting... lr: 0.0009000000000000001 para:0.01
2026-07-17 15:07:45,319 P3497859 INFO Epoch 140/300, all_loss:0.28654 cls_loss:0.26479 rec_loss:2.44032 [4.93s]; best loss:0.28654, patience : 0
2026-07-17 15:07:46,469 P3497859 INFO pr:0.9867  rc:0.9840  auc:0.9987 ap:0.9970 f1: 0.9853 pred_right: 43566 pred_wrong:3234 actu_right: 43557 actu_wrong: 3243
2026-07-17 15:07:46,950 P3497859 INFO pr:0.9802  rc:0.9729  auc:0.9979 ap:0.9951 f1: 0.9765 pred_right: 17884 pred_wrong:1316 actu_right: 17874 actu_wrong: 1326
2026-07-17 15:07:46,950 P3497859 INFO ----------------------------------------------------------------------------------------------------
2026-07-17 15:07:46,950 P3497859 INFO 141/300 starting... lr: 0.0009000000000000001 para:0.01
2026-07-17 15:07:57,515 P3497859 INFO Epoch 141/300, all_loss:0.35015 cls_loss:0.32919 rec_loss:2.42521 [10.56s]; best loss:0.28654, patience : 1
2026-07-17 15:08:00,062 P3497859 INFO pr:0.9793  rc:0.9901  auc:0.9992 ap:0.9977 f1: 0.9847 pred_right: 43522 pred_wrong:3278 actu_right: 43558 actu_wrong: 3242
2026-07-17 15:08:00,760 P3497859 INFO pr:0.9687  rc:0.9789  auc:0.9968 ap:0.9944 f1: 0.9737 pred_right: 17860 pred_wrong:1340 actu_right: 17874 actu_wrong: 1326
2026-07-17 15:08:00,761 P3497859 INFO ----------------------------------------------------------------------------------------------------
2026-07-17 15:08:00,761 P3497859 INFO 142/300 starting... lr: 0.0009000000000000001 para:0.01
2026-07-17 15:08:06,570 P3497859 INFO Epoch 142/300, all_loss:0.33917 cls_loss:0.31892 rec_loss:2.34417 [5.81s]; best loss:0.28654, patience : 1
2026-07-17 15:08:07,955 P3497859 INFO pr:0.9824  rc:0.9836  auc:0.9985 ap:0.9972 f1: 0.9830 pred_right: 43555 pred_wrong:3245 actu_right: 43559 actu_wrong: 3241
2026-07-17 15:08:08,535 P3497859 INFO pr:0.9736  rc:0.9744  auc:0.9969 ap:0.9944 f1: 0.9740 pred_right: 17873 pred_wrong:1327 actu_right: 17874 actu_wrong: 1326
2026-07-17 15:08:08,535 P3497859 INFO ----------------------------------------------------------------------------------------------------
2026-07-17 15:08:08,535 P3497859 INFO 143/300 starting... lr: 0.0009000000000000001 para:0.01
2026-07-17 15:08:13,920 P3497859 INFO Epoch 143/300, all_loss:0.29262 cls_loss:0.27172 rec_loss:2.36170 [5.38s]; best loss:0.28654, patience : 1
2026-07-17 15:08:15,269 P3497859 INFO pr:0.9780  rc:0.9873  auc:0.9991 ap:0.9968 f1: 0.9826 pred_right: 43532 pred_wrong:3268 actu_right: 43563 actu_wrong: 3237
2026-07-17 15:08:15,815 P3497859 INFO pr:0.9708  rc:0.9781  auc:0.9979 ap:0.9960 f1: 0.9745 pred_right: 17864 pred_wrong:1336 actu_right: 17874 actu_wrong: 1326
2026-07-17 15:08:15,815 P3497859 INFO ----------------------------------------------------------------------------------------------------
2026-07-17 15:08:15,816 P3497859 INFO 144/300 starting... lr: 0.0009000000000000001 para:0.01
2026-07-17 15:08:21,174 P3497859 INFO Epoch 144/300, all_loss:0.42247 cls_loss:0.40351 rec_loss:2.29969 [5.36s]; best loss:0.28654, patience : 2
2026-07-17 15:08:22,654 P3497859 INFO pr:0.9816  rc:0.9877  auc:0.9989 ap:0.9982 f1: 0.9846 pred_right: 43541 pred_wrong:3259 actu_right: 43561 actu_wrong: 3239
2026-07-17 15:08:23,357 P3497859 INFO pr:0.9715  rc:0.9774  auc:0.9974 ap:0.9957 f1: 0.9744 pred_right: 17866 pred_wrong:1334 actu_right: 17874 actu_wrong: 1326
2026-07-17 15:08:23,357 P3497859 INFO ----------------------------------------------------------------------------------------------------
2026-07-17 15:08:23,357 P3497859 INFO 145/300 starting... lr: 0.0009000000000000001 para:0.01
2026-07-17 15:08:28,505 P3497859 INFO Epoch 145/300, all_loss:0.33631 cls_loss:0.31620 rec_loss:2.32721 [5.15s]; best loss:0.28654, patience : 2
2026-07-17 15:08:29,843 P3497859 INFO pr:0.9852  rc:0.9864  auc:0.9991 ap:0.9977 f1: 0.9858 pred_right: 43556 pred_wrong:3244 actu_right: 43560 actu_wrong: 3240
2026-07-17 15:08:30,405 P3497859 INFO pr:0.9788  rc:0.9759  auc:0.9974 ap:0.9959 f1: 0.9773 pred_right: 17878 pred_wrong:1322 actu_right: 17874 actu_wrong: 1326
2026-07-17 15:08:30,405 P3497859 INFO ----------------------------------------------------------------------------------------------------
2026-07-17 15:08:30,405 P3497859 INFO 146/300 starting... lr: 0.0009000000000000001 para:0.01
2026-07-17 15:08:35,685 P3497859 INFO Epoch 146/300, all_loss:0.32016 cls_loss:0.30008 rec_loss:2.30850 [5.28s]; best loss:0.28654, patience : 2
2026-07-17 15:08:37,057 P3497859 INFO pr:0.9783  rc:0.9892  auc:0.9992 ap:0.9976 f1: 0.9837 pred_right: 43525 pred_wrong:3275 actu_right: 43561 actu_wrong: 3239
2026-07-17 15:08:37,647 P3497859 INFO pr:0.9716  rc:0.9804  auc:0.9986 ap:0.9971 f1: 0.9760 pred_right: 17862 pred_wrong:1338 actu_right: 17874 actu_wrong: 1326
2026-07-17 15:08:37,647 P3497859 INFO ----------------------------------------------------------------------------------------------------
2026-07-17 15:08:37,647 P3497859 INFO 147/300 starting... lr: 0.0009000000000000001 para:0.01
2026-07-17 15:08:42,944 P3497859 INFO Epoch 147/300, all_loss:0.35608 cls_loss:0.33556 rec_loss:2.38754 [5.30s]; best loss:0.28654, patience : 3
2026-07-17 15:08:44,283 P3497859 INFO pr:0.9676  rc:0.9852  auc:0.9984 ap:0.9957 f1: 0.9763 pred_right: 43501 pred_wrong:3299 actu_right: 43560 actu_wrong: 3240
2026-07-17 15:08:44,817 P3497859 INFO pr:0.9498  rc:0.9706  auc:0.9969 ap:0.9923 f1: 0.9601 pred_right: 17845 pred_wrong:1355 actu_right: 17874 actu_wrong: 1326
2026-07-17 15:08:44,817 P3497859 INFO ----------------------------------------------------------------------------------------------------
2026-07-17 15:08:44,817 P3497859 INFO 148/300 starting... lr: 0.0009000000000000001 para:0.01
2026-07-17 15:08:49,956 P3497859 INFO Epoch 148/300, all_loss:0.41614 cls_loss:0.39627 rec_loss:2.38268 [5.14s]; best loss:0.28654, patience : 4
2026-07-17 15:08:51,327 P3497859 INFO pr:0.9870  rc:0.9827  auc:0.9984 ap:0.9973 f1: 0.9849 pred_right: 43572 pred_wrong:3228 actu_right: 43558 actu_wrong: 3242
2026-07-17 15:08:51,896 P3497859 INFO pr:0.9809  rc:0.9676  auc:0.9975 ap:0.9952 f1: 0.9742 pred_right: 17892 pred_wrong:1308 actu_right: 17874 actu_wrong: 1326
2026-07-17 15:08:51,897 P3497859 INFO ----------------------------------------------------------------------------------------------------
2026-07-17 15:08:51,897 P3497859 INFO 149/300 starting... lr: 0.0009000000000000001 para:0.01
2026-07-17 15:08:57,163 P3497859 INFO Epoch 149/300, all_loss:0.29877 cls_loss:0.27811 rec_loss:2.34424 [5.26s]; best loss:0.28654, patience : 4
2026-07-17 15:08:58,486 P3497859 INFO pr:0.9692  rc:0.9815  auc:0.9986 ap:0.9950 f1: 0.9753 pred_right: 43518 pred_wrong:3282 actu_right: 43559 actu_wrong: 3241
2026-07-17 15:09:00,299 P3497859 INFO pr:0.9529  rc:0.9623  auc:0.9969 ap:0.9907 f1: 0.9576 pred_right: 17861 pred_wrong:1339 actu_right: 17874 actu_wrong: 1326
2026-07-17 15:09:00,300 P3497859 INFO ----------------------------------------------------------------------------------------------------
2026-07-17 15:09:00,300 P3497859 INFO 150/300 starting... lr: 0.0009000000000000001 para:0.01
2026-07-17 15:09:04,429 P3497859 INFO Epoch 150/300, all_loss:0.36146 cls_loss:0.34157 rec_loss:2.33067 [4.13s]; best loss:0.28654, patience : 5
2026-07-17 15:09:05,463 P3497859 INFO pr:0.9865  rc:0.9741  auc:0.9977 ap:0.9963 f1: 0.9803 pred_right: 43603 pred_wrong:3197 actu_right: 43562 actu_wrong: 3238
2026-07-17 15:09:05,941 P3497859 INFO pr:0.9807  rc:0.9570  auc:0.9956 ap:0.9939 f1: 0.9687 pred_right: 17906 pred_wrong:1294 actu_right: 17874 actu_wrong: 1326
2026-07-17 15:09:05,941 P3497859 INFO ----------------------------------------------------------------------------------------------------
2026-07-17 15:09:05,941 P3497859 INFO 151/300 starting... lr: 0.0009000000000000001 para:0.01
2026-07-17 15:09:10,677 P3497859 INFO Epoch 151/300, all_loss:0.36127 cls_loss:0.34109 rec_loss:2.35840 [4.73s]; best loss:0.28654, patience : 5
2026-07-17 15:09:11,980 P3497859 INFO pr:0.9793  rc:0.9910  auc:0.9992 ap:0.9982 f1: 0.9851 pred_right: 43521 pred_wrong:3279 actu_right: 43560 actu_wrong: 3240
2026-07-17 15:09:12,555 P3497859 INFO pr:0.9651  rc:0.9789  auc:0.9984 ap:0.9955 f1: 0.9719 pred_right: 17855 pred_wrong:1345 actu_right: 17874 actu_wrong: 1326
2026-07-17 15:09:12,555 P3497859 INFO ----------------------------------------------------------------------------------------------------
2026-07-17 15:09:12,555 P3497859 INFO 152/300 starting... lr: 0.0009000000000000001 para:0.01
2026-07-17 15:09:23,526 P3497859 INFO Epoch 152/300, all_loss:0.22556 cls_loss:0.20424 rec_loss:2.33670 [10.92s]; best loss:0.22556, patience : 0
2026-07-17 15:09:25,341 P3497859 INFO pr:0.9861  rc:0.9867  auc:0.9989 ap:0.9980 f1: 0.9864 pred_right: 43559 pred_wrong:3241 actu_right: 43561 actu_wrong: 3239
2026-07-17 15:09:26,025 P3497859 INFO pr:0.9802  rc:0.9691  auc:0.9979 ap:0.9952 f1: 0.9746 pred_right: 17889 pred_wrong:1311 actu_right: 17874 actu_wrong: 1326
2026-07-17 15:09:26,070 P3497859 INFO ----------------------------------------------------------------------------------------------------
2026-07-17 15:09:26,070 P3497859 INFO 153/300 starting... lr: 0.0009000000000000001 para:0.01
2026-07-17 15:09:31,679 P3497859 INFO Epoch 153/300, all_loss:0.28399 cls_loss:0.26296 rec_loss:2.36601 [5.61s]; best loss:0.22556, patience : 1
2026-07-17 15:09:33,017 P3497859 INFO pr:0.9846  rc:0.9876  auc:0.9990 ap:0.9979 f1: 0.9861 pred_right: 43552 pred_wrong:3248 actu_right: 43562 actu_wrong: 3238
2026-07-17 15:09:33,561 P3497859 INFO pr:0.9758  rc:0.9713  auc:0.9968 ap:0.9947 f1: 0.9735 pred_right: 17880 pred_wrong:1320 actu_right: 17874 actu_wrong: 1326
2026-07-17 15:09:33,562 P3497859 INFO ----------------------------------------------------------------------------------------------------
2026-07-17 15:09:33,569 P3497859 INFO 154/300 starting... lr: 0.0009000000000000001 para:0.01
2026-07-17 15:09:38,901 P3497859 INFO Epoch 154/300, all_loss:0.22920 cls_loss:0.20772 rec_loss:2.35592 [5.33s]; best loss:0.22556, patience : 1
2026-07-17 15:09:40,292 P3497859 INFO pr:0.9855  rc:0.9867  auc:0.9990 ap:0.9980 f1: 0.9861 pred_right: 43556 pred_wrong:3244 actu_right: 43560 actu_wrong: 3240
2026-07-17 15:09:40,895 P3497859 INFO pr:0.9780  rc:0.9721  auc:0.9980 ap:0.9958 f1: 0.9750 pred_right: 17882 pred_wrong:1318 actu_right: 17874 actu_wrong: 1326
2026-07-17 15:09:40,895 P3497859 INFO ----------------------------------------------------------------------------------------------------
2026-07-17 15:09:40,895 P3497859 INFO 155/300 starting... lr: 0.0009000000000000001 para:0.01
2026-07-17 15:09:46,279 P3497859 INFO Epoch 155/300, all_loss:0.24318 cls_loss:0.22135 rec_loss:2.40440 [5.38s]; best loss:0.22556, patience : 2
2026-07-17 15:09:47,657 P3497859 INFO pr:0.9876  rc:0.9836  auc:0.9989 ap:0.9978 f1: 0.9856 pred_right: 43572 pred_wrong:3228 actu_right: 43559 actu_wrong: 3241
2026-07-17 15:09:48,298 P3497859 INFO pr:0.9862  rc:0.9691  auc:0.9970 ap:0.9954 f1: 0.9776 pred_right: 17897 pred_wrong:1303 actu_right: 17874 actu_wrong: 1326
2026-07-17 15:09:48,299 P3497859 INFO ----------------------------------------------------------------------------------------------------
2026-07-17 15:09:48,299 P3497859 INFO 156/300 starting... lr: 0.0009000000000000001 para:0.01
2026-07-17 15:09:53,561 P3497859 INFO Epoch 156/300, all_loss:0.25843 cls_loss:0.23665 rec_loss:2.41481 [5.26s]; best loss:0.22556, patience : 3
2026-07-17 15:09:54,940 P3497859 INFO pr:0.9771  rc:0.9901  auc:0.9990 ap:0.9982 f1: 0.9836 pred_right: 43518 pred_wrong:3282 actu_right: 43561 actu_wrong: 3239
2026-07-17 15:09:55,515 P3497859 INFO pr:0.9650  rc:0.9766  auc:0.9978 ap:0.9957 f1: 0.9708 pred_right: 17858 pred_wrong:1342 actu_right: 17874 actu_wrong: 1326
2026-07-17 15:09:55,515 P3497859 INFO ----------------------------------------------------------------------------------------------------
2026-07-17 15:09:55,515 P3497859 INFO 157/300 starting... lr: 0.0009000000000000001 para:0.01
2026-07-17 15:10:00,742 P3497859 INFO Epoch 157/300, all_loss:0.31707 cls_loss:0.29547 rec_loss:2.45499 [5.23s]; best loss:0.22556, patience : 4
2026-07-17 15:10:02,093 P3497859 INFO pr:0.9831  rc:0.9877  auc:0.9988 ap:0.9977 f1: 0.9854 pred_right: 43542 pred_wrong:3258 actu_right: 43557 actu_wrong: 3243
2026-07-17 15:10:02,677 P3497859 INFO pr:0.9787  rc:0.9721  auc:0.9980 ap:0.9956 f1: 0.9754 pred_right: 17883 pred_wrong:1317 actu_right: 17874 actu_wrong: 1326
2026-07-17 15:10:02,678 P3497859 INFO ----------------------------------------------------------------------------------------------------
2026-07-17 15:10:02,678 P3497859 INFO 158/300 starting... lr: 0.0009000000000000001 para:0.01
2026-07-17 15:10:08,151 P3497859 INFO Epoch 158/300, all_loss:0.28320 cls_loss:0.26155 rec_loss:2.42597 [5.47s]; best loss:0.22556, patience : 4
2026-07-17 15:10:09,489 P3497859 INFO pr:0.9831  rc:0.9867  auc:0.9990 ap:0.9969 f1: 0.9849 pred_right: 43546 pred_wrong:3254 actu_right: 43558 actu_wrong: 3242
2026-07-17 15:10:10,063 P3497859 INFO pr:0.9847  rc:0.9736  auc:0.9986 ap:0.9962 f1: 0.9791 pred_right: 17889 pred_wrong:1311 actu_right: 17874 actu_wrong: 1326
2026-07-17 15:10:10,064 P3497859 INFO ----------------------------------------------------------------------------------------------------
2026-07-17 15:10:10,064 P3497859 INFO 159/300 starting... lr: 0.0009000000000000001 para:0.01
2026-07-17 15:10:15,170 P3497859 INFO Epoch 159/300, all_loss:0.30228 cls_loss:0.28117 rec_loss:2.39235 [5.10s]; best loss:0.22556, patience : 5
2026-07-17 15:10:16,489 P3497859 INFO pr:0.9795  rc:0.9867  auc:0.9991 ap:0.9971 f1: 0.9831 pred_right: 43536 pred_wrong:3264 actu_right: 43560 actu_wrong: 3240
2026-07-17 15:10:17,062 P3497859 INFO pr:0.9707  rc:0.9751  auc:0.9983 ap:0.9956 f1: 0.9729 pred_right: 17868 pred_wrong:1332 actu_right: 17874 actu_wrong: 1326
2026-07-17 15:10:17,062 P3497859 INFO ----------------------------------------------------------------------------------------------------
2026-07-17 15:10:17,062 P3497859 INFO 160/300 starting... lr: 0.0009000000000000001 para:0.01
2026-07-17 15:10:22,380 P3497859 INFO Epoch 160/300, all_loss:0.27380 cls_loss:0.25287 rec_loss:2.34510 [5.32s]; best loss:0.22556, patience : 5
2026-07-17 15:10:23,696 P3497859 INFO pr:0.9781  rc:0.9914  auc:0.9991 ap:0.9978 f1: 0.9847 pred_right: 43517 pred_wrong:3283 actu_right: 43561 actu_wrong: 3239
2026-07-17 15:10:25,793 P3497859 INFO pr:0.9651  rc:0.9796  auc:0.9985 ap:0.9959 f1: 0.9723 pred_right: 17854 pred_wrong:1346 actu_right: 17874 actu_wrong: 1326
2026-07-17 15:10:25,793 P3497859 INFO ----------------------------------------------------------------------------------------------------
2026-07-17 15:10:25,793 P3497859 INFO 161/300 starting... lr: 0.0009000000000000001 para:0.01
2026-07-17 15:10:30,027 P3497859 INFO Epoch 161/300, all_loss:0.22938 cls_loss:0.20769 rec_loss:2.37688 [4.23s]; best loss:0.22556, patience : 5
2026-07-17 15:10:31,032 P3497859 INFO pr:0.9864  rc:0.9827  auc:0.9988 ap:0.9976 f1: 0.9845 pred_right: 43572 pred_wrong:3228 actu_right: 43560 actu_wrong: 3240
2026-07-17 15:10:31,482 P3497859 INFO pr:0.9831  rc:0.9661  auc:0.9973 ap:0.9956 f1: 0.9745 pred_right: 17897 pred_wrong:1303 actu_right: 17874 actu_wrong: 1326
2026-07-17 15:10:31,482 P3497859 INFO ----------------------------------------------------------------------------------------------------
2026-07-17 15:10:31,483 P3497859 INFO 162/300 starting... lr: 0.0009000000000000001 para:0.01
2026-07-17 15:10:36,203 P3497859 INFO Epoch 162/300, all_loss:0.29169 cls_loss:0.27028 rec_loss:2.41128 [4.72s]; best loss:0.22556, patience : 6
2026-07-17 15:10:37,445 P3497859 INFO pr:0.9677  rc:0.9898  auc:0.9990 ap:0.9969 f1: 0.9786 pred_right: 43488 pred_wrong:3312 actu_right: 43562 actu_wrong: 3238
2026-07-17 15:10:37,960 P3497859 INFO pr:0.9566  rc:0.9804  auc:0.9983 ap:0.9959 f1: 0.9683 pred_right: 17841 pred_wrong:1359 actu_right: 17874 actu_wrong: 1326
2026-07-17 15:10:37,961 P3497859 INFO ----------------------------------------------------------------------------------------------------
2026-07-17 15:10:37,961 P3497859 INFO 163/300 starting... lr: 0.0009000000000000001 para:0.01
2026-07-17 15:10:49,523 P3497859 INFO Epoch 163/300, all_loss:0.29148 cls_loss:0.27092 rec_loss:2.32723 [11.56s]; best loss:0.22556, patience : 6
2026-07-17 15:10:51,344 P3497859 INFO pr:0.9840  rc:0.9876  auc:0.9990 ap:0.9977 f1: 0.9858 pred_right: 43550 pred_wrong:3250 actu_right: 43562 actu_wrong: 3238
2026-07-17 15:10:52,024 P3497859 INFO pr:0.9832  rc:0.9713  auc:0.9981 ap:0.9968 f1: 0.9772 pred_right: 17890 pred_wrong:1310 actu_right: 17874 actu_wrong: 1326
2026-07-17 15:10:52,024 P3497859 INFO ----------------------------------------------------------------------------------------------------
2026-07-17 15:10:52,024 P3497859 INFO 164/300 starting... lr: 0.0009000000000000001 para:0.01
2026-07-17 15:10:57,633 P3497859 INFO Epoch 164/300, all_loss:0.24589 cls_loss:0.22468 rec_loss:2.34585 [5.61s]; best loss:0.22556, patience : 6
2026-07-17 15:10:58,983 P3497859 INFO pr:0.9723  rc:0.9870  auc:0.9989 ap:0.9966 f1: 0.9796 pred_right: 43511 pred_wrong:3289 actu_right: 43560 actu_wrong: 3240
2026-07-17 15:10:59,483 P3497859 INFO pr:0.9590  rc:0.9698  auc:0.9976 ap:0.9931 f1: 0.9644 pred_right: 17859 pred_wrong:1341 actu_right: 17874 actu_wrong: 1326
2026-07-17 15:10:59,483 P3497859 INFO ----------------------------------------------------------------------------------------------------
2026-07-17 15:10:59,484 P3497859 INFO 165/300 starting... lr: 0.0009000000000000001 para:0.01
2026-07-17 15:11:04,654 P3497859 INFO Epoch 165/300, all_loss:0.36977 cls_loss:0.34984 rec_loss:2.34306 [5.17s]; best loss:0.22556, patience : 7
2026-07-17 15:11:05,922 P3497859 INFO pr:0.9888  rc:0.9836  auc:0.9989 ap:0.9977 f1: 0.9862 pred_right: 43577 pred_wrong:3223 actu_right: 43560 actu_wrong: 3240
2026-07-17 15:11:06,531 P3497859 INFO pr:0.9892  rc:0.9661  auc:0.9973 ap:0.9958 f1: 0.9775 pred_right: 17905 pred_wrong:1295 actu_right: 17874 actu_wrong: 1326
2026-07-17 15:11:06,531 P3497859 INFO ----------------------------------------------------------------------------------------------------
2026-07-17 15:11:06,531 P3497859 INFO 166/300 starting... lr: 0.0009000000000000001 para:0.01
2026-07-17 15:11:11,777 P3497859 INFO Epoch 166/300, all_loss:0.23643 cls_loss:0.21497 rec_loss:2.36034 [5.24s]; best loss:0.22556, patience : 7
2026-07-17 15:11:13,102 P3497859 INFO pr:0.9796  rc:0.9901  auc:0.9991 ap:0.9973 f1: 0.9848 pred_right: 43521 pred_wrong:3279 actu_right: 43556 actu_wrong: 3244
2026-07-17 15:11:13,691 P3497859 INFO pr:0.9766  rc:0.9774  auc:0.9985 ap:0.9966 f1: 0.9770 pred_right: 17873 pred_wrong:1327 actu_right: 17874 actu_wrong: 1326
2026-07-17 15:11:13,691 P3497859 INFO ----------------------------------------------------------------------------------------------------
2026-07-17 15:11:13,691 P3497859 INFO 167/300 starting... lr: 0.0009000000000000001 para:0.01
2026-07-17 15:11:18,895 P3497859 INFO Epoch 167/300, all_loss:0.31152 cls_loss:0.29055 rec_loss:2.38803 [5.20s]; best loss:0.22556, patience : 8
2026-07-17 15:11:20,172 P3497859 INFO pr:0.9786  rc:0.9889  auc:0.9990 ap:0.9967 f1: 0.9837 pred_right: 43527 pred_wrong:3273 actu_right: 43561 actu_wrong: 3239
2026-07-17 15:11:20,732 P3497859 INFO pr:0.9686  rc:0.9759  auc:0.9987 ap:0.9949 f1: 0.9722 pred_right: 17864 pred_wrong:1336 actu_right: 17874 actu_wrong: 1326
2026-07-17 15:11:20,732 P3497859 INFO ----------------------------------------------------------------------------------------------------
2026-07-17 15:11:20,732 P3497859 INFO 168/300 starting... lr: 0.0009000000000000001 para:0.01
2026-07-17 15:11:26,023 P3497859 INFO Epoch 168/300, all_loss:0.28000 cls_loss:0.25920 rec_loss:2.33964 [5.29s]; best loss:0.22556, patience : 8
2026-07-17 15:11:27,374 P3497859 INFO pr:0.9704  rc:0.9914  auc:0.9992 ap:0.9979 f1: 0.9808 pred_right: 43489 pred_wrong:3311 actu_right: 43559 actu_wrong: 3241
2026-07-17 15:11:27,959 P3497859 INFO pr:0.9589  rc:0.9842  auc:0.9972 ap:0.9953 f1: 0.9713 pred_right: 17839 pred_wrong:1361 actu_right: 17874 actu_wrong: 1326
2026-07-17 15:11:27,959 P3497859 INFO ----------------------------------------------------------------------------------------------------
2026-07-17 15:11:27,966 P3497859 INFO 169/300 starting... lr: 0.0009000000000000001 para:0.01
2026-07-17 15:11:33,206 P3497859 INFO Epoch 169/300, all_loss:0.21276 cls_loss:0.19186 rec_loss:2.28137 [5.22s]; best loss:0.21276, patience : 0
2026-07-17 15:11:34,569 P3497859 INFO pr:0.9780  rc:0.9898  auc:0.9990 ap:0.9976 f1: 0.9839 pred_right: 43523 pred_wrong:3277 actu_right: 43562 actu_wrong: 3238
2026-07-17 15:11:35,097 P3497859 INFO pr:0.9788  rc:0.9766  auc:0.9968 ap:0.9946 f1: 0.9777 pred_right: 17877 pred_wrong:1323 actu_right: 17874 actu_wrong: 1326
2026-07-17 15:11:35,097 P3497859 INFO ----------------------------------------------------------------------------------------------------
2026-07-17 15:11:35,097 P3497859 INFO 170/300 starting... lr: 0.0009000000000000001 para:0.01
2026-07-17 15:11:40,544 P3497859 INFO Epoch 170/300, all_loss:0.24700 cls_loss:0.22604 rec_loss:2.32141 [5.45s]; best loss:0.21276, patience : 1
2026-07-17 15:11:42,069 P3497859 INFO pr:0.9795  rc:0.9892  auc:0.9989 ap:0.9969 f1: 0.9843 pred_right: 43529 pred_wrong:3271 actu_right: 43561 actu_wrong: 3239
2026-07-17 15:11:42,672 P3497859 INFO pr:0.9715  rc:0.9774  auc:0.9960 ap:0.9936 f1: 0.9744 pred_right: 17866 pred_wrong:1334 actu_right: 17874 actu_wrong: 1326
2026-07-17 15:11:42,673 P3497859 INFO ----------------------------------------------------------------------------------------------------
2026-07-17 15:11:42,673 P3497859 INFO 171/300 starting... lr: 0.0009000000000000001 para:0.01
2026-07-17 15:11:48,155 P3497859 INFO Epoch 171/300, all_loss:0.19507 cls_loss:0.17298 rec_loss:2.38260 [5.46s]; best loss:0.19507, patience : 0
2026-07-17 15:11:50,513 P3497859 INFO pr:0.9837  rc:0.9864  auc:0.9988 ap:0.9968 f1: 0.9851 pred_right: 43551 pred_wrong:3249 actu_right: 43560 actu_wrong: 3240
2026-07-17 15:11:51,745 P3497859 INFO pr:0.9817  rc:0.9713  auc:0.9973 ap:0.9946 f1: 0.9765 pred_right: 17888 pred_wrong:1312 actu_right: 17874 actu_wrong: 1326
2026-07-17 15:11:51,745 P3497859 INFO ----------------------------------------------------------------------------------------------------
2026-07-17 15:11:51,745 P3497859 INFO 172/300 starting... lr: 0.0009000000000000001 para:0.01
2026-07-17 15:11:55,895 P3497859 INFO Epoch 172/300, all_loss:0.20311 cls_loss:0.18098 rec_loss:2.39399 [4.15s]; best loss:0.19507, patience : 1
2026-07-17 15:11:56,946 P3497859 INFO pr:0.9901  rc:0.9833  auc:0.9984 ap:0.9974 f1: 0.9867 pred_right: 43582 pred_wrong:3218 actu_right: 43560 actu_wrong: 3240
2026-07-17 15:11:57,419 P3497859 INFO pr:0.9862  rc:0.9676  auc:0.9957 ap:0.9936 f1: 0.9768 pred_right: 17899 pred_wrong:1301 actu_right: 17874 actu_wrong: 1326
2026-07-17 15:11:57,442 P3497859 INFO ----------------------------------------------------------------------------------------------------
2026-07-17 15:11:57,442 P3497859 INFO 173/300 starting... lr: 0.0009000000000000001 para:0.01
2026-07-17 15:12:02,241 P3497859 INFO Epoch 173/300, all_loss:0.23645 cls_loss:0.21479 rec_loss:2.38109 [4.80s]; best loss:0.19507, patience : 2
2026-07-17 15:12:03,386 P3497859 INFO pr:0.9696  rc:0.9843  auc:0.9990 ap:0.9961 f1: 0.9769 pred_right: 43509 pred_wrong:3291 actu_right: 43558 actu_wrong: 3242
2026-07-17 15:12:03,925 P3497859 INFO pr:0.9619  rc:0.9713  auc:0.9960 ap:0.9914 f1: 0.9666 pred_right: 17861 pred_wrong:1339 actu_right: 17874 actu_wrong: 1326
2026-07-17 15:12:03,926 P3497859 INFO ----------------------------------------------------------------------------------------------------
2026-07-17 15:12:03,926 P3497859 INFO 174/300 starting... lr: 0.0009000000000000001 para:0.01
2026-07-17 15:12:15,715 P3497859 INFO Epoch 174/300, all_loss:0.21954 cls_loss:0.19794 rec_loss:2.35807 [11.79s]; best loss:0.19507, patience : 2
2026-07-17 15:12:17,374 P3497859 INFO pr:0.9876  rc:0.9818  auc:0.9984 ap:0.9972 f1: 0.9847 pred_right: 43577 pred_wrong:3223 actu_right: 43558 actu_wrong: 3242
2026-07-17 15:12:17,994 P3497859 INFO pr:0.9779  rc:0.9676  auc:0.9953 ap:0.9933 f1: 0.9727 pred_right: 17888 pred_wrong:1312 actu_right: 17874 actu_wrong: 1326
2026-07-17 15:12:17,995 P3497859 INFO ----------------------------------------------------------------------------------------------------
2026-07-17 15:12:17,995 P3497859 INFO 175/300 starting... lr: 0.0009000000000000001 para:0.01
2026-07-17 15:12:23,547 P3497859 INFO Epoch 175/300, all_loss:0.30030 cls_loss:0.27968 rec_loss:2.34117 [5.55s]; best loss:0.19507, patience : 3
2026-07-17 15:12:24,894 P3497859 INFO pr:0.9906  rc:0.9787  auc:0.9984 ap:0.9973 f1: 0.9846 pred_right: 43600 pred_wrong:3200 actu_right: 43561 actu_wrong: 3239
2026-07-17 15:12:25,444 P3497859 INFO pr:0.9861  rc:0.9630  auc:0.9957 ap:0.9939 f1: 0.9744 pred_right: 17905 pred_wrong:1295 actu_right: 17874 actu_wrong: 1326
2026-07-17 15:12:25,445 P3497859 INFO ----------------------------------------------------------------------------------------------------
2026-07-17 15:12:25,445 P3497859 INFO 176/300 starting... lr: 0.0009000000000000001 para:0.01
2026-07-17 15:12:30,845 P3497859 INFO Epoch 176/300, all_loss:0.43157 cls_loss:0.41247 rec_loss:2.32169 [5.40s]; best loss:0.19507, patience : 4
2026-07-17 15:12:32,169 P3497859 INFO pr:0.9834  rc:0.9883  auc:0.9990 ap:0.9972 f1: 0.9858 pred_right: 43545 pred_wrong:3255 actu_right: 43561 actu_wrong: 3239
2026-07-17 15:12:32,769 P3497859 INFO pr:0.9766  rc:0.9774  auc:0.9966 ap:0.9943 f1: 0.9770 pred_right: 17873 pred_wrong:1327 actu_right: 17874 actu_wrong: 1326
2026-07-17 15:12:32,769 P3497859 INFO ----------------------------------------------------------------------------------------------------
2026-07-17 15:12:32,769 P3497859 INFO 177/300 starting... lr: 0.0009000000000000001 para:0.01
2026-07-17 15:12:37,941 P3497859 INFO Epoch 177/300, all_loss:0.21853 cls_loss:0.19738 rec_loss:2.31235 [5.17s]; best loss:0.19507, patience : 4
2026-07-17 15:12:39,378 P3497859 INFO pr:0.9721  rc:0.9892  auc:0.9990 ap:0.9967 f1: 0.9806 pred_right: 43503 pred_wrong:3297 actu_right: 43560 actu_wrong: 3240
2026-07-17 15:12:40,054 P3497859 INFO pr:0.9586  rc:0.9781  auc:0.9970 ap:0.9930 f1: 0.9683 pred_right: 17847 pred_wrong:1353 actu_right: 17874 actu_wrong: 1326
2026-07-17 15:12:40,054 P3497859 INFO ----------------------------------------------------------------------------------------------------
2026-07-17 15:12:40,054 P3497859 INFO 178/300 starting... lr: 0.0009000000000000001 para:0.01
2026-07-17 15:12:45,392 P3497859 INFO Epoch 178/300, all_loss:0.35348 cls_loss:0.33377 rec_loss:2.30493 [5.34s]; best loss:0.19507, patience : 5
2026-07-17 15:12:46,729 P3497859 INFO pr:0.9814  rc:0.9898  auc:0.9991 ap:0.9972 f1: 0.9856 pred_right: 43529 pred_wrong:3271 actu_right: 43557 actu_wrong: 3243
2026-07-17 15:12:47,280 P3497859 INFO pr:0.9715  rc:0.9774  auc:0.9969 ap:0.9946 f1: 0.9744 pred_right: 17866 pred_wrong:1334 actu_right: 17874 actu_wrong: 1326
2026-07-17 15:12:47,280 P3497859 INFO ----------------------------------------------------------------------------------------------------
2026-07-17 15:12:47,280 P3497859 INFO 179/300 starting... lr: 0.0009000000000000001 para:0.01
2026-07-17 15:12:52,640 P3497859 INFO Epoch 179/300, all_loss:0.30138 cls_loss:0.28091 rec_loss:2.32775 [5.36s]; best loss:0.19507, patience : 5
2026-07-17 15:12:54,000 P3497859 INFO pr:0.9846  rc:0.9870  auc:0.9989 ap:0.9974 f1: 0.9858 pred_right: 43550 pred_wrong:3250 actu_right: 43558 actu_wrong: 3242
2026-07-17 15:12:54,538 P3497859 INFO pr:0.9825  rc:0.9729  auc:0.9968 ap:0.9959 f1: 0.9776 pred_right: 17887 pred_wrong:1313 actu_right: 17874 actu_wrong: 1326
2026-07-17 15:12:54,539 P3497859 INFO ----------------------------------------------------------------------------------------------------
2026-07-17 15:12:54,539 P3497859 INFO 180/300 starting... lr: 0.0009000000000000001 para:0.01
2026-07-17 15:12:59,945 P3497859 INFO Epoch 180/300, all_loss:0.27668 cls_loss:0.25619 rec_loss:2.30583 [5.40s]; best loss:0.19507, patience : 5
2026-07-17 15:13:01,284 P3497859 INFO pr:0.9864  rc:0.9849  auc:0.9988 ap:0.9970 f1: 0.9856 pred_right: 43563 pred_wrong:3237 actu_right: 43558 actu_wrong: 3242
2026-07-17 15:13:01,831 P3497859 INFO pr:0.9870  rc:0.9721  auc:0.9965 ap:0.9955 f1: 0.9795 pred_right: 17894 pred_wrong:1306 actu_right: 17874 actu_wrong: 1326
2026-07-17 15:13:01,831 P3497859 INFO ----------------------------------------------------------------------------------------------------
2026-07-17 15:13:01,832 P3497859 INFO 181/300 starting... lr: 0.0009000000000000001 para:0.01
2026-07-17 15:13:07,037 P3497859 INFO Epoch 181/300, all_loss:0.23611 cls_loss:0.21504 rec_loss:2.32180 [5.20s]; best loss:0.19507, patience : 5
2026-07-17 15:13:08,538 P3497859 INFO pr:0.9873  rc:0.9864  auc:0.9991 ap:0.9976 f1: 0.9869 pred_right: 43562 pred_wrong:3238 actu_right: 43559 actu_wrong: 3241
2026-07-17 15:13:09,101 P3497859 INFO pr:0.9788  rc:0.9751  auc:0.9968 ap:0.9945 f1: 0.9770 pred_right: 17879 pred_wrong:1321 actu_right: 17874 actu_wrong: 1326
2026-07-17 15:13:09,129 P3497859 INFO ----------------------------------------------------------------------------------------------------
2026-07-17 15:13:09,129 P3497859 INFO 182/300 starting... lr: 0.0009000000000000001 para:0.01
2026-07-17 15:13:14,322 P3497859 INFO Epoch 182/300, all_loss:0.33228 cls_loss:0.31216 rec_loss:2.32416 [5.19s]; best loss:0.19507, patience : 6
2026-07-17 15:13:15,638 P3497859 INFO pr:0.9852  rc:0.9889  auc:0.9989 ap:0.9967 f1: 0.9871 pred_right: 43549 pred_wrong:3251 actu_right: 43561 actu_wrong: 3239
2026-07-17 15:13:16,152 P3497859 INFO pr:0.9825  rc:0.9744  auc:0.9968 ap:0.9951 f1: 0.9784 pred_right: 17885 pred_wrong:1315 actu_right: 17874 actu_wrong: 1326
2026-07-17 15:13:16,178 P3497859 INFO ----------------------------------------------------------------------------------------------------
2026-07-17 15:13:16,178 P3497859 INFO 183/300 starting... lr: 0.0009000000000000001 para:0.01
2026-07-17 15:13:21,635 P3497859 INFO Epoch 183/300, all_loss:0.20975 cls_loss:0.18788 rec_loss:2.37506 [5.46s]; best loss:0.19507, patience : 6
2026-07-17 15:13:22,645 P3497859 INFO pr:0.9886  rc:0.9861  auc:0.9991 ap:0.9983 f1: 0.9874 pred_right: 43561 pred_wrong:3239 actu_right: 43553 actu_wrong: 3247
2026-07-17 15:13:23,075 P3497859 INFO pr:0.9818  rc:0.9751  auc:0.9968 ap:0.9950 f1: 0.9784 pred_right: 17883 pred_wrong:1317 actu_right: 17874 actu_wrong: 1326
2026-07-17 15:13:23,096 P3497859 INFO ----------------------------------------------------------------------------------------------------
2026-07-17 15:13:23,096 P3497859 INFO 184/300 starting... lr: 0.0009000000000000001 para:0.01
2026-07-17 15:13:27,626 P3497859 INFO Epoch 184/300, all_loss:0.16285 cls_loss:0.14127 rec_loss:2.29909 [4.51s]; best loss:0.16285, patience : 0
2026-07-17 15:13:28,848 P3497859 INFO pr:0.9822  rc:0.9889  auc:0.9990 ap:0.9979 f1: 0.9855 pred_right: 43537 pred_wrong:3263 actu_right: 43559 actu_wrong: 3241
2026-07-17 15:13:29,354 P3497859 INFO pr:0.9723  rc:0.9781  auc:0.9973 ap:0.9956 f1: 0.9752 pred_right: 17866 pred_wrong:1334 actu_right: 17874 actu_wrong: 1326
2026-07-17 15:13:29,355 P3497859 INFO ----------------------------------------------------------------------------------------------------
2026-07-17 15:13:29,355 P3497859 INFO 185/300 starting... lr: 0.0009000000000000001 para:0.01
2026-07-17 15:13:38,210 P3497859 INFO Epoch 185/300, all_loss:0.23677 cls_loss:0.21542 rec_loss:2.35058 [8.85s]; best loss:0.16285, patience : 1
2026-07-17 15:13:41,449 P3497859 INFO pr:0.9870  rc:0.9849  auc:0.9990 ap:0.9977 f1: 0.9860 pred_right: 43565 pred_wrong:3235 actu_right: 43558 actu_wrong: 3242
2026-07-17 15:13:42,916 P3497859 INFO pr:0.9787  rc:0.9706  auc:0.9966 ap:0.9945 f1: 0.9746 pred_right: 17885 pred_wrong:1315 actu_right: 17874 actu_wrong: 1326
2026-07-17 15:13:42,916 P3497859 INFO ----------------------------------------------------------------------------------------------------
2026-07-17 15:13:42,917 P3497859 INFO 186/300 starting... lr: 0.0009000000000000001 para:0.01
2026-07-17 15:13:49,165 P3497859 INFO Epoch 186/300, all_loss:0.18491 cls_loss:0.16276 rec_loss:2.37785 [6.25s]; best loss:0.16285, patience : 1
2026-07-17 15:13:50,625 P3497859 INFO pr:0.9913  rc:0.9849  auc:0.9988 ap:0.9978 f1: 0.9881 pred_right: 43580 pred_wrong:3220 actu_right: 43559 actu_wrong: 3241
2026-07-17 15:13:51,226 P3497859 INFO pr:0.9862  rc:0.9683  auc:0.9963 ap:0.9947 f1: 0.9772 pred_right: 17898 pred_wrong:1302 actu_right: 17874 actu_wrong: 1326
2026-07-17 15:13:51,254 P3497859 INFO ----------------------------------------------------------------------------------------------------
2026-07-17 15:13:51,254 P3497859 INFO 187/300 starting... lr: 0.0009000000000000001 para:0.01
2026-07-17 15:13:56,520 P3497859 INFO Epoch 187/300, all_loss:0.24335 cls_loss:0.22236 rec_loss:2.32163 [5.27s]; best loss:0.16285, patience : 2
2026-07-17 15:13:57,824 P3497859 INFO pr:0.9876  rc:0.9867  auc:0.9992 ap:0.9974 f1: 0.9872 pred_right: 43564 pred_wrong:3236 actu_right: 43561 actu_wrong: 3239
2026-07-17 15:13:58,373 P3497859 INFO pr:0.9810  rc:0.9729  auc:0.9964 ap:0.9963 f1: 0.9769 pred_right: 17885 pred_wrong:1315 actu_right: 17874 actu_wrong: 1326
2026-07-17 15:13:58,373 P3497859 INFO ----------------------------------------------------------------------------------------------------
2026-07-17 15:13:58,373 P3497859 INFO 188/300 starting... lr: 0.0009000000000000001 para:0.01
2026-07-17 15:14:03,667 P3497859 INFO Epoch 188/300, all_loss:0.29459 cls_loss:0.27459 rec_loss:2.27427 [5.29s]; best loss:0.16285, patience : 3
2026-07-17 15:14:05,031 P3497859 INFO pr:0.9901  rc:0.9883  auc:0.9992 ap:0.9983 f1: 0.9892 pred_right: 43566 pred_wrong:3234 actu_right: 43560 actu_wrong: 3240
2026-07-17 15:14:05,641 P3497859 INFO pr:0.9871  rc:0.9774  auc:0.9966 ap:0.9961 f1: 0.9822 pred_right: 17887 pred_wrong:1313 actu_right: 17874 actu_wrong: 1326
2026-07-17 15:14:05,672 P3497859 INFO ----------------------------------------------------------------------------------------------------
2026-07-17 15:14:05,672 P3497859 INFO 189/300 starting... lr: 0.0009000000000000001 para:0.01
2026-07-17 15:14:10,812 P3497859 INFO Epoch 189/300, all_loss:0.28958 cls_loss:0.26934 rec_loss:2.29408 [5.14s]; best loss:0.16285, patience : 3
2026-07-17 15:14:12,164 P3497859 INFO pr:0.9858  rc:0.9852  auc:0.9990 ap:0.9977 f1: 0.9855 pred_right: 43561 pred_wrong:3239 actu_right: 43559 actu_wrong: 3241
2026-07-17 15:14:12,712 P3497859 INFO pr:0.9787  rc:0.9713  auc:0.9963 ap:0.9947 f1: 0.9750 pred_right: 17884 pred_wrong:1316 actu_right: 17874 actu_wrong: 1326
2026-07-17 15:14:12,712 P3497859 INFO ----------------------------------------------------------------------------------------------------
2026-07-17 15:14:12,712 P3497859 INFO 190/300 starting... lr: 0.0009000000000000001 para:0.01
2026-07-17 15:14:18,010 P3497859 INFO Epoch 190/300, all_loss:0.30269 cls_loss:0.28266 rec_loss:2.28574 [5.30s]; best loss:0.16285, patience : 4
2026-07-17 15:14:19,389 P3497859 INFO pr:0.9819  rc:0.9873  auc:0.9989 ap:0.9978 f1: 0.9846 pred_right: 43542 pred_wrong:3258 actu_right: 43560 actu_wrong: 3240
2026-07-17 15:14:19,983 P3497859 INFO pr:0.9766  rc:0.9751  auc:0.9966 ap:0.9941 f1: 0.9758 pred_right: 17876 pred_wrong:1324 actu_right: 17874 actu_wrong: 1326
2026-07-17 15:14:19,983 P3497859 INFO ----------------------------------------------------------------------------------------------------
2026-07-17 15:14:19,984 P3497859 INFO 191/300 starting... lr: 0.0009000000000000001 para:0.01
2026-07-17 15:14:25,392 P3497859 INFO Epoch 191/300, all_loss:0.35942 cls_loss:0.34029 rec_loss:2.25343 [5.41s]; best loss:0.16285, patience : 5
2026-07-17 15:14:26,662 P3497859 INFO pr:0.9889  rc:0.9867  auc:0.9987 ap:0.9970 f1: 0.9878 pred_right: 43568 pred_wrong:3232 actu_right: 43561 actu_wrong: 3239
2026-07-17 15:14:27,203 P3497859 INFO pr:0.9855  rc:0.9751  auc:0.9960 ap:0.9943 f1: 0.9803 pred_right: 17888 pred_wrong:1312 actu_right: 17874 actu_wrong: 1326
2026-07-17 15:14:27,204 P3497859 INFO ----------------------------------------------------------------------------------------------------
2026-07-17 15:14:27,204 P3497859 INFO 192/300 starting... lr: 0.0009000000000000001 para:0.01
2026-07-17 15:14:32,513 P3497859 INFO Epoch 192/300, all_loss:0.25916 cls_loss:0.23962 rec_loss:2.19356 [5.31s]; best loss:0.16285, patience : 5
2026-07-17 15:14:33,850 P3497859 INFO pr:0.9744  rc:0.9852  auc:0.9989 ap:0.9950 f1: 0.9798 pred_right: 43519 pred_wrong:3281 actu_right: 43555 actu_wrong: 3245
2026-07-17 15:14:34,436 P3497859 INFO pr:0.9662  rc:0.9698  auc:0.9966 ap:0.9930 f1: 0.9680 pred_right: 17869 pred_wrong:1331 actu_right: 17874 actu_wrong: 1326
2026-07-17 15:14:34,437 P3497859 INFO ----------------------------------------------------------------------------------------------------
2026-07-17 15:14:34,437 P3497859 INFO 193/300 starting... lr: 0.0009000000000000001 para:0.01
2026-07-17 15:14:39,564 P3497859 INFO Epoch 193/300, all_loss:0.25015 cls_loss:0.23013 rec_loss:2.23179 [5.13s]; best loss:0.16285, patience : 5
2026-07-17 15:14:40,871 P3497859 INFO pr:0.9781  rc:0.9911  auc:0.9992 ap:0.9975 f1: 0.9845 pred_right: 43515 pred_wrong:3285 actu_right: 43558 actu_wrong: 3242
2026-07-17 15:14:41,511 P3497859 INFO pr:0.9659  rc:0.9811  auc:0.9970 ap:0.9943 f1: 0.9734 pred_right: 17853 pred_wrong:1347 actu_right: 17874 actu_wrong: 1326
2026-07-17 15:14:41,512 P3497859 INFO ----------------------------------------------------------------------------------------------------
2026-07-17 15:14:41,512 P3497859 INFO 194/300 starting... lr: 0.0009000000000000001 para:0.01
2026-07-17 15:14:47,557 P3497859 INFO Epoch 194/300, all_loss:0.22216 cls_loss:0.20179 rec_loss:2.23814 [6.04s]; best loss:0.16285, patience : 5
2026-07-17 15:14:48,623 P3497859 INFO pr:0.9836  rc:0.9843  auc:0.9990 ap:0.9976 f1: 0.9840 pred_right: 43559 pred_wrong:3241 actu_right: 43561 actu_wrong: 3239
2026-07-17 15:14:49,073 P3497859 INFO pr:0.9787  rc:0.9691  auc:0.9967 ap:0.9953 f1: 0.9739 pred_right: 17887 pred_wrong:1313 actu_right: 17874 actu_wrong: 1326
2026-07-17 15:14:49,073 P3497859 INFO ----------------------------------------------------------------------------------------------------
2026-07-17 15:14:49,073 P3497859 INFO 195/300 starting... lr: 0.0009000000000000001 para:0.01
2026-07-17 15:14:53,365 P3497859 INFO Epoch 195/300, all_loss:0.22756 cls_loss:0.20823 rec_loss:2.14133 [4.29s]; best loss:0.16285, patience : 6
2026-07-17 15:14:54,680 P3497859 INFO pr:0.9840  rc:0.9870  auc:0.9986 ap:0.9963 f1: 0.9855 pred_right: 43547 pred_wrong:3253 actu_right: 43557 actu_wrong: 3243
2026-07-17 15:14:55,229 P3497859 INFO pr:0.9802  rc:0.9729  auc:0.9960 ap:0.9951 f1: 0.9765 pred_right: 17884 pred_wrong:1316 actu_right: 17874 actu_wrong: 1326
2026-07-17 15:14:55,229 P3497859 INFO ----------------------------------------------------------------------------------------------------
2026-07-17 15:14:55,229 P3497859 INFO 196/300 starting... lr: 0.0009000000000000001 para:0.01
2026-07-17 15:15:00,615 P3497859 INFO Epoch 196/300, all_loss:0.29984 cls_loss:0.28097 rec_loss:2.16765 [5.38s]; best loss:0.16285, patience : 7
2026-07-17 15:15:03,294 P3497859 INFO pr:0.9813  rc:0.9889  auc:0.9990 ap:0.9970 f1: 0.9851 pred_right: 43535 pred_wrong:3265 actu_right: 43560 actu_wrong: 3240
2026-07-17 15:15:04,501 P3497859 INFO pr:0.9729  rc:0.9759  auc:0.9969 ap:0.9952 f1: 0.9744 pred_right: 17870 pred_wrong:1330 actu_right: 17874 actu_wrong: 1326
2026-07-17 15:15:04,502 P3497859 INFO ----------------------------------------------------------------------------------------------------
2026-07-17 15:15:04,502 P3497859 INFO 197/300 starting... lr: 0.0009000000000000001 para:0.01
2026-07-17 15:15:14,080 P3497859 INFO Epoch 197/300, all_loss:0.21863 cls_loss:0.19856 rec_loss:2.20579 [9.58s]; best loss:0.16285, patience : 7
2026-07-17 15:15:15,559 P3497859 INFO pr:0.9904  rc:0.9836  auc:0.9987 ap:0.9971 f1: 0.9870 pred_right: 43581 pred_wrong:3219 actu_right: 43559 actu_wrong: 3241
2026-07-17 15:15:16,133 P3497859 INFO pr:0.9861  rc:0.9646  auc:0.9961 ap:0.9937 f1: 0.9752 pred_right: 17903 pred_wrong:1297 actu_right: 17874 actu_wrong: 1326
2026-07-17 15:15:16,133 P3497859 INFO ----------------------------------------------------------------------------------------------------
2026-07-17 15:15:16,133 P3497859 INFO 198/300 starting... lr: 0.0009000000000000001 para:0.01
2026-07-17 15:15:21,517 P3497859 INFO Epoch 198/300, all_loss:0.22347 cls_loss:0.20405 rec_loss:2.14643 [5.38s]; best loss:0.16285, patience : 8
2026-07-17 15:15:22,926 P3497859 INFO pr:0.9864  rc:0.9864  auc:0.9993 ap:0.9975 f1: 0.9864 pred_right: 43557 pred_wrong:3243 actu_right: 43557 actu_wrong: 3243
2026-07-17 15:15:23,497 P3497859 INFO pr:0.9840  rc:0.9729  auc:0.9973 ap:0.9953 f1: 0.9784 pred_right: 17889 pred_wrong:1311 actu_right: 17874 actu_wrong: 1326
2026-07-17 15:15:23,497 P3497859 INFO ----------------------------------------------------------------------------------------------------
2026-07-17 15:15:23,497 P3497859 INFO 199/300 starting... lr: 0.0009000000000000001 para:0.01
2026-07-17 15:15:28,610 P3497859 INFO Epoch 199/300, all_loss:0.18239 cls_loss:0.16222 rec_loss:2.17956 [5.11s]; best loss:0.16285, patience : 8
2026-07-17 15:15:29,855 P3497859 INFO pr:0.9849  rc:0.9867  auc:0.9990 ap:0.9967 f1: 0.9858 pred_right: 43555 pred_wrong:3245 actu_right: 43561 actu_wrong: 3239
2026-07-17 15:15:30,403 P3497859 INFO pr:0.9795  rc:0.9736  auc:0.9971 ap:0.9957 f1: 0.9766 pred_right: 17882 pred_wrong:1318 actu_right: 17874 actu_wrong: 1326
2026-07-17 15:15:30,403 P3497859 INFO ----------------------------------------------------------------------------------------------------
2026-07-17 15:15:30,403 P3497859 INFO 200/300 starting... lr: 0.0008100000000000001 para:0.01
2026-07-17 15:15:35,745 P3497859 INFO Epoch 200/300, all_loss:0.20916 cls_loss:0.18890 rec_loss:2.21500 [5.34s]; best loss:0.16285, patience : 9
2026-07-17 15:15:37,119 P3497859 INFO pr:0.9799  rc:0.9920  auc:0.9993 ap:0.9976 f1: 0.9859 pred_right: 43521 pred_wrong:3279 actu_right: 43561 actu_wrong: 3239
2026-07-17 15:15:37,667 P3497859 INFO pr:0.9666  rc:0.9827  auc:0.9969 ap:0.9954 f1: 0.9746 pred_right: 17852 pred_wrong:1348 actu_right: 17874 actu_wrong: 1326
2026-07-17 15:15:37,668 P3497859 INFO ----------------------------------------------------------------------------------------------------
2026-07-17 15:15:37,668 P3497859 INFO 201/300 starting... lr: 0.0008100000000000001 para:0.01
2026-07-17 15:15:42,924 P3497859 INFO Epoch 201/300, all_loss:0.14522 cls_loss:0.12415 rec_loss:2.23072 [5.22s]; best loss:0.14522, patience : 0
2026-07-17 15:15:44,274 P3497859 INFO pr:0.9876  rc:0.9880  auc:0.9988 ap:0.9980 f1: 0.9878 pred_right: 43562 pred_wrong:3238 actu_right: 43563 actu_wrong: 3237
2026-07-17 15:15:44,826 P3497859 INFO pr:0.9803  rc:0.9774  auc:0.9978 ap:0.9965 f1: 0.9789 pred_right: 17878 pred_wrong:1322 actu_right: 17874 actu_wrong: 1326
2026-07-17 15:15:44,826 P3497859 INFO ----------------------------------------------------------------------------------------------------
2026-07-17 15:15:44,826 P3497859 INFO 202/300 starting... lr: 0.0008100000000000001 para:0.01
2026-07-17 15:15:50,136 P3497859 INFO Epoch 202/300, all_loss:0.14111 cls_loss:0.12018 rec_loss:2.21307 [5.28s]; best loss:0.14111, patience : 0
2026-07-17 15:15:51,508 P3497859 INFO pr:0.9852  rc:0.9870  auc:0.9988 ap:0.9967 f1: 0.9861 pred_right: 43552 pred_wrong:3248 actu_right: 43558 actu_wrong: 3242
2026-07-17 15:15:52,094 P3497859 INFO pr:0.9758  rc:0.9721  auc:0.9973 ap:0.9956 f1: 0.9739 pred_right: 17879 pred_wrong:1321 actu_right: 17874 actu_wrong: 1326
2026-07-17 15:15:52,094 P3497859 INFO ----------------------------------------------------------------------------------------------------
2026-07-17 15:15:52,094 P3497859 INFO 203/300 starting... lr: 0.0008100000000000001 para:0.01
2026-07-17 15:15:57,499 P3497859 INFO Epoch 203/300, all_loss:0.16365 cls_loss:0.14280 rec_loss:2.22777 [5.40s]; best loss:0.14111, patience : 1
2026-07-17 15:15:58,849 P3497859 INFO pr:0.9889  rc:0.9864  auc:0.9989 ap:0.9977 f1: 0.9876 pred_right: 43566 pred_wrong:3234 actu_right: 43558 actu_wrong: 3242
2026-07-17 15:15:59,401 P3497859 INFO pr:0.9840  rc:0.9729  auc:0.9979 ap:0.9965 f1: 0.9784 pred_right: 17889 pred_wrong:1311 actu_right: 17874 actu_wrong: 1326
2026-07-17 15:15:59,401 P3497859 INFO ----------------------------------------------------------------------------------------------------
2026-07-17 15:15:59,401 P3497859 INFO 204/300 starting... lr: 0.0008100000000000001 para:0.01
2026-07-17 15:16:04,442 P3497859 INFO Epoch 204/300, all_loss:0.17026 cls_loss:0.14948 rec_loss:2.22752 [5.04s]; best loss:0.14111, patience : 2
2026-07-17 15:16:05,823 P3497859 INFO pr:0.9892  rc:0.9867  auc:0.9990 ap:0.9981 f1: 0.9880 pred_right: 43566 pred_wrong:3234 actu_right: 43558 actu_wrong: 3242
2026-07-17 15:16:06,407 P3497859 INFO pr:0.9795  rc:0.9729  auc:0.9975 ap:0.9957 f1: 0.9762 pred_right: 17883 pred_wrong:1317 actu_right: 17874 actu_wrong: 1326
2026-07-17 15:16:06,407 P3497859 INFO ----------------------------------------------------------------------------------------------------
2026-07-17 15:16:06,408 P3497859 INFO 205/300 starting... lr: 0.0008100000000000001 para:0.01
2026-07-17 15:16:11,485 P3497859 INFO Epoch 205/300, all_loss:0.16621 cls_loss:0.14522 rec_loss:2.24420 [5.08s]; best loss:0.14111, patience : 2
2026-07-17 15:16:12,769 P3497859 INFO pr:0.9880  rc:0.9874  auc:0.9990 ap:0.9981 f1: 0.9877 pred_right: 43559 pred_wrong:3241 actu_right: 43557 actu_wrong: 3243
2026-07-17 15:16:13,960 P3497859 INFO pr:0.9818  rc:0.9751  auc:0.9979 ap:0.9960 f1: 0.9784 pred_right: 17883 pred_wrong:1317 actu_right: 17874 actu_wrong: 1326
2026-07-17 15:16:13,960 P3497859 INFO ----------------------------------------------------------------------------------------------------
2026-07-17 15:16:13,961 P3497859 INFO 206/300 starting... lr: 0.0008100000000000001 para:0.01
2026-07-17 15:16:18,978 P3497859 INFO Epoch 206/300, all_loss:0.09682 cls_loss:0.07485 rec_loss:2.27169 [5.00s]; best loss:0.09682, patience : 0
2026-07-17 15:16:19,993 P3497859 INFO pr:0.9832  rc:0.9911  auc:0.9990 ap:0.9976 f1: 0.9871 pred_right: 43531 pred_wrong:3269 actu_right: 43557 actu_wrong: 3243
2026-07-17 15:16:20,459 P3497859 INFO pr:0.9752  rc:0.9781  auc:0.9974 ap:0.9955 f1: 0.9767 pred_right: 17870 pred_wrong:1330 actu_right: 17874 actu_wrong: 1326
2026-07-17 15:16:20,460 P3497859 INFO ----------------------------------------------------------------------------------------------------
2026-07-17 15:16:20,460 P3497859 INFO 207/300 starting... lr: 0.0008100000000000001 para:0.01
2026-07-17 15:16:25,154 P3497859 INFO Epoch 207/300, all_loss:0.16192 cls_loss:0.14014 rec_loss:2.31786 [4.69s]; best loss:0.09682, patience : 1
2026-07-17 15:16:26,311 P3497859 INFO pr:0.9808  rc:0.9910  auc:0.9990 ap:0.9976 f1: 0.9859 pred_right: 43527 pred_wrong:3273 actu_right: 43561 actu_wrong: 3239
2026-07-17 15:16:26,796 P3497859 INFO pr:0.9680  rc:0.9811  auc:0.9977 ap:0.9957 f1: 0.9745 pred_right: 17856 pred_wrong:1344 actu_right: 17874 actu_wrong: 1326
2026-07-17 15:16:26,797 P3497859 INFO ----------------------------------------------------------------------------------------------------
2026-07-17 15:16:26,797 P3497859 INFO 208/300 starting... lr: 0.0008100000000000001 para:0.01
2026-07-17 15:16:37,170 P3497859 INFO Epoch 208/300, all_loss:0.13623 cls_loss:0.11446 rec_loss:2.29158 [10.37s]; best loss:0.09682, patience : 1
2026-07-17 15:16:39,533 P3497859 INFO pr:0.9874  rc:0.9886  auc:0.9987 ap:0.9977 f1: 0.9880 pred_right: 43556 pred_wrong:3244 actu_right: 43560 actu_wrong: 3240
2026-07-17 15:16:40,240 P3497859 INFO pr:0.9788  rc:0.9744  auc:0.9969 ap:0.9947 f1: 0.9766 pred_right: 17880 pred_wrong:1320 actu_right: 17874 actu_wrong: 1326
2026-07-17 15:16:40,241 P3497859 INFO ----------------------------------------------------------------------------------------------------
2026-07-17 15:16:40,241 P3497859 INFO 209/300 starting... lr: 0.0008100000000000001 para:0.01
2026-07-17 15:16:46,049 P3497859 INFO Epoch 209/300, all_loss:0.17177 cls_loss:0.15052 rec_loss:2.27531 [5.81s]; best loss:0.09682, patience : 2
2026-07-17 15:16:47,422 P3497859 INFO pr:0.9756  rc:0.9889  auc:0.9987 ap:0.9968 f1: 0.9822 pred_right: 43518 pred_wrong:3282 actu_right: 43562 actu_wrong: 3238
2026-07-17 15:16:47,986 P3497859 INFO pr:0.9658  rc:0.9796  auc:0.9969 ap:0.9937 f1: 0.9727 pred_right: 17855 pred_wrong:1345 actu_right: 17874 actu_wrong: 1326
2026-07-17 15:16:47,987 P3497859 INFO ----------------------------------------------------------------------------------------------------
2026-07-17 15:16:47,987 P3497859 INFO 210/300 starting... lr: 0.0008100000000000001 para:0.01
2026-07-17 15:16:53,265 P3497859 INFO Epoch 210/300, all_loss:0.18334 cls_loss:0.16195 rec_loss:2.30085 [5.28s]; best loss:0.09682, patience : 3
2026-07-17 15:16:54,614 P3497859 INFO pr:0.9883  rc:0.9895  auc:0.9991 ap:0.9978 f1: 0.9889 pred_right: 43554 pred_wrong:3246 actu_right: 43558 actu_wrong: 3242
2026-07-17 15:16:55,183 P3497859 INFO pr:0.9826  rc:0.9796  auc:0.9969 ap:0.9950 f1: 0.9811 pred_right: 17878 pred_wrong:1322 actu_right: 17874 actu_wrong: 1326
2026-07-17 15:16:55,183 P3497859 INFO ----------------------------------------------------------------------------------------------------
2026-07-17 15:16:55,183 P3497859 INFO 211/300 starting... lr: 0.0008100000000000001 para:0.01
2026-07-17 15:17:00,666 P3497859 INFO Epoch 211/300, all_loss:0.14581 cls_loss:0.12401 rec_loss:2.30374 [5.48s]; best loss:0.09682, patience : 3
2026-07-17 15:17:02,001 P3497859 INFO pr:0.9861  rc:0.9654  auc:0.9959 ap:0.9955 f1: 0.9757 pred_right: 43628 pred_wrong:3172 actu_right: 43560 actu_wrong: 3240
2026-07-17 15:17:02,547 P3497859 INFO pr:0.9765  rc:0.9419  auc:0.9913 ap:0.9914 f1: 0.9589 pred_right: 17921 pred_wrong:1279 actu_right: 17874 actu_wrong: 1326
2026-07-17 15:17:02,547 P3497859 INFO ----------------------------------------------------------------------------------------------------
2026-07-17 15:17:02,547 P3497859 INFO 212/300 starting... lr: 0.0008100000000000001 para:0.01
2026-07-17 15:17:07,705 P3497859 INFO Epoch 212/300, all_loss:0.14393 cls_loss:0.12194 rec_loss:2.32053 [5.16s]; best loss:0.09682, patience : 3
2026-07-17 15:17:09,032 P3497859 INFO pr:0.9816  rc:0.9904  auc:0.9988 ap:0.9973 f1: 0.9860 pred_right: 43531 pred_wrong:3269 actu_right: 43560 actu_wrong: 3240
2026-07-17 15:17:09,598 P3497859 INFO pr:0.9767  rc:0.9781  auc:0.9965 ap:0.9944 f1: 0.9774 pred_right: 17872 pred_wrong:1328 actu_right: 17874 actu_wrong: 1326
2026-07-17 15:17:09,598 P3497859 INFO ----------------------------------------------------------------------------------------------------
2026-07-17 15:17:09,598 P3497859 INFO 213/300 starting... lr: 0.0008100000000000001 para:0.01
2026-07-17 15:17:14,727 P3497859 INFO Epoch 213/300, all_loss:0.31334 cls_loss:0.29359 rec_loss:2.26849 [5.13s]; best loss:0.09682, patience : 4
2026-07-17 15:17:16,057 P3497859 INFO pr:0.9882  rc:0.9833  auc:0.9978 ap:0.9972 f1: 0.9858 pred_right: 43579 pred_wrong:3221 actu_right: 43563 actu_wrong: 3237
2026-07-17 15:17:16,608 P3497859 INFO pr:0.9735  rc:0.9698  auc:0.9959 ap:0.9945 f1: 0.9717 pred_right: 17879 pred_wrong:1321 actu_right: 17874 actu_wrong: 1326
2026-07-17 15:17:16,608 P3497859 INFO ----------------------------------------------------------------------------------------------------
2026-07-17 15:17:16,608 P3497859 INFO 214/300 starting... lr: 0.0008100000000000001 para:0.01
2026-07-17 15:17:21,996 P3497859 INFO Epoch 214/300, all_loss:0.23580 cls_loss:0.21556 rec_loss:2.23964 [5.39s]; best loss:0.09682, patience : 4
2026-07-17 15:17:23,365 P3497859 INFO pr:0.9847  rc:0.9907  auc:0.9991 ap:0.9974 f1: 0.9877 pred_right: 43540 pred_wrong:3260 actu_right: 43560 actu_wrong: 3240
2026-07-17 15:17:23,919 P3497859 INFO pr:0.9730  rc:0.9781  auc:0.9974 ap:0.9947 f1: 0.9756 pred_right: 17867 pred_wrong:1333 actu_right: 17874 actu_wrong: 1326
2026-07-17 15:17:23,919 P3497859 INFO ----------------------------------------------------------------------------------------------------
2026-07-17 15:17:23,919 P3497859 INFO 215/300 starting... lr: 0.0008100000000000001 para:0.01
2026-07-17 15:17:29,096 P3497859 INFO Epoch 215/300, all_loss:0.27444 cls_loss:0.25446 rec_loss:2.25248 [5.18s]; best loss:0.09682, patience : 5
2026-07-17 15:17:30,463 P3497859 INFO pr:0.9904  rc:0.9874  auc:0.9987 ap:0.9977 f1: 0.9889 pred_right: 43567 pred_wrong:3233 actu_right: 43557 actu_wrong: 3243
2026-07-17 15:17:31,021 P3497859 INFO pr:0.9818  rc:0.9774  auc:0.9960 ap:0.9957 f1: 0.9796 pred_right: 17880 pred_wrong:1320 actu_right: 17874 actu_wrong: 1326
2026-07-17 15:17:31,022 P3497859 INFO ----------------------------------------------------------------------------------------------------
2026-07-17 15:17:31,022 P3497859 INFO 216/300 starting... lr: 0.0008100000000000001 para:0.01
2026-07-17 15:17:36,240 P3497859 INFO Epoch 216/300, all_loss:0.21195 cls_loss:0.19191 rec_loss:2.19616 [5.22s]; best loss:0.09682, patience : 5
2026-07-17 15:17:37,583 P3497859 INFO pr:0.9868  rc:0.9910  auc:0.9988 ap:0.9968 f1: 0.9889 pred_right: 43547 pred_wrong:3253 actu_right: 43561 actu_wrong: 3239
2026-07-17 15:17:38,146 P3497859 INFO pr:0.9818  rc:0.9774  auc:0.9963 ap:0.9936 f1: 0.9796 pred_right: 17880 pred_wrong:1320 actu_right: 17874 actu_wrong: 1326
2026-07-17 15:17:38,147 P3497859 INFO ----------------------------------------------------------------------------------------------------
2026-07-17 15:17:38,147 P3497859 INFO 217/300 starting... lr: 0.0008100000000000001 para:0.01
2026-07-17 15:17:44,119 P3497859 INFO Epoch 217/300, all_loss:0.17094 cls_loss:0.15035 rec_loss:2.20999 [5.97s]; best loss:0.09682, patience : 5
2026-07-17 15:17:45,251 P3497859 INFO pr:0.9926  rc:0.9886  auc:0.9988 ap:0.9979 f1: 0.9906 pred_right: 43575 pred_wrong:3225 actu_right: 43562 actu_wrong: 3238
2026-07-17 15:17:45,747 P3497859 INFO pr:0.9893  rc:0.9744  auc:0.9963 ap:0.9949 f1: 0.9818 pred_right: 17894 pred_wrong:1306 actu_right: 17874 actu_wrong: 1326
2026-07-17 15:17:45,770 P3497859 INFO ----------------------------------------------------------------------------------------------------
2026-07-17 15:17:45,770 P3497859 INFO 218/300 starting... lr: 0.0008100000000000001 para:0.01
2026-07-17 15:17:50,143 P3497859 INFO Epoch 218/300, all_loss:0.16801 cls_loss:0.14680 rec_loss:2.26786 [4.37s]; best loss:0.09682, patience : 5
2026-07-17 15:17:51,423 P3497859 INFO pr:0.9898  rc:0.9880  auc:0.9989 ap:0.9979 f1: 0.9889 pred_right: 43568 pred_wrong:3232 actu_right: 43562 actu_wrong: 3238
2026-07-17 15:17:51,953 P3497859 INFO pr:0.9781  rc:0.9751  auc:0.9961 ap:0.9949 f1: 0.9766 pred_right: 17878 pred_wrong:1322 actu_right: 17874 actu_wrong: 1326
2026-07-17 15:17:51,954 P3497859 INFO ----------------------------------------------------------------------------------------------------
2026-07-17 15:17:51,954 P3497859 INFO 219/300 starting... lr: 0.0008100000000000001 para:0.01
2026-07-17 15:17:58,476 P3497859 INFO Epoch 219/300, all_loss:0.12938 cls_loss:0.10830 rec_loss:2.21542 [6.52s]; best loss:0.09682, patience : 5
2026-07-17 15:18:01,281 P3497859 INFO pr:0.9904  rc:0.9886  auc:0.9991 ap:0.9978 f1: 0.9895 pred_right: 43567 pred_wrong:3233 actu_right: 43561 actu_wrong: 3239
2026-07-17 15:18:02,539 P3497859 INFO pr:0.9855  rc:0.9766  auc:0.9979 ap:0.9964 f1: 0.9811 pred_right: 17886 pred_wrong:1314 actu_right: 17874 actu_wrong: 1326
2026-07-17 15:18:02,539 P3497859 INFO ----------------------------------------------------------------------------------------------------
2026-07-17 15:18:02,539 P3497859 INFO 220/300 starting... lr: 0.0008100000000000001 para:0.01
2026-07-17 15:18:10,637 P3497859 INFO Epoch 220/300, all_loss:0.15880 cls_loss:0.13734 rec_loss:2.28399 [8.09s]; best loss:0.09682, patience : 6
2026-07-17 15:18:12,073 P3497859 INFO pr:0.9889  rc:0.9864  auc:0.9990 ap:0.9977 f1: 0.9876 pred_right: 43567 pred_wrong:3233 actu_right: 43559 actu_wrong: 3241
2026-07-17 15:18:12,736 P3497859 INFO pr:0.9825  rc:0.9736  auc:0.9983 ap:0.9960 f1: 0.9780 pred_right: 17886 pred_wrong:1314 actu_right: 17874 actu_wrong: 1326
2026-07-17 15:18:12,737 P3497859 INFO ----------------------------------------------------------------------------------------------------
2026-07-17 15:18:12,737 P3497859 INFO 221/300 starting... lr: 0.0008100000000000001 para:0.01
2026-07-17 15:18:18,161 P3497859 INFO Epoch 221/300, all_loss:0.12928 cls_loss:0.10741 rec_loss:2.29491 [5.42s]; best loss:0.09682, patience : 6
2026-07-17 15:18:19,480 P3497859 INFO pr:0.9862  rc:0.9901  auc:0.9988 ap:0.9974 f1: 0.9881 pred_right: 43548 pred_wrong:3252 actu_right: 43561 actu_wrong: 3239
2026-07-17 15:18:20,019 P3497859 INFO pr:0.9774  rc:0.9766  auc:0.9975 ap:0.9960 f1: 0.9770 pred_right: 17875 pred_wrong:1325 actu_right: 17874 actu_wrong: 1326
2026-07-17 15:18:20,020 P3497859 INFO ----------------------------------------------------------------------------------------------------
2026-07-17 15:18:20,020 P3497859 INFO 222/300 starting... lr: 0.0008100000000000001 para:0.01
2026-07-17 15:18:25,214 P3497859 INFO Epoch 222/300, all_loss:0.18108 cls_loss:0.15966 rec_loss:2.30147 [5.19s]; best loss:0.09682, patience : 7
2026-07-17 15:18:26,560 P3497859 INFO pr:0.9807  rc:0.9886  auc:0.9990 ap:0.9967 f1: 0.9846 pred_right: 43534 pred_wrong:3266 actu_right: 43560 actu_wrong: 3240
2026-07-17 15:18:27,118 P3497859 INFO pr:0.9744  rc:0.9751  auc:0.9965 ap:0.9938 f1: 0.9747 pred_right: 17873 pred_wrong:1327 actu_right: 17874 actu_wrong: 1326
2026-07-17 15:18:27,118 P3497859 INFO ----------------------------------------------------------------------------------------------------
2026-07-17 15:18:27,118 P3497859 INFO 223/300 starting... lr: 0.0008100000000000001 para:0.01
2026-07-17 15:18:32,276 P3497859 INFO Epoch 223/300, all_loss:0.14453 cls_loss:0.12287 rec_loss:2.28852 [5.16s]; best loss:0.09682, patience : 7
2026-07-17 15:18:33,541 P3497859 INFO pr:0.9798  rc:0.9870  auc:0.9984 ap:0.9963 f1: 0.9834 pred_right: 43533 pred_wrong:3267 actu_right: 43557 actu_wrong: 3243
2026-07-17 15:18:34,069 P3497859 INFO pr:0.9714  rc:0.9744  auc:0.9965 ap:0.9945 f1: 0.9729 pred_right: 17870 pred_wrong:1330 actu_right: 17874 actu_wrong: 1326
2026-07-17 15:18:34,070 P3497859 INFO ----------------------------------------------------------------------------------------------------
2026-07-17 15:18:34,070 P3497859 INFO 224/300 starting... lr: 0.0008100000000000001 para:0.01
2026-07-17 15:18:39,249 P3497859 INFO Epoch 224/300, all_loss:0.31125 cls_loss:0.29155 rec_loss:2.26225 [5.18s]; best loss:0.09682, patience : 8
2026-07-17 15:18:40,653 P3497859 INFO pr:0.9907  rc:0.9849  auc:0.9988 ap:0.9984 f1: 0.9878 pred_right: 43577 pred_wrong:3223 actu_right: 43558 actu_wrong: 3242
2026-07-17 15:18:41,195 P3497859 INFO pr:0.9885  rc:0.9729  auc:0.9969 ap:0.9958 f1: 0.9806 pred_right: 17895 pred_wrong:1305 actu_right: 17874 actu_wrong: 1326
2026-07-17 15:18:41,195 P3497859 INFO ----------------------------------------------------------------------------------------------------
2026-07-17 15:18:41,196 P3497859 INFO 225/300 starting... lr: 0.0008100000000000001 para:0.01
2026-07-17 15:18:46,599 P3497859 INFO Epoch 225/300, all_loss:0.22805 cls_loss:0.20745 rec_loss:2.26698 [5.40s]; best loss:0.09682, patience : 8
2026-07-17 15:18:47,982 P3497859 INFO pr:0.9836  rc:0.9846  auc:0.9989 ap:0.9981 f1: 0.9841 pred_right: 43559 pred_wrong:3241 actu_right: 43562 actu_wrong: 3238
2026-07-17 15:18:48,535 P3497859 INFO pr:0.9757  rc:0.9706  auc:0.9970 ap:0.9958 f1: 0.9732 pred_right: 17881 pred_wrong:1319 actu_right: 17874 actu_wrong: 1326
2026-07-17 15:18:48,535 P3497859 INFO ----------------------------------------------------------------------------------------------------
2026-07-17 15:18:48,535 P3497859 INFO 226/300 starting... lr: 0.0008100000000000001 para:0.01
2026-07-17 15:18:53,716 P3497859 INFO Epoch 226/300, all_loss:0.13132 cls_loss:0.10969 rec_loss:2.27305 [5.18s]; best loss:0.09682, patience : 8
2026-07-17 15:18:55,001 P3497859 INFO pr:0.9874  rc:0.9895  auc:0.9988 ap:0.9977 f1: 0.9884 pred_right: 43551 pred_wrong:3249 actu_right: 43558 actu_wrong: 3242
2026-07-17 15:18:55,555 P3497859 INFO pr:0.9833  rc:0.9751  auc:0.9960 ap:0.9952 f1: 0.9792 pred_right: 17885 pred_wrong:1315 actu_right: 17874 actu_wrong: 1326
2026-07-17 15:18:55,556 P3497859 INFO ----------------------------------------------------------------------------------------------------
2026-07-17 15:18:55,563 P3497859 INFO 227/300 starting... lr: 0.0008100000000000001 para:0.01
2026-07-17 15:19:00,625 P3497859 INFO Epoch 227/300, all_loss:0.17170 cls_loss:0.15027 rec_loss:2.29347 [5.06s]; best loss:0.09682, patience : 9
2026-07-17 15:19:01,980 P3497859 INFO pr:0.9772  rc:0.9907  auc:0.9991 ap:0.9974 f1: 0.9839 pred_right: 43515 pred_wrong:3285 actu_right: 43560 actu_wrong: 3240
2026-07-17 15:19:02,502 P3497859 INFO pr:0.9623  rc:0.9811  auc:0.9971 ap:0.9952 f1: 0.9716 pred_right: 17848 pred_wrong:1352 actu_right: 17874 actu_wrong: 1326
2026-07-17 15:19:02,502 P3497859 INFO ----------------------------------------------------------------------------------------------------
2026-07-17 15:19:02,502 P3497859 INFO 228/300 starting... lr: 0.0008100000000000001 para:0.01
2026-07-17 15:19:07,760 P3497859 INFO Epoch 228/300, all_loss:0.16266 cls_loss:0.14145 rec_loss:2.26188 [5.26s]; best loss:0.09682, patience : 9
2026-07-17 15:19:09,218 P3497859 INFO pr:0.9864  rc:0.9883  auc:0.9987 ap:0.9977 f1: 0.9874 pred_right: 43554 pred_wrong:3246 actu_right: 43560 actu_wrong: 3240
2026-07-17 15:19:10,855 P3497859 INFO pr:0.9736  rc:0.9751  auc:0.9960 ap:0.9943 f1: 0.9744 pred_right: 17872 pred_wrong:1328 actu_right: 17874 actu_wrong: 1326
2026-07-17 15:19:10,855 P3497859 INFO ----------------------------------------------------------------------------------------------------
2026-07-17 15:19:10,856 P3497859 INFO 229/300 starting... lr: 0.0008100000000000001 para:0.01
2026-07-17 15:19:15,287 P3497859 INFO Epoch 229/300, all_loss:0.18682 cls_loss:0.16592 rec_loss:2.25621 [4.43s]; best loss:0.09682, patience : 10
2026-07-17 15:19:16,299 P3497859 INFO pr:0.9840  rc:0.9907  auc:0.9991 ap:0.9977 f1: 0.9874 pred_right: 43540 pred_wrong:3260 actu_right: 43562 actu_wrong: 3238
2026-07-17 15:19:16,742 P3497859 INFO pr:0.9752  rc:0.9796  auc:0.9968 ap:0.9946 f1: 0.9774 pred_right: 17868 pred_wrong:1332 actu_right: 17874 actu_wrong: 1326
2026-07-17 15:19:16,743 P3497859 INFO ----------------------------------------------------------------------------------------------------
2026-07-17 15:19:16,743 P3497859 INFO 230/300 starting... lr: 0.0008100000000000001 para:0.01
2026-07-17 15:19:21,521 P3497859 INFO Epoch 230/300, all_loss:0.17505 cls_loss:0.15478 rec_loss:2.18193 [4.78s]; best loss:0.09682, patience : 10
2026-07-17 15:19:22,642 P3497859 INFO pr:0.9824  rc:0.9824  auc:0.9978 ap:0.9947 f1: 0.9824 pred_right: 43554 pred_wrong:3246 actu_right: 43554 actu_wrong: 3246
2026-07-17 15:19:23,116 P3497859 INFO pr:0.9756  rc:0.9661  auc:0.9943 ap:0.9910 f1: 0.9708 pred_right: 17887 pred_wrong:1313 actu_right: 17874 actu_wrong: 1326
2026-07-17 15:19:23,116 P3497859 INFO ----------------------------------------------------------------------------------------------------
2026-07-17 15:19:23,116 P3497859 INFO 231/300 starting... lr: 0.0008100000000000001 para:0.01
2026-07-17 15:19:34,021 P3497859 INFO Epoch 231/300, all_loss:0.15203 cls_loss:0.13085 rec_loss:2.24840 [10.90s]; best loss:0.09682, patience : 10
2026-07-17 15:19:36,134 P3497859 INFO pr:0.9865  rc:0.9901  auc:0.9989 ap:0.9983 f1: 0.9883 pred_right: 43547 pred_wrong:3253 actu_right: 43559 actu_wrong: 3241
2026-07-17 15:19:36,837 P3497859 INFO pr:0.9759  rc:0.9766  auc:0.9964 ap:0.9944 f1: 0.9763 pred_right: 17873 pred_wrong:1327 actu_right: 17874 actu_wrong: 1326
2026-07-17 15:19:36,838 P3497859 INFO ----------------------------------------------------------------------------------------------------
2026-07-17 15:19:36,838 P3497859 INFO 232/300 starting... lr: 0.0008100000000000001 para:0.01
2026-07-17 15:19:42,415 P3497859 INFO Epoch 232/300, all_loss:0.12035 cls_loss:0.09858 rec_loss:2.27589 [5.57s]; best loss:0.09682, patience : 10
2026-07-17 15:19:43,681 P3497859 INFO pr:0.9852  rc:0.9886  auc:0.9988 ap:0.9978 f1: 0.9869 pred_right: 43546 pred_wrong:3254 actu_right: 43557 actu_wrong: 3243
2026-07-17 15:19:44,225 P3497859 INFO pr:0.9751  rc:0.9744  auc:0.9966 ap:0.9945 f1: 0.9747 pred_right: 17875 pred_wrong:1325 actu_right: 17874 actu_wrong: 1326
2026-07-17 15:19:44,225 P3497859 INFO ----------------------------------------------------------------------------------------------------
2026-07-17 15:19:44,225 P3497859 INFO 233/300 starting... lr: 0.0008100000000000001 para:0.01
2026-07-17 15:19:49,421 P3497859 INFO Epoch 233/300, all_loss:0.21048 cls_loss:0.18920 rec_loss:2.31659 [5.19s]; best loss:0.09682, patience : 11
2026-07-17 15:19:50,794 P3497859 INFO pr:0.9919  rc:0.9870  auc:0.9985 ap:0.9978 f1: 0.9895 pred_right: 43576 pred_wrong:3224 actu_right: 43560 actu_wrong: 3240
2026-07-17 15:19:51,372 P3497859 INFO pr:0.9870  rc:0.9713  auc:0.9953 ap:0.9948 f1: 0.9791 pred_right: 17895 pred_wrong:1305 actu_right: 17874 actu_wrong: 1326
2026-07-17 15:19:51,372 P3497859 INFO ----------------------------------------------------------------------------------------------------
2026-07-17 15:19:51,372 P3497859 INFO 234/300 starting... lr: 0.0008100000000000001 para:0.01
2026-07-17 15:19:56,636 P3497859 INFO Epoch 234/300, all_loss:0.19509 cls_loss:0.17395 rec_loss:2.28742 [5.26s]; best loss:0.09682, patience : 11
2026-07-17 15:19:57,990 P3497859 INFO pr:0.9883  rc:0.9867  auc:0.9986 ap:0.9967 f1: 0.9875 pred_right: 43562 pred_wrong:3238 actu_right: 43557 actu_wrong: 3243
2026-07-17 15:19:58,527 P3497859 INFO pr:0.9802  rc:0.9713  auc:0.9959 ap:0.9949 f1: 0.9758 pred_right: 17886 pred_wrong:1314 actu_right: 17874 actu_wrong: 1326
2026-07-17 15:19:58,528 P3497859 INFO ----------------------------------------------------------------------------------------------------
2026-07-17 15:19:58,528 P3497859 INFO 235/300 starting... lr: 0.0008100000000000001 para:0.01
2026-07-17 15:20:03,716 P3497859 INFO Epoch 235/300, all_loss:0.22514 cls_loss:0.20471 rec_loss:2.24697 [5.19s]; best loss:0.09682, patience : 12
2026-07-17 15:20:05,009 P3497859 INFO pr:0.9868  rc:0.9892  auc:0.9991 ap:0.9980 f1: 0.9880 pred_right: 43550 pred_wrong:3250 actu_right: 43558 actu_wrong: 3242
2026-07-17 15:20:05,558 P3497859 INFO pr:0.9818  rc:0.9759  auc:0.9966 ap:0.9951 f1: 0.9788 pred_right: 17882 pred_wrong:1318 actu_right: 17874 actu_wrong: 1326
2026-07-17 15:20:05,558 P3497859 INFO ----------------------------------------------------------------------------------------------------
2026-07-17 15:20:05,558 P3497859 INFO 236/300 starting... lr: 0.0008100000000000001 para:0.01
2026-07-17 15:20:10,748 P3497859 INFO Epoch 236/300, all_loss:0.11384 cls_loss:0.09233 rec_loss:2.24296 [5.19s]; best loss:0.09682, patience : 12
2026-07-17 15:20:12,129 P3497859 INFO pr:0.9826  rc:0.9914  auc:0.9992 ap:0.9973 f1: 0.9869 pred_right: 43529 pred_wrong:3271 actu_right: 43558 actu_wrong: 3242
2026-07-17 15:20:12,692 P3497859 INFO pr:0.9723  rc:0.9789  auc:0.9967 ap:0.9936 f1: 0.9756 pred_right: 17865 pred_wrong:1335 actu_right: 17874 actu_wrong: 1326
2026-07-17 15:20:12,692 P3497859 INFO ----------------------------------------------------------------------------------------------------
2026-07-17 15:20:12,692 P3497859 INFO 237/300 starting... lr: 0.0008100000000000001 para:0.01
2026-07-17 15:20:18,074 P3497859 INFO Epoch 237/300, all_loss:0.14586 cls_loss:0.12473 rec_loss:2.23800 [5.38s]; best loss:0.09682, patience : 13
2026-07-17 15:20:19,423 P3497859 INFO pr:0.9871  rc:0.9914  auc:0.9993 ap:0.9976 f1: 0.9892 pred_right: 43548 pred_wrong:3252 actu_right: 43562 actu_wrong: 3238
2026-07-17 15:20:19,995 P3497859 INFO pr:0.9738  rc:0.9804  auc:0.9977 ap:0.9953 f1: 0.9771 pred_right: 17865 pred_wrong:1335 actu_right: 17874 actu_wrong: 1326
2026-07-17 15:20:19,995 P3497859 INFO ----------------------------------------------------------------------------------------------------
2026-07-17 15:20:19,995 P3497859 INFO 238/300 starting... lr: 0.0008100000000000001 para:0.01
2026-07-17 15:20:25,078 P3497859 INFO Epoch 238/300, all_loss:0.16446 cls_loss:0.14321 rec_loss:2.26903 [5.08s]; best loss:0.09682, patience : 14
2026-07-17 15:20:26,462 P3497859 INFO pr:0.9876  rc:0.9842  auc:0.9987 ap:0.9976 f1: 0.9859 pred_right: 43574 pred_wrong:3226 actu_right: 43563 actu_wrong: 3237
2026-07-17 15:20:27,032 P3497859 INFO pr:0.9848  rc:0.9751  auc:0.9970 ap:0.9961 f1: 0.9799 pred_right: 17887 pred_wrong:1313 actu_right: 17874 actu_wrong: 1326
2026-07-17 15:20:27,032 P3497859 INFO ----------------------------------------------------------------------------------------------------
2026-07-17 15:20:27,032 P3497859 INFO 239/300 starting... lr: 0.0008100000000000001 para:0.01
2026-07-17 15:20:32,202 P3497859 INFO Early stop at epoch: 239
2026-07-17 15:20:32,202 P3497859 INFO saving model...
2026-07-17 15:20:32,202 P3497859 INFO encoder_decoder - loss  best score:0.09681816399097443 at epoch 206
2026-07-17 15:20:32,232 P3497859 INFO encoder_decoder - f1  best score:0.9905616586724432 at epoch 217
2026-07-17 15:20:32,259 P3497859 INFO Average training time per epoch: 5.60 seconds
2026-07-17 15:20:32,262 P3497859 INFO calculate scores...
2026-07-17 15:20:32,262 P3497859 INFO calculate label with loss...
2026-07-17 15:20:32,262 P3497859 INFO encoder_decoder on ./result/encoder_decoder-SN-Epochs300-Seed1ExpNameRQ1_main-lowshow loading...
2026-07-17 15:20:32,871 P3497859 INFO pr:0.9752  rc:0.9781  auc:0.9974 ap:0.9955 f1: 0.9767 pred_right: 17870 pred_wrong:1330 actu_right: 17874 actu_wrong: 1326
2026-07-17 15:20:36,866 P3497859 INFO pr:0.9752  rc:0.9781  auc:0.9974 ap:0.9955 f1: 0.9767 pred_right: 17870 pred_wrong:1330 actu_right: 17874 actu_wrong: 1326
2026-07-17 15:20:36,866 P3497859 INFO Performance Summary:
{'GPU': {'inference_time_per_sample_ms': 0.29913881316612817, 'throughput_samples_per_sec': 3342.929623260373, 'peak_memory_mb': 219.658203125, 'energy_per_sample_joules': 0.03247585568197413}, 'CPU': {'inference_time_per_sample_ms': 2.3398135860123523, 'throughput_samples_per_sec': 427.38447454878605, 'peak_memory_mb': 1973.390625, 'energy_per_sample_joules': 0.1520878830908029}}
2026-07-17 15:20:36,866 P3497859 INFO Starting clean-room hardware benchmarking...
2026-07-17 15:20:40,263 P3497859 INFO Performance with loss: pr:0.9752  rc:0.9781  auc:0.9974 ap:0.9955 f1: 0.9767 pred_right: 17870 pred_wrong:1330 actu_right: 17874 actu_wrong: 1326
2026-07-17 15:20:40,263 P3497859 INFO calculate label with f1...
2026-07-17 15:20:40,263 P3497859 INFO encoder_decoder on ./result/encoder_decoder-SN-Epochs300-Seed1ExpNameRQ1_main-lowshow loading...
2026-07-17 15:20:40,781 P3497859 INFO pr:0.9893  rc:0.9744  auc:0.9963 ap:0.9949 f1: 0.9818 pred_right: 17894 pred_wrong:1306 actu_right: 17874 actu_wrong: 1326
2026-07-17 15:20:43,831 P3497859 INFO pr:0.9893  rc:0.9744  auc:0.9963 ap:0.9949 f1: 0.9818 pred_right: 17894 pred_wrong:1306 actu_right: 17874 actu_wrong: 1326
2026-07-17 15:20:43,831 P3497859 INFO Performance Summary:
{'GPU': {'inference_time_per_sample_ms': 0.2547399256814468, 'throughput_samples_per_sec': 3925.5723158626633, 'peak_memory_mb': 219.02392578125, 'energy_per_sample_joules': 0.03242622724987989}, 'CPU': {'inference_time_per_sample_ms': 1.7790219221381438, 'throughput_samples_per_sec': 562.1066202479029, 'peak_memory_mb': 2019.8359375, 'energy_per_sample_joules': 0.11563642493897935}}
2026-07-17 15:20:43,831 P3497859 INFO Starting clean-room hardware benchmarking...
2026-07-17 15:20:45,936 P3497859 INFO Performance with f1: pr:0.9893  rc:0.9744  auc:0.9963 ap:0.9949 f1: 0.9818 pred_right: 17894 pred_wrong:1306 actu_right: 17874 actu_wrong: 1326
