2026-07-18 17:46:30,280 P327270 INFO ---- Model: ----MSTGAD-85e3d85a----random_seed : 2----req_loss_approach : Legendre-style----rec_lambda : 1.0----auxi_lambda : 0.2----Freq Domain : FITS_Legendre----Multi Fits : false----train : True----evaluate : False
2026-07-18 17:46:30,280 P327270 INFO Load from /home/db2003/Desktop/Amr/Tests/Eadro/codes/chunks/SN
2026-07-18 17:46:31,248 P327270 INFO Fewshot: training with 1.0 of the 70% of the data
2026-07-18 17:46:31,403 P327270 INFO Trainable Parameters Breakdown:
2026-07-18 17:46:31,403 P327270 INFO --------------------------------------------------------------------------------
2026-07-18 17:46:31,404 P327270 INFO Reconstruction-Specific Parameters:
2026-07-18 17:46:31,404 P327270 INFO node_emb.linear.weight                   | shape: (8, 7)                    | params: 56
2026-07-18 17:46:31,404 P327270 INFO node_emb.linear.bias                     | shape: (8,)                      | params: 8
2026-07-18 17:46:31,404 P327270 INFO log_emb.linear.weight                    | shape: (32, 7)                   | params: 224
2026-07-18 17:46:31,404 P327270 INFO log_emb.linear.bias                      | shape: (32,)                     | params: 32
2026-07-18 17:46:31,405 P327270 INFO egde_emb.linear.weight                   | shape: (8, 2)                    | params: 16
2026-07-18 17:46:31,405 P327270 INFO egde_emb.linear.bias                     | shape: (8,)                      | params: 8
2026-07-18 17:46:31,405 P327270 INFO dense_node.weight                        | shape: (7, 8)                    | params: 56
2026-07-18 17:46:31,405 P327270 INFO dense_node.bias                          | shape: (7,)                      | params: 7
2026-07-18 17:46:31,405 P327270 INFO dense_log.weight                         | shape: (7, 32)                   | params: 224
2026-07-18 17:46:31,406 P327270 INFO dense_log.bias                           | shape: (7,)                      | params: 7
2026-07-18 17:46:31,406 P327270 INFO dense_edge.weight                        | shape: (2, 8)                    | params: 16
2026-07-18 17:46:31,406 P327270 INFO dense_edge.bias                          | shape: (2,)                      | params: 2
2026-07-18 17:46:31,406 P327270 INFO linear_attn.Wq.weight                    | shape: (10, 10)                  | params: 100
2026-07-18 17:46:31,406 P327270 INFO linear_attn.Wk.weight                    | shape: (10, 10)                  | params: 100
2026-07-18 17:46:31,407 P327270 INFO linear_attn.Wv.weight                    | shape: (10, 10)                  | params: 100
2026-07-18 17:46:31,407 P327270 INFO linear_attn.out.weight                   | shape: (10, 10)                  | params: 100
2026-07-18 17:46:31,407 P327270 INFO linear_attn.out.bias                     | shape: (10,)                     | params: 10
2026-07-18 17:46:31,407 P327270 INFO linear_attn.norm.weight                  | shape: (10,)                     | params: 10
2026-07-18 17:46:31,408 P327270 INFO linear_attn.norm.bias                    | shape: (10,)                     | params: 10
2026-07-18 17:46:31,408 P327270 INFO shared_fits.normlin_W                    | shape: (5, 5)                    | params: 25
2026-07-18 17:46:31,408 P327270 INFO shared_fits.freq_upsampler.weight        | shape: (5, 5)                    | params: 25
2026-07-18 17:46:31,408 P327270 INFO shared_fits.freq_upsampler.bias          | shape: (5,)                      | params: 5
2026-07-18 17:46:31,408 P327270 INFO modality_proj.node.weight                | shape: (10, 8)                   | params: 80
2026-07-18 17:46:31,409 P327270 INFO modality_proj.node.bias                  | shape: (10,)                     | params: 10
2026-07-18 17:46:31,409 P327270 INFO modality_proj.log.weight                 | shape: (10, 32)                  | params: 320
2026-07-18 17:46:31,409 P327270 INFO modality_proj.log.bias                   | shape: (10,)                     | params: 10
2026-07-18 17:46:31,409 P327270 INFO modality_proj.edge.weight                | shape: (10, 8)                   | params: 80
2026-07-18 17:46:31,409 P327270 INFO modality_proj.edge.bias                  | shape: (10,)                     | params: 10
2026-07-18 17:46:31,409 P327270 INFO modality_proj_out.node.weight            | shape: (8, 10)                   | params: 80
2026-07-18 17:46:31,410 P327270 INFO modality_proj_out.node.bias              | shape: (8,)                      | params: 8
2026-07-18 17:46:31,410 P327270 INFO modality_proj_out.log.weight             | shape: (32, 10)                  | params: 320
2026-07-18 17:46:31,410 P327270 INFO modality_proj_out.log.bias               | shape: (32,)                     | params: 32
2026-07-18 17:46:31,410 P327270 INFO modality_proj_out.edge.weight            | shape: (8, 10)                   | params: 80
2026-07-18 17:46:31,411 P327270 INFO modality_proj_out.edge.bias              | shape: (8,)                      | params: 8
2026-07-18 17:46:31,411 P327270 INFO Subtotal: 2,179
2026-07-18 17:46:31,411 P327270 INFO --------------------------------------------------------------------------------
2026-07-18 17:46:31,411 P327270 INFO Common Parameters:
2026-07-18 17:46:31,412 P327270 INFO show.0.weight                            | shape: (128, 16)                 | params: 2,048
2026-07-18 17:46:31,412 P327270 INFO show.0.bias                              | shape: (128,)                    | params: 128
2026-07-18 17:46:31,412 P327270 INFO show.2.weight                            | shape: (2, 128)                  | params: 256
2026-07-18 17:46:31,412 P327270 INFO show.2.bias                              | shape: (2,)                      | params: 2
2026-07-18 17:46:31,413 P327270 INFO Subtotal: 2,434
2026-07-18 17:46:31,413 P327270 INFO --------------------------------------------------------------------------------
2026-07-18 17:46:31,413 P327270 INFO Total Trainable Parameters: 4,613

2026-07-18 17:46:31,413 P327270 INFO Trainable Parameters: 4613, reconstruction: 2179, common: 2434
2026-07-18 17:46:31,414 P327270 INFO model : init weight
2026-07-18 17:46:31,415 P327270 INFO Using GPU...
2026-07-18 17:46:31,425 P327270 INFO optimizer : using AdaBelief
2026-07-18 17:46:31,425 P327270 INFO ----------------------------------------------------------------------------------------------------
2026-07-18 17:46:31,426 P327270 INFO 0/300 starting... lr: 0.001 para:1.0
2026-07-18 17:46:36,754 P327270 INFO Epoch 0/300, all_loss:0.60022 cls_loss:48.46485 rec_loss:0.60022 [5.32s]; best loss:0.60022, patience : 0
2026-07-18 17:46:36,754 P327270 INFO ----------------------------------------------------------------------------------------------------
2026-07-18 17:46:36,754 P327270 INFO 1/300 starting... lr: 0.001 para:0.5
2026-07-18 17:46:40,690 P327270 INFO Epoch 1/300, all_loss:14.48127 cls_loss:28.42070 rec_loss:0.54185 [3.93s]; best loss:14.48127, patience : 0
2026-07-18 17:46:40,690 P327270 INFO ----------------------------------------------------------------------------------------------------
2026-07-18 17:46:40,690 P327270 INFO 2/300 starting... lr: 0.001 para:0.3333333432674408
2026-07-18 17:46:43,906 P327270 INFO Epoch 2/300, all_loss:6.78328 cls_loss:9.78128 rec_loss:0.78728 [3.21s]; best loss:6.78328, patience : 0
2026-07-18 17:46:44,809 P327270 INFO pr:0.9944  rc:0.1657  auc:0.8599 ap:0.7456 f1: 0.2841 pred_right: 46260 pred_wrong:540 actu_right: 43560 actu_wrong: 3240
2026-07-18 17:46:45,138 P327270 INFO pr:0.9956  rc:0.1697  auc:0.8660 ap:0.7510 f1: 0.2899 pred_right: 18974 pred_wrong:226 actu_right: 17874 actu_wrong: 1326
2026-07-18 17:46:45,144 P327270 INFO ----------------------------------------------------------------------------------------------------
2026-07-18 17:46:45,144 P327270 INFO 3/300 starting... lr: 0.001 para:0.25
2026-07-18 17:46:46,850 P327270 INFO Epoch 3/300, all_loss:6.18977 cls_loss:7.96886 rec_loss:0.85250 [1.70s]; best loss:6.18977, patience : 0
2026-07-18 17:46:47,458 P327270 INFO pr:0.9820  rc:0.3033  auc:0.9068 ap:0.7913 f1: 0.4635 pred_right: 45799 pred_wrong:1001 actu_right: 43559 actu_wrong: 3241
2026-07-18 17:46:47,714 P327270 INFO pr:0.9899  rc:0.2956  auc:0.9057 ap:0.7907 f1: 0.4553 pred_right: 18804 pred_wrong:396 actu_right: 17874 actu_wrong: 1326
2026-07-18 17:46:47,719 P327270 INFO ----------------------------------------------------------------------------------------------------
2026-07-18 17:46:47,719 P327270 INFO 4/300 starting... lr: 0.001 para:0.20000000298023224
2026-07-18 17:46:49,420 P327270 INFO Epoch 4/300, all_loss:5.95018 cls_loss:7.20219 rec_loss:0.94216 [1.70s]; best loss:5.95018, patience : 0
2026-07-18 17:46:50,126 P327270 INFO pr:0.9598  rc:0.3093  auc:0.9230 ap:0.8099 f1: 0.4678 pred_right: 45756 pred_wrong:1044 actu_right: 43560 actu_wrong: 3240
2026-07-18 17:46:50,384 P327270 INFO pr:0.9777  rc:0.2979  auc:0.9199 ap:0.8095 f1: 0.4566 pred_right: 18796 pred_wrong:404 actu_right: 17874 actu_wrong: 1326
2026-07-18 17:46:50,388 P327270 INFO ----------------------------------------------------------------------------------------------------
2026-07-18 17:46:50,388 P327270 INFO 5/300 starting... lr: 0.001 para:0.1666666716337204
2026-07-18 17:46:52,058 P327270 INFO Epoch 5/300, all_loss:5.74939 cls_loss:6.69429 rec_loss:1.02487 [1.67s]; best loss:5.74939, patience : 0
2026-07-18 17:46:52,694 P327270 INFO pr:0.9568  rc:0.3146  auc:0.9346 ap:0.8247 f1: 0.4735 pred_right: 45734 pred_wrong:1066 actu_right: 43558 actu_wrong: 3242
2026-07-18 17:46:52,946 P327270 INFO pr:0.9661  rc:0.3009  auc:0.9306 ap:0.8256 f1: 0.4589 pred_right: 18787 pred_wrong:413 actu_right: 17874 actu_wrong: 1326
2026-07-18 17:46:52,950 P327270 INFO ----------------------------------------------------------------------------------------------------
2026-07-18 17:46:52,950 P327270 INFO 6/300 starting... lr: 0.001 para:0.1428571492433548
2026-07-18 17:46:54,599 P327270 INFO Epoch 6/300, all_loss:5.50378 cls_loss:6.23883 rec_loss:1.09349 [1.64s]; best loss:5.50378, patience : 0
2026-07-18 17:46:55,298 P327270 INFO pr:0.9661  rc:0.3162  auc:0.9429 ap:0.8423 f1: 0.4764 pred_right: 45739 pred_wrong:1061 actu_right: 43558 actu_wrong: 3242
2026-07-18 17:46:55,552 P327270 INFO pr:0.9732  rc:0.3017  auc:0.9385 ap:0.8426 f1: 0.4606 pred_right: 18789 pred_wrong:411 actu_right: 17874 actu_wrong: 1326
2026-07-18 17:46:55,557 P327270 INFO ----------------------------------------------------------------------------------------------------
2026-07-18 17:46:55,557 P327270 INFO 7/300 starting... lr: 0.001 para:0.125
2026-07-18 17:46:57,278 P327270 INFO Epoch 7/300, all_loss:5.26874 cls_loss:5.85183 rec_loss:1.18712 [1.72s]; best loss:5.26874, patience : 0
2026-07-18 17:46:57,991 P327270 INFO pr:0.9560  rc:0.3285  auc:0.9484 ap:0.8550 f1: 0.4890 pred_right: 45687 pred_wrong:1113 actu_right: 43561 actu_wrong: 3239
2026-07-18 17:46:58,285 P327270 INFO pr:0.9677  rc:0.3160  auc:0.9441 ap:0.8526 f1: 0.4764 pred_right: 18767 pred_wrong:433 actu_right: 17874 actu_wrong: 1326
2026-07-18 17:46:58,290 P327270 INFO ----------------------------------------------------------------------------------------------------
2026-07-18 17:46:58,291 P327270 INFO 8/300 starting... lr: 0.001 para:0.1111111119389534
2026-07-18 17:46:59,953 P327270 INFO Epoch 8/300, all_loss:4.99071 cls_loss:5.45272 rec_loss:1.29460 [1.66s]; best loss:4.99071, patience : 0
2026-07-18 17:47:00,632 P327270 INFO pr:0.9274  rc:0.4254  auc:0.9524 ap:0.8674 f1: 0.5832 pred_right: 45313 pred_wrong:1487 actu_right: 43558 actu_wrong: 3242
2026-07-18 17:47:00,873 P327270 INFO pr:0.9197  rc:0.4057  auc:0.9480 ap:0.8660 f1: 0.5631 pred_right: 18615 pred_wrong:585 actu_right: 17874 actu_wrong: 1326
2026-07-18 17:47:00,878 P327270 INFO ----------------------------------------------------------------------------------------------------
2026-07-18 17:47:00,878 P327270 INFO 9/300 starting... lr: 0.001 para:0.10000000149011612
2026-07-18 17:47:02,516 P327270 INFO Epoch 9/300, all_loss:4.72309 cls_loss:5.09222 rec_loss:1.40094 [1.63s]; best loss:4.72309, patience : 0
2026-07-18 17:47:03,148 P327270 INFO pr:0.9607  rc:0.3922  auc:0.9600 ap:0.8838 f1: 0.5570 pred_right: 45476 pred_wrong:1324 actu_right: 43557 actu_wrong: 3243
2026-07-18 17:47:03,432 P327270 INFO pr:0.9650  rc:0.3741  auc:0.9561 ap:0.8808 f1: 0.5391 pred_right: 18686 pred_wrong:514 actu_right: 17874 actu_wrong: 1326
2026-07-18 17:47:03,433 P327270 INFO ----------------------------------------------------------------------------------------------------
2026-07-18 17:47:03,433 P327270 INFO 10/300 starting... lr: 0.001 para:0.09090909361839294
2026-07-18 17:47:05,071 P327270 INFO Epoch 10/300, all_loss:4.48904 cls_loss:4.78589 rec_loss:1.52057 [1.63s]; best loss:4.48904, patience : 0
2026-07-18 17:47:05,777 P327270 INFO pr:0.8939  rc:0.4966  auc:0.9645 ap:0.8955 f1: 0.6385 pred_right: 44999 pred_wrong:1801 actu_right: 43558 actu_wrong: 3242
2026-07-18 17:47:06,058 P327270 INFO pr:0.8760  rc:0.4796  auc:0.9607 ap:0.8923 f1: 0.6199 pred_right: 18474 pred_wrong:726 actu_right: 17874 actu_wrong: 1326
2026-07-18 17:47:06,063 P327270 INFO ----------------------------------------------------------------------------------------------------
2026-07-18 17:47:06,063 P327270 INFO 11/300 starting... lr: 0.001 para:0.0833333358168602
2026-07-18 17:47:07,770 P327270 INFO Epoch 11/300, all_loss:4.20195 cls_loss:4.43228 rec_loss:1.66834 [1.70s]; best loss:4.20195, patience : 0
2026-07-18 17:47:08,456 P327270 INFO pr:0.8603  rc:0.5486  auc:0.9704 ap:0.9092 f1: 0.6699 pred_right: 44732 pred_wrong:2068 actu_right: 43557 actu_wrong: 3243
2026-07-18 17:47:08,765 P327270 INFO pr:0.8554  rc:0.5264  auc:0.9659 ap:0.9056 f1: 0.6517 pred_right: 18384 pred_wrong:816 actu_right: 17874 actu_wrong: 1326
2026-07-18 17:47:08,770 P327270 INFO ----------------------------------------------------------------------------------------------------
2026-07-18 17:47:08,770 P327270 INFO 12/300 starting... lr: 0.001 para:0.07692307978868484
2026-07-18 17:47:10,496 P327270 INFO Epoch 12/300, all_loss:3.95067 cls_loss:4.13110 rec_loss:1.78556 [1.72s]; best loss:3.95067, patience : 0
2026-07-18 17:47:11,094 P327270 INFO pr:0.8945  rc:0.5338  auc:0.9752 ap:0.9190 f1: 0.6686 pred_right: 44866 pred_wrong:1934 actu_right: 43559 actu_wrong: 3241
2026-07-18 17:47:11,389 P327270 INFO pr:0.8945  rc:0.5181  auc:0.9726 ap:0.9166 f1: 0.6562 pred_right: 18432 pred_wrong:768 actu_right: 17874 actu_wrong: 1326
2026-07-18 17:47:11,390 P327270 INFO ----------------------------------------------------------------------------------------------------
2026-07-18 17:47:11,390 P327270 INFO 13/300 starting... lr: 0.001 para:0.0714285746216774
2026-07-18 17:47:13,015 P327270 INFO Epoch 13/300, all_loss:3.78414 cls_loss:3.92970 rec_loss:1.89185 [1.62s]; best loss:3.78414, patience : 0
2026-07-18 17:47:13,699 P327270 INFO pr:0.9170  rc:0.5392  auc:0.9782 ap:0.9305 f1: 0.6791 pred_right: 44896 pred_wrong:1904 actu_right: 43562 actu_wrong: 3238
2026-07-18 17:47:13,941 P327270 INFO pr:0.9223  rc:0.5189  auc:0.9771 ap:0.9290 f1: 0.6641 pred_right: 18454 pred_wrong:746 actu_right: 17874 actu_wrong: 1326
2026-07-18 17:47:13,945 P327270 INFO ----------------------------------------------------------------------------------------------------
2026-07-18 17:47:13,945 P327270 INFO 14/300 starting... lr: 0.001 para:0.06666667014360428
2026-07-18 17:47:15,716 P327270 INFO Epoch 14/300, all_loss:3.56667 cls_loss:3.67983 rec_loss:1.98238 [1.77s]; best loss:3.56667, patience : 0
2026-07-18 17:47:16,310 P327270 INFO pr:0.8687  rc:0.7231  auc:0.9800 ap:0.9381 f1: 0.7892 pred_right: 44104 pred_wrong:2696 actu_right: 43561 actu_wrong: 3239
2026-07-18 17:47:16,575 P327270 INFO pr:0.8651  rc:0.7059  auc:0.9787 ap:0.9335 f1: 0.7774 pred_right: 18118 pred_wrong:1082 actu_right: 17874 actu_wrong: 1326
2026-07-18 17:47:16,580 P327270 INFO ----------------------------------------------------------------------------------------------------
2026-07-18 17:47:16,580 P327270 INFO 15/300 starting... lr: 0.001 para:0.0625
2026-07-18 17:47:18,245 P327270 INFO Epoch 15/300, all_loss:3.42468 cls_loss:3.51633 rec_loss:2.04995 [1.66s]; best loss:3.42468, patience : 0
2026-07-18 17:47:18,838 P327270 INFO pr:0.9254  rc:0.6348  auc:0.9818 ap:0.9418 f1: 0.7530 pred_right: 44576 pred_wrong:2224 actu_right: 43558 actu_wrong: 3242
2026-07-18 17:47:19,085 P327270 INFO pr:0.9320  rc:0.6199  auc:0.9810 ap:0.9416 f1: 0.7446 pred_right: 18318 pred_wrong:882 actu_right: 17874 actu_wrong: 1326
2026-07-18 17:47:19,085 P327270 INFO ----------------------------------------------------------------------------------------------------
2026-07-18 17:47:19,085 P327270 INFO 16/300 starting... lr: 0.001 para:0.05882352963089943
2026-07-18 17:47:20,815 P327270 INFO Epoch 16/300, all_loss:3.22694 cls_loss:3.29515 rec_loss:2.13557 [1.73s]; best loss:3.22694, patience : 0
2026-07-18 17:47:21,450 P327270 INFO pr:0.8814  rc:0.7371  auc:0.9829 ap:0.9456 f1: 0.8028 pred_right: 44093 pred_wrong:2707 actu_right: 43563 actu_wrong: 3237
2026-07-18 17:47:21,721 P327270 INFO pr:0.8696  rc:0.7195  auc:0.9822 ap:0.9425 f1: 0.7875 pred_right: 18103 pred_wrong:1097 actu_right: 17874 actu_wrong: 1326
2026-07-18 17:47:21,726 P327270 INFO ----------------------------------------------------------------------------------------------------
2026-07-18 17:47:21,726 P327270 INFO 17/300 starting... lr: 0.001 para:0.0555555559694767
2026-07-18 17:47:23,453 P327270 INFO Epoch 17/300, all_loss:3.08937 cls_loss:3.14006 rec_loss:2.22756 [1.72s]; best loss:3.08937, patience : 0
2026-07-18 17:47:24,089 P327270 INFO pr:0.9179  rc:0.6768  auc:0.9844 ap:0.9467 f1: 0.7791 pred_right: 44412 pred_wrong:2388 actu_right: 43561 actu_wrong: 3239
2026-07-18 17:47:24,334 P327270 INFO pr:0.9209  rc:0.6674  auc:0.9843 ap:0.9472 f1: 0.7739 pred_right: 18239 pred_wrong:961 actu_right: 17874 actu_wrong: 1326
2026-07-18 17:47:24,335 P327270 INFO ----------------------------------------------------------------------------------------------------
2026-07-18 17:47:24,335 P327270 INFO 18/300 starting... lr: 0.001 para:0.05263157933950424
2026-07-18 17:47:25,950 P327270 INFO Epoch 18/300, all_loss:2.88423 cls_loss:2.91694 rec_loss:2.29548 [1.61s]; best loss:2.88423, patience : 0
2026-07-18 17:47:26,580 P327270 INFO pr:0.9522  rc:0.6952  auc:0.9865 ap:0.9582 f1: 0.8036 pred_right: 44436 pred_wrong:2364 actu_right: 43562 actu_wrong: 3238
2026-07-18 17:47:26,825 P327270 INFO pr:0.9564  rc:0.6953  auc:0.9853 ap:0.9554 f1: 0.8052 pred_right: 18236 pred_wrong:964 actu_right: 17874 actu_wrong: 1326
2026-07-18 17:47:26,829 P327270 INFO ----------------------------------------------------------------------------------------------------
2026-07-18 17:47:26,833 P327270 INFO 19/300 starting... lr: 0.001 para:0.05000000074505806
2026-07-18 17:47:28,531 P327270 INFO Epoch 19/300, all_loss:2.72051 cls_loss:2.73860 rec_loss:2.37681 [1.69s]; best loss:2.72051, patience : 0
2026-07-18 17:47:29,195 P327270 INFO pr:0.9105  rc:0.7539  auc:0.9872 ap:0.9551 f1: 0.8248 pred_right: 44119 pred_wrong:2681 actu_right: 43562 actu_wrong: 3238
2026-07-18 17:47:29,498 P327270 INFO pr:0.9155  rc:0.7436  auc:0.9863 ap:0.9560 f1: 0.8206 pred_right: 18123 pred_wrong:1077 actu_right: 17874 actu_wrong: 1326
2026-07-18 17:47:29,503 P327270 INFO ----------------------------------------------------------------------------------------------------
2026-07-18 17:47:29,503 P327270 INFO 20/300 starting... lr: 0.001 para:0.0476190485060215
2026-07-18 17:47:31,129 P327270 INFO Epoch 20/300, all_loss:2.67771 cls_loss:2.68850 rec_loss:2.46193 [1.62s]; best loss:2.67771, patience : 0
2026-07-18 17:47:31,793 P327270 INFO pr:0.9224  rc:0.7738  auc:0.9885 ap:0.9616 f1: 0.8416 pred_right: 44081 pred_wrong:2719 actu_right: 43559 actu_wrong: 3241
2026-07-18 17:47:32,070 P327270 INFO pr:0.9245  rc:0.7662  auc:0.9877 ap:0.9609 f1: 0.8379 pred_right: 18101 pred_wrong:1099 actu_right: 17874 actu_wrong: 1326
2026-07-18 17:47:32,075 P327270 INFO ----------------------------------------------------------------------------------------------------
2026-07-18 17:47:32,075 P327270 INFO 21/300 starting... lr: 0.001 para:0.04545454680919647
2026-07-18 17:47:33,709 P327270 INFO Epoch 21/300, all_loss:2.48094 cls_loss:2.47941 rec_loss:2.51320 [1.63s]; best loss:2.48094, patience : 0
2026-07-18 17:47:34,391 P327270 INFO pr:0.9315  rc:0.7801  auc:0.9889 ap:0.9650 f1: 0.8491 pred_right: 44084 pred_wrong:2716 actu_right: 43557 actu_wrong: 3243
2026-07-18 17:47:34,686 P327270 INFO pr:0.9395  rc:0.7730  auc:0.9876 ap:0.9631 f1: 0.8482 pred_right: 18109 pred_wrong:1091 actu_right: 17874 actu_wrong: 1326
2026-07-18 17:47:34,691 P327270 INFO ----------------------------------------------------------------------------------------------------
2026-07-18 17:47:34,691 P327270 INFO 22/300 starting... lr: 0.001 para:0.043478261679410934
2026-07-18 17:47:36,477 P327270 INFO Epoch 22/300, all_loss:2.44718 cls_loss:2.44088 rec_loss:2.58576 [1.78s]; best loss:2.44718, patience : 0
2026-07-18 17:47:37,117 P327270 INFO pr:0.9113  rc:0.8019  auc:0.9899 ap:0.9637 f1: 0.8531 pred_right: 43949 pred_wrong:2851 actu_right: 43560 actu_wrong: 3240
2026-07-18 17:47:37,381 P327270 INFO pr:0.9278  rc:0.7941  auc:0.9890 ap:0.9647 f1: 0.8557 pred_right: 18065 pred_wrong:1135 actu_right: 17874 actu_wrong: 1326
2026-07-18 17:47:37,385 P327270 INFO ----------------------------------------------------------------------------------------------------
2026-07-18 17:47:37,385 P327270 INFO 23/300 starting... lr: 0.001 para:0.0416666679084301
2026-07-18 17:47:39,068 P327270 INFO Epoch 23/300, all_loss:2.34628 cls_loss:2.33425 rec_loss:2.62312 [1.68s]; best loss:2.34628, patience : 0
2026-07-18 17:47:39,732 P327270 INFO pr:0.9475  rc:0.7350  auc:0.9906 ap:0.9653 f1: 0.8278 pred_right: 44288 pred_wrong:2512 actu_right: 43562 actu_wrong: 3238
2026-07-18 17:47:40,016 P327270 INFO pr:0.9442  rc:0.7149  auc:0.9898 ap:0.9653 f1: 0.8137 pred_right: 18196 pred_wrong:1004 actu_right: 17874 actu_wrong: 1326
2026-07-18 17:47:40,016 P327270 INFO ----------------------------------------------------------------------------------------------------
2026-07-18 17:47:40,016 P327270 INFO 24/300 starting... lr: 0.001 para:0.03999999910593033
2026-07-18 17:47:41,743 P327270 INFO Epoch 24/300, all_loss:2.42109 cls_loss:2.41042 rec_loss:2.67712 [1.73s]; best loss:2.34628, patience : 1
2026-07-18 17:47:42,429 P327270 INFO pr:0.8565  rc:0.8803  auc:0.9907 ap:0.9700 f1: 0.8682 pred_right: 43469 pred_wrong:3331 actu_right: 43559 actu_wrong: 3241
2026-07-18 17:47:42,707 P327270 INFO pr:0.8571  rc:0.8597  auc:0.9898 ap:0.9681 f1: 0.8584 pred_right: 17870 pred_wrong:1330 actu_right: 17874 actu_wrong: 1326
2026-07-18 17:47:42,711 P327270 INFO ----------------------------------------------------------------------------------------------------
2026-07-18 17:47:42,711 P327270 INFO 25/300 starting... lr: 0.001 para:0.03846153989434242
2026-07-18 17:47:44,416 P327270 INFO Epoch 25/300, all_loss:2.28807 cls_loss:2.27127 rec_loss:2.70804 [1.70s]; best loss:2.28807, patience : 0
2026-07-18 17:47:45,105 P327270 INFO pr:0.9288  rc:0.8044  auc:0.9918 ap:0.9728 f1: 0.8621 pred_right: 43992 pred_wrong:2808 actu_right: 43558 actu_wrong: 3242
2026-07-18 17:47:45,406 P327270 INFO pr:0.9382  rc:0.8009  auc:0.9910 ap:0.9713 f1: 0.8641 pred_right: 18068 pred_wrong:1132 actu_right: 17874 actu_wrong: 1326
2026-07-18 17:47:45,407 P327270 INFO ----------------------------------------------------------------------------------------------------
2026-07-18 17:47:45,407 P327270 INFO 26/300 starting... lr: 0.001 para:0.03703703731298447
2026-07-18 17:47:47,153 P327270 INFO Epoch 26/300, all_loss:2.11232 cls_loss:2.08732 rec_loss:2.76230 [1.74s]; best loss:2.11232, patience : 0
2026-07-18 17:47:47,852 P327270 INFO pr:0.9117  rc:0.8439  auc:0.9921 ap:0.9715 f1: 0.8765 pred_right: 43799 pred_wrong:3001 actu_right: 43558 actu_wrong: 3242
2026-07-18 17:47:48,137 P327270 INFO pr:0.9226  rc:0.8265  auc:0.9912 ap:0.9717 f1: 0.8719 pred_right: 18012 pred_wrong:1188 actu_right: 17874 actu_wrong: 1326
2026-07-18 17:47:48,142 P327270 INFO ----------------------------------------------------------------------------------------------------
2026-07-18 17:47:48,142 P327270 INFO 27/300 starting... lr: 0.001 para:0.0357142873108387
2026-07-18 17:47:49,943 P327270 INFO Epoch 27/300, all_loss:2.05136 cls_loss:2.02121 rec_loss:2.86537 [1.80s]; best loss:2.05136, patience : 0
2026-07-18 17:47:50,550 P327270 INFO pr:0.9031  rc:0.8521  auc:0.9927 ap:0.9747 f1: 0.8768 pred_right: 43745 pred_wrong:3055 actu_right: 43562 actu_wrong: 3238
2026-07-18 17:47:50,795 P327270 INFO pr:0.9115  rc:0.8394  auc:0.9919 ap:0.9725 f1: 0.8740 pred_right: 17979 pred_wrong:1221 actu_right: 17874 actu_wrong: 1326
2026-07-18 17:47:50,799 P327270 INFO ----------------------------------------------------------------------------------------------------
2026-07-18 17:47:50,799 P327270 INFO 28/300 starting... lr: 0.001 para:0.03448275849223137
2026-07-18 17:47:52,350 P327270 INFO Epoch 28/300, all_loss:2.01144 cls_loss:1.97869 rec_loss:2.92823 [1.55s]; best loss:2.01144, patience : 0
2026-07-18 17:47:53,529 P327270 INFO pr:0.9400  rc:0.8257  auc:0.9930 ap:0.9774 f1: 0.8791 pred_right: 43952 pred_wrong:2848 actu_right: 43558 actu_wrong: 3242
2026-07-18 17:47:54,595 P327270 INFO pr:0.9455  rc:0.8115  auc:0.9921 ap:0.9750 f1: 0.8734 pred_right: 18062 pred_wrong:1138 actu_right: 17874 actu_wrong: 1326
2026-07-18 17:47:54,603 P327270 INFO ----------------------------------------------------------------------------------------------------
2026-07-18 17:47:54,603 P327270 INFO 29/300 starting... lr: 0.001 para:0.03333333507180214
2026-07-18 17:47:56,308 P327270 INFO Epoch 29/300, all_loss:1.98956 cls_loss:1.95617 rec_loss:2.95812 [1.70s]; best loss:1.98956, patience : 0
2026-07-18 17:47:56,815 P327270 INFO pr:0.9513  rc:0.8080  auc:0.9934 ap:0.9771 f1: 0.8738 pred_right: 44049 pred_wrong:2751 actu_right: 43561 actu_wrong: 3239
2026-07-18 17:47:57,030 P327270 INFO pr:0.9563  rc:0.7919  auc:0.9928 ap:0.9753 f1: 0.8663 pred_right: 18102 pred_wrong:1098 actu_right: 17874 actu_wrong: 1326
2026-07-18 17:47:57,031 P327270 INFO ----------------------------------------------------------------------------------------------------
2026-07-18 17:47:57,031 P327270 INFO 30/300 starting... lr: 0.001 para:0.032258063554763794
2026-07-18 17:47:58,336 P327270 INFO Epoch 30/300, all_loss:1.85973 cls_loss:1.82166 rec_loss:3.00172 [1.30s]; best loss:1.85973, patience : 0
2026-07-18 17:47:58,843 P327270 INFO pr:0.8420  rc:0.9102  auc:0.9929 ap:0.9747 f1: 0.8748 pred_right: 43299 pred_wrong:3501 actu_right: 43561 actu_wrong: 3239
2026-07-18 17:47:59,058 P327270 INFO pr:0.8358  rc:0.8982  auc:0.9917 ap:0.9717 f1: 0.8659 pred_right: 17775 pred_wrong:1425 actu_right: 17874 actu_wrong: 1326
2026-07-18 17:47:59,059 P327270 INFO ----------------------------------------------------------------------------------------------------
2026-07-18 17:47:59,059 P327270 INFO 31/300 starting... lr: 0.001 para:0.03125
2026-07-18 17:48:00,354 P327270 INFO Epoch 31/300, all_loss:1.96323 cls_loss:1.92883 rec_loss:3.02973 [1.29s]; best loss:1.85973, patience : 1
2026-07-18 17:48:00,954 P327270 INFO pr:0.9451  rc:0.8286  auc:0.9937 ap:0.9791 f1: 0.8830 pred_right: 43961 pred_wrong:2839 actu_right: 43562 actu_wrong: 3238
2026-07-18 17:48:01,209 P327270 INFO pr:0.9523  rc:0.8137  auc:0.9928 ap:0.9766 f1: 0.8776 pred_right: 18067 pred_wrong:1133 actu_right: 17874 actu_wrong: 1326
2026-07-18 17:48:01,213 P327270 INFO ----------------------------------------------------------------------------------------------------
2026-07-18 17:48:01,214 P327270 INFO 32/300 starting... lr: 0.001 para:0.03030303120613098
2026-07-18 17:48:02,695 P327270 INFO Epoch 32/300, all_loss:1.85710 cls_loss:1.81914 rec_loss:3.07192 [1.48s]; best loss:1.85710, patience : 0
2026-07-18 17:48:03,313 P327270 INFO pr:0.9329  rc:0.8364  auc:0.9938 ap:0.9775 f1: 0.8820 pred_right: 43895 pred_wrong:2905 actu_right: 43560 actu_wrong: 3240
2026-07-18 17:48:03,537 P327270 INFO pr:0.9346  rc:0.8296  auc:0.9931 ap:0.9752 f1: 0.8789 pred_right: 18023 pred_wrong:1177 actu_right: 17874 actu_wrong: 1326
2026-07-18 17:48:03,538 P327270 INFO ----------------------------------------------------------------------------------------------------
2026-07-18 17:48:03,538 P327270 INFO 33/300 starting... lr: 0.001 para:0.029411764815449715
2026-07-18 17:48:05,043 P327270 INFO Epoch 33/300, all_loss:1.83413 cls_loss:1.79579 rec_loss:3.09936 [1.50s]; best loss:1.83413, patience : 0
2026-07-18 17:48:05,626 P327270 INFO pr:0.8637  rc:0.9234  auc:0.9942 ap:0.9801 f1: 0.8926 pred_right: 43337 pred_wrong:3463 actu_right: 43561 actu_wrong: 3239
2026-07-18 17:48:05,845 P327270 INFO pr:0.8670  rc:0.9148  auc:0.9936 ap:0.9783 f1: 0.8903 pred_right: 17801 pred_wrong:1399 actu_right: 17874 actu_wrong: 1326
2026-07-18 17:48:05,849 P327270 INFO ----------------------------------------------------------------------------------------------------
2026-07-18 17:48:05,849 P327270 INFO 34/300 starting... lr: 0.001 para:0.02857142873108387
2026-07-18 17:48:07,224 P327270 INFO Epoch 34/300, all_loss:1.78789 cls_loss:1.74723 rec_loss:3.17039 [1.37s]; best loss:1.78789, patience : 0
2026-07-18 17:48:07,916 P327270 INFO pr:0.9374  rc:0.8413  auc:0.9946 ap:0.9806 f1: 0.8867 pred_right: 43894 pred_wrong:2906 actu_right: 43562 actu_wrong: 3238
2026-07-18 17:48:08,284 P327270 INFO pr:0.9399  rc:0.8379  auc:0.9937 ap:0.9781 f1: 0.8860 pred_right: 18018 pred_wrong:1182 actu_right: 17874 actu_wrong: 1326
2026-07-18 17:48:08,285 P327270 INFO ----------------------------------------------------------------------------------------------------
2026-07-18 17:48:08,285 P327270 INFO 35/300 starting... lr: 0.001 para:0.02777777798473835
2026-07-18 17:48:12,087 P327270 INFO Epoch 35/300, all_loss:1.69842 cls_loss:1.65543 rec_loss:3.20303 [3.79s]; best loss:1.69842, patience : 0
2026-07-18 17:48:13,575 P327270 INFO pr:0.8859  rc:0.9127  auc:0.9947 ap:0.9819 f1: 0.8991 pred_right: 43460 pred_wrong:3340 actu_right: 43558 actu_wrong: 3242
2026-07-18 17:48:14,125 P327270 INFO pr:0.8816  rc:0.8982  auc:0.9940 ap:0.9790 f1: 0.8898 pred_right: 17849 pred_wrong:1351 actu_right: 17874 actu_wrong: 1326
2026-07-18 17:48:14,132 P327270 INFO ----------------------------------------------------------------------------------------------------
2026-07-18 17:48:14,132 P327270 INFO 36/300 starting... lr: 0.001 para:0.027027027681469917
2026-07-18 17:48:18,188 P327270 INFO Epoch 36/300, all_loss:1.71396 cls_loss:1.67126 rec_loss:3.25131 [4.06s]; best loss:1.69842, patience : 1
2026-07-18 17:48:20,109 P327270 INFO pr:0.9080  rc:0.9024  auc:0.9947 ap:0.9804 f1: 0.9052 pred_right: 43582 pred_wrong:3218 actu_right: 43562 actu_wrong: 3238
2026-07-18 17:48:20,649 P327270 INFO pr:0.9141  rc:0.8831  auc:0.9939 ap:0.9784 f1: 0.8984 pred_right: 17919 pred_wrong:1281 actu_right: 17874 actu_wrong: 1326
2026-07-18 17:48:20,655 P327270 INFO ----------------------------------------------------------------------------------------------------
2026-07-18 17:48:20,656 P327270 INFO 37/300 starting... lr: 0.001 para:0.02631578966975212
2026-07-18 17:48:22,952 P327270 INFO Epoch 37/300, all_loss:1.72206 cls_loss:1.68001 rec_loss:3.27785 [2.30s]; best loss:1.69842, patience : 2
2026-07-18 17:48:23,717 P327270 INFO pr:0.8784  rc:0.9242  auc:0.9950 ap:0.9830 f1: 0.9007 pred_right: 43387 pred_wrong:3413 actu_right: 43556 actu_wrong: 3244
2026-07-18 17:48:24,027 P327270 INFO pr:0.8753  rc:0.9103  auc:0.9939 ap:0.9791 f1: 0.8924 pred_right: 17821 pred_wrong:1379 actu_right: 17874 actu_wrong: 1326
2026-07-18 17:48:24,027 P327270 INFO ----------------------------------------------------------------------------------------------------
2026-07-18 17:48:24,028 P327270 INFO 38/300 starting... lr: 0.001 para:0.025641025975346565
2026-07-18 17:48:25,757 P327270 INFO Epoch 38/300, all_loss:1.58661 cls_loss:1.54090 rec_loss:3.32357 [1.73s]; best loss:1.58661, patience : 0
2026-07-18 17:48:26,454 P327270 INFO pr:0.9350  rc:0.8492  auc:0.9949 ap:0.9810 f1: 0.8901 pred_right: 43860 pred_wrong:2940 actu_right: 43563 actu_wrong: 3237
2026-07-18 17:48:26,750 P327270 INFO pr:0.9384  rc:0.8499  auc:0.9941 ap:0.9784 f1: 0.8920 pred_right: 17999 pred_wrong:1201 actu_right: 17874 actu_wrong: 1326
2026-07-18 17:48:26,751 P327270 INFO ----------------------------------------------------------------------------------------------------
2026-07-18 17:48:26,751 P327270 INFO 39/300 starting... lr: 0.001 para:0.02500000037252903
2026-07-18 17:48:28,465 P327270 INFO Epoch 39/300, all_loss:1.70140 cls_loss:1.65896 rec_loss:3.35643 [1.71s]; best loss:1.58661, patience : 1
2026-07-18 17:48:29,190 P327270 INFO pr:0.9757  rc:0.7552  auc:0.9950 ap:0.9810 f1: 0.8514 pred_right: 44292 pred_wrong:2508 actu_right: 43560 actu_wrong: 3240
2026-07-18 17:48:29,452 P327270 INFO pr:0.9674  rc:0.7391  auc:0.9938 ap:0.9770 f1: 0.8380 pred_right: 18187 pred_wrong:1013 actu_right: 17874 actu_wrong: 1326
2026-07-18 17:48:29,452 P327270 INFO ----------------------------------------------------------------------------------------------------
2026-07-18 17:48:29,452 P327270 INFO 40/300 starting... lr: 0.001 para:0.024390242993831635
2026-07-18 17:48:31,146 P327270 INFO Epoch 40/300, all_loss:1.70928 cls_loss:1.66797 rec_loss:3.36186 [1.69s]; best loss:1.58661, patience : 2
2026-07-18 17:48:31,816 P327270 INFO pr:0.9665  rc:0.8284  auc:0.9952 ap:0.9832 f1: 0.8922 pred_right: 44022 pred_wrong:2778 actu_right: 43559 actu_wrong: 3241
2026-07-18 17:48:32,125 P327270 INFO pr:0.9670  rc:0.8175  auc:0.9938 ap:0.9797 f1: 0.8860 pred_right: 18079 pred_wrong:1121 actu_right: 17874 actu_wrong: 1326
2026-07-18 17:48:32,125 P327270 INFO ----------------------------------------------------------------------------------------------------
2026-07-18 17:48:32,126 P327270 INFO 41/300 starting... lr: 0.001 para:0.02380952425301075
2026-07-18 17:48:33,822 P327270 INFO Epoch 41/300, all_loss:1.52763 cls_loss:1.48201 rec_loss:3.39808 [1.69s]; best loss:1.52763, patience : 0
2026-07-18 17:48:34,437 P327270 INFO pr:0.9197  rc:0.8618  auc:0.9950 ap:0.9805 f1: 0.8898 pred_right: 43762 pred_wrong:3038 actu_right: 43558 actu_wrong: 3242
2026-07-18 17:48:34,702 P327270 INFO pr:0.9194  rc:0.8522  auc:0.9945 ap:0.9772 f1: 0.8845 pred_right: 17971 pred_wrong:1229 actu_right: 17874 actu_wrong: 1326
2026-07-18 17:48:34,702 P327270 INFO ----------------------------------------------------------------------------------------------------
2026-07-18 17:48:34,702 P327270 INFO 42/300 starting... lr: 0.001 para:0.023255813866853714
2026-07-18 17:48:36,331 P327270 INFO Epoch 42/300, all_loss:1.64965 cls_loss:1.60714 rec_loss:3.43481 [1.63s]; best loss:1.52763, patience : 1
2026-07-18 17:48:36,991 P327270 INFO pr:0.9829  rc:0.7614  auc:0.9959 ap:0.9852 f1: 0.8581 pred_right: 44290 pred_wrong:2510 actu_right: 43560 actu_wrong: 3240
2026-07-18 17:48:37,291 P327270 INFO pr:0.9750  rc:0.7647  auc:0.9948 ap:0.9808 f1: 0.8571 pred_right: 18160 pred_wrong:1040 actu_right: 17874 actu_wrong: 1326
2026-07-18 17:48:37,292 P327270 INFO ----------------------------------------------------------------------------------------------------
2026-07-18 17:48:37,292 P327270 INFO 43/300 starting... lr: 0.001 para:0.022727273404598236
2026-07-18 17:48:38,994 P327270 INFO Epoch 43/300, all_loss:1.44036 cls_loss:1.39317 rec_loss:3.46956 [1.70s]; best loss:1.44036, patience : 0
2026-07-18 17:48:39,698 P327270 INFO pr:0.8851  rc:0.9111  auc:0.9949 ap:0.9807 f1: 0.8979 pred_right: 43466 pred_wrong:3334 actu_right: 43561 actu_wrong: 3239
2026-07-18 17:48:40,004 P327270 INFO pr:0.8885  rc:0.9012  auc:0.9941 ap:0.9779 f1: 0.8948 pred_right: 17855 pred_wrong:1345 actu_right: 17874 actu_wrong: 1326
2026-07-18 17:48:40,005 P327270 INFO ----------------------------------------------------------------------------------------------------
2026-07-18 17:48:40,005 P327270 INFO 44/300 starting... lr: 0.001 para:0.02222222276031971
2026-07-18 17:48:41,706 P327270 INFO Epoch 44/300, all_loss:1.61877 cls_loss:1.57651 rec_loss:3.47810 [1.70s]; best loss:1.44036, patience : 1
2026-07-18 17:48:42,414 P327270 INFO pr:0.7987  rc:0.9555  auc:0.9947 ap:0.9782 f1: 0.8701 pred_right: 42926 pred_wrong:3874 actu_right: 43562 actu_wrong: 3238
2026-07-18 17:48:42,707 P327270 INFO pr:0.7976  rc:0.9510  auc:0.9939 ap:0.9743 f1: 0.8676 pred_right: 17619 pred_wrong:1581 actu_right: 17874 actu_wrong: 1326
2026-07-18 17:48:42,708 P327270 INFO ----------------------------------------------------------------------------------------------------
2026-07-18 17:48:42,708 P327270 INFO 45/300 starting... lr: 0.001 para:0.021739130839705467
2026-07-18 17:48:44,451 P327270 INFO Epoch 45/300, all_loss:1.57019 cls_loss:1.52698 rec_loss:3.51485 [1.74s]; best loss:1.44036, patience : 1
2026-07-18 17:48:45,161 P327270 INFO pr:0.9056  rc:0.9262  auc:0.9960 ap:0.9858 f1: 0.9158 pred_right: 43486 pred_wrong:3314 actu_right: 43560 actu_wrong: 3240
2026-07-18 17:48:45,417 P327270 INFO pr:0.9070  rc:0.9193  auc:0.9955 ap:0.9827 f1: 0.9131 pred_right: 17856 pred_wrong:1344 actu_right: 17874 actu_wrong: 1326
2026-07-18 17:48:45,421 P327270 INFO ----------------------------------------------------------------------------------------------------
2026-07-18 17:48:45,421 P327270 INFO 46/300 starting... lr: 0.001 para:0.021276595070958138
2026-07-18 17:48:47,018 P327270 INFO Epoch 46/300, all_loss:1.57646 cls_loss:1.53333 rec_loss:3.56033 [1.60s]; best loss:1.44036, patience : 2
2026-07-18 17:48:47,628 P327270 INFO pr:0.8667  rc:0.9451  auc:0.9959 ap:0.9863 f1: 0.9042 pred_right: 43266 pred_wrong:3534 actu_right: 43559 actu_wrong: 3241
2026-07-18 17:48:47,894 P327270 INFO pr:0.8659  rc:0.9351  auc:0.9950 ap:0.9819 f1: 0.8992 pred_right: 17768 pred_wrong:1432 actu_right: 17874 actu_wrong: 1326
2026-07-18 17:48:47,894 P327270 INFO ----------------------------------------------------------------------------------------------------
2026-07-18 17:48:47,894 P327270 INFO 47/300 starting... lr: 0.001 para:0.02083333395421505
2026-07-18 17:48:49,525 P327270 INFO Epoch 47/300, all_loss:1.36540 cls_loss:1.31869 rec_loss:3.56056 [1.63s]; best loss:1.36540, patience : 0
2026-07-18 17:48:50,197 P327270 INFO pr:0.9715  rc:0.8329  auc:0.9960 ap:0.9858 f1: 0.8969 pred_right: 44024 pred_wrong:2776 actu_right: 43562 actu_wrong: 3238
2026-07-18 17:48:50,473 P327270 INFO pr:0.9598  rc:0.8288  auc:0.9943 ap:0.9807 f1: 0.8895 pred_right: 18055 pred_wrong:1145 actu_right: 17874 actu_wrong: 1326
2026-07-18 17:48:50,473 P327270 INFO ----------------------------------------------------------------------------------------------------
2026-07-18 17:48:50,473 P327270 INFO 48/300 starting... lr: 0.001 para:0.020408162847161293
2026-07-18 17:48:52,147 P327270 INFO Epoch 48/300, all_loss:1.41215 cls_loss:1.36686 rec_loss:3.58621 [1.67s]; best loss:1.36540, patience : 1
2026-07-18 17:48:52,790 P327270 INFO pr:0.9556  rc:0.8825  auc:0.9964 ap:0.9874 f1: 0.9176 pred_right: 43805 pred_wrong:2995 actu_right: 43557 actu_wrong: 3243
2026-07-18 17:48:53,067 P327270 INFO pr:0.9577  rc:0.8710  auc:0.9956 ap:0.9829 f1: 0.9123 pred_right: 17994 pred_wrong:1206 actu_right: 17874 actu_wrong: 1326
2026-07-18 17:48:53,072 P327270 INFO ----------------------------------------------------------------------------------------------------
2026-07-18 17:48:53,072 P327270 INFO 49/300 starting... lr: 0.001 para:0.019999999552965164
2026-07-18 17:48:54,739 P327270 INFO Epoch 49/300, all_loss:1.40412 cls_loss:1.35928 rec_loss:3.60096 [1.67s]; best loss:1.36540, patience : 1
2026-07-18 17:48:55,343 P327270 INFO pr:0.8907  rc:0.8805  auc:0.9944 ap:0.9771 f1: 0.8855 pred_right: 43599 pred_wrong:3201 actu_right: 43562 actu_wrong: 3238
2026-07-18 17:48:55,598 P327270 INFO pr:0.8806  rc:0.8733  auc:0.9933 ap:0.9722 f1: 0.8769 pred_right: 17885 pred_wrong:1315 actu_right: 17874 actu_wrong: 1326
2026-07-18 17:48:55,599 P327270 INFO ----------------------------------------------------------------------------------------------------
2026-07-18 17:48:55,599 P327270 INFO 50/300 starting... lr: 0.001 para:0.019607843831181526
2026-07-18 17:48:57,314 P327270 INFO Epoch 50/300, all_loss:1.54175 cls_loss:1.50029 rec_loss:3.61466 [1.71s]; best loss:1.36540, patience : 2
2026-07-18 17:48:57,921 P327270 INFO pr:0.9646  rc:0.8670  auc:0.9963 ap:0.9880 f1: 0.9132 pred_right: 43887 pred_wrong:2913 actu_right: 43559 actu_wrong: 3241
2026-07-18 17:48:58,186 P327270 INFO pr:0.9556  rc:0.8439  auc:0.9947 ap:0.9818 f1: 0.8963 pred_right: 18029 pred_wrong:1171 actu_right: 17874 actu_wrong: 1326
2026-07-18 17:48:58,186 P327270 INFO ----------------------------------------------------------------------------------------------------
2026-07-18 17:48:58,186 P327270 INFO 51/300 starting... lr: 0.001 para:0.01923076994717121
2026-07-18 17:48:59,858 P327270 INFO Epoch 51/300, all_loss:1.45802 cls_loss:1.41540 rec_loss:3.63203 [1.67s]; best loss:1.36540, patience : 2
2026-07-18 17:49:00,456 P327270 INFO pr:0.9183  rc:0.9268  auc:0.9963 ap:0.9876 f1: 0.9226 pred_right: 43531 pred_wrong:3269 actu_right: 43561 actu_wrong: 3239
2026-07-18 17:49:00,689 P327270 INFO pr:0.9105  rc:0.9057  auc:0.9950 ap:0.9814 f1: 0.9081 pred_right: 17881 pred_wrong:1319 actu_right: 17874 actu_wrong: 1326
2026-07-18 17:49:00,694 P327270 INFO ----------------------------------------------------------------------------------------------------
2026-07-18 17:49:00,694 P327270 INFO 52/300 starting... lr: 0.001 para:0.01886792480945587
2026-07-18 17:49:02,488 P327270 INFO Epoch 52/300, all_loss:1.37424 cls_loss:1.32983 rec_loss:3.68372 [1.79s]; best loss:1.36540, patience : 2
2026-07-18 17:49:03,211 P327270 INFO pr:0.9257  rc:0.9260  auc:0.9963 ap:0.9880 f1: 0.9258 pred_right: 43557 pred_wrong:3243 actu_right: 43558 actu_wrong: 3242
2026-07-18 17:49:03,518 P327270 INFO pr:0.9210  rc:0.9050  auc:0.9953 ap:0.9835 f1: 0.9129 pred_right: 17897 pred_wrong:1303 actu_right: 17874 actu_wrong: 1326
2026-07-18 17:49:03,523 P327270 INFO ----------------------------------------------------------------------------------------------------
2026-07-18 17:49:03,523 P327270 INFO 53/300 starting... lr: 0.001 para:0.018518518656492233
2026-07-18 17:49:05,302 P327270 INFO Epoch 53/300, all_loss:1.38721 cls_loss:1.34363 rec_loss:3.69694 [1.78s]; best loss:1.36540, patience : 3
2026-07-18 17:49:06,051 P327270 INFO pr:0.9581  rc:0.8673  auc:0.9963 ap:0.9877 f1: 0.9104 pred_right: 43866 pred_wrong:2934 actu_right: 43559 actu_wrong: 3241
2026-07-18 17:49:06,339 P327270 INFO pr:0.9511  rc:0.8514  auc:0.9951 ap:0.9815 f1: 0.8985 pred_right: 18013 pred_wrong:1187 actu_right: 17874 actu_wrong: 1326
2026-07-18 17:49:06,340 P327270 INFO ----------------------------------------------------------------------------------------------------
2026-07-18 17:49:06,340 P327270 INFO 54/300 starting... lr: 0.001 para:0.0181818176060915
2026-07-18 17:49:08,071 P327270 INFO Epoch 54/300, all_loss:1.23521 cls_loss:1.18921 rec_loss:3.71926 [1.73s]; best loss:1.23521, patience : 0
2026-07-18 17:49:08,742 P327270 INFO pr:0.9375  rc:0.9071  auc:0.9964 ap:0.9874 f1: 0.9220 pred_right: 43665 pred_wrong:3135 actu_right: 43560 actu_wrong: 3240
2026-07-18 17:49:09,004 P327270 INFO pr:0.9319  rc:0.8876  auc:0.9951 ap:0.9828 f1: 0.9092 pred_right: 17937 pred_wrong:1263 actu_right: 17874 actu_wrong: 1326
2026-07-18 17:49:09,004 P327270 INFO ----------------------------------------------------------------------------------------------------
2026-07-18 17:49:09,004 P327270 INFO 55/300 starting... lr: 0.001 para:0.01785714365541935
2026-07-18 17:49:10,638 P327270 INFO Epoch 55/300, all_loss:1.55973 cls_loss:1.51961 rec_loss:3.76629 [1.63s]; best loss:1.23521, patience : 1
2026-07-18 17:49:11,300 P327270 INFO pr:0.9746  rc:0.8423  auc:0.9963 ap:0.9867 f1: 0.9036 pred_right: 44000 pred_wrong:2800 actu_right: 43560 actu_wrong: 3240
2026-07-18 17:49:11,587 P327270 INFO pr:0.9664  rc:0.8250  auc:0.9951 ap:0.9817 f1: 0.8902 pred_right: 18068 pred_wrong:1132 actu_right: 17874 actu_wrong: 1326
2026-07-18 17:49:11,588 P327270 INFO ----------------------------------------------------------------------------------------------------
2026-07-18 17:49:11,588 P327270 INFO 56/300 starting... lr: 0.001 para:0.017543859779834747
2026-07-18 17:49:13,232 P327270 INFO Epoch 56/300, all_loss:1.44684 cls_loss:1.40584 rec_loss:3.74272 [1.64s]; best loss:1.23521, patience : 1
2026-07-18 17:49:13,921 P327270 INFO pr:0.9058  rc:0.9402  auc:0.9965 ap:0.9884 f1: 0.9227 pred_right: 43435 pred_wrong:3365 actu_right: 43558 actu_wrong: 3242
2026-07-18 17:49:14,216 P327270 INFO pr:0.9014  rc:0.9238  auc:0.9953 ap:0.9831 f1: 0.9125 pred_right: 17841 pred_wrong:1359 actu_right: 17874 actu_wrong: 1326
2026-07-18 17:49:14,217 P327270 INFO ----------------------------------------------------------------------------------------------------
2026-07-18 17:49:14,217 P327270 INFO 57/300 starting... lr: 0.001 para:0.017241379246115685
2026-07-18 17:49:15,823 P327270 INFO Epoch 57/300, all_loss:1.24004 cls_loss:1.19616 rec_loss:3.74121 [1.61s]; best loss:1.23521, patience : 1
2026-07-18 17:49:16,437 P327270 INFO pr:0.8779  rc:0.9494  auc:0.9964 ap:0.9869 f1: 0.9122 pred_right: 43295 pred_wrong:3505 actu_right: 43559 actu_wrong: 3241
2026-07-18 17:49:16,703 P327270 INFO pr:0.8730  rc:0.9382  auc:0.9952 ap:0.9823 f1: 0.9044 pred_right: 17775 pred_wrong:1425 actu_right: 17874 actu_wrong: 1326
2026-07-18 17:49:16,704 P327270 INFO ----------------------------------------------------------------------------------------------------
2026-07-18 17:49:16,704 P327270 INFO 58/300 starting... lr: 0.001 para:0.016949152573943138
2026-07-18 17:49:18,401 P327270 INFO Epoch 58/300, all_loss:1.35323 cls_loss:1.31166 rec_loss:3.76413 [1.70s]; best loss:1.23521, patience : 2
2026-07-18 17:49:19,108 P327270 INFO pr:0.9273  rc:0.9321  auc:0.9965 ap:0.9883 f1: 0.9297 pred_right: 43542 pred_wrong:3258 actu_right: 43559 actu_wrong: 3241
2026-07-18 17:49:19,393 P327270 INFO pr:0.9200  rc:0.9103  auc:0.9954 ap:0.9830 f1: 0.9151 pred_right: 17888 pred_wrong:1312 actu_right: 17874 actu_wrong: 1326
2026-07-18 17:49:19,398 P327270 INFO ----------------------------------------------------------------------------------------------------
2026-07-18 17:49:19,399 P327270 INFO 59/300 starting... lr: 0.001 para:0.01666666753590107
2026-07-18 17:49:21,133 P327270 INFO Epoch 59/300, all_loss:1.28989 cls_loss:1.24758 rec_loss:3.78655 [1.73s]; best loss:1.23521, patience : 2
2026-07-18 17:49:21,830 P327270 INFO pr:0.9619  rc:0.8725  auc:0.9964 ap:0.9880 f1: 0.9150 pred_right: 43861 pred_wrong:2939 actu_right: 43560 actu_wrong: 3240
2026-07-18 17:49:22,119 P327270 INFO pr:0.9503  rc:0.8507  auc:0.9952 ap:0.9826 f1: 0.8977 pred_right: 18013 pred_wrong:1187 actu_right: 17874 actu_wrong: 1326
2026-07-18 17:49:22,120 P327270 INFO ----------------------------------------------------------------------------------------------------
2026-07-18 17:49:22,120 P327270 INFO 60/300 starting... lr: 0.001 para:0.016393441706895828
2026-07-18 17:49:23,916 P327270 INFO Epoch 60/300, all_loss:1.21378 cls_loss:1.17034 rec_loss:3.82002 [1.79s]; best loss:1.21378, patience : 0
2026-07-18 17:49:24,550 P327270 INFO pr:0.9384  rc:0.9164  auc:0.9964 ap:0.9878 f1: 0.9272 pred_right: 43636 pred_wrong:3164 actu_right: 43560 actu_wrong: 3240
2026-07-18 17:49:24,801 P327270 INFO pr:0.9394  rc:0.8997  auc:0.9953 ap:0.9834 f1: 0.9191 pred_right: 17930 pred_wrong:1270 actu_right: 17874 actu_wrong: 1326
2026-07-18 17:49:24,802 P327270 INFO ----------------------------------------------------------------------------------------------------
2026-07-18 17:49:24,802 P327270 INFO 61/300 starting... lr: 0.001 para:0.016129031777381897
2026-07-18 17:49:26,506 P327270 INFO Epoch 61/300, all_loss:1.22397 cls_loss:1.18129 rec_loss:3.82731 [1.70s]; best loss:1.21378, patience : 1
2026-07-18 17:49:27,150 P327270 INFO pr:0.9250  rc:0.9370  auc:0.9966 ap:0.9878 f1: 0.9310 pred_right: 43518 pred_wrong:3282 actu_right: 43560 actu_wrong: 3240
2026-07-18 17:49:27,414 P327270 INFO pr:0.9182  rc:0.9231  auc:0.9960 ap:0.9840 f1: 0.9206 pred_right: 17867 pred_wrong:1333 actu_right: 17874 actu_wrong: 1326
2026-07-18 17:49:27,419 P327270 INFO ----------------------------------------------------------------------------------------------------
2026-07-18 17:49:27,419 P327270 INFO 62/300 starting... lr: 0.001 para:0.01587301678955555
2026-07-18 17:49:29,119 P327270 INFO Epoch 62/300, all_loss:1.15452 cls_loss:1.11108 rec_loss:3.84793 [1.70s]; best loss:1.15452, patience : 0
2026-07-18 17:49:29,969 P327270 INFO pr:0.9724  rc:0.8364  auc:0.9957 ap:0.9876 f1: 0.8993 pred_right: 44013 pred_wrong:2787 actu_right: 43560 actu_wrong: 3240
2026-07-18 17:49:30,672 P327270 INFO pr:0.9637  rc:0.8198  auc:0.9947 ap:0.9819 f1: 0.8859 pred_right: 18072 pred_wrong:1128 actu_right: 17874 actu_wrong: 1326
2026-07-18 17:49:30,673 P327270 INFO ----------------------------------------------------------------------------------------------------
2026-07-18 17:49:30,673 P327270 INFO 63/300 starting... lr: 0.001 para:0.015625
2026-07-18 17:49:32,382 P327270 INFO Epoch 63/300, all_loss:1.24630 cls_loss:1.20437 rec_loss:3.88767 [1.71s]; best loss:1.15452, patience : 1
2026-07-18 17:49:32,919 P327270 INFO pr:0.9684  rc:0.8508  auc:0.9964 ap:0.9874 f1: 0.9058 pred_right: 43955 pred_wrong:2845 actu_right: 43562 actu_wrong: 3238
2026-07-18 17:49:33,141 P327270 INFO pr:0.9620  rc:0.8409  auc:0.9956 ap:0.9836 f1: 0.8974 pred_right: 18041 pred_wrong:1159 actu_right: 17874 actu_wrong: 1326
2026-07-18 17:49:33,141 P327270 INFO ----------------------------------------------------------------------------------------------------
2026-07-18 17:49:33,141 P327270 INFO 64/300 starting... lr: 0.001 para:0.015384615398943424
2026-07-18 17:49:34,473 P327270 INFO Epoch 64/300, all_loss:1.23327 cls_loss:1.19204 rec_loss:3.87235 [1.33s]; best loss:1.15452, patience : 1
2026-07-18 17:49:35,015 P327270 INFO pr:0.9710  rc:0.8686  auc:0.9966 ap:0.9901 f1: 0.9169 pred_right: 43901 pred_wrong:2899 actu_right: 43559 actu_wrong: 3241
2026-07-18 17:49:35,219 P327270 INFO pr:0.9684  rc:0.8560  auc:0.9957 ap:0.9844 f1: 0.9087 pred_right: 18028 pred_wrong:1172 actu_right: 17874 actu_wrong: 1326
2026-07-18 17:49:35,219 P327270 INFO ----------------------------------------------------------------------------------------------------
2026-07-18 17:49:35,219 P327270 INFO 65/300 starting... lr: 0.001 para:0.01515151560306549
2026-07-18 17:49:36,500 P327270 INFO Epoch 65/300, all_loss:1.36753 cls_loss:1.32943 rec_loss:3.84393 [1.28s]; best loss:1.15452, patience : 2
2026-07-18 17:49:37,019 P327270 INFO pr:0.9148  rc:0.9438  auc:0.9968 ap:0.9893 f1: 0.9291 pred_right: 43456 pred_wrong:3344 actu_right: 43559 actu_wrong: 3241
2026-07-18 17:49:37,236 P327270 INFO pr:0.9041  rc:0.9314  auc:0.9960 ap:0.9851 f1: 0.9175 pred_right: 17834 pred_wrong:1366 actu_right: 17874 actu_wrong: 1326
2026-07-18 17:49:37,236 P327270 INFO ----------------------------------------------------------------------------------------------------
2026-07-18 17:49:37,236 P327270 INFO 66/300 starting... lr: 0.001 para:0.014925372786819935
2026-07-18 17:49:38,774 P327270 INFO Epoch 66/300, all_loss:1.32575 cls_loss:1.28722 rec_loss:3.86845 [1.54s]; best loss:1.15452, patience : 2
2026-07-18 17:49:39,401 P327270 INFO pr:0.9378  rc:0.9398  auc:0.9970 ap:0.9904 f1: 0.9388 pred_right: 43553 pred_wrong:3247 actu_right: 43560 actu_wrong: 3240
2026-07-18 17:49:39,630 P327270 INFO pr:0.9288  rc:0.9246  auc:0.9962 ap:0.9854 f1: 0.9267 pred_right: 17880 pred_wrong:1320 actu_right: 17874 actu_wrong: 1326
2026-07-18 17:49:39,634 P327270 INFO ----------------------------------------------------------------------------------------------------
2026-07-18 17:49:39,634 P327270 INFO 67/300 starting... lr: 0.001 para:0.014705882407724857
2026-07-18 17:49:41,210 P327270 INFO Epoch 67/300, all_loss:1.14244 cls_loss:1.10152 rec_loss:3.88446 [1.57s]; best loss:1.14244, patience : 0
2026-07-18 17:49:41,831 P327270 INFO pr:0.9407  rc:0.9241  auc:0.9965 ap:0.9885 f1: 0.9323 pred_right: 43615 pred_wrong:3185 actu_right: 43558 actu_wrong: 3242
2026-07-18 17:49:42,103 P327270 INFO pr:0.9371  rc:0.8989  auc:0.9957 ap:0.9845 f1: 0.9176 pred_right: 17928 pred_wrong:1272 actu_right: 17874 actu_wrong: 1326
2026-07-18 17:49:42,103 P327270 INFO ----------------------------------------------------------------------------------------------------
2026-07-18 17:49:42,103 P327270 INFO 68/300 starting... lr: 0.001 para:0.014492753893136978
2026-07-18 17:49:43,550 P327270 INFO Epoch 68/300, all_loss:1.24551 cls_loss:1.20617 rec_loss:3.92034 [1.45s]; best loss:1.14244, patience : 1
2026-07-18 17:49:44,237 P327270 INFO pr:0.9069  rc:0.8960  auc:0.9954 ap:0.9816 f1: 0.9014 pred_right: 43599 pred_wrong:3201 actu_right: 43560 actu_wrong: 3240
2026-07-18 17:49:44,519 P327270 INFO pr:0.8941  rc:0.8846  auc:0.9946 ap:0.9769 f1: 0.8893 pred_right: 17888 pred_wrong:1312 actu_right: 17874 actu_wrong: 1326
2026-07-18 17:49:44,519 P327270 INFO ----------------------------------------------------------------------------------------------------
2026-07-18 17:49:44,519 P327270 INFO 69/300 starting... lr: 0.001 para:0.014285714365541935
2026-07-18 17:49:47,777 P327270 INFO Epoch 69/300, all_loss:1.33451 cls_loss:1.29628 rec_loss:3.97187 [3.26s]; best loss:1.14244, patience : 2
2026-07-18 17:49:49,294 P327270 INFO pr:0.9401  rc:0.9207  auc:0.9970 ap:0.9891 f1: 0.9303 pred_right: 43626 pred_wrong:3174 actu_right: 43559 actu_wrong: 3241
2026-07-18 17:49:50,101 P327270 INFO pr:0.9382  rc:0.9042  auc:0.9962 ap:0.9852 f1: 0.9209 pred_right: 17922 pred_wrong:1278 actu_right: 17874 actu_wrong: 1326
2026-07-18 17:49:50,102 P327270 INFO ----------------------------------------------------------------------------------------------------
2026-07-18 17:49:50,102 P327270 INFO 70/300 starting... lr: 0.001 para:0.014084506779909134
2026-07-18 17:49:53,900 P327270 INFO Epoch 70/300, all_loss:1.10902 cls_loss:1.06872 rec_loss:3.92957 [3.79s]; best loss:1.10902, patience : 0
2026-07-18 17:49:55,850 P327270 INFO pr:0.9778  rc:0.8445  auc:0.9969 ap:0.9894 f1: 0.9063 pred_right: 44001 pred_wrong:2799 actu_right: 43559 actu_wrong: 3241
2026-07-18 17:49:56,561 P327270 INFO pr:0.9626  rc:0.8356  auc:0.9962 ap:0.9850 f1: 0.8946 pred_right: 18049 pred_wrong:1151 actu_right: 17874 actu_wrong: 1326
2026-07-18 17:49:56,562 P327270 INFO ----------------------------------------------------------------------------------------------------
2026-07-18 17:49:56,562 P327270 INFO 71/300 starting... lr: 0.001 para:0.013888888992369175
2026-07-18 17:49:59,186 P327270 INFO Epoch 71/300, all_loss:1.47021 cls_loss:1.43503 rec_loss:3.96844 [2.62s]; best loss:1.10902, patience : 1
2026-07-18 17:49:59,923 P327270 INFO pr:0.9272  rc:0.9241  auc:0.9964 ap:0.9886 f1: 0.9256 pred_right: 43571 pred_wrong:3229 actu_right: 43560 actu_wrong: 3240
2026-07-18 17:50:00,192 P327270 INFO pr:0.9142  rc:0.9080  auc:0.9953 ap:0.9841 f1: 0.9111 pred_right: 17883 pred_wrong:1317 actu_right: 17874 actu_wrong: 1326
2026-07-18 17:50:00,193 P327270 INFO ----------------------------------------------------------------------------------------------------
2026-07-18 17:50:00,193 P327270 INFO 72/300 starting... lr: 0.001 para:0.013698630034923553
2026-07-18 17:50:01,972 P327270 INFO Epoch 72/300, all_loss:1.10318 cls_loss:1.06332 rec_loss:3.97293 [1.78s]; best loss:1.10318, patience : 0
2026-07-18 17:50:02,719 P327270 INFO pr:0.9583  rc:0.8873  auc:0.9971 ap:0.9892 f1: 0.9214 pred_right: 43802 pred_wrong:2998 actu_right: 43562 actu_wrong: 3238
2026-07-18 17:50:03,022 P327270 INFO pr:0.9496  rc:0.8801  auc:0.9962 ap:0.9839 f1: 0.9135 pred_right: 17971 pred_wrong:1229 actu_right: 17874 actu_wrong: 1326
2026-07-18 17:50:03,023 P327270 INFO ----------------------------------------------------------------------------------------------------
2026-07-18 17:50:03,023 P327270 INFO 73/300 starting... lr: 0.001 para:0.013513513840734959
2026-07-18 17:50:04,747 P327270 INFO Epoch 73/300, all_loss:1.13344 cls_loss:1.09430 rec_loss:3.99038 [1.72s]; best loss:1.10318, patience : 1
2026-07-18 17:50:05,456 P327270 INFO pr:0.9337  rc:0.9380  auc:0.9971 ap:0.9896 f1: 0.9359 pred_right: 43542 pred_wrong:3258 actu_right: 43557 actu_wrong: 3243
2026-07-18 17:50:05,779 P327270 INFO pr:0.9287  rc:0.9231  auc:0.9964 ap:0.9847 f1: 0.9259 pred_right: 17882 pred_wrong:1318 actu_right: 17874 actu_wrong: 1326
2026-07-18 17:50:05,780 P327270 INFO ----------------------------------------------------------------------------------------------------
2026-07-18 17:50:05,780 P327270 INFO 74/300 starting... lr: 0.001 para:0.013333333656191826
2026-07-18 17:50:07,559 P327270 INFO Epoch 74/300, all_loss:1.18260 cls_loss:1.14462 rec_loss:3.99292 [1.78s]; best loss:1.10318, patience : 2
2026-07-18 17:50:08,174 P327270 INFO pr:0.9226  rc:0.9485  auc:0.9971 ap:0.9901 f1: 0.9354 pred_right: 43467 pred_wrong:3333 actu_right: 43558 actu_wrong: 3242
2026-07-18 17:50:08,447 P327270 INFO pr:0.9150  rc:0.9336  auc:0.9966 ap:0.9860 f1: 0.9242 pred_right: 17847 pred_wrong:1353 actu_right: 17874 actu_wrong: 1326
2026-07-18 17:50:08,447 P327270 INFO ----------------------------------------------------------------------------------------------------
2026-07-18 17:50:08,448 P327270 INFO 75/300 starting... lr: 0.001 para:0.01315789483487606
2026-07-18 17:50:10,124 P327270 INFO Epoch 75/300, all_loss:1.09926 cls_loss:1.06038 rec_loss:4.01520 [1.67s]; best loss:1.09926, patience : 0
2026-07-18 17:50:10,705 P327270 INFO pr:0.9163  rc:0.9084  auc:0.9963 ap:0.9863 f1: 0.9123 pred_right: 43587 pred_wrong:3213 actu_right: 43559 actu_wrong: 3241
2026-07-18 17:50:10,954 P327270 INFO pr:0.9078  rc:0.8982  auc:0.9952 ap:0.9809 f1: 0.9030 pred_right: 17888 pred_wrong:1312 actu_right: 17874 actu_wrong: 1326
2026-07-18 17:50:10,955 P327270 INFO ----------------------------------------------------------------------------------------------------
2026-07-18 17:50:10,956 P327270 INFO 76/300 starting... lr: 0.001 para:0.012987012974917889
2026-07-18 17:50:12,609 P327270 INFO Epoch 76/300, all_loss:1.26140 cls_loss:1.22499 rec_loss:4.02805 [1.65s]; best loss:1.09926, patience : 1
2026-07-18 17:50:13,300 P327270 INFO pr:0.8908  rc:0.9340  auc:0.9963 ap:0.9858 f1: 0.9119 pred_right: 43403 pred_wrong:3397 actu_right: 43560 actu_wrong: 3240
2026-07-18 17:50:13,585 P327270 INFO pr:0.8839  rc:0.9133  auc:0.9954 ap:0.9811 f1: 0.8984 pred_right: 17830 pred_wrong:1370 actu_right: 17874 actu_wrong: 1326
2026-07-18 17:50:13,586 P327270 INFO ----------------------------------------------------------------------------------------------------
2026-07-18 17:50:13,586 P327270 INFO 77/300 starting... lr: 0.001 para:0.012820512987673283
2026-07-18 17:50:15,190 P327270 INFO Epoch 77/300, all_loss:1.16414 cls_loss:1.12693 rec_loss:4.02900 [1.60s]; best loss:1.09926, patience : 1
2026-07-18 17:50:15,837 P327270 INFO pr:0.9063  rc:0.9556  auc:0.9973 ap:0.9904 f1: 0.9303 pred_right: 43384 pred_wrong:3416 actu_right: 43560 actu_wrong: 3240
2026-07-18 17:50:16,079 P327270 INFO pr:0.8946  rc:0.9472  auc:0.9966 ap:0.9860 f1: 0.9201 pred_right: 17796 pred_wrong:1404 actu_right: 17874 actu_wrong: 1326
2026-07-18 17:50:16,079 P327270 INFO ----------------------------------------------------------------------------------------------------
2026-07-18 17:50:16,080 P327270 INFO 78/300 starting... lr: 0.001 para:0.012658228166401386
2026-07-18 17:50:17,773 P327270 INFO Epoch 78/300, all_loss:1.09511 cls_loss:1.05731 rec_loss:4.04325 [1.69s]; best loss:1.09511, patience : 0
2026-07-18 17:50:18,393 P327270 INFO pr:0.9410  rc:0.9027  auc:0.9969 ap:0.9882 f1: 0.9215 pred_right: 43696 pred_wrong:3104 actu_right: 43564 actu_wrong: 3236
2026-07-18 17:50:18,636 P327270 INFO pr:0.9276  rc:0.8989  auc:0.9962 ap:0.9826 f1: 0.9131 pred_right: 17915 pred_wrong:1285 actu_right: 17874 actu_wrong: 1326
2026-07-18 17:50:18,636 P327270 INFO ----------------------------------------------------------------------------------------------------
2026-07-18 17:50:18,636 P327270 INFO 79/300 starting... lr: 0.001 para:0.012500000186264515
2026-07-18 17:50:20,272 P327270 INFO Epoch 79/300, all_loss:1.21950 cls_loss:1.18351 rec_loss:4.06253 [1.63s]; best loss:1.09511, patience : 1
2026-07-18 17:50:20,957 P327270 INFO pr:0.9387  rc:0.9401  auc:0.9972 ap:0.9903 f1: 0.9394 pred_right: 43555 pred_wrong:3245 actu_right: 43560 actu_wrong: 3240
2026-07-18 17:50:21,243 P327270 INFO pr:0.9401  rc:0.9231  auc:0.9964 ap:0.9866 f1: 0.9315 pred_right: 17898 pred_wrong:1302 actu_right: 17874 actu_wrong: 1326
2026-07-18 17:50:21,248 P327270 INFO ----------------------------------------------------------------------------------------------------
2026-07-18 17:50:21,248 P327270 INFO 80/300 starting... lr: 0.001 para:0.012345679104328156
2026-07-18 17:50:22,900 P327270 INFO Epoch 80/300, all_loss:1.06393 cls_loss:1.02607 rec_loss:4.09272 [1.65s]; best loss:1.06393, patience : 0
2026-07-18 17:50:23,590 P327270 INFO pr:0.9075  rc:0.9562  auc:0.9969 ap:0.9899 f1: 0.9312 pred_right: 43384 pred_wrong:3416 actu_right: 43558 actu_wrong: 3242
2026-07-18 17:50:23,874 P327270 INFO pr:0.8980  rc:0.9367  auc:0.9961 ap:0.9843 f1: 0.9169 pred_right: 17817 pred_wrong:1383 actu_right: 17874 actu_wrong: 1326
2026-07-18 17:50:23,874 P327270 INFO ----------------------------------------------------------------------------------------------------
2026-07-18 17:50:23,874 P327270 INFO 81/300 starting... lr: 0.001 para:0.012195121496915817
2026-07-18 17:50:25,520 P327270 INFO Epoch 81/300, all_loss:1.18534 cls_loss:1.14934 rec_loss:4.10188 [1.65s]; best loss:1.06393, patience : 1
2026-07-18 17:50:26,122 P327270 INFO pr:0.9304  rc:0.9410  auc:0.9971 ap:0.9905 f1: 0.9357 pred_right: 43525 pred_wrong:3275 actu_right: 43562 actu_wrong: 3238
2026-07-18 17:50:26,368 P327270 INFO pr:0.9252  rc:0.9231  auc:0.9962 ap:0.9856 f1: 0.9241 pred_right: 17877 pred_wrong:1323 actu_right: 17874 actu_wrong: 1326
2026-07-18 17:50:26,369 P327270 INFO ----------------------------------------------------------------------------------------------------
2026-07-18 17:50:26,369 P327270 INFO 82/300 starting... lr: 0.001 para:0.012048192322254181
2026-07-18 17:50:28,045 P327270 INFO Epoch 82/300, all_loss:1.15846 cls_loss:1.12286 rec_loss:4.07805 [1.68s]; best loss:1.06393, patience : 1
2026-07-18 17:50:28,828 P327270 INFO pr:0.9534  rc:0.9341  auc:0.9971 ap:0.9902 f1: 0.9436 pred_right: 43621 pred_wrong:3179 actu_right: 43555 actu_wrong: 3245
2026-07-18 17:50:29,073 P327270 INFO pr:0.9426  rc:0.9170  auc:0.9963 ap:0.9867 f1: 0.9297 pred_right: 17910 pred_wrong:1290 actu_right: 17874 actu_wrong: 1326
2026-07-18 17:50:29,077 P327270 INFO ----------------------------------------------------------------------------------------------------
2026-07-18 17:50:29,077 P327270 INFO 83/300 starting... lr: 0.001 para:0.011904762126505375
2026-07-18 17:50:30,744 P327270 INFO Epoch 83/300, all_loss:1.11992 cls_loss:1.08405 rec_loss:4.09668 [1.67s]; best loss:1.06393, patience : 1
2026-07-18 17:50:31,360 P327270 INFO pr:0.9222  rc:0.9478  auc:0.9970 ap:0.9895 f1: 0.9349 pred_right: 43470 pred_wrong:3330 actu_right: 43560 actu_wrong: 3240
2026-07-18 17:50:31,644 P327270 INFO pr:0.9103  rc:0.9336  auc:0.9961 ap:0.9852 f1: 0.9218 pred_right: 17840 pred_wrong:1360 actu_right: 17874 actu_wrong: 1326
2026-07-18 17:50:31,645 P327270 INFO ----------------------------------------------------------------------------------------------------
2026-07-18 17:50:31,645 P327270 INFO 84/300 starting... lr: 0.001 para:0.0117647061124444
2026-07-18 17:50:33,390 P327270 INFO Epoch 84/300, all_loss:1.02944 cls_loss:0.99242 rec_loss:4.13907 [1.74s]; best loss:1.02944, patience : 0
2026-07-18 17:50:34,026 P327270 INFO pr:0.9501  rc:0.9275  auc:0.9967 ap:0.9898 f1: 0.9387 pred_right: 43635 pred_wrong:3165 actu_right: 43558 actu_wrong: 3242
2026-07-18 17:50:34,307 P327270 INFO pr:0.9445  rc:0.8989  auc:0.9948 ap:0.9851 f1: 0.9212 pred_right: 17938 pred_wrong:1262 actu_right: 17874 actu_wrong: 1326
2026-07-18 17:50:34,307 P327270 INFO ----------------------------------------------------------------------------------------------------
2026-07-18 17:50:34,308 P327270 INFO 85/300 starting... lr: 0.001 para:0.011627906933426857
2026-07-18 17:50:36,037 P327270 INFO Epoch 85/300, all_loss:1.10189 cls_loss:1.06599 rec_loss:4.15381 [1.73s]; best loss:1.02944, patience : 1
2026-07-18 17:50:36,658 P327270 INFO pr:0.9761  rc:0.8682  auc:0.9966 ap:0.9895 f1: 0.9190 pred_right: 43918 pred_wrong:2882 actu_right: 43560 actu_wrong: 3240
2026-07-18 17:50:36,916 P327270 INFO pr:0.9714  rc:0.8446  auc:0.9947 ap:0.9847 f1: 0.9036 pred_right: 18047 pred_wrong:1153 actu_right: 17874 actu_wrong: 1326
2026-07-18 17:50:36,916 P327270 INFO ----------------------------------------------------------------------------------------------------
2026-07-18 17:50:36,916 P327270 INFO 86/300 starting... lr: 0.001 para:0.01149425283074379
2026-07-18 17:50:38,622 P327270 INFO Epoch 86/300, all_loss:0.96608 cls_loss:0.92874 rec_loss:4.17712 [1.70s]; best loss:0.96608, patience : 0
2026-07-18 17:50:39,231 P327270 INFO pr:0.9702  rc:0.8953  auc:0.9971 ap:0.9911 f1: 0.9312 pred_right: 43813 pred_wrong:2987 actu_right: 43563 actu_wrong: 3237
2026-07-18 17:50:39,484 P327270 INFO pr:0.9596  rc:0.8786  auc:0.9957 ap:0.9857 f1: 0.9173 pred_right: 17986 pred_wrong:1214 actu_right: 17874 actu_wrong: 1326
2026-07-18 17:50:39,485 P327270 INFO ----------------------------------------------------------------------------------------------------
2026-07-18 17:50:39,485 P327270 INFO 87/300 starting... lr: 0.001 para:0.011363636702299118
2026-07-18 17:50:41,074 P327270 INFO Epoch 87/300, all_loss:1.23524 cls_loss:1.20169 rec_loss:4.15461 [1.59s]; best loss:0.96608, patience : 1
2026-07-18 17:50:41,744 P327270 INFO pr:0.9432  rc:0.8916  auc:0.9962 ap:0.9872 f1: 0.9167 pred_right: 43738 pred_wrong:3062 actu_right: 43561 actu_wrong: 3239
2026-07-18 17:50:42,031 P327270 INFO pr:0.9378  rc:0.8756  auc:0.9942 ap:0.9828 f1: 0.9056 pred_right: 17962 pred_wrong:1238 actu_right: 17874 actu_wrong: 1326
2026-07-18 17:50:42,031 P327270 INFO ----------------------------------------------------------------------------------------------------
2026-07-18 17:50:42,032 P327270 INFO 88/300 starting... lr: 0.001 para:0.01123595517128706
2026-07-18 17:50:43,706 P327270 INFO Epoch 88/300, all_loss:1.52297 cls_loss:1.49388 rec_loss:4.08248 [1.67s]; best loss:0.96608, patience : 2
2026-07-18 17:50:44,389 P327270 INFO pr:0.9588  rc:0.8828  auc:0.9968 ap:0.9874 f1: 0.9192 pred_right: 43816 pred_wrong:2984 actu_right: 43559 actu_wrong: 3241
2026-07-18 17:50:44,641 P327270 INFO pr:0.9514  rc:0.8718  auc:0.9951 ap:0.9835 f1: 0.9099 pred_right: 17985 pred_wrong:1215 actu_right: 17874 actu_wrong: 1326
2026-07-18 17:50:44,649 P327270 INFO ----------------------------------------------------------------------------------------------------
2026-07-18 17:50:44,649 P327270 INFO 89/300 starting... lr: 0.001 para:0.011111111380159855
2026-07-18 17:50:46,280 P327270 INFO Epoch 89/300, all_loss:1.07093 cls_loss:1.03759 rec_loss:4.03852 [1.63s]; best loss:0.96608, patience : 2
2026-07-18 17:50:46,926 P327270 INFO pr:0.9485  rc:0.9259  auc:0.9969 ap:0.9898 f1: 0.9370 pred_right: 43638 pred_wrong:3162 actu_right: 43561 actu_wrong: 3239
2026-07-18 17:50:47,204 P327270 INFO pr:0.9419  rc:0.9050  auc:0.9961 ap:0.9866 f1: 0.9231 pred_right: 17926 pred_wrong:1274 actu_right: 17874 actu_wrong: 1326
2026-07-18 17:50:47,205 P327270 INFO ----------------------------------------------------------------------------------------------------
2026-07-18 17:50:47,205 P327270 INFO 90/300 starting... lr: 0.001 para:0.010989011265337467
2026-07-18 17:50:48,827 P327270 INFO Epoch 90/300, all_loss:1.16061 cls_loss:1.12762 rec_loss:4.13025 [1.62s]; best loss:0.96608, patience : 3
2026-07-18 17:50:49,506 P327270 INFO pr:0.9663  rc:0.9132  auc:0.9969 ap:0.9890 f1: 0.9390 pred_right: 43740 pred_wrong:3060 actu_right: 43562 actu_wrong: 3238
2026-07-18 17:50:49,953 P327270 INFO pr:0.9595  rc:0.8929  auc:0.9958 ap:0.9852 f1: 0.9250 pred_right: 17966 pred_wrong:1234 actu_right: 17874 actu_wrong: 1326
2026-07-18 17:50:49,962 P327270 INFO ----------------------------------------------------------------------------------------------------
2026-07-18 17:50:49,962 P327270 INFO 91/300 starting... lr: 0.001 para:0.010869565419852734
2026-07-18 17:50:51,639 P327270 INFO Epoch 91/300, all_loss:1.14043 cls_loss:1.10660 rec_loss:4.21900 [1.68s]; best loss:0.96608, patience : 3
2026-07-18 17:50:52,240 P327270 INFO pr:0.9095  rc:0.9673  auc:0.9975 ap:0.9913 f1: 0.9375 pred_right: 43353 pred_wrong:3447 actu_right: 43559 actu_wrong: 3241
2026-07-18 17:50:52,496 P327270 INFO pr:0.9024  rc:0.9548  auc:0.9964 ap:0.9867 f1: 0.9278 pred_right: 17797 pred_wrong:1403 actu_right: 17874 actu_wrong: 1326
2026-07-18 17:50:52,496 P327270 INFO ----------------------------------------------------------------------------------------------------
2026-07-18 17:50:52,497 P327270 INFO 92/300 starting... lr: 0.001 para:0.01075268816202879
2026-07-18 17:50:54,183 P327270 INFO Epoch 92/300, all_loss:0.97929 cls_loss:0.94405 rec_loss:4.22138 [1.69s]; best loss:0.96608, patience : 3
2026-07-18 17:50:54,843 P327270 INFO pr:0.9654  rc:0.9213  auc:0.9974 ap:0.9926 f1: 0.9428 pred_right: 43707 pred_wrong:3093 actu_right: 43559 actu_wrong: 3241
2026-07-18 17:50:55,094 P327270 INFO pr:0.9575  rc:0.9012  auc:0.9966 ap:0.9884 f1: 0.9285 pred_right: 17952 pred_wrong:1248 actu_right: 17874 actu_wrong: 1326
2026-07-18 17:50:55,094 P327270 INFO ----------------------------------------------------------------------------------------------------
2026-07-18 17:50:55,094 P327270 INFO 93/300 starting... lr: 0.001 para:0.010638297535479069
2026-07-18 17:50:56,726 P327270 INFO Epoch 93/300, all_loss:1.10707 cls_loss:1.07334 rec_loss:4.24415 [1.62s]; best loss:0.96608, patience : 4
2026-07-18 17:50:57,339 P327270 INFO pr:0.9040  rc:0.9639  auc:0.9974 ap:0.9918 f1: 0.9330 pred_right: 43340 pred_wrong:3460 actu_right: 43555 actu_wrong: 3245
2026-07-18 17:50:57,682 P327270 INFO pr:0.8890  rc:0.9548  auc:0.9969 ap:0.9855 f1: 0.9207 pred_right: 17776 pred_wrong:1424 actu_right: 17874 actu_wrong: 1326
2026-07-18 17:50:57,683 P327270 INFO ----------------------------------------------------------------------------------------------------
2026-07-18 17:50:57,683 P327270 INFO 94/300 starting... lr: 0.001 para:0.010526316240429878
2026-07-18 17:50:59,312 P327270 INFO Epoch 94/300, all_loss:1.00970 cls_loss:0.97440 rec_loss:4.32798 [1.63s]; best loss:0.96608, patience : 4
2026-07-18 17:50:59,983 P327270 INFO pr:0.9476  rc:0.9488  auc:0.9973 ap:0.9910 f1: 0.9482 pred_right: 43555 pred_wrong:3245 actu_right: 43559 actu_wrong: 3241
2026-07-18 17:51:00,265 P327270 INFO pr:0.9396  rc:0.9261  auc:0.9965 ap:0.9858 f1: 0.9328 pred_right: 17893 pred_wrong:1307 actu_right: 17874 actu_wrong: 1326
2026-07-18 17:51:00,269 P327270 INFO ----------------------------------------------------------------------------------------------------
2026-07-18 17:51:00,272 P327270 INFO 95/300 starting... lr: 0.001 para:0.010416666977107525
2026-07-18 17:51:01,917 P327270 INFO Epoch 95/300, all_loss:1.01536 cls_loss:0.98027 rec_loss:4.34893 [1.64s]; best loss:0.96608, patience : 5
2026-07-18 17:51:02,524 P327270 INFO pr:0.8836  rc:0.9645  auc:0.9970 ap:0.9894 f1: 0.9223 pred_right: 43260 pred_wrong:3540 actu_right: 43557 actu_wrong: 3243
2026-07-18 17:51:02,769 P327270 INFO pr:0.8768  rc:0.9502  auc:0.9961 ap:0.9847 f1: 0.9121 pred_right: 17763 pred_wrong:1437 actu_right: 17874 actu_wrong: 1326
2026-07-18 17:51:02,769 P327270 INFO ----------------------------------------------------------------------------------------------------
2026-07-18 17:51:02,770 P327270 INFO 96/300 starting... lr: 0.001 para:0.010309278033673763
2026-07-18 17:51:04,461 P327270 INFO Epoch 96/300, all_loss:0.92904 cls_loss:0.89345 rec_loss:4.34507 [1.69s]; best loss:0.92904, patience : 0
2026-07-18 17:51:05,215 P327270 INFO pr:0.9491  rc:0.9380  auc:0.9968 ap:0.9908 f1: 0.9435 pred_right: 43598 pred_wrong:3202 actu_right: 43560 actu_wrong: 3240
2026-07-18 17:51:06,054 P327270 INFO pr:0.9404  rc:0.9163  auc:0.9961 ap:0.9865 f1: 0.9282 pred_right: 17908 pred_wrong:1292 actu_right: 17874 actu_wrong: 1326
2026-07-18 17:51:06,055 P327270 INFO ----------------------------------------------------------------------------------------------------
2026-07-18 17:51:06,055 P327270 INFO 97/300 starting... lr: 0.001 para:0.010204081423580647
2026-07-18 17:51:08,211 P327270 INFO Epoch 97/300, all_loss:0.96261 cls_loss:0.92793 rec_loss:4.32627 [2.16s]; best loss:0.92904, patience : 1
2026-07-18 17:51:08,733 P327270 INFO pr:0.9790  rc:0.8789  auc:0.9973 ap:0.9921 f1: 0.9263 pred_right: 43893 pred_wrong:2907 actu_right: 43562 actu_wrong: 3238
2026-07-18 17:51:08,962 P327270 INFO pr:0.9745  rc:0.8658  auc:0.9964 ap:0.9877 f1: 0.9169 pred_right: 18022 pred_wrong:1178 actu_right: 17874 actu_wrong: 1326
2026-07-18 17:51:08,962 P327270 INFO ----------------------------------------------------------------------------------------------------
2026-07-18 17:51:08,962 P327270 INFO 98/300 starting... lr: 0.001 para:0.010101010091602802
2026-07-18 17:51:10,370 P327270 INFO Epoch 98/300, all_loss:0.92176 cls_loss:0.88680 rec_loss:4.34807 [1.40s]; best loss:0.92176, patience : 0
2026-07-18 17:51:10,845 P327270 INFO pr:0.9552  rc:0.9407  auc:0.9974 ap:0.9924 f1: 0.9479 pred_right: 43609 pred_wrong:3191 actu_right: 43560 actu_wrong: 3240
2026-07-18 17:51:11,103 P327270 INFO pr:0.9501  rc:0.9193  auc:0.9965 ap:0.9880 f1: 0.9345 pred_right: 17917 pred_wrong:1283 actu_right: 17874 actu_wrong: 1326
2026-07-18 17:51:11,103 P327270 INFO ----------------------------------------------------------------------------------------------------
2026-07-18 17:51:11,103 P327270 INFO 99/300 starting... lr: 0.001 para:0.01
2026-07-18 17:51:12,421 P327270 INFO Epoch 99/300, all_loss:1.04373 cls_loss:1.01009 rec_loss:4.37440 [1.32s]; best loss:0.92176, patience : 1
2026-07-18 17:51:13,012 P327270 INFO pr:0.8919  rc:0.9664  auc:0.9973 ap:0.9913 f1: 0.9276 pred_right: 43286 pred_wrong:3514 actu_right: 43557 actu_wrong: 3243
2026-07-18 17:51:13,262 P327270 INFO pr:0.8827  rc:0.9593  auc:0.9966 ap:0.9868 f1: 0.9194 pred_right: 17759 pred_wrong:1441 actu_right: 17874 actu_wrong: 1326
2026-07-18 17:51:13,263 P327270 INFO ----------------------------------------------------------------------------------------------------
2026-07-18 17:51:13,263 P327270 INFO 100/300 starting... lr: 0.0009000000000000001 para:0.01
2026-07-18 17:51:14,760 P327270 INFO Epoch 100/300, all_loss:0.87231 cls_loss:0.83705 rec_loss:4.36317 [1.49s]; best loss:0.87231, patience : 0
2026-07-18 17:51:15,334 P327270 INFO pr:0.9491  rc:0.9192  auc:0.9975 ap:0.9899 f1: 0.9339 pred_right: 43658 pred_wrong:3142 actu_right: 43556 actu_wrong: 3244
2026-07-18 17:51:15,587 P327270 INFO pr:0.9352  rc:0.9027  auc:0.9965 ap:0.9854 f1: 0.9186 pred_right: 17920 pred_wrong:1280 actu_right: 17874 actu_wrong: 1326
2026-07-18 17:51:15,587 P327270 INFO ----------------------------------------------------------------------------------------------------
2026-07-18 17:51:15,588 P327270 INFO 101/300 starting... lr: 0.0009000000000000001 para:0.01
2026-07-18 17:51:17,190 P327270 INFO Epoch 101/300, all_loss:0.86907 cls_loss:0.83303 rec_loss:4.43751 [1.60s]; best loss:0.86907, patience : 0
2026-07-18 17:51:17,837 P327270 INFO pr:0.8778  rc:0.9670  auc:0.9971 ap:0.9891 f1: 0.9202 pred_right: 43232 pred_wrong:3568 actu_right: 43561 actu_wrong: 3239
2026-07-18 17:51:18,071 P327270 INFO pr:0.8744  rc:0.9555  auc:0.9962 ap:0.9852 f1: 0.9132 pred_right: 17751 pred_wrong:1449 actu_right: 17874 actu_wrong: 1326
2026-07-18 17:51:18,071 P327270 INFO ----------------------------------------------------------------------------------------------------
2026-07-18 17:51:18,071 P327270 INFO 102/300 starting... lr: 0.0009000000000000001 para:0.01
2026-07-18 17:51:19,605 P327270 INFO Epoch 102/300, all_loss:1.02522 cls_loss:0.99051 rec_loss:4.46130 [1.53s]; best loss:0.86907, patience : 1
2026-07-18 17:51:20,507 P327270 INFO pr:0.9540  rc:0.9540  auc:0.9975 ap:0.9928 f1: 0.9540 pred_right: 43558 pred_wrong:3242 actu_right: 43558 actu_wrong: 3242
2026-07-18 17:51:21,354 P327270 INFO pr:0.9465  rc:0.9336  auc:0.9965 ap:0.9880 f1: 0.9400 pred_right: 17892 pred_wrong:1308 actu_right: 17874 actu_wrong: 1326
2026-07-18 17:51:21,360 P327270 INFO ----------------------------------------------------------------------------------------------------
2026-07-18 17:51:21,360 P327270 INFO 103/300 starting... lr: 0.0009000000000000001 para:0.01
2026-07-18 17:51:25,493 P327270 INFO Epoch 103/300, all_loss:0.97131 cls_loss:0.93584 rec_loss:4.48368 [4.13s]; best loss:0.86907, patience : 1
2026-07-18 17:51:26,739 P327270 INFO pr:0.8795  rc:0.9707  auc:0.9973 ap:0.9905 f1: 0.9229 pred_right: 43222 pred_wrong:3578 actu_right: 43558 actu_wrong: 3242
2026-07-18 17:51:27,321 P327270 INFO pr:0.8766  rc:0.9593  auc:0.9965 ap:0.9864 f1: 0.9161 pred_right: 17749 pred_wrong:1451 actu_right: 17874 actu_wrong: 1326
2026-07-18 17:51:27,322 P327270 INFO ----------------------------------------------------------------------------------------------------
2026-07-18 17:51:27,322 P327270 INFO 104/300 starting... lr: 0.0009000000000000001 para:0.01
2026-07-18 17:51:31,435 P327270 INFO Epoch 104/300, all_loss:0.98606 cls_loss:0.95073 rec_loss:4.48360 [4.11s]; best loss:0.86907, patience : 2
2026-07-18 17:51:32,743 P327270 INFO pr:0.9038  rc:0.9448  auc:0.9967 ap:0.9890 f1: 0.9238 pred_right: 43411 pred_wrong:3389 actu_right: 43558 actu_wrong: 3242
2026-07-18 17:51:33,089 P327270 INFO pr:0.9015  rc:0.9246  auc:0.9960 ap:0.9853 f1: 0.9129 pred_right: 17840 pred_wrong:1360 actu_right: 17874 actu_wrong: 1326
2026-07-18 17:51:33,089 P327270 INFO ----------------------------------------------------------------------------------------------------
2026-07-18 17:51:33,089 P327270 INFO 105/300 starting... lr: 0.0009000000000000001 para:0.01
2026-07-18 17:51:35,304 P327270 INFO Epoch 105/300, all_loss:0.80746 cls_loss:0.76956 rec_loss:4.56030 [2.21s]; best loss:0.80746, patience : 0
2026-07-18 17:51:36,006 P327270 INFO pr:0.9077  rc:0.9593  auc:0.9975 ap:0.9908 f1: 0.9328 pred_right: 43376 pred_wrong:3424 actu_right: 43560 actu_wrong: 3240
2026-07-18 17:51:36,261 P327270 INFO pr:0.8977  rc:0.9465  auc:0.9965 ap:0.9868 f1: 0.9214 pred_right: 17802 pred_wrong:1398 actu_right: 17874 actu_wrong: 1326
2026-07-18 17:51:36,262 P327270 INFO ----------------------------------------------------------------------------------------------------
2026-07-18 17:51:36,262 P327270 INFO 106/300 starting... lr: 0.0009000000000000001 para:0.01
2026-07-18 17:51:37,994 P327270 INFO Epoch 106/300, all_loss:1.02474 cls_loss:0.98931 rec_loss:4.53213 [1.73s]; best loss:0.80746, patience : 1
2026-07-18 17:51:38,615 P327270 INFO pr:0.9562  rc:0.9494  auc:0.9975 ap:0.9921 f1: 0.9528 pred_right: 43582 pred_wrong:3218 actu_right: 43559 actu_wrong: 3241
2026-07-18 17:51:38,884 P327270 INFO pr:0.9423  rc:0.9238  auc:0.9967 ap:0.9871 f1: 0.9330 pred_right: 17900 pred_wrong:1300 actu_right: 17874 actu_wrong: 1326
2026-07-18 17:51:38,885 P327270 INFO ----------------------------------------------------------------------------------------------------
2026-07-18 17:51:38,885 P327270 INFO 107/300 starting... lr: 0.0009000000000000001 para:0.01
2026-07-18 17:51:40,617 P327270 INFO Epoch 107/300, all_loss:0.81699 cls_loss:0.77923 rec_loss:4.55585 [1.73s]; best loss:0.80746, patience : 1
2026-07-18 17:51:41,220 P327270 INFO pr:0.9037  rc:0.9651  auc:0.9972 ap:0.9898 f1: 0.9334 pred_right: 43342 pred_wrong:3458 actu_right: 43562 actu_wrong: 3238
2026-07-18 17:51:41,489 P327270 INFO pr:0.8951  rc:0.9457  auc:0.9963 ap:0.9857 f1: 0.9197 pred_right: 17799 pred_wrong:1401 actu_right: 17874 actu_wrong: 1326
2026-07-18 17:51:41,490 P327270 INFO ----------------------------------------------------------------------------------------------------
2026-07-18 17:51:41,490 P327270 INFO 108/300 starting... lr: 0.0009000000000000001 para:0.01
2026-07-18 17:51:43,134 P327270 INFO Epoch 108/300, all_loss:0.81654 cls_loss:0.77867 rec_loss:4.56626 [1.64s]; best loss:0.80746, patience : 1
2026-07-18 17:51:43,815 P327270 INFO pr:0.9682  rc:0.9308  auc:0.9973 ap:0.9917 f1: 0.9491 pred_right: 43687 pred_wrong:3113 actu_right: 43562 actu_wrong: 3238
2026-07-18 17:51:44,087 P327270 INFO pr:0.9593  rc:0.9057  auc:0.9963 ap:0.9872 f1: 0.9317 pred_right: 17948 pred_wrong:1252 actu_right: 17874 actu_wrong: 1326
2026-07-18 17:51:44,087 P327270 INFO ----------------------------------------------------------------------------------------------------
2026-07-18 17:51:44,087 P327270 INFO 109/300 starting... lr: 0.0009000000000000001 para:0.01
2026-07-18 17:51:45,753 P327270 INFO Epoch 109/300, all_loss:1.02136 cls_loss:0.98502 rec_loss:4.61952 [1.66s]; best loss:0.80746, patience : 2
2026-07-18 17:51:46,325 P327270 INFO pr:0.9817  rc:0.8923  auc:0.9977 ap:0.9920 f1: 0.9348 pred_right: 43856 pred_wrong:2944 actu_right: 43561 actu_wrong: 3239
2026-07-18 17:51:46,566 P327270 INFO pr:0.9707  rc:0.8748  auc:0.9966 ap:0.9879 f1: 0.9203 pred_right: 18005 pred_wrong:1195 actu_right: 17874 actu_wrong: 1326
2026-07-18 17:51:46,566 P327270 INFO ----------------------------------------------------------------------------------------------------
2026-07-18 17:51:46,566 P327270 INFO 110/300 starting... lr: 0.0009000000000000001 para:0.01
2026-07-18 17:51:48,238 P327270 INFO Epoch 110/300, all_loss:0.97704 cls_loss:0.94035 rec_loss:4.60985 [1.67s]; best loss:0.80746, patience : 2
2026-07-18 17:51:48,952 P327270 INFO pr:0.9519  rc:0.9577  auc:0.9976 ap:0.9923 f1: 0.9548 pred_right: 43539 pred_wrong:3261 actu_right: 43559 actu_wrong: 3241
2026-07-18 17:51:49,241 P327270 INFO pr:0.9447  rc:0.9412  auc:0.9969 ap:0.9883 f1: 0.9430 pred_right: 17879 pred_wrong:1321 actu_right: 17874 actu_wrong: 1326
2026-07-18 17:51:49,246 P327270 INFO ----------------------------------------------------------------------------------------------------
2026-07-18 17:51:49,246 P327270 INFO 111/300 starting... lr: 0.0009000000000000001 para:0.01
2026-07-18 17:51:50,993 P327270 INFO Epoch 111/300, all_loss:0.78403 cls_loss:0.74514 rec_loss:4.63417 [1.74s]; best loss:0.78403, patience : 0
2026-07-18 17:51:51,744 P327270 INFO pr:0.9649  rc:0.9155  auc:0.9969 ap:0.9904 f1: 0.9395 pred_right: 43724 pred_wrong:3076 actu_right: 43558 actu_wrong: 3242
2026-07-18 17:51:52,021 P327270 INFO pr:0.9537  rc:0.9012  auc:0.9963 ap:0.9869 f1: 0.9267 pred_right: 17947 pred_wrong:1253 actu_right: 17874 actu_wrong: 1326
2026-07-18 17:51:52,022 P327270 INFO ----------------------------------------------------------------------------------------------------
2026-07-18 17:51:52,022 P327270 INFO 112/300 starting... lr: 0.0009000000000000001 para:0.01
2026-07-18 17:51:53,709 P327270 INFO Epoch 112/300, all_loss:0.83245 cls_loss:0.79380 rec_loss:4.65887 [1.69s]; best loss:0.78403, patience : 1
2026-07-18 17:51:54,414 P327270 INFO pr:0.9764  rc:0.9212  auc:0.9972 ap:0.9919 f1: 0.9480 pred_right: 43746 pred_wrong:3054 actu_right: 43563 actu_wrong: 3237
2026-07-18 17:51:54,711 P327270 INFO pr:0.9721  rc:0.8944  auc:0.9965 ap:0.9890 f1: 0.9317 pred_right: 17980 pred_wrong:1220 actu_right: 17874 actu_wrong: 1326
2026-07-18 17:51:54,712 P327270 INFO ----------------------------------------------------------------------------------------------------
2026-07-18 17:51:54,712 P327270 INFO 113/300 starting... lr: 0.0009000000000000001 para:0.01
2026-07-18 17:51:56,495 P327270 INFO Epoch 113/300, all_loss:0.78845 cls_loss:0.74903 rec_loss:4.69090 [1.78s]; best loss:0.78403, patience : 1
2026-07-18 17:51:57,195 P327270 INFO pr:0.9725  rc:0.9362  auc:0.9972 ap:0.9928 f1: 0.9540 pred_right: 43678 pred_wrong:3122 actu_right: 43557 actu_wrong: 3243
2026-07-18 17:51:57,481 P327270 INFO pr:0.9718  rc:0.9087  auc:0.9965 ap:0.9887 f1: 0.9392 pred_right: 17960 pred_wrong:1240 actu_right: 17874 actu_wrong: 1326
2026-07-18 17:51:57,482 P327270 INFO ----------------------------------------------------------------------------------------------------
2026-07-18 17:51:57,482 P327270 INFO 114/300 starting... lr: 0.0009000000000000001 para:0.01
2026-07-18 17:51:59,146 P327270 INFO Epoch 114/300, all_loss:0.85866 cls_loss:0.81968 rec_loss:4.71761 [1.66s]; best loss:0.78403, patience : 2
2026-07-18 17:51:59,896 P327270 INFO pr:0.9623  rc:0.9365  auc:0.9977 ap:0.9919 f1: 0.9492 pred_right: 43644 pred_wrong:3156 actu_right: 43557 actu_wrong: 3243
2026-07-18 17:52:00,208 P327270 INFO pr:0.9546  rc:0.9193  auc:0.9968 ap:0.9869 f1: 0.9366 pred_right: 17923 pred_wrong:1277 actu_right: 17874 actu_wrong: 1326
2026-07-18 17:52:00,208 P327270 INFO ----------------------------------------------------------------------------------------------------
2026-07-18 17:52:00,209 P327270 INFO 115/300 starting... lr: 0.0009000000000000001 para:0.01
2026-07-18 17:52:01,874 P327270 INFO Epoch 115/300, all_loss:0.82442 cls_loss:0.78539 rec_loss:4.68862 [1.67s]; best loss:0.78403, patience : 2
2026-07-18 17:52:02,476 P327270 INFO pr:0.9504  rc:0.9169  auc:0.9973 ap:0.9894 f1: 0.9334 pred_right: 43675 pred_wrong:3125 actu_right: 43561 actu_wrong: 3239
2026-07-18 17:52:02,737 P327270 INFO pr:0.9435  rc:0.9065  auc:0.9964 ap:0.9855 f1: 0.9246 pred_right: 17926 pred_wrong:1274 actu_right: 17874 actu_wrong: 1326
2026-07-18 17:52:02,737 P327270 INFO ----------------------------------------------------------------------------------------------------
2026-07-18 17:52:02,737 P327270 INFO 116/300 starting... lr: 0.0009000000000000001 para:0.01
2026-07-18 17:52:04,370 P327270 INFO Epoch 116/300, all_loss:1.07636 cls_loss:1.04002 rec_loss:4.67330 [1.63s]; best loss:0.78403, patience : 3
2026-07-18 17:52:04,934 P327270 INFO pr:0.9782  rc:0.8721  auc:0.9973 ap:0.9908 f1: 0.9221 pred_right: 43908 pred_wrong:2892 actu_right: 43556 actu_wrong: 3244
2026-07-18 17:52:05,180 P327270 INFO pr:0.9710  rc:0.8590  auc:0.9961 ap:0.9865 f1: 0.9116 pred_right: 18027 pred_wrong:1173 actu_right: 17874 actu_wrong: 1326
2026-07-18 17:52:05,181 P327270 INFO ----------------------------------------------------------------------------------------------------
2026-07-18 17:52:05,181 P327270 INFO 117/300 starting... lr: 0.0009000000000000001 para:0.01
2026-07-18 17:52:06,828 P327270 INFO Epoch 117/300, all_loss:0.89691 cls_loss:0.85883 rec_loss:4.66667 [1.65s]; best loss:0.78403, patience : 3
2026-07-18 17:52:07,564 P327270 INFO pr:0.9677  rc:0.9068  auc:0.9972 ap:0.9897 f1: 0.9363 pred_right: 43763 pred_wrong:3037 actu_right: 43559 actu_wrong: 3241
2026-07-18 17:52:07,858 P327270 INFO pr:0.9501  rc:0.8906  auc:0.9962 ap:0.9862 f1: 0.9194 pred_right: 17957 pred_wrong:1243 actu_right: 17874 actu_wrong: 1326
2026-07-18 17:52:07,858 P327270 INFO ----------------------------------------------------------------------------------------------------
2026-07-18 17:52:07,858 P327270 INFO 118/300 starting... lr: 0.0009000000000000001 para:0.01
2026-07-18 17:52:09,539 P327270 INFO Epoch 118/300, all_loss:0.78129 cls_loss:0.74169 rec_loss:4.70133 [1.68s]; best loss:0.78129, patience : 0
2026-07-18 17:52:10,187 P327270 INFO pr:0.9522  rc:0.9596  auc:0.9974 ap:0.9932 f1: 0.9559 pred_right: 43533 pred_wrong:3267 actu_right: 43558 actu_wrong: 3242
2026-07-18 17:52:10,455 P327270 INFO pr:0.9443  rc:0.9336  auc:0.9946 ap:0.9867 f1: 0.9389 pred_right: 17889 pred_wrong:1311 actu_right: 17874 actu_wrong: 1326
2026-07-18 17:52:10,460 P327270 INFO ----------------------------------------------------------------------------------------------------
2026-07-18 17:52:10,460 P327270 INFO 119/300 starting... lr: 0.0009000000000000001 para:0.01
2026-07-18 17:52:12,156 P327270 INFO Epoch 119/300, all_loss:0.84200 cls_loss:0.80273 rec_loss:4.72986 [1.70s]; best loss:0.78129, patience : 1
2026-07-18 17:52:12,847 P327270 INFO pr:0.9578  rc:0.9596  auc:0.9975 ap:0.9924 f1: 0.9587 pred_right: 43553 pred_wrong:3247 actu_right: 43559 actu_wrong: 3241
2026-07-18 17:52:13,151 P327270 INFO pr:0.9512  rc:0.9412  auc:0.9969 ap:0.9887 f1: 0.9462 pred_right: 17888 pred_wrong:1312 actu_right: 17874 actu_wrong: 1326
2026-07-18 17:52:13,155 P327270 INFO ----------------------------------------------------------------------------------------------------
2026-07-18 17:52:13,155 P327270 INFO 120/300 starting... lr: 0.0009000000000000001 para:0.01
2026-07-18 17:52:14,792 P327270 INFO Epoch 120/300, all_loss:0.93693 cls_loss:0.89786 rec_loss:4.80534 [1.64s]; best loss:0.78129, patience : 2
2026-07-18 17:52:15,468 P327270 INFO pr:0.9426  rc:0.9583  auc:0.9977 ap:0.9924 f1: 0.9504 pred_right: 43507 pred_wrong:3293 actu_right: 43561 actu_wrong: 3239
2026-07-18 17:52:15,778 P327270 INFO pr:0.9377  rc:0.9419  auc:0.9966 ap:0.9882 f1: 0.9398 pred_right: 17868 pred_wrong:1332 actu_right: 17874 actu_wrong: 1326
2026-07-18 17:52:15,778 P327270 INFO ----------------------------------------------------------------------------------------------------
2026-07-18 17:52:15,778 P327270 INFO 121/300 starting... lr: 0.0009000000000000001 para:0.01
2026-07-18 17:52:17,488 P327270 INFO Epoch 121/300, all_loss:0.79734 cls_loss:0.75725 rec_loss:4.76664 [1.71s]; best loss:0.78129, patience : 2
2026-07-18 17:52:18,269 P327270 INFO pr:0.9241  rc:0.9682  auc:0.9976 ap:0.9924 f1: 0.9456 pred_right: 43403 pred_wrong:3397 actu_right: 43558 actu_wrong: 3242
2026-07-18 17:52:18,557 P327270 INFO pr:0.9247  rc:0.9532  auc:0.9968 ap:0.9883 f1: 0.9387 pred_right: 17833 pred_wrong:1367 actu_right: 17874 actu_wrong: 1326
2026-07-18 17:52:18,558 P327270 INFO ----------------------------------------------------------------------------------------------------
2026-07-18 17:52:18,558 P327270 INFO 122/300 starting... lr: 0.0009000000000000001 para:0.01
2026-07-18 17:52:20,292 P327270 INFO Epoch 122/300, all_loss:0.86789 cls_loss:0.82818 rec_loss:4.79885 [1.73s]; best loss:0.78129, patience : 3
2026-07-18 17:52:20,960 P327270 INFO pr:0.9351  rc:0.9559  auc:0.9971 ap:0.9914 f1: 0.9454 pred_right: 43488 pred_wrong:3312 actu_right: 43560 actu_wrong: 3240
2026-07-18 17:52:21,240 P327270 INFO pr:0.9283  rc:0.9374  auc:0.9962 ap:0.9871 f1: 0.9328 pred_right: 17861 pred_wrong:1339 actu_right: 17874 actu_wrong: 1326
2026-07-18 17:52:21,241 P327270 INFO ----------------------------------------------------------------------------------------------------
2026-07-18 17:52:21,241 P327270 INFO 123/300 starting... lr: 0.0009000000000000001 para:0.01
2026-07-18 17:52:22,927 P327270 INFO Epoch 123/300, all_loss:0.82266 cls_loss:0.78272 rec_loss:4.77607 [1.69s]; best loss:0.78129, patience : 3
2026-07-18 17:52:23,615 P327270 INFO pr:0.9626  rc:0.9142  auc:0.9972 ap:0.9895 f1: 0.9378 pred_right: 43722 pred_wrong:3078 actu_right: 43559 actu_wrong: 3241
2026-07-18 17:52:23,903 P327270 INFO pr:0.9448  rc:0.9027  auc:0.9963 ap:0.9851 f1: 0.9233 pred_right: 17933 pred_wrong:1267 actu_right: 17874 actu_wrong: 1326
2026-07-18 17:52:23,903 P327270 INFO ----------------------------------------------------------------------------------------------------
2026-07-18 17:52:23,903 P327270 INFO 124/300 starting... lr: 0.0009000000000000001 para:0.01
2026-07-18 17:52:25,528 P327270 INFO Epoch 124/300, all_loss:0.98366 cls_loss:0.94536 rec_loss:4.77583 [1.62s]; best loss:0.78129, patience : 4
2026-07-18 17:52:26,182 P327270 INFO pr:0.9102  rc:0.9503  auc:0.9970 ap:0.9898 f1: 0.9298 pred_right: 43416 pred_wrong:3384 actu_right: 43559 actu_wrong: 3241
2026-07-18 17:52:26,444 P327270 INFO pr:0.9017  rc:0.9336  auc:0.9964 ap:0.9860 f1: 0.9174 pred_right: 17827 pred_wrong:1373 actu_right: 17874 actu_wrong: 1326
2026-07-18 17:52:26,444 P327270 INFO ----------------------------------------------------------------------------------------------------
2026-07-18 17:52:26,445 P327270 INFO 125/300 starting... lr: 0.0009000000000000001 para:0.01
2026-07-18 17:52:28,063 P327270 INFO Epoch 125/300, all_loss:0.99372 cls_loss:0.95591 rec_loss:4.73685 [1.62s]; best loss:0.78129, patience : 5
2026-07-18 17:52:28,674 P327270 INFO pr:0.9665  rc:0.9361  auc:0.9971 ap:0.9917 f1: 0.9511 pred_right: 43661 pred_wrong:3139 actu_right: 43559 actu_wrong: 3241
2026-07-18 17:52:28,949 P327270 INFO pr:0.9595  rc:0.9110  auc:0.9948 ap:0.9855 f1: 0.9346 pred_right: 17941 pred_wrong:1259 actu_right: 17874 actu_wrong: 1326
2026-07-18 17:52:28,949 P327270 INFO ----------------------------------------------------------------------------------------------------
2026-07-18 17:52:28,949 P327270 INFO 126/300 starting... lr: 0.0009000000000000001 para:0.01
2026-07-18 17:52:30,631 P327270 INFO Epoch 126/300, all_loss:0.79042 cls_loss:0.75051 rec_loss:4.74183 [1.68s]; best loss:0.78129, patience : 5
2026-07-18 17:52:31,229 P327270 INFO pr:0.9825  rc:0.9010  auc:0.9972 ap:0.9926 f1: 0.9400 pred_right: 43827 pred_wrong:2973 actu_right: 43558 actu_wrong: 3242
2026-07-18 17:52:31,483 P327270 INFO pr:0.9749  rc:0.8801  auc:0.9945 ap:0.9875 f1: 0.9251 pred_right: 18003 pred_wrong:1197 actu_right: 17874 actu_wrong: 1326
2026-07-18 17:52:31,483 P327270 INFO ----------------------------------------------------------------------------------------------------
2026-07-18 17:52:31,483 P327270 INFO 127/300 starting... lr: 0.0009000000000000001 para:0.01
2026-07-18 17:52:33,209 P327270 INFO Epoch 127/300, all_loss:0.89881 cls_loss:0.86005 rec_loss:4.73680 [1.73s]; best loss:0.78129, patience : 6
2026-07-18 17:52:33,889 P327270 INFO pr:0.9872  rc:0.8597  auc:0.9971 ap:0.9919 f1: 0.9190 pred_right: 43977 pred_wrong:2823 actu_right: 43558 actu_wrong: 3242
2026-07-18 17:52:34,183 P327270 INFO pr:0.9831  rc:0.8341  auc:0.9943 ap:0.9868 f1: 0.9025 pred_right: 18075 pred_wrong:1125 actu_right: 17874 actu_wrong: 1326
2026-07-18 17:52:34,184 P327270 INFO ----------------------------------------------------------------------------------------------------
2026-07-18 17:52:34,184 P327270 INFO 128/300 starting... lr: 0.0009000000000000001 para:0.01
2026-07-18 17:52:35,856 P327270 INFO Epoch 128/300, all_loss:0.81018 cls_loss:0.77022 rec_loss:4.76624 [1.67s]; best loss:0.78129, patience : 6
2026-07-18 17:52:36,522 P327270 INFO pr:0.9753  rc:0.9265  auc:0.9969 ap:0.9920 f1: 0.9503 pred_right: 43724 pred_wrong:3076 actu_right: 43562 actu_wrong: 3238
2026-07-18 17:52:36,800 P327270 INFO pr:0.9706  rc:0.8967  auc:0.9947 ap:0.9882 f1: 0.9322 pred_right: 17975 pred_wrong:1225 actu_right: 17874 actu_wrong: 1326
2026-07-18 17:52:36,801 P327270 INFO ----------------------------------------------------------------------------------------------------
2026-07-18 17:52:36,801 P327270 INFO 129/300 starting... lr: 0.0009000000000000001 para:0.01
2026-07-18 17:52:38,509 P327270 INFO Epoch 129/300, all_loss:0.74198 cls_loss:0.70138 rec_loss:4.76147 [1.70s]; best loss:0.74198, patience : 0
2026-07-18 17:52:39,198 P327270 INFO pr:0.9800  rc:0.9050  auc:0.9973 ap:0.9929 f1: 0.9410 pred_right: 43806 pred_wrong:2994 actu_right: 43558 actu_wrong: 3242
2026-07-18 17:52:39,566 P327270 INFO pr:0.9735  rc:0.8854  auc:0.9950 ap:0.9881 f1: 0.9273 pred_right: 17994 pred_wrong:1206 actu_right: 17874 actu_wrong: 1326
2026-07-18 17:52:39,567 P327270 INFO ----------------------------------------------------------------------------------------------------
2026-07-18 17:52:39,567 P327270 INFO 130/300 starting... lr: 0.0009000000000000001 para:0.01
2026-07-18 17:52:42,686 P327270 INFO Epoch 130/300, all_loss:0.85678 cls_loss:0.81740 rec_loss:4.75576 [3.12s]; best loss:0.74198, patience : 1
2026-07-18 17:52:43,228 P327270 INFO pr:0.9825  rc:0.8814  auc:0.9971 ap:0.9917 f1: 0.9292 pred_right: 43894 pred_wrong:2906 actu_right: 43561 actu_wrong: 3239
2026-07-18 17:52:43,447 P327270 INFO pr:0.9760  rc:0.8597  auc:0.9944 ap:0.9870 f1: 0.9142 pred_right: 18032 pred_wrong:1168 actu_right: 17874 actu_wrong: 1326
2026-07-18 17:52:43,448 P327270 INFO ----------------------------------------------------------------------------------------------------
2026-07-18 17:52:43,448 P327270 INFO 131/300 starting... lr: 0.0009000000000000001 para:0.01
2026-07-18 17:52:44,751 P327270 INFO Epoch 131/300, all_loss:0.82466 cls_loss:0.78468 rec_loss:4.78246 [1.30s]; best loss:0.74198, patience : 1
2026-07-18 17:52:45,266 P327270 INFO pr:0.9623  rc:0.9528  auc:0.9974 ap:0.9922 f1: 0.9575 pred_right: 43591 pred_wrong:3209 actu_right: 43559 actu_wrong: 3241
2026-07-18 17:52:45,485 P327270 INFO pr:0.9580  rc:0.9291  auc:0.9956 ap:0.9883 f1: 0.9433 pred_right: 17914 pred_wrong:1286 actu_right: 17874 actu_wrong: 1326
2026-07-18 17:52:45,485 P327270 INFO ----------------------------------------------------------------------------------------------------
2026-07-18 17:52:45,485 P327270 INFO 132/300 starting... lr: 0.0009000000000000001 para:0.01
2026-07-18 17:52:46,769 P327270 INFO Epoch 132/300, all_loss:0.81332 cls_loss:0.77275 rec_loss:4.82900 [1.28s]; best loss:0.74198, patience : 1
2026-07-18 17:52:47,253 P327270 INFO pr:0.9831  rc:0.8818  auc:0.9977 ap:0.9926 f1: 0.9297 pred_right: 43895 pred_wrong:2905 actu_right: 43561 actu_wrong: 3239
2026-07-18 17:52:47,458 P327270 INFO pr:0.9712  rc:0.8643  auc:0.9960 ap:0.9885 f1: 0.9146 pred_right: 18020 pred_wrong:1180 actu_right: 17874 actu_wrong: 1326
2026-07-18 17:52:47,458 P327270 INFO ----------------------------------------------------------------------------------------------------
2026-07-18 17:52:47,459 P327270 INFO 133/300 starting... lr: 0.0009000000000000001 para:0.01
2026-07-18 17:52:48,916 P327270 INFO Epoch 133/300, all_loss:0.82056 cls_loss:0.77999 rec_loss:4.83656 [1.46s]; best loss:0.74198, patience : 2
2026-07-18 17:52:49,588 P327270 INFO pr:0.9498  rc:0.9556  auc:0.9975 ap:0.9923 f1: 0.9527 pred_right: 43536 pred_wrong:3264 actu_right: 43556 actu_wrong: 3244
2026-07-18 17:52:49,875 P327270 INFO pr:0.9406  rc:0.9442  auc:0.9960 ap:0.9876 f1: 0.9424 pred_right: 17869 pred_wrong:1331 actu_right: 17874 actu_wrong: 1326
2026-07-18 17:52:49,876 P327270 INFO ----------------------------------------------------------------------------------------------------
2026-07-18 17:52:49,876 P327270 INFO 134/300 starting... lr: 0.0009000000000000001 para:0.01
2026-07-18 17:52:51,417 P327270 INFO Epoch 134/300, all_loss:0.85408 cls_loss:0.81429 rec_loss:4.79373 [1.54s]; best loss:0.74198, patience : 3
2026-07-18 17:52:52,029 P327270 INFO pr:0.9804  rc:0.9287  auc:0.9976 ap:0.9940 f1: 0.9538 pred_right: 43733 pred_wrong:3067 actu_right: 43562 actu_wrong: 3238
2026-07-18 17:52:52,300 P327270 INFO pr:0.9738  rc:0.8967  auc:0.9955 ap:0.9890 f1: 0.9336 pred_right: 17979 pred_wrong:1221 actu_right: 17874 actu_wrong: 1326
2026-07-18 17:52:52,300 P327270 INFO ----------------------------------------------------------------------------------------------------
2026-07-18 17:52:52,300 P327270 INFO 135/300 starting... lr: 0.0009000000000000001 para:0.01
2026-07-18 17:52:53,779 P327270 INFO Epoch 135/300, all_loss:0.69212 cls_loss:0.65045 rec_loss:4.81767 [1.48s]; best loss:0.69212, patience : 0
2026-07-18 17:52:54,280 P327270 INFO pr:0.9791  rc:0.9232  auc:0.9976 ap:0.9927 f1: 0.9503 pred_right: 43744 pred_wrong:3056 actu_right: 43559 actu_wrong: 3241
2026-07-18 17:52:54,500 P327270 INFO pr:0.9667  rc:0.8967  auc:0.9955 ap:0.9876 f1: 0.9304 pred_right: 17970 pred_wrong:1230 actu_right: 17874 actu_wrong: 1326
2026-07-18 17:52:54,500 P327270 INFO ----------------------------------------------------------------------------------------------------
2026-07-18 17:52:54,501 P327270 INFO 136/300 starting... lr: 0.0009000000000000001 para:0.01
2026-07-18 17:52:56,843 P327270 INFO Epoch 136/300, all_loss:0.79704 cls_loss:0.75580 rec_loss:4.87907 [2.34s]; best loss:0.69212, patience : 1
2026-07-18 17:52:58,868 P327270 INFO pr:0.9860  rc:0.8917  auc:0.9973 ap:0.9934 f1: 0.9365 pred_right: 43869 pred_wrong:2931 actu_right: 43559 actu_wrong: 3241
2026-07-18 17:52:59,353 P327270 INFO pr:0.9738  rc:0.8680  auc:0.9955 ap:0.9878 f1: 0.9179 pred_right: 18018 pred_wrong:1182 actu_right: 17874 actu_wrong: 1326
2026-07-18 17:52:59,354 P327270 INFO ----------------------------------------------------------------------------------------------------
2026-07-18 17:52:59,354 P327270 INFO 137/300 starting... lr: 0.0009000000000000001 para:0.01
2026-07-18 17:53:02,868 P327270 INFO Epoch 137/300, all_loss:0.69983 cls_loss:0.65747 rec_loss:4.89361 [3.51s]; best loss:0.69212, patience : 1
2026-07-18 17:53:04,052 P327270 INFO pr:0.9708  rc:0.9244  auc:0.9975 ap:0.9918 f1: 0.9470 pred_right: 43716 pred_wrong:3084 actu_right: 43561 actu_wrong: 3239
2026-07-18 17:53:04,499 P327270 INFO pr:0.9570  rc:0.9072  auc:0.9961 ap:0.9871 f1: 0.9315 pred_right: 17943 pred_wrong:1257 actu_right: 17874 actu_wrong: 1326
2026-07-18 17:53:04,499 P327270 INFO ----------------------------------------------------------------------------------------------------
2026-07-18 17:53:04,499 P327270 INFO 138/300 starting... lr: 0.0009000000000000001 para:0.01
2026-07-18 17:53:08,928 P327270 INFO Epoch 138/300, all_loss:0.74427 cls_loss:0.70221 rec_loss:4.90835 [4.43s]; best loss:0.69212, patience : 2
2026-07-18 17:53:09,832 P327270 INFO pr:0.9498  rc:0.9639  auc:0.9972 ap:0.9903 f1: 0.9568 pred_right: 43514 pred_wrong:3286 actu_right: 43562 actu_wrong: 3238
2026-07-18 17:53:10,172 P327270 INFO pr:0.9529  rc:0.9457  auc:0.9957 ap:0.9874 f1: 0.9493 pred_right: 17884 pred_wrong:1316 actu_right: 17874 actu_wrong: 1326
2026-07-18 17:53:10,173 P327270 INFO ----------------------------------------------------------------------------------------------------
2026-07-18 17:53:10,173 P327270 INFO 139/300 starting... lr: 0.0009000000000000001 para:0.01
2026-07-18 17:53:12,054 P327270 INFO Epoch 139/300, all_loss:0.77455 cls_loss:0.73184 rec_loss:5.00305 [1.88s]; best loss:0.69212, patience : 3
2026-07-18 17:53:12,762 P327270 INFO pr:0.8873  rc:0.9621  auc:0.9969 ap:0.9908 f1: 0.9232 pred_right: 43285 pred_wrong:3515 actu_right: 43558 actu_wrong: 3242
2026-07-18 17:53:13,068 P327270 INFO pr:0.8819  rc:0.9457  auc:0.9956 ap:0.9847 f1: 0.9127 pred_right: 17778 pred_wrong:1422 actu_right: 17874 actu_wrong: 1326
2026-07-18 17:53:13,068 P327270 INFO ----------------------------------------------------------------------------------------------------
2026-07-18 17:53:13,068 P327270 INFO 140/300 starting... lr: 0.0009000000000000001 para:0.01
2026-07-18 17:53:14,797 P327270 INFO Epoch 140/300, all_loss:0.86127 cls_loss:0.81947 rec_loss:4.99935 [1.73s]; best loss:0.69212, patience : 4
2026-07-18 17:53:15,493 P327270 INFO pr:0.9304  rc:0.9577  auc:0.9972 ap:0.9897 f1: 0.9439 pred_right: 43465 pred_wrong:3335 actu_right: 43560 actu_wrong: 3240
2026-07-18 17:53:15,738 P327270 INFO pr:0.9215  rc:0.9382  auc:0.9960 ap:0.9852 f1: 0.9297 pred_right: 17850 pred_wrong:1350 actu_right: 17874 actu_wrong: 1326
2026-07-18 17:53:15,739 P327270 INFO ----------------------------------------------------------------------------------------------------
2026-07-18 17:53:15,739 P327270 INFO 141/300 starting... lr: 0.0009000000000000001 para:0.01
2026-07-18 17:53:17,443 P327270 INFO Epoch 141/300, all_loss:0.87793 cls_loss:0.83554 rec_loss:5.07382 [1.70s]; best loss:0.69212, patience : 5
2026-07-18 17:53:18,120 P327270 INFO pr:0.9856  rc:0.9061  auc:0.9972 ap:0.9942 f1: 0.9441 pred_right: 43824 pred_wrong:2976 actu_right: 43563 actu_wrong: 3237
2026-07-18 17:53:18,401 P327270 INFO pr:0.9781  rc:0.8763  auc:0.9944 ap:0.9884 f1: 0.9244 pred_right: 18012 pred_wrong:1188 actu_right: 17874 actu_wrong: 1326
2026-07-18 17:53:18,401 P327270 INFO ----------------------------------------------------------------------------------------------------
2026-07-18 17:53:18,402 P327270 INFO 142/300 starting... lr: 0.0009000000000000001 para:0.01
2026-07-18 17:53:20,143 P327270 INFO Epoch 142/300, all_loss:0.76137 cls_loss:0.71774 rec_loss:5.07992 [1.74s]; best loss:0.69212, patience : 5
2026-07-18 17:53:20,768 P327270 INFO pr:0.9635  rc:0.8481  auc:0.9966 ap:0.9864 f1: 0.9021 pred_right: 43949 pred_wrong:2851 actu_right: 43561 actu_wrong: 3239
2026-07-18 17:53:21,060 P327270 INFO pr:0.9583  rc:0.8311  auc:0.9937 ap:0.9805 f1: 0.8901 pred_right: 18050 pred_wrong:1150 actu_right: 17874 actu_wrong: 1326
2026-07-18 17:53:21,060 P327270 INFO ----------------------------------------------------------------------------------------------------
2026-07-18 17:53:21,060 P327270 INFO 143/300 starting... lr: 0.0009000000000000001 para:0.01
2026-07-18 17:53:22,787 P327270 INFO Epoch 143/300, all_loss:1.03180 cls_loss:0.99160 rec_loss:5.01226 [1.73s]; best loss:0.69212, patience : 6
2026-07-18 17:53:23,355 P327270 INFO pr:0.9751  rc:0.9413  auc:0.9976 ap:0.9943 f1: 0.9579 pred_right: 43673 pred_wrong:3127 actu_right: 43561 actu_wrong: 3239
2026-07-18 17:53:23,606 P327270 INFO pr:0.9714  rc:0.9216  auc:0.9952 ap:0.9891 f1: 0.9458 pred_right: 17942 pred_wrong:1258 actu_right: 17874 actu_wrong: 1326
2026-07-18 17:53:23,606 P327270 INFO ----------------------------------------------------------------------------------------------------
2026-07-18 17:53:23,606 P327270 INFO 144/300 starting... lr: 0.0009000000000000001 para:0.01
2026-07-18 17:53:25,239 P327270 INFO Epoch 144/300, all_loss:0.87266 cls_loss:0.83012 rec_loss:5.08430 [1.63s]; best loss:0.69212, patience : 6
2026-07-18 17:53:25,854 P327270 INFO pr:0.9809  rc:0.9210  auc:0.9977 ap:0.9932 f1: 0.9500 pred_right: 43757 pred_wrong:3043 actu_right: 43559 actu_wrong: 3241
2026-07-18 17:53:26,223 P327270 INFO pr:0.9652  rc:0.8997  auc:0.9961 ap:0.9884 f1: 0.9313 pred_right: 17964 pred_wrong:1236 actu_right: 17874 actu_wrong: 1326
2026-07-18 17:53:26,223 P327270 INFO ----------------------------------------------------------------------------------------------------
2026-07-18 17:53:26,223 P327270 INFO 145/300 starting... lr: 0.0009000000000000001 para:0.01
2026-07-18 17:53:27,949 P327270 INFO Epoch 145/300, all_loss:0.67872 cls_loss:0.63379 rec_loss:5.12718 [1.72s]; best loss:0.67872, patience : 0
2026-07-18 17:53:28,641 P327270 INFO pr:0.9261  rc:0.9793  auc:0.9977 ap:0.9931 f1: 0.9520 pred_right: 43375 pred_wrong:3425 actu_right: 43561 actu_wrong: 3239
2026-07-18 17:53:28,913 P327270 INFO pr:0.9244  rc:0.9676  auc:0.9964 ap:0.9886 f1: 0.9455 pred_right: 17812 pred_wrong:1388 actu_right: 17874 actu_wrong: 1326
2026-07-18 17:53:28,913 P327270 INFO ----------------------------------------------------------------------------------------------------
2026-07-18 17:53:28,913 P327270 INFO 146/300 starting... lr: 0.0009000000000000001 para:0.01
2026-07-18 17:53:30,599 P327270 INFO Epoch 146/300, all_loss:0.77925 cls_loss:0.73509 rec_loss:5.15103 [1.69s]; best loss:0.67872, patience : 1
2026-07-18 17:53:31,214 P327270 INFO pr:0.9796  rc:0.8880  auc:0.9973 ap:0.9911 f1: 0.9315 pred_right: 43862 pred_wrong:2938 actu_right: 43559 actu_wrong: 3241
2026-07-18 17:53:31,542 P327270 INFO pr:0.9672  rc:0.8680  auc:0.9955 ap:0.9865 f1: 0.9149 pred_right: 18010 pred_wrong:1190 actu_right: 17874 actu_wrong: 1326
2026-07-18 17:53:31,543 P327270 INFO ----------------------------------------------------------------------------------------------------
2026-07-18 17:53:31,543 P327270 INFO 147/300 starting... lr: 0.0009000000000000001 para:0.01
2026-07-18 17:53:33,174 P327270 INFO Epoch 147/300, all_loss:0.85946 cls_loss:0.81712 rec_loss:5.05106 [1.63s]; best loss:0.67872, patience : 2
2026-07-18 17:53:33,842 P327270 INFO pr:0.9642  rc:0.9213  auc:0.9975 ap:0.9915 f1: 0.9423 pred_right: 43703 pred_wrong:3097 actu_right: 43559 actu_wrong: 3241
2026-07-18 17:53:34,134 P327270 INFO pr:0.9553  rc:0.9035  auc:0.9954 ap:0.9867 f1: 0.9287 pred_right: 17946 pred_wrong:1254 actu_right: 17874 actu_wrong: 1326
2026-07-18 17:53:34,134 P327270 INFO ----------------------------------------------------------------------------------------------------
2026-07-18 17:53:34,135 P327270 INFO 148/300 starting... lr: 0.0009000000000000001 para:0.01
2026-07-18 17:53:35,852 P327270 INFO Epoch 148/300, all_loss:0.69999 cls_loss:0.65570 rec_loss:5.08482 [1.72s]; best loss:0.67872, patience : 2
2026-07-18 17:53:36,571 P327270 INFO pr:0.9555  rc:0.9617  auc:0.9976 ap:0.9922 f1: 0.9586 pred_right: 43541 pred_wrong:3259 actu_right: 43562 actu_wrong: 3238
2026-07-18 17:53:36,860 P327270 INFO pr:0.9452  rc:0.9374  auc:0.9955 ap:0.9859 f1: 0.9413 pred_right: 17885 pred_wrong:1315 actu_right: 17874 actu_wrong: 1326
2026-07-18 17:53:36,861 P327270 INFO ----------------------------------------------------------------------------------------------------
2026-07-18 17:53:36,861 P327270 INFO 149/300 starting... lr: 0.0009000000000000001 para:0.01
2026-07-18 17:53:38,563 P327270 INFO Epoch 149/300, all_loss:1.00722 cls_loss:0.96564 rec_loss:5.12359 [1.70s]; best loss:0.67872, patience : 3
2026-07-18 17:53:39,137 P327270 INFO pr:0.9717  rc:0.9423  auc:0.9972 ap:0.9923 f1: 0.9567 pred_right: 43659 pred_wrong:3141 actu_right: 43561 actu_wrong: 3239
2026-07-18 17:53:39,384 P327270 INFO pr:0.9624  rc:0.9065  auc:0.9959 ap:0.9865 f1: 0.9336 pred_right: 17951 pred_wrong:1249 actu_right: 17874 actu_wrong: 1326
2026-07-18 17:53:39,385 P327270 INFO ----------------------------------------------------------------------------------------------------
2026-07-18 17:53:39,385 P327270 INFO 150/300 starting... lr: 0.0009000000000000001 para:0.01
2026-07-18 17:53:41,042 P327270 INFO Epoch 150/300, all_loss:0.78138 cls_loss:0.73781 rec_loss:5.09513 [1.66s]; best loss:0.67872, patience : 3
2026-07-18 17:53:41,733 P327270 INFO pr:0.9628  rc:0.9429  auc:0.9978 ap:0.9929 f1: 0.9528 pred_right: 43626 pred_wrong:3174 actu_right: 43559 actu_wrong: 3241
2026-07-18 17:53:42,037 P327270 INFO pr:0.9601  rc:0.9261  auc:0.9960 ap:0.9879 f1: 0.9428 pred_right: 17921 pred_wrong:1279 actu_right: 17874 actu_wrong: 1326
2026-07-18 17:53:42,038 P327270 INFO ----------------------------------------------------------------------------------------------------
2026-07-18 17:53:42,038 P327270 INFO 151/300 starting... lr: 0.0009000000000000001 para:0.01
2026-07-18 17:53:43,655 P327270 INFO Epoch 151/300, all_loss:0.75440 cls_loss:0.71047 rec_loss:5.10292 [1.62s]; best loss:0.67872, patience : 3
2026-07-18 17:53:44,302 P327270 INFO pr:0.8433  rc:0.9559  auc:0.9964 ap:0.9852 f1: 0.8961 pred_right: 43125 pred_wrong:3675 actu_right: 43558 actu_wrong: 3242
2026-07-18 17:53:44,583 P327270 INFO pr:0.8413  rc:0.9397  auc:0.9949 ap:0.9789 f1: 0.8878 pred_right: 17719 pred_wrong:1481 actu_right: 17874 actu_wrong: 1326
2026-07-18 17:53:44,584 P327270 INFO ----------------------------------------------------------------------------------------------------
2026-07-18 17:53:44,584 P327270 INFO 152/300 starting... lr: 0.0009000000000000001 para:0.01
2026-07-18 17:53:46,232 P327270 INFO Epoch 152/300, all_loss:1.00730 cls_loss:0.96594 rec_loss:5.10237 [1.65s]; best loss:0.67872, patience : 4
2026-07-18 17:53:46,797 P327270 INFO pr:0.9588  rc:0.9617  auc:0.9976 ap:0.9931 f1: 0.9602 pred_right: 43551 pred_wrong:3249 actu_right: 43561 actu_wrong: 3239
2026-07-18 17:53:47,033 P327270 INFO pr:0.9502  rc:0.9344  auc:0.9957 ap:0.9888 f1: 0.9422 pred_right: 17896 pred_wrong:1304 actu_right: 17874 actu_wrong: 1326
2026-07-18 17:53:47,036 P327270 INFO ----------------------------------------------------------------------------------------------------
2026-07-18 17:53:47,036 P327270 INFO 153/300 starting... lr: 0.0009000000000000001 para:0.01
2026-07-18 17:53:48,731 P327270 INFO Epoch 153/300, all_loss:0.62221 cls_loss:0.57710 rec_loss:5.08756 [1.69s]; best loss:0.62221, patience : 0
2026-07-18 17:53:49,369 P327270 INFO pr:0.9629  rc:0.9537  auc:0.9977 ap:0.9930 f1: 0.9583 pred_right: 43589 pred_wrong:3211 actu_right: 43558 actu_wrong: 3242
2026-07-18 17:53:49,636 P327270 INFO pr:0.9580  rc:0.9284  auc:0.9954 ap:0.9875 f1: 0.9429 pred_right: 17915 pred_wrong:1285 actu_right: 17874 actu_wrong: 1326
2026-07-18 17:53:49,636 P327270 INFO ----------------------------------------------------------------------------------------------------
2026-07-18 17:53:49,636 P327270 INFO 154/300 starting... lr: 0.0009000000000000001 para:0.01
2026-07-18 17:53:51,267 P327270 INFO Epoch 154/300, all_loss:0.75409 cls_loss:0.70948 rec_loss:5.17044 [1.63s]; best loss:0.62221, patience : 1
2026-07-18 17:53:51,915 P327270 INFO pr:0.9863  rc:0.9099  auc:0.9973 ap:0.9932 f1: 0.9465 pred_right: 43811 pred_wrong:2989 actu_right: 43560 actu_wrong: 3240
2026-07-18 17:53:52,195 P327270 INFO pr:0.9766  rc:0.8808  auc:0.9950 ap:0.9876 f1: 0.9262 pred_right: 18004 pred_wrong:1196 actu_right: 17874 actu_wrong: 1326
2026-07-18 17:53:52,197 P327270 INFO ----------------------------------------------------------------------------------------------------
2026-07-18 17:53:52,203 P327270 INFO 155/300 starting... lr: 0.0009000000000000001 para:0.01
2026-07-18 17:53:53,853 P327270 INFO Epoch 155/300, all_loss:0.80457 cls_loss:0.76031 rec_loss:5.18550 [1.65s]; best loss:0.62221, patience : 2
2026-07-18 17:53:54,476 P327270 INFO pr:0.8762  rc:0.9701  auc:0.9972 ap:0.9910 f1: 0.9207 pred_right: 43214 pred_wrong:3586 actu_right: 43561 actu_wrong: 3239
2026-07-18 17:53:54,723 P327270 INFO pr:0.8696  rc:0.9502  auc:0.9958 ap:0.9855 f1: 0.9081 pred_right: 17751 pred_wrong:1449 actu_right: 17874 actu_wrong: 1326
2026-07-18 17:53:54,723 P327270 INFO ----------------------------------------------------------------------------------------------------
2026-07-18 17:53:54,723 P327270 INFO 156/300 starting... lr: 0.0009000000000000001 para:0.01
2026-07-18 17:53:56,493 P327270 INFO Epoch 156/300, all_loss:0.75541 cls_loss:0.71073 rec_loss:5.17837 [1.77s]; best loss:0.62221, patience : 2
2026-07-18 17:53:57,186 P327270 INFO pr:0.9738  rc:0.9512  auc:0.9972 ap:0.9934 f1: 0.9624 pred_right: 43634 pred_wrong:3166 actu_right: 43559 actu_wrong: 3241
2026-07-18 17:53:57,475 P327270 INFO pr:0.9676  rc:0.9231  auc:0.9951 ap:0.9880 f1: 0.9448 pred_right: 17935 pred_wrong:1265 actu_right: 17874 actu_wrong: 1326
2026-07-18 17:53:57,480 P327270 INFO ----------------------------------------------------------------------------------------------------
2026-07-18 17:53:57,483 P327270 INFO 157/300 starting... lr: 0.0009000000000000001 para:0.01
2026-07-18 17:53:59,163 P327270 INFO Epoch 157/300, all_loss:0.62490 cls_loss:0.57861 rec_loss:5.20744 [1.68s]; best loss:0.62221, patience : 2
2026-07-18 17:53:59,754 P327270 INFO pr:0.9463  rc:0.9722  auc:0.9976 ap:0.9938 f1: 0.9591 pred_right: 43468 pred_wrong:3332 actu_right: 43557 actu_wrong: 3243
2026-07-18 17:54:00,081 P327270 INFO pr:0.9368  rc:0.9495  auc:0.9956 ap:0.9881 f1: 0.9431 pred_right: 17856 pred_wrong:1344 actu_right: 17874 actu_wrong: 1326
2026-07-18 17:54:00,081 P327270 INFO ----------------------------------------------------------------------------------------------------
2026-07-18 17:54:00,081 P327270 INFO 158/300 starting... lr: 0.0009000000000000001 para:0.01
2026-07-18 17:54:01,779 P327270 INFO Epoch 158/300, all_loss:0.70577 cls_loss:0.66034 rec_loss:5.20262 [1.70s]; best loss:0.62221, patience : 3
2026-07-18 17:54:02,429 P327270 INFO pr:0.9736  rc:0.9432  auc:0.9976 ap:0.9944 f1: 0.9582 pred_right: 43660 pred_wrong:3140 actu_right: 43559 actu_wrong: 3241
2026-07-18 17:54:02,698 P327270 INFO pr:0.9676  rc:0.9246  auc:0.9956 ap:0.9894 f1: 0.9456 pred_right: 17933 pred_wrong:1267 actu_right: 17874 actu_wrong: 1326
2026-07-18 17:54:02,698 P327270 INFO ----------------------------------------------------------------------------------------------------
2026-07-18 17:54:02,706 P327270 INFO 159/300 starting... lr: 0.0009000000000000001 para:0.01
2026-07-18 17:54:04,396 P327270 INFO Epoch 159/300, all_loss:0.61576 cls_loss:0.56976 rec_loss:5.16954 [1.69s]; best loss:0.61576, patience : 0
2026-07-18 17:54:05,004 P327270 INFO pr:0.9874  rc:0.9216  auc:0.9976 ap:0.9944 f1: 0.9534 pred_right: 43778 pred_wrong:3022 actu_right: 43562 actu_wrong: 3238
2026-07-18 17:54:05,266 P327270 INFO pr:0.9777  rc:0.8937  auc:0.9959 ap:0.9893 f1: 0.9338 pred_right: 17988 pred_wrong:1212 actu_right: 17874 actu_wrong: 1326
2026-07-18 17:54:05,267 P327270 INFO ----------------------------------------------------------------------------------------------------
2026-07-18 17:54:05,267 P327270 INFO 160/300 starting... lr: 0.0009000000000000001 para:0.01
2026-07-18 17:54:06,899 P327270 INFO Epoch 160/300, all_loss:0.84865 cls_loss:0.80475 rec_loss:5.19422 [1.63s]; best loss:0.61576, patience : 1
2026-07-18 17:54:07,519 P327270 INFO pr:0.9852  rc:0.9046  auc:0.9959 ap:0.9930 f1: 0.9432 pred_right: 43825 pred_wrong:2975 actu_right: 43560 actu_wrong: 3240
2026-07-18 17:54:07,929 P327270 INFO pr:0.9782  rc:0.8793  auc:0.9934 ap:0.9883 f1: 0.9261 pred_right: 18008 pred_wrong:1192 actu_right: 17874 actu_wrong: 1326
2026-07-18 17:54:07,929 P327270 INFO ----------------------------------------------------------------------------------------------------
2026-07-18 17:54:07,937 P327270 INFO 161/300 starting... lr: 0.0009000000000000001 para:0.01
2026-07-18 17:54:09,607 P327270 INFO Epoch 161/300, all_loss:0.95378 cls_loss:0.91157 rec_loss:5.13300 [1.67s]; best loss:0.61576, patience : 2
2026-07-18 17:54:10,285 P327270 INFO pr:0.9792  rc:0.9460  auc:0.9977 ap:0.9942 f1: 0.9623 pred_right: 43670 pred_wrong:3130 actu_right: 43560 actu_wrong: 3240
2026-07-18 17:54:10,599 P327270 INFO pr:0.9757  rc:0.9095  auc:0.9950 ap:0.9891 f1: 0.9415 pred_right: 17964 pred_wrong:1236 actu_right: 17874 actu_wrong: 1326
2026-07-18 17:54:10,600 P327270 INFO ----------------------------------------------------------------------------------------------------
2026-07-18 17:54:10,600 P327270 INFO 162/300 starting... lr: 0.0009000000000000001 para:0.01
2026-07-18 17:54:12,285 P327270 INFO Epoch 162/300, all_loss:0.72290 cls_loss:0.67777 rec_loss:5.19102 [1.68s]; best loss:0.61576, patience : 2
2026-07-18 17:54:12,957 P327270 INFO pr:0.8975  rc:0.9778  auc:0.9974 ap:0.9925 f1: 0.9359 pred_right: 43268 pred_wrong:3532 actu_right: 43558 actu_wrong: 3242
2026-07-18 17:54:13,259 P327270 INFO pr:0.8894  rc:0.9578  auc:0.9954 ap:0.9866 f1: 0.9223 pred_right: 17772 pred_wrong:1428 actu_right: 17874 actu_wrong: 1326
2026-07-18 17:54:13,259 P327270 INFO ----------------------------------------------------------------------------------------------------
2026-07-18 17:54:13,259 P327270 INFO 163/300 starting... lr: 0.0009000000000000001 para:0.01
2026-07-18 17:54:14,926 P327270 INFO Epoch 163/300, all_loss:0.69445 cls_loss:0.64901 rec_loss:5.19272 [1.67s]; best loss:0.61576, patience : 2
2026-07-18 17:54:15,519 P327270 INFO pr:0.9808  rc:0.9460  auc:0.9975 ap:0.9932 f1: 0.9631 pred_right: 43676 pred_wrong:3124 actu_right: 43561 actu_wrong: 3239
2026-07-18 17:54:15,756 P327270 INFO pr:0.9712  rc:0.9155  auc:0.9954 ap:0.9889 f1: 0.9425 pred_right: 17950 pred_wrong:1250 actu_right: 17874 actu_wrong: 1326
2026-07-18 17:54:15,759 P327270 INFO ----------------------------------------------------------------------------------------------------
2026-07-18 17:54:15,760 P327270 INFO 164/300 starting... lr: 0.0009000000000000001 para:0.01
2026-07-18 17:54:18,225 P327270 INFO Epoch 164/300, all_loss:0.77535 cls_loss:0.73010 rec_loss:5.25522 [2.46s]; best loss:0.61576, patience : 3
2026-07-18 17:54:19,629 P327270 INFO pr:0.9288  rc:0.9833  auc:0.9980 ap:0.9937 f1: 0.9553 pred_right: 43372 pred_wrong:3428 actu_right: 43562 actu_wrong: 3238
2026-07-18 17:54:19,845 P327270 INFO pr:0.9157  rc:0.9668  auc:0.9960 ap:0.9881 f1: 0.9406 pred_right: 17800 pred_wrong:1400 actu_right: 17874 actu_wrong: 1326
2026-07-18 17:54:19,845 P327270 INFO ----------------------------------------------------------------------------------------------------
2026-07-18 17:54:19,845 P327270 INFO 165/300 starting... lr: 0.0009000000000000001 para:0.01
2026-07-18 17:54:21,190 P327270 INFO Epoch 165/300, all_loss:1.05667 cls_loss:1.01464 rec_loss:5.21751 [1.34s]; best loss:0.61576, patience : 4
2026-07-18 17:54:21,706 P327270 INFO pr:0.9783  rc:0.8908  auc:0.9973 ap:0.9912 f1: 0.9325 pred_right: 43849 pred_wrong:2951 actu_right: 43559 actu_wrong: 3241
2026-07-18 17:54:21,919 P327270 INFO pr:0.9673  rc:0.8703  auc:0.9948 ap:0.9864 f1: 0.9162 pred_right: 18007 pred_wrong:1193 actu_right: 17874 actu_wrong: 1326
2026-07-18 17:54:21,919 P327270 INFO ----------------------------------------------------------------------------------------------------
2026-07-18 17:54:21,919 P327270 INFO 166/300 starting... lr: 0.0009000000000000001 para:0.01
2026-07-18 17:54:23,224 P327270 INFO Epoch 166/300, all_loss:0.68120 cls_loss:0.63594 rec_loss:5.16142 [1.30s]; best loss:0.61576, patience : 4
2026-07-18 17:54:23,721 P327270 INFO pr:0.9614  rc:0.9599  auc:0.9980 ap:0.9927 f1: 0.9606 pred_right: 43565 pred_wrong:3235 actu_right: 43560 actu_wrong: 3240
2026-07-18 17:54:23,932 P327270 INFO pr:0.9481  rc:0.9374  auc:0.9959 ap:0.9866 f1: 0.9427 pred_right: 17889 pred_wrong:1311 actu_right: 17874 actu_wrong: 1326
2026-07-18 17:54:23,932 P327270 INFO ----------------------------------------------------------------------------------------------------
2026-07-18 17:54:23,932 P327270 INFO 167/300 starting... lr: 0.0009000000000000001 para:0.01
2026-07-18 17:54:25,263 P327270 INFO Epoch 167/300, all_loss:0.62695 cls_loss:0.58089 rec_loss:5.18672 [1.33s]; best loss:0.61576, patience : 4
2026-07-18 17:54:25,771 P327270 INFO pr:0.9764  rc:0.9457  auc:0.9975 ap:0.9935 f1: 0.9608 pred_right: 43659 pred_wrong:3141 actu_right: 43557 actu_wrong: 3243
2026-07-18 17:54:25,991 P327270 INFO pr:0.9698  rc:0.9216  auc:0.9947 ap:0.9890 f1: 0.9451 pred_right: 17940 pred_wrong:1260 actu_right: 17874 actu_wrong: 1326
2026-07-18 17:54:25,991 P327270 INFO ----------------------------------------------------------------------------------------------------
2026-07-18 17:54:25,991 P327270 INFO 168/300 starting... lr: 0.0009000000000000001 para:0.01
2026-07-18 17:54:27,491 P327270 INFO Epoch 168/300, all_loss:0.58591 cls_loss:0.53888 rec_loss:5.24222 [1.49s]; best loss:0.58591, patience : 0
2026-07-18 17:54:28,079 P327270 INFO pr:0.9713  rc:0.9398  auc:0.9976 ap:0.9930 f1: 0.9553 pred_right: 43667 pred_wrong:3133 actu_right: 43562 actu_wrong: 3238
2026-07-18 17:54:28,367 P327270 INFO pr:0.9648  rc:0.9095  auc:0.9944 ap:0.9874 f1: 0.9363 pred_right: 17950 pred_wrong:1250 actu_right: 17874 actu_wrong: 1326
2026-07-18 17:54:28,367 P327270 INFO ----------------------------------------------------------------------------------------------------
2026-07-18 17:54:28,367 P327270 INFO 169/300 starting... lr: 0.0009000000000000001 para:0.01
2026-07-18 17:54:30,026 P327270 INFO Epoch 169/300, all_loss:0.82477 cls_loss:0.77958 rec_loss:5.29773 [1.66s]; best loss:0.58591, patience : 1
2026-07-18 17:54:30,594 P327270 INFO pr:0.9422  rc:0.9648  auc:0.9975 ap:0.9935 f1: 0.9534 pred_right: 43481 pred_wrong:3319 actu_right: 43559 actu_wrong: 3241
2026-07-18 17:54:30,815 P327270 INFO pr:0.9350  rc:0.9434  auc:0.9942 ap:0.9874 f1: 0.9392 pred_right: 17862 pred_wrong:1338 actu_right: 17874 actu_wrong: 1326
2026-07-18 17:54:30,816 P327270 INFO ----------------------------------------------------------------------------------------------------
2026-07-18 17:54:30,816 P327270 INFO 170/300 starting... lr: 0.0009000000000000001 para:0.01
2026-07-18 17:54:32,562 P327270 INFO Epoch 170/300, all_loss:0.82384 cls_loss:0.77903 rec_loss:5.26033 [1.75s]; best loss:0.58591, patience : 1
2026-07-18 17:54:34,663 P327270 INFO pr:0.9583  rc:0.9769  auc:0.9979 ap:0.9941 f1: 0.9675 pred_right: 43494 pred_wrong:3306 actu_right: 43557 actu_wrong: 3243
2026-07-18 17:54:36,025 P327270 INFO pr:0.9499  rc:0.9585  auc:0.9948 ap:0.9891 f1: 0.9542 pred_right: 17862 pred_wrong:1338 actu_right: 17874 actu_wrong: 1326
2026-07-18 17:54:36,032 P327270 INFO ----------------------------------------------------------------------------------------------------
2026-07-18 17:54:36,032 P327270 INFO 171/300 starting... lr: 0.0009000000000000001 para:0.01
2026-07-18 17:54:41,453 P327270 INFO Epoch 171/300, all_loss:0.58462 cls_loss:0.53762 rec_loss:5.23752 [5.41s]; best loss:0.58462, patience : 0
2026-07-18 17:54:42,934 P327270 INFO pr:0.9660  rc:0.9657  auc:0.9978 ap:0.9949 f1: 0.9659 pred_right: 43561 pred_wrong:3239 actu_right: 43560 actu_wrong: 3240
2026-07-18 17:54:44,264 P327270 INFO pr:0.9607  rc:0.9404  auc:0.9950 ap:0.9882 f1: 0.9505 pred_right: 17902 pred_wrong:1298 actu_right: 17874 actu_wrong: 1326
2026-07-18 17:54:44,264 P327270 INFO ----------------------------------------------------------------------------------------------------
2026-07-18 17:54:44,265 P327270 INFO 172/300 starting... lr: 0.0009000000000000001 para:0.01
2026-07-18 17:54:47,040 P327270 INFO Epoch 172/300, all_loss:0.54448 cls_loss:0.49608 rec_loss:5.33702 [2.77s]; best loss:0.54448, patience : 0
2026-07-18 17:54:47,830 P327270 INFO pr:0.9687  rc:0.9457  auc:0.9975 ap:0.9929 f1: 0.9571 pred_right: 43635 pred_wrong:3165 actu_right: 43558 actu_wrong: 3242
2026-07-18 17:54:48,177 P327270 INFO pr:0.9622  rc:0.9216  auc:0.9946 ap:0.9879 f1: 0.9414 pred_right: 17930 pred_wrong:1270 actu_right: 17874 actu_wrong: 1326
2026-07-18 17:54:48,177 P327270 INFO ----------------------------------------------------------------------------------------------------
2026-07-18 17:54:48,177 P327270 INFO 173/300 starting... lr: 0.0009000000000000001 para:0.01
2026-07-18 17:54:49,963 P327270 INFO Epoch 173/300, all_loss:0.65190 cls_loss:0.60518 rec_loss:5.27768 [1.79s]; best loss:0.54448, patience : 1
2026-07-18 17:54:50,617 P327270 INFO pr:0.9518  rc:0.9377  auc:0.9972 ap:0.9910 f1: 0.9447 pred_right: 43606 pred_wrong:3194 actu_right: 43558 actu_wrong: 3242
2026-07-18 17:54:50,866 P327270 INFO pr:0.9386  rc:0.9216  auc:0.9937 ap:0.9851 f1: 0.9300 pred_right: 17898 pred_wrong:1302 actu_right: 17874 actu_wrong: 1326
2026-07-18 17:54:50,866 P327270 INFO ----------------------------------------------------------------------------------------------------
2026-07-18 17:54:50,866 P327270 INFO 174/300 starting... lr: 0.0009000000000000001 para:0.01
2026-07-18 17:54:52,583 P327270 INFO Epoch 174/300, all_loss:0.53864 cls_loss:0.49072 rec_loss:5.28333 [1.71s]; best loss:0.53864, patience : 0
2026-07-18 17:54:53,265 P327270 INFO pr:0.9637  rc:0.9670  auc:0.9976 ap:0.9936 f1: 0.9654 pred_right: 43545 pred_wrong:3255 actu_right: 43556 actu_wrong: 3244
2026-07-18 17:54:53,538 P327270 INFO pr:0.9588  rc:0.9480  auc:0.9944 ap:0.9881 f1: 0.9534 pred_right: 17889 pred_wrong:1311 actu_right: 17874 actu_wrong: 1326
2026-07-18 17:54:53,538 P327270 INFO ----------------------------------------------------------------------------------------------------
2026-07-18 17:54:53,538 P327270 INFO 175/300 starting... lr: 0.0009000000000000001 para:0.01
2026-07-18 17:54:55,286 P327270 INFO Epoch 175/300, all_loss:0.56818 cls_loss:0.51988 rec_loss:5.34972 [1.75s]; best loss:0.53864, patience : 1
2026-07-18 17:54:55,970 P327270 INFO pr:0.9508  rc:0.9781  auc:0.9978 ap:0.9939 f1: 0.9643 pred_right: 43465 pred_wrong:3335 actu_right: 43558 actu_wrong: 3242
2026-07-18 17:54:56,266 P327270 INFO pr:0.9415  rc:0.9593  auc:0.9947 ap:0.9885 f1: 0.9503 pred_right: 17849 pred_wrong:1351 actu_right: 17874 actu_wrong: 1326
2026-07-18 17:54:56,267 P327270 INFO ----------------------------------------------------------------------------------------------------
2026-07-18 17:54:56,267 P327270 INFO 176/300 starting... lr: 0.0009000000000000001 para:0.01
2026-07-18 17:54:57,940 P327270 INFO Epoch 176/300, all_loss:0.56579 cls_loss:0.51698 rec_loss:5.39797 [1.67s]; best loss:0.53864, patience : 1
2026-07-18 17:54:58,625 P327270 INFO pr:0.9220  rc:0.9704  auc:0.9973 ap:0.9925 f1: 0.9456 pred_right: 43390 pred_wrong:3410 actu_right: 43560 actu_wrong: 3240
2026-07-18 17:54:58,914 P327270 INFO pr:0.9159  rc:0.9532  auc:0.9948 ap:0.9861 f1: 0.9342 pred_right: 17820 pred_wrong:1380 actu_right: 17874 actu_wrong: 1326
2026-07-18 17:54:58,915 P327270 INFO ----------------------------------------------------------------------------------------------------
2026-07-18 17:54:58,915 P327270 INFO 177/300 starting... lr: 0.0009000000000000001 para:0.01
2026-07-18 17:55:00,524 P327270 INFO Epoch 177/300, all_loss:0.54800 cls_loss:0.49869 rec_loss:5.42982 [1.61s]; best loss:0.53864, patience : 1
2026-07-18 17:55:01,113 P327270 INFO pr:0.9154  rc:0.9815  auc:0.9978 ap:0.9941 f1: 0.9473 pred_right: 43324 pred_wrong:3476 actu_right: 43558 actu_wrong: 3242
2026-07-18 17:55:01,352 P327270 INFO pr:0.9150  rc:0.9661  auc:0.9950 ap:0.9883 f1: 0.9398 pred_right: 17800 pred_wrong:1400 actu_right: 17874 actu_wrong: 1326
2026-07-18 17:55:01,352 P327270 INFO ----------------------------------------------------------------------------------------------------
2026-07-18 17:55:01,352 P327270 INFO 178/300 starting... lr: 0.0009000000000000001 para:0.01
2026-07-18 17:55:03,073 P327270 INFO Epoch 178/300, all_loss:0.78295 cls_loss:0.73651 rec_loss:5.38041 [1.72s]; best loss:0.53864, patience : 2
2026-07-18 17:55:03,628 P327270 INFO pr:0.9811  rc:0.9303  auc:0.9979 ap:0.9939 f1: 0.9550 pred_right: 43726 pred_wrong:3074 actu_right: 43558 actu_wrong: 3242
2026-07-18 17:55:03,866 P327270 INFO pr:0.9702  rc:0.9080  auc:0.9946 ap:0.9880 f1: 0.9381 pred_right: 17959 pred_wrong:1241 actu_right: 17874 actu_wrong: 1326
2026-07-18 17:55:03,866 P327270 INFO ----------------------------------------------------------------------------------------------------
2026-07-18 17:55:03,867 P327270 INFO 179/300 starting... lr: 0.0009000000000000001 para:0.01
2026-07-18 17:55:05,533 P327270 INFO Epoch 179/300, all_loss:0.52689 cls_loss:0.47806 rec_loss:5.36122 [1.66s]; best loss:0.52689, patience : 0
2026-07-18 17:55:06,198 P327270 INFO pr:0.9873  rc:0.9102  auc:0.9976 ap:0.9941 f1: 0.9472 pred_right: 43811 pred_wrong:2989 actu_right: 43558 actu_wrong: 3242
2026-07-18 17:55:06,475 P327270 INFO pr:0.9784  rc:0.8869  auc:0.9944 ap:0.9883 f1: 0.9304 pred_right: 17998 pred_wrong:1202 actu_right: 17874 actu_wrong: 1326
2026-07-18 17:55:06,475 P327270 INFO ----------------------------------------------------------------------------------------------------
2026-07-18 17:55:06,475 P327270 INFO 180/300 starting... lr: 0.0009000000000000001 para:0.01
2026-07-18 17:55:08,082 P327270 INFO Epoch 180/300, all_loss:0.70905 cls_loss:0.66169 rec_loss:5.39731 [1.61s]; best loss:0.52689, patience : 1
2026-07-18 17:55:08,736 P327270 INFO pr:0.8826  rc:0.9858  auc:0.9978 ap:0.9924 f1: 0.9314 pred_right: 43180 pred_wrong:3620 actu_right: 43559 actu_wrong: 3241
2026-07-18 17:55:08,975 P327270 INFO pr:0.8756  rc:0.9713  auc:0.9955 ap:0.9860 f1: 0.9210 pred_right: 17729 pred_wrong:1471 actu_right: 17874 actu_wrong: 1326
2026-07-18 17:55:08,975 P327270 INFO ----------------------------------------------------------------------------------------------------
2026-07-18 17:55:08,975 P327270 INFO 181/300 starting... lr: 0.0009000000000000001 para:0.01
2026-07-18 17:55:10,571 P327270 INFO Epoch 181/300, all_loss:0.72972 cls_loss:0.68299 rec_loss:5.35639 [1.60s]; best loss:0.52689, patience : 2
2026-07-18 17:55:11,162 P327270 INFO pr:0.9796  rc:0.9485  auc:0.9977 ap:0.9942 f1: 0.9638 pred_right: 43662 pred_wrong:3138 actu_right: 43559 actu_wrong: 3241
2026-07-18 17:55:11,409 P327270 INFO pr:0.9724  rc:0.9284  auc:0.9947 ap:0.9884 f1: 0.9498 pred_right: 17934 pred_wrong:1266 actu_right: 17874 actu_wrong: 1326
2026-07-18 17:55:11,410 P327270 INFO ----------------------------------------------------------------------------------------------------
2026-07-18 17:55:11,410 P327270 INFO 182/300 starting... lr: 0.0009000000000000001 para:0.01
2026-07-18 17:55:13,063 P327270 INFO Epoch 182/300, all_loss:0.73074 cls_loss:0.68362 rec_loss:5.39504 [1.65s]; best loss:0.52689, patience : 3
2026-07-18 17:55:13,658 P327270 INFO pr:0.9808  rc:0.9450  auc:0.9976 ap:0.9942 f1: 0.9626 pred_right: 43680 pred_wrong:3120 actu_right: 43562 actu_wrong: 3238
2026-07-18 17:55:13,909 P327270 INFO pr:0.9743  rc:0.9155  auc:0.9949 ap:0.9890 f1: 0.9440 pred_right: 17954 pred_wrong:1246 actu_right: 17874 actu_wrong: 1326
2026-07-18 17:55:13,910 P327270 INFO ----------------------------------------------------------------------------------------------------
2026-07-18 17:55:13,910 P327270 INFO 183/300 starting... lr: 0.0009000000000000001 para:0.01
2026-07-18 17:55:15,532 P327270 INFO Epoch 183/300, all_loss:1.01908 cls_loss:0.97516 rec_loss:5.36698 [1.62s]; best loss:0.52689, patience : 4
2026-07-18 17:55:16,208 P327270 INFO pr:0.9677  rc:0.9626  auc:0.9976 ap:0.9935 f1: 0.9652 pred_right: 43578 pred_wrong:3222 actu_right: 43561 actu_wrong: 3239
2026-07-18 17:55:16,485 P327270 INFO pr:0.9604  rc:0.9336  auc:0.9951 ap:0.9879 f1: 0.9468 pred_right: 17911 pred_wrong:1289 actu_right: 17874 actu_wrong: 1326
2026-07-18 17:55:16,485 P327270 INFO ----------------------------------------------------------------------------------------------------
2026-07-18 17:55:16,485 P327270 INFO 184/300 starting... lr: 0.0009000000000000001 para:0.01
2026-07-18 17:55:18,285 P327270 INFO Epoch 184/300, all_loss:0.64462 cls_loss:0.59684 rec_loss:5.37525 [1.80s]; best loss:0.52689, patience : 4
2026-07-18 17:55:18,993 P327270 INFO pr:0.9704  rc:0.9630  auc:0.9976 ap:0.9943 f1: 0.9667 pred_right: 43586 pred_wrong:3214 actu_right: 43561 actu_wrong: 3239
2026-07-18 17:55:19,290 P327270 INFO pr:0.9626  rc:0.9329  auc:0.9952 ap:0.9884 f1: 0.9475 pred_right: 17915 pred_wrong:1285 actu_right: 17874 actu_wrong: 1326
2026-07-18 17:55:19,291 P327270 INFO ----------------------------------------------------------------------------------------------------
2026-07-18 17:55:19,291 P327270 INFO 185/300 starting... lr: 0.0009000000000000001 para:0.01
2026-07-18 17:55:20,937 P327270 INFO Epoch 185/300, all_loss:0.53370 cls_loss:0.48463 rec_loss:5.39206 [1.65s]; best loss:0.52689, patience : 4
2026-07-18 17:55:21,615 P327270 INFO pr:0.9827  rc:0.9297  auc:0.9976 ap:0.9943 f1: 0.9554 pred_right: 43734 pred_wrong:3066 actu_right: 43559 actu_wrong: 3241
2026-07-18 17:55:21,874 P327270 INFO pr:0.9754  rc:0.8967  auc:0.9942 ap:0.9888 f1: 0.9344 pred_right: 17981 pred_wrong:1219 actu_right: 17874 actu_wrong: 1326
2026-07-18 17:55:21,874 P327270 INFO ----------------------------------------------------------------------------------------------------
2026-07-18 17:55:21,874 P327270 INFO 186/300 starting... lr: 0.0009000000000000001 para:0.01
2026-07-18 17:55:23,575 P327270 INFO Epoch 186/300, all_loss:0.52664 cls_loss:0.47686 rec_loss:5.45536 [1.70s]; best loss:0.52664, patience : 0
2026-07-18 17:55:24,197 P327270 INFO pr:0.9761  rc:0.9584  auc:0.9976 ap:0.9946 f1: 0.9672 pred_right: 43617 pred_wrong:3183 actu_right: 43558 actu_wrong: 3242
2026-07-18 17:55:24,446 P327270 INFO pr:0.9664  rc:0.9314  auc:0.9944 ap:0.9885 f1: 0.9485 pred_right: 17922 pred_wrong:1278 actu_right: 17874 actu_wrong: 1326
2026-07-18 17:55:24,447 P327270 INFO ----------------------------------------------------------------------------------------------------
2026-07-18 17:55:24,454 P327270 INFO 187/300 starting... lr: 0.0009000000000000001 para:0.01
2026-07-18 17:55:26,165 P327270 INFO Epoch 187/300, all_loss:0.56723 cls_loss:0.51734 rec_loss:5.50594 [1.71s]; best loss:0.52664, patience : 1
2026-07-18 17:55:26,787 P327270 INFO pr:0.9404  rc:0.9836  auc:0.9981 ap:0.9949 f1: 0.9615 pred_right: 43411 pred_wrong:3389 actu_right: 43560 actu_wrong: 3240
2026-07-18 17:55:27,062 P327270 INFO pr:0.9342  rc:0.9630  auc:0.9950 ap:0.9890 f1: 0.9484 pred_right: 17833 pred_wrong:1367 actu_right: 17874 actu_wrong: 1326
2026-07-18 17:55:27,062 P327270 INFO ----------------------------------------------------------------------------------------------------
2026-07-18 17:55:27,062 P327270 INFO 188/300 starting... lr: 0.0009000000000000001 para:0.01
2026-07-18 17:55:28,700 P327270 INFO Epoch 188/300, all_loss:0.60483 cls_loss:0.55488 rec_loss:5.54964 [1.64s]; best loss:0.52664, patience : 2
2026-07-18 17:55:29,286 P327270 INFO pr:0.9835  rc:0.9015  auc:0.9977 ap:0.9943 f1: 0.9407 pred_right: 43833 pred_wrong:2967 actu_right: 43563 actu_wrong: 3237
2026-07-18 17:55:29,549 P327270 INFO pr:0.9732  rc:0.8756  auc:0.9940 ap:0.9885 f1: 0.9218 pred_right: 18007 pred_wrong:1193 actu_right: 17874 actu_wrong: 1326
2026-07-18 17:55:29,550 P327270 INFO ----------------------------------------------------------------------------------------------------
2026-07-18 17:55:29,550 P327270 INFO 189/300 starting... lr: 0.0009000000000000001 para:0.01
2026-07-18 17:55:31,281 P327270 INFO Epoch 189/300, all_loss:0.74051 cls_loss:0.69201 rec_loss:5.54185 [1.73s]; best loss:0.52664, patience : 3
2026-07-18 17:55:31,872 P327270 INFO pr:0.9840  rc:0.9491  auc:0.9978 ap:0.9952 f1: 0.9662 pred_right: 43676 pred_wrong:3124 actu_right: 43561 actu_wrong: 3239
2026-07-18 17:55:32,117 P327270 INFO pr:0.9752  rc:0.9193  auc:0.9940 ap:0.9888 f1: 0.9464 pred_right: 17950 pred_wrong:1250 actu_right: 17874 actu_wrong: 1326
2026-07-18 17:55:32,118 P327270 INFO ----------------------------------------------------------------------------------------------------
2026-07-18 17:55:32,118 P327270 INFO 190/300 starting... lr: 0.0009000000000000001 para:0.01
2026-07-18 17:55:33,797 P327270 INFO Epoch 190/300, all_loss:0.49220 cls_loss:0.44111 rec_loss:5.54972 [1.67s]; best loss:0.49220, patience : 0
2026-07-18 17:55:34,527 P327270 INFO pr:0.9827  rc:0.9145  auc:0.9976 ap:0.9944 f1: 0.9474 pred_right: 43787 pred_wrong:3013 actu_right: 43562 actu_wrong: 3238
2026-07-18 17:55:34,831 P327270 INFO pr:0.9769  rc:0.8937  auc:0.9943 ap:0.9891 f1: 0.9334 pred_right: 17987 pred_wrong:1213 actu_right: 17874 actu_wrong: 1326
2026-07-18 17:55:34,831 P327270 INFO ----------------------------------------------------------------------------------------------------
2026-07-18 17:55:34,831 P327270 INFO 191/300 starting... lr: 0.0009000000000000001 para:0.01
2026-07-18 17:55:36,562 P327270 INFO Epoch 191/300, all_loss:0.81313 cls_loss:0.76497 rec_loss:5.58145 [1.73s]; best loss:0.49220, patience : 1
2026-07-18 17:55:37,231 P327270 INFO pr:0.9717  rc:0.9429  auc:0.9974 ap:0.9933 f1: 0.9571 pred_right: 43654 pred_wrong:3146 actu_right: 43558 actu_wrong: 3242
2026-07-18 17:55:37,502 P327270 INFO pr:0.9618  rc:0.9110  auc:0.9936 ap:0.9860 f1: 0.9357 pred_right: 17944 pred_wrong:1256 actu_right: 17874 actu_wrong: 1326
2026-07-18 17:55:37,502 P327270 INFO ----------------------------------------------------------------------------------------------------
2026-07-18 17:55:37,502 P327270 INFO 192/300 starting... lr: 0.0009000000000000001 para:0.01
2026-07-18 17:55:39,306 P327270 INFO Epoch 192/300, all_loss:0.60206 cls_loss:0.55194 rec_loss:5.56395 [1.80s]; best loss:0.49220, patience : 1
2026-07-18 17:55:39,930 P327270 INFO pr:0.9651  rc:0.9802  auc:0.9980 ap:0.9949 f1: 0.9726 pred_right: 43509 pred_wrong:3291 actu_right: 43560 actu_wrong: 3240
2026-07-18 17:55:40,190 P327270 INFO pr:0.9579  rc:0.9608  auc:0.9947 ap:0.9890 f1: 0.9593 pred_right: 17870 pred_wrong:1330 actu_right: 17874 actu_wrong: 1326
2026-07-18 17:55:40,194 P327270 INFO ----------------------------------------------------------------------------------------------------
2026-07-18 17:55:40,194 P327270 INFO 193/300 starting... lr: 0.0009000000000000001 para:0.01
2026-07-18 17:55:41,866 P327270 INFO Epoch 193/300, all_loss:0.66020 cls_loss:0.61115 rec_loss:5.51615 [1.67s]; best loss:0.49220, patience : 2
2026-07-18 17:55:42,530 P327270 INFO pr:0.9531  rc:0.9772  auc:0.9980 ap:0.9946 f1: 0.9650 pred_right: 43476 pred_wrong:3324 actu_right: 43558 actu_wrong: 3242
2026-07-18 17:55:42,832 P327270 INFO pr:0.9485  rc:0.9585  auc:0.9946 ap:0.9883 f1: 0.9535 pred_right: 17860 pred_wrong:1340 actu_right: 17874 actu_wrong: 1326
2026-07-18 17:55:42,833 P327270 INFO ----------------------------------------------------------------------------------------------------
2026-07-18 17:55:42,833 P327270 INFO 194/300 starting... lr: 0.0009000000000000001 para:0.01
2026-07-18 17:55:44,597 P327270 INFO Epoch 194/300, all_loss:0.67892 cls_loss:0.62978 rec_loss:5.54414 [1.76s]; best loss:0.49220, patience : 3
2026-07-18 17:55:45,309 P327270 INFO pr:0.9733  rc:0.9550  auc:0.9976 ap:0.9940 f1: 0.9640 pred_right: 43619 pred_wrong:3181 actu_right: 43558 actu_wrong: 3242
2026-07-18 17:55:45,605 P327270 INFO pr:0.9678  rc:0.9284  auc:0.9947 ap:0.9888 f1: 0.9477 pred_right: 17928 pred_wrong:1272 actu_right: 17874 actu_wrong: 1326
2026-07-18 17:55:45,605 P327270 INFO ----------------------------------------------------------------------------------------------------
2026-07-18 17:55:45,605 P327270 INFO 195/300 starting... lr: 0.0009000000000000001 para:0.01
2026-07-18 17:55:47,323 P327270 INFO Epoch 195/300, all_loss:0.63670 cls_loss:0.58722 rec_loss:5.53504 [1.72s]; best loss:0.49220, patience : 3
2026-07-18 17:55:47,985 P327270 INFO pr:0.9763  rc:0.9648  auc:0.9974 ap:0.9939 f1: 0.9705 pred_right: 43599 pred_wrong:3201 actu_right: 43561 actu_wrong: 3239
2026-07-18 17:55:48,275 P327270 INFO pr:0.9656  rc:0.9306  auc:0.9941 ap:0.9880 f1: 0.9478 pred_right: 17922 pred_wrong:1278 actu_right: 17874 actu_wrong: 1326
2026-07-18 17:55:48,275 P327270 INFO ----------------------------------------------------------------------------------------------------
2026-07-18 17:55:48,276 P327270 INFO 196/300 starting... lr: 0.0009000000000000001 para:0.01
2026-07-18 17:55:50,136 P327270 INFO Epoch 196/300, all_loss:0.63658 cls_loss:0.58673 rec_loss:5.57159 [1.86s]; best loss:0.49220, patience : 3
2026-07-18 17:55:50,937 P327270 INFO pr:0.9751  rc:0.9413  auc:0.9974 ap:0.9929 f1: 0.9579 pred_right: 43673 pred_wrong:3127 actu_right: 43561 actu_wrong: 3239
2026-07-18 17:55:51,249 P327270 INFO pr:0.9696  rc:0.9155  auc:0.9939 ap:0.9865 f1: 0.9418 pred_right: 17948 pred_wrong:1252 actu_right: 17874 actu_wrong: 1326
2026-07-18 17:55:51,251 P327270 INFO ----------------------------------------------------------------------------------------------------
2026-07-18 17:55:51,251 P327270 INFO 197/300 starting... lr: 0.0009000000000000001 para:0.01
2026-07-18 17:55:53,054 P327270 INFO Epoch 197/300, all_loss:0.59974 cls_loss:0.54977 rec_loss:5.54665 [1.80s]; best loss:0.49220, patience : 3
2026-07-18 17:55:53,634 P327270 INFO pr:0.9774  rc:0.9623  auc:0.9971 ap:0.9933 f1: 0.9698 pred_right: 43610 pred_wrong:3190 actu_right: 43560 actu_wrong: 3240
2026-07-18 17:55:53,869 P327270 INFO pr:0.9679  rc:0.9329  auc:0.9937 ap:0.9874 f1: 0.9501 pred_right: 17922 pred_wrong:1278 actu_right: 17874 actu_wrong: 1326
2026-07-18 17:55:53,869 P327270 INFO ----------------------------------------------------------------------------------------------------
2026-07-18 17:55:53,870 P327270 INFO 198/300 starting... lr: 0.0009000000000000001 para:0.01
2026-07-18 17:55:55,486 P327270 INFO Epoch 198/300, all_loss:0.70199 cls_loss:0.65316 rec_loss:5.53570 [1.62s]; best loss:0.49220, patience : 4
2026-07-18 17:55:56,432 P327270 INFO pr:0.9776  rc:0.9568  auc:0.9978 ap:0.9940 f1: 0.9671 pred_right: 43630 pred_wrong:3170 actu_right: 43561 actu_wrong: 3239
2026-07-18 17:55:57,056 P327270 INFO pr:0.9662  rc:0.9284  auc:0.9946 ap:0.9886 f1: 0.9469 pred_right: 17926 pred_wrong:1274 actu_right: 17874 actu_wrong: 1326
2026-07-18 17:55:57,056 P327270 INFO ----------------------------------------------------------------------------------------------------
2026-07-18 17:55:57,056 P327270 INFO 199/300 starting... lr: 0.0009000000000000001 para:0.01
2026-07-18 17:55:59,235 P327270 INFO Epoch 199/300, all_loss:0.50513 cls_loss:0.45430 rec_loss:5.53813 [2.18s]; best loss:0.49220, patience : 4
2026-07-18 17:55:59,729 P327270 INFO pr:0.9854  rc:0.9392  auc:0.9977 ap:0.9945 f1: 0.9618 pred_right: 43710 pred_wrong:3090 actu_right: 43558 actu_wrong: 3242
2026-07-18 17:55:59,944 P327270 INFO pr:0.9757  rc:0.9103  auc:0.9940 ap:0.9889 f1: 0.9419 pred_right: 17963 pred_wrong:1237 actu_right: 17874 actu_wrong: 1326
2026-07-18 17:55:59,944 P327270 INFO ----------------------------------------------------------------------------------------------------
2026-07-18 17:55:59,944 P327270 INFO 200/300 starting... lr: 0.0008100000000000001 para:0.01
2026-07-18 17:56:01,325 P327270 INFO Epoch 200/300, all_loss:0.55437 cls_loss:0.50393 rec_loss:5.54730 [1.38s]; best loss:0.49220, patience : 5
2026-07-18 17:56:01,827 P327270 INFO pr:0.9769  rc:0.9250  auc:0.9978 ap:0.9936 f1: 0.9502 pred_right: 43733 pred_wrong:3067 actu_right: 43561 actu_wrong: 3239
2026-07-18 17:56:02,023 P327270 INFO pr:0.9724  rc:0.9042  auc:0.9946 ap:0.9879 f1: 0.9371 pred_right: 17967 pred_wrong:1233 actu_right: 17874 actu_wrong: 1326
2026-07-18 17:56:02,023 P327270 INFO ----------------------------------------------------------------------------------------------------
2026-07-18 17:56:02,023 P327270 INFO 201/300 starting... lr: 0.0008100000000000001 para:0.01
2026-07-18 17:56:03,259 P327270 INFO Epoch 201/300, all_loss:0.52024 cls_loss:0.46913 rec_loss:5.57995 [1.23s]; best loss:0.49220, patience : 5
2026-07-18 17:56:03,778 P327270 INFO pr:0.9693  rc:0.9738  auc:0.9975 ap:0.9939 f1: 0.9715 pred_right: 43545 pred_wrong:3255 actu_right: 43560 actu_wrong: 3240
2026-07-18 17:56:03,997 P327270 INFO pr:0.9633  rc:0.9510  auc:0.9948 ap:0.9888 f1: 0.9571 pred_right: 17891 pred_wrong:1309 actu_right: 17874 actu_wrong: 1326
2026-07-18 17:56:03,998 P327270 INFO ----------------------------------------------------------------------------------------------------
2026-07-18 17:56:03,998 P327270 INFO 202/300 starting... lr: 0.0008100000000000001 para:0.01
2026-07-18 17:56:05,512 P327270 INFO Epoch 202/300, all_loss:0.48937 cls_loss:0.43770 rec_loss:5.60448 [1.51s]; best loss:0.48937, patience : 0
2026-07-18 17:56:06,170 P327270 INFO pr:0.9606  rc:0.9760  auc:0.9980 ap:0.9949 f1: 0.9682 pred_right: 43504 pred_wrong:3296 actu_right: 43556 actu_wrong: 3244
2026-07-18 17:56:06,439 P327270 INFO pr:0.9506  rc:0.9570  auc:0.9951 ap:0.9898 f1: 0.9538 pred_right: 17865 pred_wrong:1335 actu_right: 17874 actu_wrong: 1326
2026-07-18 17:56:06,440 P327270 INFO ----------------------------------------------------------------------------------------------------
2026-07-18 17:56:06,440 P327270 INFO 203/300 starting... lr: 0.0008100000000000001 para:0.01
2026-07-18 17:56:08,035 P327270 INFO Epoch 203/300, all_loss:0.57700 cls_loss:0.52651 rec_loss:5.57523 [1.59s]; best loss:0.48937, patience : 1
2026-07-18 17:56:08,671 P327270 INFO pr:0.9624  rc:0.9728  auc:0.9975 ap:0.9940 f1: 0.9676 pred_right: 43525 pred_wrong:3275 actu_right: 43560 actu_wrong: 3240
2026-07-18 17:56:08,952 P327270 INFO pr:0.9544  rc:0.9472  auc:0.9947 ap:0.9884 f1: 0.9508 pred_right: 17884 pred_wrong:1316 actu_right: 17874 actu_wrong: 1326
2026-07-18 17:56:08,953 P327270 INFO ----------------------------------------------------------------------------------------------------
2026-07-18 17:56:08,953 P327270 INFO 204/300 starting... lr: 0.0008100000000000001 para:0.01
2026-07-18 17:56:10,422 P327270 INFO Epoch 204/300, all_loss:0.48334 cls_loss:0.43152 rec_loss:5.61389 [1.47s]; best loss:0.48334, patience : 0
2026-07-18 17:56:11,104 P327270 INFO pr:0.9697  rc:0.9775  auc:0.9980 ap:0.9942 f1: 0.9736 pred_right: 43535 pred_wrong:3265 actu_right: 43561 actu_wrong: 3239
2026-07-18 17:56:11,517 P327270 INFO pr:0.9598  rc:0.9555  auc:0.9955 ap:0.9896 f1: 0.9577 pred_right: 17880 pred_wrong:1320 actu_right: 17874 actu_wrong: 1326
2026-07-18 17:56:11,523 P327270 INFO ----------------------------------------------------------------------------------------------------
2026-07-18 17:56:11,524 P327270 INFO 205/300 starting... lr: 0.0008100000000000001 para:0.01
2026-07-18 17:56:14,500 P327270 INFO Epoch 205/300, all_loss:0.45845 cls_loss:0.40647 rec_loss:5.60458 [2.97s]; best loss:0.45845, patience : 0
2026-07-18 17:56:15,891 P327270 INFO pr:0.9815  rc:0.9633  auc:0.9980 ap:0.9943 f1: 0.9723 pred_right: 43619 pred_wrong:3181 actu_right: 43559 actu_wrong: 3241
2026-07-18 17:56:16,681 P327270 INFO pr:0.9725  rc:0.9344  auc:0.9957 ap:0.9899 f1: 0.9531 pred_right: 17926 pred_wrong:1274 actu_right: 17874 actu_wrong: 1326
2026-07-18 17:56:16,681 P327270 INFO ----------------------------------------------------------------------------------------------------
2026-07-18 17:56:16,682 P327270 INFO 206/300 starting... lr: 0.0008100000000000001 para:0.01
2026-07-18 17:56:20,206 P327270 INFO Epoch 206/300, all_loss:0.51708 cls_loss:0.46541 rec_loss:5.63250 [3.52s]; best loss:0.45845, patience : 1
2026-07-18 17:56:21,575 P327270 INFO pr:0.9775  rc:0.9645  auc:0.9977 ap:0.9941 f1: 0.9709 pred_right: 43604 pred_wrong:3196 actu_right: 43561 actu_wrong: 3239
2026-07-18 17:56:22,470 P327270 INFO pr:0.9658  rc:0.9382  auc:0.9952 ap:0.9890 f1: 0.9518 pred_right: 17912 pred_wrong:1288 actu_right: 17874 actu_wrong: 1326
2026-07-18 17:56:22,472 P327270 INFO ----------------------------------------------------------------------------------------------------
2026-07-18 17:56:22,472 P327270 INFO 207/300 starting... lr: 0.0008100000000000001 para:0.01
2026-07-18 17:56:25,562 P327270 INFO Epoch 207/300, all_loss:0.49237 cls_loss:0.44065 rec_loss:5.61263 [3.09s]; best loss:0.45845, patience : 1
2026-07-18 17:56:26,370 P327270 INFO pr:0.9889  rc:0.9071  auc:0.9976 ap:0.9939 f1: 0.9462 pred_right: 43829 pred_wrong:2971 actu_right: 43561 actu_wrong: 3239
2026-07-18 17:56:26,697 P327270 INFO pr:0.9815  rc:0.8793  auc:0.9949 ap:0.9891 f1: 0.9276 pred_right: 18012 pred_wrong:1188 actu_right: 17874 actu_wrong: 1326
2026-07-18 17:56:26,697 P327270 INFO ----------------------------------------------------------------------------------------------------
2026-07-18 17:56:26,697 P327270 INFO 208/300 starting... lr: 0.0008100000000000001 para:0.01
2026-07-18 17:56:28,488 P327270 INFO Epoch 208/300, all_loss:0.46076 cls_loss:0.40882 rec_loss:5.60223 [1.79s]; best loss:0.45845, patience : 1
2026-07-18 17:56:29,231 P327270 INFO pr:0.9536  rc:0.9833  auc:0.9980 ap:0.9942 f1: 0.9683 pred_right: 43457 pred_wrong:3343 actu_right: 43558 actu_wrong: 3242
2026-07-18 17:56:29,525 P327270 INFO pr:0.9432  rc:0.9646  auc:0.9957 ap:0.9881 f1: 0.9538 pred_right: 17844 pred_wrong:1356 actu_right: 17874 actu_wrong: 1326
2026-07-18 17:56:29,526 P327270 INFO ----------------------------------------------------------------------------------------------------
2026-07-18 17:56:29,526 P327270 INFO 209/300 starting... lr: 0.0008100000000000001 para:0.01
2026-07-18 17:56:31,262 P327270 INFO Epoch 209/300, all_loss:0.47477 cls_loss:0.42257 rec_loss:5.64262 [1.74s]; best loss:0.45845, patience : 2
2026-07-18 17:56:31,926 P327270 INFO pr:0.9808  rc:0.9309  auc:0.9973 ap:0.9935 f1: 0.9552 pred_right: 43724 pred_wrong:3076 actu_right: 43559 actu_wrong: 3241
2026-07-18 17:56:32,207 P327270 INFO pr:0.9745  rc:0.8937  auc:0.9944 ap:0.9886 f1: 0.9323 pred_right: 17984 pred_wrong:1216 actu_right: 17874 actu_wrong: 1326
2026-07-18 17:56:32,208 P327270 INFO ----------------------------------------------------------------------------------------------------
2026-07-18 17:56:32,208 P327270 INFO 210/300 starting... lr: 0.0008100000000000001 para:0.01
2026-07-18 17:56:33,985 P327270 INFO Epoch 210/300, all_loss:0.55035 cls_loss:0.49838 rec_loss:5.69538 [1.78s]; best loss:0.45845, patience : 3
2026-07-18 17:56:34,702 P327270 INFO pr:0.9711  rc:0.9435  auc:0.9973 ap:0.9927 f1: 0.9571 pred_right: 43653 pred_wrong:3147 actu_right: 43561 actu_wrong: 3239
2026-07-18 17:56:35,001 P327270 INFO pr:0.9652  rc:0.9193  auc:0.9943 ap:0.9863 f1: 0.9417 pred_right: 17937 pred_wrong:1263 actu_right: 17874 actu_wrong: 1326
2026-07-18 17:56:35,001 P327270 INFO ----------------------------------------------------------------------------------------------------
2026-07-18 17:56:35,009 P327270 INFO 211/300 starting... lr: 0.0008100000000000001 para:0.01
2026-07-18 17:56:36,682 P327270 INFO Epoch 211/300, all_loss:0.56987 cls_loss:0.51830 rec_loss:5.67570 [1.67s]; best loss:0.45845, patience : 4
2026-07-18 17:56:37,278 P327270 INFO pr:0.9857  rc:0.9355  auc:0.9977 ap:0.9936 f1: 0.9599 pred_right: 43725 pred_wrong:3075 actu_right: 43560 actu_wrong: 3240
2026-07-18 17:56:37,529 P327270 INFO pr:0.9765  rc:0.9095  auc:0.9950 ap:0.9877 f1: 0.9418 pred_right: 17965 pred_wrong:1235 actu_right: 17874 actu_wrong: 1326
2026-07-18 17:56:37,529 P327270 INFO ----------------------------------------------------------------------------------------------------
2026-07-18 17:56:37,529 P327270 INFO 212/300 starting... lr: 0.0008100000000000001 para:0.01
2026-07-18 17:56:39,097 P327270 INFO Epoch 212/300, all_loss:0.53598 cls_loss:0.48438 rec_loss:5.64458 [1.57s]; best loss:0.45845, patience : 4
2026-07-18 17:56:39,695 P327270 INFO pr:0.9705  rc:0.9741  auc:0.9982 ap:0.9960 f1: 0.9723 pred_right: 43547 pred_wrong:3253 actu_right: 43559 actu_wrong: 3241
2026-07-18 17:56:39,955 P327270 INFO pr:0.9590  rc:0.9517  auc:0.9966 ap:0.9899 f1: 0.9553 pred_right: 17884 pred_wrong:1316 actu_right: 17874 actu_wrong: 1326
2026-07-18 17:56:39,955 P327270 INFO ----------------------------------------------------------------------------------------------------
2026-07-18 17:56:39,955 P327270 INFO 213/300 starting... lr: 0.0008100000000000001 para:0.01
2026-07-18 17:56:41,560 P327270 INFO Epoch 213/300, all_loss:0.39165 cls_loss:0.33832 rec_loss:5.67105 [1.60s]; best loss:0.39165, patience : 0
2026-07-18 17:56:42,229 P327270 INFO pr:0.9732  rc:0.9744  auc:0.9977 ap:0.9935 f1: 0.9738 pred_right: 43557 pred_wrong:3243 actu_right: 43561 actu_wrong: 3239
2026-07-18 17:56:42,500 P327270 INFO pr:0.9685  rc:0.9510  auc:0.9955 ap:0.9895 f1: 0.9597 pred_right: 17898 pred_wrong:1302 actu_right: 17874 actu_wrong: 1326
2026-07-18 17:56:42,504 P327270 INFO ----------------------------------------------------------------------------------------------------
2026-07-18 17:56:42,504 P327270 INFO 214/300 starting... lr: 0.0008100000000000001 para:0.01
2026-07-18 17:56:44,328 P327270 INFO Epoch 214/300, all_loss:0.52537 cls_loss:0.47252 rec_loss:5.75695 [1.82s]; best loss:0.39165, patience : 1
2026-07-18 17:56:44,929 P327270 INFO pr:0.9793  rc:0.9503  auc:0.9978 ap:0.9954 f1: 0.9646 pred_right: 43655 pred_wrong:3145 actu_right: 43559 actu_wrong: 3241
2026-07-18 17:56:45,178 P327270 INFO pr:0.9698  rc:0.9193  auc:0.9954 ap:0.9896 f1: 0.9439 pred_right: 17943 pred_wrong:1257 actu_right: 17874 actu_wrong: 1326
2026-07-18 17:56:45,178 P327270 INFO ----------------------------------------------------------------------------------------------------
2026-07-18 17:56:45,178 P327270 INFO 215/300 starting... lr: 0.0008100000000000001 para:0.01
2026-07-18 17:56:46,899 P327270 INFO Epoch 215/300, all_loss:0.46568 cls_loss:0.41202 rec_loss:5.77802 [1.72s]; best loss:0.39165, patience : 1
2026-07-18 17:56:47,485 P327270 INFO pr:0.9570  rc:0.9618  auc:0.9976 ap:0.9943 f1: 0.9594 pred_right: 43542 pred_wrong:3258 actu_right: 43558 actu_wrong: 3242
2026-07-18 17:56:47,736 P327270 INFO pr:0.9462  rc:0.9412  auc:0.9954 ap:0.9876 f1: 0.9437 pred_right: 17881 pred_wrong:1319 actu_right: 17874 actu_wrong: 1326
2026-07-18 17:56:47,737 P327270 INFO ----------------------------------------------------------------------------------------------------
2026-07-18 17:56:47,737 P327270 INFO 216/300 starting... lr: 0.0008100000000000001 para:0.01
2026-07-18 17:56:49,399 P327270 INFO Epoch 216/300, all_loss:0.56488 cls_loss:0.51240 rec_loss:5.76068 [1.66s]; best loss:0.39165, patience : 2
2026-07-18 17:56:50,095 P327270 INFO pr:0.9680  rc:0.9621  auc:0.9980 ap:0.9937 f1: 0.9650 pred_right: 43578 pred_wrong:3222 actu_right: 43558 actu_wrong: 3242
2026-07-18 17:56:50,386 P327270 INFO pr:0.9539  rc:0.9367  auc:0.9956 ap:0.9868 f1: 0.9452 pred_right: 17898 pred_wrong:1302 actu_right: 17874 actu_wrong: 1326
2026-07-18 17:56:50,387 P327270 INFO ----------------------------------------------------------------------------------------------------
2026-07-18 17:56:50,387 P327270 INFO 217/300 starting... lr: 0.0008100000000000001 para:0.01
2026-07-18 17:56:52,175 P327270 INFO Epoch 217/300, all_loss:0.41762 cls_loss:0.36378 rec_loss:5.74810 [1.79s]; best loss:0.39165, patience : 2
2026-07-18 17:56:52,808 P327270 INFO pr:0.9690  rc:0.9719  auc:0.9980 ap:0.9949 f1: 0.9705 pred_right: 43546 pred_wrong:3254 actu_right: 43556 actu_wrong: 3244
2026-07-18 17:56:53,077 P327270 INFO pr:0.9551  rc:0.9465  auc:0.9955 ap:0.9886 f1: 0.9508 pred_right: 17886 pred_wrong:1314 actu_right: 17874 actu_wrong: 1326
2026-07-18 17:56:53,078 P327270 INFO ----------------------------------------------------------------------------------------------------
2026-07-18 17:56:53,078 P327270 INFO 218/300 starting... lr: 0.0008100000000000001 para:0.01
2026-07-18 17:56:54,697 P327270 INFO Epoch 218/300, all_loss:0.40795 cls_loss:0.35394 rec_loss:5.75523 [1.62s]; best loss:0.39165, patience : 2
2026-07-18 17:56:55,311 P327270 INFO pr:0.9663  rc:0.9803  auc:0.9981 ap:0.9952 f1: 0.9732 pred_right: 43510 pred_wrong:3290 actu_right: 43557 actu_wrong: 3243
2026-07-18 17:56:55,565 P327270 INFO pr:0.9513  rc:0.9578  auc:0.9962 ap:0.9897 f1: 0.9545 pred_right: 17865 pred_wrong:1335 actu_right: 17874 actu_wrong: 1326
2026-07-18 17:56:55,565 P327270 INFO ----------------------------------------------------------------------------------------------------
2026-07-18 17:56:55,565 P327270 INFO 219/300 starting... lr: 0.0008100000000000001 para:0.01
2026-07-18 17:56:57,188 P327270 INFO Epoch 219/300, all_loss:0.41454 cls_loss:0.36053 rec_loss:5.76145 [1.62s]; best loss:0.39165, patience : 3
2026-07-18 17:56:57,879 P327270 INFO pr:0.9815  rc:0.9676  auc:0.9981 ap:0.9952 f1: 0.9745 pred_right: 43606 pred_wrong:3194 actu_right: 43560 actu_wrong: 3240
2026-07-18 17:56:58,148 P327270 INFO pr:0.9703  rc:0.9367  auc:0.9956 ap:0.9889 f1: 0.9532 pred_right: 17920 pred_wrong:1280 actu_right: 17874 actu_wrong: 1326
2026-07-18 17:56:58,152 P327270 INFO ----------------------------------------------------------------------------------------------------
2026-07-18 17:56:58,152 P327270 INFO 220/300 starting... lr: 0.0008100000000000001 para:0.01
2026-07-18 17:56:59,942 P327270 INFO Epoch 220/300, all_loss:0.56210 cls_loss:0.50967 rec_loss:5.75245 [1.79s]; best loss:0.39165, patience : 4
2026-07-18 17:57:00,638 P327270 INFO pr:0.9440  rc:0.9830  auc:0.9983 ap:0.9952 f1: 0.9631 pred_right: 43424 pred_wrong:3376 actu_right: 43558 actu_wrong: 3242
2026-07-18 17:57:00,927 P327270 INFO pr:0.9304  rc:0.9683  auc:0.9969 ap:0.9892 f1: 0.9490 pred_right: 17820 pred_wrong:1380 actu_right: 17874 actu_wrong: 1326
2026-07-18 17:57:00,927 P327270 INFO ----------------------------------------------------------------------------------------------------
2026-07-18 17:57:00,927 P327270 INFO 221/300 starting... lr: 0.0008100000000000001 para:0.01
2026-07-18 17:57:02,620 P327270 INFO Epoch 221/300, all_loss:0.59763 cls_loss:0.54596 rec_loss:5.71234 [1.69s]; best loss:0.39165, patience : 5
2026-07-18 17:57:03,212 P327270 INFO pr:0.9937  rc:0.8742  auc:0.9972 ap:0.9946 f1: 0.9301 pred_right: 43947 pred_wrong:2853 actu_right: 43557 actu_wrong: 3243
2026-07-18 17:57:03,503 P327270 INFO pr:0.9857  rc:0.8333  auc:0.9939 ap:0.9881 f1: 0.9031 pred_right: 18079 pred_wrong:1121 actu_right: 17874 actu_wrong: 1326
2026-07-18 17:57:03,504 P327270 INFO ----------------------------------------------------------------------------------------------------
2026-07-18 17:57:03,504 P327270 INFO 222/300 starting... lr: 0.0008100000000000001 para:0.01
2026-07-18 17:57:05,177 P327270 INFO Epoch 222/300, all_loss:0.65156 cls_loss:0.60041 rec_loss:5.71554 [1.67s]; best loss:0.39165, patience : 6
2026-07-18 17:57:05,862 P327270 INFO pr:0.9734  rc:0.9620  auc:0.9980 ap:0.9948 f1: 0.9677 pred_right: 43599 pred_wrong:3201 actu_right: 43561 actu_wrong: 3239
2026-07-18 17:57:06,166 P327270 INFO pr:0.9649  rc:0.9336  auc:0.9955 ap:0.9895 f1: 0.9490 pred_right: 17917 pred_wrong:1283 actu_right: 17874 actu_wrong: 1326
2026-07-18 17:57:06,166 P327270 INFO ----------------------------------------------------------------------------------------------------
2026-07-18 17:57:06,167 P327270 INFO 223/300 starting... lr: 0.0008100000000000001 para:0.01
2026-07-18 17:57:07,844 P327270 INFO Epoch 223/300, all_loss:0.48340 cls_loss:0.43088 rec_loss:5.68309 [1.68s]; best loss:0.39165, patience : 6
2026-07-18 17:57:08,613 P327270 INFO pr:0.9650  rc:0.9710  auc:0.9979 ap:0.9947 f1: 0.9680 pred_right: 43541 pred_wrong:3259 actu_right: 43561 actu_wrong: 3239
2026-07-18 17:57:08,940 P327270 INFO pr:0.9494  rc:0.9480  auc:0.9955 ap:0.9891 f1: 0.9487 pred_right: 17876 pred_wrong:1324 actu_right: 17874 actu_wrong: 1326
2026-07-18 17:57:08,941 P327270 INFO ----------------------------------------------------------------------------------------------------
2026-07-18 17:57:08,941 P327270 INFO 224/300 starting... lr: 0.0008100000000000001 para:0.01
2026-07-18 17:57:10,538 P327270 INFO Epoch 224/300, all_loss:0.45580 cls_loss:0.40273 rec_loss:5.70976 [1.60s]; best loss:0.39165, patience : 6
2026-07-18 17:57:11,228 P327270 INFO pr:0.9700  rc:0.9472  auc:0.9978 ap:0.9942 f1: 0.9585 pred_right: 43635 pred_wrong:3165 actu_right: 43559 actu_wrong: 3241
2026-07-18 17:57:11,504 P327270 INFO pr:0.9599  rc:0.9216  auc:0.9953 ap:0.9878 f1: 0.9404 pred_right: 17927 pred_wrong:1273 actu_right: 17874 actu_wrong: 1326
2026-07-18 17:57:11,505 P327270 INFO ----------------------------------------------------------------------------------------------------
2026-07-18 17:57:11,505 P327270 INFO 225/300 starting... lr: 0.0008100000000000001 para:0.01
2026-07-18 17:57:13,152 P327270 INFO Epoch 225/300, all_loss:0.39542 cls_loss:0.34160 rec_loss:5.72446 [1.65s]; best loss:0.39165, patience : 6
2026-07-18 17:57:13,784 P327270 INFO pr:0.9660  rc:0.9651  auc:0.9980 ap:0.9946 f1: 0.9655 pred_right: 43566 pred_wrong:3234 actu_right: 43563 actu_wrong: 3237
2026-07-18 17:57:14,038 P327270 INFO pr:0.9550  rc:0.9434  auc:0.9958 ap:0.9895 f1: 0.9492 pred_right: 17890 pred_wrong:1310 actu_right: 17874 actu_wrong: 1326
2026-07-18 17:57:14,039 P327270 INFO ----------------------------------------------------------------------------------------------------
2026-07-18 17:57:14,039 P327270 INFO 226/300 starting... lr: 0.0008100000000000001 para:0.01
2026-07-18 17:57:15,650 P327270 INFO Epoch 226/300, all_loss:0.43201 cls_loss:0.37828 rec_loss:5.75109 [1.61s]; best loss:0.39165, patience : 7
2026-07-18 17:57:16,357 P327270 INFO pr:0.9614  rc:0.9596  auc:0.9980 ap:0.9934 f1: 0.9605 pred_right: 43565 pred_wrong:3235 actu_right: 43559 actu_wrong: 3241
2026-07-18 17:57:16,642 P327270 INFO pr:0.9493  rc:0.9457  auc:0.9966 ap:0.9886 f1: 0.9475 pred_right: 17879 pred_wrong:1321 actu_right: 17874 actu_wrong: 1326
2026-07-18 17:57:16,643 P327270 INFO ----------------------------------------------------------------------------------------------------
2026-07-18 17:57:16,650 P327270 INFO 227/300 starting... lr: 0.0008100000000000001 para:0.01
2026-07-18 17:57:18,297 P327270 INFO Epoch 227/300, all_loss:0.40434 cls_loss:0.35073 rec_loss:5.71135 [1.65s]; best loss:0.39165, patience : 7
2026-07-18 17:57:18,932 P327270 INFO pr:0.9151  rc:0.9812  auc:0.9977 ap:0.9935 f1: 0.9470 pred_right: 43327 pred_wrong:3473 actu_right: 43561 actu_wrong: 3239
2026-07-18 17:57:19,218 P327270 INFO pr:0.9072  rc:0.9653  auc:0.9945 ap:0.9879 f1: 0.9353 pred_right: 17789 pred_wrong:1411 actu_right: 17874 actu_wrong: 1326
2026-07-18 17:57:19,218 P327270 INFO ----------------------------------------------------------------------------------------------------
2026-07-18 17:57:19,218 P327270 INFO 228/300 starting... lr: 0.0008100000000000001 para:0.01
2026-07-18 17:57:20,880 P327270 INFO Epoch 228/300, all_loss:0.51930 cls_loss:0.46627 rec_loss:5.76909 [1.66s]; best loss:0.39165, patience : 8
2026-07-18 17:57:21,484 P327270 INFO pr:0.9799  rc:0.9611  auc:0.9982 ap:0.9954 f1: 0.9704 pred_right: 43620 pred_wrong:3180 actu_right: 43558 actu_wrong: 3242
2026-07-18 17:57:21,727 P327270 INFO pr:0.9672  rc:0.9329  auc:0.9951 ap:0.9897 f1: 0.9497 pred_right: 17921 pred_wrong:1279 actu_right: 17874 actu_wrong: 1326
2026-07-18 17:57:21,727 P327270 INFO ----------------------------------------------------------------------------------------------------
2026-07-18 17:57:21,727 P327270 INFO 229/300 starting... lr: 0.0008100000000000001 para:0.01
2026-07-18 17:57:23,387 P327270 INFO Epoch 229/300, all_loss:0.51664 cls_loss:0.46333 rec_loss:5.79459 [1.66s]; best loss:0.39165, patience : 8
2026-07-18 17:57:24,089 P327270 INFO pr:0.9836  rc:0.9620  auc:0.9982 ap:0.9955 f1: 0.9727 pred_right: 43630 pred_wrong:3170 actu_right: 43559 actu_wrong: 3241
2026-07-18 17:57:24,377 P327270 INFO pr:0.9748  rc:0.9321  auc:0.9950 ap:0.9904 f1: 0.9530 pred_right: 17932 pred_wrong:1268 actu_right: 17874 actu_wrong: 1326
2026-07-18 17:57:24,377 P327270 INFO ----------------------------------------------------------------------------------------------------
2026-07-18 17:57:24,377 P327270 INFO 230/300 starting... lr: 0.0008100000000000001 para:0.01
2026-07-18 17:57:26,083 P327270 INFO Epoch 230/300, all_loss:0.47845 cls_loss:0.42481 rec_loss:5.78917 [1.71s]; best loss:0.39165, patience : 8
2026-07-18 17:57:26,801 P327270 INFO pr:0.9219  rc:0.9830  auc:0.9980 ap:0.9937 f1: 0.9515 pred_right: 43342 pred_wrong:3458 actu_right: 43557 actu_wrong: 3243
2026-07-18 17:57:27,110 P327270 INFO pr:0.9157  rc:0.9661  auc:0.9952 ap:0.9872 f1: 0.9402 pred_right: 17801 pred_wrong:1399 actu_right: 17874 actu_wrong: 1326
2026-07-18 17:57:27,111 P327270 INFO ----------------------------------------------------------------------------------------------------
2026-07-18 17:57:27,111 P327270 INFO 231/300 starting... lr: 0.0008100000000000001 para:0.01
2026-07-18 17:57:28,789 P327270 INFO Epoch 231/300, all_loss:0.45527 cls_loss:0.40133 rec_loss:5.79534 [1.68s]; best loss:0.39165, patience : 8
2026-07-18 17:57:29,480 P327270 INFO pr:0.9866  rc:0.9543  auc:0.9979 ap:0.9953 f1: 0.9702 pred_right: 43666 pred_wrong:3134 actu_right: 43560 actu_wrong: 3240
2026-07-18 17:57:29,769 P327270 INFO pr:0.9753  rc:0.9216  auc:0.9944 ap:0.9894 f1: 0.9477 pred_right: 17947 pred_wrong:1253 actu_right: 17874 actu_wrong: 1326
2026-07-18 17:57:29,769 P327270 INFO ----------------------------------------------------------------------------------------------------
2026-07-18 17:57:29,769 P327270 INFO 232/300 starting... lr: 0.0008100000000000001 para:0.01
2026-07-18 17:57:31,463 P327270 INFO Epoch 232/300, all_loss:0.47007 cls_loss:0.41635 rec_loss:5.78843 [1.69s]; best loss:0.39165, patience : 9
2026-07-18 17:57:32,140 P327270 INFO pr:0.9635  rc:0.9787  auc:0.9978 ap:0.9939 f1: 0.9711 pred_right: 43508 pred_wrong:3292 actu_right: 43559 actu_wrong: 3241
2026-07-18 17:57:32,452 P327270 INFO pr:0.9471  rc:0.9585  auc:0.9950 ap:0.9883 f1: 0.9528 pred_right: 17858 pred_wrong:1342 actu_right: 17874 actu_wrong: 1326
2026-07-18 17:57:32,453 P327270 INFO ----------------------------------------------------------------------------------------------------
2026-07-18 17:57:32,453 P327270 INFO 233/300 starting... lr: 0.0008100000000000001 para:0.01
2026-07-18 17:57:34,059 P327270 INFO Epoch 233/300, all_loss:0.39553 cls_loss:0.34130 rec_loss:5.76454 [1.61s]; best loss:0.39165, patience : 9
2026-07-18 17:57:35,166 P327270 INFO pr:0.9672  rc:0.9747  auc:0.9981 ap:0.9946 f1: 0.9709 pred_right: 43537 pred_wrong:3263 actu_right: 43562 actu_wrong: 3238
2026-07-18 17:57:36,084 P327270 INFO pr:0.9655  rc:0.9510  auc:0.9955 ap:0.9895 f1: 0.9582 pred_right: 17894 pred_wrong:1306 actu_right: 17874 actu_wrong: 1326
2026-07-18 17:57:36,084 P327270 INFO ----------------------------------------------------------------------------------------------------
2026-07-18 17:57:36,084 P327270 INFO 234/300 starting... lr: 0.0008100000000000001 para:0.01
2026-07-18 17:57:38,250 P327270 INFO Epoch 234/300, all_loss:0.46430 cls_loss:0.41076 rec_loss:5.76500 [2.17s]; best loss:0.39165, patience : 10
2026-07-18 17:57:38,734 P327270 INFO pr:0.9834  rc:0.9321  auc:0.9978 ap:0.9936 f1: 0.9570 pred_right: 43730 pred_wrong:3070 actu_right: 43561 actu_wrong: 3239
2026-07-18 17:57:38,940 P327270 INFO pr:0.9780  rc:0.9072  auc:0.9949 ap:0.9889 f1: 0.9413 pred_right: 17970 pred_wrong:1230 actu_right: 17874 actu_wrong: 1326
2026-07-18 17:57:38,940 P327270 INFO ----------------------------------------------------------------------------------------------------
2026-07-18 17:57:38,940 P327270 INFO 235/300 starting... lr: 0.0008100000000000001 para:0.01
2026-07-18 17:57:40,175 P327270 INFO Epoch 235/300, all_loss:0.40889 cls_loss:0.35421 rec_loss:5.82234 [1.23s]; best loss:0.39165, patience : 10
2026-07-18 17:57:40,699 P327270 INFO pr:0.9764  rc:0.9595  auc:0.9978 ap:0.9942 f1: 0.9679 pred_right: 43619 pred_wrong:3181 actu_right: 43563 actu_wrong: 3237
2026-07-18 17:57:40,930 P327270 INFO pr:0.9694  rc:0.9321  auc:0.9953 ap:0.9882 f1: 0.9504 pred_right: 17925 pred_wrong:1275 actu_right: 17874 actu_wrong: 1326
2026-07-18 17:57:40,930 P327270 INFO ----------------------------------------------------------------------------------------------------
2026-07-18 17:57:40,930 P327270 INFO 236/300 starting... lr: 0.0008100000000000001 para:0.01
2026-07-18 17:57:42,282 P327270 INFO Epoch 236/300, all_loss:0.68201 cls_loss:0.63044 rec_loss:5.78764 [1.35s]; best loss:0.39165, patience : 11
2026-07-18 17:57:42,791 P327270 INFO pr:0.8685  rc:0.9698  auc:0.9972 ap:0.9893 f1: 0.9163 pred_right: 43181 pred_wrong:3619 actu_right: 43559 actu_wrong: 3241
2026-07-18 17:57:43,028 P327270 INFO pr:0.8675  rc:0.9532  auc:0.9945 ap:0.9838 f1: 0.9084 pred_right: 17743 pred_wrong:1457 actu_right: 17874 actu_wrong: 1326
2026-07-18 17:57:43,029 P327270 INFO ----------------------------------------------------------------------------------------------------
2026-07-18 17:57:43,029 P327270 INFO 237/300 starting... lr: 0.0008100000000000001 para:0.01
2026-07-18 17:57:44,440 P327270 INFO Epoch 237/300, all_loss:0.57919 cls_loss:0.52606 rec_loss:5.83926 [1.41s]; best loss:0.39165, patience : 11
2026-07-18 17:57:45,008 P327270 INFO pr:0.9857  rc:0.9614  auc:0.9981 ap:0.9943 f1: 0.9734 pred_right: 43644 pred_wrong:3156 actu_right: 43564 actu_wrong: 3236
2026-07-18 17:57:45,238 P327270 INFO pr:0.9754  rc:0.9261  auc:0.9955 ap:0.9889 f1: 0.9501 pred_right: 17941 pred_wrong:1259 actu_right: 17874 actu_wrong: 1326
2026-07-18 17:57:45,239 P327270 INFO ----------------------------------------------------------------------------------------------------
2026-07-18 17:57:45,239 P327270 INFO 238/300 starting... lr: 0.0008100000000000001 para:0.01
2026-07-18 17:57:46,823 P327270 INFO Epoch 238/300, all_loss:0.44924 cls_loss:0.39483 rec_loss:5.83566 [1.58s]; best loss:0.39165, patience : 11
2026-07-18 17:57:47,335 P327270 INFO pr:0.9442  rc:0.9651  auc:0.9977 ap:0.9929 f1: 0.9545 pred_right: 43487 pred_wrong:3313 actu_right: 43559 actu_wrong: 3241
2026-07-18 17:57:47,599 P327270 INFO pr:0.9415  rc:0.9465  auc:0.9952 ap:0.9876 f1: 0.9440 pred_right: 17867 pred_wrong:1333 actu_right: 17874 actu_wrong: 1326
2026-07-18 17:57:47,600 P327270 INFO ----------------------------------------------------------------------------------------------------
2026-07-18 17:57:47,600 P327270 INFO 239/300 starting... lr: 0.0008100000000000001 para:0.01
2026-07-18 17:57:49,168 P327270 INFO Epoch 239/300, all_loss:0.44651 cls_loss:0.39266 rec_loss:5.77781 [1.57s]; best loss:0.39165, patience : 11
2026-07-18 17:57:49,789 P327270 INFO pr:0.9822  rc:0.9546  auc:0.9980 ap:0.9941 f1: 0.9682 pred_right: 43651 pred_wrong:3149 actu_right: 43560 actu_wrong: 3240
2026-07-18 17:57:50,099 P327270 INFO pr:0.9738  rc:0.9238  auc:0.9958 ap:0.9891 f1: 0.9481 pred_right: 17942 pred_wrong:1258 actu_right: 17874 actu_wrong: 1326
2026-07-18 17:57:50,099 P327270 INFO ----------------------------------------------------------------------------------------------------
2026-07-18 17:57:50,099 P327270 INFO 240/300 starting... lr: 0.0008100000000000001 para:0.01
2026-07-18 17:57:53,334 P327270 INFO Epoch 240/300, all_loss:0.43882 cls_loss:0.38436 rec_loss:5.82984 [3.23s]; best loss:0.39165, patience : 11
2026-07-18 17:57:55,309 P327270 INFO pr:0.9852  rc:0.9241  auc:0.9976 ap:0.9939 f1: 0.9536 pred_right: 43762 pred_wrong:3038 actu_right: 43561 actu_wrong: 3239
2026-07-18 17:57:55,840 P327270 INFO pr:0.9751  rc:0.8861  auc:0.9952 ap:0.9892 f1: 0.9285 pred_right: 17995 pred_wrong:1205 actu_right: 17874 actu_wrong: 1326
2026-07-18 17:57:55,841 P327270 INFO ----------------------------------------------------------------------------------------------------
2026-07-18 17:57:55,841 P327270 INFO 241/300 starting... lr: 0.0008100000000000001 para:0.01
2026-07-18 17:57:59,844 P327270 INFO Epoch 241/300, all_loss:0.33614 cls_loss:0.28063 rec_loss:5.83110 [4.00s]; best loss:0.33614, patience : 0
2026-07-18 17:58:01,576 P327270 INFO pr:0.9673  rc:0.9775  auc:0.9981 ap:0.9943 f1: 0.9724 pred_right: 43526 pred_wrong:3274 actu_right: 43560 actu_wrong: 3240
2026-07-18 17:58:02,075 P327270 INFO pr:0.9620  rc:0.9548  auc:0.9962 ap:0.9897 f1: 0.9584 pred_right: 17884 pred_wrong:1316 actu_right: 17874 actu_wrong: 1326
2026-07-18 17:58:02,075 P327270 INFO ----------------------------------------------------------------------------------------------------
2026-07-18 17:58:02,075 P327270 INFO 242/300 starting... lr: 0.0008100000000000001 para:0.01
2026-07-18 17:58:04,900 P327270 INFO Epoch 242/300, all_loss:0.37673 cls_loss:0.32126 rec_loss:5.86797 [2.82s]; best loss:0.33614, patience : 1
2026-07-18 17:58:05,719 P327270 INFO pr:0.9721  rc:0.9790  auc:0.9980 ap:0.9945 f1: 0.9755 pred_right: 43539 pred_wrong:3261 actu_right: 43562 actu_wrong: 3238
2026-07-18 17:58:06,016 P327270 INFO pr:0.9636  rc:0.9585  auc:0.9960 ap:0.9900 f1: 0.9611 pred_right: 17881 pred_wrong:1319 actu_right: 17874 actu_wrong: 1326
2026-07-18 17:58:06,021 P327270 INFO ----------------------------------------------------------------------------------------------------
2026-07-18 17:58:06,021 P327270 INFO 243/300 starting... lr: 0.0008100000000000001 para:0.01
2026-07-18 17:58:07,823 P327270 INFO Epoch 243/300, all_loss:0.53863 cls_loss:0.48460 rec_loss:5.88776 [1.80s]; best loss:0.33614, patience : 2
2026-07-18 17:58:08,524 P327270 INFO pr:0.9812  rc:0.9660  auc:0.9981 ap:0.9948 f1: 0.9736 pred_right: 43610 pred_wrong:3190 actu_right: 43560 actu_wrong: 3240
2026-07-18 17:58:08,813 P327270 INFO pr:0.9763  rc:0.9314  auc:0.9960 ap:0.9903 f1: 0.9533 pred_right: 17935 pred_wrong:1265 actu_right: 17874 actu_wrong: 1326
2026-07-18 17:58:08,814 P327270 INFO ----------------------------------------------------------------------------------------------------
2026-07-18 17:58:08,814 P327270 INFO 244/300 starting... lr: 0.0008100000000000001 para:0.01
2026-07-18 17:58:10,575 P327270 INFO Epoch 244/300, all_loss:0.33326 cls_loss:0.27735 rec_loss:5.86898 [1.76s]; best loss:0.33326, patience : 0
2026-07-18 17:58:11,285 P327270 INFO pr:0.9670  rc:0.9759  auc:0.9982 ap:0.9939 f1: 0.9714 pred_right: 43529 pred_wrong:3271 actu_right: 43559 actu_wrong: 3241
2026-07-18 17:58:11,590 P327270 INFO pr:0.9591  rc:0.9548  auc:0.9953 ap:0.9896 f1: 0.9569 pred_right: 17880 pred_wrong:1320 actu_right: 17874 actu_wrong: 1326
2026-07-18 17:58:11,592 P327270 INFO ----------------------------------------------------------------------------------------------------
2026-07-18 17:58:11,592 P327270 INFO 245/300 starting... lr: 0.0008100000000000001 para:0.01
2026-07-18 17:58:13,426 P327270 INFO Epoch 245/300, all_loss:0.53371 cls_loss:0.47931 rec_loss:5.91969 [1.83s]; best loss:0.33326, patience : 1
2026-07-18 17:58:14,101 P327270 INFO pr:0.9835  rc:0.9376  auc:0.9980 ap:0.9949 f1: 0.9600 pred_right: 43713 pred_wrong:3087 actu_right: 43562 actu_wrong: 3238
2026-07-18 17:58:14,412 P327270 INFO pr:0.9749  rc:0.9065  auc:0.9946 ap:0.9896 f1: 0.9394 pred_right: 17967 pred_wrong:1233 actu_right: 17874 actu_wrong: 1326
2026-07-18 17:58:14,412 P327270 INFO ----------------------------------------------------------------------------------------------------
2026-07-18 17:58:14,412 P327270 INFO 246/300 starting... lr: 0.0008100000000000001 para:0.01
2026-07-18 17:58:16,128 P327270 INFO Epoch 246/300, all_loss:0.37904 cls_loss:0.32317 rec_loss:5.91020 [1.72s]; best loss:0.33326, patience : 1
2026-07-18 17:58:16,721 P327270 INFO pr:0.9683  rc:0.9784  auc:0.9982 ap:0.9942 f1: 0.9733 pred_right: 43523 pred_wrong:3277 actu_right: 43557 actu_wrong: 3243
2026-07-18 17:58:16,971 P327270 INFO pr:0.9635  rc:0.9555  auc:0.9961 ap:0.9903 f1: 0.9595 pred_right: 17885 pred_wrong:1315 actu_right: 17874 actu_wrong: 1326
2026-07-18 17:58:16,972 P327270 INFO ----------------------------------------------------------------------------------------------------
2026-07-18 17:58:16,972 P327270 INFO 247/300 starting... lr: 0.0008100000000000001 para:0.01
2026-07-18 17:58:18,605 P327270 INFO Epoch 247/300, all_loss:0.39726 cls_loss:0.34151 rec_loss:5.91588 [1.63s]; best loss:0.33326, patience : 2
2026-07-18 17:58:19,285 P327270 INFO pr:0.9679  rc:0.9787  auc:0.9981 ap:0.9939 f1: 0.9733 pred_right: 43524 pred_wrong:3276 actu_right: 43560 actu_wrong: 3240
2026-07-18 17:58:19,554 P327270 INFO pr:0.9569  rc:0.9532  auc:0.9963 ap:0.9898 f1: 0.9550 pred_right: 17879 pred_wrong:1321 actu_right: 17874 actu_wrong: 1326
2026-07-18 17:58:19,554 P327270 INFO ----------------------------------------------------------------------------------------------------
2026-07-18 17:58:19,562 P327270 INFO 248/300 starting... lr: 0.0008100000000000001 para:0.01
2026-07-18 17:58:21,268 P327270 INFO Epoch 248/300, all_loss:0.43228 cls_loss:0.37668 rec_loss:5.93666 [1.71s]; best loss:0.33326, patience : 3
2026-07-18 17:58:22,000 P327270 INFO pr:0.9721  rc:0.9790  auc:0.9979 ap:0.9943 f1: 0.9755 pred_right: 43537 pred_wrong:3263 actu_right: 43560 actu_wrong: 3240
2026-07-18 17:58:22,295 P327270 INFO pr:0.9606  rc:0.9563  auc:0.9957 ap:0.9892 f1: 0.9584 pred_right: 17880 pred_wrong:1320 actu_right: 17874 actu_wrong: 1326
2026-07-18 17:58:22,301 P327270 INFO ----------------------------------------------------------------------------------------------------
2026-07-18 17:58:22,301 P327270 INFO 249/300 starting... lr: 0.0008100000000000001 para:0.01
2026-07-18 17:58:23,943 P327270 INFO Epoch 249/300, all_loss:0.54186 cls_loss:0.48722 rec_loss:5.95083 [1.64s]; best loss:0.33326, patience : 4
2026-07-18 17:58:24,555 P327270 INFO pr:0.9829  rc:0.9216  auc:0.9973 ap:0.9933 f1: 0.9512 pred_right: 43763 pred_wrong:3037 actu_right: 43561 actu_wrong: 3239
2026-07-18 17:58:24,802 P327270 INFO pr:0.9745  rc:0.8929  auc:0.9944 ap:0.9888 f1: 0.9319 pred_right: 17985 pred_wrong:1215 actu_right: 17874 actu_wrong: 1326
2026-07-18 17:58:24,802 P327270 INFO ----------------------------------------------------------------------------------------------------
2026-07-18 17:58:24,802 P327270 INFO 250/300 starting... lr: 0.0008100000000000001 para:0.01
2026-07-18 17:58:26,478 P327270 INFO Epoch 250/300, all_loss:0.46706 cls_loss:0.41202 rec_loss:5.91550 [1.67s]; best loss:0.33326, patience : 4
2026-07-18 17:58:27,094 P327270 INFO pr:0.9758  rc:0.9682  auc:0.9976 ap:0.9936 f1: 0.9720 pred_right: 43583 pred_wrong:3217 actu_right: 43558 actu_wrong: 3242
2026-07-18 17:58:27,349 P327270 INFO pr:0.9666  rc:0.9397  auc:0.9955 ap:0.9892 f1: 0.9530 pred_right: 17911 pred_wrong:1289 actu_right: 17874 actu_wrong: 1326
2026-07-18 17:58:27,350 P327270 INFO ----------------------------------------------------------------------------------------------------
2026-07-18 17:58:27,350 P327270 INFO 251/300 starting... lr: 0.0008100000000000001 para:0.01
2026-07-18 17:58:29,019 P327270 INFO Epoch 251/300, all_loss:0.30875 cls_loss:0.25245 rec_loss:5.88252 [1.67s]; best loss:0.30875, patience : 0
2026-07-18 17:58:29,695 P327270 INFO pr:0.9861  rc:0.9626  auc:0.9981 ap:0.9949 f1: 0.9742 pred_right: 43639 pred_wrong:3161 actu_right: 43562 actu_wrong: 3238
2026-07-18 17:58:29,980 P327270 INFO pr:0.9793  rc:0.9291  auc:0.9958 ap:0.9905 f1: 0.9536 pred_right: 17942 pred_wrong:1258 actu_right: 17874 actu_wrong: 1326
2026-07-18 17:58:29,980 P327270 INFO ----------------------------------------------------------------------------------------------------
2026-07-18 17:58:29,980 P327270 INFO 252/300 starting... lr: 0.0008100000000000001 para:0.01
2026-07-18 17:58:31,624 P327270 INFO Epoch 252/300, all_loss:0.57228 cls_loss:0.51874 rec_loss:5.87203 [1.64s]; best loss:0.30875, patience : 1
2026-07-18 17:58:32,180 P327270 INFO pr:0.9809  rc:0.9682  auc:0.9981 ap:0.9948 f1: 0.9745 pred_right: 43602 pred_wrong:3198 actu_right: 43560 actu_wrong: 3240
2026-07-18 17:58:32,418 P327270 INFO pr:0.9758  rc:0.9412  auc:0.9965 ap:0.9916 f1: 0.9582 pred_right: 17921 pred_wrong:1279 actu_right: 17874 actu_wrong: 1326
2026-07-18 17:58:32,418 P327270 INFO ----------------------------------------------------------------------------------------------------
2026-07-18 17:58:32,418 P327270 INFO 253/300 starting... lr: 0.0008100000000000001 para:0.01
2026-07-18 17:58:34,196 P327270 INFO Epoch 253/300, all_loss:0.35010 cls_loss:0.29411 rec_loss:5.89313 [1.78s]; best loss:0.30875, patience : 1
2026-07-18 17:58:34,848 P327270 INFO pr:0.9752  rc:0.9688  auc:0.9983 ap:0.9945 f1: 0.9720 pred_right: 43580 pred_wrong:3220 actu_right: 43559 actu_wrong: 3241
2026-07-18 17:58:35,124 P327270 INFO pr:0.9689  rc:0.9397  auc:0.9962 ap:0.9902 f1: 0.9541 pred_right: 17914 pred_wrong:1286 actu_right: 17874 actu_wrong: 1326
2026-07-18 17:58:35,125 P327270 INFO ----------------------------------------------------------------------------------------------------
2026-07-18 17:58:35,126 P327270 INFO 254/300 starting... lr: 0.0008100000000000001 para:0.01
2026-07-18 17:58:36,819 P327270 INFO Epoch 254/300, all_loss:0.31827 cls_loss:0.26198 rec_loss:5.89103 [1.69s]; best loss:0.30875, patience : 1
2026-07-18 17:58:37,397 P327270 INFO pr:0.9824  rc:0.9290  auc:0.9977 ap:0.9931 f1: 0.9549 pred_right: 43737 pred_wrong:3063 actu_right: 43561 actu_wrong: 3239
2026-07-18 17:58:37,670 P327270 INFO pr:0.9686  rc:0.9087  auc:0.9953 ap:0.9885 f1: 0.9377 pred_right: 17956 pred_wrong:1244 actu_right: 17874 actu_wrong: 1326
2026-07-18 17:58:37,671 P327270 INFO ----------------------------------------------------------------------------------------------------
2026-07-18 17:58:37,671 P327270 INFO 255/300 starting... lr: 0.0008100000000000001 para:0.01
2026-07-18 17:58:39,352 P327270 INFO Epoch 255/300, all_loss:0.33645 cls_loss:0.27989 rec_loss:5.93634 [1.68s]; best loss:0.30875, patience : 2
2026-07-18 17:58:40,038 P327270 INFO pr:0.9685  rc:0.9673  auc:0.9981 ap:0.9940 f1: 0.9679 pred_right: 43564 pred_wrong:3236 actu_right: 43560 actu_wrong: 3240
2026-07-18 17:58:40,346 P327270 INFO pr:0.9600  rc:0.9419  auc:0.9956 ap:0.9901 f1: 0.9509 pred_right: 17899 pred_wrong:1301 actu_right: 17874 actu_wrong: 1326
2026-07-18 17:58:40,346 P327270 INFO ----------------------------------------------------------------------------------------------------
2026-07-18 17:58:40,346 P327270 INFO 256/300 starting... lr: 0.0008100000000000001 para:0.01
2026-07-18 17:58:42,087 P327270 INFO Epoch 256/300, all_loss:0.53348 cls_loss:0.47944 rec_loss:5.88365 [1.74s]; best loss:0.30875, patience : 3
2026-07-18 17:58:42,685 P327270 INFO pr:0.9841  rc:0.9550  auc:0.9981 ap:0.9944 f1: 0.9693 pred_right: 43652 pred_wrong:3148 actu_right: 43556 actu_wrong: 3244
2026-07-18 17:58:42,967 P327270 INFO pr:0.9783  rc:0.9201  auc:0.9961 ap:0.9918 f1: 0.9483 pred_right: 17953 pred_wrong:1247 actu_right: 17874 actu_wrong: 1326
2026-07-18 17:58:42,968 P327270 INFO ----------------------------------------------------------------------------------------------------
2026-07-18 17:58:42,968 P327270 INFO 257/300 starting... lr: 0.0008100000000000001 para:0.01
2026-07-18 17:58:44,644 P327270 INFO Epoch 257/300, all_loss:0.37042 cls_loss:0.31472 rec_loss:5.88470 [1.68s]; best loss:0.30875, patience : 3
2026-07-18 17:58:45,227 P327270 INFO pr:0.9738  rc:0.9741  auc:0.9982 ap:0.9942 f1: 0.9739 pred_right: 43559 pred_wrong:3241 actu_right: 43560 actu_wrong: 3240
2026-07-18 17:58:45,464 P327270 INFO pr:0.9650  rc:0.9570  auc:0.9960 ap:0.9902 f1: 0.9610 pred_right: 17885 pred_wrong:1315 actu_right: 17874 actu_wrong: 1326
2026-07-18 17:58:45,465 P327270 INFO ----------------------------------------------------------------------------------------------------
2026-07-18 17:58:45,465 P327270 INFO 258/300 starting... lr: 0.0008100000000000001 para:0.01
2026-07-18 17:58:47,074 P327270 INFO Epoch 258/300, all_loss:0.33627 cls_loss:0.27973 rec_loss:5.93351 [1.61s]; best loss:0.30875, patience : 3
2026-07-18 17:58:47,725 P327270 INFO pr:0.9654  rc:0.9818  auc:0.9983 ap:0.9947 f1: 0.9735 pred_right: 43509 pred_wrong:3291 actu_right: 43564 actu_wrong: 3236
2026-07-18 17:58:47,980 P327270 INFO pr:0.9558  rc:0.9615  auc:0.9965 ap:0.9901 f1: 0.9586 pred_right: 17866 pred_wrong:1334 actu_right: 17874 actu_wrong: 1326
2026-07-18 17:58:47,981 P327270 INFO ----------------------------------------------------------------------------------------------------
2026-07-18 17:58:47,981 P327270 INFO 259/300 starting... lr: 0.0008100000000000001 para:0.01
2026-07-18 17:58:49,642 P327270 INFO Epoch 259/300, all_loss:0.44884 cls_loss:0.39386 rec_loss:5.89162 [1.66s]; best loss:0.30875, patience : 4
2026-07-18 17:58:50,266 P327270 INFO pr:0.9825  rc:0.9352  auc:0.9978 ap:0.9938 f1: 0.9583 pred_right: 43716 pred_wrong:3084 actu_right: 43560 actu_wrong: 3240
2026-07-18 17:58:50,515 P327270 INFO pr:0.9711  rc:0.9125  auc:0.9952 ap:0.9883 f1: 0.9409 pred_right: 17954 pred_wrong:1246 actu_right: 17874 actu_wrong: 1326
2026-07-18 17:58:50,515 P327270 INFO ----------------------------------------------------------------------------------------------------
2026-07-18 17:58:50,515 P327270 INFO 260/300 starting... lr: 0.0008100000000000001 para:0.01
2026-07-18 17:58:52,194 P327270 INFO Epoch 260/300, all_loss:0.43325 cls_loss:0.37780 rec_loss:5.92302 [1.68s]; best loss:0.30875, patience : 4
2026-07-18 17:58:52,808 P327270 INFO pr:0.9859  rc:0.9516  auc:0.9976 ap:0.9945 f1: 0.9685 pred_right: 43671 pred_wrong:3129 actu_right: 43558 actu_wrong: 3242
2026-07-18 17:58:53,061 P327270 INFO pr:0.9814  rc:0.9148  auc:0.9962 ap:0.9912 f1: 0.9469 pred_right: 17964 pred_wrong:1236 actu_right: 17874 actu_wrong: 1326
2026-07-18 17:58:53,061 P327270 INFO ----------------------------------------------------------------------------------------------------
2026-07-18 17:58:53,061 P327270 INFO 261/300 starting... lr: 0.0008100000000000001 para:0.01
2026-07-18 17:58:54,804 P327270 INFO Epoch 261/300, all_loss:0.35477 cls_loss:0.29858 rec_loss:5.91754 [1.74s]; best loss:0.30875, patience : 4
2026-07-18 17:58:55,460 P327270 INFO pr:0.9868  rc:0.9488  auc:0.9976 ap:0.9938 f1: 0.9674 pred_right: 43684 pred_wrong:3116 actu_right: 43559 actu_wrong: 3241
2026-07-18 17:58:55,732 P327270 INFO pr:0.9782  rc:0.9148  auc:0.9955 ap:0.9902 f1: 0.9454 pred_right: 17960 pred_wrong:1240 actu_right: 17874 actu_wrong: 1326
2026-07-18 17:58:55,732 P327270 INFO ----------------------------------------------------------------------------------------------------
2026-07-18 17:58:55,732 P327270 INFO 262/300 starting... lr: 0.0008100000000000001 para:0.01
2026-07-18 17:58:57,357 P327270 INFO Epoch 262/300, all_loss:0.42275 cls_loss:0.36738 rec_loss:5.90426 [1.63s]; best loss:0.30875, patience : 5
2026-07-18 17:58:58,007 P327270 INFO pr:0.9884  rc:0.9210  auc:0.9977 ap:0.9936 f1: 0.9535 pred_right: 43780 pred_wrong:3020 actu_right: 43559 actu_wrong: 3241
2026-07-18 17:58:58,300 P327270 INFO pr:0.9840  rc:0.8831  auc:0.9951 ap:0.9898 f1: 0.9308 pred_right: 18010 pred_wrong:1190 actu_right: 17874 actu_wrong: 1326
2026-07-18 17:58:58,300 P327270 INFO ----------------------------------------------------------------------------------------------------
2026-07-18 17:58:58,300 P327270 INFO 263/300 starting... lr: 0.0008100000000000001 para:0.01
2026-07-18 17:58:59,940 P327270 INFO Epoch 263/300, all_loss:0.45315 cls_loss:0.39819 rec_loss:5.89412 [1.64s]; best loss:0.30875, patience : 6
2026-07-18 17:59:00,553 P327270 INFO pr:0.9314  rc:0.9809  auc:0.9979 ap:0.9931 f1: 0.9555 pred_right: 43390 pred_wrong:3410 actu_right: 43562 actu_wrong: 3238
2026-07-18 17:59:00,810 P327270 INFO pr:0.9214  rc:0.9638  auc:0.9961 ap:0.9889 f1: 0.9421 pred_right: 17813 pred_wrong:1387 actu_right: 17874 actu_wrong: 1326
2026-07-18 17:59:00,810 P327270 INFO ----------------------------------------------------------------------------------------------------
2026-07-18 17:59:00,810 P327270 INFO 264/300 starting... lr: 0.0008100000000000001 para:0.01
2026-07-18 17:59:02,519 P327270 INFO Epoch 264/300, all_loss:0.36092 cls_loss:0.30484 rec_loss:5.91315 [1.71s]; best loss:0.30875, patience : 6
2026-07-18 17:59:03,114 P327270 INFO pr:0.9378  rc:0.9670  auc:0.9975 ap:0.9914 f1: 0.9522 pred_right: 43457 pred_wrong:3343 actu_right: 43558 actu_wrong: 3242
2026-07-18 17:59:03,372 P327270 INFO pr:0.9300  rc:0.9517  auc:0.9949 ap:0.9863 f1: 0.9407 pred_right: 17843 pred_wrong:1357 actu_right: 17874 actu_wrong: 1326
2026-07-18 17:59:03,372 P327270 INFO ----------------------------------------------------------------------------------------------------
2026-07-18 17:59:03,372 P327270 INFO 265/300 starting... lr: 0.0008100000000000001 para:0.01
2026-07-18 17:59:05,111 P327270 INFO Epoch 265/300, all_loss:0.41168 cls_loss:0.35588 rec_loss:5.93553 [1.74s]; best loss:0.30875, patience : 7
2026-07-18 17:59:05,702 P327270 INFO pr:0.9681  rc:0.9654  auc:0.9980 ap:0.9935 f1: 0.9668 pred_right: 43570 pred_wrong:3230 actu_right: 43561 actu_wrong: 3239
2026-07-18 17:59:05,957 P327270 INFO pr:0.9601  rc:0.9442  auc:0.9958 ap:0.9906 f1: 0.9521 pred_right: 17896 pred_wrong:1304 actu_right: 17874 actu_wrong: 1326
2026-07-18 17:59:05,958 P327270 INFO ----------------------------------------------------------------------------------------------------
2026-07-18 17:59:05,958 P327270 INFO 266/300 starting... lr: 0.0008100000000000001 para:0.01
2026-07-18 17:59:07,610 P327270 INFO Epoch 266/300, all_loss:0.33169 cls_loss:0.27520 rec_loss:5.92397 [1.65s]; best loss:0.30875, patience : 7
2026-07-18 17:59:08,271 P327270 INFO pr:0.9589  rc:0.9849  auc:0.9979 ap:0.9942 f1: 0.9717 pred_right: 43466 pred_wrong:3334 actu_right: 43554 actu_wrong: 3246
2026-07-18 17:59:08,572 P327270 INFO pr:0.9453  rc:0.9646  auc:0.9959 ap:0.9891 f1: 0.9548 pred_right: 17847 pred_wrong:1353 actu_right: 17874 actu_wrong: 1326
2026-07-18 17:59:08,572 P327270 INFO ----------------------------------------------------------------------------------------------------
2026-07-18 17:59:08,573 P327270 INFO 267/300 starting... lr: 0.0008100000000000001 para:0.01
2026-07-18 17:59:10,237 P327270 INFO Epoch 267/300, all_loss:0.38560 cls_loss:0.32966 rec_loss:5.92377 [1.66s]; best loss:0.30875, patience : 8
2026-07-18 17:59:10,881 P327270 INFO pr:0.9819  rc:0.9688  auc:0.9979 ap:0.9945 f1: 0.9753 pred_right: 43602 pred_wrong:3198 actu_right: 43559 actu_wrong: 3241
2026-07-18 17:59:11,148 P327270 INFO pr:0.9705  rc:0.9412  auc:0.9961 ap:0.9907 f1: 0.9556 pred_right: 17914 pred_wrong:1286 actu_right: 17874 actu_wrong: 1326
2026-07-18 17:59:11,149 P327270 INFO ----------------------------------------------------------------------------------------------------
2026-07-18 17:59:11,149 P327270 INFO 268/300 starting... lr: 0.0008100000000000001 para:0.01
2026-07-18 17:59:13,905 P327270 INFO Epoch 268/300, all_loss:0.38045 cls_loss:0.32448 rec_loss:5.92066 [2.76s]; best loss:0.30875, patience : 8
2026-07-18 17:59:14,416 P327270 INFO pr:0.9871  rc:0.8991  auc:0.9971 ap:0.9927 f1: 0.9410 pred_right: 43849 pred_wrong:2951 actu_right: 43560 actu_wrong: 3240
2026-07-18 17:59:14,623 P327270 INFO pr:0.9787  rc:0.8673  auc:0.9948 ap:0.9882 f1: 0.9196 pred_right: 18025 pred_wrong:1175 actu_right: 17874 actu_wrong: 1326
2026-07-18 17:59:14,623 P327270 INFO ----------------------------------------------------------------------------------------------------
2026-07-18 17:59:14,623 P327270 INFO 269/300 starting... lr: 0.0008100000000000001 para:0.01
2026-07-18 17:59:15,983 P327270 INFO Epoch 269/300, all_loss:0.35519 cls_loss:0.29946 rec_loss:5.87273 [1.36s]; best loss:0.30875, patience : 8
2026-07-18 17:59:16,457 P327270 INFO pr:0.9751  rc:0.9648  auc:0.9978 ap:0.9940 f1: 0.9699 pred_right: 43593 pred_wrong:3207 actu_right: 43559 actu_wrong: 3241
2026-07-18 17:59:16,662 P327270 INFO pr:0.9733  rc:0.9351  auc:0.9957 ap:0.9904 f1: 0.9538 pred_right: 17926 pred_wrong:1274 actu_right: 17874 actu_wrong: 1326
2026-07-18 17:59:16,662 P327270 INFO ----------------------------------------------------------------------------------------------------
2026-07-18 17:59:16,662 P327270 INFO 270/300 starting... lr: 0.0008100000000000001 para:0.01
2026-07-18 17:59:17,925 P327270 INFO Epoch 270/300, all_loss:0.30642 cls_loss:0.25003 rec_loss:5.88891 [1.26s]; best loss:0.30642, patience : 0
2026-07-18 17:59:18,401 P327270 INFO pr:0.9810  rc:0.9728  auc:0.9981 ap:0.9947 f1: 0.9769 pred_right: 43590 pred_wrong:3210 actu_right: 43563 actu_wrong: 3237
2026-07-18 17:59:18,607 P327270 INFO pr:0.9737  rc:0.9480  auc:0.9956 ap:0.9907 f1: 0.9606 pred_right: 17909 pred_wrong:1291 actu_right: 17874 actu_wrong: 1326
2026-07-18 17:59:18,611 P327270 INFO ----------------------------------------------------------------------------------------------------
2026-07-18 17:59:18,611 P327270 INFO 271/300 starting... lr: 0.0008100000000000001 para:0.01
2026-07-18 17:59:20,031 P327270 INFO Epoch 271/300, all_loss:0.50841 cls_loss:0.45360 rec_loss:5.93491 [1.42s]; best loss:0.30642, patience : 1
2026-07-18 17:59:20,569 P327270 INFO pr:0.9429  rc:0.9840  auc:0.9981 ap:0.9936 f1: 0.9630 pred_right: 43419 pred_wrong:3381 actu_right: 43560 actu_wrong: 3240
2026-07-18 17:59:20,800 P327270 INFO pr:0.9271  rc:0.9683  auc:0.9963 ap:0.9885 f1: 0.9473 pred_right: 17815 pred_wrong:1385 actu_right: 17874 actu_wrong: 1326
2026-07-18 17:59:20,801 P327270 INFO ----------------------------------------------------------------------------------------------------
2026-07-18 17:59:20,801 P327270 INFO 272/300 starting... lr: 0.0008100000000000001 para:0.01
2026-07-18 17:59:22,290 P327270 INFO Epoch 272/300, all_loss:0.45265 cls_loss:0.39794 rec_loss:5.86883 [1.49s]; best loss:0.30642, patience : 1
2026-07-18 17:59:22,861 P327270 INFO pr:0.9870  rc:0.9596  auc:0.9979 ap:0.9945 f1: 0.9731 pred_right: 43648 pred_wrong:3152 actu_right: 43558 actu_wrong: 3242
2026-07-18 17:59:23,082 P327270 INFO pr:0.9762  rc:0.9299  auc:0.9960 ap:0.9911 f1: 0.9525 pred_right: 17937 pred_wrong:1263 actu_right: 17874 actu_wrong: 1326
2026-07-18 17:59:23,082 P327270 INFO ----------------------------------------------------------------------------------------------------
2026-07-18 17:59:23,082 P327270 INFO 273/300 starting... lr: 0.0008100000000000001 para:0.01
2026-07-18 17:59:24,586 P327270 INFO Epoch 273/300, all_loss:0.37024 cls_loss:0.31488 rec_loss:5.85134 [1.50s]; best loss:0.30642, patience : 1
2026-07-18 17:59:25,113 P327270 INFO pr:0.9697  rc:0.9781  auc:0.9979 ap:0.9943 f1: 0.9739 pred_right: 43532 pred_wrong:3268 actu_right: 43560 actu_wrong: 3240
2026-07-18 17:59:25,338 P327270 INFO pr:0.9600  rc:0.9585  auc:0.9964 ap:0.9911 f1: 0.9592 pred_right: 17876 pred_wrong:1324 actu_right: 17874 actu_wrong: 1326
2026-07-18 17:59:25,339 P327270 INFO ----------------------------------------------------------------------------------------------------
2026-07-18 17:59:25,339 P327270 INFO 274/300 starting... lr: 0.0008100000000000001 para:0.01
2026-07-18 17:59:28,968 P327270 INFO Epoch 274/300, all_loss:0.52019 cls_loss:0.46640 rec_loss:5.84560 [3.63s]; best loss:0.30642, patience : 2
2026-07-18 17:59:30,693 P327270 INFO pr:0.9872  rc:0.9498  auc:0.9981 ap:0.9947 f1: 0.9681 pred_right: 43679 pred_wrong:3121 actu_right: 43556 actu_wrong: 3244
2026-07-18 17:59:31,206 P327270 INFO pr:0.9815  rc:0.9208  auc:0.9964 ap:0.9921 f1: 0.9502 pred_right: 17956 pred_wrong:1244 actu_right: 17874 actu_wrong: 1326
2026-07-18 17:59:31,207 P327270 INFO ----------------------------------------------------------------------------------------------------
2026-07-18 17:59:31,207 P327270 INFO 275/300 starting... lr: 0.0008100000000000001 para:0.01
2026-07-18 17:59:34,347 P327270 INFO Epoch 275/300, all_loss:0.43999 cls_loss:0.38535 rec_loss:5.84894 [3.14s]; best loss:0.30642, patience : 2
2026-07-18 17:59:35,446 P327270 INFO pr:0.9848  rc:0.9611  auc:0.9978 ap:0.9937 f1: 0.9728 pred_right: 43639 pred_wrong:3161 actu_right: 43561 actu_wrong: 3239
2026-07-18 17:59:35,949 P327270 INFO pr:0.9757  rc:0.9374  auc:0.9957 ap:0.9896 f1: 0.9562 pred_right: 17926 pred_wrong:1274 actu_right: 17874 actu_wrong: 1326
2026-07-18 17:59:35,949 P327270 INFO ----------------------------------------------------------------------------------------------------
2026-07-18 17:59:35,949 P327270 INFO 276/300 starting... lr: 0.0008100000000000001 para:0.01
2026-07-18 17:59:39,517 P327270 INFO Epoch 276/300, all_loss:0.29257 cls_loss:0.23672 rec_loss:5.82193 [3.56s]; best loss:0.29257, patience : 0
2026-07-18 17:59:40,524 P327270 INFO pr:0.9493  rc:0.9898  auc:0.9983 ap:0.9934 f1: 0.9692 pred_right: 43424 pred_wrong:3376 actu_right: 43562 actu_wrong: 3238
2026-07-18 17:59:40,872 P327270 INFO pr:0.9409  rc:0.9721  auc:0.9968 ap:0.9895 f1: 0.9562 pred_right: 17830 pred_wrong:1370 actu_right: 17874 actu_wrong: 1326
2026-07-18 17:59:40,873 P327270 INFO ----------------------------------------------------------------------------------------------------
2026-07-18 17:59:40,873 P327270 INFO 277/300 starting... lr: 0.0008100000000000001 para:0.01
2026-07-18 17:59:42,715 P327270 INFO Epoch 277/300, all_loss:0.29373 cls_loss:0.23760 rec_loss:5.85062 [1.84s]; best loss:0.29257, patience : 1
2026-07-18 17:59:43,468 P327270 INFO pr:0.9885  rc:0.9571  auc:0.9974 ap:0.9946 f1: 0.9726 pred_right: 43662 pred_wrong:3138 actu_right: 43559 actu_wrong: 3241
2026-07-18 17:59:43,767 P327270 INFO pr:0.9801  rc:0.9306  auc:0.9955 ap:0.9908 f1: 0.9547 pred_right: 17941 pred_wrong:1259 actu_right: 17874 actu_wrong: 1326
2026-07-18 17:59:43,767 P327270 INFO ----------------------------------------------------------------------------------------------------
2026-07-18 17:59:43,767 P327270 INFO 278/300 starting... lr: 0.0008100000000000001 para:0.01
2026-07-18 17:59:45,518 P327270 INFO Epoch 278/300, all_loss:0.27326 cls_loss:0.21647 rec_loss:5.89550 [1.75s]; best loss:0.27326, patience : 0
2026-07-18 17:59:46,202 P327270 INFO pr:0.9839  rc:0.9642  auc:0.9979 ap:0.9944 f1: 0.9739 pred_right: 43628 pred_wrong:3172 actu_right: 43563 actu_wrong: 3237
2026-07-18 17:59:46,490 P327270 INFO pr:0.9764  rc:0.9359  auc:0.9956 ap:0.9905 f1: 0.9557 pred_right: 17929 pred_wrong:1271 actu_right: 17874 actu_wrong: 1326
2026-07-18 17:59:46,491 P327270 INFO ----------------------------------------------------------------------------------------------------
2026-07-18 17:59:46,498 P327270 INFO 279/300 starting... lr: 0.0008100000000000001 para:0.01
2026-07-18 17:59:48,223 P327270 INFO Epoch 279/300, all_loss:0.27202 cls_loss:0.21476 rec_loss:5.94132 [1.72s]; best loss:0.27202, patience : 0
2026-07-18 17:59:48,898 P327270 INFO pr:0.9756  rc:0.9747  auc:0.9982 ap:0.9953 f1: 0.9751 pred_right: 43564 pred_wrong:3236 actu_right: 43561 actu_wrong: 3239
2026-07-18 17:59:49,148 P327270 INFO pr:0.9654  rc:0.9480  auc:0.9961 ap:0.9908 f1: 0.9566 pred_right: 17898 pred_wrong:1302 actu_right: 17874 actu_wrong: 1326
2026-07-18 17:59:49,148 P327270 INFO ----------------------------------------------------------------------------------------------------
2026-07-18 17:59:49,148 P327270 INFO 280/300 starting... lr: 0.0008100000000000001 para:0.01
2026-07-18 17:59:50,917 P327270 INFO Epoch 280/300, all_loss:0.33861 cls_loss:0.28232 rec_loss:5.91093 [1.77s]; best loss:0.27202, patience : 1
2026-07-18 17:59:51,489 P327270 INFO pr:0.9665  rc:0.9710  auc:0.9981 ap:0.9959 f1: 0.9687 pred_right: 43545 pred_wrong:3255 actu_right: 43560 actu_wrong: 3240
2026-07-18 17:59:51,749 P327270 INFO pr:0.9560  rc:0.9502  auc:0.9964 ap:0.9899 f1: 0.9531 pred_right: 17882 pred_wrong:1318 actu_right: 17874 actu_wrong: 1326
2026-07-18 17:59:51,749 P327270 INFO ----------------------------------------------------------------------------------------------------
2026-07-18 17:59:51,757 P327270 INFO 281/300 starting... lr: 0.0008100000000000001 para:0.01
2026-07-18 17:59:53,489 P327270 INFO Epoch 281/300, all_loss:0.40637 cls_loss:0.35078 rec_loss:5.91013 [1.73s]; best loss:0.27202, patience : 2
2026-07-18 17:59:54,147 P327270 INFO pr:0.9407  rc:0.9843  auc:0.9981 ap:0.9927 f1: 0.9620 pred_right: 43410 pred_wrong:3390 actu_right: 43560 actu_wrong: 3240
2026-07-18 17:59:54,428 P327270 INFO pr:0.9300  rc:0.9721  auc:0.9964 ap:0.9887 f1: 0.9506 pred_right: 17814 pred_wrong:1386 actu_right: 17874 actu_wrong: 1326
2026-07-18 17:59:54,428 P327270 INFO ----------------------------------------------------------------------------------------------------
2026-07-18 17:59:54,429 P327270 INFO 282/300 starting... lr: 0.0008100000000000001 para:0.01
2026-07-18 17:59:56,060 P327270 INFO Epoch 282/300, all_loss:0.54121 cls_loss:0.48633 rec_loss:5.97506 [1.63s]; best loss:0.27202, patience : 3
2026-07-18 17:59:56,660 P327270 INFO pr:0.8752  rc:0.9914  auc:0.9980 ap:0.9922 f1: 0.9297 pred_right: 43130 pred_wrong:3670 actu_right: 43560 actu_wrong: 3240
2026-07-18 17:59:56,909 P327270 INFO pr:0.8602  rc:0.9834  auc:0.9965 ap:0.9870 f1: 0.9177 pred_right: 17684 pred_wrong:1516 actu_right: 17874 actu_wrong: 1326
2026-07-18 17:59:56,909 P327270 INFO ----------------------------------------------------------------------------------------------------
2026-07-18 17:59:56,916 P327270 INFO 283/300 starting... lr: 0.0008100000000000001 para:0.01
2026-07-18 17:59:58,583 P327270 INFO Epoch 283/300, all_loss:0.45186 cls_loss:0.39639 rec_loss:5.94344 [1.67s]; best loss:0.27202, patience : 3
2026-07-18 17:59:59,251 P327270 INFO pr:0.9824  rc:0.9478  auc:0.9978 ap:0.9947 f1: 0.9648 pred_right: 43676 pred_wrong:3124 actu_right: 43562 actu_wrong: 3238
2026-07-18 17:59:59,529 P327270 INFO pr:0.9722  rc:0.9216  auc:0.9950 ap:0.9891 f1: 0.9462 pred_right: 17943 pred_wrong:1257 actu_right: 17874 actu_wrong: 1326
2026-07-18 17:59:59,530 P327270 INFO ----------------------------------------------------------------------------------------------------
2026-07-18 17:59:59,530 P327270 INFO 284/300 starting... lr: 0.0008100000000000001 para:0.01
2026-07-18 18:00:01,248 P327270 INFO Epoch 284/300, all_loss:0.43176 cls_loss:0.37620 rec_loss:5.93253 [1.72s]; best loss:0.27202, patience : 3
2026-07-18 18:00:01,936 P327270 INFO pr:0.9659  rc:0.9713  auc:0.9978 ap:0.9939 f1: 0.9686 pred_right: 43541 pred_wrong:3259 actu_right: 43559 actu_wrong: 3241
2026-07-18 18:00:02,185 P327270 INFO pr:0.9502  rc:0.9502  auc:0.9959 ap:0.9898 f1: 0.9502 pred_right: 17874 pred_wrong:1326 actu_right: 17874 actu_wrong: 1326
2026-07-18 18:00:02,186 P327270 INFO ----------------------------------------------------------------------------------------------------
2026-07-18 18:00:02,186 P327270 INFO 285/300 starting... lr: 0.0008100000000000001 para:0.01
2026-07-18 18:00:03,951 P327270 INFO Epoch 285/300, all_loss:0.44350 cls_loss:0.38757 rec_loss:5.98066 [1.77s]; best loss:0.27202, patience : 4
2026-07-18 18:00:04,525 P327270 INFO pr:0.9818  rc:0.9657  auc:0.9979 ap:0.9944 f1: 0.9737 pred_right: 43613 pred_wrong:3187 actu_right: 43560 actu_wrong: 3240
2026-07-18 18:00:04,764 P327270 INFO pr:0.9728  rc:0.9427  auc:0.9958 ap:0.9904 f1: 0.9575 pred_right: 17915 pred_wrong:1285 actu_right: 17874 actu_wrong: 1326
2026-07-18 18:00:04,765 P327270 INFO ----------------------------------------------------------------------------------------------------
2026-07-18 18:00:04,765 P327270 INFO 286/300 starting... lr: 0.0008100000000000001 para:0.01
2026-07-18 18:00:06,417 P327270 INFO Epoch 286/300, all_loss:0.32032 cls_loss:0.26315 rec_loss:5.97952 [1.65s]; best loss:0.27202, patience : 4
2026-07-18 18:00:07,019 P327270 INFO pr:0.9553  rc:0.9830  auc:0.9980 ap:0.9936 f1: 0.9690 pred_right: 43467 pred_wrong:3333 actu_right: 43561 actu_wrong: 3239
2026-07-18 18:00:07,250 P327270 INFO pr:0.9456  rc:0.9698  auc:0.9961 ap:0.9895 f1: 0.9576 pred_right: 17840 pred_wrong:1360 actu_right: 17874 actu_wrong: 1326
2026-07-18 18:00:07,250 P327270 INFO ----------------------------------------------------------------------------------------------------
2026-07-18 18:00:07,257 P327270 INFO 287/300 starting... lr: 0.0008100000000000001 para:0.01
2026-07-18 18:00:08,829 P327270 INFO Epoch 287/300, all_loss:0.38039 cls_loss:0.32432 rec_loss:5.93154 [1.57s]; best loss:0.27202, patience : 5
2026-07-18 18:00:09,479 P327270 INFO pr:0.9710  rc:0.9716  auc:0.9976 ap:0.9943 f1: 0.9713 pred_right: 43559 pred_wrong:3241 actu_right: 43561 actu_wrong: 3239
2026-07-18 18:00:09,726 P327270 INFO pr:0.9603  rc:0.9487  auc:0.9955 ap:0.9896 f1: 0.9545 pred_right: 17890 pred_wrong:1310 actu_right: 17874 actu_wrong: 1326
2026-07-18 18:00:09,726 P327270 INFO ----------------------------------------------------------------------------------------------------
2026-07-18 18:00:09,726 P327270 INFO 288/300 starting... lr: 0.0008100000000000001 para:0.01
2026-07-18 18:00:11,411 P327270 INFO Epoch 288/300, all_loss:0.30961 cls_loss:0.25250 rec_loss:5.96343 [1.68s]; best loss:0.27202, patience : 5
2026-07-18 18:00:12,030 P327270 INFO pr:0.9888  rc:0.9589  auc:0.9976 ap:0.9946 f1: 0.9737 pred_right: 43661 pred_wrong:3139 actu_right: 43563 actu_wrong: 3237
2026-07-18 18:00:12,284 P327270 INFO pr:0.9807  rc:0.9216  auc:0.9959 ap:0.9911 f1: 0.9502 pred_right: 17954 pred_wrong:1246 actu_right: 17874 actu_wrong: 1326
2026-07-18 18:00:12,284 P327270 INFO ----------------------------------------------------------------------------------------------------
2026-07-18 18:00:12,292 P327270 INFO 289/300 starting... lr: 0.0008100000000000001 para:0.01
2026-07-18 18:00:14,003 P327270 INFO Epoch 289/300, all_loss:0.31302 cls_loss:0.25640 rec_loss:5.91818 [1.71s]; best loss:0.27202, patience : 6
2026-07-18 18:00:14,641 P327270 INFO pr:0.9594  rc:0.9778  auc:0.9980 ap:0.9942 f1: 0.9685 pred_right: 43500 pred_wrong:3300 actu_right: 43562 actu_wrong: 3238
2026-07-18 18:00:14,900 P327270 INFO pr:0.9515  rc:0.9623  auc:0.9966 ap:0.9906 f1: 0.9569 pred_right: 17859 pred_wrong:1341 actu_right: 17874 actu_wrong: 1326
2026-07-18 18:00:14,901 P327270 INFO ----------------------------------------------------------------------------------------------------
2026-07-18 18:00:14,901 P327270 INFO 290/300 starting... lr: 0.0008100000000000001 para:0.01
2026-07-18 18:00:16,500 P327270 INFO Epoch 290/300, all_loss:0.41191 cls_loss:0.35568 rec_loss:5.97882 [1.60s]; best loss:0.27202, patience : 7
2026-07-18 18:00:17,073 P327270 INFO pr:0.9757  rc:0.9796  auc:0.9983 ap:0.9945 f1: 0.9777 pred_right: 43546 pred_wrong:3254 actu_right: 43559 actu_wrong: 3241
2026-07-18 18:00:17,342 P327270 INFO pr:0.9637  rc:0.9608  auc:0.9963 ap:0.9899 f1: 0.9622 pred_right: 17878 pred_wrong:1322 actu_right: 17874 actu_wrong: 1326
2026-07-18 18:00:17,347 P327270 INFO ----------------------------------------------------------------------------------------------------
2026-07-18 18:00:17,350 P327270 INFO 291/300 starting... lr: 0.0008100000000000001 para:0.01
2026-07-18 18:00:19,052 P327270 INFO Epoch 291/300, all_loss:0.23649 cls_loss:0.17906 rec_loss:5.92172 [1.70s]; best loss:0.23649, patience : 0
2026-07-18 18:00:19,680 P327270 INFO pr:0.9736  rc:0.9679  auc:0.9977 ap:0.9941 f1: 0.9707 pred_right: 43581 pred_wrong:3219 actu_right: 43562 actu_wrong: 3238
2026-07-18 18:00:19,933 P327270 INFO pr:0.9607  rc:0.9404  auc:0.9958 ap:0.9903 f1: 0.9505 pred_right: 17902 pred_wrong:1298 actu_right: 17874 actu_wrong: 1326
2026-07-18 18:00:19,933 P327270 INFO ----------------------------------------------------------------------------------------------------
2026-07-18 18:00:19,933 P327270 INFO 292/300 starting... lr: 0.0008100000000000001 para:0.01
2026-07-18 18:00:21,691 P327270 INFO Epoch 292/300, all_loss:0.37240 cls_loss:0.31617 rec_loss:5.93919 [1.76s]; best loss:0.23649, patience : 1
2026-07-18 18:00:22,356 P327270 INFO pr:0.9745  rc:0.9784  auc:0.9982 ap:0.9946 f1: 0.9765 pred_right: 43543 pred_wrong:3257 actu_right: 43556 actu_wrong: 3244
2026-07-18 18:00:22,633 P327270 INFO pr:0.9643  rc:0.9563  auc:0.9963 ap:0.9905 f1: 0.9602 pred_right: 17885 pred_wrong:1315 actu_right: 17874 actu_wrong: 1326
2026-07-18 18:00:22,633 P327270 INFO ----------------------------------------------------------------------------------------------------
2026-07-18 18:00:22,633 P327270 INFO 293/300 starting... lr: 0.0008100000000000001 para:0.01
2026-07-18 18:00:24,380 P327270 INFO Epoch 293/300, all_loss:0.33133 cls_loss:0.27443 rec_loss:5.96470 [1.75s]; best loss:0.23649, patience : 1
2026-07-18 18:00:25,073 P327270 INFO pr:0.9582  rc:0.9843  auc:0.9981 ap:0.9940 f1: 0.9711 pred_right: 43473 pred_wrong:3327 actu_right: 43561 actu_wrong: 3239
2026-07-18 18:00:25,351 P327270 INFO pr:0.9471  rc:0.9729  auc:0.9963 ap:0.9901 f1: 0.9598 pred_right: 17838 pred_wrong:1362 actu_right: 17874 actu_wrong: 1326
2026-07-18 18:00:25,351 P327270 INFO ----------------------------------------------------------------------------------------------------
2026-07-18 18:00:25,351 P327270 INFO 294/300 starting... lr: 0.0008100000000000001 para:0.01
2026-07-18 18:00:27,078 P327270 INFO Epoch 294/300, all_loss:0.30415 cls_loss:0.24715 rec_loss:5.94691 [1.73s]; best loss:0.23649, patience : 1
2026-07-18 18:00:27,700 P327270 INFO pr:0.9604  rc:0.9787  auc:0.9980 ap:0.9942 f1: 0.9694 pred_right: 43496 pred_wrong:3304 actu_right: 43558 actu_wrong: 3242
2026-07-18 18:00:27,955 P327270 INFO pr:0.9564  rc:0.9600  auc:0.9964 ap:0.9895 f1: 0.9582 pred_right: 17869 pred_wrong:1331 actu_right: 17874 actu_wrong: 1326
2026-07-18 18:00:27,956 P327270 INFO ----------------------------------------------------------------------------------------------------
2026-07-18 18:00:27,956 P327270 INFO 295/300 starting... lr: 0.0008100000000000001 para:0.01
2026-07-18 18:00:29,681 P327270 INFO Epoch 295/300, all_loss:0.26166 cls_loss:0.20405 rec_loss:5.96593 [1.72s]; best loss:0.23649, patience : 1
2026-07-18 18:00:30,337 P327270 INFO pr:0.9862  rc:0.9244  auc:0.9977 ap:0.9938 f1: 0.9543 pred_right: 43762 pred_wrong:3038 actu_right: 43559 actu_wrong: 3241
2026-07-18 18:00:30,609 P327270 INFO pr:0.9756  rc:0.9050  auc:0.9951 ap:0.9893 f1: 0.9390 pred_right: 17970 pred_wrong:1230 actu_right: 17874 actu_wrong: 1326
2026-07-18 18:00:30,609 P327270 INFO ----------------------------------------------------------------------------------------------------
2026-07-18 18:00:30,609 P327270 INFO 296/300 starting... lr: 0.0008100000000000001 para:0.01
2026-07-18 18:00:32,285 P327270 INFO Epoch 296/300, all_loss:0.30771 cls_loss:0.25048 rec_loss:5.97342 [1.67s]; best loss:0.23649, patience : 2
2026-07-18 18:00:32,907 P327270 INFO pr:0.9844  rc:0.9719  auc:0.9981 ap:0.9947 f1: 0.9781 pred_right: 43597 pred_wrong:3203 actu_right: 43556 actu_wrong: 3244
2026-07-18 18:00:33,143 P327270 INFO pr:0.9706  rc:0.9457  auc:0.9959 ap:0.9908 f1: 0.9580 pred_right: 17908 pred_wrong:1292 actu_right: 17874 actu_wrong: 1326
2026-07-18 18:00:33,147 P327270 INFO ----------------------------------------------------------------------------------------------------
2026-07-18 18:00:33,150 P327270 INFO 297/300 starting... lr: 0.0008100000000000001 para:0.01
2026-07-18 18:00:34,827 P327270 INFO Epoch 297/300, all_loss:0.24649 cls_loss:0.18880 rec_loss:5.95843 [1.68s]; best loss:0.23649, patience : 2
2026-07-18 18:00:35,443 P327270 INFO pr:0.9821  rc:0.9633  auc:0.9980 ap:0.9945 f1: 0.9726 pred_right: 43620 pred_wrong:3180 actu_right: 43558 actu_wrong: 3242
2026-07-18 18:00:35,699 P327270 INFO pr:0.9681  rc:0.9389  auc:0.9957 ap:0.9895 f1: 0.9533 pred_right: 17914 pred_wrong:1286 actu_right: 17874 actu_wrong: 1326
2026-07-18 18:00:35,699 P327270 INFO ----------------------------------------------------------------------------------------------------
2026-07-18 18:00:35,699 P327270 INFO 298/300 starting... lr: 0.0008100000000000001 para:0.01
2026-07-18 18:00:37,415 P327270 INFO Epoch 298/300, all_loss:0.32620 cls_loss:0.26942 rec_loss:5.94771 [1.71s]; best loss:0.23649, patience : 3
2026-07-18 18:00:38,127 P327270 INFO pr:0.9629  rc:0.9830  auc:0.9982 ap:0.9949 f1: 0.9728 pred_right: 43488 pred_wrong:3312 actu_right: 43556 actu_wrong: 3244
2026-07-18 18:00:38,418 P327270 INFO pr:0.9540  rc:0.9691  auc:0.9964 ap:0.9905 f1: 0.9615 pred_right: 17853 pred_wrong:1347 actu_right: 17874 actu_wrong: 1326
2026-07-18 18:00:38,418 P327270 INFO ----------------------------------------------------------------------------------------------------
2026-07-18 18:00:38,418 P327270 INFO 299/300 starting... lr: 0.0008100000000000001 para:0.01
2026-07-18 18:00:40,141 P327270 INFO Epoch 299/300, all_loss:0.41095 cls_loss:0.35512 rec_loss:5.93848 [1.72s]; best loss:0.23649, patience : 4
2026-07-18 18:00:40,866 P327270 INFO pr:0.9573  rc:0.9839  auc:0.9984 ap:0.9949 f1: 0.9705 pred_right: 43472 pred_wrong:3328 actu_right: 43562 actu_wrong: 3238
2026-07-18 18:00:41,161 P327270 INFO pr:0.9485  rc:0.9729  auc:0.9967 ap:0.9912 f1: 0.9605 pred_right: 17840 pred_wrong:1360 actu_right: 17874 actu_wrong: 1326
2026-07-18 18:00:41,161 P327270 INFO saving model...
2026-07-18 18:00:41,161 P327270 INFO FITS_Legendre - loss  best score:0.23648712038993835 at epoch 291
2026-07-18 18:00:41,168 P327270 INFO FITS_Legendre - f1  best score:0.9781293624941834 at epoch 296
2026-07-18 18:00:41,173 P327270 INFO Average training time per epoch: 1.83 seconds
2026-07-18 18:00:41,173 P327270 INFO calculate scores...
2026-07-18 18:00:41,173 P327270 INFO calculate label with loss...
2026-07-18 18:00:41,174 P327270 INFO FITS_Legendre on ./result/server_only_exps/Sensitivity/FITS_Legendre-SN-Epochs300-Seed2-ExpNameRQ3_sensitivity_auxi_lambda-LPFLPF-Attnlinear_attn-NormLinTrue-RecLambda1.0-AuxiLambda0.2-Degree5-lowshow-simplegraph loading...
2026-07-18 18:00:41,469 P327270 INFO pr:0.9607  rc:0.9404  auc:0.9958 ap:0.9903 f1: 0.9505 pred_right: 17902 pred_wrong:1298 actu_right: 17874 actu_wrong: 1326
2026-07-18 18:00:41,864 P327270 INFO pr:0.9607  rc:0.9404  auc:0.9958 ap:0.9903 f1: 0.9505 pred_right: 17902 pred_wrong:1298 actu_right: 17874 actu_wrong: 1326
2026-07-18 18:00:41,865 P327270 INFO Performance Summary:
{'GPU': {'inference_time_per_sample_ms': 0.14753753063725492, 'throughput_samples_per_sec': 6777.936404931863, 'peak_memory_mb': 29.71630859375, 'energy_per_sample_joules': 0.007497636000689338}, 'CPU': {'inference_time_per_sample_ms': 0.2102232801014656, 'throughput_samples_per_sec': 4756.847098557989, 'peak_memory_mb': 1666.8046875, 'energy_per_sample_joules': 0.013664513206595263}}
2026-07-18 18:00:41,865 P327270 INFO Starting clean-room hardware benchmarking...
2026-07-18 18:00:42,689 P327270 INFO Performance with loss: pr:0.9607  rc:0.9404  auc:0.9958 ap:0.9903 f1: 0.9505 pred_right: 17902 pred_wrong:1298 actu_right: 17874 actu_wrong: 1326
2026-07-18 18:00:42,689 P327270 INFO calculate label with f1...
2026-07-18 18:00:42,689 P327270 INFO FITS_Legendre on ./result/server_only_exps/Sensitivity/FITS_Legendre-SN-Epochs300-Seed2-ExpNameRQ3_sensitivity_auxi_lambda-LPFLPF-Attnlinear_attn-NormLinTrue-RecLambda1.0-AuxiLambda0.2-Degree5-lowshow-simplegraph loading...
2026-07-18 18:00:42,974 P327270 INFO pr:0.9706  rc:0.9457  auc:0.9959 ap:0.9908 f1: 0.9580 pred_right: 17908 pred_wrong:1292 actu_right: 17874 actu_wrong: 1326
2026-07-18 18:00:43,358 P327270 INFO pr:0.9706  rc:0.9457  auc:0.9959 ap:0.9908 f1: 0.9580 pred_right: 17908 pred_wrong:1292 actu_right: 17874 actu_wrong: 1326
2026-07-18 18:00:43,359 P327270 INFO Performance Summary:
{'GPU': {'inference_time_per_sample_ms': 0.14499304822988618, 'throughput_samples_per_sec': 6896.8823830402, 'peak_memory_mb': 29.28955078125, 'energy_per_sample_joules': 0.007204414580446584}, 'CPU': {'inference_time_per_sample_ms': 0.2058721056171492, 'throughput_samples_per_sec': 4857.384622371588, 'peak_memory_mb': 1675.73046875, 'energy_per_sample_joules': 0.013381686865114699}}
2026-07-18 18:00:43,359 P327270 INFO Starting clean-room hardware benchmarking...
2026-07-18 18:00:44,140 P327270 INFO Performance with f1: pr:0.9706  rc:0.9457  auc:0.9959 ap:0.9908 f1: 0.9580 pred_right: 17908 pred_wrong:1292 actu_right: 17874 actu_wrong: 1326
