2026-07-02 18:21:01,469 P1165252 INFO ---- Model: ----MSTGAD-4b8f37ff----random_seed : 1----req_loss_approach : Legendre-style----rec_lambda : 1.0----auxi_lambda : 0.1----Freq Domain : FITS_Legendre----Multi Fits : false----train : True----evaluate : False
2026-07-02 18:21:01,469 P1165252 INFO Load from /home/db2003/Desktop/Amr/Tests/Eadro/codes/chunks/TT
2026-07-02 18:21:12,778 P1165252 INFO Fewshot: training with 1.0 of the 70% of the data
2026-07-02 18:21:21,678 P1165252 INFO Trainable Parameters Breakdown:
2026-07-02 18:21:21,678 P1165252 INFO --------------------------------------------------------------------------------
2026-07-02 18:21:21,678 P1165252 INFO Reconstruction-Specific Parameters:
2026-07-02 18:21:21,678 P1165252 INFO linear_attn.Wq.weight                    | shape: (10, 10)                  | params: 100
2026-07-02 18:21:21,678 P1165252 INFO linear_attn.Wk.weight                    | shape: (10, 10)                  | params: 100
2026-07-02 18:21:21,678 P1165252 INFO linear_attn.Wv.weight                    | shape: (10, 10)                  | params: 100
2026-07-02 18:21:21,678 P1165252 INFO linear_attn.out.weight                   | shape: (10, 10)                  | params: 100
2026-07-02 18:21:21,678 P1165252 INFO linear_attn.out.bias                     | shape: (10,)                     | params: 10
2026-07-02 18:21:21,678 P1165252 INFO linear_attn.norm.weight                  | shape: (10,)                     | params: 10
2026-07-02 18:21:21,678 P1165252 INFO linear_attn.norm.bias                    | shape: (10,)                     | params: 10
2026-07-02 18:21:21,678 P1165252 INFO shared_fits.normlin_W                    | shape: (5, 5)                    | params: 25
2026-07-02 18:21:21,678 P1165252 INFO shared_fits.freq_upsampler.weight        | shape: (5, 5)                    | params: 25
2026-07-02 18:21:21,679 P1165252 INFO shared_fits.freq_upsampler.bias          | shape: (5,)                      | params: 5
2026-07-02 18:21:21,679 P1165252 INFO modality_proj.node.weight                | shape: (10, 8)                   | params: 80
2026-07-02 18:21:21,679 P1165252 INFO modality_proj.node.bias                  | shape: (10,)                     | params: 10
2026-07-02 18:21:21,679 P1165252 INFO modality_proj.log.weight                 | shape: (10, 32)                  | params: 320
2026-07-02 18:21:21,679 P1165252 INFO modality_proj.log.bias                   | shape: (10,)                     | params: 10
2026-07-02 18:21:21,679 P1165252 INFO modality_proj.edge.weight                | shape: (10, 8)                   | params: 80
2026-07-02 18:21:21,679 P1165252 INFO modality_proj.edge.bias                  | shape: (10,)                     | params: 10
2026-07-02 18:21:21,679 P1165252 INFO modality_proj_out.node.weight            | shape: (8, 10)                   | params: 80
2026-07-02 18:21:21,679 P1165252 INFO modality_proj_out.node.bias              | shape: (8,)                      | params: 8
2026-07-02 18:21:21,679 P1165252 INFO modality_proj_out.log.weight             | shape: (32, 10)                  | params: 320
2026-07-02 18:21:21,679 P1165252 INFO modality_proj_out.log.bias               | shape: (32,)                     | params: 32
2026-07-02 18:21:21,679 P1165252 INFO modality_proj_out.edge.weight            | shape: (8, 10)                   | params: 80
2026-07-02 18:21:21,679 P1165252 INFO modality_proj_out.edge.bias              | shape: (8,)                      | params: 8
2026-07-02 18:21:21,679 P1165252 INFO Subtotal: 1,523
2026-07-02 18:21:21,679 P1165252 INFO --------------------------------------------------------------------------------
2026-07-02 18:21:21,679 P1165252 INFO Common Parameters:
2026-07-02 18:21:21,679 P1165252 INFO node_emb.linear.weight                   | shape: (8, 7)                    | params: 56
2026-07-02 18:21:21,679 P1165252 INFO node_emb.linear.bias                     | shape: (8,)                      | params: 8
2026-07-02 18:21:21,679 P1165252 INFO log_emb.linear.weight                    | shape: (32, 60)                  | params: 1,920
2026-07-02 18:21:21,679 P1165252 INFO log_emb.linear.bias                      | shape: (32,)                     | params: 32
2026-07-02 18:21:21,679 P1165252 INFO egde_emb.linear.weight                   | shape: (8, 2)                    | params: 16
2026-07-02 18:21:21,679 P1165252 INFO egde_emb.linear.bias                     | shape: (8,)                      | params: 8
2026-07-02 18:21:21,679 P1165252 INFO dense_node.weight                        | shape: (7, 8)                    | params: 56
2026-07-02 18:21:21,680 P1165252 INFO dense_node.bias                          | shape: (7,)                      | params: 7
2026-07-02 18:21:21,680 P1165252 INFO dense_log.weight                         | shape: (60, 32)                  | params: 1,920
2026-07-02 18:21:21,680 P1165252 INFO dense_log.bias                           | shape: (60,)                     | params: 60
2026-07-02 18:21:21,680 P1165252 INFO dense_edge.weight                        | shape: (2, 8)                    | params: 16
2026-07-02 18:21:21,680 P1165252 INFO dense_edge.bias                          | shape: (2,)                      | params: 2
2026-07-02 18:21:21,680 P1165252 INFO show.0.weight                            | shape: (128, 69)                 | params: 8,832
2026-07-02 18:21:21,680 P1165252 INFO show.0.bias                              | shape: (128,)                    | params: 128
2026-07-02 18:21:21,680 P1165252 INFO show.2.weight                            | shape: (2, 128)                  | params: 256
2026-07-02 18:21:21,680 P1165252 INFO show.2.bias                              | shape: (2,)                      | params: 2
2026-07-02 18:21:21,680 P1165252 INFO Subtotal: 13,319
2026-07-02 18:21:21,680 P1165252 INFO --------------------------------------------------------------------------------
2026-07-02 18:21:21,680 P1165252 INFO Total Trainable Parameters: 14,842

2026-07-02 18:21:21,680 P1165252 INFO Trainable Parameters: 14842, reconstruction: 1523, common: 13319
2026-07-02 18:21:21,680 P1165252 INFO model : init weight
2026-07-02 18:21:21,681 P1165252 INFO Using GPU...
2026-07-02 18:21:21,685 P1165252 INFO optimizer : using AdaBelief
2026-07-02 18:21:21,685 P1165252 INFO ----------------------------------------------------------------------------------------------------
2026-07-02 18:21:21,686 P1165252 INFO 0/50 starting... lr: 0.001 para:1.0
2026-07-02 18:21:41,508 P1165252 INFO Epoch 0/50, all_loss:0.07537 cls_loss:31.05410 rec_loss:0.07537 [19.82s]; best loss:0.07537, patience : 0
2026-07-02 18:21:41,508 P1165252 INFO ----------------------------------------------------------------------------------------------------
2026-07-02 18:21:41,508 P1165252 INFO 1/50 starting... lr: 0.001 para:0.5
2026-07-02 18:22:07,134 P1165252 INFO Epoch 1/50, all_loss:1.96555 cls_loss:3.70813 rec_loss:0.22297 [25.62s]; best loss:1.96555, patience : 0
2026-07-02 18:22:07,134 P1165252 INFO ----------------------------------------------------------------------------------------------------
2026-07-02 18:22:07,134 P1165252 INFO 2/50 starting... lr: 0.001 para:0.3333333432674408
2026-07-02 18:22:26,297 P1165252 INFO Epoch 2/50, all_loss:1.48294 cls_loss:2.09950 rec_loss:0.24983 [19.16s]; best loss:1.48294, patience : 0
2026-07-02 18:22:36,450 P1165252 INFO pr:0.9450  rc:0.4443  auc:0.9887 ap:0.9038 f1: 0.6044 pred_right: 1079985 pred_wrong:16215 actu_right: 1061712 actu_wrong: 34488
2026-07-02 18:22:40,548 P1165252 INFO pr:0.9496  rc:0.4453  auc:0.9889 ap:0.9045 f1: 0.6063 pred_right: 462856 pred_wrong:6944 actu_right: 454992 actu_wrong: 14808
2026-07-02 18:22:40,553 P1165252 INFO ----------------------------------------------------------------------------------------------------
2026-07-02 18:22:40,553 P1165252 INFO 3/50 starting... lr: 0.001 para:0.25
2026-07-02 18:23:00,653 P1165252 INFO Epoch 3/50, all_loss:1.41642 cls_loss:1.79429 rec_loss:0.28281 [20.10s]; best loss:1.41642, patience : 0
2026-07-02 18:23:09,573 P1165252 INFO pr:0.9068  rc:0.5830  auc:0.9928 ap:0.9305 f1: 0.7097 pred_right: 1074023 pred_wrong:22177 actu_right: 1061708 actu_wrong: 34492
2026-07-02 18:23:17,034 P1165252 INFO pr:0.9128  rc:0.5863  auc:0.9930 ap:0.9313 f1: 0.7140 pred_right: 460289 pred_wrong:9511 actu_right: 454992 actu_wrong: 14808
2026-07-02 18:23:17,043 P1165252 INFO ----------------------------------------------------------------------------------------------------
2026-07-02 18:23:17,044 P1165252 INFO 4/50 starting... lr: 0.001 para:0.20000000298023224
2026-07-02 18:23:40,007 P1165252 INFO Epoch 4/50, all_loss:1.33125 cls_loss:1.58919 rec_loss:0.29945 [22.96s]; best loss:1.33125, patience : 0
2026-07-02 18:23:50,040 P1165252 INFO pr:0.8463  rc:0.7029  auc:0.9948 ap:0.9436 f1: 0.7680 pred_right: 1067559 pred_wrong:28641 actu_right: 1061714 actu_wrong: 34486
2026-07-02 18:23:54,324 P1165252 INFO pr:0.8532  rc:0.7043  auc:0.9948 ap:0.9442 f1: 0.7716 pred_right: 457575 pred_wrong:12225 actu_right: 454992 actu_wrong: 14808
2026-07-02 18:23:54,329 P1165252 INFO ----------------------------------------------------------------------------------------------------
2026-07-02 18:23:54,329 P1165252 INFO 5/50 starting... lr: 0.001 para:0.1666666716337204
2026-07-02 18:24:13,836 P1165252 INFO Epoch 5/50, all_loss:1.26021 cls_loss:1.44468 rec_loss:0.33782 [19.50s]; best loss:1.26021, patience : 0
2026-07-02 18:24:25,091 P1165252 INFO pr:0.8206  rc:0.8129  auc:0.9959 ap:0.9542 f1: 0.8167 pred_right: 1062039 pred_wrong:34161 actu_right: 1061714 actu_wrong: 34486
2026-07-02 18:24:28,555 P1165252 INFO pr:0.8228  rc:0.8127  auc:0.9960 ap:0.9548 f1: 0.8177 pred_right: 455174 pred_wrong:14626 actu_right: 454992 actu_wrong: 14808
2026-07-02 18:24:28,559 P1165252 INFO ----------------------------------------------------------------------------------------------------
2026-07-02 18:24:28,559 P1165252 INFO 6/50 starting... lr: 0.001 para:0.1428571492433548
2026-07-02 18:24:53,599 P1165252 INFO Epoch 6/50, all_loss:1.15003 cls_loss:1.27473 rec_loss:0.40177 [25.03s]; best loss:1.15003, patience : 0
2026-07-02 18:25:03,965 P1165252 INFO pr:0.8672  rc:0.8398  auc:0.9974 ap:0.9679 f1: 0.8533 pred_right: 1062796 pred_wrong:33404 actu_right: 1061707 actu_wrong: 34493
2026-07-02 18:25:08,209 P1165252 INFO pr:0.8718  rc:0.8359  auc:0.9974 ap:0.9677 f1: 0.8534 pred_right: 455601 pred_wrong:14199 actu_right: 454992 actu_wrong: 14808
2026-07-02 18:25:08,214 P1165252 INFO ----------------------------------------------------------------------------------------------------
2026-07-02 18:25:08,214 P1165252 INFO 7/50 starting... lr: 0.001 para:0.125
2026-07-02 18:25:27,938 P1165252 INFO Epoch 7/50, all_loss:0.97127 cls_loss:1.03713 rec_loss:0.51028 [19.72s]; best loss:0.97127, patience : 0
2026-07-02 18:25:38,223 P1165252 INFO pr:0.8647  rc:0.9168  auc:0.9978 ap:0.9763 f1: 0.8900 pred_right: 1059631 pred_wrong:36569 actu_right: 1061707 actu_wrong: 34493
2026-07-02 18:25:42,366 P1165252 INFO pr:0.8686  rc:0.9181  auc:0.9979 ap:0.9768 f1: 0.8927 pred_right: 454149 pred_wrong:15651 actu_right: 454992 actu_wrong: 14808
2026-07-02 18:25:42,371 P1165252 INFO ----------------------------------------------------------------------------------------------------
2026-07-02 18:25:42,371 P1165252 INFO 8/50 starting... lr: 0.001 para:0.1111111119389534
2026-07-02 18:26:01,197 P1165252 INFO Epoch 8/50, all_loss:0.86697 cls_loss:0.90184 rec_loss:0.58801 [18.82s]; best loss:0.86697, patience : 0
2026-07-02 18:26:18,247 P1165252 INFO pr:0.8413  rc:0.9506  auc:0.9983 ap:0.9787 f1: 0.8926 pred_right: 1057231 pred_wrong:38969 actu_right: 1061712 actu_wrong: 34488
2026-07-02 18:26:22,945 P1165252 INFO pr:0.8442  rc:0.9521  auc:0.9984 ap:0.9794 f1: 0.8949 pred_right: 453099 pred_wrong:16701 actu_right: 454992 actu_wrong: 14808
2026-07-02 18:26:22,949 P1165252 INFO ----------------------------------------------------------------------------------------------------
2026-07-02 18:26:22,949 P1165252 INFO 9/50 starting... lr: 0.001 para:0.10000000149011612
2026-07-02 18:26:42,299 P1165252 INFO Epoch 9/50, all_loss:0.78866 cls_loss:0.80733 rec_loss:0.62064 [19.35s]; best loss:0.78866, patience : 0
2026-07-02 18:26:52,001 P1165252 INFO pr:0.9114  rc:0.8796  auc:0.9983 ap:0.9835 f1: 0.8952 pred_right: 1062918 pred_wrong:33282 actu_right: 1061714 actu_wrong: 34486
2026-07-02 18:26:56,288 P1165252 INFO pr:0.9153  rc:0.8797  auc:0.9985 ap:0.9839 f1: 0.8971 pred_right: 455569 pred_wrong:14231 actu_right: 454992 actu_wrong: 14808
2026-07-02 18:26:56,293 P1165252 INFO ----------------------------------------------------------------------------------------------------
2026-07-02 18:26:56,293 P1165252 INFO 10/50 starting... lr: 0.001 para:0.09090909361839294
2026-07-02 18:27:16,612 P1165252 INFO Epoch 10/50, all_loss:0.74563 cls_loss:0.75484 rec_loss:0.65348 [20.32s]; best loss:0.74563, patience : 0
2026-07-02 18:27:25,693 P1165252 INFO pr:0.8972  rc:0.9152  auc:0.9986 ap:0.9833 f1: 0.9061 pred_right: 1061016 pred_wrong:35184 actu_right: 1061709 actu_wrong: 34491
2026-07-02 18:27:32,530 P1165252 INFO pr:0.9006  rc:0.9164  auc:0.9988 ap:0.9837 f1: 0.9084 pred_right: 454732 pred_wrong:15068 actu_right: 454992 actu_wrong: 14808
2026-07-02 18:27:32,540 P1165252 INFO ----------------------------------------------------------------------------------------------------
2026-07-02 18:27:32,540 P1165252 INFO 11/50 starting... lr: 0.001 para:0.0833333358168602
2026-07-02 18:27:56,300 P1165252 INFO Epoch 11/50, all_loss:0.70333 cls_loss:0.70590 rec_loss:0.67509 [23.76s]; best loss:0.70333, patience : 0
2026-07-02 18:28:06,512 P1165252 INFO pr:0.9051  rc:0.9115  auc:0.9989 ap:0.9855 f1: 0.9083 pred_right: 1061470 pred_wrong:34730 actu_right: 1061714 actu_wrong: 34486
2026-07-02 18:28:10,642 P1165252 INFO pr:0.9089  rc:0.9096  auc:0.9990 ap:0.9857 f1: 0.9092 pred_right: 454981 pred_wrong:14819 actu_right: 454992 actu_wrong: 14808
2026-07-02 18:28:10,646 P1165252 INFO ----------------------------------------------------------------------------------------------------
2026-07-02 18:28:10,646 P1165252 INFO 12/50 starting... lr: 0.001 para:0.07692307978868484
2026-07-02 18:28:30,304 P1165252 INFO Epoch 12/50, all_loss:0.67442 cls_loss:0.67232 rec_loss:0.69961 [19.65s]; best loss:0.67442, patience : 0
2026-07-02 18:28:41,037 P1165252 INFO pr:0.9317  rc:0.8741  auc:0.9990 ap:0.9865 f1: 0.9020 pred_right: 1063840 pred_wrong:32360 actu_right: 1061709 actu_wrong: 34491
2026-07-02 18:28:44,427 P1165252 INFO pr:0.9341  rc:0.8743  auc:0.9991 ap:0.9863 f1: 0.9032 pred_right: 455939 pred_wrong:13861 actu_right: 454992 actu_wrong: 14808
2026-07-02 18:28:44,428 P1165252 INFO ----------------------------------------------------------------------------------------------------
2026-07-02 18:28:44,435 P1165252 INFO 13/50 starting... lr: 0.001 para:0.0714285746216774
2026-07-02 18:29:09,951 P1165252 INFO Epoch 13/50, all_loss:0.64814 cls_loss:0.64315 rec_loss:0.71304 [25.51s]; best loss:0.64814, patience : 0
2026-07-02 18:29:20,226 P1165252 INFO pr:0.9125  rc:0.9249  auc:0.9987 ap:0.9867 f1: 0.9187 pred_right: 1061247 pred_wrong:34953 actu_right: 1061715 actu_wrong: 34485
2026-07-02 18:29:24,392 P1165252 INFO pr:0.9148  rc:0.9243  auc:0.9987 ap:0.9865 f1: 0.9195 pred_right: 454838 pred_wrong:14962 actu_right: 454992 actu_wrong: 14808
2026-07-02 18:29:24,397 P1165252 INFO ----------------------------------------------------------------------------------------------------
2026-07-02 18:29:24,397 P1165252 INFO 14/50 starting... lr: 0.001 para:0.06666667014360428
2026-07-02 18:29:43,714 P1165252 INFO Epoch 14/50, all_loss:0.63467 cls_loss:0.62757 rec_loss:0.73404 [19.31s]; best loss:0.63467, patience : 0
2026-07-02 18:29:54,313 P1165252 INFO pr:0.8643  rc:0.9800  auc:0.9991 ap:0.9860 f1: 0.9185 pred_right: 1057095 pred_wrong:39105 actu_right: 1061711 actu_wrong: 34489
2026-07-02 18:29:58,600 P1165252 INFO pr:0.8680  rc:0.9778  auc:0.9991 ap:0.9863 f1: 0.9197 pred_right: 453120 pred_wrong:16680 actu_right: 454992 actu_wrong: 14808
2026-07-02 18:29:58,601 P1165252 INFO ----------------------------------------------------------------------------------------------------
2026-07-02 18:29:58,601 P1165252 INFO 15/50 starting... lr: 0.001 para:0.0625
2026-07-02 18:30:17,120 P1165252 INFO Epoch 15/50, all_loss:0.61222 cls_loss:0.60266 rec_loss:0.75556 [18.52s]; best loss:0.61222, patience : 0
2026-07-02 18:30:34,795 P1165252 INFO pr:0.9009  rc:0.9591  auc:0.9992 ap:0.9888 f1: 0.9291 pred_right: 1059484 pred_wrong:36716 actu_right: 1061713 actu_wrong: 34487
2026-07-02 18:30:39,044 P1165252 INFO pr:0.9047  rc:0.9575  auc:0.9991 ap:0.9882 f1: 0.9303 pred_right: 454129 pred_wrong:15671 actu_right: 454992 actu_wrong: 14808
2026-07-02 18:30:39,048 P1165252 INFO ----------------------------------------------------------------------------------------------------
2026-07-02 18:30:39,048 P1165252 INFO 16/50 starting... lr: 0.001 para:0.05882352963089943
2026-07-02 18:30:58,130 P1165252 INFO Epoch 16/50, all_loss:0.59215 cls_loss:0.58094 rec_loss:0.77164 [19.08s]; best loss:0.59215, patience : 0
2026-07-02 18:31:08,497 P1165252 INFO pr:0.9263  rc:0.9292  auc:0.9992 ap:0.9902 f1: 0.9278 pred_right: 1061604 pred_wrong:34596 actu_right: 1061712 actu_wrong: 34488
2026-07-02 18:31:12,764 P1165252 INFO pr:0.9281  rc:0.9278  auc:0.9992 ap:0.9895 f1: 0.9279 pred_right: 454996 pred_wrong:14804 actu_right: 454992 actu_wrong: 14808
2026-07-02 18:31:12,765 P1165252 INFO ----------------------------------------------------------------------------------------------------
2026-07-02 18:31:12,765 P1165252 INFO 17/50 starting... lr: 0.001 para:0.0555555559694767
2026-07-02 18:31:33,217 P1165252 INFO Epoch 17/50, all_loss:0.56606 cls_loss:0.55267 rec_loss:0.79372 [20.45s]; best loss:0.56606, patience : 0
2026-07-02 18:31:41,887 P1165252 INFO pr:0.9270  rc:0.9276  auc:0.9991 ap:0.9905 f1: 0.9273 pred_right: 1061691 pred_wrong:34509 actu_right: 1061713 actu_wrong: 34487
2026-07-02 18:31:47,204 P1165252 INFO pr:0.9278  rc:0.9271  auc:0.9992 ap:0.9898 f1: 0.9274 pred_right: 455004 pred_wrong:14796 actu_right: 454992 actu_wrong: 14808
2026-07-02 18:31:47,205 P1165252 INFO ----------------------------------------------------------------------------------------------------
2026-07-02 18:31:47,206 P1165252 INFO 18/50 starting... lr: 0.001 para:0.05263157933950424
2026-07-02 18:32:11,743 P1165252 INFO Epoch 18/50, all_loss:0.55699 cls_loss:0.54265 rec_loss:0.81500 [24.53s]; best loss:0.55699, patience : 0
2026-07-02 18:32:21,539 P1165252 INFO pr:0.9329  rc:0.9373  auc:0.9993 ap:0.9914 f1: 0.9351 pred_right: 1061548 pred_wrong:34652 actu_right: 1061708 actu_wrong: 34492
2026-07-02 18:32:25,955 P1165252 INFO pr:0.9346  rc:0.9351  auc:0.9992 ap:0.9912 f1: 0.9349 pred_right: 454984 pred_wrong:14816 actu_right: 454992 actu_wrong: 14808
2026-07-02 18:32:25,959 P1165252 INFO ----------------------------------------------------------------------------------------------------
2026-07-02 18:32:25,960 P1165252 INFO 19/50 starting... lr: 0.001 para:0.05000000074505806
2026-07-02 18:32:45,378 P1165252 INFO Epoch 19/50, all_loss:0.53304 cls_loss:0.51742 rec_loss:0.82967 [19.41s]; best loss:0.53304, patience : 0
2026-07-02 18:32:56,139 P1165252 INFO pr:0.9217  rc:0.9549  auc:0.9993 ap:0.9919 f1: 0.9380 pred_right: 1060471 pred_wrong:35729 actu_right: 1061711 actu_wrong: 34489
2026-07-02 18:32:59,460 P1165252 INFO pr:0.9248  rc:0.9525  auc:0.9993 ap:0.9913 f1: 0.9384 pred_right: 454549 pred_wrong:15251 actu_right: 454992 actu_wrong: 14808
2026-07-02 18:32:59,466 P1165252 INFO ----------------------------------------------------------------------------------------------------
2026-07-02 18:32:59,466 P1165252 INFO 20/50 starting... lr: 0.001 para:0.0476190485060215
2026-07-02 18:33:24,767 P1165252 INFO Epoch 20/50, all_loss:0.51099 cls_loss:0.49421 rec_loss:0.84656 [25.30s]; best loss:0.51099, patience : 0
2026-07-02 18:33:34,707 P1165252 INFO pr:0.9416  rc:0.9302  auc:0.9995 ap:0.9930 f1: 0.9358 pred_right: 1062130 pred_wrong:34070 actu_right: 1061712 actu_wrong: 34488
2026-07-02 18:33:38,934 P1165252 INFO pr:0.9423  rc:0.9256  auc:0.9994 ap:0.9925 f1: 0.9339 pred_right: 455254 pred_wrong:14546 actu_right: 454992 actu_wrong: 14808
2026-07-02 18:33:38,935 P1165252 INFO ----------------------------------------------------------------------------------------------------
2026-07-02 18:33:38,935 P1165252 INFO 21/50 starting... lr: 0.001 para:0.04545454680919647
2026-07-02 18:33:58,194 P1165252 INFO Epoch 21/50, all_loss:0.50445 cls_loss:0.48691 rec_loss:0.87278 [19.25s]; best loss:0.50445, patience : 0
2026-07-02 18:34:08,286 P1165252 INFO pr:0.9334  rc:0.9451  auc:0.9994 ap:0.9918 f1: 0.9392 pred_right: 1061278 pred_wrong:34922 actu_right: 1061711 actu_wrong: 34489
2026-07-02 18:34:12,567 P1165252 INFO pr:0.9356  rc:0.9425  auc:0.9993 ap:0.9911 f1: 0.9390 pred_right: 454882 pred_wrong:14918 actu_right: 454992 actu_wrong: 14808
2026-07-02 18:34:12,572 P1165252 INFO ----------------------------------------------------------------------------------------------------
2026-07-02 18:34:12,572 P1165252 INFO 22/50 starting... lr: 0.001 para:0.043478261679410934
2026-07-02 18:34:31,676 P1165252 INFO Epoch 22/50, all_loss:0.49004 cls_loss:0.47211 rec_loss:0.88453 [19.10s]; best loss:0.49004, patience : 0
2026-07-02 18:34:48,861 P1165252 INFO pr:0.9327  rc:0.9413  auc:0.9995 ap:0.9927 f1: 0.9370 pred_right: 1061388 pred_wrong:34812 actu_right: 1061706 actu_wrong: 34494
2026-07-02 18:34:53,267 P1165252 INFO pr:0.9341  rc:0.9394  auc:0.9993 ap:0.9920 f1: 0.9367 pred_right: 454909 pred_wrong:14891 actu_right: 454992 actu_wrong: 14808
2026-07-02 18:34:53,268 P1165252 INFO ----------------------------------------------------------------------------------------------------
2026-07-02 18:34:53,268 P1165252 INFO 23/50 starting... lr: 0.001 para:0.0416666679084301
2026-07-02 18:35:12,532 P1165252 INFO Epoch 23/50, all_loss:0.48350 cls_loss:0.46579 rec_loss:0.89077 [19.26s]; best loss:0.48350, patience : 0
2026-07-02 18:35:22,320 P1165252 INFO pr:0.9389  rc:0.9391  auc:0.9995 ap:0.9930 f1: 0.9390 pred_right: 1061705 pred_wrong:34495 actu_right: 1061712 actu_wrong: 34488
2026-07-02 18:35:26,844 P1165252 INFO pr:0.9405  rc:0.9365  auc:0.9994 ap:0.9922 f1: 0.9385 pred_right: 455055 pred_wrong:14745 actu_right: 454992 actu_wrong: 14808
2026-07-02 18:35:26,845 P1165252 INFO ----------------------------------------------------------------------------------------------------
2026-07-02 18:35:26,845 P1165252 INFO 24/50 starting... lr: 0.001 para:0.03999999910593033
2026-07-02 18:35:47,139 P1165252 INFO Epoch 24/50, all_loss:0.45767 cls_loss:0.43913 rec_loss:0.90259 [20.29s]; best loss:0.45767, patience : 0
2026-07-02 18:35:56,012 P1165252 INFO pr:0.9222  rc:0.9609  auc:0.9991 ap:0.9928 f1: 0.9411 pred_right: 1060263 pred_wrong:35937 actu_right: 1061710 actu_wrong: 34490
2026-07-02 18:36:01,933 P1165252 INFO pr:0.9218  rc:0.9558  auc:0.9992 ap:0.9920 f1: 0.9385 pred_right: 454446 pred_wrong:15354 actu_right: 454992 actu_wrong: 14808
2026-07-02 18:36:01,943 P1165252 INFO ----------------------------------------------------------------------------------------------------
2026-07-02 18:36:01,943 P1165252 INFO 25/50 starting... lr: 0.001 para:0.03846153989434242
2026-07-02 18:36:26,542 P1165252 INFO Epoch 25/50, all_loss:0.45168 cls_loss:0.43312 rec_loss:0.91550 [24.60s]; best loss:0.45168, patience : 0
2026-07-02 18:36:36,471 P1165252 INFO pr:0.9668  rc:0.8772  auc:0.9993 ap:0.9939 f1: 0.9198 pred_right: 1064906 pred_wrong:31294 actu_right: 1061711 actu_wrong: 34489
2026-07-02 18:36:40,537 P1165252 INFO pr:0.9642  rc:0.8724  auc:0.9992 ap:0.9932 f1: 0.9160 pred_right: 456403 pred_wrong:13397 actu_right: 454992 actu_wrong: 14808
2026-07-02 18:36:40,538 P1165252 INFO ----------------------------------------------------------------------------------------------------
2026-07-02 18:36:40,539 P1165252 INFO 26/50 starting... lr: 0.001 para:0.03703703731298447
2026-07-02 18:36:59,750 P1165252 INFO Epoch 26/50, all_loss:0.46927 cls_loss:0.45160 rec_loss:0.92872 [19.21s]; best loss:0.45168, patience : 1
2026-07-02 18:37:10,904 P1165252 INFO pr:0.9425  rc:0.9418  auc:0.9995 ap:0.9930 f1: 0.9422 pred_right: 1061742 pred_wrong:34458 actu_right: 1061714 actu_wrong: 34486
2026-07-02 18:37:14,399 P1165252 INFO pr:0.9422  rc:0.9371  auc:0.9994 ap:0.9922 f1: 0.9396 pred_right: 455072 pred_wrong:14728 actu_right: 454992 actu_wrong: 14808
2026-07-02 18:37:14,403 P1165252 INFO ----------------------------------------------------------------------------------------------------
2026-07-02 18:37:14,403 P1165252 INFO 27/50 starting... lr: 0.001 para:0.0357142873108387
2026-07-02 18:37:40,423 P1165252 INFO Epoch 27/50, all_loss:0.43882 cls_loss:0.42035 rec_loss:0.93745 [26.02s]; best loss:0.43882, patience : 0
2026-07-02 18:37:50,681 P1165252 INFO pr:0.9437  rc:0.9550  auc:0.9994 ap:0.9946 f1: 0.9493 pred_right: 1061292 pred_wrong:34908 actu_right: 1061704 actu_wrong: 34496
2026-07-02 18:37:54,908 P1165252 INFO pr:0.9438  rc:0.9477  auc:0.9994 ap:0.9939 f1: 0.9457 pred_right: 454932 pred_wrong:14868 actu_right: 454992 actu_wrong: 14808
2026-07-02 18:37:54,913 P1165252 INFO ----------------------------------------------------------------------------------------------------
2026-07-02 18:37:54,913 P1165252 INFO 28/50 starting... lr: 0.001 para:0.03448275849223137
2026-07-02 18:38:14,101 P1165252 INFO Epoch 28/50, all_loss:0.43730 cls_loss:0.41915 rec_loss:0.94546 [19.18s]; best loss:0.43730, patience : 0
2026-07-02 18:38:24,058 P1165252 INFO pr:0.9250  rc:0.9701  auc:0.9996 ap:0.9941 f1: 0.9470 pred_right: 1060030 pred_wrong:36170 actu_right: 1061711 actu_wrong: 34489
2026-07-02 18:38:28,172 P1165252 INFO pr:0.9266  rc:0.9676  auc:0.9995 ap:0.9936 f1: 0.9466 pred_right: 454337 pred_wrong:15463 actu_right: 454992 actu_wrong: 14808
2026-07-02 18:38:28,173 P1165252 INFO ----------------------------------------------------------------------------------------------------
2026-07-02 18:38:28,173 P1165252 INFO 29/50 starting... lr: 0.001 para:0.03333333507180214
2026-07-02 18:38:49,121 P1165252 INFO Epoch 29/50, all_loss:0.41277 cls_loss:0.39354 rec_loss:0.97059 [20.94s]; best loss:0.41277, patience : 0
2026-07-02 18:39:03,068 P1165252 INFO pr:0.9578  rc:0.9259  auc:0.9995 ap:0.9940 f1: 0.9416 pred_right: 1062858 pred_wrong:33342 actu_right: 1061710 actu_wrong: 34490
2026-07-02 18:39:07,407 P1165252 INFO pr:0.9558  rc:0.9204  auc:0.9993 ap:0.9939 f1: 0.9377 pred_right: 455540 pred_wrong:14260 actu_right: 454992 actu_wrong: 14808
2026-07-02 18:39:07,408 P1165252 INFO ----------------------------------------------------------------------------------------------------
2026-07-02 18:39:07,408 P1165252 INFO 30/50 starting... lr: 0.001 para:0.032258063554763794
2026-07-02 18:39:26,194 P1165252 INFO Epoch 30/50, all_loss:0.41047 cls_loss:0.39144 rec_loss:0.98142 [18.78s]; best loss:0.41047, patience : 0
2026-07-02 18:39:36,295 P1165252 INFO pr:0.9490  rc:0.9527  auc:0.9996 ap:0.9948 f1: 0.9508 pred_right: 1061575 pred_wrong:34625 actu_right: 1061709 actu_wrong: 34491
2026-07-02 18:39:40,357 P1165252 INFO pr:0.9490  rc:0.9481  auc:0.9995 ap:0.9937 f1: 0.9485 pred_right: 455006 pred_wrong:14794 actu_right: 454992 actu_wrong: 14808
2026-07-02 18:39:40,361 P1165252 INFO ----------------------------------------------------------------------------------------------------
2026-07-02 18:39:40,362 P1165252 INFO 31/50 starting... lr: 0.001 para:0.03125
2026-07-02 18:39:59,632 P1165252 INFO Epoch 31/50, all_loss:0.41254 cls_loss:0.39390 rec_loss:0.99037 [19.27s]; best loss:0.41047, patience : 1
2026-07-02 18:40:09,109 P1165252 INFO pr:0.9404  rc:0.9678  auc:0.9995 ap:0.9951 f1: 0.9539 pred_right: 1060703 pred_wrong:35497 actu_right: 1061709 actu_wrong: 34491
2026-07-02 18:40:18,522 P1165252 INFO pr:0.9416  rc:0.9653  auc:0.9994 ap:0.9947 f1: 0.9533 pred_right: 454619 pred_wrong:15181 actu_right: 454992 actu_wrong: 14808
2026-07-02 18:40:18,530 P1165252 INFO ----------------------------------------------------------------------------------------------------
2026-07-02 18:40:18,530 P1165252 INFO 32/50 starting... lr: 0.001 para:0.03030303120613098
2026-07-02 18:40:38,325 P1165252 INFO Epoch 32/50, all_loss:0.40186 cls_loss:0.38268 rec_loss:1.01569 [19.79s]; best loss:0.40186, patience : 0
2026-07-02 18:40:48,414 P1165252 INFO pr:0.9380  rc:0.9524  auc:0.9995 ap:0.9946 f1: 0.9451 pred_right: 1061185 pred_wrong:35015 actu_right: 1061712 actu_wrong: 34488
2026-07-02 18:40:52,928 P1165252 INFO pr:0.9357  rc:0.9482  auc:0.9994 ap:0.9939 f1: 0.9419 pred_right: 454794 pred_wrong:15006 actu_right: 454992 actu_wrong: 14808
2026-07-02 18:40:52,929 P1165252 INFO ----------------------------------------------------------------------------------------------------
2026-07-02 18:40:52,929 P1165252 INFO 33/50 starting... lr: 0.001 para:0.029411764815449715
2026-07-02 18:41:12,202 P1165252 INFO Epoch 33/50, all_loss:0.39855 cls_loss:0.37970 rec_loss:1.02068 [19.27s]; best loss:0.39855, patience : 0
2026-07-02 18:41:22,850 P1165252 INFO pr:0.9474  rc:0.9589  auc:0.9996 ap:0.9949 f1: 0.9531 pred_right: 1061293 pred_wrong:34907 actu_right: 1061711 actu_wrong: 34489
2026-07-02 18:41:26,340 P1165252 INFO pr:0.9481  rc:0.9533  auc:0.9994 ap:0.9943 f1: 0.9507 pred_right: 454912 pred_wrong:14888 actu_right: 454992 actu_wrong: 14808
2026-07-02 18:41:26,340 P1165252 INFO ----------------------------------------------------------------------------------------------------
2026-07-02 18:41:26,340 P1165252 INFO 34/50 starting... lr: 0.001 para:0.02857142873108387
2026-07-02 18:41:51,107 P1165252 INFO Epoch 34/50, all_loss:0.40629 cls_loss:0.38729 rec_loss:1.05213 [24.77s]; best loss:0.39855, patience : 1
2026-07-02 18:42:00,953 P1165252 INFO pr:0.9418  rc:0.9575  auc:0.9995 ap:0.9946 f1: 0.9496 pred_right: 1061136 pred_wrong:35064 actu_right: 1061711 actu_wrong: 34489
2026-07-02 18:42:05,085 P1165252 INFO pr:0.9413  rc:0.9537  auc:0.9993 ap:0.9938 f1: 0.9474 pred_right: 454797 pred_wrong:15003 actu_right: 454992 actu_wrong: 14808
2026-07-02 18:42:05,085 P1165252 INFO ----------------------------------------------------------------------------------------------------
2026-07-02 18:42:05,086 P1165252 INFO 35/50 starting... lr: 0.001 para:0.02777777798473835
2026-07-02 18:42:23,979 P1165252 INFO Epoch 35/50, all_loss:0.38030 cls_loss:0.36135 rec_loss:1.04342 [18.89s]; best loss:0.38030, patience : 0
2026-07-02 18:42:33,650 P1165252 INFO pr:0.9346  rc:0.9736  auc:0.9996 ap:0.9946 f1: 0.9537 pred_right: 1060269 pred_wrong:35931 actu_right: 1061710 actu_wrong: 34490
2026-07-02 18:42:37,700 P1165252 INFO pr:0.9341  rc:0.9691  auc:0.9994 ap:0.9934 f1: 0.9512 pred_right: 454437 pred_wrong:15363 actu_right: 454992 actu_wrong: 14808
2026-07-02 18:42:37,701 P1165252 INFO ----------------------------------------------------------------------------------------------------
2026-07-02 18:42:37,701 P1165252 INFO 36/50 starting... lr: 0.001 para:0.027027027681469917
2026-07-02 18:42:56,151 P1165252 INFO Epoch 36/50, all_loss:0.37446 cls_loss:0.35567 rec_loss:1.05103 [18.44s]; best loss:0.37446, patience : 0
2026-07-02 18:43:12,485 P1165252 INFO pr:0.9417  rc:0.9626  auc:0.9996 ap:0.9950 f1: 0.9520 pred_right: 1060944 pred_wrong:35256 actu_right: 1061710 actu_wrong: 34490
2026-07-02 18:43:16,670 P1165252 INFO pr:0.9427  rc:0.9591  auc:0.9995 ap:0.9942 f1: 0.9508 pred_right: 454733 pred_wrong:15067 actu_right: 454992 actu_wrong: 14808
2026-07-02 18:43:16,671 P1165252 INFO ----------------------------------------------------------------------------------------------------
2026-07-02 18:43:16,671 P1165252 INFO 37/50 starting... lr: 0.001 para:0.02631578966975212
2026-07-02 18:43:35,889 P1165252 INFO Epoch 37/50, all_loss:0.37003 cls_loss:0.35146 rec_loss:1.05704 [19.21s]; best loss:0.37003, patience : 0
2026-07-02 18:43:45,750 P1165252 INFO pr:0.9583  rc:0.9453  auc:0.9997 ap:0.9957 f1: 0.9518 pred_right: 1062182 pred_wrong:34018 actu_right: 1061712 actu_wrong: 34488
2026-07-02 18:43:49,949 P1165252 INFO pr:0.9554  rc:0.9369  auc:0.9994 ap:0.9944 f1: 0.9461 pred_right: 455280 pred_wrong:14520 actu_right: 454992 actu_wrong: 14808
2026-07-02 18:43:49,950 P1165252 INFO ----------------------------------------------------------------------------------------------------
2026-07-02 18:43:49,950 P1165252 INFO 38/50 starting... lr: 0.001 para:0.025641025975346565
2026-07-02 18:44:09,323 P1165252 INFO Epoch 38/50, all_loss:0.36574 cls_loss:0.34722 rec_loss:1.06957 [19.37s]; best loss:0.36574, patience : 0
2026-07-02 18:44:18,259 P1165252 INFO pr:0.9499  rc:0.9564  auc:0.9996 ap:0.9956 f1: 0.9531 pred_right: 1061477 pred_wrong:34723 actu_right: 1061714 actu_wrong: 34486
2026-07-02 18:44:25,635 P1165252 INFO pr:0.9483  rc:0.9516  auc:0.9994 ap:0.9947 f1: 0.9499 pred_right: 454941 pred_wrong:14859 actu_right: 454992 actu_wrong: 14808
2026-07-02 18:44:25,637 P1165252 INFO ----------------------------------------------------------------------------------------------------
2026-07-02 18:44:25,637 P1165252 INFO 39/50 starting... lr: 0.001 para:0.02500000037252903
2026-07-02 18:44:47,859 P1165252 INFO Epoch 39/50, all_loss:0.35386 cls_loss:0.33548 rec_loss:1.07078 [22.22s]; best loss:0.35386, patience : 0
2026-07-02 18:44:57,725 P1165252 INFO pr:0.9376  rc:0.9750  auc:0.9994 ap:0.9954 f1: 0.9559 pred_right: 1060328 pred_wrong:35872 actu_right: 1061707 actu_wrong: 34493
2026-07-02 18:45:01,801 P1165252 INFO pr:0.9364  rc:0.9699  auc:0.9994 ap:0.9946 f1: 0.9529 pred_right: 454462 pred_wrong:15338 actu_right: 454992 actu_wrong: 14808
2026-07-02 18:45:01,805 P1165252 INFO ----------------------------------------------------------------------------------------------------
2026-07-02 18:45:01,805 P1165252 INFO 40/50 starting... lr: 0.001 para:0.024390242993831635
2026-07-02 18:45:20,990 P1165252 INFO Epoch 40/50, all_loss:0.37491 cls_loss:0.35722 rec_loss:1.08255 [19.18s]; best loss:0.35386, patience : 1
2026-07-02 18:45:32,294 P1165252 INFO pr:0.9581  rc:0.9467  auc:0.9996 ap:0.9954 f1: 0.9524 pred_right: 1062123 pred_wrong:34077 actu_right: 1061711 actu_wrong: 34489
2026-07-02 18:45:35,660 P1165252 INFO pr:0.9574  rc:0.9394  auc:0.9994 ap:0.9944 f1: 0.9483 pred_right: 455270 pred_wrong:14530 actu_right: 454992 actu_wrong: 14808
2026-07-02 18:45:35,661 P1165252 INFO ----------------------------------------------------------------------------------------------------
2026-07-02 18:45:35,661 P1165252 INFO 41/50 starting... lr: 0.001 para:0.02380952425301075
2026-07-02 18:46:00,911 P1165252 INFO Epoch 41/50, all_loss:0.33856 cls_loss:0.32036 rec_loss:1.08458 [25.25s]; best loss:0.33856, patience : 0
2026-07-02 18:46:10,992 P1165252 INFO pr:0.9298  rc:0.9847  auc:0.9997 ap:0.9957 f1: 0.9565 pred_right: 1059676 pred_wrong:36524 actu_right: 1061714 actu_wrong: 34486
2026-07-02 18:46:15,278 P1165252 INFO pr:0.9273  rc:0.9807  auc:0.9996 ap:0.9947 f1: 0.9532 pred_right: 454139 pred_wrong:15661 actu_right: 454992 actu_wrong: 14808
2026-07-02 18:46:15,282 P1165252 INFO ----------------------------------------------------------------------------------------------------
2026-07-02 18:46:15,283 P1165252 INFO 42/50 starting... lr: 0.001 para:0.023255813866853714
2026-07-02 18:46:34,200 P1165252 INFO Epoch 42/50, all_loss:0.33590 cls_loss:0.31781 rec_loss:1.09541 [18.91s]; best loss:0.33590, patience : 0
2026-07-02 18:46:44,023 P1165252 INFO pr:0.9498  rc:0.9695  auc:0.9993 ap:0.9961 f1: 0.9596 pred_right: 1060994 pred_wrong:35206 actu_right: 1061710 actu_wrong: 34490
2026-07-02 18:46:48,102 P1165252 INFO pr:0.9484  rc:0.9640  auc:0.9994 ap:0.9956 f1: 0.9562 pred_right: 454749 pred_wrong:15051 actu_right: 454992 actu_wrong: 14808
2026-07-02 18:46:48,107 P1165252 INFO ----------------------------------------------------------------------------------------------------
2026-07-02 18:46:48,107 P1165252 INFO 43/50 starting... lr: 0.001 para:0.022727273404598236
2026-07-02 18:47:07,291 P1165252 INFO Epoch 43/50, all_loss:0.34898 cls_loss:0.33148 rec_loss:1.10169 [19.18s]; best loss:0.33590, patience : 1
2026-07-02 18:47:24,400 P1165252 INFO pr:0.9733  rc:0.9348  auc:0.9996 ap:0.9965 f1: 0.9536 pred_right: 1063078 pred_wrong:33122 actu_right: 1061713 actu_wrong: 34487
2026-07-02 18:47:28,615 P1165252 INFO pr:0.9715  rc:0.9273  auc:0.9995 ap:0.9958 f1: 0.9489 pred_right: 455665 pred_wrong:14135 actu_right: 454992 actu_wrong: 14808
2026-07-02 18:47:28,616 P1165252 INFO ----------------------------------------------------------------------------------------------------
2026-07-02 18:47:28,616 P1165252 INFO 44/50 starting... lr: 0.001 para:0.02222222276031971
2026-07-02 18:47:47,842 P1165252 INFO Epoch 44/50, all_loss:0.33796 cls_loss:0.32042 rec_loss:1.10977 [19.22s]; best loss:0.33590, patience : 1
2026-07-02 18:47:57,611 P1165252 INFO pr:0.9434  rc:0.9720  auc:0.9997 ap:0.9960 f1: 0.9575 pred_right: 1060668 pred_wrong:35532 actu_right: 1061713 actu_wrong: 34487
2026-07-02 18:48:01,690 P1165252 INFO pr:0.9384  rc:0.9658  auc:0.9995 ap:0.9949 f1: 0.9519 pred_right: 454561 pred_wrong:15239 actu_right: 454992 actu_wrong: 14808
2026-07-02 18:48:01,691 P1165252 INFO ----------------------------------------------------------------------------------------------------
2026-07-02 18:48:01,691 P1165252 INFO 45/50 starting... lr: 0.001 para:0.021739130839705467
2026-07-02 18:48:20,945 P1165252 INFO Epoch 45/50, all_loss:0.35607 cls_loss:0.33975 rec_loss:1.09067 [19.25s]; best loss:0.33590, patience : 2
2026-07-02 18:48:29,729 P1165252 INFO pr:0.9434  rc:0.9747  auc:0.9992 ap:0.9954 f1: 0.9588 pred_right: 1060570 pred_wrong:35630 actu_right: 1061715 actu_wrong: 34485
2026-07-02 18:48:38,494 P1165252 INFO pr:0.9405  rc:0.9713  auc:0.9992 ap:0.9949 f1: 0.9556 pred_right: 454507 pred_wrong:15293 actu_right: 454992 actu_wrong: 14808
2026-07-02 18:48:38,495 P1165252 INFO ----------------------------------------------------------------------------------------------------
2026-07-02 18:48:38,496 P1165252 INFO 46/50 starting... lr: 0.001 para:0.021276595070958138
2026-07-02 18:48:59,465 P1165252 INFO Epoch 46/50, all_loss:0.33167 cls_loss:0.31428 rec_loss:1.13192 [20.97s]; best loss:0.33167, patience : 0
2026-07-02 18:49:09,402 P1165252 INFO pr:0.9522  rc:0.9759  auc:0.9997 ap:0.9965 f1: 0.9639 pred_right: 1060849 pred_wrong:35351 actu_right: 1061707 actu_wrong: 34493
2026-07-02 18:49:13,526 P1165252 INFO pr:0.9500  rc:0.9697  auc:0.9996 ap:0.9956 f1: 0.9597 pred_right: 454685 pred_wrong:15115 actu_right: 454992 actu_wrong: 14808
2026-07-02 18:49:13,533 P1165252 INFO ----------------------------------------------------------------------------------------------------
2026-07-02 18:49:13,533 P1165252 INFO 47/50 starting... lr: 0.001 para:0.02083333395421505
2026-07-02 18:49:32,872 P1165252 INFO Epoch 47/50, all_loss:0.34192 cls_loss:0.32552 rec_loss:1.11261 [19.34s]; best loss:0.33167, patience : 1
2026-07-02 18:49:43,766 P1165252 INFO pr:0.9588  rc:0.9600  auc:0.9996 ap:0.9956 f1: 0.9594 pred_right: 1061671 pred_wrong:34529 actu_right: 1061717 actu_wrong: 34483
2026-07-02 18:49:47,124 P1165252 INFO pr:0.9587  rc:0.9508  auc:0.9995 ap:0.9948 f1: 0.9547 pred_right: 455113 pred_wrong:14687 actu_right: 454992 actu_wrong: 14808
2026-07-02 18:49:47,125 P1165252 INFO ----------------------------------------------------------------------------------------------------
2026-07-02 18:49:47,125 P1165252 INFO 48/50 starting... lr: 0.001 para:0.020408162847161293
2026-07-02 18:50:12,758 P1165252 INFO Epoch 48/50, all_loss:0.32500 cls_loss:0.30840 rec_loss:1.12158 [25.63s]; best loss:0.32500, patience : 0
2026-07-02 18:50:22,667 P1165252 INFO pr:0.9352  rc:0.9870  auc:0.9995 ap:0.9966 f1: 0.9604 pred_right: 1059801 pred_wrong:36399 actu_right: 1061713 actu_wrong: 34487
2026-07-02 18:50:26,705 P1165252 INFO pr:0.9350  rc:0.9828  auc:0.9995 ap:0.9958 f1: 0.9584 pred_right: 454235 pred_wrong:15565 actu_right: 454992 actu_wrong: 14808
2026-07-02 18:50:26,706 P1165252 INFO ----------------------------------------------------------------------------------------------------
2026-07-02 18:50:26,706 P1165252 INFO 49/50 starting... lr: 0.001 para:0.019999999552965164
2026-07-02 18:50:45,919 P1165252 INFO Epoch 49/50, all_loss:0.30771 cls_loss:0.29071 rec_loss:1.14085 [19.21s]; best loss:0.30771, patience : 0
2026-07-02 18:50:56,165 P1165252 INFO pr:0.9555  rc:0.9738  auc:0.9996 ap:0.9967 f1: 0.9646 pred_right: 1061048 pred_wrong:35152 actu_right: 1061712 actu_wrong: 34488
2026-07-02 18:51:00,164 P1165252 INFO pr:0.9547  rc:0.9658  auc:0.9995 ap:0.9960 f1: 0.9602 pred_right: 454820 pred_wrong:14980 actu_right: 454992 actu_wrong: 14808
2026-07-02 18:51:00,169 P1165252 INFO saving model...
2026-07-02 18:51:00,169 P1165252 INFO FITS_Legendre - loss  best score:0.3077128827571869 at epoch 49
2026-07-02 18:51:00,175 P1165252 INFO FITS_Legendre - f1  best score:0.9645605973578403 at epoch 49
2026-07-02 18:51:00,180 P1165252 INFO Average training time per epoch: 20.80 seconds
2026-07-02 18:51:00,181 P1165252 INFO calculate scores...
2026-07-02 18:51:00,181 P1165252 INFO calculate label with loss...
2026-07-02 18:51:00,181 P1165252 INFO FITS_Legendre on ./result/FITS_Legendre-TT-Epochs50-Seed1 loading...
2026-07-02 18:51:05,655 P1165252 INFO pr:0.9547  rc:0.9658  auc:0.9995 ap:0.9960 f1: 0.9602 pred_right: 454820 pred_wrong:14980 actu_right: 454992 actu_wrong: 14808
2026-07-02 18:51:05,707 P1165252 ERROR Error during inference: Expected all tensors to be on the same device, but got mask is on cuda:0, different from other tensors on cpu (when checking argument in method wrapper_CUDA__masked_select)
2026-07-02 18:51:05,742 P1165252 ERROR Error during inference: Expected all tensors to be on the same device, but got mask is on cuda:0, different from other tensors on cpu (when checking argument in method wrapper_CUDA__masked_select)
2026-07-02 18:51:05,782 P1165252 ERROR Error during inference: Expected all tensors to be on the same device, but got mask is on cuda:0, different from other tensors on cpu (when checking argument in method wrapper_CUDA__masked_select)
2026-07-02 18:51:05,823 P1165252 ERROR Error during inference: Expected all tensors to be on the same device, but got mask is on cuda:0, different from other tensors on cpu (when checking argument in method wrapper_CUDA__masked_select)
2026-07-02 18:51:05,865 P1165252 ERROR Error during inference: Expected all tensors to be on the same device, but got mask is on cuda:0, different from other tensors on cpu (when checking argument in method wrapper_CUDA__masked_select)
2026-07-02 18:51:05,904 P1165252 ERROR Error during inference: Expected all tensors to be on the same device, but got mask is on cuda:0, different from other tensors on cpu (when checking argument in method wrapper_CUDA__masked_select)
2026-07-02 18:51:05,947 P1165252 ERROR Error during inference: Expected all tensors to be on the same device, but got mask is on cuda:0, different from other tensors on cpu (when checking argument in method wrapper_CUDA__masked_select)
2026-07-02 18:51:05,988 P1165252 ERROR Error during inference: Expected all tensors to be on the same device, but got mask is on cuda:0, different from other tensors on cpu (when checking argument in method wrapper_CUDA__masked_select)
2026-07-02 18:51:06,028 P1165252 ERROR Error during inference: Expected all tensors to be on the same device, but got mask is on cuda:0, different from other tensors on cpu (when checking argument in method wrapper_CUDA__masked_select)
2026-07-02 18:51:06,068 P1165252 ERROR Error during inference: Expected all tensors to be on the same device, but got mask is on cuda:0, different from other tensors on cpu (when checking argument in method wrapper_CUDA__masked_select)
2026-07-02 18:51:06,110 P1165252 ERROR Error during inference: Expected all tensors to be on the same device, but got mask is on cuda:0, different from other tensors on cpu (when checking argument in method wrapper_CUDA__masked_select)
2026-07-02 18:51:06,151 P1165252 ERROR Error during inference: Expected all tensors to be on the same device, but got mask is on cuda:0, different from other tensors on cpu (when checking argument in method wrapper_CUDA__masked_select)
2026-07-02 18:51:06,193 P1165252 ERROR Error during inference: Expected all tensors to be on the same device, but got mask is on cuda:0, different from other tensors on cpu (when checking argument in method wrapper_CUDA__masked_select)
2026-07-02 18:51:06,236 P1165252 ERROR Error during inference: Expected all tensors to be on the same device, but got mask is on cuda:0, different from other tensors on cpu (when checking argument in method wrapper_CUDA__masked_select)
2026-07-02 18:51:06,277 P1165252 ERROR Error during inference: Expected all tensors to be on the same device, but got mask is on cuda:0, different from other tensors on cpu (when checking argument in method wrapper_CUDA__masked_select)
2026-07-02 18:51:06,318 P1165252 ERROR Error during inference: Expected all tensors to be on the same device, but got mask is on cuda:0, different from other tensors on cpu (when checking argument in method wrapper_CUDA__masked_select)
2026-07-02 18:51:06,359 P1165252 ERROR Error during inference: Expected all tensors to be on the same device, but got mask is on cuda:0, different from other tensors on cpu (when checking argument in method wrapper_CUDA__masked_select)
2026-07-02 18:51:06,400 P1165252 ERROR Error during inference: Expected all tensors to be on the same device, but got mask is on cuda:0, different from other tensors on cpu (when checking argument in method wrapper_CUDA__masked_select)
2026-07-02 18:51:06,442 P1165252 ERROR Error during inference: Expected all tensors to be on the same device, but got mask is on cuda:0, different from other tensors on cpu (when checking argument in method wrapper_CUDA__masked_select)
2026-07-02 18:51:06,484 P1165252 ERROR Error during inference: Expected all tensors to be on the same device, but got mask is on cuda:0, different from other tensors on cpu (when checking argument in method wrapper_CUDA__masked_select)
2026-07-02 18:51:06,526 P1165252 ERROR Error during inference: Expected all tensors to be on the same device, but got mask is on cuda:0, different from other tensors on cpu (when checking argument in method wrapper_CUDA__masked_select)
2026-07-02 18:51:06,567 P1165252 ERROR Error during inference: Expected all tensors to be on the same device, but got mask is on cuda:0, different from other tensors on cpu (when checking argument in method wrapper_CUDA__masked_select)
2026-07-02 18:51:06,609 P1165252 ERROR Error during inference: Expected all tensors to be on the same device, but got mask is on cuda:0, different from other tensors on cpu (when checking argument in method wrapper_CUDA__masked_select)
2026-07-02 18:51:06,651 P1165252 ERROR Error during inference: Expected all tensors to be on the same device, but got mask is on cuda:0, different from other tensors on cpu (when checking argument in method wrapper_CUDA__masked_select)
2026-07-02 18:51:06,695 P1165252 ERROR Error during inference: Expected all tensors to be on the same device, but got mask is on cuda:0, different from other tensors on cpu (when checking argument in method wrapper_CUDA__masked_select)
2026-07-02 18:51:06,736 P1165252 ERROR Error during inference: Expected all tensors to be on the same device, but got mask is on cuda:0, different from other tensors on cpu (when checking argument in method wrapper_CUDA__masked_select)
2026-07-02 18:51:06,777 P1165252 ERROR Error during inference: Expected all tensors to be on the same device, but got mask is on cuda:0, different from other tensors on cpu (when checking argument in method wrapper_CUDA__masked_select)
2026-07-02 18:51:06,820 P1165252 ERROR Error during inference: Expected all tensors to be on the same device, but got mask is on cuda:0, different from other tensors on cpu (when checking argument in method wrapper_CUDA__masked_select)
2026-07-02 18:51:06,863 P1165252 ERROR Error during inference: Expected all tensors to be on the same device, but got mask is on cuda:0, different from other tensors on cpu (when checking argument in method wrapper_CUDA__masked_select)
2026-07-02 18:51:06,905 P1165252 ERROR Error during inference: Expected all tensors to be on the same device, but got mask is on cuda:0, different from other tensors on cpu (when checking argument in method wrapper_CUDA__masked_select)
2026-07-02 18:51:06,947 P1165252 ERROR Error during inference: Expected all tensors to be on the same device, but got mask is on cuda:0, different from other tensors on cpu (when checking argument in method wrapper_CUDA__masked_select)
2026-07-02 18:51:06,991 P1165252 ERROR Error during inference: Expected all tensors to be on the same device, but got mask is on cuda:0, different from other tensors on cpu (when checking argument in method wrapper_CUDA__masked_select)
2026-07-02 18:51:07,031 P1165252 ERROR Error during inference: Expected all tensors to be on the same device, but got mask is on cuda:0, different from other tensors on cpu (when checking argument in method wrapper_CUDA__masked_select)
2026-07-02 18:51:07,073 P1165252 ERROR Error during inference: Expected all tensors to be on the same device, but got mask is on cuda:0, different from other tensors on cpu (when checking argument in method wrapper_CUDA__masked_select)
2026-07-02 18:51:07,117 P1165252 ERROR Error during inference: Expected all tensors to be on the same device, but got mask is on cuda:0, different from other tensors on cpu (when checking argument in method wrapper_CUDA__masked_select)
2026-07-02 18:51:07,159 P1165252 ERROR Error during inference: Expected all tensors to be on the same device, but got mask is on cuda:0, different from other tensors on cpu (when checking argument in method wrapper_CUDA__masked_select)
2026-07-02 18:51:07,202 P1165252 ERROR Error during inference: Expected all tensors to be on the same device, but got mask is on cuda:0, different from other tensors on cpu (when checking argument in method wrapper_CUDA__masked_select)
2026-07-02 18:51:07,244 P1165252 ERROR Error during inference: Expected all tensors to be on the same device, but got mask is on cuda:0, different from other tensors on cpu (when checking argument in method wrapper_CUDA__masked_select)
2026-07-02 18:51:07,285 P1165252 ERROR Error during inference: Expected all tensors to be on the same device, but got mask is on cuda:0, different from other tensors on cpu (when checking argument in method wrapper_CUDA__masked_select)
2026-07-02 18:51:07,328 P1165252 ERROR Error during inference: Expected all tensors to be on the same device, but got mask is on cuda:0, different from other tensors on cpu (when checking argument in method wrapper_CUDA__masked_select)
2026-07-02 18:51:07,371 P1165252 ERROR Error during inference: Expected all tensors to be on the same device, but got mask is on cuda:0, different from other tensors on cpu (when checking argument in method wrapper_CUDA__masked_select)
2026-07-02 18:51:07,413 P1165252 ERROR Error during inference: Expected all tensors to be on the same device, but got mask is on cuda:0, different from other tensors on cpu (when checking argument in method wrapper_CUDA__masked_select)
2026-07-02 18:51:07,457 P1165252 ERROR Error during inference: Expected all tensors to be on the same device, but got mask is on cuda:0, different from other tensors on cpu (when checking argument in method wrapper_CUDA__masked_select)
2026-07-02 18:51:07,500 P1165252 ERROR Error during inference: Expected all tensors to be on the same device, but got mask is on cuda:0, different from other tensors on cpu (when checking argument in method wrapper_CUDA__masked_select)
2026-07-02 18:51:07,543 P1165252 ERROR Error during inference: Expected all tensors to be on the same device, but got mask is on cuda:0, different from other tensors on cpu (when checking argument in method wrapper_CUDA__masked_select)
2026-07-02 18:51:07,586 P1165252 ERROR Error during inference: Expected all tensors to be on the same device, but got mask is on cuda:0, different from other tensors on cpu (when checking argument in method wrapper_CUDA__masked_select)
2026-07-02 18:51:07,630 P1165252 ERROR Error during inference: Expected all tensors to be on the same device, but got mask is on cuda:0, different from other tensors on cpu (when checking argument in method wrapper_CUDA__masked_select)
2026-07-02 18:51:07,673 P1165252 ERROR Error during inference: Expected all tensors to be on the same device, but got mask is on cuda:0, different from other tensors on cpu (when checking argument in method wrapper_CUDA__masked_select)
2026-07-02 18:51:07,717 P1165252 ERROR Error during inference: Expected all tensors to be on the same device, but got mask is on cuda:0, different from other tensors on cpu (when checking argument in method wrapper_CUDA__masked_select)
2026-07-02 18:51:07,761 P1165252 ERROR Error during inference: Expected all tensors to be on the same device, but got mask is on cuda:0, different from other tensors on cpu (when checking argument in method wrapper_CUDA__masked_select)
2026-07-02 18:51:07,807 P1165252 ERROR Error during inference: Expected all tensors to be on the same device, but got mask is on cuda:0, different from other tensors on cpu (when checking argument in method wrapper_CUDA__masked_select)
2026-07-02 18:51:07,850 P1165252 ERROR Error during inference: Expected all tensors to be on the same device, but got mask is on cuda:0, different from other tensors on cpu (when checking argument in method wrapper_CUDA__masked_select)
2026-07-02 18:51:07,891 P1165252 ERROR Error during inference: Expected all tensors to be on the same device, but got mask is on cuda:0, different from other tensors on cpu (when checking argument in method wrapper_CUDA__masked_select)
2026-07-02 18:51:07,934 P1165252 ERROR Error during inference: Expected all tensors to be on the same device, but got mask is on cuda:0, different from other tensors on cpu (when checking argument in method wrapper_CUDA__masked_select)
2026-07-02 18:51:07,978 P1165252 ERROR Error during inference: Expected all tensors to be on the same device, but got mask is on cuda:0, different from other tensors on cpu (when checking argument in method wrapper_CUDA__masked_select)
2026-07-02 18:51:08,022 P1165252 ERROR Error during inference: Expected all tensors to be on the same device, but got mask is on cuda:0, different from other tensors on cpu (when checking argument in method wrapper_CUDA__masked_select)
2026-07-02 18:51:08,064 P1165252 ERROR Error during inference: Expected all tensors to be on the same device, but got mask is on cuda:0, different from other tensors on cpu (when checking argument in method wrapper_CUDA__masked_select)
2026-07-02 18:51:08,106 P1165252 ERROR Error during inference: Expected all tensors to be on the same device, but got mask is on cuda:0, different from other tensors on cpu (when checking argument in method wrapper_CUDA__masked_select)
2026-07-02 18:51:08,149 P1165252 ERROR Error during inference: Expected all tensors to be on the same device, but got mask is on cuda:0, different from other tensors on cpu (when checking argument in method wrapper_CUDA__masked_select)
2026-07-02 18:51:08,191 P1165252 ERROR Error during inference: Expected all tensors to be on the same device, but got mask is on cuda:0, different from other tensors on cpu (when checking argument in method wrapper_CUDA__masked_select)
2026-07-02 18:51:08,235 P1165252 ERROR Error during inference: Expected all tensors to be on the same device, but got mask is on cuda:0, different from other tensors on cpu (when checking argument in method wrapper_CUDA__masked_select)
2026-07-02 18:51:08,277 P1165252 ERROR Error during inference: Expected all tensors to be on the same device, but got mask is on cuda:0, different from other tensors on cpu (when checking argument in method wrapper_CUDA__masked_select)
2026-07-02 18:51:08,321 P1165252 ERROR Error during inference: Expected all tensors to be on the same device, but got mask is on cuda:0, different from other tensors on cpu (when checking argument in method wrapper_CUDA__masked_select)
2026-07-02 18:51:08,365 P1165252 ERROR Error during inference: Expected all tensors to be on the same device, but got mask is on cuda:0, different from other tensors on cpu (when checking argument in method wrapper_CUDA__masked_select)
2026-07-02 18:51:08,408 P1165252 ERROR Error during inference: Expected all tensors to be on the same device, but got mask is on cuda:0, different from other tensors on cpu (when checking argument in method wrapper_CUDA__masked_select)
2026-07-02 18:51:08,450 P1165252 ERROR Error during inference: Expected all tensors to be on the same device, but got mask is on cuda:0, different from other tensors on cpu (when checking argument in method wrapper_CUDA__masked_select)
2026-07-02 18:51:08,493 P1165252 ERROR Error during inference: Expected all tensors to be on the same device, but got mask is on cuda:0, different from other tensors on cpu (when checking argument in method wrapper_CUDA__masked_select)
2026-07-02 18:51:08,536 P1165252 ERROR Error during inference: Expected all tensors to be on the same device, but got mask is on cuda:0, different from other tensors on cpu (when checking argument in method wrapper_CUDA__masked_select)
2026-07-02 18:51:08,578 P1165252 ERROR Error during inference: Expected all tensors to be on the same device, but got mask is on cuda:0, different from other tensors on cpu (when checking argument in method wrapper_CUDA__masked_select)
2026-07-02 18:51:08,622 P1165252 ERROR Error during inference: Expected all tensors to be on the same device, but got mask is on cuda:0, different from other tensors on cpu (when checking argument in method wrapper_CUDA__masked_select)
2026-07-02 18:51:08,667 P1165252 ERROR Error during inference: Expected all tensors to be on the same device, but got mask is on cuda:0, different from other tensors on cpu (when checking argument in method wrapper_CUDA__masked_select)
2026-07-02 18:51:08,709 P1165252 ERROR Error during inference: Expected all tensors to be on the same device, but got mask is on cuda:0, different from other tensors on cpu (when checking argument in method wrapper_CUDA__masked_select)
2026-07-02 18:51:08,751 P1165252 ERROR Error during inference: Expected all tensors to be on the same device, but got mask is on cuda:0, different from other tensors on cpu (when checking argument in method wrapper_CUDA__masked_select)
2026-07-02 18:51:08,794 P1165252 ERROR Error during inference: Expected all tensors to be on the same device, but got mask is on cuda:0, different from other tensors on cpu (when checking argument in method wrapper_CUDA__masked_select)
2026-07-02 18:51:08,838 P1165252 ERROR Error during inference: Expected all tensors to be on the same device, but got mask is on cuda:0, different from other tensors on cpu (when checking argument in method wrapper_CUDA__masked_select)
2026-07-02 18:51:08,892 P1165252 ERROR Error during inference: Expected all tensors to be on the same device, but got mask is on cuda:0, different from other tensors on cpu (when checking argument in method wrapper_CUDA__masked_select)
2026-07-02 18:51:08,952 P1165252 ERROR Error during inference: Expected all tensors to be on the same device, but got mask is on cuda:0, different from other tensors on cpu (when checking argument in method wrapper_CUDA__masked_select)
2026-07-02 18:51:08,998 P1165252 ERROR Error during inference: Expected all tensors to be on the same device, but got mask is on cuda:0, different from other tensors on cpu (when checking argument in method wrapper_CUDA__masked_select)
2026-07-02 18:51:09,043 P1165252 ERROR Error during inference: Expected all tensors to be on the same device, but got mask is on cuda:0, different from other tensors on cpu (when checking argument in method wrapper_CUDA__masked_select)
2026-07-02 18:51:09,085 P1165252 ERROR Error during inference: Expected all tensors to be on the same device, but got mask is on cuda:0, different from other tensors on cpu (when checking argument in method wrapper_CUDA__masked_select)
2026-07-02 18:51:09,126 P1165252 ERROR Error during inference: Expected all tensors to be on the same device, but got mask is on cuda:0, different from other tensors on cpu (when checking argument in method wrapper_CUDA__masked_select)
2026-07-02 18:51:09,169 P1165252 ERROR Error during inference: Expected all tensors to be on the same device, but got mask is on cuda:0, different from other tensors on cpu (when checking argument in method wrapper_CUDA__masked_select)
2026-07-02 18:51:09,212 P1165252 ERROR Error during inference: Expected all tensors to be on the same device, but got mask is on cuda:0, different from other tensors on cpu (when checking argument in method wrapper_CUDA__masked_select)
2026-07-02 18:51:09,254 P1165252 ERROR Error during inference: Expected all tensors to be on the same device, but got mask is on cuda:0, different from other tensors on cpu (when checking argument in method wrapper_CUDA__masked_select)
2026-07-02 18:51:09,298 P1165252 ERROR Error during inference: Expected all tensors to be on the same device, but got mask is on cuda:0, different from other tensors on cpu (when checking argument in method wrapper_CUDA__masked_select)
2026-07-02 18:51:09,341 P1165252 ERROR Error during inference: Expected all tensors to be on the same device, but got mask is on cuda:0, different from other tensors on cpu (when checking argument in method wrapper_CUDA__masked_select)
2026-07-02 18:51:09,381 P1165252 ERROR Error during inference: Expected all tensors to be on the same device, but got mask is on cuda:0, different from other tensors on cpu (when checking argument in method wrapper_CUDA__masked_select)
2026-07-02 18:51:09,426 P1165252 ERROR Error during inference: Expected all tensors to be on the same device, but got mask is on cuda:0, different from other tensors on cpu (when checking argument in method wrapper_CUDA__masked_select)
2026-07-02 18:51:09,470 P1165252 ERROR Error during inference: Expected all tensors to be on the same device, but got mask is on cuda:0, different from other tensors on cpu (when checking argument in method wrapper_CUDA__masked_select)
2026-07-02 18:51:09,511 P1165252 ERROR Error during inference: Expected all tensors to be on the same device, but got mask is on cuda:0, different from other tensors on cpu (when checking argument in method wrapper_CUDA__masked_select)
2026-07-02 18:51:09,555 P1165252 ERROR Error during inference: Expected all tensors to be on the same device, but got mask is on cuda:0, different from other tensors on cpu (when checking argument in method wrapper_CUDA__masked_select)
2026-07-02 18:51:09,597 P1165252 ERROR Error during inference: Expected all tensors to be on the same device, but got mask is on cuda:0, different from other tensors on cpu (when checking argument in method wrapper_CUDA__masked_select)
2026-07-02 18:51:09,640 P1165252 ERROR Error during inference: Expected all tensors to be on the same device, but got mask is on cuda:0, different from other tensors on cpu (when checking argument in method wrapper_CUDA__masked_select)
2026-07-02 18:51:09,683 P1165252 ERROR Error during inference: Expected all tensors to be on the same device, but got mask is on cuda:0, different from other tensors on cpu (when checking argument in method wrapper_CUDA__masked_select)
2026-07-02 18:51:09,726 P1165252 ERROR Error during inference: Expected all tensors to be on the same device, but got mask is on cuda:0, different from other tensors on cpu (when checking argument in method wrapper_CUDA__masked_select)
2026-07-02 18:51:09,770 P1165252 ERROR Error during inference: Expected all tensors to be on the same device, but got mask is on cuda:0, different from other tensors on cpu (when checking argument in method wrapper_CUDA__masked_select)
2026-07-02 18:51:09,829 P1165252 ERROR Error during inference: Expected all tensors to be on the same device, but got mask is on cuda:0, different from other tensors on cpu (when checking argument in method wrapper_CUDA__masked_select)
2026-07-02 18:51:09,892 P1165252 ERROR Error during inference: Expected all tensors to be on the same device, but got mask is on cuda:0, different from other tensors on cpu (when checking argument in method wrapper_CUDA__masked_select)
2026-07-02 18:51:09,953 P1165252 ERROR Error during inference: Expected all tensors to be on the same device, but got mask is on cuda:0, different from other tensors on cpu (when checking argument in method wrapper_CUDA__masked_select)
2026-07-02 18:51:10,005 P1165252 ERROR Error during inference: Expected all tensors to be on the same device, but got mask is on cuda:0, different from other tensors on cpu (when checking argument in method wrapper_CUDA__masked_select)
2026-07-02 18:51:10,056 P1165252 ERROR Error during inference: Expected all tensors to be on the same device, but got mask is on cuda:0, different from other tensors on cpu (when checking argument in method wrapper_CUDA__masked_select)
2026-07-02 18:51:10,107 P1165252 ERROR Error during inference: Expected all tensors to be on the same device, but got mask is on cuda:0, different from other tensors on cpu (when checking argument in method wrapper_CUDA__masked_select)
2026-07-02 18:51:10,160 P1165252 ERROR Error during inference: Expected all tensors to be on the same device, but got mask is on cuda:0, different from other tensors on cpu (when checking argument in method wrapper_CUDA__masked_select)
2026-07-02 18:51:10,211 P1165252 ERROR Error during inference: Expected all tensors to be on the same device, but got mask is on cuda:0, different from other tensors on cpu (when checking argument in method wrapper_CUDA__masked_select)
2026-07-02 18:51:10,263 P1165252 ERROR Error during inference: Expected all tensors to be on the same device, but got mask is on cuda:0, different from other tensors on cpu (when checking argument in method wrapper_CUDA__masked_select)
2026-07-02 18:51:10,314 P1165252 ERROR Error during inference: Expected all tensors to be on the same device, but got mask is on cuda:0, different from other tensors on cpu (when checking argument in method wrapper_CUDA__masked_select)
2026-07-02 18:51:10,365 P1165252 ERROR Error during inference: Expected all tensors to be on the same device, but got mask is on cuda:0, different from other tensors on cpu (when checking argument in method wrapper_CUDA__masked_select)
2026-07-02 18:51:10,414 P1165252 ERROR Error during inference: Expected all tensors to be on the same device, but got mask is on cuda:0, different from other tensors on cpu (when checking argument in method wrapper_CUDA__masked_select)
2026-07-02 18:51:10,463 P1165252 ERROR Error during inference: Expected all tensors to be on the same device, but got mask is on cuda:0, different from other tensors on cpu (when checking argument in method wrapper_CUDA__masked_select)
2026-07-02 18:51:10,514 P1165252 ERROR Error during inference: Expected all tensors to be on the same device, but got mask is on cuda:0, different from other tensors on cpu (when checking argument in method wrapper_CUDA__masked_select)
2026-07-02 18:51:10,566 P1165252 ERROR Error during inference: Expected all tensors to be on the same device, but got mask is on cuda:0, different from other tensors on cpu (when checking argument in method wrapper_CUDA__masked_select)
2026-07-02 18:51:10,618 P1165252 ERROR Error during inference: Expected all tensors to be on the same device, but got mask is on cuda:0, different from other tensors on cpu (when checking argument in method wrapper_CUDA__masked_select)
2026-07-02 18:51:10,669 P1165252 ERROR Error during inference: Expected all tensors to be on the same device, but got mask is on cuda:0, different from other tensors on cpu (when checking argument in method wrapper_CUDA__masked_select)
2026-07-02 18:51:10,720 P1165252 ERROR Error during inference: Expected all tensors to be on the same device, but got mask is on cuda:0, different from other tensors on cpu (when checking argument in method wrapper_CUDA__masked_select)
2026-07-02 18:51:10,771 P1165252 ERROR Error during inference: Expected all tensors to be on the same device, but got mask is on cuda:0, different from other tensors on cpu (when checking argument in method wrapper_CUDA__masked_select)
2026-07-02 18:51:10,822 P1165252 ERROR Error during inference: Expected all tensors to be on the same device, but got mask is on cuda:0, different from other tensors on cpu (when checking argument in method wrapper_CUDA__masked_select)
2026-07-02 18:51:10,874 P1165252 ERROR Error during inference: Expected all tensors to be on the same device, but got mask is on cuda:0, different from other tensors on cpu (when checking argument in method wrapper_CUDA__masked_select)
2026-07-02 18:51:10,927 P1165252 ERROR Error during inference: Expected all tensors to be on the same device, but got mask is on cuda:0, different from other tensors on cpu (when checking argument in method wrapper_CUDA__masked_select)
2026-07-02 18:51:10,978 P1165252 ERROR Error during inference: Expected all tensors to be on the same device, but got mask is on cuda:0, different from other tensors on cpu (when checking argument in method wrapper_CUDA__masked_select)
2026-07-02 18:51:11,028 P1165252 ERROR Error during inference: Expected all tensors to be on the same device, but got mask is on cuda:0, different from other tensors on cpu (when checking argument in method wrapper_CUDA__masked_select)
2026-07-02 18:51:11,078 P1165252 ERROR Error during inference: Expected all tensors to be on the same device, but got mask is on cuda:0, different from other tensors on cpu (when checking argument in method wrapper_CUDA__masked_select)
2026-07-02 18:51:11,128 P1165252 ERROR Error during inference: Expected all tensors to be on the same device, but got mask is on cuda:0, different from other tensors on cpu (when checking argument in method wrapper_CUDA__masked_select)
2026-07-02 18:51:11,178 P1165252 ERROR Error during inference: Expected all tensors to be on the same device, but got mask is on cuda:0, different from other tensors on cpu (when checking argument in method wrapper_CUDA__masked_select)
2026-07-02 18:51:11,228 P1165252 ERROR Error during inference: Expected all tensors to be on the same device, but got mask is on cuda:0, different from other tensors on cpu (when checking argument in method wrapper_CUDA__masked_select)
2026-07-02 18:51:11,278 P1165252 ERROR Error during inference: Expected all tensors to be on the same device, but got mask is on cuda:0, different from other tensors on cpu (when checking argument in method wrapper_CUDA__masked_select)
2026-07-02 18:51:11,328 P1165252 ERROR Error during inference: Expected all tensors to be on the same device, but got mask is on cuda:0, different from other tensors on cpu (when checking argument in method wrapper_CUDA__masked_select)
2026-07-02 18:51:11,379 P1165252 ERROR Error during inference: Expected all tensors to be on the same device, but got mask is on cuda:0, different from other tensors on cpu (when checking argument in method wrapper_CUDA__masked_select)
2026-07-02 18:51:11,430 P1165252 ERROR Error during inference: Expected all tensors to be on the same device, but got mask is on cuda:0, different from other tensors on cpu (when checking argument in method wrapper_CUDA__masked_select)
2026-07-02 18:51:11,480 P1165252 ERROR Error during inference: Expected all tensors to be on the same device, but got mask is on cuda:0, different from other tensors on cpu (when checking argument in method wrapper_CUDA__masked_select)
2026-07-02 18:51:11,530 P1165252 ERROR Error during inference: Expected all tensors to be on the same device, but got mask is on cuda:0, different from other tensors on cpu (when checking argument in method wrapper_CUDA__masked_select)
2026-07-02 18:51:11,581 P1165252 ERROR Error during inference: Expected all tensors to be on the same device, but got mask is on cuda:0, different from other tensors on cpu (when checking argument in method wrapper_CUDA__masked_select)
2026-07-02 18:51:11,631 P1165252 ERROR Error during inference: Expected all tensors to be on the same device, but got mask is on cuda:0, different from other tensors on cpu (when checking argument in method wrapper_CUDA__masked_select)
2026-07-02 18:51:11,684 P1165252 ERROR Error during inference: Expected all tensors to be on the same device, but got mask is on cuda:0, different from other tensors on cpu (when checking argument in method wrapper_CUDA__masked_select)
2026-07-02 18:51:11,738 P1165252 ERROR Error during inference: Expected all tensors to be on the same device, but got mask is on cuda:0, different from other tensors on cpu (when checking argument in method wrapper_CUDA__masked_select)
2026-07-02 18:51:11,789 P1165252 ERROR Error during inference: Expected all tensors to be on the same device, but got mask is on cuda:0, different from other tensors on cpu (when checking argument in method wrapper_CUDA__masked_select)
2026-07-02 18:51:11,845 P1165252 ERROR Error during inference: Expected all tensors to be on the same device, but got mask is on cuda:0, different from other tensors on cpu (when checking argument in method wrapper_CUDA__masked_select)
2026-07-02 18:51:11,900 P1165252 ERROR Error during inference: Expected all tensors to be on the same device, but got mask is on cuda:0, different from other tensors on cpu (when checking argument in method wrapper_CUDA__masked_select)
2026-07-02 18:51:11,952 P1165252 ERROR Error during inference: Expected all tensors to be on the same device, but got mask is on cuda:0, different from other tensors on cpu (when checking argument in method wrapper_CUDA__masked_select)
2026-07-02 18:51:12,006 P1165252 ERROR Error during inference: Expected all tensors to be on the same device, but got mask is on cuda:0, different from other tensors on cpu (when checking argument in method wrapper_CUDA__masked_select)
2026-07-02 18:51:12,061 P1165252 ERROR Error during inference: Expected all tensors to be on the same device, but got mask is on cuda:0, different from other tensors on cpu (when checking argument in method wrapper_CUDA__masked_select)
2026-07-02 18:51:12,114 P1165252 ERROR Error during inference: Expected all tensors to be on the same device, but got mask is on cuda:0, different from other tensors on cpu (when checking argument in method wrapper_CUDA__masked_select)
2026-07-02 18:51:12,165 P1165252 ERROR Error during inference: Expected all tensors to be on the same device, but got mask is on cuda:0, different from other tensors on cpu (when checking argument in method wrapper_CUDA__masked_select)
2026-07-02 18:51:12,218 P1165252 ERROR Error during inference: Expected all tensors to be on the same device, but got mask is on cuda:0, different from other tensors on cpu (when checking argument in method wrapper_CUDA__masked_select)
2026-07-02 18:51:12,274 P1165252 ERROR Error during inference: Expected all tensors to be on the same device, but got mask is on cuda:0, different from other tensors on cpu (when checking argument in method wrapper_CUDA__masked_select)
2026-07-02 18:51:12,326 P1165252 ERROR Error during inference: Expected all tensors to be on the same device, but got mask is on cuda:0, different from other tensors on cpu (when checking argument in method wrapper_CUDA__masked_select)
2026-07-02 18:51:12,377 P1165252 ERROR Error during inference: Expected all tensors to be on the same device, but got mask is on cuda:0, different from other tensors on cpu (when checking argument in method wrapper_CUDA__masked_select)
2026-07-02 18:51:12,428 P1165252 ERROR Error during inference: Expected all tensors to be on the same device, but got mask is on cuda:0, different from other tensors on cpu (when checking argument in method wrapper_CUDA__masked_select)
2026-07-02 18:51:12,479 P1165252 ERROR Error during inference: Expected all tensors to be on the same device, but got mask is on cuda:0, different from other tensors on cpu (when checking argument in method wrapper_CUDA__masked_select)
2026-07-02 18:51:12,531 P1165252 ERROR Error during inference: Expected all tensors to be on the same device, but got mask is on cuda:0, different from other tensors on cpu (when checking argument in method wrapper_CUDA__masked_select)
2026-07-02 18:51:12,582 P1165252 ERROR Error during inference: Expected all tensors to be on the same device, but got mask is on cuda:0, different from other tensors on cpu (when checking argument in method wrapper_CUDA__masked_select)
2026-07-02 18:51:12,635 P1165252 ERROR Error during inference: Expected all tensors to be on the same device, but got mask is on cuda:0, different from other tensors on cpu (when checking argument in method wrapper_CUDA__masked_select)
2026-07-02 18:51:12,685 P1165252 ERROR Error during inference: Expected all tensors to be on the same device, but got mask is on cuda:0, different from other tensors on cpu (when checking argument in method wrapper_CUDA__masked_select)
2026-07-02 18:51:12,738 P1165252 ERROR Error during inference: Expected all tensors to be on the same device, but got mask is on cuda:0, different from other tensors on cpu (when checking argument in method wrapper_CUDA__masked_select)
2026-07-02 18:51:12,789 P1165252 ERROR Error during inference: Expected all tensors to be on the same device, but got mask is on cuda:0, different from other tensors on cpu (when checking argument in method wrapper_CUDA__masked_select)
2026-07-02 18:51:12,840 P1165252 ERROR Error during inference: Expected all tensors to be on the same device, but got mask is on cuda:0, different from other tensors on cpu (when checking argument in method wrapper_CUDA__masked_select)
2026-07-02 18:51:12,891 P1165252 ERROR Error during inference: Expected all tensors to be on the same device, but got mask is on cuda:0, different from other tensors on cpu (when checking argument in method wrapper_CUDA__masked_select)
2026-07-02 18:51:12,943 P1165252 ERROR Error during inference: Expected all tensors to be on the same device, but got mask is on cuda:0, different from other tensors on cpu (when checking argument in method wrapper_CUDA__masked_select)
2026-07-02 18:51:12,994 P1165252 ERROR Error during inference: Expected all tensors to be on the same device, but got mask is on cuda:0, different from other tensors on cpu (when checking argument in method wrapper_CUDA__masked_select)
2026-07-02 18:51:13,046 P1165252 ERROR Error during inference: Expected all tensors to be on the same device, but got mask is on cuda:0, different from other tensors on cpu (when checking argument in method wrapper_CUDA__masked_select)
2026-07-02 18:51:13,097 P1165252 ERROR Error during inference: Expected all tensors to be on the same device, but got mask is on cuda:0, different from other tensors on cpu (when checking argument in method wrapper_CUDA__masked_select)
2026-07-02 18:51:13,147 P1165252 ERROR Error during inference: Expected all tensors to be on the same device, but got mask is on cuda:0, different from other tensors on cpu (when checking argument in method wrapper_CUDA__masked_select)
2026-07-02 18:51:13,199 P1165252 ERROR Error during inference: Expected all tensors to be on the same device, but got mask is on cuda:0, different from other tensors on cpu (when checking argument in method wrapper_CUDA__masked_select)
2026-07-02 18:51:13,250 P1165252 ERROR Error during inference: Expected all tensors to be on the same device, but got mask is on cuda:0, different from other tensors on cpu (when checking argument in method wrapper_CUDA__masked_select)
2026-07-02 18:51:13,307 P1165252 ERROR Error during inference: Expected all tensors to be on the same device, but got mask is on cuda:0, different from other tensors on cpu (when checking argument in method wrapper_CUDA__masked_select)
2026-07-02 18:51:13,359 P1165252 ERROR Error during inference: Expected all tensors to be on the same device, but got mask is on cuda:0, different from other tensors on cpu (when checking argument in method wrapper_CUDA__masked_select)
2026-07-02 18:51:13,415 P1165252 ERROR Error during inference: Expected all tensors to be on the same device, but got mask is on cuda:0, different from other tensors on cpu (when checking argument in method wrapper_CUDA__masked_select)
2026-07-02 18:51:13,468 P1165252 ERROR Error during inference: Expected all tensors to be on the same device, but got mask is on cuda:0, different from other tensors on cpu (when checking argument in method wrapper_CUDA__masked_select)
2026-07-02 18:51:13,519 P1165252 ERROR Error during inference: Expected all tensors to be on the same device, but got mask is on cuda:0, different from other tensors on cpu (when checking argument in method wrapper_CUDA__masked_select)
2026-07-02 18:51:13,571 P1165252 ERROR Error during inference: Expected all tensors to be on the same device, but got mask is on cuda:0, different from other tensors on cpu (when checking argument in method wrapper_CUDA__masked_select)
2026-07-02 18:51:13,621 P1165252 ERROR Error during inference: Expected all tensors to be on the same device, but got mask is on cuda:0, different from other tensors on cpu (when checking argument in method wrapper_CUDA__masked_select)
2026-07-02 18:51:13,672 P1165252 ERROR Error during inference: Expected all tensors to be on the same device, but got mask is on cuda:0, different from other tensors on cpu (when checking argument in method wrapper_CUDA__masked_select)
2026-07-02 18:51:13,724 P1165252 ERROR Error during inference: Expected all tensors to be on the same device, but got mask is on cuda:0, different from other tensors on cpu (when checking argument in method wrapper_CUDA__masked_select)
2026-07-02 18:51:13,776 P1165252 ERROR Error during inference: Expected all tensors to be on the same device, but got mask is on cuda:0, different from other tensors on cpu (when checking argument in method wrapper_CUDA__masked_select)
2026-07-02 18:51:13,828 P1165252 ERROR Error during inference: Expected all tensors to be on the same device, but got mask is on cuda:0, different from other tensors on cpu (when checking argument in method wrapper_CUDA__masked_select)
2026-07-03 12:32:28,614 P1643492 INFO ---- Model: ----MSTGAD-4b8f37ff----random_seed : 1----req_loss_approach : Legendre-style----rec_lambda : 1.0----auxi_lambda : 0.1----Freq Domain : FITS_Legendre----Multi Fits : false----train : True----evaluate : False
2026-07-03 12:32:28,614 P1643492 INFO Load from /home/db2003/Desktop/Amr/Tests/Eadro/codes/chunks/TT
2026-07-03 12:32:39,401 P1643492 INFO Fewshot: training with 1.0 of the 70% of the data
2026-07-03 12:32:47,386 P1643492 INFO Trainable Parameters Breakdown:
2026-07-03 12:32:47,386 P1643492 INFO --------------------------------------------------------------------------------
2026-07-03 12:32:47,386 P1643492 INFO Reconstruction-Specific Parameters:
2026-07-03 12:32:47,386 P1643492 INFO linear_attn.Wq.weight                    | shape: (10, 10)                  | params: 100
2026-07-03 12:32:47,386 P1643492 INFO linear_attn.Wk.weight                    | shape: (10, 10)                  | params: 100
2026-07-03 12:32:47,386 P1643492 INFO linear_attn.Wv.weight                    | shape: (10, 10)                  | params: 100
2026-07-03 12:32:47,386 P1643492 INFO linear_attn.out.weight                   | shape: (10, 10)                  | params: 100
2026-07-03 12:32:47,386 P1643492 INFO linear_attn.out.bias                     | shape: (10,)                     | params: 10
2026-07-03 12:32:47,386 P1643492 INFO linear_attn.norm.weight                  | shape: (10,)                     | params: 10
2026-07-03 12:32:47,386 P1643492 INFO linear_attn.norm.bias                    | shape: (10,)                     | params: 10
2026-07-03 12:32:47,386 P1643492 INFO shared_fits.normlin_W                    | shape: (5, 5)                    | params: 25
2026-07-03 12:32:47,387 P1643492 INFO shared_fits.freq_upsampler.weight        | shape: (5, 5)                    | params: 25
2026-07-03 12:32:47,387 P1643492 INFO shared_fits.freq_upsampler.bias          | shape: (5,)                      | params: 5
2026-07-03 12:32:47,387 P1643492 INFO modality_proj.node.weight                | shape: (10, 8)                   | params: 80
2026-07-03 12:32:47,387 P1643492 INFO modality_proj.node.bias                  | shape: (10,)                     | params: 10
2026-07-03 12:32:47,387 P1643492 INFO modality_proj.log.weight                 | shape: (10, 32)                  | params: 320
2026-07-03 12:32:47,387 P1643492 INFO modality_proj.log.bias                   | shape: (10,)                     | params: 10
2026-07-03 12:32:47,387 P1643492 INFO modality_proj.edge.weight                | shape: (10, 8)                   | params: 80
2026-07-03 12:32:47,387 P1643492 INFO modality_proj.edge.bias                  | shape: (10,)                     | params: 10
2026-07-03 12:32:47,387 P1643492 INFO modality_proj_out.node.weight            | shape: (8, 10)                   | params: 80
2026-07-03 12:32:47,387 P1643492 INFO modality_proj_out.node.bias              | shape: (8,)                      | params: 8
2026-07-03 12:32:47,387 P1643492 INFO modality_proj_out.log.weight             | shape: (32, 10)                  | params: 320
2026-07-03 12:32:47,387 P1643492 INFO modality_proj_out.log.bias               | shape: (32,)                     | params: 32
2026-07-03 12:32:47,387 P1643492 INFO modality_proj_out.edge.weight            | shape: (8, 10)                   | params: 80
2026-07-03 12:32:47,387 P1643492 INFO modality_proj_out.edge.bias              | shape: (8,)                      | params: 8
2026-07-03 12:32:47,387 P1643492 INFO Subtotal: 1,523
2026-07-03 12:32:47,387 P1643492 INFO --------------------------------------------------------------------------------
2026-07-03 12:32:47,387 P1643492 INFO Common Parameters:
2026-07-03 12:32:47,387 P1643492 INFO node_emb.linear.weight                   | shape: (8, 7)                    | params: 56
2026-07-03 12:32:47,387 P1643492 INFO node_emb.linear.bias                     | shape: (8,)                      | params: 8
2026-07-03 12:32:47,387 P1643492 INFO log_emb.linear.weight                    | shape: (32, 60)                  | params: 1,920
2026-07-03 12:32:47,387 P1643492 INFO log_emb.linear.bias                      | shape: (32,)                     | params: 32
2026-07-03 12:32:47,387 P1643492 INFO egde_emb.linear.weight                   | shape: (8, 2)                    | params: 16
2026-07-03 12:32:47,387 P1643492 INFO egde_emb.linear.bias                     | shape: (8,)                      | params: 8
2026-07-03 12:32:47,387 P1643492 INFO dense_node.weight                        | shape: (7, 8)                    | params: 56
2026-07-03 12:32:47,388 P1643492 INFO dense_node.bias                          | shape: (7,)                      | params: 7
2026-07-03 12:32:47,388 P1643492 INFO dense_log.weight                         | shape: (60, 32)                  | params: 1,920
2026-07-03 12:32:47,388 P1643492 INFO dense_log.bias                           | shape: (60,)                     | params: 60
2026-07-03 12:32:47,388 P1643492 INFO dense_edge.weight                        | shape: (2, 8)                    | params: 16
2026-07-03 12:32:47,388 P1643492 INFO dense_edge.bias                          | shape: (2,)                      | params: 2
2026-07-03 12:32:47,388 P1643492 INFO show.0.weight                            | shape: (128, 69)                 | params: 8,832
2026-07-03 12:32:47,388 P1643492 INFO show.0.bias                              | shape: (128,)                    | params: 128
2026-07-03 12:32:47,388 P1643492 INFO show.2.weight                            | shape: (2, 128)                  | params: 256
2026-07-03 12:32:47,388 P1643492 INFO show.2.bias                              | shape: (2,)                      | params: 2
2026-07-03 12:32:47,388 P1643492 INFO Subtotal: 13,319
2026-07-03 12:32:47,388 P1643492 INFO --------------------------------------------------------------------------------
2026-07-03 12:32:47,388 P1643492 INFO Total Trainable Parameters: 14,842

2026-07-03 12:32:47,388 P1643492 INFO Trainable Parameters: 14842, reconstruction: 1523, common: 13319
2026-07-03 12:32:47,388 P1643492 INFO model : init weight
2026-07-03 12:32:47,389 P1643492 INFO Using GPU...
2026-07-03 12:32:47,393 P1643492 INFO optimizer : using AdaBelief
2026-07-03 12:32:47,393 P1643492 INFO ----------------------------------------------------------------------------------------------------
2026-07-03 12:32:47,393 P1643492 INFO 0/50 starting... lr: 0.001 para:1.0
2026-07-03 12:33:07,457 P1643492 INFO Epoch 0/50, all_loss:0.07537 cls_loss:31.05410 rec_loss:0.07537 [20.06s]; best loss:0.07537, patience : 0
2026-07-03 12:33:07,458 P1643492 INFO ----------------------------------------------------------------------------------------------------
2026-07-03 12:33:07,458 P1643492 INFO 1/50 starting... lr: 0.001 para:0.5
2026-07-03 12:33:25,995 P1643492 INFO Epoch 1/50, all_loss:1.96555 cls_loss:3.70813 rec_loss:0.22297 [18.53s]; best loss:1.96555, patience : 0
2026-07-03 12:33:25,995 P1643492 INFO ----------------------------------------------------------------------------------------------------
2026-07-03 12:33:25,995 P1643492 INFO 2/50 starting... lr: 0.001 para:0.3333333432674408
2026-07-03 12:33:51,990 P1643492 INFO Epoch 2/50, all_loss:1.48294 cls_loss:2.09950 rec_loss:0.24983 [25.99s]; best loss:1.48294, patience : 0
2026-07-03 12:34:02,081 P1643492 INFO pr:0.9450  rc:0.4443  auc:0.9887 ap:0.9038 f1: 0.6044 pred_right: 1079985 pred_wrong:16215 actu_right: 1061712 actu_wrong: 34488
2026-07-03 12:34:06,248 P1643492 INFO pr:0.9496  rc:0.4453  auc:0.9889 ap:0.9045 f1: 0.6063 pred_right: 462856 pred_wrong:6944 actu_right: 454992 actu_wrong: 14808
2026-07-03 12:34:06,252 P1643492 INFO ----------------------------------------------------------------------------------------------------
2026-07-03 12:34:06,252 P1643492 INFO 3/50 starting... lr: 0.001 para:0.25
2026-07-03 12:34:25,949 P1643492 INFO Epoch 3/50, all_loss:1.41642 cls_loss:1.79429 rec_loss:0.28281 [19.69s]; best loss:1.41642, patience : 0
2026-07-03 12:34:36,348 P1643492 INFO pr:0.9068  rc:0.5830  auc:0.9928 ap:0.9305 f1: 0.7097 pred_right: 1074023 pred_wrong:22177 actu_right: 1061708 actu_wrong: 34492
2026-07-03 12:34:41,409 P1643492 INFO pr:0.9128  rc:0.5863  auc:0.9930 ap:0.9313 f1: 0.7140 pred_right: 460289 pred_wrong:9511 actu_right: 454992 actu_wrong: 14808
2026-07-03 12:34:41,413 P1643492 INFO ----------------------------------------------------------------------------------------------------
2026-07-03 12:34:41,413 P1643492 INFO 4/50 starting... lr: 0.001 para:0.20000000298023224
2026-07-03 12:35:06,636 P1643492 INFO Epoch 4/50, all_loss:1.33125 cls_loss:1.58919 rec_loss:0.29945 [25.22s]; best loss:1.33125, patience : 0
2026-07-03 12:35:17,133 P1643492 INFO pr:0.8463  rc:0.7029  auc:0.9948 ap:0.9436 f1: 0.7680 pred_right: 1067559 pred_wrong:28641 actu_right: 1061714 actu_wrong: 34486
2026-07-03 12:35:21,279 P1643492 INFO pr:0.8532  rc:0.7043  auc:0.9948 ap:0.9442 f1: 0.7716 pred_right: 457575 pred_wrong:12225 actu_right: 454992 actu_wrong: 14808
2026-07-03 12:35:21,283 P1643492 INFO ----------------------------------------------------------------------------------------------------
2026-07-03 12:35:21,283 P1643492 INFO 5/50 starting... lr: 0.001 para:0.1666666716337204
2026-07-03 12:35:41,096 P1643492 INFO Epoch 5/50, all_loss:1.26021 cls_loss:1.44468 rec_loss:0.33782 [19.81s]; best loss:1.26021, patience : 0
2026-07-03 12:35:51,220 P1643492 INFO pr:0.8206  rc:0.8129  auc:0.9959 ap:0.9542 f1: 0.8167 pred_right: 1062039 pred_wrong:34161 actu_right: 1061714 actu_wrong: 34486
2026-07-03 12:35:55,385 P1643492 INFO pr:0.8228  rc:0.8127  auc:0.9960 ap:0.9548 f1: 0.8177 pred_right: 455174 pred_wrong:14626 actu_right: 454992 actu_wrong: 14808
2026-07-03 12:35:55,390 P1643492 INFO ----------------------------------------------------------------------------------------------------
2026-07-03 12:35:55,390 P1643492 INFO 6/50 starting... lr: 0.001 para:0.1428571492433548
2026-07-03 12:36:14,412 P1643492 INFO Epoch 6/50, all_loss:1.15003 cls_loss:1.27473 rec_loss:0.40177 [19.02s]; best loss:1.15003, patience : 0
2026-07-03 12:36:32,263 P1643492 INFO pr:0.8672  rc:0.8398  auc:0.9974 ap:0.9679 f1: 0.8533 pred_right: 1062796 pred_wrong:33404 actu_right: 1061707 actu_wrong: 34493
2026-07-03 12:36:36,673 P1643492 INFO pr:0.8718  rc:0.8359  auc:0.9974 ap:0.9677 f1: 0.8534 pred_right: 455601 pred_wrong:14199 actu_right: 454992 actu_wrong: 14808
2026-07-03 12:36:36,678 P1643492 INFO ----------------------------------------------------------------------------------------------------
2026-07-03 12:36:36,678 P1643492 INFO 7/50 starting... lr: 0.001 para:0.125
2026-07-03 12:36:56,189 P1643492 INFO Epoch 7/50, all_loss:0.97127 cls_loss:1.03713 rec_loss:0.51028 [19.51s]; best loss:0.97127, patience : 0
2026-07-03 12:37:06,498 P1643492 INFO pr:0.8647  rc:0.9168  auc:0.9978 ap:0.9763 f1: 0.8900 pred_right: 1059631 pred_wrong:36569 actu_right: 1061707 actu_wrong: 34493
2026-07-03 12:37:10,635 P1643492 INFO pr:0.8686  rc:0.9181  auc:0.9979 ap:0.9768 f1: 0.8927 pred_right: 454149 pred_wrong:15651 actu_right: 454992 actu_wrong: 14808
2026-07-03 12:37:10,639 P1643492 INFO ----------------------------------------------------------------------------------------------------
2026-07-03 12:37:10,639 P1643492 INFO 8/50 starting... lr: 0.001 para:0.1111111119389534
2026-07-03 12:37:31,217 P1643492 INFO Epoch 8/50, all_loss:0.86697 cls_loss:0.90184 rec_loss:0.58801 [20.57s]; best loss:0.86697, patience : 0
2026-07-03 12:37:39,908 P1643492 INFO pr:0.8413  rc:0.9506  auc:0.9983 ap:0.9787 f1: 0.8926 pred_right: 1057231 pred_wrong:38969 actu_right: 1061712 actu_wrong: 34488
2026-07-03 12:37:44,310 P1643492 INFO pr:0.8442  rc:0.9521  auc:0.9984 ap:0.9794 f1: 0.8949 pred_right: 453099 pred_wrong:16701 actu_right: 454992 actu_wrong: 14808
2026-07-03 12:37:44,318 P1643492 INFO ----------------------------------------------------------------------------------------------------
2026-07-03 12:37:44,319 P1643492 INFO 9/50 starting... lr: 0.001 para:0.10000000149011612
2026-07-03 12:38:10,024 P1643492 INFO Epoch 9/50, all_loss:0.78866 cls_loss:0.80733 rec_loss:0.62064 [25.70s]; best loss:0.78866, patience : 0
2026-07-03 12:38:20,322 P1643492 INFO pr:0.9114  rc:0.8796  auc:0.9983 ap:0.9835 f1: 0.8952 pred_right: 1062918 pred_wrong:33282 actu_right: 1061714 actu_wrong: 34486
2026-07-03 12:38:24,513 P1643492 INFO pr:0.9153  rc:0.8797  auc:0.9985 ap:0.9839 f1: 0.8971 pred_right: 455569 pred_wrong:14231 actu_right: 454992 actu_wrong: 14808
2026-07-03 12:38:24,517 P1643492 INFO ----------------------------------------------------------------------------------------------------
2026-07-03 12:38:24,518 P1643492 INFO 10/50 starting... lr: 0.001 para:0.09090909361839294
2026-07-03 12:38:44,675 P1643492 INFO Epoch 10/50, all_loss:0.74563 cls_loss:0.75484 rec_loss:0.65348 [20.15s]; best loss:0.74563, patience : 0
2026-07-03 12:38:55,724 P1643492 INFO pr:0.8972  rc:0.9152  auc:0.9986 ap:0.9833 f1: 0.9061 pred_right: 1061016 pred_wrong:35184 actu_right: 1061709 actu_wrong: 34491
2026-07-03 12:39:00,330 P1643492 INFO pr:0.9006  rc:0.9164  auc:0.9988 ap:0.9837 f1: 0.9084 pred_right: 454732 pred_wrong:15068 actu_right: 454992 actu_wrong: 14808
2026-07-03 12:39:00,334 P1643492 INFO ----------------------------------------------------------------------------------------------------
2026-07-03 12:39:00,334 P1643492 INFO 11/50 starting... lr: 0.001 para:0.0833333358168602
2026-07-03 12:39:26,175 P1643492 INFO Epoch 11/50, all_loss:0.70333 cls_loss:0.70590 rec_loss:0.67509 [25.84s]; best loss:0.70333, patience : 0
2026-07-03 12:39:36,416 P1643492 INFO pr:0.9051  rc:0.9115  auc:0.9989 ap:0.9855 f1: 0.9083 pred_right: 1061470 pred_wrong:34730 actu_right: 1061714 actu_wrong: 34486
2026-07-03 12:39:40,685 P1643492 INFO pr:0.9089  rc:0.9096  auc:0.9990 ap:0.9857 f1: 0.9092 pred_right: 454981 pred_wrong:14819 actu_right: 454992 actu_wrong: 14808
2026-07-03 12:39:40,689 P1643492 INFO ----------------------------------------------------------------------------------------------------
2026-07-03 12:39:40,690 P1643492 INFO 12/50 starting... lr: 0.001 para:0.07692307978868484
2026-07-03 12:40:01,799 P1643492 INFO Epoch 12/50, all_loss:0.67442 cls_loss:0.67232 rec_loss:0.69961 [21.10s]; best loss:0.67442, patience : 0
2026-07-03 12:40:13,013 P1643492 INFO pr:0.9317  rc:0.8741  auc:0.9990 ap:0.9865 f1: 0.9020 pred_right: 1063840 pred_wrong:32360 actu_right: 1061709 actu_wrong: 34491
2026-07-03 12:40:17,817 P1643492 INFO pr:0.9341  rc:0.8743  auc:0.9991 ap:0.9863 f1: 0.9032 pred_right: 455939 pred_wrong:13861 actu_right: 454992 actu_wrong: 14808
2026-07-03 12:40:17,818 P1643492 INFO ----------------------------------------------------------------------------------------------------
2026-07-03 12:40:17,818 P1643492 INFO 13/50 starting... lr: 0.001 para:0.0714285746216774
2026-07-03 12:40:37,827 P1643492 INFO Epoch 13/50, all_loss:0.64814 cls_loss:0.64315 rec_loss:0.71304 [20.00s]; best loss:0.64814, patience : 0
2026-07-03 12:40:54,033 P1643492 INFO pr:0.9125  rc:0.9249  auc:0.9987 ap:0.9867 f1: 0.9187 pred_right: 1061247 pred_wrong:34953 actu_right: 1061715 actu_wrong: 34485
2026-07-03 12:40:58,332 P1643492 INFO pr:0.9148  rc:0.9243  auc:0.9987 ap:0.9865 f1: 0.9195 pred_right: 454838 pred_wrong:14962 actu_right: 454992 actu_wrong: 14808
2026-07-03 12:40:58,336 P1643492 INFO ----------------------------------------------------------------------------------------------------
2026-07-03 12:40:58,337 P1643492 INFO 14/50 starting... lr: 0.001 para:0.06666667014360428
2026-07-03 12:41:17,259 P1643492 INFO Epoch 14/50, all_loss:0.63467 cls_loss:0.62757 rec_loss:0.73404 [18.92s]; best loss:0.63467, patience : 0
2026-07-03 12:41:27,052 P1643492 INFO pr:0.8643  rc:0.9800  auc:0.9991 ap:0.9860 f1: 0.9185 pred_right: 1057095 pred_wrong:39105 actu_right: 1061711 actu_wrong: 34489
2026-07-03 12:41:31,049 P1643492 INFO pr:0.8680  rc:0.9778  auc:0.9991 ap:0.9863 f1: 0.9197 pred_right: 453120 pred_wrong:16680 actu_right: 454992 actu_wrong: 14808
2026-07-03 12:41:31,050 P1643492 INFO ----------------------------------------------------------------------------------------------------
2026-07-03 12:41:31,050 P1643492 INFO 15/50 starting... lr: 0.001 para:0.0625
2026-07-03 12:41:50,609 P1643492 INFO Epoch 15/50, all_loss:0.61222 cls_loss:0.60266 rec_loss:0.75556 [19.56s]; best loss:0.61222, patience : 0
2026-07-03 12:41:59,363 P1643492 INFO pr:0.9009  rc:0.9591  auc:0.9992 ap:0.9888 f1: 0.9291 pred_right: 1059484 pred_wrong:36716 actu_right: 1061713 actu_wrong: 34487
2026-07-03 12:42:04,828 P1643492 INFO pr:0.9047  rc:0.9575  auc:0.9991 ap:0.9882 f1: 0.9303 pred_right: 454129 pred_wrong:15671 actu_right: 454992 actu_wrong: 14808
2026-07-03 12:42:04,837 P1643492 INFO ----------------------------------------------------------------------------------------------------
2026-07-03 12:42:04,838 P1643492 INFO 16/50 starting... lr: 0.001 para:0.05882352963089943
2026-07-03 12:42:28,793 P1643492 INFO Epoch 16/50, all_loss:0.59215 cls_loss:0.58094 rec_loss:0.77164 [23.95s]; best loss:0.59215, patience : 0
2026-07-03 12:42:38,545 P1643492 INFO pr:0.9263  rc:0.9292  auc:0.9992 ap:0.9902 f1: 0.9278 pred_right: 1061604 pred_wrong:34596 actu_right: 1061712 actu_wrong: 34488
2026-07-03 12:42:42,756 P1643492 INFO pr:0.9281  rc:0.9278  auc:0.9992 ap:0.9895 f1: 0.9279 pred_right: 454996 pred_wrong:14804 actu_right: 454992 actu_wrong: 14808
2026-07-03 12:42:42,757 P1643492 INFO ----------------------------------------------------------------------------------------------------
2026-07-03 12:42:42,757 P1643492 INFO 17/50 starting... lr: 0.001 para:0.0555555559694767
2026-07-03 12:43:01,511 P1643492 INFO Epoch 17/50, all_loss:0.56606 cls_loss:0.55267 rec_loss:0.79372 [18.75s]; best loss:0.56606, patience : 0
2026-07-03 12:43:11,513 P1643492 INFO pr:0.9270  rc:0.9276  auc:0.9991 ap:0.9905 f1: 0.9273 pred_right: 1061691 pred_wrong:34509 actu_right: 1061713 actu_wrong: 34487
2026-07-03 12:43:15,699 P1643492 INFO pr:0.9278  rc:0.9271  auc:0.9992 ap:0.9898 f1: 0.9274 pred_right: 455004 pred_wrong:14796 actu_right: 454992 actu_wrong: 14808
2026-07-03 12:43:15,700 P1643492 INFO ----------------------------------------------------------------------------------------------------
2026-07-03 12:43:15,700 P1643492 INFO 18/50 starting... lr: 0.001 para:0.05263157933950424
2026-07-03 12:43:40,581 P1643492 INFO Epoch 18/50, all_loss:0.55699 cls_loss:0.54265 rec_loss:0.81500 [24.88s]; best loss:0.55699, patience : 0
2026-07-03 12:43:50,539 P1643492 INFO pr:0.9329  rc:0.9373  auc:0.9993 ap:0.9914 f1: 0.9351 pred_right: 1061548 pred_wrong:34652 actu_right: 1061708 actu_wrong: 34492
2026-07-03 12:43:54,607 P1643492 INFO pr:0.9346  rc:0.9351  auc:0.9992 ap:0.9912 f1: 0.9349 pred_right: 454984 pred_wrong:14816 actu_right: 454992 actu_wrong: 14808
2026-07-03 12:43:54,611 P1643492 INFO ----------------------------------------------------------------------------------------------------
2026-07-03 12:43:54,611 P1643492 INFO 19/50 starting... lr: 0.001 para:0.05000000074505806
2026-07-03 12:44:13,737 P1643492 INFO Epoch 19/50, all_loss:0.53304 cls_loss:0.51742 rec_loss:0.82967 [19.12s]; best loss:0.53304, patience : 0
2026-07-03 12:44:23,848 P1643492 INFO pr:0.9217  rc:0.9549  auc:0.9993 ap:0.9919 f1: 0.9380 pred_right: 1060471 pred_wrong:35729 actu_right: 1061711 actu_wrong: 34489
2026-07-03 12:44:27,936 P1643492 INFO pr:0.9248  rc:0.9525  auc:0.9993 ap:0.9913 f1: 0.9384 pred_right: 454549 pred_wrong:15251 actu_right: 454992 actu_wrong: 14808
2026-07-03 12:44:27,940 P1643492 INFO ----------------------------------------------------------------------------------------------------
2026-07-03 12:44:27,940 P1643492 INFO 20/50 starting... lr: 0.001 para:0.0476190485060215
2026-07-03 12:44:46,231 P1643492 INFO Epoch 20/50, all_loss:0.51099 cls_loss:0.49421 rec_loss:0.84656 [18.29s]; best loss:0.51099, patience : 0
2026-07-03 12:45:02,610 P1643492 INFO pr:0.9416  rc:0.9302  auc:0.9995 ap:0.9930 f1: 0.9358 pred_right: 1062130 pred_wrong:34070 actu_right: 1061712 actu_wrong: 34488
2026-07-03 12:45:06,903 P1643492 INFO pr:0.9423  rc:0.9256  auc:0.9994 ap:0.9925 f1: 0.9339 pred_right: 455254 pred_wrong:14546 actu_right: 454992 actu_wrong: 14808
2026-07-03 12:45:06,904 P1643492 INFO ----------------------------------------------------------------------------------------------------
2026-07-03 12:45:06,904 P1643492 INFO 21/50 starting... lr: 0.001 para:0.04545454680919647
2026-07-03 12:45:25,918 P1643492 INFO Epoch 21/50, all_loss:0.50445 cls_loss:0.48691 rec_loss:0.87278 [19.01s]; best loss:0.50445, patience : 0
2026-07-03 12:45:35,725 P1643492 INFO pr:0.9334  rc:0.9451  auc:0.9994 ap:0.9918 f1: 0.9392 pred_right: 1061278 pred_wrong:34922 actu_right: 1061711 actu_wrong: 34489
2026-07-03 12:45:40,001 P1643492 INFO pr:0.9356  rc:0.9425  auc:0.9993 ap:0.9911 f1: 0.9390 pred_right: 454882 pred_wrong:14918 actu_right: 454992 actu_wrong: 14808
2026-07-03 12:45:40,006 P1643492 INFO ----------------------------------------------------------------------------------------------------
2026-07-03 12:45:40,009 P1643492 INFO 22/50 starting... lr: 0.001 para:0.043478261679410934
2026-07-03 12:45:58,976 P1643492 INFO Epoch 22/50, all_loss:0.49004 cls_loss:0.47211 rec_loss:0.88453 [18.96s]; best loss:0.49004, patience : 0
2026-07-03 12:46:08,875 P1643492 INFO pr:0.9327  rc:0.9413  auc:0.9995 ap:0.9927 f1: 0.9370 pred_right: 1061388 pred_wrong:34812 actu_right: 1061706 actu_wrong: 34494
2026-07-03 12:46:12,619 P1643492 INFO pr:0.9341  rc:0.9394  auc:0.9993 ap:0.9920 f1: 0.9367 pred_right: 454909 pred_wrong:14891 actu_right: 454992 actu_wrong: 14808
2026-07-03 12:46:12,620 P1643492 INFO ----------------------------------------------------------------------------------------------------
2026-07-03 12:46:12,620 P1643492 INFO 23/50 starting... lr: 0.001 para:0.0416666679084301
2026-07-03 12:46:38,193 P1643492 INFO Epoch 23/50, all_loss:0.48350 cls_loss:0.46579 rec_loss:0.89077 [25.57s]; best loss:0.48350, patience : 0
2026-07-03 12:46:48,165 P1643492 INFO pr:0.9389  rc:0.9391  auc:0.9995 ap:0.9930 f1: 0.9390 pred_right: 1061705 pred_wrong:34495 actu_right: 1061712 actu_wrong: 34488
2026-07-03 12:46:52,524 P1643492 INFO pr:0.9405  rc:0.9365  auc:0.9994 ap:0.9922 f1: 0.9385 pred_right: 455055 pred_wrong:14745 actu_right: 454992 actu_wrong: 14808
2026-07-03 12:46:52,525 P1643492 INFO ----------------------------------------------------------------------------------------------------
2026-07-03 12:46:52,525 P1643492 INFO 24/50 starting... lr: 0.001 para:0.03999999910593033
2026-07-03 12:47:11,498 P1643492 INFO Epoch 24/50, all_loss:0.45767 cls_loss:0.43913 rec_loss:0.90259 [18.97s]; best loss:0.45767, patience : 0
2026-07-03 12:47:21,312 P1643492 INFO pr:0.9222  rc:0.9609  auc:0.9991 ap:0.9928 f1: 0.9411 pred_right: 1060263 pred_wrong:35937 actu_right: 1061710 actu_wrong: 34490
2026-07-03 12:47:26,635 P1643492 INFO pr:0.9218  rc:0.9558  auc:0.9992 ap:0.9920 f1: 0.9385 pred_right: 454446 pred_wrong:15354 actu_right: 454992 actu_wrong: 14808
2026-07-03 12:47:26,639 P1643492 INFO ----------------------------------------------------------------------------------------------------
2026-07-03 12:47:26,639 P1643492 INFO 25/50 starting... lr: 0.001 para:0.03846153989434242
2026-07-03 12:47:50,883 P1643492 INFO Epoch 25/50, all_loss:0.45168 cls_loss:0.43312 rec_loss:0.91550 [24.24s]; best loss:0.45168, patience : 0
2026-07-03 12:48:01,169 P1643492 INFO pr:0.9668  rc:0.8772  auc:0.9993 ap:0.9939 f1: 0.9198 pred_right: 1064906 pred_wrong:31294 actu_right: 1061711 actu_wrong: 34489
2026-07-03 12:48:05,188 P1643492 INFO pr:0.9642  rc:0.8724  auc:0.9992 ap:0.9932 f1: 0.9160 pred_right: 456403 pred_wrong:13397 actu_right: 454992 actu_wrong: 14808
2026-07-03 12:48:05,189 P1643492 INFO ----------------------------------------------------------------------------------------------------
2026-07-03 12:48:05,189 P1643492 INFO 26/50 starting... lr: 0.001 para:0.03703703731298447
2026-07-03 12:48:24,171 P1643492 INFO Epoch 26/50, all_loss:0.46927 cls_loss:0.45160 rec_loss:0.92872 [18.98s]; best loss:0.45168, patience : 1
2026-07-03 12:48:34,302 P1643492 INFO pr:0.9425  rc:0.9418  auc:0.9995 ap:0.9930 f1: 0.9422 pred_right: 1061742 pred_wrong:34458 actu_right: 1061714 actu_wrong: 34486
2026-07-03 12:48:38,493 P1643492 INFO pr:0.9422  rc:0.9371  auc:0.9994 ap:0.9922 f1: 0.9396 pred_right: 455072 pred_wrong:14728 actu_right: 454992 actu_wrong: 14808
2026-07-03 12:48:38,498 P1643492 INFO ----------------------------------------------------------------------------------------------------
2026-07-03 12:48:38,498 P1643492 INFO 27/50 starting... lr: 0.001 para:0.0357142873108387
2026-07-03 12:48:56,935 P1643492 INFO Epoch 27/50, all_loss:0.43882 cls_loss:0.42035 rec_loss:0.93745 [18.43s]; best loss:0.43882, patience : 0
2026-07-03 12:49:12,388 P1643492 INFO pr:0.9437  rc:0.9550  auc:0.9994 ap:0.9946 f1: 0.9493 pred_right: 1061292 pred_wrong:34908 actu_right: 1061704 actu_wrong: 34496
2026-07-03 12:49:17,155 P1643492 INFO pr:0.9438  rc:0.9477  auc:0.9994 ap:0.9939 f1: 0.9457 pred_right: 454932 pred_wrong:14868 actu_right: 454992 actu_wrong: 14808
2026-07-03 12:49:17,160 P1643492 INFO ----------------------------------------------------------------------------------------------------
2026-07-03 12:49:17,160 P1643492 INFO 28/50 starting... lr: 0.001 para:0.03448275849223137
2026-07-03 12:49:36,159 P1643492 INFO Epoch 28/50, all_loss:0.43730 cls_loss:0.41915 rec_loss:0.94546 [18.99s]; best loss:0.43730, patience : 0
2026-07-03 12:49:46,040 P1643492 INFO pr:0.9250  rc:0.9701  auc:0.9996 ap:0.9941 f1: 0.9470 pred_right: 1060030 pred_wrong:36170 actu_right: 1061711 actu_wrong: 34489
2026-07-03 12:49:50,451 P1643492 INFO pr:0.9266  rc:0.9676  auc:0.9995 ap:0.9936 f1: 0.9466 pred_right: 454337 pred_wrong:15463 actu_right: 454992 actu_wrong: 14808
2026-07-03 12:49:50,452 P1643492 INFO ----------------------------------------------------------------------------------------------------
2026-07-03 12:49:50,452 P1643492 INFO 29/50 starting... lr: 0.001 para:0.03333333507180214
2026-07-03 12:50:09,474 P1643492 INFO Epoch 29/50, all_loss:0.41277 cls_loss:0.39354 rec_loss:0.97059 [19.02s]; best loss:0.41277, patience : 0
2026-07-03 12:50:19,022 P1643492 INFO pr:0.9578  rc:0.9259  auc:0.9995 ap:0.9940 f1: 0.9416 pred_right: 1062858 pred_wrong:33342 actu_right: 1061710 actu_wrong: 34490
2026-07-03 12:50:22,920 P1643492 INFO pr:0.9558  rc:0.9204  auc:0.9993 ap:0.9939 f1: 0.9377 pred_right: 455540 pred_wrong:14260 actu_right: 454992 actu_wrong: 14808
2026-07-03 12:50:22,921 P1643492 INFO ----------------------------------------------------------------------------------------------------
2026-07-03 12:50:22,921 P1643492 INFO 30/50 starting... lr: 0.001 para:0.032258063554763794
2026-07-03 12:50:47,921 P1643492 INFO Epoch 30/50, all_loss:0.41047 cls_loss:0.39144 rec_loss:0.98142 [25.00s]; best loss:0.41047, patience : 0
2026-07-03 12:50:58,018 P1643492 INFO pr:0.9490  rc:0.9527  auc:0.9996 ap:0.9948 f1: 0.9508 pred_right: 1061575 pred_wrong:34625 actu_right: 1061709 actu_wrong: 34491
2026-07-03 12:51:01,998 P1643492 INFO pr:0.9490  rc:0.9481  auc:0.9995 ap:0.9937 f1: 0.9485 pred_right: 455006 pred_wrong:14794 actu_right: 454992 actu_wrong: 14808
2026-07-03 12:51:02,002 P1643492 INFO ----------------------------------------------------------------------------------------------------
2026-07-03 12:51:02,002 P1643492 INFO 31/50 starting... lr: 0.001 para:0.03125
2026-07-03 12:51:21,131 P1643492 INFO Epoch 31/50, all_loss:0.41254 cls_loss:0.39390 rec_loss:0.99037 [19.13s]; best loss:0.41047, patience : 1
2026-07-03 12:51:31,018 P1643492 INFO pr:0.9404  rc:0.9678  auc:0.9995 ap:0.9951 f1: 0.9539 pred_right: 1060703 pred_wrong:35497 actu_right: 1061709 actu_wrong: 34491
2026-07-03 12:51:36,460 P1643492 INFO pr:0.9416  rc:0.9653  auc:0.9994 ap:0.9947 f1: 0.9533 pred_right: 454619 pred_wrong:15181 actu_right: 454992 actu_wrong: 14808
2026-07-03 12:51:36,464 P1643492 INFO ----------------------------------------------------------------------------------------------------
2026-07-03 12:51:36,464 P1643492 INFO 32/50 starting... lr: 0.001 para:0.03030303120613098
2026-07-03 12:51:59,699 P1643492 INFO Epoch 32/50, all_loss:0.40186 cls_loss:0.38268 rec_loss:1.01569 [23.23s]; best loss:0.40186, patience : 0
2026-07-03 12:52:10,204 P1643492 INFO pr:0.9380  rc:0.9524  auc:0.9995 ap:0.9946 f1: 0.9451 pred_right: 1061185 pred_wrong:35015 actu_right: 1061712 actu_wrong: 34488
2026-07-03 12:52:14,492 P1643492 INFO pr:0.9357  rc:0.9482  auc:0.9994 ap:0.9939 f1: 0.9419 pred_right: 454794 pred_wrong:15006 actu_right: 454992 actu_wrong: 14808
2026-07-03 12:52:14,493 P1643492 INFO ----------------------------------------------------------------------------------------------------
2026-07-03 12:52:14,493 P1643492 INFO 33/50 starting... lr: 0.001 para:0.029411764815449715
2026-07-03 12:52:34,166 P1643492 INFO Epoch 33/50, all_loss:0.39855 cls_loss:0.37970 rec_loss:1.02068 [19.67s]; best loss:0.39855, patience : 0
2026-07-03 12:52:44,714 P1643492 INFO pr:0.9474  rc:0.9589  auc:0.9996 ap:0.9949 f1: 0.9531 pred_right: 1061293 pred_wrong:34907 actu_right: 1061711 actu_wrong: 34489
2026-07-03 12:52:49,005 P1643492 INFO pr:0.9481  rc:0.9533  auc:0.9994 ap:0.9943 f1: 0.9507 pred_right: 454912 pred_wrong:14888 actu_right: 454992 actu_wrong: 14808
2026-07-03 12:52:49,006 P1643492 INFO ----------------------------------------------------------------------------------------------------
2026-07-03 12:52:49,013 P1643492 INFO 34/50 starting... lr: 0.001 para:0.02857142873108387
2026-07-03 12:53:08,909 P1643492 INFO Epoch 34/50, all_loss:0.40629 cls_loss:0.38729 rec_loss:1.05213 [19.90s]; best loss:0.39855, patience : 1
2026-07-03 12:53:24,575 P1643492 INFO pr:0.9418  rc:0.9575  auc:0.9995 ap:0.9946 f1: 0.9496 pred_right: 1061136 pred_wrong:35064 actu_right: 1061711 actu_wrong: 34489
2026-07-03 12:53:30,720 P1643492 INFO pr:0.9413  rc:0.9537  auc:0.9993 ap:0.9938 f1: 0.9474 pred_right: 454797 pred_wrong:15003 actu_right: 454992 actu_wrong: 14808
2026-07-03 12:53:30,721 P1643492 INFO ----------------------------------------------------------------------------------------------------
2026-07-03 12:53:30,721 P1643492 INFO 35/50 starting... lr: 0.001 para:0.02777777798473835
2026-07-03 12:53:50,522 P1643492 INFO Epoch 35/50, all_loss:0.38030 cls_loss:0.36135 rec_loss:1.04342 [19.80s]; best loss:0.38030, patience : 0
2026-07-03 12:54:01,043 P1643492 INFO pr:0.9346  rc:0.9736  auc:0.9996 ap:0.9946 f1: 0.9537 pred_right: 1060269 pred_wrong:35931 actu_right: 1061710 actu_wrong: 34490
2026-07-03 12:54:05,269 P1643492 INFO pr:0.9341  rc:0.9691  auc:0.9994 ap:0.9934 f1: 0.9512 pred_right: 454437 pred_wrong:15363 actu_right: 454992 actu_wrong: 14808
2026-07-03 12:54:05,269 P1643492 INFO ----------------------------------------------------------------------------------------------------
2026-07-03 12:54:05,270 P1643492 INFO 36/50 starting... lr: 0.001 para:0.027027027681469917
2026-07-03 12:54:26,362 P1643492 INFO Epoch 36/50, all_loss:0.37446 cls_loss:0.35567 rec_loss:1.05103 [21.09s]; best loss:0.37446, patience : 0
2026-07-03 12:54:35,159 P1643492 INFO pr:0.9417  rc:0.9626  auc:0.9996 ap:0.9950 f1: 0.9520 pred_right: 1060944 pred_wrong:35256 actu_right: 1061710 actu_wrong: 34490
2026-07-03 12:54:40,519 P1643492 INFO pr:0.9427  rc:0.9591  auc:0.9995 ap:0.9942 f1: 0.9508 pred_right: 454733 pred_wrong:15067 actu_right: 454992 actu_wrong: 14808
2026-07-03 12:54:40,521 P1643492 INFO ----------------------------------------------------------------------------------------------------
2026-07-03 12:54:40,522 P1643492 INFO 37/50 starting... lr: 0.001 para:0.02631578966975212
2026-07-03 12:55:06,046 P1643492 INFO Epoch 37/50, all_loss:0.37003 cls_loss:0.35146 rec_loss:1.05704 [25.52s]; best loss:0.37003, patience : 0
2026-07-03 12:55:16,336 P1643492 INFO pr:0.9583  rc:0.9453  auc:0.9997 ap:0.9957 f1: 0.9518 pred_right: 1062182 pred_wrong:34018 actu_right: 1061712 actu_wrong: 34488
2026-07-03 12:55:20,555 P1643492 INFO pr:0.9554  rc:0.9369  auc:0.9994 ap:0.9944 f1: 0.9461 pred_right: 455280 pred_wrong:14520 actu_right: 454992 actu_wrong: 14808
2026-07-03 12:55:20,556 P1643492 INFO ----------------------------------------------------------------------------------------------------
2026-07-03 12:55:20,556 P1643492 INFO 38/50 starting... lr: 0.001 para:0.025641025975346565
2026-07-03 12:55:40,343 P1643492 INFO Epoch 38/50, all_loss:0.36574 cls_loss:0.34722 rec_loss:1.06957 [19.78s]; best loss:0.36574, patience : 0
2026-07-03 12:55:51,559 P1643492 INFO pr:0.9499  rc:0.9564  auc:0.9996 ap:0.9956 f1: 0.9531 pred_right: 1061477 pred_wrong:34723 actu_right: 1061714 actu_wrong: 34486
2026-07-03 12:55:55,321 P1643492 INFO pr:0.9483  rc:0.9516  auc:0.9994 ap:0.9947 f1: 0.9499 pred_right: 454941 pred_wrong:14859 actu_right: 454992 actu_wrong: 14808
2026-07-03 12:55:55,322 P1643492 INFO ----------------------------------------------------------------------------------------------------
2026-07-03 12:55:55,322 P1643492 INFO 39/50 starting... lr: 0.001 para:0.02500000037252903
2026-07-03 12:56:20,670 P1643492 INFO Epoch 39/50, all_loss:0.35386 cls_loss:0.33548 rec_loss:1.07078 [25.34s]; best loss:0.35386, patience : 0
2026-07-03 12:56:30,976 P1643492 INFO pr:0.9376  rc:0.9750  auc:0.9994 ap:0.9954 f1: 0.9559 pred_right: 1060328 pred_wrong:35872 actu_right: 1061707 actu_wrong: 34493
2026-07-03 12:56:35,306 P1643492 INFO pr:0.9364  rc:0.9699  auc:0.9994 ap:0.9946 f1: 0.9529 pred_right: 454462 pred_wrong:15338 actu_right: 454992 actu_wrong: 14808
2026-07-03 12:56:35,310 P1643492 INFO ----------------------------------------------------------------------------------------------------
2026-07-03 12:56:35,310 P1643492 INFO 40/50 starting... lr: 0.001 para:0.024390242993831635
2026-07-03 12:56:55,287 P1643492 INFO Epoch 40/50, all_loss:0.37491 cls_loss:0.35722 rec_loss:1.08255 [19.98s]; best loss:0.35386, patience : 1
2026-07-03 12:57:05,756 P1643492 INFO pr:0.9581  rc:0.9467  auc:0.9996 ap:0.9954 f1: 0.9524 pred_right: 1062123 pred_wrong:34077 actu_right: 1061711 actu_wrong: 34489
2026-07-03 12:57:10,093 P1643492 INFO pr:0.9574  rc:0.9394  auc:0.9994 ap:0.9944 f1: 0.9483 pred_right: 455270 pred_wrong:14530 actu_right: 454992 actu_wrong: 14808
2026-07-03 12:57:10,094 P1643492 INFO ----------------------------------------------------------------------------------------------------
2026-07-03 12:57:10,094 P1643492 INFO 41/50 starting... lr: 0.001 para:0.02380952425301075
2026-07-03 12:57:29,465 P1643492 INFO Epoch 41/50, all_loss:0.33856 cls_loss:0.32036 rec_loss:1.08458 [19.35s]; best loss:0.33856, patience : 0
2026-07-03 12:57:47,143 P1643492 INFO pr:0.9298  rc:0.9847  auc:0.9997 ap:0.9957 f1: 0.9565 pred_right: 1059676 pred_wrong:36524 actu_right: 1061714 actu_wrong: 34486
2026-07-03 12:57:51,589 P1643492 INFO pr:0.9273  rc:0.9807  auc:0.9996 ap:0.9947 f1: 0.9532 pred_right: 454139 pred_wrong:15661 actu_right: 454992 actu_wrong: 14808
2026-07-03 12:57:51,593 P1643492 INFO ----------------------------------------------------------------------------------------------------
2026-07-03 12:57:51,593 P1643492 INFO 42/50 starting... lr: 0.001 para:0.023255813866853714
2026-07-03 12:58:11,576 P1643492 INFO Epoch 42/50, all_loss:0.33590 cls_loss:0.31781 rec_loss:1.09541 [19.98s]; best loss:0.33590, patience : 0
2026-07-03 12:58:21,587 P1643492 INFO pr:0.9498  rc:0.9695  auc:0.9993 ap:0.9961 f1: 0.9596 pred_right: 1060994 pred_wrong:35206 actu_right: 1061710 actu_wrong: 34490
2026-07-03 12:58:26,166 P1643492 INFO pr:0.9484  rc:0.9640  auc:0.9994 ap:0.9956 f1: 0.9562 pred_right: 454749 pred_wrong:15051 actu_right: 454992 actu_wrong: 14808
2026-07-03 12:58:26,171 P1643492 INFO ----------------------------------------------------------------------------------------------------
2026-07-03 12:58:26,171 P1643492 INFO 43/50 starting... lr: 0.001 para:0.022727273404598236
2026-07-03 12:58:46,529 P1643492 INFO Epoch 43/50, all_loss:0.34898 cls_loss:0.33148 rec_loss:1.10169 [20.36s]; best loss:0.33590, patience : 1
2026-07-03 12:58:57,297 P1643492 INFO pr:0.9733  rc:0.9348  auc:0.9996 ap:0.9965 f1: 0.9536 pred_right: 1063078 pred_wrong:33122 actu_right: 1061713 actu_wrong: 34487
2026-07-03 12:59:07,459 P1643492 INFO pr:0.9715  rc:0.9273  auc:0.9995 ap:0.9958 f1: 0.9489 pred_right: 455665 pred_wrong:14135 actu_right: 454992 actu_wrong: 14808
2026-07-03 12:59:07,460 P1643492 INFO ----------------------------------------------------------------------------------------------------
2026-07-03 12:59:07,460 P1643492 INFO 44/50 starting... lr: 0.001 para:0.02222222276031971
2026-07-03 12:59:27,481 P1643492 INFO Epoch 44/50, all_loss:0.33796 cls_loss:0.32042 rec_loss:1.10977 [20.02s]; best loss:0.33590, patience : 1
2026-07-03 12:59:38,084 P1643492 INFO pr:0.9434  rc:0.9720  auc:0.9997 ap:0.9960 f1: 0.9575 pred_right: 1060668 pred_wrong:35532 actu_right: 1061713 actu_wrong: 34487
2026-07-03 12:59:42,755 P1643492 INFO pr:0.9384  rc:0.9658  auc:0.9995 ap:0.9949 f1: 0.9519 pred_right: 454561 pred_wrong:15239 actu_right: 454992 actu_wrong: 14808
2026-07-03 12:59:42,756 P1643492 INFO ----------------------------------------------------------------------------------------------------
2026-07-03 12:59:42,756 P1643492 INFO 45/50 starting... lr: 0.001 para:0.021739130839705467
2026-07-03 13:00:02,495 P1643492 INFO Epoch 45/50, all_loss:0.35607 cls_loss:0.33975 rec_loss:1.09067 [19.74s]; best loss:0.33590, patience : 2
2026-07-03 13:00:13,186 P1643492 INFO pr:0.9434  rc:0.9747  auc:0.9992 ap:0.9954 f1: 0.9588 pred_right: 1060570 pred_wrong:35630 actu_right: 1061715 actu_wrong: 34485
2026-07-03 13:00:17,203 P1643492 INFO pr:0.9405  rc:0.9713  auc:0.9992 ap:0.9949 f1: 0.9556 pred_right: 454507 pred_wrong:15293 actu_right: 454992 actu_wrong: 14808
2026-07-03 13:00:17,204 P1643492 INFO ----------------------------------------------------------------------------------------------------
2026-07-03 13:00:17,204 P1643492 INFO 46/50 starting... lr: 0.001 para:0.021276595070958138
2026-07-03 13:00:43,448 P1643492 INFO Epoch 46/50, all_loss:0.33167 cls_loss:0.31428 rec_loss:1.13192 [26.24s]; best loss:0.33167, patience : 0
2026-07-03 13:00:53,751 P1643492 INFO pr:0.9522  rc:0.9759  auc:0.9997 ap:0.9965 f1: 0.9639 pred_right: 1060849 pred_wrong:35351 actu_right: 1061707 actu_wrong: 34493
2026-07-03 13:00:58,212 P1643492 INFO pr:0.9500  rc:0.9697  auc:0.9996 ap:0.9956 f1: 0.9597 pred_right: 454685 pred_wrong:15115 actu_right: 454992 actu_wrong: 14808
2026-07-03 13:00:58,216 P1643492 INFO ----------------------------------------------------------------------------------------------------
2026-07-03 13:00:58,216 P1643492 INFO 47/50 starting... lr: 0.001 para:0.02083333395421505
2026-07-03 13:01:18,050 P1643492 INFO Epoch 47/50, all_loss:0.34192 cls_loss:0.32552 rec_loss:1.11261 [19.83s]; best loss:0.33167, patience : 1
2026-07-03 13:01:28,247 P1643492 INFO pr:0.9588  rc:0.9600  auc:0.9996 ap:0.9956 f1: 0.9594 pred_right: 1061671 pred_wrong:34529 actu_right: 1061717 actu_wrong: 34483
2026-07-03 13:01:33,509 P1643492 INFO pr:0.9587  rc:0.9508  auc:0.9995 ap:0.9948 f1: 0.9547 pred_right: 455113 pred_wrong:14687 actu_right: 454992 actu_wrong: 14808
2026-07-03 13:01:33,512 P1643492 INFO ----------------------------------------------------------------------------------------------------
2026-07-03 13:01:33,512 P1643492 INFO 48/50 starting... lr: 0.001 para:0.020408162847161293
2026-07-03 13:01:58,222 P1643492 INFO Epoch 48/50, all_loss:0.32500 cls_loss:0.30840 rec_loss:1.12158 [24.70s]; best loss:0.32500, patience : 0
2026-07-03 13:02:08,655 P1643492 INFO pr:0.9352  rc:0.9870  auc:0.9995 ap:0.9966 f1: 0.9604 pred_right: 1059801 pred_wrong:36399 actu_right: 1061713 actu_wrong: 34487
2026-07-03 13:02:13,215 P1643492 INFO pr:0.9350  rc:0.9828  auc:0.9995 ap:0.9958 f1: 0.9584 pred_right: 454235 pred_wrong:15565 actu_right: 454992 actu_wrong: 14808
2026-07-03 13:02:13,216 P1643492 INFO ----------------------------------------------------------------------------------------------------
2026-07-03 13:02:13,216 P1643492 INFO 49/50 starting... lr: 0.001 para:0.019999999552965164
2026-07-03 13:02:33,086 P1643492 INFO Epoch 49/50, all_loss:0.30771 cls_loss:0.29071 rec_loss:1.14085 [19.87s]; best loss:0.30771, patience : 0
2026-07-03 13:02:43,174 P1643492 INFO pr:0.9555  rc:0.9738  auc:0.9996 ap:0.9967 f1: 0.9646 pred_right: 1061048 pred_wrong:35152 actu_right: 1061712 actu_wrong: 34488
2026-07-03 13:02:47,710 P1643492 INFO pr:0.9547  rc:0.9658  auc:0.9995 ap:0.9960 f1: 0.9602 pred_right: 454820 pred_wrong:14980 actu_right: 454992 actu_wrong: 14808
2026-07-03 13:02:47,714 P1643492 INFO saving model...
2026-07-03 13:02:47,714 P1643492 INFO FITS_Legendre - loss  best score:0.3077128827571869 at epoch 49
2026-07-03 13:02:47,721 P1643492 INFO FITS_Legendre - f1  best score:0.9645605973578403 at epoch 49
2026-07-03 13:02:47,725 P1643492 INFO Average training time per epoch: 21.11 seconds
2026-07-03 13:02:47,726 P1643492 INFO calculate scores...
2026-07-03 13:02:47,726 P1643492 INFO calculate label with loss...
2026-07-03 13:02:47,726 P1643492 INFO FITS_Legendre on ./result/FITS_Legendre-TT-Epochs50-Seed1 loading...
2026-07-03 13:02:52,195 P1643492 INFO pr:0.9547  rc:0.9658  auc:0.9995 ap:0.9960 f1: 0.9602 pred_right: 454820 pred_wrong:14980 actu_right: 454992 actu_wrong: 14808
2026-07-03 13:03:05,324 P1643492 INFO pr:0.9547  rc:0.9658  auc:0.9995 ap:0.9960 f1: 0.9602 pred_right: 454820 pred_wrong:14980 actu_right: 454992 actu_wrong: 14808
2026-07-03 13:03:05,325 P1643492 INFO Performance Summary:
{'GPU': {'inference_time_per_sample_ms': 0.22657780433768657, 'throughput_samples_per_sec': 4413.49497106796, 'peak_memory_mb': 139.2978515625, 'energy_per_sample_joules': 0.012968067342365323}, 'CPU': {'inference_time_per_sample_ms': 0.7245506539547347, 'throughput_samples_per_sec': 1380.165754515313, 'peak_memory_mb': 6029.640625, 'energy_per_sample_joules': 0.04709579250705776}}
2026-07-03 13:03:05,325 P1643492 INFO Starting clean-room hardware benchmarking...
2026-07-03 13:03:06,206 P1643492 INFO Performance with loss: pr:0.9547  rc:0.9658  auc:0.9995 ap:0.9960 f1: 0.9602 pred_right: 454820 pred_wrong:14980 actu_right: 454992 actu_wrong: 14808
2026-07-03 13:03:06,207 P1643492 INFO calculate label with f1...
2026-07-03 13:03:06,207 P1643492 INFO FITS_Legendre on ./result/FITS_Legendre-TT-Epochs50-Seed1 loading...
2026-07-03 13:03:10,181 P1643492 INFO pr:0.9547  rc:0.9658  auc:0.9995 ap:0.9960 f1: 0.9602 pred_right: 454820 pred_wrong:14980 actu_right: 454992 actu_wrong: 14808
2026-07-03 13:03:33,019 P1643492 INFO pr:0.9547  rc:0.9658  auc:0.9995 ap:0.9960 f1: 0.9602 pred_right: 454820 pred_wrong:14980 actu_right: 454992 actu_wrong: 14808
2026-07-03 13:03:33,020 P1643492 INFO Performance Summary:
{'GPU': {'inference_time_per_sample_ms': 0.20093272370120552, 'throughput_samples_per_sec': 4976.790149358834, 'peak_memory_mb': 138.791015625, 'energy_per_sample_joules': 0.012063799798296677}, 'CPU': {'inference_time_per_sample_ms': 1.2788378138492904, 'throughput_samples_per_sec': 781.9599867711207, 'peak_memory_mb': 5565.76953125, 'energy_per_sample_joules': 0.08312445790020388}}
2026-07-03 13:03:33,020 P1643492 INFO Starting clean-room hardware benchmarking...
2026-07-03 13:03:33,876 P1643492 INFO Performance with f1: pr:0.9547  rc:0.9658  auc:0.9995 ap:0.9960 f1: 0.9602 pred_right: 454820 pred_wrong:14980 actu_right: 454992 actu_wrong: 14808
