2026-09-10 13:43:57,580 P2854722 INFO ---- Model: ----MSTGAD-56e80449----random_seed : 2----req_loss_approach : Legendre-style----rec_lambda : 1.0----auxi_lambda : 0.5----Freq Domain : FITS_Legendre----Multi Fits : false----train : True----evaluate : False
2026-09-10 13:43:57,581 P2854722 INFO Load from /home/db2003/Desktop/Amr/Tests/Eadro/codes/chunks/SN
2026-09-10 13:43:58,737 P2854722 INFO Fewshot: training with 1.0 of the 70% of the data
2026-09-10 13:43:58,829 P2854722 INFO Trainable Parameters Breakdown:
2026-09-10 13:43:58,829 P2854722 INFO --------------------------------------------------------------------------------
2026-09-10 13:43:58,829 P2854722 INFO Reconstruction-Specific Parameters:
2026-09-10 13:43:58,829 P2854722 INFO node_emb.linear.weight                   | shape: (8, 7)                    | params: 56
2026-09-10 13:43:58,829 P2854722 INFO node_emb.linear.bias                     | shape: (8,)                      | params: 8
2026-09-10 13:43:58,829 P2854722 INFO log_emb.linear.weight                    | shape: (32, 7)                   | params: 224
2026-09-10 13:43:58,829 P2854722 INFO log_emb.linear.bias                      | shape: (32,)                     | params: 32
2026-09-10 13:43:58,829 P2854722 INFO egde_emb.linear.weight                   | shape: (8, 2)                    | params: 16
2026-09-10 13:43:58,829 P2854722 INFO egde_emb.linear.bias                     | shape: (8,)                      | params: 8
2026-09-10 13:43:58,829 P2854722 INFO dense_node.weight                        | shape: (7, 8)                    | params: 56
2026-09-10 13:43:58,829 P2854722 INFO dense_node.bias                          | shape: (7,)                      | params: 7
2026-09-10 13:43:58,829 P2854722 INFO dense_log.weight                         | shape: (7, 32)                   | params: 224
2026-09-10 13:43:58,830 P2854722 INFO dense_log.bias                           | shape: (7,)                      | params: 7
2026-09-10 13:43:58,830 P2854722 INFO dense_edge.weight                        | shape: (2, 8)                    | params: 16
2026-09-10 13:43:58,830 P2854722 INFO dense_edge.bias                          | shape: (2,)                      | params: 2
2026-09-10 13:43:58,830 P2854722 INFO linear_attn.Wq.weight                    | shape: (10, 10)                  | params: 100
2026-09-10 13:43:58,830 P2854722 INFO linear_attn.Wk.weight                    | shape: (10, 10)                  | params: 100
2026-09-10 13:43:58,830 P2854722 INFO linear_attn.Wv.weight                    | shape: (10, 10)                  | params: 100
2026-09-10 13:43:58,830 P2854722 INFO linear_attn.out.weight                   | shape: (10, 10)                  | params: 100
2026-09-10 13:43:58,830 P2854722 INFO linear_attn.out.bias                     | shape: (10,)                     | params: 10
2026-09-10 13:43:58,830 P2854722 INFO linear_attn.norm.weight                  | shape: (10,)                     | params: 10
2026-09-10 13:43:58,830 P2854722 INFO linear_attn.norm.bias                    | shape: (10,)                     | params: 10
2026-09-10 13:43:58,830 P2854722 INFO shared_fits.normlin_W                    | shape: (3, 3)                    | params: 9
2026-09-10 13:43:58,830 P2854722 INFO shared_fits.freq_upsampler.weight        | shape: (3, 3)                    | params: 9
2026-09-10 13:43:58,830 P2854722 INFO shared_fits.freq_upsampler.bias          | shape: (3,)                      | params: 3
2026-09-10 13:43:58,830 P2854722 INFO modality_proj.node.weight                | shape: (10, 8)                   | params: 80
2026-09-10 13:43:58,830 P2854722 INFO modality_proj.node.bias                  | shape: (10,)                     | params: 10
2026-09-10 13:43:58,830 P2854722 INFO modality_proj.log.weight                 | shape: (10, 32)                  | params: 320
2026-09-10 13:43:58,831 P2854722 INFO modality_proj.log.bias                   | shape: (10,)                     | params: 10
2026-09-10 13:43:58,831 P2854722 INFO modality_proj.edge.weight                | shape: (10, 8)                   | params: 80
2026-09-10 13:43:58,831 P2854722 INFO modality_proj.edge.bias                  | shape: (10,)                     | params: 10
2026-09-10 13:43:58,831 P2854722 INFO modality_proj_out.node.weight            | shape: (8, 10)                   | params: 80
2026-09-10 13:43:58,831 P2854722 INFO modality_proj_out.node.bias              | shape: (8,)                      | params: 8
2026-09-10 13:43:58,831 P2854722 INFO modality_proj_out.log.weight             | shape: (32, 10)                  | params: 320
2026-09-10 13:43:58,831 P2854722 INFO modality_proj_out.log.bias               | shape: (32,)                     | params: 32
2026-09-10 13:43:58,831 P2854722 INFO modality_proj_out.edge.weight            | shape: (8, 10)                   | params: 80
2026-09-10 13:43:58,831 P2854722 INFO modality_proj_out.edge.bias              | shape: (8,)                      | params: 8
2026-09-10 13:43:58,831 P2854722 INFO Subtotal: 2,145
2026-09-10 13:43:58,831 P2854722 INFO --------------------------------------------------------------------------------
2026-09-10 13:43:58,831 P2854722 INFO Common Parameters:
2026-09-10 13:43:58,831 P2854722 INFO show.0.weight                            | shape: (128, 16)                 | params: 2,048
2026-09-10 13:43:58,831 P2854722 INFO show.0.bias                              | shape: (128,)                    | params: 128
2026-09-10 13:43:58,831 P2854722 INFO show.2.weight                            | shape: (2, 128)                  | params: 256
2026-09-10 13:43:58,831 P2854722 INFO show.2.bias                              | shape: (2,)                      | params: 2
2026-09-10 13:43:58,832 P2854722 INFO Subtotal: 2,434
2026-09-10 13:43:58,832 P2854722 INFO --------------------------------------------------------------------------------
2026-09-10 13:43:58,832 P2854722 INFO Total Trainable Parameters: 4,579

2026-09-10 13:43:58,832 P2854722 INFO Trainable Parameters: 4579, reconstruction: 2145, common: 2434
2026-09-10 13:43:58,832 P2854722 INFO model : init weight
2026-09-10 13:43:58,833 P2854722 INFO Using GPU...
2026-09-10 13:43:58,836 P2854722 INFO optimizer : using AdaBelief
2026-09-10 13:43:58,836 P2854722 INFO ----------------------------------------------------------------------------------------------------
2026-09-10 13:43:58,837 P2854722 INFO 0/300 starting... lr: 0.001 para:1.0
2026-09-10 13:44:01,083 P2854722 INFO Epoch 0/300, all_loss:1.17868 cls_loss:22.48753 rec_loss:1.17868 [2.24s]; best loss:1.17868, patience : 0
2026-09-10 13:44:01,083 P2854722 INFO ----------------------------------------------------------------------------------------------------
2026-09-10 13:44:01,083 P2854722 INFO 1/300 starting... lr: 0.001 para:0.5
2026-09-10 13:44:02,960 P2854722 INFO Epoch 1/300, all_loss:8.44728 cls_loss:16.00991 rec_loss:0.88465 [1.87s]; best loss:8.44728, patience : 0
2026-09-10 13:44:02,961 P2854722 INFO ----------------------------------------------------------------------------------------------------
2026-09-10 13:44:02,961 P2854722 INFO 2/300 starting... lr: 0.001 para:0.3333333432674408
2026-09-10 13:44:05,170 P2854722 INFO Epoch 2/300, all_loss:7.15277 cls_loss:10.28123 rec_loss:0.89587 [2.20s]; best loss:7.15277, patience : 0
2026-09-10 13:44:06,021 P2854722 INFO pr:0.9403  rc:0.2039  auc:0.7550 ap:0.6728 f1: 0.3351 pred_right: 46097 pred_wrong:703 actu_right: 43558 actu_wrong: 3242
2026-09-10 13:44:06,385 P2854722 INFO pr:0.9586  rc:0.1923  auc:0.7542 ap:0.6700 f1: 0.3204 pred_right: 18934 pred_wrong:266 actu_right: 17874 actu_wrong: 1326
2026-09-10 13:44:06,392 P2854722 INFO ----------------------------------------------------------------------------------------------------
2026-09-10 13:44:06,392 P2854722 INFO 3/300 starting... lr: 0.001 para:0.25
2026-09-10 13:44:08,999 P2854722 INFO Epoch 3/300, all_loss:6.65916 cls_loss:8.54907 rec_loss:0.98942 [2.60s]; best loss:6.65916, patience : 0
2026-09-10 13:44:09,823 P2854722 INFO pr:0.9407  rc:0.2640  auc:0.8651 ap:0.7355 f1: 0.4123 pred_right: 45890 pred_wrong:910 actu_right: 43558 actu_wrong: 3242
2026-09-10 13:44:10,151 P2854722 INFO pr:0.9560  rc:0.2459  auc:0.8686 ap:0.7316 f1: 0.3911 pred_right: 18859 pred_wrong:341 actu_right: 17874 actu_wrong: 1326
2026-09-10 13:44:10,159 P2854722 INFO ----------------------------------------------------------------------------------------------------
2026-09-10 13:44:10,159 P2854722 INFO 4/300 starting... lr: 0.001 para:0.20000000298023224
2026-09-10 13:44:12,723 P2854722 INFO Epoch 4/300, all_loss:6.27255 cls_loss:7.57434 rec_loss:1.06539 [2.56s]; best loss:6.27255, patience : 0
2026-09-10 13:44:13,665 P2854722 INFO pr:0.9648  rc:0.2710  auc:0.9099 ap:0.7793 f1: 0.4231 pred_right: 45890 pred_wrong:910 actu_right: 43560 actu_wrong: 3240
2026-09-10 13:44:14,679 P2854722 INFO pr:0.9649  rc:0.2489  auc:0.9104 ap:0.7766 f1: 0.3957 pred_right: 18858 pred_wrong:342 actu_right: 17874 actu_wrong: 1326
2026-09-10 13:44:14,692 P2854722 INFO ----------------------------------------------------------------------------------------------------
2026-09-10 13:44:14,694 P2854722 INFO 5/300 starting... lr: 0.001 para:0.1666666716337204
2026-09-10 13:44:22,873 P2854722 INFO Epoch 5/300, all_loss:5.77745 cls_loss:6.69090 rec_loss:1.21020 [8.17s]; best loss:5.77745, patience : 0
2026-09-10 13:44:27,836 P2854722 INFO pr:0.9491  rc:0.2819  auc:0.9347 ap:0.8070 f1: 0.4347 pred_right: 45837 pred_wrong:963 actu_right: 43558 actu_wrong: 3242
2026-09-10 13:44:29,926 P2854722 INFO pr:0.9590  rc:0.2647  auc:0.9352 ap:0.8065 f1: 0.4149 pred_right: 18834 pred_wrong:366 actu_right: 17874 actu_wrong: 1326
2026-09-10 13:44:29,938 P2854722 INFO ----------------------------------------------------------------------------------------------------
2026-09-10 13:44:29,940 P2854722 INFO 6/300 starting... lr: 0.001 para:0.1428571492433548
2026-09-10 13:44:34,293 P2854722 INFO Epoch 6/300, all_loss:5.40318 cls_loss:6.08274 rec_loss:1.32583 [4.34s]; best loss:5.40318, patience : 0
2026-09-10 13:44:35,630 P2854722 INFO pr:0.9606  rc:0.2859  auc:0.9463 ap:0.8302 f1: 0.4406 pred_right: 45836 pred_wrong:964 actu_right: 43561 actu_wrong: 3239
2026-09-10 13:44:36,233 P2854722 INFO pr:0.9705  rc:0.2730  auc:0.9457 ap:0.8302 f1: 0.4261 pred_right: 18827 pred_wrong:373 actu_right: 17874 actu_wrong: 1326
2026-09-10 13:44:36,243 P2854722 INFO ----------------------------------------------------------------------------------------------------
2026-09-10 13:44:36,244 P2854722 INFO 7/300 starting... lr: 0.001 para:0.125
2026-09-10 13:44:39,340 P2854722 INFO Epoch 7/300, all_loss:5.17268 cls_loss:5.70827 rec_loss:1.42358 [3.09s]; best loss:5.17268, patience : 0
2026-09-10 13:44:40,345 P2854722 INFO pr:0.9614  rc:0.2999  auc:0.9540 ap:0.8460 f1: 0.4572 pred_right: 45790 pred_wrong:1010 actu_right: 43562 actu_wrong: 3238
2026-09-10 13:44:40,771 P2854722 INFO pr:0.9662  rc:0.2805  auc:0.9545 ap:0.8473 f1: 0.4348 pred_right: 18815 pred_wrong:385 actu_right: 17874 actu_wrong: 1326
2026-09-10 13:44:40,778 P2854722 INFO ----------------------------------------------------------------------------------------------------
2026-09-10 13:44:40,779 P2854722 INFO 8/300 starting... lr: 0.001 para:0.1111111119389534
2026-09-10 13:44:43,790 P2854722 INFO Epoch 8/300, all_loss:5.01193 cls_loss:5.44617 rec_loss:1.53800 [3.00s]; best loss:5.01193, patience : 0
2026-09-10 13:44:44,719 P2854722 INFO pr:0.9523  rc:0.3140  auc:0.9589 ap:0.8586 f1: 0.4723 pred_right: 45731 pred_wrong:1069 actu_right: 43558 actu_wrong: 3242
2026-09-10 13:44:45,081 P2854722 INFO pr:0.9540  rc:0.2971  auc:0.9594 ap:0.8611 f1: 0.4531 pred_right: 18787 pred_wrong:413 actu_right: 17874 actu_wrong: 1326
2026-09-10 13:44:45,088 P2854722 INFO ----------------------------------------------------------------------------------------------------
2026-09-10 13:44:45,088 P2854722 INFO 9/300 starting... lr: 0.001 para:0.10000000149011612
2026-09-10 13:44:48,328 P2854722 INFO Epoch 9/300, all_loss:4.91121 cls_loss:5.27523 rec_loss:1.63511 [3.23s]; best loss:4.91121, patience : 0
2026-09-10 13:44:49,373 P2854722 INFO pr:0.9543  rc:0.3286  auc:0.9629 ap:0.8661 f1: 0.4889 pred_right: 45685 pred_wrong:1115 actu_right: 43562 actu_wrong: 3238
2026-09-10 13:44:49,832 P2854722 INFO pr:0.9539  rc:0.3122  auc:0.9629 ap:0.8697 f1: 0.4705 pred_right: 18766 pred_wrong:434 actu_right: 17874 actu_wrong: 1326
2026-09-10 13:44:49,842 P2854722 INFO ----------------------------------------------------------------------------------------------------
2026-09-10 13:44:49,843 P2854722 INFO 10/300 starting... lr: 0.001 para:0.09090909361839294
2026-09-10 13:44:52,789 P2854722 INFO Epoch 10/300, all_loss:4.78624 cls_loss:5.09304 rec_loss:1.71824 [2.94s]; best loss:4.78624, patience : 0
2026-09-10 13:44:53,656 P2854722 INFO pr:0.9471  rc:0.3478  auc:0.9650 ap:0.8744 f1: 0.5088 pred_right: 45610 pred_wrong:1190 actu_right: 43560 actu_wrong: 3240
2026-09-10 13:44:54,055 P2854722 INFO pr:0.9433  rc:0.3386  auc:0.9660 ap:0.8777 f1: 0.4983 pred_right: 18724 pred_wrong:476 actu_right: 17874 actu_wrong: 1326
2026-09-10 13:44:54,062 P2854722 INFO ----------------------------------------------------------------------------------------------------
2026-09-10 13:44:54,062 P2854722 INFO 11/300 starting... lr: 0.001 para:0.0833333358168602
2026-09-10 13:44:56,980 P2854722 INFO Epoch 11/300, all_loss:4.68191 cls_loss:4.94347 rec_loss:1.80474 [2.91s]; best loss:4.68191, patience : 0
2026-09-10 13:44:57,958 P2854722 INFO pr:0.9367  rc:0.3561  auc:0.9673 ap:0.8793 f1: 0.5160 pred_right: 45568 pred_wrong:1232 actu_right: 43559 actu_wrong: 3241
2026-09-10 13:44:58,387 P2854722 INFO pr:0.9398  rc:0.3529  auc:0.9684 ap:0.8821 f1: 0.5132 pred_right: 18702 pred_wrong:498 actu_right: 17874 actu_wrong: 1326
2026-09-10 13:44:58,396 P2854722 INFO ----------------------------------------------------------------------------------------------------
2026-09-10 13:44:58,396 P2854722 INFO 12/300 starting... lr: 0.001 para:0.07692307978868484
2026-09-10 13:45:01,626 P2854722 INFO Epoch 12/300, all_loss:4.63871 cls_loss:4.86919 rec_loss:1.87287 [3.22s]; best loss:4.63871, patience : 0
2026-09-10 13:45:02,586 P2854722 INFO pr:0.9278  rc:0.4003  auc:0.9685 ap:0.8861 f1: 0.5593 pred_right: 45402 pred_wrong:1398 actu_right: 43560 actu_wrong: 3240
2026-09-10 13:45:02,978 P2854722 INFO pr:0.9318  rc:0.4020  auc:0.9680 ap:0.8865 f1: 0.5616 pred_right: 18628 pred_wrong:572 actu_right: 17874 actu_wrong: 1326
2026-09-10 13:45:02,986 P2854722 INFO ----------------------------------------------------------------------------------------------------
2026-09-10 13:45:02,986 P2854722 INFO 13/300 starting... lr: 0.001 para:0.0714285746216774
2026-09-10 13:45:05,991 P2854722 INFO Epoch 13/300, all_loss:4.54828 cls_loss:4.75084 rec_loss:1.91501 [3.00s]; best loss:4.54828, patience : 0
2026-09-10 13:45:06,812 P2854722 INFO pr:0.9434  rc:0.3909  auc:0.9699 ap:0.8891 f1: 0.5528 pred_right: 45457 pred_wrong:1343 actu_right: 43559 actu_wrong: 3241
2026-09-10 13:45:07,169 P2854722 INFO pr:0.9473  rc:0.3929  auc:0.9700 ap:0.8909 f1: 0.5554 pred_right: 18650 pred_wrong:550 actu_right: 17874 actu_wrong: 1326
2026-09-10 13:45:07,170 P2854722 INFO ----------------------------------------------------------------------------------------------------
2026-09-10 13:45:07,170 P2854722 INFO 14/300 starting... lr: 0.001 para:0.06666667014360428
2026-09-10 13:45:10,235 P2854722 INFO Epoch 14/300, all_loss:4.47425 cls_loss:4.65230 rec_loss:1.98145 [3.06s]; best loss:4.47425, patience : 0
2026-09-10 13:45:11,365 P2854722 INFO pr:0.8943  rc:0.4753  auc:0.9705 ap:0.8922 f1: 0.6207 pred_right: 45078 pred_wrong:1722 actu_right: 43560 actu_wrong: 3240
2026-09-10 13:45:11,755 P2854722 INFO pr:0.9024  rc:0.4879  auc:0.9687 ap:0.8941 f1: 0.6334 pred_right: 18483 pred_wrong:717 actu_right: 17874 actu_wrong: 1326
2026-09-10 13:45:11,761 P2854722 INFO ----------------------------------------------------------------------------------------------------
2026-09-10 13:45:11,762 P2854722 INFO 15/300 starting... lr: 0.001 para:0.0625
2026-09-10 13:45:14,618 P2854722 INFO Epoch 15/300, all_loss:4.47567 cls_loss:4.63835 rec_loss:2.03544 [2.86s]; best loss:4.47425, patience : 1
2026-09-10 13:45:15,482 P2854722 INFO pr:0.9209  rc:0.4241  auc:0.9724 ap:0.8949 f1: 0.5807 pred_right: 45308 pred_wrong:1492 actu_right: 43560 actu_wrong: 3240
2026-09-10 13:45:15,851 P2854722 INFO pr:0.9301  rc:0.4314  auc:0.9721 ap:0.8950 f1: 0.5894 pred_right: 18585 pred_wrong:615 actu_right: 17874 actu_wrong: 1326
2026-09-10 13:45:15,852 P2854722 INFO ----------------------------------------------------------------------------------------------------
2026-09-10 13:45:15,852 P2854722 INFO 16/300 starting... lr: 0.001 para:0.05882352963089943
2026-09-10 13:45:18,994 P2854722 INFO Epoch 16/300, all_loss:4.41641 cls_loss:4.56378 rec_loss:2.05842 [3.13s]; best loss:4.41641, patience : 0
2026-09-10 13:45:19,950 P2854722 INFO pr:0.9406  rc:0.4105  auc:0.9721 ap:0.8968 f1: 0.5716 pred_right: 45386 pred_wrong:1414 actu_right: 43560 actu_wrong: 3240
2026-09-10 13:45:20,333 P2854722 INFO pr:0.9432  rc:0.4133  auc:0.9707 ap:0.8979 f1: 0.5747 pred_right: 18619 pred_wrong:581 actu_right: 17874 actu_wrong: 1326
2026-09-10 13:45:20,333 P2854722 INFO ----------------------------------------------------------------------------------------------------
2026-09-10 13:45:20,334 P2854722 INFO 17/300 starting... lr: 0.001 para:0.0555555559694767
2026-09-10 13:45:23,335 P2854722 INFO Epoch 17/300, all_loss:4.35876 cls_loss:4.49273 rec_loss:2.08125 [3.00s]; best loss:4.35876, patience : 0
2026-09-10 13:45:24,195 P2854722 INFO pr:0.8626  rc:0.5371  auc:0.9729 ap:0.8971 f1: 0.6620 pred_right: 44784 pred_wrong:2016 actu_right: 43562 actu_wrong: 3238
2026-09-10 13:45:24,552 P2854722 INFO pr:0.8631  rc:0.5468  auc:0.9718 ap:0.8975 f1: 0.6694 pred_right: 18360 pred_wrong:840 actu_right: 17874 actu_wrong: 1326
2026-09-10 13:45:24,559 P2854722 INFO ----------------------------------------------------------------------------------------------------
2026-09-10 13:45:24,559 P2854722 INFO 18/300 starting... lr: 0.001 para:0.05263157933950424
2026-09-10 13:45:27,749 P2854722 INFO Epoch 18/300, all_loss:4.29063 cls_loss:4.41034 rec_loss:2.13576 [3.18s]; best loss:4.29063, patience : 0
2026-09-10 13:45:28,838 P2854722 INFO pr:0.9319  rc:0.4303  auc:0.9736 ap:0.9019 f1: 0.5887 pred_right: 45303 pred_wrong:1497 actu_right: 43558 actu_wrong: 3242
2026-09-10 13:45:29,174 P2854722 INFO pr:0.9289  rc:0.4434  auc:0.9728 ap:0.9008 f1: 0.6003 pred_right: 18567 pred_wrong:633 actu_right: 17874 actu_wrong: 1326
2026-09-10 13:45:29,175 P2854722 INFO ----------------------------------------------------------------------------------------------------
2026-09-10 13:45:29,175 P2854722 INFO 19/300 starting... lr: 0.001 para:0.05000000074505806
2026-09-10 13:45:32,242 P2854722 INFO Epoch 19/300, all_loss:4.25894 cls_loss:4.37024 rec_loss:2.14418 [3.06s]; best loss:4.25894, patience : 0
2026-09-10 13:45:33,212 P2854722 INFO pr:0.8427  rc:0.5989  auc:0.9738 ap:0.9030 f1: 0.7002 pred_right: 44493 pred_wrong:2307 actu_right: 43554 actu_wrong: 3246
2026-09-10 13:45:33,608 P2854722 INFO pr:0.8280  rc:0.6063  auc:0.9729 ap:0.9016 f1: 0.7000 pred_right: 18229 pred_wrong:971 actu_right: 17874 actu_wrong: 1326
2026-09-10 13:45:33,616 P2854722 INFO ----------------------------------------------------------------------------------------------------
2026-09-10 13:45:33,617 P2854722 INFO 20/300 starting... lr: 0.001 para:0.0476190485060215
2026-09-10 13:45:36,737 P2854722 INFO Epoch 20/300, all_loss:4.20462 cls_loss:4.30548 rec_loss:2.18736 [3.11s]; best loss:4.20462, patience : 0
2026-09-10 13:45:37,846 P2854722 INFO pr:0.8865  rc:0.4991  auc:0.9747 ap:0.9012 f1: 0.6386 pred_right: 44976 pred_wrong:1824 actu_right: 43560 actu_wrong: 3240
2026-09-10 13:45:38,299 P2854722 INFO pr:0.8765  rc:0.4925  auc:0.9726 ap:0.9002 f1: 0.6306 pred_right: 18455 pred_wrong:745 actu_right: 17874 actu_wrong: 1326
2026-09-10 13:45:38,300 P2854722 INFO ----------------------------------------------------------------------------------------------------
2026-09-10 13:45:38,300 P2854722 INFO 21/300 starting... lr: 0.001 para:0.04545454680919647
2026-09-10 13:45:41,372 P2854722 INFO Epoch 21/300, all_loss:4.14384 cls_loss:4.23457 rec_loss:2.23858 [3.06s]; best loss:4.14384, patience : 0
2026-09-10 13:45:42,525 P2854722 INFO pr:0.8560  rc:0.5769  auc:0.9756 ap:0.9065 f1: 0.6892 pred_right: 44613 pred_wrong:2187 actu_right: 43555 actu_wrong: 3245
2026-09-10 13:45:42,938 P2854722 INFO pr:0.8560  rc:0.5830  auc:0.9729 ap:0.9043 f1: 0.6936 pred_right: 18297 pred_wrong:903 actu_right: 17874 actu_wrong: 1326
2026-09-10 13:45:42,939 P2854722 INFO ----------------------------------------------------------------------------------------------------
2026-09-10 13:45:42,939 P2854722 INFO 22/300 starting... lr: 0.001 para:0.043478261679410934
2026-09-10 13:45:45,826 P2854722 INFO Epoch 22/300, all_loss:4.14490 cls_loss:4.22983 rec_loss:2.27663 [2.89s]; best loss:4.14384, patience : 1
2026-09-10 13:45:46,850 P2854722 INFO pr:0.8874  rc:0.5227  auc:0.9761 ap:0.9061 f1: 0.6579 pred_right: 44891 pred_wrong:1909 actu_right: 43559 actu_wrong: 3241
2026-09-10 13:45:47,251 P2854722 INFO pr:0.8837  rc:0.5271  auc:0.9737 ap:0.9049 f1: 0.6604 pred_right: 18409 pred_wrong:791 actu_right: 17874 actu_wrong: 1326
2026-09-10 13:45:47,251 P2854722 INFO ----------------------------------------------------------------------------------------------------
2026-09-10 13:45:47,252 P2854722 INFO 23/300 starting... lr: 0.001 para:0.0416666679084301
2026-09-10 13:45:50,339 P2854722 INFO Epoch 23/300, all_loss:4.11153 cls_loss:4.19027 rec_loss:2.30057 [3.08s]; best loss:4.11153, patience : 0
2026-09-10 13:45:51,616 P2854722 INFO pr:0.8754  rc:0.5614  auc:0.9759 ap:0.9070 f1: 0.6841 pred_right: 44721 pred_wrong:2079 actu_right: 43558 actu_wrong: 3242
2026-09-10 13:45:52,123 P2854722 INFO pr:0.8746  rc:0.5732  auc:0.9743 ap:0.9056 f1: 0.6925 pred_right: 18331 pred_wrong:869 actu_right: 17874 actu_wrong: 1326
2026-09-10 13:45:52,124 P2854722 INFO ----------------------------------------------------------------------------------------------------
2026-09-10 13:45:52,124 P2854722 INFO 24/300 starting... lr: 0.001 para:0.03999999910593033
2026-09-10 13:45:55,202 P2854722 INFO Epoch 24/300, all_loss:4.08630 cls_loss:4.15983 rec_loss:2.32154 [3.07s]; best loss:4.08630, patience : 0
2026-09-10 13:45:56,399 P2854722 INFO pr:0.8953  rc:0.5569  auc:0.9771 ap:0.9112 f1: 0.6867 pred_right: 44784 pred_wrong:2016 actu_right: 43559 actu_wrong: 3241
2026-09-10 13:45:56,871 P2854722 INFO pr:0.8760  rc:0.5701  auc:0.9753 ap:0.9086 f1: 0.6907 pred_right: 18337 pred_wrong:863 actu_right: 17874 actu_wrong: 1326
2026-09-10 13:45:56,871 P2854722 INFO ----------------------------------------------------------------------------------------------------
2026-09-10 13:45:56,872 P2854722 INFO 25/300 starting... lr: 0.001 para:0.03846153989434242
2026-09-10 13:46:00,615 P2854722 INFO Epoch 25/300, all_loss:4.11288 cls_loss:4.18373 rec_loss:2.34163 [3.74s]; best loss:4.08630, patience : 1
2026-09-10 13:46:02,059 P2854722 INFO pr:0.8875  rc:0.5136  auc:0.9767 ap:0.9059 f1: 0.6506 pred_right: 44925 pred_wrong:1875 actu_right: 43560 actu_wrong: 3240
2026-09-10 13:46:02,656 P2854722 INFO pr:0.8769  rc:0.5106  auc:0.9760 ap:0.9042 f1: 0.6454 pred_right: 18428 pred_wrong:772 actu_right: 17874 actu_wrong: 1326
2026-09-10 13:46:02,658 P2854722 INFO ----------------------------------------------------------------------------------------------------
2026-09-10 13:46:02,659 P2854722 INFO 26/300 starting... lr: 0.001 para:0.03703703731298447
2026-09-10 13:46:05,856 P2854722 INFO Epoch 26/300, all_loss:4.06870 cls_loss:4.13449 rec_loss:2.35805 [3.19s]; best loss:4.06870, patience : 0
2026-09-10 13:46:06,907 P2854722 INFO pr:0.9006  rc:0.5261  auc:0.9785 ap:0.9146 f1: 0.6642 pred_right: 44908 pred_wrong:1892 actu_right: 43561 actu_wrong: 3239
2026-09-10 13:46:07,259 P2854722 INFO pr:0.8973  rc:0.5339  auc:0.9770 ap:0.9107 f1: 0.6695 pred_right: 18411 pred_wrong:789 actu_right: 17874 actu_wrong: 1326
2026-09-10 13:46:07,260 P2854722 INFO ----------------------------------------------------------------------------------------------------
2026-09-10 13:46:07,260 P2854722 INFO 27/300 starting... lr: 0.001 para:0.0357142873108387
2026-09-10 13:46:10,290 P2854722 INFO Epoch 27/300, all_loss:3.94757 cls_loss:4.00571 rec_loss:2.37770 [3.02s]; best loss:3.94757, patience : 0
2026-09-10 13:46:11,524 P2854722 INFO pr:0.8778  rc:0.5873  auc:0.9788 ap:0.9157 f1: 0.7038 pred_right: 44632 pred_wrong:2168 actu_right: 43560 actu_wrong: 3240
2026-09-10 13:46:11,955 P2854722 INFO pr:0.8701  rc:0.5913  auc:0.9767 ap:0.9120 f1: 0.7041 pred_right: 18299 pred_wrong:901 actu_right: 17874 actu_wrong: 1326
2026-09-10 13:46:11,962 P2854722 INFO ----------------------------------------------------------------------------------------------------
2026-09-10 13:46:11,962 P2854722 INFO 28/300 starting... lr: 0.001 para:0.03448275849223137
2026-09-10 13:46:14,991 P2854722 INFO Epoch 28/300, all_loss:3.94016 cls_loss:3.99555 rec_loss:2.38927 [3.02s]; best loss:3.94016, patience : 0
2026-09-10 13:46:15,960 P2854722 INFO pr:0.8132  rc:0.6556  auc:0.9786 ap:0.9140 f1: 0.7259 pred_right: 44188 pred_wrong:2612 actu_right: 43560 actu_wrong: 3240
2026-09-10 13:46:16,370 P2854722 INFO pr:0.7940  rc:0.6599  auc:0.9759 ap:0.9103 f1: 0.7208 pred_right: 18098 pred_wrong:1102 actu_right: 17874 actu_wrong: 1326
2026-09-10 13:46:16,378 P2854722 INFO ----------------------------------------------------------------------------------------------------
2026-09-10 13:46:16,378 P2854722 INFO 29/300 starting... lr: 0.001 para:0.03333333507180214
2026-09-10 13:46:19,556 P2854722 INFO Epoch 29/300, all_loss:3.95750 cls_loss:4.01072 rec_loss:2.41426 [3.18s]; best loss:3.94016, patience : 1
2026-09-10 13:46:20,590 P2854722 INFO pr:0.8048  rc:0.6192  auc:0.9773 ap:0.9070 f1: 0.6999 pred_right: 44305 pred_wrong:2495 actu_right: 43557 actu_wrong: 3243
2026-09-10 13:46:21,029 P2854722 INFO pr:0.7906  rc:0.6237  auc:0.9757 ap:0.9030 f1: 0.6973 pred_right: 18154 pred_wrong:1046 actu_right: 17874 actu_wrong: 1326
2026-09-10 13:46:21,029 P2854722 INFO ----------------------------------------------------------------------------------------------------
2026-09-10 13:46:21,030 P2854722 INFO 30/300 starting... lr: 0.001 para:0.032258063554763794
2026-09-10 13:46:24,310 P2854722 INFO Epoch 30/300, all_loss:3.98965 cls_loss:4.04202 rec_loss:2.41882 [3.28s]; best loss:3.94016, patience : 2
2026-09-10 13:46:25,503 P2854722 INFO pr:0.8588  rc:0.5631  auc:0.9775 ap:0.9057 f1: 0.6802 pred_right: 44676 pred_wrong:2124 actu_right: 43561 actu_wrong: 3239
2026-09-10 13:46:25,969 P2854722 INFO pr:0.8562  rc:0.5747  auc:0.9763 ap:0.9037 f1: 0.6877 pred_right: 18310 pred_wrong:890 actu_right: 17874 actu_wrong: 1326
2026-09-10 13:46:25,969 P2854722 INFO ----------------------------------------------------------------------------------------------------
2026-09-10 13:46:25,970 P2854722 INFO 31/300 starting... lr: 0.001 para:0.03125
2026-09-10 13:46:29,009 P2854722 INFO Epoch 31/300, all_loss:3.89000 cls_loss:3.93661 rec_loss:2.44483 [3.03s]; best loss:3.89000, patience : 0
2026-09-10 13:46:31,240 P2854722 INFO pr:0.8747  rc:0.6030  auc:0.9807 ap:0.9201 f1: 0.7139 pred_right: 44565 pred_wrong:2235 actu_right: 43558 actu_wrong: 3242
2026-09-10 13:46:32,440 P2854722 INFO pr:0.8629  rc:0.6026  auc:0.9789 ap:0.9153 f1: 0.7096 pred_right: 18274 pred_wrong:926 actu_right: 17874 actu_wrong: 1326
2026-09-10 13:46:32,441 P2854722 INFO ----------------------------------------------------------------------------------------------------
2026-09-10 13:46:32,442 P2854722 INFO 32/300 starting... lr: 0.001 para:0.03030303120613098
2026-09-10 13:46:35,023 P2854722 INFO Epoch 32/300, all_loss:3.81329 cls_loss:3.85527 rec_loss:2.46974 [2.57s]; best loss:3.81329, patience : 0
2026-09-10 13:46:35,831 P2854722 INFO pr:0.8677  rc:0.6258  auc:0.9802 ap:0.9203 f1: 0.7272 pred_right: 44464 pred_wrong:2336 actu_right: 43561 actu_wrong: 3239
2026-09-10 13:46:36,199 P2854722 INFO pr:0.8471  rc:0.6184  auc:0.9774 ap:0.9164 f1: 0.7149 pred_right: 18232 pred_wrong:968 actu_right: 17874 actu_wrong: 1326
2026-09-10 13:46:36,207 P2854722 INFO ----------------------------------------------------------------------------------------------------
2026-09-10 13:46:36,207 P2854722 INFO 33/300 starting... lr: 0.001 para:0.029411764815449715
2026-09-10 13:46:38,755 P2854722 INFO Epoch 33/300, all_loss:3.83536 cls_loss:3.87541 rec_loss:2.51371 [2.55s]; best loss:3.81329, patience : 1
2026-09-10 13:46:39,588 P2854722 INFO pr:0.8427  rc:0.6535  auc:0.9802 ap:0.9194 f1: 0.7361 pred_right: 44289 pred_wrong:2511 actu_right: 43562 actu_wrong: 3238
2026-09-10 13:46:39,939 P2854722 INFO pr:0.8250  rc:0.6471  auc:0.9772 ap:0.9155 f1: 0.7253 pred_right: 18160 pred_wrong:1040 actu_right: 17874 actu_wrong: 1326
2026-09-10 13:46:39,945 P2854722 INFO ----------------------------------------------------------------------------------------------------
2026-09-10 13:46:39,945 P2854722 INFO 34/300 starting... lr: 0.001 para:0.02857142873108387
2026-09-10 13:46:42,803 P2854722 INFO Epoch 34/300, all_loss:3.85719 cls_loss:3.89622 rec_loss:2.53032 [2.86s]; best loss:3.81329, patience : 2
2026-09-10 13:46:43,629 P2854722 INFO pr:0.9216  rc:0.5258  auc:0.9801 ap:0.9185 f1: 0.6695 pred_right: 44951 pred_wrong:1849 actu_right: 43559 actu_wrong: 3241
2026-09-10 13:46:43,959 P2854722 INFO pr:0.8936  rc:0.5068  auc:0.9788 ap:0.9134 f1: 0.6468 pred_right: 18448 pred_wrong:752 actu_right: 17874 actu_wrong: 1326
2026-09-10 13:46:43,960 P2854722 INFO ----------------------------------------------------------------------------------------------------
2026-09-10 13:46:43,960 P2854722 INFO 35/300 starting... lr: 0.001 para:0.02777777798473835
2026-09-10 13:46:46,623 P2854722 INFO Epoch 35/300, all_loss:3.72174 cls_loss:3.75526 rec_loss:2.54872 [2.66s]; best loss:3.72174, patience : 0
2026-09-10 13:46:47,445 P2854722 INFO pr:0.9296  rc:0.4963  auc:0.9796 ap:0.9154 f1: 0.6471 pred_right: 45067 pred_wrong:1733 actu_right: 43554 actu_wrong: 3246
2026-09-10 13:46:47,784 P2854722 INFO pr:0.9244  rc:0.4887  auc:0.9776 ap:0.9113 f1: 0.6394 pred_right: 18499 pred_wrong:701 actu_right: 17874 actu_wrong: 1326
2026-09-10 13:46:47,784 P2854722 INFO ----------------------------------------------------------------------------------------------------
2026-09-10 13:46:47,785 P2854722 INFO 36/300 starting... lr: 0.001 para:0.027027027681469917
2026-09-10 13:46:53,103 P2854722 INFO Epoch 36/300, all_loss:3.74630 cls_loss:3.77883 rec_loss:2.57520 [5.32s]; best loss:3.72174, patience : 1
2026-09-10 13:46:57,123 P2854722 INFO pr:0.8245  rc:0.6801  auc:0.9821 ap:0.9238 f1: 0.7454 pred_right: 44128 pred_wrong:2672 actu_right: 43561 actu_wrong: 3239
2026-09-10 13:46:58,303 P2854722 INFO pr:0.8061  rc:0.6802  auc:0.9802 ap:0.9189 f1: 0.7378 pred_right: 18081 pred_wrong:1119 actu_right: 17874 actu_wrong: 1326
2026-09-10 13:46:58,320 P2854722 INFO ----------------------------------------------------------------------------------------------------
2026-09-10 13:46:58,321 P2854722 INFO 37/300 starting... lr: 0.001 para:0.02631578966975212
2026-09-10 13:47:06,885 P2854722 INFO Epoch 37/300, all_loss:3.73966 cls_loss:3.77005 rec_loss:2.61528 [8.56s]; best loss:3.72174, patience : 1
2026-09-10 13:47:09,753 P2854722 INFO pr:0.7613  rc:0.7122  auc:0.9799 ap:0.9173 f1: 0.7359 pred_right: 43771 pred_wrong:3029 actu_right: 43562 actu_wrong: 3238
2026-09-10 13:47:10,886 P2854722 INFO pr:0.7396  rc:0.7089  auc:0.9760 ap:0.9099 f1: 0.7239 pred_right: 17929 pred_wrong:1271 actu_right: 17874 actu_wrong: 1326
2026-09-10 13:47:10,888 P2854722 INFO ----------------------------------------------------------------------------------------------------
2026-09-10 13:47:10,889 P2854722 INFO 38/300 starting... lr: 0.001 para:0.025641025975346565
2026-09-10 13:47:14,454 P2854722 INFO Epoch 38/300, all_loss:3.82891 cls_loss:3.86141 rec_loss:2.59383 [3.56s]; best loss:3.72174, patience : 2
2026-09-10 13:47:15,467 P2854722 INFO pr:0.8307  rc:0.6544  auc:0.9818 ap:0.9226 f1: 0.7321 pred_right: 44249 pred_wrong:2551 actu_right: 43562 actu_wrong: 3238
2026-09-10 13:47:15,890 P2854722 INFO pr:0.8150  rc:0.6478  auc:0.9796 ap:0.9158 f1: 0.7218 pred_right: 18146 pred_wrong:1054 actu_right: 17874 actu_wrong: 1326
2026-09-10 13:47:15,890 P2854722 INFO ----------------------------------------------------------------------------------------------------
2026-09-10 13:47:15,891 P2854722 INFO 39/300 starting... lr: 0.001 para:0.02500000037252903
2026-09-10 13:47:19,375 P2854722 INFO Epoch 39/300, all_loss:3.67094 cls_loss:3.69799 rec_loss:2.61603 [3.47s]; best loss:3.67094, patience : 0
2026-09-10 13:47:20,475 P2854722 INFO pr:0.8677  rc:0.6440  auc:0.9825 ap:0.9252 f1: 0.7393 pred_right: 44396 pred_wrong:2404 actu_right: 43561 actu_wrong: 3239
2026-09-10 13:47:20,888 P2854722 INFO pr:0.8437  rc:0.6471  auc:0.9787 ap:0.9190 f1: 0.7324 pred_right: 18183 pred_wrong:1017 actu_right: 17874 actu_wrong: 1326
2026-09-10 13:47:20,889 P2854722 INFO ----------------------------------------------------------------------------------------------------
2026-09-10 13:47:20,889 P2854722 INFO 40/300 starting... lr: 0.001 para:0.024390242993831635
2026-09-10 13:47:24,268 P2854722 INFO Epoch 40/300, all_loss:3.68799 cls_loss:3.71460 rec_loss:2.62366 [3.38s]; best loss:3.67094, patience : 1
2026-09-10 13:47:25,326 P2854722 INFO pr:0.8841  rc:0.6445  auc:0.9832 ap:0.9302 f1: 0.7455 pred_right: 44436 pred_wrong:2364 actu_right: 43557 actu_wrong: 3243
2026-09-10 13:47:25,815 P2854722 INFO pr:0.8590  rc:0.6342  auc:0.9804 ap:0.9241 f1: 0.7297 pred_right: 18221 pred_wrong:979 actu_right: 17874 actu_wrong: 1326
2026-09-10 13:47:25,826 P2854722 INFO ----------------------------------------------------------------------------------------------------
2026-09-10 13:47:25,827 P2854722 INFO 41/300 starting... lr: 0.001 para:0.02380952425301075
2026-09-10 13:47:29,131 P2854722 INFO Epoch 41/300, all_loss:3.59219 cls_loss:3.61510 rec_loss:2.65296 [3.30s]; best loss:3.59219, patience : 0
2026-09-10 13:47:30,242 P2854722 INFO pr:0.7772  rc:0.7329  auc:0.9827 ap:0.9265 f1: 0.7544 pred_right: 43743 pred_wrong:3057 actu_right: 43558 actu_wrong: 3242
2026-09-10 13:47:30,609 P2854722 INFO pr:0.7477  rc:0.7262  auc:0.9786 ap:0.9190 f1: 0.7368 pred_right: 17912 pred_wrong:1288 actu_right: 17874 actu_wrong: 1326
2026-09-10 13:47:30,615 P2854722 INFO ----------------------------------------------------------------------------------------------------
2026-09-10 13:47:30,615 P2854722 INFO 42/300 starting... lr: 0.001 para:0.023255813866853714
2026-09-10 13:47:33,718 P2854722 INFO Epoch 42/300, all_loss:3.63833 cls_loss:3.66144 rec_loss:2.66735 [3.10s]; best loss:3.59219, patience : 1
2026-09-10 13:47:34,798 P2854722 INFO pr:0.9104  rc:0.5584  auc:0.9808 ap:0.9178 f1: 0.6922 pred_right: 44814 pred_wrong:1986 actu_right: 43562 actu_wrong: 3238
2026-09-10 13:47:35,210 P2854722 INFO pr:0.8889  rc:0.5671  auc:0.9785 ap:0.9116 f1: 0.6924 pred_right: 18354 pred_wrong:846 actu_right: 17874 actu_wrong: 1326
2026-09-10 13:47:35,210 P2854722 INFO ----------------------------------------------------------------------------------------------------
2026-09-10 13:47:35,211 P2854722 INFO 43/300 starting... lr: 0.001 para:0.022727273404598236
2026-09-10 13:47:38,210 P2854722 INFO Epoch 43/300, all_loss:3.57915 cls_loss:3.60017 rec_loss:2.67514 [2.99s]; best loss:3.57915, patience : 0
2026-09-10 13:47:39,201 P2854722 INFO pr:0.8391  rc:0.6900  auc:0.9837 ap:0.9293 f1: 0.7573 pred_right: 44134 pred_wrong:2666 actu_right: 43558 actu_wrong: 3242
2026-09-10 13:47:39,625 P2854722 INFO pr:0.8106  rc:0.6810  auc:0.9807 ap:0.9224 f1: 0.7402 pred_right: 18086 pred_wrong:1114 actu_right: 17874 actu_wrong: 1326
2026-09-10 13:47:39,632 P2854722 INFO ----------------------------------------------------------------------------------------------------
2026-09-10 13:47:39,632 P2854722 INFO 44/300 starting... lr: 0.001 para:0.02222222276031971
2026-09-10 13:47:42,582 P2854722 INFO Epoch 44/300, all_loss:3.56021 cls_loss:3.57929 rec_loss:2.72044 [2.94s]; best loss:3.56021, patience : 0
2026-09-10 13:47:43,411 P2854722 INFO pr:0.9013  rc:0.5996  auc:0.9827 ap:0.9266 f1: 0.7201 pred_right: 44643 pred_wrong:2157 actu_right: 43558 actu_wrong: 3242
2026-09-10 13:47:43,818 P2854722 INFO pr:0.8866  rc:0.5958  auc:0.9798 ap:0.9200 f1: 0.7127 pred_right: 18309 pred_wrong:891 actu_right: 17874 actu_wrong: 1326
2026-09-10 13:47:43,819 P2854722 INFO ----------------------------------------------------------------------------------------------------
2026-09-10 13:47:43,819 P2854722 INFO 45/300 starting... lr: 0.001 para:0.021739130839705467
2026-09-10 13:47:46,669 P2854722 INFO Epoch 45/300, all_loss:3.53985 cls_loss:3.55844 rec_loss:2.70294 [2.84s]; best loss:3.53985, patience : 0
2026-09-10 13:47:47,692 P2854722 INFO pr:0.8747  rc:0.6623  auc:0.9839 ap:0.9314 f1: 0.7539 pred_right: 44349 pred_wrong:2451 actu_right: 43563 actu_wrong: 3237
2026-09-10 13:47:48,115 P2854722 INFO pr:0.8452  rc:0.6546  auc:0.9794 ap:0.9243 f1: 0.7378 pred_right: 18173 pred_wrong:1027 actu_right: 17874 actu_wrong: 1326
2026-09-10 13:47:48,116 P2854722 INFO ----------------------------------------------------------------------------------------------------
2026-09-10 13:47:48,116 P2854722 INFO 46/300 starting... lr: 0.001 para:0.021276595070958138
2026-09-10 13:47:51,028 P2854722 INFO Epoch 46/300, all_loss:3.52992 cls_loss:3.54731 rec_loss:2.72992 [2.90s]; best loss:3.52992, patience : 0
2026-09-10 13:47:51,894 P2854722 INFO pr:0.9000  rc:0.6002  auc:0.9829 ap:0.9269 f1: 0.7201 pred_right: 44640 pred_wrong:2160 actu_right: 43561 actu_wrong: 3239
2026-09-10 13:47:52,282 P2854722 INFO pr:0.8761  rc:0.6026  auc:0.9785 ap:0.9195 f1: 0.7140 pred_right: 18288 pred_wrong:912 actu_right: 17874 actu_wrong: 1326
2026-09-10 13:47:52,283 P2854722 INFO ----------------------------------------------------------------------------------------------------
2026-09-10 13:47:52,283 P2854722 INFO 47/300 starting... lr: 0.001 para:0.02083333395421505
2026-09-10 13:47:55,326 P2854722 INFO Epoch 47/300, all_loss:3.57447 cls_loss:3.59263 rec_loss:2.72102 [3.04s]; best loss:3.52992, patience : 1
2026-09-10 13:47:56,584 P2854722 INFO pr:0.7769  rc:0.7249  auc:0.9832 ap:0.9254 f1: 0.7500 pred_right: 43775 pred_wrong:3025 actu_right: 43558 actu_wrong: 3242
2026-09-10 13:47:57,030 P2854722 INFO pr:0.7407  rc:0.7089  auc:0.9806 ap:0.9173 f1: 0.7245 pred_right: 17931 pred_wrong:1269 actu_right: 17874 actu_wrong: 1326
2026-09-10 13:47:57,031 P2854722 INFO ----------------------------------------------------------------------------------------------------
2026-09-10 13:47:57,038 P2854722 INFO 48/300 starting... lr: 0.001 para:0.020408162847161293
2026-09-10 13:48:00,092 P2854722 INFO Epoch 48/300, all_loss:3.51626 cls_loss:3.53249 rec_loss:2.73709 [3.04s]; best loss:3.51626, patience : 0
2026-09-10 13:48:01,201 P2854722 INFO pr:0.8873  rc:0.6536  auc:0.9849 ap:0.9339 f1: 0.7527 pred_right: 44414 pred_wrong:2386 actu_right: 43561 actu_wrong: 3239
2026-09-10 13:48:01,703 P2854722 INFO pr:0.8625  rc:0.6433  auc:0.9824 ap:0.9274 f1: 0.7369 pred_right: 18211 pred_wrong:989 actu_right: 17874 actu_wrong: 1326
2026-09-10 13:48:01,705 P2854722 INFO ----------------------------------------------------------------------------------------------------
2026-09-10 13:48:01,705 P2854722 INFO 49/300 starting... lr: 0.001 para:0.019999999552965164
2026-09-10 13:48:04,506 P2854722 INFO Epoch 49/300, all_loss:3.44693 cls_loss:3.46131 rec_loss:2.74216 [2.79s]; best loss:3.44693, patience : 0
2026-09-10 13:48:05,458 P2854722 INFO pr:0.8594  rc:0.6910  auc:0.9843 ap:0.9333 f1: 0.7660 pred_right: 44196 pred_wrong:2604 actu_right: 43561 actu_wrong: 3239
2026-09-10 13:48:05,842 P2854722 INFO pr:0.8361  rc:0.6735  auc:0.9800 ap:0.9246 f1: 0.7460 pred_right: 18132 pred_wrong:1068 actu_right: 17874 actu_wrong: 1326
2026-09-10 13:48:05,850 P2854722 INFO ----------------------------------------------------------------------------------------------------
2026-09-10 13:48:05,851 P2854722 INFO 50/300 starting... lr: 0.001 para:0.019607843831181526
2026-09-10 13:48:09,112 P2854722 INFO Epoch 50/300, all_loss:3.43186 cls_loss:3.44546 rec_loss:2.75160 [3.26s]; best loss:3.43186, patience : 0
2026-09-10 13:48:10,245 P2854722 INFO pr:0.8856  rc:0.6403  auc:0.9851 ap:0.9338 f1: 0.7432 pred_right: 44458 pred_wrong:2342 actu_right: 43561 actu_wrong: 3239
2026-09-10 13:48:10,583 P2854722 INFO pr:0.8637  rc:0.6403  auc:0.9810 ap:0.9262 f1: 0.7354 pred_right: 18217 pred_wrong:983 actu_right: 17874 actu_wrong: 1326
2026-09-10 13:48:10,583 P2854722 INFO ----------------------------------------------------------------------------------------------------
2026-09-10 13:48:10,584 P2854722 INFO 51/300 starting... lr: 0.001 para:0.01923076994717121
2026-09-10 13:48:13,550 P2854722 INFO Epoch 51/300, all_loss:3.38918 cls_loss:3.40153 rec_loss:2.75921 [2.96s]; best loss:3.38918, patience : 0
2026-09-10 13:48:14,514 P2854722 INFO pr:0.7966  rc:0.7560  auc:0.9852 ap:0.9357 f1: 0.7758 pred_right: 43727 pred_wrong:3073 actu_right: 43562 actu_wrong: 3238
2026-09-10 13:48:14,862 P2854722 INFO pr:0.7664  rc:0.7421  auc:0.9827 ap:0.9281 f1: 0.7540 pred_right: 17916 pred_wrong:1284 actu_right: 17874 actu_wrong: 1326
2026-09-10 13:48:14,868 P2854722 INFO ----------------------------------------------------------------------------------------------------
2026-09-10 13:48:14,868 P2854722 INFO 52/300 starting... lr: 0.001 para:0.01886792480945587
2026-09-10 13:48:17,992 P2854722 INFO Epoch 52/300, all_loss:3.34838 cls_loss:3.35903 rec_loss:2.79484 [3.11s]; best loss:3.34838, patience : 0
2026-09-10 13:48:19,439 P2854722 INFO pr:0.8620  rc:0.6613  auc:0.9839 ap:0.9303 f1: 0.7484 pred_right: 44315 pred_wrong:2485 actu_right: 43561 actu_wrong: 3239
2026-09-10 13:48:19,868 P2854722 INFO pr:0.8510  rc:0.6591  auc:0.9814 ap:0.9233 f1: 0.7429 pred_right: 18173 pred_wrong:1027 actu_right: 17874 actu_wrong: 1326
2026-09-10 13:48:19,870 P2854722 INFO ----------------------------------------------------------------------------------------------------
2026-09-10 13:48:19,870 P2854722 INFO 53/300 starting... lr: 0.001 para:0.018518518656492233
2026-09-10 13:48:23,164 P2854722 INFO Epoch 53/300, all_loss:3.31987 cls_loss:3.32961 rec_loss:2.80382 [3.28s]; best loss:3.31987, patience : 0
2026-09-10 13:48:24,158 P2854722 INFO pr:0.8295  rc:0.6686  auc:0.9820 ap:0.9226 f1: 0.7404 pred_right: 44190 pred_wrong:2610 actu_right: 43562 actu_wrong: 3238
2026-09-10 13:48:24,590 P2854722 INFO pr:0.8200  rc:0.6425  auc:0.9790 ap:0.9133 f1: 0.7205 pred_right: 18161 pred_wrong:1039 actu_right: 17874 actu_wrong: 1326
2026-09-10 13:48:24,590 P2854722 INFO ----------------------------------------------------------------------------------------------------
2026-09-10 13:48:24,591 P2854722 INFO 54/300 starting... lr: 0.001 para:0.0181818176060915
2026-09-10 13:48:27,589 P2854722 INFO Epoch 54/300, all_loss:3.34537 cls_loss:3.35479 rec_loss:2.83671 [3.00s]; best loss:3.31987, patience : 1
2026-09-10 13:48:28,589 P2854722 INFO pr:0.9325  rc:0.5844  auc:0.9864 ap:0.9386 f1: 0.7185 pred_right: 44769 pred_wrong:2031 actu_right: 43559 actu_wrong: 3241
2026-09-10 13:48:29,018 P2854722 INFO pr:0.9135  rc:0.5732  auc:0.9839 ap:0.9313 f1: 0.7044 pred_right: 18368 pred_wrong:832 actu_right: 17874 actu_wrong: 1326
2026-09-10 13:48:29,019 P2854722 INFO ----------------------------------------------------------------------------------------------------
2026-09-10 13:48:29,019 P2854722 INFO 55/300 starting... lr: 0.001 para:0.01785714365541935
2026-09-10 13:48:32,146 P2854722 INFO Epoch 55/300, all_loss:3.25761 cls_loss:3.26488 rec_loss:2.85771 [3.12s]; best loss:3.25761, patience : 0
2026-09-10 13:48:33,075 P2854722 INFO pr:0.8998  rc:0.6787  auc:0.9859 ap:0.9391 f1: 0.7738 pred_right: 44356 pred_wrong:2444 actu_right: 43560 actu_wrong: 3240
2026-09-10 13:48:33,442 P2854722 INFO pr:0.8821  rc:0.6599  auc:0.9833 ap:0.9323 f1: 0.7550 pred_right: 18208 pred_wrong:992 actu_right: 17874 actu_wrong: 1326
2026-09-10 13:48:33,442 P2854722 INFO ----------------------------------------------------------------------------------------------------
2026-09-10 13:48:33,443 P2854722 INFO 56/300 starting... lr: 0.001 para:0.017543859779834747
2026-09-10 13:48:36,295 P2854722 INFO Epoch 56/300, all_loss:3.23354 cls_loss:3.23995 rec_loss:2.87499 [2.84s]; best loss:3.23354, patience : 0
2026-09-10 13:48:37,374 P2854722 INFO pr:0.7598  rc:0.7924  auc:0.9852 ap:0.9376 f1: 0.7758 pred_right: 43419 pred_wrong:3381 actu_right: 43558 actu_wrong: 3242
2026-09-10 13:48:37,787 P2854722 INFO pr:0.7379  rc:0.7836  auc:0.9831 ap:0.9311 f1: 0.7601 pred_right: 17792 pred_wrong:1408 actu_right: 17874 actu_wrong: 1326
2026-09-10 13:48:37,788 P2854722 INFO ----------------------------------------------------------------------------------------------------
2026-09-10 13:48:37,788 P2854722 INFO 57/300 starting... lr: 0.001 para:0.017241379246115685
2026-09-10 13:48:40,830 P2854722 INFO Epoch 57/300, all_loss:3.40766 cls_loss:3.41697 rec_loss:2.87719 [3.04s]; best loss:3.23354, patience : 1
2026-09-10 13:48:41,920 P2854722 INFO pr:0.8914  rc:0.6867  auc:0.9871 ap:0.9418 f1: 0.7758 pred_right: 44304 pred_wrong:2496 actu_right: 43560 actu_wrong: 3240
2026-09-10 13:48:42,332 P2854722 INFO pr:0.8650  rc:0.6863  auc:0.9848 ap:0.9350 f1: 0.7653 pred_right: 18148 pred_wrong:1052 actu_right: 17874 actu_wrong: 1326
2026-09-10 13:48:42,340 P2854722 INFO ----------------------------------------------------------------------------------------------------
2026-09-10 13:48:42,340 P2854722 INFO 58/300 starting... lr: 0.001 para:0.016949152573943138
2026-09-10 13:48:45,768 P2854722 INFO Epoch 58/300, all_loss:3.24177 cls_loss:3.24807 rec_loss:2.87648 [3.43s]; best loss:3.23354, patience : 1
2026-09-10 13:48:46,943 P2854722 INFO pr:0.9182  rc:0.6508  auc:0.9864 ap:0.9408 f1: 0.7617 pred_right: 44502 pred_wrong:2298 actu_right: 43558 actu_wrong: 3242
2026-09-10 13:48:47,373 P2854722 INFO pr:0.9030  rc:0.6456  auc:0.9840 ap:0.9341 f1: 0.7529 pred_right: 18252 pred_wrong:948 actu_right: 17874 actu_wrong: 1326
2026-09-10 13:48:47,374 P2854722 INFO ----------------------------------------------------------------------------------------------------
2026-09-10 13:48:47,374 P2854722 INFO 59/300 starting... lr: 0.001 para:0.01666666753590107
2026-09-10 13:48:50,694 P2854722 INFO Epoch 59/300, all_loss:3.29228 cls_loss:3.29883 rec_loss:2.90556 [3.32s]; best loss:3.23354, patience : 2
2026-09-10 13:48:51,656 P2854722 INFO pr:0.9055  rc:0.6889  auc:0.9873 ap:0.9450 f1: 0.7825 pred_right: 44335 pred_wrong:2465 actu_right: 43560 actu_wrong: 3240
2026-09-10 13:48:52,071 P2854722 INFO pr:0.8845  rc:0.6757  auc:0.9851 ap:0.9385 f1: 0.7661 pred_right: 18187 pred_wrong:1013 actu_right: 17874 actu_wrong: 1326
2026-09-10 13:48:52,078 P2854722 INFO ----------------------------------------------------------------------------------------------------
2026-09-10 13:48:52,079 P2854722 INFO 60/300 starting... lr: 0.001 para:0.016393441706895828
2026-09-10 13:48:55,512 P2854722 INFO Epoch 60/300, all_loss:3.11865 cls_loss:3.12169 rec_loss:2.93589 [3.43s]; best loss:3.11865, patience : 0
2026-09-10 13:48:56,475 P2854722 INFO pr:0.8531  rc:0.7603  auc:0.9878 ap:0.9468 f1: 0.8040 pred_right: 43914 pred_wrong:2886 actu_right: 43562 actu_wrong: 3238
2026-09-10 13:48:56,866 P2854722 INFO pr:0.8276  rc:0.7421  auc:0.9842 ap:0.9391 f1: 0.7825 pred_right: 18011 pred_wrong:1189 actu_right: 17874 actu_wrong: 1326
2026-09-10 13:48:56,874 P2854722 INFO ----------------------------------------------------------------------------------------------------
2026-09-10 13:48:56,874 P2854722 INFO 61/300 starting... lr: 0.001 para:0.016129031777381897
2026-09-10 13:49:00,265 P2854722 INFO Epoch 61/300, all_loss:3.08421 cls_loss:3.08597 rec_loss:2.97691 [3.38s]; best loss:3.08421, patience : 0
2026-09-10 13:49:01,321 P2854722 INFO pr:0.8544  rc:0.7570  auc:0.9875 ap:0.9457 f1: 0.8027 pred_right: 43923 pred_wrong:2877 actu_right: 43553 actu_wrong: 3247
2026-09-10 13:49:01,780 P2854722 INFO pr:0.8299  rc:0.7398  auc:0.9850 ap:0.9388 f1: 0.7823 pred_right: 18018 pred_wrong:1182 actu_right: 17874 actu_wrong: 1326
2026-09-10 13:49:01,780 P2854722 INFO ----------------------------------------------------------------------------------------------------
2026-09-10 13:49:01,781 P2854722 INFO 62/300 starting... lr: 0.001 para:0.01587301678955555
2026-09-10 13:49:05,413 P2854722 INFO Epoch 62/300, all_loss:3.11108 cls_loss:3.11315 rec_loss:2.98234 [3.63s]; best loss:3.08421, patience : 1
2026-09-10 13:49:06,604 P2854722 INFO pr:0.9249  rc:0.6771  auc:0.9878 ap:0.9475 f1: 0.7818 pred_right: 44429 pred_wrong:2371 actu_right: 43561 actu_wrong: 3239
2026-09-10 13:49:06,976 P2854722 INFO pr:0.8959  rc:0.6554  auc:0.9848 ap:0.9384 f1: 0.7570 pred_right: 18230 pred_wrong:970 actu_right: 17874 actu_wrong: 1326
2026-09-10 13:49:06,977 P2854722 INFO ----------------------------------------------------------------------------------------------------
2026-09-10 13:49:06,977 P2854722 INFO 63/300 starting... lr: 0.001 para:0.015625
2026-09-10 13:49:10,057 P2854722 INFO Epoch 63/300, all_loss:3.04164 cls_loss:3.04185 rec_loss:3.02857 [3.07s]; best loss:3.04164, patience : 0
2026-09-10 13:49:10,925 P2854722 INFO pr:0.8121  rc:0.7855  auc:0.9869 ap:0.9440 f1: 0.7986 pred_right: 43666 pred_wrong:3134 actu_right: 43560 actu_wrong: 3240
2026-09-10 13:49:11,986 P2854722 INFO pr:0.7953  rc:0.7707  auc:0.9836 ap:0.9379 f1: 0.7828 pred_right: 17915 pred_wrong:1285 actu_right: 17874 actu_wrong: 1326
2026-09-10 13:49:11,987 P2854722 INFO ----------------------------------------------------------------------------------------------------
2026-09-10 13:49:11,988 P2854722 INFO 64/300 starting... lr: 0.001 para:0.015384615398943424
2026-09-10 13:49:15,431 P2854722 INFO Epoch 64/300, all_loss:3.01610 cls_loss:3.01573 rec_loss:3.03973 [3.44s]; best loss:3.01610, patience : 0
2026-09-10 13:49:16,110 P2854722 INFO pr:0.8864  rc:0.7316  auc:0.9888 ap:0.9502 f1: 0.8016 pred_right: 44124 pred_wrong:2676 actu_right: 43558 actu_wrong: 3242
2026-09-10 13:49:16,394 P2854722 INFO pr:0.8548  rc:0.7104  auc:0.9859 ap:0.9425 f1: 0.7759 pred_right: 18098 pred_wrong:1102 actu_right: 17874 actu_wrong: 1326
2026-09-10 13:49:16,394 P2854722 INFO ----------------------------------------------------------------------------------------------------
2026-09-10 13:49:16,395 P2854722 INFO 65/300 starting... lr: 0.001 para:0.01515151560306549
2026-09-10 13:49:18,890 P2854722 INFO Epoch 65/300, all_loss:3.08449 cls_loss:3.08472 rec_loss:3.06984 [2.49s]; best loss:3.01610, patience : 1
2026-09-10 13:49:19,759 P2854722 INFO pr:0.9242  rc:0.6772  auc:0.9884 ap:0.9482 f1: 0.7816 pred_right: 44426 pred_wrong:2374 actu_right: 43560 actu_wrong: 3240
2026-09-10 13:49:20,160 P2854722 INFO pr:0.9044  rc:0.6561  auc:0.9866 ap:0.9430 f1: 0.7605 pred_right: 18238 pred_wrong:962 actu_right: 17874 actu_wrong: 1326
2026-09-10 13:49:20,161 P2854722 INFO ----------------------------------------------------------------------------------------------------
2026-09-10 13:49:20,161 P2854722 INFO 66/300 starting... lr: 0.001 para:0.014925372786819935
2026-09-10 13:49:23,119 P2854722 INFO Epoch 66/300, all_loss:2.95233 cls_loss:2.95023 rec_loss:3.09107 [2.95s]; best loss:2.95233, patience : 0
2026-09-10 13:49:24,030 P2854722 INFO pr:0.9017  rc:0.7070  auc:0.9890 ap:0.9508 f1: 0.7925 pred_right: 44258 pred_wrong:2542 actu_right: 43558 actu_wrong: 3242
2026-09-10 13:49:24,413 P2854722 INFO pr:0.8852  rc:0.6863  auc:0.9868 ap:0.9439 f1: 0.7732 pred_right: 18172 pred_wrong:1028 actu_right: 17874 actu_wrong: 1326
2026-09-10 13:49:24,414 P2854722 INFO ----------------------------------------------------------------------------------------------------
2026-09-10 13:49:24,414 P2854722 INFO 67/300 starting... lr: 0.001 para:0.014705882407724857
2026-09-10 13:49:27,234 P2854722 INFO Epoch 67/300, all_loss:2.89210 cls_loss:2.88851 rec_loss:3.13267 [2.81s]; best loss:2.89210, patience : 0
2026-09-10 13:49:28,100 P2854722 INFO pr:0.8248  rc:0.7920  auc:0.9886 ap:0.9502 f1: 0.8080 pred_right: 43684 pred_wrong:3116 actu_right: 43555 actu_wrong: 3245
2026-09-10 13:49:28,446 P2854722 INFO pr:0.8050  rc:0.7783  auc:0.9861 ap:0.9430 f1: 0.7914 pred_right: 17918 pred_wrong:1282 actu_right: 17874 actu_wrong: 1326
2026-09-10 13:49:28,452 P2854722 INFO ----------------------------------------------------------------------------------------------------
2026-09-10 13:49:28,452 P2854722 INFO 68/300 starting... lr: 0.001 para:0.014492753893136978
2026-09-10 13:49:31,909 P2854722 INFO Epoch 68/300, all_loss:2.98924 cls_loss:2.98686 rec_loss:3.15149 [3.46s]; best loss:2.89210, patience : 1
2026-09-10 13:49:36,320 P2854722 INFO pr:0.8802  rc:0.7339  auc:0.9882 ap:0.9488 f1: 0.8004 pred_right: 44096 pred_wrong:2704 actu_right: 43557 actu_wrong: 3243
2026-09-10 13:49:38,122 P2854722 INFO pr:0.8551  rc:0.7164  auc:0.9845 ap:0.9402 f1: 0.7796 pred_right: 18089 pred_wrong:1111 actu_right: 17874 actu_wrong: 1326
2026-09-10 13:49:38,123 P2854722 INFO ----------------------------------------------------------------------------------------------------
2026-09-10 13:49:38,123 P2854722 INFO 69/300 starting... lr: 0.001 para:0.014285714365541935
2026-09-10 13:49:46,218 P2854722 INFO Epoch 69/300, all_loss:3.04746 cls_loss:3.04553 rec_loss:3.18059 [8.09s]; best loss:2.89210, patience : 2
2026-09-10 13:49:49,597 P2854722 INFO pr:0.8691  rc:0.7680  auc:0.9890 ap:0.9520 f1: 0.8154 pred_right: 43936 pred_wrong:2864 actu_right: 43559 actu_wrong: 3241
2026-09-10 13:49:50,544 P2854722 INFO pr:0.8481  rc:0.7496  auc:0.9854 ap:0.9444 f1: 0.7958 pred_right: 18028 pred_wrong:1172 actu_right: 17874 actu_wrong: 1326
2026-09-10 13:49:50,556 P2854722 INFO ----------------------------------------------------------------------------------------------------
2026-09-10 13:49:50,556 P2854722 INFO 70/300 starting... lr: 0.001 para:0.014084506779909134
2026-09-10 13:49:54,497 P2854722 INFO Epoch 70/300, all_loss:3.09667 cls_loss:3.09565 rec_loss:3.16764 [3.94s]; best loss:2.89210, patience : 3
2026-09-10 13:49:55,384 P2854722 INFO pr:0.9243  rc:0.6963  auc:0.9893 ap:0.9534 f1: 0.7942 pred_right: 44357 pred_wrong:2443 actu_right: 43557 actu_wrong: 3243
2026-09-10 13:49:55,756 P2854722 INFO pr:0.9009  rc:0.6787  auc:0.9870 ap:0.9457 f1: 0.7742 pred_right: 18201 pred_wrong:999 actu_right: 17874 actu_wrong: 1326
2026-09-10 13:49:55,757 P2854722 INFO ----------------------------------------------------------------------------------------------------
2026-09-10 13:49:55,757 P2854722 INFO 71/300 starting... lr: 0.001 para:0.013888888992369175
2026-09-10 13:49:58,734 P2854722 INFO Epoch 71/300, all_loss:3.02055 cls_loss:3.01837 rec_loss:3.17536 [2.98s]; best loss:2.89210, patience : 3
2026-09-10 13:49:59,620 P2854722 INFO pr:0.9382  rc:0.6418  auc:0.9886 ap:0.9512 f1: 0.7622 pred_right: 44583 pred_wrong:2217 actu_right: 43559 actu_wrong: 3241
2026-09-10 13:50:00,021 P2854722 INFO pr:0.9265  rc:0.6176  auc:0.9851 ap:0.9440 f1: 0.7412 pred_right: 18316 pred_wrong:884 actu_right: 17874 actu_wrong: 1326
2026-09-10 13:50:00,022 P2854722 INFO ----------------------------------------------------------------------------------------------------
2026-09-10 13:50:00,022 P2854722 INFO 72/300 starting... lr: 0.001 para:0.013698630034923553
2026-09-10 13:50:03,190 P2854722 INFO Epoch 72/300, all_loss:2.79783 cls_loss:2.79243 rec_loss:3.18653 [3.16s]; best loss:2.79783, patience : 0
2026-09-10 13:50:04,119 P2854722 INFO pr:0.9168  rc:0.7273  auc:0.9891 ap:0.9541 f1: 0.8111 pred_right: 44228 pred_wrong:2572 actu_right: 43558 actu_wrong: 3242
2026-09-10 13:50:04,534 P2854722 INFO pr:0.9019  rc:0.7142  auc:0.9857 ap:0.9480 f1: 0.7971 pred_right: 18150 pred_wrong:1050 actu_right: 17874 actu_wrong: 1326
2026-09-10 13:50:04,535 P2854722 INFO ----------------------------------------------------------------------------------------------------
2026-09-10 13:50:04,535 P2854722 INFO 73/300 starting... lr: 0.001 para:0.013513513840734959
2026-09-10 13:50:07,543 P2854722 INFO Epoch 73/300, all_loss:2.80958 cls_loss:2.80368 rec_loss:3.24033 [3.01s]; best loss:2.79783, patience : 1
2026-09-10 13:50:08,532 P2854722 INFO pr:0.9007  rc:0.7336  auc:0.9897 ap:0.9545 f1: 0.8086 pred_right: 44162 pred_wrong:2638 actu_right: 43561 actu_wrong: 3239
2026-09-10 13:50:08,931 P2854722 INFO pr:0.8733  rc:0.7278  auc:0.9875 ap:0.9473 f1: 0.7939 pred_right: 18095 pred_wrong:1105 actu_right: 17874 actu_wrong: 1326
2026-09-10 13:50:08,931 P2854722 INFO ----------------------------------------------------------------------------------------------------
2026-09-10 13:50:08,932 P2854722 INFO 74/300 starting... lr: 0.001 para:0.013333333656191826
2026-09-10 13:50:12,017 P2854722 INFO Epoch 74/300, all_loss:2.82246 cls_loss:2.81606 rec_loss:3.29628 [3.08s]; best loss:2.79783, patience : 2
2026-09-10 13:50:12,885 P2854722 INFO pr:0.9657  rc:0.6167  auc:0.9901 ap:0.9575 f1: 0.7527 pred_right: 44729 pred_wrong:2071 actu_right: 43557 actu_wrong: 3243
2026-09-10 13:50:13,291 P2854722 INFO pr:0.9532  rc:0.5995  auc:0.9857 ap:0.9483 f1: 0.7361 pred_right: 18366 pred_wrong:834 actu_right: 17874 actu_wrong: 1326
2026-09-10 13:50:13,291 P2854722 INFO ----------------------------------------------------------------------------------------------------
2026-09-10 13:50:13,291 P2854722 INFO 75/300 starting... lr: 0.001 para:0.01315789483487606
2026-09-10 13:50:16,253 P2854722 INFO Epoch 75/300, all_loss:2.80362 cls_loss:2.79686 rec_loss:3.31103 [2.96s]; best loss:2.79783, patience : 2
2026-09-10 13:50:17,151 P2854722 INFO pr:0.9443  rc:0.6747  auc:0.9898 ap:0.9559 f1: 0.7870 pred_right: 44485 pred_wrong:2315 actu_right: 43560 actu_wrong: 3240
2026-09-10 13:50:17,559 P2854722 INFO pr:0.9236  rc:0.6569  auc:0.9876 ap:0.9486 f1: 0.7677 pred_right: 18257 pred_wrong:943 actu_right: 17874 actu_wrong: 1326
2026-09-10 13:50:17,560 P2854722 INFO ----------------------------------------------------------------------------------------------------
2026-09-10 13:50:17,560 P2854722 INFO 76/300 starting... lr: 0.001 para:0.012987012974917889
2026-09-10 13:50:20,539 P2854722 INFO Epoch 76/300, all_loss:2.77288 cls_loss:2.76560 rec_loss:3.32659 [2.97s]; best loss:2.77288, patience : 0
2026-09-10 13:50:21,480 P2854722 INFO pr:0.9317  rc:0.7152  auc:0.9891 ap:0.9558 f1: 0.8092 pred_right: 44312 pred_wrong:2488 actu_right: 43559 actu_wrong: 3241
2026-09-10 13:50:21,867 P2854722 INFO pr:0.9153  rc:0.6923  auc:0.9859 ap:0.9499 f1: 0.7883 pred_right: 18197 pred_wrong:1003 actu_right: 17874 actu_wrong: 1326
2026-09-10 13:50:21,868 P2854722 INFO ----------------------------------------------------------------------------------------------------
2026-09-10 13:50:21,868 P2854722 INFO 77/300 starting... lr: 0.001 para:0.012820512987673283
2026-09-10 13:50:24,874 P2854722 INFO Epoch 77/300, all_loss:2.73318 cls_loss:2.72518 rec_loss:3.34928 [3.00s]; best loss:2.73318, patience : 0
2026-09-10 13:50:26,005 P2854722 INFO pr:0.9008  rc:0.7564  auc:0.9901 ap:0.9578 f1: 0.8223 pred_right: 44077 pred_wrong:2723 actu_right: 43557 actu_wrong: 3243
2026-09-10 13:50:26,410 P2854722 INFO pr:0.8876  rc:0.7383  auc:0.9874 ap:0.9524 f1: 0.8061 pred_right: 18097 pred_wrong:1103 actu_right: 17874 actu_wrong: 1326
2026-09-10 13:50:26,415 P2854722 INFO ----------------------------------------------------------------------------------------------------
2026-09-10 13:50:26,416 P2854722 INFO 78/300 starting... lr: 0.001 para:0.012658228166401386
2026-09-10 13:50:29,478 P2854722 INFO Epoch 78/300, all_loss:2.68215 cls_loss:2.67295 rec_loss:3.39962 [3.05s]; best loss:2.68215, patience : 0
2026-09-10 13:50:30,742 P2854722 INFO pr:0.8344  rc:0.7912  auc:0.9887 ap:0.9526 f1: 0.8122 pred_right: 43726 pred_wrong:3074 actu_right: 43558 actu_wrong: 3242
2026-09-10 13:50:31,150 P2854722 INFO pr:0.8186  rc:0.7760  auc:0.9852 ap:0.9464 f1: 0.7967 pred_right: 17943 pred_wrong:1257 actu_right: 17874 actu_wrong: 1326
2026-09-10 13:50:31,150 P2854722 INFO ----------------------------------------------------------------------------------------------------
2026-09-10 13:50:31,151 P2854722 INFO 79/300 starting... lr: 0.001 para:0.012500000186264515
2026-09-10 13:50:34,222 P2854722 INFO Epoch 79/300, all_loss:2.64238 cls_loss:2.63238 rec_loss:3.43306 [3.06s]; best loss:2.64238, patience : 0
2026-09-10 13:50:35,134 P2854722 INFO pr:0.8643  rc:0.7508  auc:0.9880 ap:0.9484 f1: 0.8036 pred_right: 43984 pred_wrong:2816 actu_right: 43558 actu_wrong: 3242
2026-09-10 13:50:35,544 P2854722 INFO pr:0.8325  rc:0.7308  auc:0.9856 ap:0.9397 f1: 0.7783 pred_right: 18036 pred_wrong:1164 actu_right: 17874 actu_wrong: 1326
2026-09-10 13:50:35,545 P2854722 INFO ----------------------------------------------------------------------------------------------------
2026-09-10 13:50:35,545 P2854722 INFO 80/300 starting... lr: 0.001 para:0.012345679104328156
2026-09-10 13:50:38,773 P2854722 INFO Epoch 80/300, all_loss:2.66999 cls_loss:2.66014 rec_loss:3.45796 [3.23s]; best loss:2.64238, patience : 1
2026-09-10 13:50:39,678 P2854722 INFO pr:0.9063  rc:0.7464  auc:0.9900 ap:0.9578 f1: 0.8186 pred_right: 44133 pred_wrong:2667 actu_right: 43562 actu_wrong: 3238
2026-09-10 13:50:40,056 P2854722 INFO pr:0.8963  rc:0.7300  auc:0.9867 ap:0.9510 f1: 0.8047 pred_right: 18120 pred_wrong:1080 actu_right: 17874 actu_wrong: 1326
2026-09-10 13:50:40,057 P2854722 INFO ----------------------------------------------------------------------------------------------------
2026-09-10 13:50:40,057 P2854722 INFO 81/300 starting... lr: 0.001 para:0.012195121496915817
2026-09-10 13:50:43,019 P2854722 INFO Epoch 81/300, all_loss:2.62440 cls_loss:2.61344 rec_loss:3.51239 [2.95s]; best loss:2.62440, patience : 0
2026-09-10 13:50:44,306 P2854722 INFO pr:0.8962  rc:0.7623  auc:0.9900 ap:0.9575 f1: 0.8238 pred_right: 44045 pred_wrong:2755 actu_right: 43561 actu_wrong: 3239
2026-09-10 13:50:44,754 P2854722 INFO pr:0.8810  rc:0.7594  auc:0.9876 ap:0.9502 f1: 0.8157 pred_right: 18057 pred_wrong:1143 actu_right: 17874 actu_wrong: 1326
2026-09-10 13:50:44,761 P2854722 INFO ----------------------------------------------------------------------------------------------------
2026-09-10 13:50:44,762 P2854722 INFO 82/300 starting... lr: 0.001 para:0.012048192322254181
2026-09-10 13:50:47,779 P2854722 INFO Epoch 82/300, all_loss:2.72636 cls_loss:2.71672 rec_loss:3.51721 [3.02s]; best loss:2.62440, patience : 1
2026-09-10 13:50:48,888 P2854722 INFO pr:0.9200  rc:0.7527  auc:0.9906 ap:0.9605 f1: 0.8280 pred_right: 44150 pred_wrong:2650 actu_right: 43561 actu_wrong: 3239
2026-09-10 13:50:49,346 P2854722 INFO pr:0.9008  rc:0.7330  auc:0.9885 ap:0.9539 f1: 0.8083 pred_right: 18121 pred_wrong:1079 actu_right: 17874 actu_wrong: 1326
2026-09-10 13:50:49,356 P2854722 INFO ----------------------------------------------------------------------------------------------------
2026-09-10 13:50:49,356 P2854722 INFO 83/300 starting... lr: 0.001 para:0.011904762126505375
2026-09-10 13:50:52,734 P2854722 INFO Epoch 83/300, all_loss:2.43262 cls_loss:2.41916 rec_loss:3.54990 [3.37s]; best loss:2.43262, patience : 0
2026-09-10 13:50:53,900 P2854722 INFO pr:0.9616  rc:0.6715  auc:0.9915 ap:0.9642 f1: 0.7908 pred_right: 44536 pred_wrong:2264 actu_right: 43558 actu_wrong: 3242
2026-09-10 13:50:54,351 P2854722 INFO pr:0.9518  rc:0.6546  auc:0.9893 ap:0.9575 f1: 0.7757 pred_right: 18288 pred_wrong:912 actu_right: 17874 actu_wrong: 1326
2026-09-10 13:50:54,351 P2854722 INFO ----------------------------------------------------------------------------------------------------
2026-09-10 13:50:54,352 P2854722 INFO 84/300 starting... lr: 0.001 para:0.0117647061124444
2026-09-10 13:50:57,409 P2854722 INFO Epoch 84/300, all_loss:2.51263 cls_loss:2.49968 rec_loss:3.60059 [3.06s]; best loss:2.43262, patience : 1
2026-09-10 13:50:58,595 P2854722 INFO pr:0.9510  rc:0.7131  auc:0.9912 ap:0.9638 f1: 0.8150 pred_right: 44372 pred_wrong:2428 actu_right: 43562 actu_wrong: 3238
2026-09-10 13:50:59,075 P2854722 INFO pr:0.9392  rc:0.6878  auc:0.9886 ap:0.9560 f1: 0.7941 pred_right: 18229 pred_wrong:971 actu_right: 17874 actu_wrong: 1326
2026-09-10 13:50:59,076 P2854722 INFO ----------------------------------------------------------------------------------------------------
2026-09-10 13:50:59,076 P2854722 INFO 85/300 starting... lr: 0.001 para:0.011627906933426857
2026-09-10 13:51:02,113 P2854722 INFO Epoch 85/300, all_loss:2.55469 cls_loss:2.54239 rec_loss:3.60045 [3.04s]; best loss:2.43262, patience : 2
2026-09-10 13:51:03,131 P2854722 INFO pr:0.9197  rc:0.7715  auc:0.9898 ap:0.9637 f1: 0.8391 pred_right: 44084 pred_wrong:2716 actu_right: 43562 actu_wrong: 3238
2026-09-10 13:51:03,550 P2854722 INFO pr:0.9021  rc:0.7572  auc:0.9875 ap:0.9582 f1: 0.8233 pred_right: 18087 pred_wrong:1113 actu_right: 17874 actu_wrong: 1326
2026-09-10 13:51:03,557 P2854722 INFO ----------------------------------------------------------------------------------------------------
2026-09-10 13:51:03,557 P2854722 INFO 86/300 starting... lr: 0.001 para:0.01149425283074379
2026-09-10 13:51:06,569 P2854722 INFO Epoch 86/300, all_loss:2.68207 cls_loss:2.67103 rec_loss:3.63148 [3.01s]; best loss:2.43262, patience : 3
2026-09-10 13:51:07,446 P2854722 INFO pr:0.9208  rc:0.7458  auc:0.9911 ap:0.9602 f1: 0.8241 pred_right: 44174 pred_wrong:2626 actu_right: 43558 actu_wrong: 3242
2026-09-10 13:51:07,795 P2854722 INFO pr:0.9019  rc:0.7345  auc:0.9886 ap:0.9537 f1: 0.8096 pred_right: 18120 pred_wrong:1080 actu_right: 17874 actu_wrong: 1326
2026-09-10 13:51:07,795 P2854722 INFO ----------------------------------------------------------------------------------------------------
2026-09-10 13:51:07,795 P2854722 INFO 87/300 starting... lr: 0.001 para:0.011363636702299118
2026-09-10 13:51:10,821 P2854722 INFO Epoch 87/300, all_loss:2.41725 cls_loss:2.40302 rec_loss:3.65581 [3.02s]; best loss:2.41725, patience : 0
2026-09-10 13:51:11,986 P2854722 INFO pr:0.8795  rc:0.8019  auc:0.9913 ap:0.9625 f1: 0.8389 pred_right: 43846 pred_wrong:2954 actu_right: 43560 actu_wrong: 3240
2026-09-10 13:51:12,488 P2854722 INFO pr:0.8561  rc:0.7851  auc:0.9879 ap:0.9556 f1: 0.8190 pred_right: 17984 pred_wrong:1216 actu_right: 17874 actu_wrong: 1326
2026-09-10 13:51:12,489 P2854722 INFO ----------------------------------------------------------------------------------------------------
2026-09-10 13:51:12,489 P2854722 INFO 88/300 starting... lr: 0.001 para:0.01123595517128706
2026-09-10 13:51:15,886 P2854722 INFO Epoch 88/300, all_loss:2.50457 cls_loss:2.49115 rec_loss:3.68490 [3.40s]; best loss:2.41725, patience : 1
2026-09-10 13:51:16,877 P2854722 INFO pr:0.8932  rc:0.8061  auc:0.9917 ap:0.9645 f1: 0.8474 pred_right: 43878 pred_wrong:2922 actu_right: 43562 actu_wrong: 3238
2026-09-10 13:51:17,398 P2854722 INFO pr:0.8832  rc:0.8039  auc:0.9879 ap:0.9577 f1: 0.8417 pred_right: 17993 pred_wrong:1207 actu_right: 17874 actu_wrong: 1326
2026-09-10 13:51:17,409 P2854722 INFO ----------------------------------------------------------------------------------------------------
2026-09-10 13:51:17,409 P2854722 INFO 89/300 starting... lr: 0.001 para:0.011111111380159855
2026-09-10 13:51:21,062 P2854722 INFO Epoch 89/300, all_loss:2.45163 cls_loss:2.43718 rec_loss:3.73789 [3.65s]; best loss:2.41725, patience : 1
2026-09-10 13:51:22,314 P2854722 INFO pr:0.9689  rc:0.6336  auc:0.9912 ap:0.9629 f1: 0.7662 pred_right: 44681 pred_wrong:2119 actu_right: 43560 actu_wrong: 3240
2026-09-10 13:51:22,707 P2854722 INFO pr:0.9601  rc:0.6169  auc:0.9879 ap:0.9561 f1: 0.7511 pred_right: 18348 pred_wrong:852 actu_right: 17874 actu_wrong: 1326
2026-09-10 13:51:22,707 P2854722 INFO ----------------------------------------------------------------------------------------------------
2026-09-10 13:51:22,708 P2854722 INFO 90/300 starting... lr: 0.001 para:0.010989011265337467
2026-09-10 13:51:25,881 P2854722 INFO Epoch 90/300, all_loss:2.45460 cls_loss:2.44025 rec_loss:3.74611 [3.17s]; best loss:2.41725, patience : 2
2026-09-10 13:51:26,884 P2854722 INFO pr:0.8802  rc:0.8571  auc:0.9924 ap:0.9675 f1: 0.8685 pred_right: 43644 pred_wrong:3156 actu_right: 43559 actu_wrong: 3241
2026-09-10 13:51:27,309 P2854722 INFO pr:0.8596  rc:0.8446  auc:0.9881 ap:0.9597 f1: 0.8520 pred_right: 17897 pred_wrong:1303 actu_right: 17874 actu_wrong: 1326
2026-09-10 13:51:27,317 P2854722 INFO ----------------------------------------------------------------------------------------------------
2026-09-10 13:51:27,318 P2854722 INFO 91/300 starting... lr: 0.001 para:0.010869565419852734
2026-09-10 13:51:30,288 P2854722 INFO Epoch 91/300, all_loss:2.40116 cls_loss:2.38588 rec_loss:3.79148 [2.96s]; best loss:2.40116, patience : 0
2026-09-10 13:51:31,272 P2854722 INFO pr:0.8935  rc:0.8361  auc:0.9918 ap:0.9663 f1: 0.8638 pred_right: 43768 pred_wrong:3032 actu_right: 43560 actu_wrong: 3240
2026-09-10 13:51:31,662 P2854722 INFO pr:0.8826  rc:0.8167  auc:0.9872 ap:0.9574 f1: 0.8484 pred_right: 17973 pred_wrong:1227 actu_right: 17874 actu_wrong: 1326
2026-09-10 13:51:31,663 P2854722 INFO ----------------------------------------------------------------------------------------------------
2026-09-10 13:51:31,663 P2854722 INFO 92/300 starting... lr: 0.001 para:0.01075268816202879
2026-09-10 13:51:34,905 P2854722 INFO Epoch 92/300, all_loss:2.55545 cls_loss:2.54115 rec_loss:3.87076 [3.24s]; best loss:2.40116, patience : 1
2026-09-10 13:51:36,069 P2854722 INFO pr:0.9422  rc:0.7600  auc:0.9914 ap:0.9662 f1: 0.8413 pred_right: 44186 pred_wrong:2614 actu_right: 43559 actu_wrong: 3241
2026-09-10 13:51:36,504 P2854722 INFO pr:0.9413  rc:0.7376  auc:0.9896 ap:0.9611 f1: 0.8271 pred_right: 18161 pred_wrong:1039 actu_right: 17874 actu_wrong: 1326
2026-09-10 13:51:36,505 P2854722 INFO ----------------------------------------------------------------------------------------------------
2026-09-10 13:51:36,505 P2854722 INFO 93/300 starting... lr: 0.001 para:0.010638297535479069
2026-09-10 13:51:39,427 P2854722 INFO Epoch 93/300, all_loss:2.32263 cls_loss:2.30597 rec_loss:3.87141 [2.92s]; best loss:2.32263, patience : 0
2026-09-10 13:51:40,312 P2854722 INFO pr:0.9472  rc:0.7313  auc:0.9921 ap:0.9675 f1: 0.8254 pred_right: 44300 pred_wrong:2500 actu_right: 43562 actu_wrong: 3238
2026-09-10 13:51:40,673 P2854722 INFO pr:0.9338  rc:0.7127  auc:0.9887 ap:0.9608 f1: 0.8084 pred_right: 18188 pred_wrong:1012 actu_right: 17874 actu_wrong: 1326
2026-09-10 13:51:40,674 P2854722 INFO ----------------------------------------------------------------------------------------------------
2026-09-10 13:51:40,674 P2854722 INFO 94/300 starting... lr: 0.001 para:0.010526316240429878
2026-09-10 13:51:43,687 P2854722 INFO Epoch 94/300, all_loss:2.27918 cls_loss:2.26165 rec_loss:3.92710 [3.01s]; best loss:2.27918, patience : 0
2026-09-10 13:51:44,740 P2854722 INFO pr:0.9146  rc:0.7962  auc:0.9912 ap:0.9657 f1: 0.8513 pred_right: 43977 pred_wrong:2823 actu_right: 43557 actu_wrong: 3243
2026-09-10 13:51:45,153 P2854722 INFO pr:0.9020  rc:0.7775  auc:0.9876 ap:0.9592 f1: 0.8352 pred_right: 18057 pred_wrong:1143 actu_right: 17874 actu_wrong: 1326
2026-09-10 13:51:45,153 P2854722 INFO ----------------------------------------------------------------------------------------------------
2026-09-10 13:51:45,154 P2854722 INFO 95/300 starting... lr: 0.001 para:0.010416666977107525
2026-09-10 13:51:49,567 P2854722 INFO Epoch 95/300, all_loss:2.23821 cls_loss:2.22001 rec_loss:3.96672 [4.41s]; best loss:2.23821, patience : 0
2026-09-10 13:51:50,295 P2854722 INFO pr:0.8785  rc:0.8584  auc:0.9924 ap:0.9680 f1: 0.8683 pred_right: 43632 pred_wrong:3168 actu_right: 43558 actu_wrong: 3242
2026-09-10 13:51:50,628 P2854722 INFO pr:0.8671  rc:0.8416  auc:0.9905 ap:0.9636 f1: 0.8542 pred_right: 17913 pred_wrong:1287 actu_right: 17874 actu_wrong: 1326
2026-09-10 13:51:50,628 P2854722 INFO ----------------------------------------------------------------------------------------------------
2026-09-10 13:51:50,629 P2854722 INFO 96/300 starting... lr: 0.001 para:0.010309278033673763
2026-09-10 13:51:53,061 P2854722 INFO Epoch 96/300, all_loss:2.12725 cls_loss:2.10755 rec_loss:4.01852 [2.43s]; best loss:2.12725, patience : 0
2026-09-10 13:51:53,920 P2854722 INFO pr:0.8869  rc:0.8448  auc:0.9919 ap:0.9666 f1: 0.8654 pred_right: 43713 pred_wrong:3087 actu_right: 43559 actu_wrong: 3241
2026-09-10 13:51:54,281 P2854722 INFO pr:0.8753  rc:0.8258  auc:0.9881 ap:0.9606 f1: 0.8498 pred_right: 17949 pred_wrong:1251 actu_right: 17874 actu_wrong: 1326
2026-09-10 13:51:54,281 P2854722 INFO ----------------------------------------------------------------------------------------------------
2026-09-10 13:51:54,281 P2854722 INFO 97/300 starting... lr: 0.001 para:0.010204081423580647
2026-09-10 13:51:56,977 P2854722 INFO Epoch 97/300, all_loss:2.30770 cls_loss:2.28928 rec_loss:4.09465 [2.69s]; best loss:2.12725, patience : 1
2026-09-10 13:51:57,762 P2854722 INFO pr:0.9353  rc:0.8213  auc:0.9930 ap:0.9721 f1: 0.8746 pred_right: 43955 pred_wrong:2845 actu_right: 43560 actu_wrong: 3240
2026-09-10 13:51:58,094 P2854722 INFO pr:0.9202  rc:0.8002  auc:0.9898 ap:0.9653 f1: 0.8560 pred_right: 18047 pred_wrong:1153 actu_right: 17874 actu_wrong: 1326
2026-09-10 13:51:58,101 P2854722 INFO ----------------------------------------------------------------------------------------------------
2026-09-10 13:51:58,101 P2854722 INFO 98/300 starting... lr: 0.001 para:0.010101010091602802
2026-09-10 13:52:00,949 P2854722 INFO Epoch 98/300, all_loss:2.04977 cls_loss:2.02870 rec_loss:4.11437 [2.84s]; best loss:2.04977, patience : 0
2026-09-10 13:52:01,801 P2854722 INFO pr:0.9216  rc:0.7981  auc:0.9917 ap:0.9663 f1: 0.8554 pred_right: 43995 pred_wrong:2805 actu_right: 43561 actu_wrong: 3239
2026-09-10 13:52:02,165 P2854722 INFO pr:0.8955  rc:0.7753  auc:0.9875 ap:0.9565 f1: 0.8310 pred_right: 18052 pred_wrong:1148 actu_right: 17874 actu_wrong: 1326
2026-09-10 13:52:02,165 P2854722 INFO ----------------------------------------------------------------------------------------------------
2026-09-10 13:52:02,166 P2854722 INFO 99/300 starting... lr: 0.001 para:0.01
2026-09-10 13:52:04,737 P2854722 INFO Epoch 99/300, all_loss:2.12905 cls_loss:2.10789 rec_loss:4.22340 [2.57s]; best loss:2.04977, patience : 1
2026-09-10 13:52:06,273 P2854722 INFO pr:0.9448  rc:0.7824  auc:0.9931 ap:0.9733 f1: 0.8560 pred_right: 44117 pred_wrong:2683 actu_right: 43560 actu_wrong: 3240
2026-09-10 13:52:08,218 P2854722 INFO pr:0.9311  rc:0.7647  auc:0.9898 ap:0.9665 f1: 0.8398 pred_right: 18111 pred_wrong:1089 actu_right: 17874 actu_wrong: 1326
2026-09-10 13:52:08,220 P2854722 INFO ----------------------------------------------------------------------------------------------------
2026-09-10 13:52:08,221 P2854722 INFO 100/300 starting... lr: 0.0009000000000000001 para:0.01
2026-09-10 13:52:15,946 P2854722 INFO Epoch 100/300, all_loss:1.95957 cls_loss:1.93631 rec_loss:4.26258 [7.71s]; best loss:1.95957, patience : 0
2026-09-10 13:52:20,229 P2854722 INFO pr:0.9188  rc:0.8725  auc:0.9930 ap:0.9731 f1: 0.8950 pred_right: 43723 pred_wrong:3077 actu_right: 43560 actu_wrong: 3240
2026-09-10 13:52:21,974 P2854722 INFO pr:0.9112  rc:0.8514  auc:0.9894 ap:0.9667 f1: 0.8803 pred_right: 17961 pred_wrong:1239 actu_right: 17874 actu_wrong: 1326
2026-09-10 13:52:21,988 P2854722 INFO ----------------------------------------------------------------------------------------------------
2026-09-10 13:52:21,990 P2854722 INFO 101/300 starting... lr: 0.0009000000000000001 para:0.01
2026-09-10 13:52:26,822 P2854722 INFO Epoch 101/300, all_loss:2.08195 cls_loss:2.05938 rec_loss:4.31630 [4.83s]; best loss:1.95957, patience : 1
2026-09-10 13:52:27,946 P2854722 INFO pr:0.9153  rc:0.8599  auc:0.9927 ap:0.9718 f1: 0.8867 pred_right: 43755 pred_wrong:3045 actu_right: 43559 actu_wrong: 3241
2026-09-10 13:52:28,295 P2854722 INFO pr:0.9029  rc:0.8416  auc:0.9897 ap:0.9669 f1: 0.8712 pred_right: 17964 pred_wrong:1236 actu_right: 17874 actu_wrong: 1326
2026-09-10 13:52:28,296 P2854722 INFO ----------------------------------------------------------------------------------------------------
2026-09-10 13:52:28,296 P2854722 INFO 102/300 starting... lr: 0.0009000000000000001 para:0.01
2026-09-10 13:52:31,640 P2854722 INFO Epoch 102/300, all_loss:2.04891 cls_loss:2.02522 rec_loss:4.39397 [3.34s]; best loss:1.95957, patience : 1
2026-09-10 13:52:32,456 P2854722 INFO pr:0.8229  rc:0.8864  auc:0.9919 ap:0.9693 f1: 0.8535 pred_right: 43310 pred_wrong:3490 actu_right: 43560 actu_wrong: 3240
2026-09-10 13:52:32,808 P2854722 INFO pr:0.8229  rc:0.8688  auc:0.9892 ap:0.9651 f1: 0.8452 pred_right: 17800 pred_wrong:1400 actu_right: 17874 actu_wrong: 1326
2026-09-10 13:52:32,809 P2854722 INFO ----------------------------------------------------------------------------------------------------
2026-09-10 13:52:32,809 P2854722 INFO 103/300 starting... lr: 0.0009000000000000001 para:0.01
2026-09-10 13:52:35,787 P2854722 INFO Epoch 103/300, all_loss:2.13470 cls_loss:2.11208 rec_loss:4.37376 [2.98s]; best loss:1.95957, patience : 2
2026-09-10 13:52:37,026 P2854722 INFO pr:0.9023  rc:0.8502  auc:0.9927 ap:0.9706 f1: 0.8755 pred_right: 43749 pred_wrong:3051 actu_right: 43562 actu_wrong: 3238
2026-09-10 13:52:37,492 P2854722 INFO pr:0.8953  rc:0.8318  auc:0.9908 ap:0.9673 f1: 0.8624 pred_right: 17968 pred_wrong:1232 actu_right: 17874 actu_wrong: 1326
2026-09-10 13:52:37,493 P2854722 INFO ----------------------------------------------------------------------------------------------------
2026-09-10 13:52:37,493 P2854722 INFO 104/300 starting... lr: 0.0009000000000000001 para:0.01
2026-09-10 13:52:40,520 P2854722 INFO Epoch 104/300, all_loss:1.93138 cls_loss:1.90628 rec_loss:4.41639 [3.02s]; best loss:1.93138, patience : 0
2026-09-10 13:52:41,499 P2854722 INFO pr:0.8859  rc:0.8586  auc:0.9932 ap:0.9717 f1: 0.8720 pred_right: 43662 pred_wrong:3138 actu_right: 43562 actu_wrong: 3238
2026-09-10 13:52:41,925 P2854722 INFO pr:0.8772  rc:0.8462  auc:0.9899 ap:0.9666 f1: 0.8614 pred_right: 17921 pred_wrong:1279 actu_right: 17874 actu_wrong: 1326
2026-09-10 13:52:41,926 P2854722 INFO ----------------------------------------------------------------------------------------------------
2026-09-10 13:52:41,926 P2854722 INFO 105/300 starting... lr: 0.0009000000000000001 para:0.01
2026-09-10 13:52:44,908 P2854722 INFO Epoch 105/300, all_loss:2.04795 cls_loss:2.02386 rec_loss:4.43209 [2.98s]; best loss:1.93138, patience : 1
2026-09-10 13:52:45,814 P2854722 INFO pr:0.9022  rc:0.8916  auc:0.9942 ap:0.9763 f1: 0.8969 pred_right: 43599 pred_wrong:3201 actu_right: 43561 actu_wrong: 3239
2026-09-10 13:52:46,163 P2854722 INFO pr:0.8875  rc:0.8801  auc:0.9926 ap:0.9717 f1: 0.8838 pred_right: 17885 pred_wrong:1315 actu_right: 17874 actu_wrong: 1326
2026-09-10 13:52:46,170 P2854722 INFO ----------------------------------------------------------------------------------------------------
2026-09-10 13:52:46,170 P2854722 INFO 106/300 starting... lr: 0.0009000000000000001 para:0.01
2026-09-10 13:52:49,146 P2854722 INFO Epoch 106/300, all_loss:1.85749 cls_loss:1.83088 rec_loss:4.49251 [2.97s]; best loss:1.85749, patience : 0
2026-09-10 13:52:50,076 P2854722 INFO pr:0.9452  rc:0.8416  auc:0.9938 ap:0.9762 f1: 0.8904 pred_right: 43916 pred_wrong:2884 actu_right: 43561 actu_wrong: 3239
2026-09-10 13:52:50,489 P2854722 INFO pr:0.9413  rc:0.8220  auc:0.9908 ap:0.9718 f1: 0.8776 pred_right: 18042 pred_wrong:1158 actu_right: 17874 actu_wrong: 1326
2026-09-10 13:52:50,490 P2854722 INFO ----------------------------------------------------------------------------------------------------
2026-09-10 13:52:50,490 P2854722 INFO 107/300 starting... lr: 0.0009000000000000001 para:0.01
2026-09-10 13:52:53,429 P2854722 INFO Epoch 107/300, all_loss:1.87248 cls_loss:1.84576 rec_loss:4.51799 [2.94s]; best loss:1.85749, patience : 1
2026-09-10 13:52:54,495 P2854722 INFO pr:0.9495  rc:0.8128  auc:0.9938 ap:0.9773 f1: 0.8759 pred_right: 44025 pred_wrong:2775 actu_right: 43558 actu_wrong: 3242
2026-09-10 13:52:54,859 P2854722 INFO pr:0.9444  rc:0.7949  auc:0.9905 ap:0.9725 f1: 0.8632 pred_right: 18084 pred_wrong:1116 actu_right: 17874 actu_wrong: 1326
2026-09-10 13:52:54,859 P2854722 INFO ----------------------------------------------------------------------------------------------------
2026-09-10 13:52:54,860 P2854722 INFO 108/300 starting... lr: 0.0009000000000000001 para:0.01
2026-09-10 13:52:57,740 P2854722 INFO Epoch 108/300, all_loss:1.74785 cls_loss:1.71928 rec_loss:4.57629 [2.87s]; best loss:1.74785, patience : 0
2026-09-10 13:52:58,690 P2854722 INFO pr:0.9043  rc:0.8611  auc:0.9939 ap:0.9769 f1: 0.8822 pred_right: 43716 pred_wrong:3084 actu_right: 43561 actu_wrong: 3239
2026-09-10 13:52:59,039 P2854722 INFO pr:0.8893  rc:0.8424  auc:0.9901 ap:0.9706 f1: 0.8652 pred_right: 17944 pred_wrong:1256 actu_right: 17874 actu_wrong: 1326
2026-09-10 13:52:59,040 P2854722 INFO ----------------------------------------------------------------------------------------------------
2026-09-10 13:52:59,040 P2854722 INFO 109/300 starting... lr: 0.0009000000000000001 para:0.01
2026-09-10 13:53:02,055 P2854722 INFO Epoch 109/300, all_loss:1.73754 cls_loss:1.70830 rec_loss:4.63202 [3.01s]; best loss:1.73754, patience : 0
2026-09-10 13:53:03,304 P2854722 INFO pr:0.9495  rc:0.8642  auc:0.9943 ap:0.9785 f1: 0.9048 pred_right: 43851 pred_wrong:2949 actu_right: 43560 actu_wrong: 3240
2026-09-10 13:53:03,762 P2854722 INFO pr:0.9440  rc:0.8514  auc:0.9906 ap:0.9739 f1: 0.8953 pred_right: 18004 pred_wrong:1196 actu_right: 17874 actu_wrong: 1326
2026-09-10 13:53:03,771 P2854722 INFO ----------------------------------------------------------------------------------------------------
2026-09-10 13:53:03,771 P2854722 INFO 110/300 starting... lr: 0.0009000000000000001 para:0.01
2026-09-10 13:53:06,889 P2854722 INFO Epoch 110/300, all_loss:1.80487 cls_loss:1.77599 rec_loss:4.66412 [3.12s]; best loss:1.73754, patience : 1
2026-09-10 13:53:07,850 P2854722 INFO pr:0.9022  rc:0.8619  auc:0.9939 ap:0.9741 f1: 0.8816 pred_right: 43702 pred_wrong:3098 actu_right: 43557 actu_wrong: 3243
2026-09-10 13:53:08,240 P2854722 INFO pr:0.8784  rc:0.8386  auc:0.9914 ap:0.9695 f1: 0.8580 pred_right: 17934 pred_wrong:1266 actu_right: 17874 actu_wrong: 1326
2026-09-10 13:53:08,241 P2854722 INFO ----------------------------------------------------------------------------------------------------
2026-09-10 13:53:08,241 P2854722 INFO 111/300 starting... lr: 0.0009000000000000001 para:0.01
2026-09-10 13:53:11,132 P2854722 INFO Epoch 111/300, all_loss:1.65694 cls_loss:1.62602 rec_loss:4.71834 [2.88s]; best loss:1.65694, patience : 0
2026-09-10 13:53:12,063 P2854722 INFO pr:0.9176  rc:0.9074  auc:0.9943 ap:0.9804 f1: 0.9124 pred_right: 43597 pred_wrong:3203 actu_right: 43561 actu_wrong: 3239
2026-09-10 13:53:12,456 P2854722 INFO pr:0.9111  rc:0.8891  auc:0.9901 ap:0.9758 f1: 0.9000 pred_right: 17906 pred_wrong:1294 actu_right: 17874 actu_wrong: 1326
2026-09-10 13:53:12,462 P2854722 INFO ----------------------------------------------------------------------------------------------------
2026-09-10 13:53:12,462 P2854722 INFO 112/300 starting... lr: 0.0009000000000000001 para:0.01
2026-09-10 13:53:15,328 P2854722 INFO Epoch 112/300, all_loss:1.60835 cls_loss:1.57636 rec_loss:4.77520 [2.86s]; best loss:1.60835, patience : 0
2026-09-10 13:53:16,435 P2854722 INFO pr:0.9394  rc:0.9052  auc:0.9950 ap:0.9817 f1: 0.9220 pred_right: 43680 pred_wrong:3120 actu_right: 43562 actu_wrong: 3238
2026-09-10 13:53:16,885 P2854722 INFO pr:0.9325  rc:0.8854  auc:0.9912 ap:0.9772 f1: 0.9083 pred_right: 17941 pred_wrong:1259 actu_right: 17874 actu_wrong: 1326
2026-09-10 13:53:16,893 P2854722 INFO ----------------------------------------------------------------------------------------------------
2026-09-10 13:53:16,893 P2854722 INFO 113/300 starting... lr: 0.0009000000000000001 para:0.01
2026-09-10 13:53:20,009 P2854722 INFO Epoch 113/300, all_loss:1.51358 cls_loss:1.47974 rec_loss:4.86377 [3.11s]; best loss:1.51358, patience : 0
2026-09-10 13:53:21,111 P2854722 INFO pr:0.9541  rc:0.8716  auc:0.9951 ap:0.9826 f1: 0.9110 pred_right: 43840 pred_wrong:2960 actu_right: 43560 actu_wrong: 3240
2026-09-10 13:53:21,487 P2854722 INFO pr:0.9489  rc:0.8537  auc:0.9914 ap:0.9784 f1: 0.8988 pred_right: 18007 pred_wrong:1193 actu_right: 17874 actu_wrong: 1326
2026-09-10 13:53:21,488 P2854722 INFO ----------------------------------------------------------------------------------------------------
2026-09-10 13:53:21,488 P2854722 INFO 114/300 starting... lr: 0.0009000000000000001 para:0.01
2026-09-10 13:53:24,550 P2854722 INFO Epoch 114/300, all_loss:1.58687 cls_loss:1.55367 rec_loss:4.87337 [3.06s]; best loss:1.51358, patience : 1
2026-09-10 13:53:25,372 P2854722 INFO pr:0.9292  rc:0.8693  auc:0.9951 ap:0.9808 f1: 0.8982 pred_right: 43765 pred_wrong:3035 actu_right: 43556 actu_wrong: 3244
2026-09-10 13:53:25,756 P2854722 INFO pr:0.9119  rc:0.8582  auc:0.9917 ap:0.9757 f1: 0.8842 pred_right: 17952 pred_wrong:1248 actu_right: 17874 actu_wrong: 1326
2026-09-10 13:53:25,757 P2854722 INFO ----------------------------------------------------------------------------------------------------
2026-09-10 13:53:25,757 P2854722 INFO 115/300 starting... lr: 0.0009000000000000001 para:0.01
2026-09-10 13:53:28,937 P2854722 INFO Epoch 115/300, all_loss:1.57169 cls_loss:1.53752 rec_loss:4.95449 [3.18s]; best loss:1.51358, patience : 1
2026-09-10 13:53:29,776 P2854722 INFO pr:0.9387  rc:0.8973  auc:0.9954 ap:0.9832 f1: 0.9175 pred_right: 43702 pred_wrong:3098 actu_right: 43559 actu_wrong: 3241
2026-09-10 13:53:30,154 P2854722 INFO pr:0.9243  rc:0.8846  auc:0.9928 ap:0.9788 f1: 0.9040 pred_right: 17931 pred_wrong:1269 actu_right: 17874 actu_wrong: 1326
2026-09-10 13:53:30,155 P2854722 INFO ----------------------------------------------------------------------------------------------------
2026-09-10 13:53:30,162 P2854722 INFO 116/300 starting... lr: 0.0009000000000000001 para:0.01
2026-09-10 13:53:33,092 P2854722 INFO Epoch 116/300, all_loss:1.45294 cls_loss:1.41704 rec_loss:5.00647 [2.92s]; best loss:1.45294, patience : 0
2026-09-10 13:53:33,996 P2854722 INFO pr:0.9404  rc:0.9102  auc:0.9954 ap:0.9834 f1: 0.9250 pred_right: 43665 pred_wrong:3135 actu_right: 43561 actu_wrong: 3239
2026-09-10 13:53:34,394 P2854722 INFO pr:0.9335  rc:0.8997  auc:0.9919 ap:0.9805 f1: 0.9163 pred_right: 17922 pred_wrong:1278 actu_right: 17874 actu_wrong: 1326
2026-09-10 13:53:34,401 P2854722 INFO ----------------------------------------------------------------------------------------------------
2026-09-10 13:53:34,401 P2854722 INFO 117/300 starting... lr: 0.0009000000000000001 para:0.01
2026-09-10 13:53:37,454 P2854722 INFO Epoch 117/300, all_loss:1.45772 cls_loss:1.42142 rec_loss:5.05164 [3.05s]; best loss:1.45294, patience : 1
2026-09-10 13:53:38,503 P2854722 INFO pr:0.9486  rc:0.9120  auc:0.9953 ap:0.9839 f1: 0.9300 pred_right: 43685 pred_wrong:3115 actu_right: 43560 actu_wrong: 3240
2026-09-10 13:53:38,959 P2854722 INFO pr:0.9402  rc:0.8899  auc:0.9916 ap:0.9795 f1: 0.9144 pred_right: 17945 pred_wrong:1255 actu_right: 17874 actu_wrong: 1326
2026-09-10 13:53:38,968 P2854722 INFO ----------------------------------------------------------------------------------------------------
2026-09-10 13:53:38,968 P2854722 INFO 118/300 starting... lr: 0.0009000000000000001 para:0.01
2026-09-10 13:53:42,282 P2854722 INFO Epoch 118/300, all_loss:1.34265 cls_loss:1.30433 rec_loss:5.13673 [3.31s]; best loss:1.34265, patience : 0
2026-09-10 13:53:43,246 P2854722 INFO pr:0.9343  rc:0.9265  auc:0.9951 ap:0.9843 f1: 0.9304 pred_right: 43588 pred_wrong:3212 actu_right: 43561 actu_wrong: 3239
2026-09-10 13:53:43,645 P2854722 INFO pr:0.9238  rc:0.9057  auc:0.9923 ap:0.9799 f1: 0.9147 pred_right: 17900 pred_wrong:1300 actu_right: 17874 actu_wrong: 1326
2026-09-10 13:53:43,652 P2854722 INFO ----------------------------------------------------------------------------------------------------
2026-09-10 13:53:43,653 P2854722 INFO 119/300 starting... lr: 0.0009000000000000001 para:0.01
2026-09-10 13:53:46,815 P2854722 INFO Epoch 119/300, all_loss:1.38337 cls_loss:1.34478 rec_loss:5.20402 [3.16s]; best loss:1.34265, patience : 1
2026-09-10 13:53:47,958 P2854722 INFO pr:0.9552  rc:0.9027  auc:0.9958 ap:0.9849 f1: 0.9283 pred_right: 43739 pred_wrong:3061 actu_right: 43561 actu_wrong: 3239
2026-09-10 13:53:48,389 P2854722 INFO pr:0.9536  rc:0.8831  auc:0.9924 ap:0.9820 f1: 0.9170 pred_right: 17972 pred_wrong:1228 actu_right: 17874 actu_wrong: 1326
2026-09-10 13:53:48,390 P2854722 INFO ----------------------------------------------------------------------------------------------------
2026-09-10 13:53:48,390 P2854722 INFO 120/300 starting... lr: 0.0009000000000000001 para:0.01
2026-09-10 13:53:51,554 P2854722 INFO Epoch 120/300, all_loss:1.26893 cls_loss:1.22899 rec_loss:5.22264 [3.15s]; best loss:1.26893, patience : 0
2026-09-10 13:53:52,671 P2854722 INFO pr:0.9647  rc:0.8864  auc:0.9957 ap:0.9861 f1: 0.9239 pred_right: 43823 pred_wrong:2977 actu_right: 43560 actu_wrong: 3240
2026-09-10 13:53:53,139 P2854722 INFO pr:0.9603  rc:0.8748  auc:0.9925 ap:0.9817 f1: 0.9155 pred_right: 17992 pred_wrong:1208 actu_right: 17874 actu_wrong: 1326
2026-09-10 13:53:53,141 P2854722 INFO ----------------------------------------------------------------------------------------------------
2026-09-10 13:53:53,141 P2854722 INFO 121/300 starting... lr: 0.0009000000000000001 para:0.01
2026-09-10 13:53:56,262 P2854722 INFO Epoch 121/300, all_loss:1.22562 cls_loss:1.18494 rec_loss:5.25269 [3.11s]; best loss:1.22562, patience : 0
2026-09-10 13:53:57,182 P2854722 INFO pr:0.9467  rc:0.9423  auc:0.9961 ap:0.9878 f1: 0.9445 pred_right: 43576 pred_wrong:3224 actu_right: 43561 actu_wrong: 3239
2026-09-10 13:53:57,581 P2854722 INFO pr:0.9311  rc:0.9276  auc:0.9927 ap:0.9831 f1: 0.9294 pred_right: 17879 pred_wrong:1321 actu_right: 17874 actu_wrong: 1326
2026-09-10 13:53:57,587 P2854722 INFO ----------------------------------------------------------------------------------------------------
2026-09-10 13:53:57,588 P2854722 INFO 122/300 starting... lr: 0.0009000000000000001 para:0.01
2026-09-10 13:54:00,665 P2854722 INFO Epoch 122/300, all_loss:1.29542 cls_loss:1.25471 rec_loss:5.32566 [3.08s]; best loss:1.22562, patience : 1
2026-09-10 13:54:01,660 P2854722 INFO pr:0.9223  rc:0.9448  auc:0.9959 ap:0.9863 f1: 0.9334 pred_right: 43480 pred_wrong:3320 actu_right: 43559 actu_wrong: 3241
2026-09-10 13:54:02,134 P2854722 INFO pr:0.9036  rc:0.9329  auc:0.9925 ap:0.9803 f1: 0.9180 pred_right: 17831 pred_wrong:1369 actu_right: 17874 actu_wrong: 1326
2026-09-10 13:54:02,135 P2854722 INFO ----------------------------------------------------------------------------------------------------
2026-09-10 13:54:02,135 P2854722 INFO 123/300 starting... lr: 0.0009000000000000001 para:0.01
2026-09-10 13:54:05,112 P2854722 INFO Epoch 123/300, all_loss:1.22575 cls_loss:1.18349 rec_loss:5.40940 [2.98s]; best loss:1.22562, patience : 1
2026-09-10 13:54:06,120 P2854722 INFO pr:0.9646  rc:0.8822  auc:0.9957 ap:0.9856 f1: 0.9215 pred_right: 43835 pred_wrong:2965 actu_right: 43558 actu_wrong: 3242
2026-09-10 13:54:06,492 P2854722 INFO pr:0.9610  rc:0.8725  auc:0.9923 ap:0.9798 f1: 0.9146 pred_right: 17996 pred_wrong:1204 actu_right: 17874 actu_wrong: 1326
2026-09-10 13:54:06,492 P2854722 INFO ----------------------------------------------------------------------------------------------------
2026-09-10 13:54:06,493 P2854722 INFO 124/300 starting... lr: 0.0009000000000000001 para:0.01
2026-09-10 13:54:09,528 P2854722 INFO Epoch 124/300, all_loss:1.33200 cls_loss:1.29019 rec_loss:5.47134 [3.03s]; best loss:1.22562, patience : 2
2026-09-10 13:54:10,715 P2854722 INFO pr:0.9743  rc:0.8291  auc:0.9958 ap:0.9841 f1: 0.8958 pred_right: 44042 pred_wrong:2758 actu_right: 43559 actu_wrong: 3241
2026-09-10 13:54:11,175 P2854722 INFO pr:0.9695  rc:0.8145  auc:0.9919 ap:0.9783 f1: 0.8852 pred_right: 18086 pred_wrong:1114 actu_right: 17874 actu_wrong: 1326
2026-09-10 13:54:11,176 P2854722 INFO ----------------------------------------------------------------------------------------------------
2026-09-10 13:54:11,176 P2854722 INFO 125/300 starting... lr: 0.0009000000000000001 para:0.01
2026-09-10 13:54:14,300 P2854722 INFO Epoch 125/300, all_loss:1.20897 cls_loss:1.16621 rec_loss:5.44279 [3.12s]; best loss:1.20897, patience : 0
2026-09-10 13:54:15,531 P2854722 INFO pr:0.9336  rc:0.9414  auc:0.9963 ap:0.9867 f1: 0.9375 pred_right: 43533 pred_wrong:3267 actu_right: 43560 actu_wrong: 3240
2026-09-10 13:54:15,967 P2854722 INFO pr:0.9230  rc:0.9306  auc:0.9947 ap:0.9828 f1: 0.9268 pred_right: 17863 pred_wrong:1337 actu_right: 17874 actu_wrong: 1326
2026-09-10 13:54:15,968 P2854722 INFO ----------------------------------------------------------------------------------------------------
2026-09-10 13:54:15,968 P2854722 INFO 126/300 starting... lr: 0.0009000000000000001 para:0.01
2026-09-10 13:54:18,851 P2854722 INFO Epoch 126/300, all_loss:1.24151 cls_loss:1.19791 rec_loss:5.55789 [2.88s]; best loss:1.20897, patience : 1
2026-09-10 13:54:19,766 P2854722 INFO pr:0.9392  rc:0.9429  auc:0.9962 ap:0.9873 f1: 0.9410 pred_right: 43545 pred_wrong:3255 actu_right: 43558 actu_wrong: 3242
2026-09-10 13:54:20,255 P2854722 INFO pr:0.9284  rc:0.9193  auc:0.9923 ap:0.9813 f1: 0.9238 pred_right: 17887 pred_wrong:1313 actu_right: 17874 actu_wrong: 1326
2026-09-10 13:54:20,255 P2854722 INFO ----------------------------------------------------------------------------------------------------
2026-09-10 13:54:20,256 P2854722 INFO 127/300 starting... lr: 0.0009000000000000001 para:0.01
2026-09-10 13:54:24,314 P2854722 INFO Epoch 127/300, all_loss:1.16453 cls_loss:1.11964 rec_loss:5.60848 [4.05s]; best loss:1.16453, patience : 0
2026-09-10 13:54:25,079 P2854722 INFO pr:0.9527  rc:0.9265  auc:0.9960 ap:0.9875 f1: 0.9394 pred_right: 43649 pred_wrong:3151 actu_right: 43560 actu_wrong: 3240
2026-09-10 13:54:25,398 P2854722 INFO pr:0.9434  rc:0.9057  auc:0.9925 ap:0.9825 f1: 0.9242 pred_right: 17927 pred_wrong:1273 actu_right: 17874 actu_wrong: 1326
2026-09-10 13:54:25,399 P2854722 INFO ----------------------------------------------------------------------------------------------------
2026-09-10 13:54:25,399 P2854722 INFO 128/300 starting... lr: 0.0009000000000000001 para:0.01
2026-09-10 13:54:27,862 P2854722 INFO Epoch 128/300, all_loss:1.17239 cls_loss:1.12773 rec_loss:5.59341 [2.46s]; best loss:1.16453, patience : 1
2026-09-10 13:54:28,634 P2854722 INFO pr:0.9445  rc:0.9457  auc:0.9964 ap:0.9888 f1: 0.9451 pred_right: 43557 pred_wrong:3243 actu_right: 43561 actu_wrong: 3239
2026-09-10 13:54:28,972 P2854722 INFO pr:0.9326  rc:0.9284  auc:0.9940 ap:0.9839 f1: 0.9305 pred_right: 17880 pred_wrong:1320 actu_right: 17874 actu_wrong: 1326
2026-09-10 13:54:28,979 P2854722 INFO ----------------------------------------------------------------------------------------------------
2026-09-10 13:54:28,979 P2854722 INFO 129/300 starting... lr: 0.0009000000000000001 para:0.01
2026-09-10 13:54:31,629 P2854722 INFO Epoch 129/300, all_loss:1.06753 cls_loss:1.02114 rec_loss:5.65991 [2.64s]; best loss:1.06753, patience : 0
2026-09-10 13:54:32,600 P2854722 INFO pr:0.9285  rc:0.9506  auc:0.9962 ap:0.9875 f1: 0.9394 pred_right: 43486 pred_wrong:3314 actu_right: 43563 actu_wrong: 3237
2026-09-10 13:54:33,004 P2854722 INFO pr:0.9096  rc:0.9253  auc:0.9945 ap:0.9822 f1: 0.9174 pred_right: 17851 pred_wrong:1349 actu_right: 17874 actu_wrong: 1326
2026-09-10 13:54:33,004 P2854722 INFO ----------------------------------------------------------------------------------------------------
2026-09-10 13:54:33,004 P2854722 INFO 130/300 starting... lr: 0.0009000000000000001 para:0.01
2026-09-10 13:54:35,761 P2854722 INFO Epoch 130/300, all_loss:1.26715 cls_loss:1.22196 rec_loss:5.74134 [2.76s]; best loss:1.06753, patience : 1
2026-09-10 13:54:36,692 P2854722 INFO pr:0.9550  rc:0.8909  auc:0.9959 ap:0.9867 f1: 0.9218 pred_right: 43780 pred_wrong:3020 actu_right: 43563 actu_wrong: 3237
2026-09-10 13:54:37,056 P2854722 INFO pr:0.9466  rc:0.8695  auc:0.9929 ap:0.9821 f1: 0.9064 pred_right: 17982 pred_wrong:1218 actu_right: 17874 actu_wrong: 1326
2026-09-10 13:54:37,057 P2854722 INFO ----------------------------------------------------------------------------------------------------
2026-09-10 13:54:37,057 P2854722 INFO 131/300 starting... lr: 0.0009000000000000001 para:0.01
2026-09-10 13:54:39,607 P2854722 INFO Epoch 131/300, all_loss:1.14454 cls_loss:1.09813 rec_loss:5.73884 [2.55s]; best loss:1.06753, patience : 1
2026-09-10 13:54:40,820 P2854722 INFO pr:0.9681  rc:0.9096  auc:0.9963 ap:0.9881 f1: 0.9379 pred_right: 43756 pred_wrong:3044 actu_right: 43560 actu_wrong: 3240
2026-09-10 13:54:42,321 P2854722 INFO pr:0.9658  rc:0.8937  auc:0.9925 ap:0.9827 f1: 0.9283 pred_right: 17973 pred_wrong:1227 actu_right: 17874 actu_wrong: 1326
2026-09-10 13:54:42,323 P2854722 INFO ----------------------------------------------------------------------------------------------------
2026-09-10 13:54:42,323 P2854722 INFO 132/300 starting... lr: 0.0009000000000000001 para:0.01
2026-09-10 13:54:50,234 P2854722 INFO Epoch 132/300, all_loss:1.04046 cls_loss:0.99300 rec_loss:5.73955 [7.90s]; best loss:1.04046, patience : 0
2026-09-10 13:54:55,175 P2854722 INFO pr:0.9685  rc:0.9305  auc:0.9965 ap:0.9894 f1: 0.9491 pred_right: 43688 pred_wrong:3112 actu_right: 43561 actu_wrong: 3239
2026-09-10 13:54:56,980 P2854722 INFO pr:0.9613  rc:0.9178  auc:0.9925 ap:0.9844 f1: 0.9390 pred_right: 17934 pred_wrong:1266 actu_right: 17874 actu_wrong: 1326
2026-09-10 13:54:56,990 P2854722 INFO ----------------------------------------------------------------------------------------------------
2026-09-10 13:54:56,992 P2854722 INFO 133/300 starting... lr: 0.0009000000000000001 para:0.01
2026-09-10 13:55:01,249 P2854722 INFO Epoch 133/300, all_loss:1.08379 cls_loss:1.03545 rec_loss:5.86859 [4.26s]; best loss:1.04046, patience : 1
2026-09-10 13:55:02,239 P2854722 INFO pr:0.9696  rc:0.9230  auc:0.9958 ap:0.9883 f1: 0.9457 pred_right: 43709 pred_wrong:3091 actu_right: 43553 actu_wrong: 3247
2026-09-10 13:55:02,665 P2854722 INFO pr:0.9667  rc:0.8982  auc:0.9920 ap:0.9833 f1: 0.9312 pred_right: 17968 pred_wrong:1232 actu_right: 17874 actu_wrong: 1326
2026-09-10 13:55:02,666 P2854722 INFO ----------------------------------------------------------------------------------------------------
2026-09-10 13:55:02,666 P2854722 INFO 134/300 starting... lr: 0.0009000000000000001 para:0.01
2026-09-10 13:55:05,691 P2854722 INFO Epoch 134/300, all_loss:1.06234 cls_loss:1.01349 rec_loss:5.89844 [3.02s]; best loss:1.04046, patience : 1
2026-09-10 13:55:06,610 P2854722 INFO pr:0.9291  rc:0.9346  auc:0.9961 ap:0.9868 f1: 0.9318 pred_right: 43541 pred_wrong:3259 actu_right: 43560 actu_wrong: 3240
2026-09-10 13:55:07,013 P2854722 INFO pr:0.9243  rc:0.9208  auc:0.9925 ap:0.9816 f1: 0.9226 pred_right: 17879 pred_wrong:1321 actu_right: 17874 actu_wrong: 1326
2026-09-10 13:55:07,013 P2854722 INFO ----------------------------------------------------------------------------------------------------
2026-09-10 13:55:07,013 P2854722 INFO 135/300 starting... lr: 0.0009000000000000001 para:0.01
2026-09-10 13:55:09,933 P2854722 INFO Epoch 135/300, all_loss:0.97488 cls_loss:0.92455 rec_loss:5.95709 [2.91s]; best loss:0.97488, patience : 0
2026-09-10 13:55:11,115 P2854722 INFO pr:0.9571  rc:0.9432  auc:0.9965 ap:0.9894 f1: 0.9501 pred_right: 43606 pred_wrong:3194 actu_right: 43559 actu_wrong: 3241
2026-09-10 13:55:11,566 P2854722 INFO pr:0.9503  rc:0.9238  auc:0.9927 ap:0.9834 f1: 0.9369 pred_right: 17911 pred_wrong:1289 actu_right: 17874 actu_wrong: 1326
2026-09-10 13:55:11,574 P2854722 INFO ----------------------------------------------------------------------------------------------------
2026-09-10 13:55:11,574 P2854722 INFO 136/300 starting... lr: 0.0009000000000000001 para:0.01
2026-09-10 13:55:14,616 P2854722 INFO Epoch 136/300, all_loss:0.96761 cls_loss:0.91759 rec_loss:5.91938 [3.04s]; best loss:0.96761, patience : 0
2026-09-10 13:55:15,504 P2854722 INFO pr:0.9678  rc:0.9364  auc:0.9968 ap:0.9901 f1: 0.9519 pred_right: 43664 pred_wrong:3136 actu_right: 43559 actu_wrong: 3241
2026-09-10 13:55:15,914 P2854722 INFO pr:0.9638  rc:0.9238  auc:0.9933 ap:0.9848 f1: 0.9434 pred_right: 17929 pred_wrong:1271 actu_right: 17874 actu_wrong: 1326
2026-09-10 13:55:15,920 P2854722 INFO ----------------------------------------------------------------------------------------------------
2026-09-10 13:55:15,920 P2854722 INFO 137/300 starting... lr: 0.0009000000000000001 para:0.01
2026-09-10 13:55:18,780 P2854722 INFO Epoch 137/300, all_loss:0.87298 cls_loss:0.82048 rec_loss:6.07023 [2.85s]; best loss:0.87298, patience : 0
2026-09-10 13:55:19,975 P2854722 INFO pr:0.9636  rc:0.9386  auc:0.9968 ap:0.9908 f1: 0.9509 pred_right: 43642 pred_wrong:3158 actu_right: 43558 actu_wrong: 3242
2026-09-10 13:55:20,395 P2854722 INFO pr:0.9517  rc:0.9216  auc:0.9935 ap:0.9842 f1: 0.9364 pred_right: 17916 pred_wrong:1284 actu_right: 17874 actu_wrong: 1326
2026-09-10 13:55:20,396 P2854722 INFO ----------------------------------------------------------------------------------------------------
2026-09-10 13:55:20,396 P2854722 INFO 138/300 starting... lr: 0.0009000000000000001 para:0.01
2026-09-10 13:55:23,318 P2854722 INFO Epoch 138/300, all_loss:1.01961 cls_loss:0.96829 rec_loss:6.10033 [2.92s]; best loss:0.87298, patience : 1
2026-09-10 13:55:24,272 P2854722 INFO pr:0.9720  rc:0.9330  auc:0.9968 ap:0.9913 f1: 0.9521 pred_right: 43691 pred_wrong:3109 actu_right: 43561 actu_wrong: 3239
2026-09-10 13:55:24,634 P2854722 INFO pr:0.9595  rc:0.9103  auc:0.9937 ap:0.9862 f1: 0.9342 pred_right: 17942 pred_wrong:1258 actu_right: 17874 actu_wrong: 1326
2026-09-10 13:55:24,640 P2854722 INFO ----------------------------------------------------------------------------------------------------
2026-09-10 13:55:24,641 P2854722 INFO 139/300 starting... lr: 0.0009000000000000001 para:0.01
2026-09-10 13:55:27,692 P2854722 INFO Epoch 139/300, all_loss:0.87162 cls_loss:0.81834 rec_loss:6.14616 [3.04s]; best loss:0.87162, patience : 0
2026-09-10 13:55:28,756 P2854722 INFO pr:0.9659  rc:0.8908  auc:0.9965 ap:0.9896 f1: 0.9268 pred_right: 43810 pred_wrong:2990 actu_right: 43558 actu_wrong: 3242
2026-09-10 13:55:29,217 P2854722 INFO pr:0.9514  rc:0.8703  auc:0.9928 ap:0.9833 f1: 0.9090 pred_right: 17987 pred_wrong:1213 actu_right: 17874 actu_wrong: 1326
2026-09-10 13:55:29,217 P2854722 INFO ----------------------------------------------------------------------------------------------------
2026-09-10 13:55:29,218 P2854722 INFO 140/300 starting... lr: 0.0009000000000000001 para:0.01
2026-09-10 13:55:32,329 P2854722 INFO Epoch 140/300, all_loss:0.88869 cls_loss:0.83445 rec_loss:6.25867 [3.11s]; best loss:0.87162, patience : 1
2026-09-10 13:55:33,263 P2854722 INFO pr:0.9499  rc:0.9531  auc:0.9966 ap:0.9901 f1: 0.9515 pred_right: 43546 pred_wrong:3254 actu_right: 43557 actu_wrong: 3243
2026-09-10 13:55:33,679 P2854722 INFO pr:0.9406  rc:0.9321  auc:0.9934 ap:0.9846 f1: 0.9364 pred_right: 17886 pred_wrong:1314 actu_right: 17874 actu_wrong: 1326
2026-09-10 13:55:33,680 P2854722 INFO ----------------------------------------------------------------------------------------------------
2026-09-10 13:55:33,680 P2854722 INFO 141/300 starting... lr: 0.0009000000000000001 para:0.01
2026-09-10 13:55:36,625 P2854722 INFO Epoch 141/300, all_loss:0.86334 cls_loss:0.80831 rec_loss:6.31144 [2.94s]; best loss:0.86334, patience : 0
2026-09-10 13:55:37,554 P2854722 INFO pr:0.9638  rc:0.9373  auc:0.9968 ap:0.9898 f1: 0.9504 pred_right: 43651 pred_wrong:3149 actu_right: 43562 actu_wrong: 3238
2026-09-10 13:55:37,926 P2854722 INFO pr:0.9581  rc:0.9133  auc:0.9928 ap:0.9839 f1: 0.9351 pred_right: 17936 pred_wrong:1264 actu_right: 17874 actu_wrong: 1326
2026-09-10 13:55:37,927 P2854722 INFO ----------------------------------------------------------------------------------------------------
2026-09-10 13:55:37,927 P2854722 INFO 142/300 starting... lr: 0.0009000000000000001 para:0.01
2026-09-10 13:55:40,647 P2854722 INFO Epoch 142/300, all_loss:0.86495 cls_loss:0.80948 rec_loss:6.35628 [2.72s]; best loss:0.86334, patience : 1
2026-09-10 13:55:41,569 P2854722 INFO pr:0.9647  rc:0.9524  auc:0.9969 ap:0.9913 f1: 0.9585 pred_right: 43603 pred_wrong:3197 actu_right: 43562 actu_wrong: 3238
2026-09-10 13:55:41,977 P2854722 INFO pr:0.9564  rc:0.9268  auc:0.9932 ap:0.9853 f1: 0.9414 pred_right: 17915 pred_wrong:1285 actu_right: 17874 actu_wrong: 1326
2026-09-10 13:55:41,984 P2854722 INFO ----------------------------------------------------------------------------------------------------
2026-09-10 13:55:41,984 P2854722 INFO 143/300 starting... lr: 0.0009000000000000001 para:0.01
2026-09-10 13:55:45,140 P2854722 INFO Epoch 143/300, all_loss:0.87033 cls_loss:0.81418 rec_loss:6.42896 [3.15s]; best loss:0.86334, patience : 2
2026-09-10 13:55:46,152 P2854722 INFO pr:0.9446  rc:0.9321  auc:0.9962 ap:0.9885 f1: 0.9383 pred_right: 43605 pred_wrong:3195 actu_right: 43562 actu_wrong: 3238
2026-09-10 13:55:46,563 P2854722 INFO pr:0.9358  rc:0.9020  auc:0.9917 ap:0.9816 f1: 0.9186 pred_right: 17922 pred_wrong:1278 actu_right: 17874 actu_wrong: 1326
2026-09-10 13:55:46,564 P2854722 INFO ----------------------------------------------------------------------------------------------------
2026-09-10 13:55:46,564 P2854722 INFO 144/300 starting... lr: 0.0009000000000000001 para:0.01
2026-09-10 13:55:49,549 P2854722 INFO Epoch 144/300, all_loss:0.84038 cls_loss:0.78371 rec_loss:6.45065 [2.98s]; best loss:0.84038, patience : 0
2026-09-10 13:55:50,430 P2854722 INFO pr:0.9417  rc:0.9682  auc:0.9970 ap:0.9913 f1: 0.9548 pred_right: 43470 pred_wrong:3330 actu_right: 43561 actu_wrong: 3239
2026-09-10 13:55:50,794 P2854722 INFO pr:0.9289  rc:0.9465  auc:0.9938 ap:0.9860 f1: 0.9376 pred_right: 17849 pred_wrong:1351 actu_right: 17874 actu_wrong: 1326
2026-09-10 13:55:50,794 P2854722 INFO ----------------------------------------------------------------------------------------------------
2026-09-10 13:55:50,794 P2854722 INFO 145/300 starting... lr: 0.0009000000000000001 para:0.01
2026-09-10 13:55:53,850 P2854722 INFO Epoch 145/300, all_loss:0.79478 cls_loss:0.73718 rec_loss:6.49730 [3.05s]; best loss:0.79478, patience : 0
2026-09-10 13:55:54,867 P2854722 INFO pr:0.9750  rc:0.9404  auc:0.9967 ap:0.9918 f1: 0.9574 pred_right: 43675 pred_wrong:3125 actu_right: 43560 actu_wrong: 3240
2026-09-10 13:55:55,295 P2854722 INFO pr:0.9644  rc:0.9201  auc:0.9934 ap:0.9857 f1: 0.9417 pred_right: 17935 pred_wrong:1265 actu_right: 17874 actu_wrong: 1326
2026-09-10 13:55:55,297 P2854722 INFO ----------------------------------------------------------------------------------------------------
2026-09-10 13:55:55,297 P2854722 INFO 146/300 starting... lr: 0.0009000000000000001 para:0.01
2026-09-10 13:55:58,194 P2854722 INFO Epoch 146/300, all_loss:0.82680 cls_loss:0.76877 rec_loss:6.57202 [2.90s]; best loss:0.79478, patience : 1
2026-09-10 13:55:59,194 P2854722 INFO pr:0.9410  rc:0.9599  auc:0.9969 ap:0.9918 f1: 0.9503 pred_right: 43496 pred_wrong:3304 actu_right: 43561 actu_wrong: 3239
2026-09-10 13:55:59,702 P2854722 INFO pr:0.9257  rc:0.9389  auc:0.9936 ap:0.9846 f1: 0.9322 pred_right: 17855 pred_wrong:1345 actu_right: 17874 actu_wrong: 1326
2026-09-10 13:55:59,704 P2854722 INFO ----------------------------------------------------------------------------------------------------
2026-09-10 13:55:59,704 P2854722 INFO 147/300 starting... lr: 0.0009000000000000001 para:0.01
2026-09-10 13:56:02,669 P2854722 INFO Epoch 147/300, all_loss:0.84745 cls_loss:0.78925 rec_loss:6.60887 [2.96s]; best loss:0.79478, patience : 2
2026-09-10 13:56:03,615 P2854722 INFO pr:0.9725  rc:0.9275  auc:0.9967 ap:0.9914 f1: 0.9494 pred_right: 43710 pred_wrong:3090 actu_right: 43560 actu_wrong: 3240
2026-09-10 13:56:04,031 P2854722 INFO pr:0.9624  rc:0.9065  auc:0.9930 ap:0.9843 f1: 0.9336 pred_right: 17951 pred_wrong:1249 actu_right: 17874 actu_wrong: 1326
2026-09-10 13:56:04,031 P2854722 INFO ----------------------------------------------------------------------------------------------------
2026-09-10 13:56:04,031 P2854722 INFO 148/300 starting... lr: 0.0009000000000000001 para:0.01
2026-09-10 13:56:07,041 P2854722 INFO Epoch 148/300, all_loss:0.82516 cls_loss:0.76648 rec_loss:6.63471 [3.01s]; best loss:0.79478, patience : 2
2026-09-10 13:56:08,027 P2854722 INFO pr:0.9752  rc:0.9358  auc:0.9967 ap:0.9912 f1: 0.9551 pred_right: 43692 pred_wrong:3108 actu_right: 43561 actu_wrong: 3239
2026-09-10 13:56:08,372 P2854722 INFO pr:0.9650  rc:0.9148  auc:0.9929 ap:0.9848 f1: 0.9392 pred_right: 17943 pred_wrong:1257 actu_right: 17874 actu_wrong: 1326
2026-09-10 13:56:08,373 P2854722 INFO ----------------------------------------------------------------------------------------------------
2026-09-10 13:56:08,373 P2854722 INFO 149/300 starting... lr: 0.0009000000000000001 para:0.01
2026-09-10 13:56:11,476 P2854722 INFO Epoch 149/300, all_loss:0.78607 cls_loss:0.72612 rec_loss:6.72155 [3.09s]; best loss:0.78607, patience : 0
2026-09-10 13:56:12,666 P2854722 INFO pr:0.9571  rc:0.9565  auc:0.9967 ap:0.9915 f1: 0.9568 pred_right: 43562 pred_wrong:3238 actu_right: 43560 actu_wrong: 3240
2026-09-10 13:56:13,136 P2854722 INFO pr:0.9402  rc:0.9359  auc:0.9933 ap:0.9855 f1: 0.9380 pred_right: 17880 pred_wrong:1320 actu_right: 17874 actu_wrong: 1326
2026-09-10 13:56:13,137 P2854722 INFO ----------------------------------------------------------------------------------------------------
2026-09-10 13:56:13,137 P2854722 INFO 150/300 starting... lr: 0.0009000000000000001 para:0.01
2026-09-10 13:56:16,369 P2854722 INFO Epoch 150/300, all_loss:0.72886 cls_loss:0.66785 rec_loss:6.76974 [3.22s]; best loss:0.72886, patience : 0
2026-09-10 13:56:17,456 P2854722 INFO pr:0.9706  rc:0.9371  auc:0.9972 ap:0.9921 f1: 0.9535 pred_right: 43670 pred_wrong:3130 actu_right: 43558 actu_wrong: 3242
2026-09-10 13:56:17,956 P2854722 INFO pr:0.9592  rc:0.9223  auc:0.9932 ap:0.9856 f1: 0.9404 pred_right: 17925 pred_wrong:1275 actu_right: 17874 actu_wrong: 1326
2026-09-10 13:56:17,957 P2854722 INFO ----------------------------------------------------------------------------------------------------
2026-09-10 13:56:17,957 P2854722 INFO 151/300 starting... lr: 0.0009000000000000001 para:0.01
2026-09-10 13:56:21,226 P2854722 INFO Epoch 151/300, all_loss:0.75465 cls_loss:0.69333 rec_loss:6.82509 [3.27s]; best loss:0.72886, patience : 1
2026-09-10 13:56:22,206 P2854722 INFO pr:0.9850  rc:0.8893  auc:0.9968 ap:0.9913 f1: 0.9347 pred_right: 43871 pred_wrong:2929 actu_right: 43556 actu_wrong: 3244
2026-09-10 13:56:22,640 P2854722 INFO pr:0.9791  rc:0.8854  auc:0.9938 ap:0.9844 f1: 0.9299 pred_right: 18001 pred_wrong:1199 actu_right: 17874 actu_wrong: 1326
2026-09-10 13:56:22,641 P2854722 INFO ----------------------------------------------------------------------------------------------------
2026-09-10 13:56:22,641 P2854722 INFO 152/300 starting... lr: 0.0009000000000000001 para:0.01
2026-09-10 13:56:25,545 P2854722 INFO Epoch 152/300, all_loss:0.83414 cls_loss:0.77346 rec_loss:6.84076 [2.90s]; best loss:0.72886, patience : 2
2026-09-10 13:56:26,399 P2854722 INFO pr:0.9659  rc:0.9454  auc:0.9963 ap:0.9909 f1: 0.9555 pred_right: 43630 pred_wrong:3170 actu_right: 43561 actu_wrong: 3239
2026-09-10 13:56:26,769 P2854722 INFO pr:0.9607  rc:0.9216  auc:0.9932 ap:0.9859 f1: 0.9407 pred_right: 17928 pred_wrong:1272 actu_right: 17874 actu_wrong: 1326
2026-09-10 13:56:26,769 P2854722 INFO ----------------------------------------------------------------------------------------------------
2026-09-10 13:56:26,769 P2854722 INFO 153/300 starting... lr: 0.0009000000000000001 para:0.01
2026-09-10 13:56:30,034 P2854722 INFO Epoch 153/300, all_loss:0.80180 cls_loss:0.74024 rec_loss:6.89590 [3.26s]; best loss:0.72886, patience : 2
2026-09-10 13:56:30,989 P2854722 INFO pr:0.9773  rc:0.9432  auc:0.9969 ap:0.9929 f1: 0.9599 pred_right: 43673 pred_wrong:3127 actu_right: 43560 actu_wrong: 3240
2026-09-10 13:56:31,453 P2854722 INFO pr:0.9706  rc:0.9223  auc:0.9939 ap:0.9871 f1: 0.9459 pred_right: 17940 pred_wrong:1260 actu_right: 17874 actu_wrong: 1326
2026-09-10 13:56:31,462 P2854722 INFO ----------------------------------------------------------------------------------------------------
2026-09-10 13:56:31,462 P2854722 INFO 154/300 starting... lr: 0.0009000000000000001 para:0.01
2026-09-10 13:56:34,664 P2854722 INFO Epoch 154/300, all_loss:0.74283 cls_loss:0.68018 rec_loss:6.94533 [3.20s]; best loss:0.72886, patience : 2
2026-09-10 13:56:35,617 P2854722 INFO pr:0.9691  rc:0.9494  auc:0.9967 ap:0.9918 f1: 0.9591 pred_right: 43627 pred_wrong:3173 actu_right: 43561 actu_wrong: 3239
2026-09-10 13:56:35,993 P2854722 INFO pr:0.9551  rc:0.9299  auc:0.9934 ap:0.9855 f1: 0.9423 pred_right: 17909 pred_wrong:1291 actu_right: 17874 actu_wrong: 1326
2026-09-10 13:56:35,993 P2854722 INFO ----------------------------------------------------------------------------------------------------
2026-09-10 13:56:35,994 P2854722 INFO 155/300 starting... lr: 0.0009000000000000001 para:0.01
2026-09-10 13:56:39,025 P2854722 INFO Epoch 155/300, all_loss:0.72666 cls_loss:0.66334 rec_loss:6.99559 [3.02s]; best loss:0.72666, patience : 0
2026-09-10 13:56:39,956 P2854722 INFO pr:0.9410  rc:0.9645  auc:0.9968 ap:0.9907 f1: 0.9526 pred_right: 43479 pred_wrong:3321 actu_right: 43560 actu_wrong: 3240
2026-09-10 13:56:40,340 P2854722 INFO pr:0.9230  rc:0.9397  auc:0.9930 ap:0.9841 f1: 0.9312 pred_right: 17850 pred_wrong:1350 actu_right: 17874 actu_wrong: 1326
2026-09-10 13:56:40,341 P2854722 INFO ----------------------------------------------------------------------------------------------------
2026-09-10 13:56:40,342 P2854722 INFO 156/300 starting... lr: 0.0009000000000000001 para:0.01
2026-09-10 13:56:43,365 P2854722 INFO Epoch 156/300, all_loss:0.68654 cls_loss:0.62250 rec_loss:7.02619 [3.01s]; best loss:0.68654, patience : 0
2026-09-10 13:56:44,374 P2854722 INFO pr:0.9429  rc:0.9670  auc:0.9970 ap:0.9915 f1: 0.9548 pred_right: 43475 pred_wrong:3325 actu_right: 43558 actu_wrong: 3242
2026-09-10 13:56:44,808 P2854722 INFO pr:0.9305  rc:0.9397  auc:0.9935 ap:0.9855 f1: 0.9351 pred_right: 17861 pred_wrong:1339 actu_right: 17874 actu_wrong: 1326
2026-09-10 13:56:44,808 P2854722 INFO ----------------------------------------------------------------------------------------------------
2026-09-10 13:56:44,809 P2854722 INFO 157/300 starting... lr: 0.0009000000000000001 para:0.01
2026-09-10 13:56:48,045 P2854722 INFO Epoch 157/300, all_loss:0.77125 cls_loss:0.70760 rec_loss:7.07295 [3.24s]; best loss:0.68654, patience : 1
2026-09-10 13:56:48,991 P2854722 INFO pr:0.9603  rc:0.9307  auc:0.9969 ap:0.9901 f1: 0.9452 pred_right: 43655 pred_wrong:3145 actu_right: 43555 actu_wrong: 3245
2026-09-10 13:56:49,611 P2854722 INFO pr:0.9515  rc:0.9035  auc:0.9931 ap:0.9850 f1: 0.9269 pred_right: 17941 pred_wrong:1259 actu_right: 17874 actu_wrong: 1326
2026-09-10 13:56:49,612 P2854722 INFO ----------------------------------------------------------------------------------------------------
2026-09-10 13:56:49,612 P2854722 INFO 158/300 starting... lr: 0.0009000000000000001 para:0.01
2026-09-10 13:56:52,588 P2854722 INFO Epoch 158/300, all_loss:0.70019 cls_loss:0.63567 rec_loss:7.08782 [2.97s]; best loss:0.68654, patience : 1
2026-09-10 13:56:53,570 P2854722 INFO pr:0.9524  rc:0.9680  auc:0.9969 ap:0.9924 f1: 0.9601 pred_right: 43502 pred_wrong:3298 actu_right: 43555 actu_wrong: 3245
2026-09-10 13:56:54,428 P2854722 INFO pr:0.9299  rc:0.9404  auc:0.9937 ap:0.9862 f1: 0.9351 pred_right: 17859 pred_wrong:1341 actu_right: 17874 actu_wrong: 1326
2026-09-10 13:56:54,437 P2854722 INFO ----------------------------------------------------------------------------------------------------
2026-09-10 13:56:54,438 P2854722 INFO 159/300 starting... lr: 0.0009000000000000001 para:0.01
2026-09-10 13:56:58,428 P2854722 INFO Epoch 159/300, all_loss:0.69066 cls_loss:0.62611 rec_loss:7.08084 [3.99s]; best loss:0.68654, patience : 1
2026-09-10 13:56:59,141 P2854722 INFO pr:0.9657  rc:0.9624  auc:0.9972 ap:0.9928 f1: 0.9640 pred_right: 43567 pred_wrong:3233 actu_right: 43556 actu_wrong: 3244
2026-09-10 13:56:59,451 P2854722 INFO pr:0.9532  rc:0.9367  auc:0.9931 ap:0.9862 f1: 0.9448 pred_right: 17897 pred_wrong:1303 actu_right: 17874 actu_wrong: 1326
2026-09-10 13:56:59,458 P2854722 INFO ----------------------------------------------------------------------------------------------------
2026-09-10 13:56:59,459 P2854722 INFO 160/300 starting... lr: 0.0009000000000000001 para:0.01
2026-09-10 13:57:02,002 P2854722 INFO Epoch 160/300, all_loss:0.70257 cls_loss:0.63728 rec_loss:7.16659 [2.54s]; best loss:0.68654, patience : 2
2026-09-10 13:57:02,901 P2854722 INFO pr:0.9747  rc:0.9494  auc:0.9972 ap:0.9931 f1: 0.9619 pred_right: 43643 pred_wrong:3157 actu_right: 43559 actu_wrong: 3241
2026-09-10 13:57:03,270 P2854722 INFO pr:0.9619  rc:0.9321  auc:0.9936 ap:0.9873 f1: 0.9468 pred_right: 17915 pred_wrong:1285 actu_right: 17874 actu_wrong: 1326
2026-09-10 13:57:03,271 P2854722 INFO ----------------------------------------------------------------------------------------------------
2026-09-10 13:57:03,271 P2854722 INFO 161/300 starting... lr: 0.0009000000000000001 para:0.01
2026-09-10 13:57:05,961 P2854722 INFO Epoch 161/300, all_loss:0.69864 cls_loss:0.63287 rec_loss:7.20993 [2.69s]; best loss:0.68654, patience : 2
2026-09-10 13:57:06,743 P2854722 INFO pr:0.9808  rc:0.9463  auc:0.9971 ap:0.9931 f1: 0.9633 pred_right: 43673 pred_wrong:3127 actu_right: 43559 actu_wrong: 3241
2026-09-10 13:57:07,083 P2854722 INFO pr:0.9683  rc:0.9208  auc:0.9928 ap:0.9880 f1: 0.9440 pred_right: 17939 pred_wrong:1261 actu_right: 17874 actu_wrong: 1326
2026-09-10 13:57:07,084 P2854722 INFO ----------------------------------------------------------------------------------------------------
2026-09-10 13:57:07,084 P2854722 INFO 162/300 starting... lr: 0.0009000000000000001 para:0.01
2026-09-10 13:57:09,831 P2854722 INFO Epoch 162/300, all_loss:0.68462 cls_loss:0.61868 rec_loss:7.21330 [2.74s]; best loss:0.68462, patience : 0
2026-09-10 13:57:10,624 P2854722 INFO pr:0.9585  rc:0.9618  auc:0.9969 ap:0.9919 f1: 0.9601 pred_right: 43545 pred_wrong:3255 actu_right: 43556 actu_wrong: 3244
2026-09-10 13:57:10,961 P2854722 INFO pr:0.9431  rc:0.9367  auc:0.9932 ap:0.9851 f1: 0.9398 pred_right: 17883 pred_wrong:1317 actu_right: 17874 actu_wrong: 1326
2026-09-10 13:57:10,961 P2854722 INFO ----------------------------------------------------------------------------------------------------
2026-09-10 13:57:10,961 P2854722 INFO 163/300 starting... lr: 0.0009000000000000001 para:0.01
2026-09-10 13:57:13,824 P2854722 INFO Epoch 163/300, all_loss:0.68787 cls_loss:0.62151 rec_loss:7.25752 [2.86s]; best loss:0.68462, patience : 1
2026-09-10 13:57:17,601 P2854722 INFO pr:0.9572  rc:0.9537  auc:0.9970 ap:0.9918 f1: 0.9555 pred_right: 43572 pred_wrong:3228 actu_right: 43560 actu_wrong: 3240
2026-09-10 13:57:19,462 P2854722 INFO pr:0.9443  rc:0.9336  auc:0.9950 ap:0.9855 f1: 0.9389 pred_right: 17889 pred_wrong:1311 actu_right: 17874 actu_wrong: 1326
2026-09-10 13:57:19,464 P2854722 INFO ----------------------------------------------------------------------------------------------------
2026-09-10 13:57:19,465 P2854722 INFO 164/300 starting... lr: 0.0009000000000000001 para:0.01
2026-09-10 13:57:26,406 P2854722 INFO Epoch 164/300, all_loss:0.81334 cls_loss:0.74841 rec_loss:7.24135 [6.94s]; best loss:0.68462, patience : 2
2026-09-10 13:57:30,524 P2854722 INFO pr:0.9528  rc:0.9352  auc:0.9968 ap:0.9908 f1: 0.9439 pred_right: 43620 pred_wrong:3180 actu_right: 43560 actu_wrong: 3240
2026-09-10 13:57:31,560 P2854722 INFO pr:0.9426  rc:0.9163  auc:0.9936 ap:0.9851 f1: 0.9293 pred_right: 17911 pred_wrong:1289 actu_right: 17874 actu_wrong: 1326
2026-09-10 13:57:31,561 P2854722 INFO ----------------------------------------------------------------------------------------------------
2026-09-10 13:57:31,561 P2854722 INFO 165/300 starting... lr: 0.0009000000000000001 para:0.01
2026-09-10 13:57:35,677 P2854722 INFO Epoch 165/300, all_loss:0.70140 cls_loss:0.63448 rec_loss:7.32586 [4.11s]; best loss:0.68462, patience : 2
2026-09-10 13:57:36,746 P2854722 INFO pr:0.9864  rc:0.9173  auc:0.9967 ap:0.9930 f1: 0.9506 pred_right: 43785 pred_wrong:3015 actu_right: 43558 actu_wrong: 3242
2026-09-10 13:57:37,123 P2854722 INFO pr:0.9785  rc:0.8922  auc:0.9930 ap:0.9865 f1: 0.9333 pred_right: 17991 pred_wrong:1209 actu_right: 17874 actu_wrong: 1326
2026-09-10 13:57:37,124 P2854722 INFO ----------------------------------------------------------------------------------------------------
2026-09-10 13:57:37,124 P2854722 INFO 166/300 starting... lr: 0.0009000000000000001 para:0.01
2026-09-10 13:57:40,267 P2854722 INFO Epoch 166/300, all_loss:0.66399 cls_loss:0.59734 rec_loss:7.26219 [3.13s]; best loss:0.66399, patience : 0
2026-09-10 13:57:41,417 P2854722 INFO pr:0.9733  rc:0.9543  auc:0.9969 ap:0.9931 f1: 0.9637 pred_right: 43621 pred_wrong:3179 actu_right: 43558 actu_wrong: 3242
2026-09-10 13:57:41,815 P2854722 INFO pr:0.9631  rc:0.9261  auc:0.9931 ap:0.9864 f1: 0.9443 pred_right: 17925 pred_wrong:1275 actu_right: 17874 actu_wrong: 1326
2026-09-10 13:57:41,816 P2854722 INFO ----------------------------------------------------------------------------------------------------
2026-09-10 13:57:41,816 P2854722 INFO 167/300 starting... lr: 0.0009000000000000001 para:0.01
2026-09-10 13:57:45,009 P2854722 INFO Epoch 167/300, all_loss:0.60486 cls_loss:0.53741 rec_loss:7.28227 [3.19s]; best loss:0.60486, patience : 0
2026-09-10 13:57:45,969 P2854722 INFO pr:0.9126  rc:0.9695  auc:0.9967 ap:0.9899 f1: 0.9402 pred_right: 43356 pred_wrong:3444 actu_right: 43558 actu_wrong: 3242
2026-09-10 13:57:46,354 P2854722 INFO pr:0.9027  rc:0.9449  auc:0.9938 ap:0.9837 f1: 0.9234 pred_right: 17812 pred_wrong:1388 actu_right: 17874 actu_wrong: 1326
2026-09-10 13:57:46,354 P2854722 INFO ----------------------------------------------------------------------------------------------------
2026-09-10 13:57:46,355 P2854722 INFO 168/300 starting... lr: 0.0009000000000000001 para:0.01
2026-09-10 13:57:49,240 P2854722 INFO Epoch 168/300, all_loss:0.66899 cls_loss:0.60092 rec_loss:7.40795 [2.89s]; best loss:0.60486, patience : 1
2026-09-10 13:57:50,168 P2854722 INFO pr:0.9633  rc:0.9645  auc:0.9970 ap:0.9922 f1: 0.9639 pred_right: 43554 pred_wrong:3246 actu_right: 43558 actu_wrong: 3242
2026-09-10 13:57:50,534 P2854722 INFO pr:0.9499  rc:0.9434  auc:0.9941 ap:0.9872 f1: 0.9467 pred_right: 17883 pred_wrong:1317 actu_right: 17874 actu_wrong: 1326
2026-09-10 13:57:50,534 P2854722 INFO ----------------------------------------------------------------------------------------------------
2026-09-10 13:57:50,534 P2854722 INFO 169/300 starting... lr: 0.0009000000000000001 para:0.01
2026-09-10 13:57:53,373 P2854722 INFO Epoch 169/300, all_loss:0.66515 cls_loss:0.59698 rec_loss:7.41399 [2.84s]; best loss:0.60486, patience : 1
2026-09-10 13:57:54,258 P2854722 INFO pr:0.9695  rc:0.9491  auc:0.9967 ap:0.9910 f1: 0.9592 pred_right: 43624 pred_wrong:3176 actu_right: 43556 actu_wrong: 3244
2026-09-10 13:57:54,627 P2854722 INFO pr:0.9567  rc:0.9329  auc:0.9933 ap:0.9852 f1: 0.9446 pred_right: 17907 pred_wrong:1293 actu_right: 17874 actu_wrong: 1326
2026-09-10 13:57:54,628 P2854722 INFO ----------------------------------------------------------------------------------------------------
2026-09-10 13:57:54,628 P2854722 INFO 170/300 starting... lr: 0.0009000000000000001 para:0.01
2026-09-10 13:57:57,625 P2854722 INFO Epoch 170/300, all_loss:0.67130 cls_loss:0.60381 rec_loss:7.35273 [3.00s]; best loss:0.60486, patience : 2
2026-09-10 13:57:58,689 P2854722 INFO pr:0.9596  rc:0.9392  auc:0.9966 ap:0.9916 f1: 0.9493 pred_right: 43631 pred_wrong:3169 actu_right: 43562 actu_wrong: 3238
2026-09-10 13:57:59,109 P2854722 INFO pr:0.9457  rc:0.9193  auc:0.9929 ap:0.9850 f1: 0.9323 pred_right: 17911 pred_wrong:1289 actu_right: 17874 actu_wrong: 1326
2026-09-10 13:57:59,110 P2854722 INFO ----------------------------------------------------------------------------------------------------
2026-09-10 13:57:59,110 P2854722 INFO 171/300 starting... lr: 0.0009000000000000001 para:0.01
2026-09-10 13:58:01,914 P2854722 INFO Epoch 171/300, all_loss:0.64089 cls_loss:0.57286 rec_loss:7.37633 [2.80s]; best loss:0.60486, patience : 2
2026-09-10 13:58:02,904 P2854722 INFO pr:0.9696  rc:0.9559  auc:0.9974 ap:0.9931 f1: 0.9627 pred_right: 43606 pred_wrong:3194 actu_right: 43560 actu_wrong: 3240
2026-09-10 13:58:03,285 P2854722 INFO pr:0.9600  rc:0.9404  auc:0.9936 ap:0.9861 f1: 0.9501 pred_right: 17901 pred_wrong:1299 actu_right: 17874 actu_wrong: 1326
2026-09-10 13:58:03,286 P2854722 INFO ----------------------------------------------------------------------------------------------------
2026-09-10 13:58:03,286 P2854722 INFO 172/300 starting... lr: 0.0009000000000000001 para:0.01
2026-09-10 13:58:06,267 P2854722 INFO Epoch 172/300, all_loss:0.62847 cls_loss:0.56022 rec_loss:7.38511 [2.98s]; best loss:0.60486, patience : 2
2026-09-10 13:58:07,292 P2854722 INFO pr:0.9772  rc:0.9500  auc:0.9971 ap:0.9930 f1: 0.9634 pred_right: 43649 pred_wrong:3151 actu_right: 43559 actu_wrong: 3241
2026-09-10 13:58:07,773 P2854722 INFO pr:0.9671  rc:0.9306  auc:0.9932 ap:0.9865 f1: 0.9485 pred_right: 17924 pred_wrong:1276 actu_right: 17874 actu_wrong: 1326
2026-09-10 13:58:07,774 P2854722 INFO ----------------------------------------------------------------------------------------------------
2026-09-10 13:58:07,774 P2854722 INFO 173/300 starting... lr: 0.0009000000000000001 para:0.01
2026-09-10 13:58:11,175 P2854722 INFO Epoch 173/300, all_loss:0.65770 cls_loss:0.59003 rec_loss:7.35694 [3.40s]; best loss:0.60486, patience : 3
2026-09-10 13:58:12,026 P2854722 INFO pr:0.9588  rc:0.9629  auc:0.9972 ap:0.9924 f1: 0.9609 pred_right: 43548 pred_wrong:3252 actu_right: 43562 actu_wrong: 3238
2026-09-10 13:58:12,501 P2854722 INFO pr:0.9543  rc:0.9449  auc:0.9932 ap:0.9870 f1: 0.9496 pred_right: 17887 pred_wrong:1313 actu_right: 17874 actu_wrong: 1326
2026-09-10 13:58:12,502 P2854722 INFO ----------------------------------------------------------------------------------------------------
2026-09-10 13:58:12,502 P2854722 INFO 174/300 starting... lr: 0.0009000000000000001 para:0.01
2026-09-10 13:58:15,333 P2854722 INFO Epoch 174/300, all_loss:0.59310 cls_loss:0.52449 rec_loss:7.38468 [2.82s]; best loss:0.59310, patience : 0
2026-09-10 13:58:16,350 P2854722 INFO pr:0.9850  rc:0.9342  auc:0.9968 ap:0.9931 f1: 0.9589 pred_right: 43730 pred_wrong:3070 actu_right: 43563 actu_wrong: 3237
2026-09-10 13:58:16,745 P2854722 INFO pr:0.9765  rc:0.9072  auc:0.9927 ap:0.9878 f1: 0.9406 pred_right: 17968 pred_wrong:1232 actu_right: 17874 actu_wrong: 1326
2026-09-10 13:58:16,746 P2854722 INFO ----------------------------------------------------------------------------------------------------
2026-09-10 13:58:16,746 P2854722 INFO 175/300 starting... lr: 0.0009000000000000001 para:0.01
2026-09-10 13:58:19,745 P2854722 INFO Epoch 175/300, all_loss:0.60956 cls_loss:0.54039 rec_loss:7.45743 [3.00s]; best loss:0.59310, patience : 1
2026-09-10 13:58:20,680 P2854722 INFO pr:0.9777  rc:0.9586  auc:0.9973 ap:0.9937 f1: 0.9681 pred_right: 43623 pred_wrong:3177 actu_right: 43560 actu_wrong: 3240
2026-09-10 13:58:21,054 P2854722 INFO pr:0.9646  rc:0.9449  auc:0.9931 ap:0.9869 f1: 0.9547 pred_right: 17901 pred_wrong:1299 actu_right: 17874 actu_wrong: 1326
2026-09-10 13:58:21,061 P2854722 INFO ----------------------------------------------------------------------------------------------------
2026-09-10 13:58:21,061 P2854722 INFO 176/300 starting... lr: 0.0009000000000000001 para:0.01
2026-09-10 13:58:24,066 P2854722 INFO Epoch 176/300, all_loss:0.54066 cls_loss:0.47099 rec_loss:7.43894 [3.00s]; best loss:0.54066, patience : 0
2026-09-10 13:58:24,994 P2854722 INFO pr:0.9761  rc:0.9586  auc:0.9972 ap:0.9932 f1: 0.9673 pred_right: 43618 pred_wrong:3182 actu_right: 43560 actu_wrong: 3240
2026-09-10 13:58:25,363 P2854722 INFO pr:0.9666  rc:0.9397  auc:0.9936 ap:0.9879 f1: 0.9530 pred_right: 17911 pred_wrong:1289 actu_right: 17874 actu_wrong: 1326
2026-09-10 13:58:25,363 P2854722 INFO ----------------------------------------------------------------------------------------------------
2026-09-10 13:58:25,363 P2854722 INFO 177/300 starting... lr: 0.0009000000000000001 para:0.01
2026-09-10 13:58:28,477 P2854722 INFO Epoch 177/300, all_loss:0.60890 cls_loss:0.53979 rec_loss:7.45119 [3.11s]; best loss:0.54066, patience : 1
2026-09-10 13:58:29,364 P2854722 INFO pr:0.9809  rc:0.9488  auc:0.9971 ap:0.9933 f1: 0.9645 pred_right: 43666 pred_wrong:3134 actu_right: 43560 actu_wrong: 3240
2026-09-10 13:58:29,757 P2854722 INFO pr:0.9702  rc:0.9321  auc:0.9939 ap:0.9876 f1: 0.9508 pred_right: 17926 pred_wrong:1274 actu_right: 17874 actu_wrong: 1326
2026-09-10 13:58:29,757 P2854722 INFO ----------------------------------------------------------------------------------------------------
2026-09-10 13:58:29,757 P2854722 INFO 178/300 starting... lr: 0.0009000000000000001 para:0.01
2026-09-10 13:58:32,826 P2854722 INFO Epoch 178/300, all_loss:0.63049 cls_loss:0.56030 rec_loss:7.57901 [3.07s]; best loss:0.54066, patience : 2
2026-09-10 13:58:33,829 P2854722 INFO pr:0.9582  rc:0.9488  auc:0.9969 ap:0.9918 f1: 0.9535 pred_right: 43591 pred_wrong:3209 actu_right: 43559 actu_wrong: 3241
2026-09-10 13:58:34,185 P2854722 INFO pr:0.9486  rc:0.9186  auc:0.9931 ap:0.9853 f1: 0.9333 pred_right: 17916 pred_wrong:1284 actu_right: 17874 actu_wrong: 1326
2026-09-10 13:58:34,186 P2854722 INFO ----------------------------------------------------------------------------------------------------
2026-09-10 13:58:34,186 P2854722 INFO 179/300 starting... lr: 0.0009000000000000001 para:0.01
2026-09-10 13:58:37,442 P2854722 INFO Epoch 179/300, all_loss:0.54508 cls_loss:0.47382 rec_loss:7.59918 [3.26s]; best loss:0.54066, patience : 2
2026-09-10 13:58:38,438 P2854722 INFO pr:0.9391  rc:0.9704  auc:0.9970 ap:0.9924 f1: 0.9545 pred_right: 43450 pred_wrong:3350 actu_right: 43558 actu_wrong: 3242
2026-09-10 13:58:38,879 P2854722 INFO pr:0.9289  rc:0.9457  auc:0.9933 ap:0.9864 f1: 0.9372 pred_right: 17850 pred_wrong:1350 actu_right: 17874 actu_wrong: 1326
2026-09-10 13:58:38,879 P2854722 INFO ----------------------------------------------------------------------------------------------------
2026-09-10 13:58:38,879 P2854722 INFO 180/300 starting... lr: 0.0009000000000000001 para:0.01
2026-09-10 13:58:42,174 P2854722 INFO Epoch 180/300, all_loss:0.58902 cls_loss:0.51741 rec_loss:7.67889 [3.29s]; best loss:0.54066, patience : 3
2026-09-10 13:58:43,468 P2854722 INFO pr:0.9312  rc:0.9772  auc:0.9972 ap:0.9929 f1: 0.9536 pred_right: 43401 pred_wrong:3399 actu_right: 43561 actu_wrong: 3239
2026-09-10 13:58:43,984 P2854722 INFO pr:0.9109  rc:0.9563  auc:0.9932 ap:0.9861 f1: 0.9330 pred_right: 17808 pred_wrong:1392 actu_right: 17874 actu_wrong: 1326
2026-09-10 13:58:43,985 P2854722 INFO ----------------------------------------------------------------------------------------------------
2026-09-10 13:58:43,986 P2854722 INFO 181/300 starting... lr: 0.0009000000000000001 para:0.01
2026-09-10 13:58:47,294 P2854722 INFO Epoch 181/300, all_loss:0.62248 cls_loss:0.55162 rec_loss:7.63752 [3.31s]; best loss:0.54066, patience : 4
2026-09-10 13:58:48,225 P2854722 INFO pr:0.9667  rc:0.9583  auc:0.9964 ap:0.9920 f1: 0.9625 pred_right: 43588 pred_wrong:3212 actu_right: 43560 actu_wrong: 3240
2026-09-10 13:58:48,611 P2854722 INFO pr:0.9567  rc:0.9336  auc:0.9933 ap:0.9863 f1: 0.9450 pred_right: 17906 pred_wrong:1294 actu_right: 17874 actu_wrong: 1326
2026-09-10 13:58:48,611 P2854722 INFO ----------------------------------------------------------------------------------------------------
2026-09-10 13:58:48,611 P2854722 INFO 182/300 starting... lr: 0.0009000000000000001 para:0.01
2026-09-10 13:58:51,798 P2854722 INFO Epoch 182/300, all_loss:0.62409 cls_loss:0.55239 rec_loss:7.72256 [3.19s]; best loss:0.54066, patience : 5
2026-09-10 13:58:53,067 P2854722 INFO pr:0.9398  rc:0.9584  auc:0.9970 ap:0.9908 f1: 0.9490 pred_right: 43493 pred_wrong:3307 actu_right: 43557 actu_wrong: 3243
2026-09-10 13:58:53,596 P2854722 INFO pr:0.9239  rc:0.9427  auc:0.9948 ap:0.9845 f1: 0.9332 pred_right: 17847 pred_wrong:1353 actu_right: 17874 actu_wrong: 1326
2026-09-10 13:58:53,598 P2854722 INFO ----------------------------------------------------------------------------------------------------
2026-09-10 13:58:53,598 P2854722 INFO 183/300 starting... lr: 0.0009000000000000001 para:0.01
2026-09-10 13:58:56,861 P2854722 INFO Epoch 183/300, all_loss:0.59539 cls_loss:0.52329 rec_loss:7.73376 [3.26s]; best loss:0.54066, patience : 5
2026-09-10 13:58:57,869 P2854722 INFO pr:0.9695  rc:0.9330  auc:0.9965 ap:0.9915 f1: 0.9509 pred_right: 43682 pred_wrong:3118 actu_right: 43560 actu_wrong: 3240
2026-09-10 13:58:58,390 P2854722 INFO pr:0.9550  rc:0.9125  auc:0.9923 ap:0.9854 f1: 0.9333 pred_right: 17933 pred_wrong:1267 actu_right: 17874 actu_wrong: 1326
2026-09-10 13:58:58,390 P2854722 INFO ----------------------------------------------------------------------------------------------------
2026-09-10 13:58:58,390 P2854722 INFO 184/300 starting... lr: 0.0009000000000000001 para:0.01
2026-09-10 13:59:01,726 P2854722 INFO Epoch 184/300, all_loss:0.56395 cls_loss:0.49123 rec_loss:7.76380 [3.33s]; best loss:0.54066, patience : 5
2026-09-10 13:59:02,794 P2854722 INFO pr:0.9728  rc:0.9506  auc:0.9972 ap:0.9932 f1: 0.9616 pred_right: 43635 pred_wrong:3165 actu_right: 43561 actu_wrong: 3239
2026-09-10 13:59:03,367 P2854722 INFO pr:0.9671  rc:0.9314  auc:0.9937 ap:0.9879 f1: 0.9489 pred_right: 17923 pred_wrong:1277 actu_right: 17874 actu_wrong: 1326
2026-09-10 13:59:03,369 P2854722 INFO ----------------------------------------------------------------------------------------------------
2026-09-10 13:59:03,370 P2854722 INFO 185/300 starting... lr: 0.0009000000000000001 para:0.01
2026-09-10 13:59:06,875 P2854722 INFO Epoch 185/300, all_loss:0.53236 cls_loss:0.45971 rec_loss:7.72460 [3.50s]; best loss:0.53236, patience : 0
2026-09-10 13:59:08,074 P2854722 INFO pr:0.9724  rc:0.9574  auc:0.9970 ap:0.9929 f1: 0.9649 pred_right: 43610 pred_wrong:3190 actu_right: 43560 actu_wrong: 3240
2026-09-10 13:59:08,534 P2854722 INFO pr:0.9589  rc:0.9336  auc:0.9937 ap:0.9873 f1: 0.9461 pred_right: 17909 pred_wrong:1291 actu_right: 17874 actu_wrong: 1326
2026-09-10 13:59:08,534 P2854722 INFO ----------------------------------------------------------------------------------------------------
2026-09-10 13:59:08,534 P2854722 INFO 186/300 starting... lr: 0.0009000000000000001 para:0.01
2026-09-10 13:59:11,626 P2854722 INFO Epoch 186/300, all_loss:0.52468 cls_loss:0.45186 rec_loss:7.73346 [3.08s]; best loss:0.52468, patience : 0
2026-09-10 13:59:12,736 P2854722 INFO pr:0.9674  rc:0.9605  auc:0.9972 ap:0.9930 f1: 0.9639 pred_right: 43581 pred_wrong:3219 actu_right: 43558 actu_wrong: 3242
2026-09-10 13:59:13,102 P2854722 INFO pr:0.9551  rc:0.9465  auc:0.9939 ap:0.9873 f1: 0.9508 pred_right: 17886 pred_wrong:1314 actu_right: 17874 actu_wrong: 1326
2026-09-10 13:59:13,103 P2854722 INFO ----------------------------------------------------------------------------------------------------
2026-09-10 13:59:13,103 P2854722 INFO 187/300 starting... lr: 0.0009000000000000001 para:0.01
2026-09-10 13:59:16,369 P2854722 INFO Epoch 187/300, all_loss:0.61353 cls_loss:0.54129 rec_loss:7.76588 [3.27s]; best loss:0.52468, patience : 1
2026-09-10 13:59:17,499 P2854722 INFO pr:0.9798  rc:0.9441  auc:0.9971 ap:0.9931 f1: 0.9616 pred_right: 43680 pred_wrong:3120 actu_right: 43562 actu_wrong: 3238
2026-09-10 13:59:17,964 P2854722 INFO pr:0.9699  rc:0.9231  auc:0.9936 ap:0.9873 f1: 0.9459 pred_right: 17938 pred_wrong:1262 actu_right: 17874 actu_wrong: 1326
2026-09-10 13:59:17,965 P2854722 INFO ----------------------------------------------------------------------------------------------------
2026-09-10 13:59:17,966 P2854722 INFO 188/300 starting... lr: 0.0009000000000000001 para:0.01
2026-09-10 13:59:20,998 P2854722 INFO Epoch 188/300, all_loss:0.57925 cls_loss:0.50618 rec_loss:7.81317 [3.03s]; best loss:0.52468, patience : 1
2026-09-10 13:59:21,946 P2854722 INFO pr:0.9590  rc:0.9596  auc:0.9968 ap:0.9921 f1: 0.9593 pred_right: 43558 pred_wrong:3242 actu_right: 43560 actu_wrong: 3240
2026-09-10 13:59:22,303 P2854722 INFO pr:0.9391  rc:0.9419  auc:0.9933 ap:0.9853 f1: 0.9405 pred_right: 17870 pred_wrong:1330 actu_right: 17874 actu_wrong: 1326
2026-09-10 13:59:22,303 P2854722 INFO ----------------------------------------------------------------------------------------------------
2026-09-10 13:59:22,304 P2854722 INFO 189/300 starting... lr: 0.0009000000000000001 para:0.01
2026-09-10 13:59:25,441 P2854722 INFO Epoch 189/300, all_loss:0.66038 cls_loss:0.58783 rec_loss:7.84191 [3.14s]; best loss:0.52468, patience : 2
2026-09-10 13:59:26,697 P2854722 INFO pr:0.9471  rc:0.9731  auc:0.9974 ap:0.9930 f1: 0.9599 pred_right: 43473 pred_wrong:3327 actu_right: 43562 actu_wrong: 3238
2026-09-10 13:59:27,117 P2854722 INFO pr:0.9281  rc:0.9540  auc:0.9953 ap:0.9861 f1: 0.9409 pred_right: 17837 pred_wrong:1363 actu_right: 17874 actu_wrong: 1326
2026-09-10 13:59:27,118 P2854722 INFO ----------------------------------------------------------------------------------------------------
2026-09-10 13:59:27,118 P2854722 INFO 190/300 starting... lr: 0.0009000000000000001 para:0.01
2026-09-10 13:59:31,914 P2854722 INFO Epoch 190/300, all_loss:0.59218 cls_loss:0.52002 rec_loss:7.73641 [4.80s]; best loss:0.52468, patience : 2
2026-09-10 13:59:32,687 P2854722 INFO pr:0.9767  rc:0.9463  auc:0.9971 ap:0.9927 f1: 0.9613 pred_right: 43663 pred_wrong:3137 actu_right: 43562 actu_wrong: 3238
2026-09-10 13:59:33,000 P2854722 INFO pr:0.9663  rc:0.9291  auc:0.9939 ap:0.9866 f1: 0.9473 pred_right: 17925 pred_wrong:1275 actu_right: 17874 actu_wrong: 1326
2026-09-10 13:59:33,000 P2854722 INFO ----------------------------------------------------------------------------------------------------
2026-09-10 13:59:33,000 P2854722 INFO 191/300 starting... lr: 0.0009000000000000001 para:0.01
2026-09-10 13:59:35,455 P2854722 INFO Epoch 191/300, all_loss:0.57483 cls_loss:0.50195 rec_loss:7.79058 [2.45s]; best loss:0.52468, patience : 2
2026-09-10 13:59:36,169 P2854722 INFO pr:0.9732  rc:0.9639  auc:0.9969 ap:0.9923 f1: 0.9685 pred_right: 43590 pred_wrong:3210 actu_right: 43559 actu_wrong: 3241
2026-09-10 13:59:36,519 P2854722 INFO pr:0.9623  rc:0.9434  auc:0.9947 ap:0.9887 f1: 0.9528 pred_right: 17900 pred_wrong:1300 actu_right: 17874 actu_wrong: 1326
2026-09-10 13:59:36,525 P2854722 INFO ----------------------------------------------------------------------------------------------------
2026-09-10 13:59:36,525 P2854722 INFO 192/300 starting... lr: 0.0009000000000000001 para:0.01
2026-09-10 13:59:39,188 P2854722 INFO Epoch 192/300, all_loss:0.51598 cls_loss:0.44299 rec_loss:7.74153 [2.66s]; best loss:0.51598, patience : 0
2026-09-10 13:59:40,014 P2854722 INFO pr:0.9654  rc:0.9722  auc:0.9972 ap:0.9934 f1: 0.9688 pred_right: 43537 pred_wrong:3263 actu_right: 43560 actu_wrong: 3240
2026-09-10 13:59:40,367 P2854722 INFO pr:0.9517  rc:0.9510  auc:0.9940 ap:0.9883 f1: 0.9513 pred_right: 17875 pred_wrong:1325 actu_right: 17874 actu_wrong: 1326
2026-09-10 13:59:40,373 P2854722 INFO ----------------------------------------------------------------------------------------------------
2026-09-10 13:59:40,373 P2854722 INFO 193/300 starting... lr: 0.0009000000000000001 para:0.01
2026-09-10 13:59:43,157 P2854722 INFO Epoch 193/300, all_loss:0.54578 cls_loss:0.47292 rec_loss:7.75899 [2.78s]; best loss:0.51598, patience : 1
2026-09-10 13:59:44,030 P2854722 INFO pr:0.9706  rc:0.9691  auc:0.9971 ap:0.9935 f1: 0.9699 pred_right: 43566 pred_wrong:3234 actu_right: 43561 actu_wrong: 3239
2026-09-10 13:59:44,407 P2854722 INFO pr:0.9514  rc:0.9449  auc:0.9943 ap:0.9882 f1: 0.9482 pred_right: 17883 pred_wrong:1317 actu_right: 17874 actu_wrong: 1326
2026-09-10 13:59:44,414 P2854722 INFO ----------------------------------------------------------------------------------------------------
2026-09-10 13:59:44,414 P2854722 INFO 194/300 starting... lr: 0.0009000000000000001 para:0.01
2026-09-10 13:59:47,033 P2854722 INFO Epoch 194/300, all_loss:0.60330 cls_loss:0.53056 rec_loss:7.80518 [2.62s]; best loss:0.51598, patience : 2
2026-09-10 13:59:49,151 P2854722 INFO pr:0.9631  rc:0.9670  auc:0.9964 ap:0.9923 f1: 0.9651 pred_right: 43545 pred_wrong:3255 actu_right: 43558 actu_wrong: 3242
2026-09-10 13:59:51,177 P2854722 INFO pr:0.9487  rc:0.9480  auc:0.9929 ap:0.9874 f1: 0.9483 pred_right: 17875 pred_wrong:1325 actu_right: 17874 actu_wrong: 1326
2026-09-10 13:59:51,178 P2854722 INFO ----------------------------------------------------------------------------------------------------
2026-09-10 13:59:51,180 P2854722 INFO 195/300 starting... lr: 0.0009000000000000001 para:0.01
2026-09-10 13:59:59,470 P2854722 INFO Epoch 195/300, all_loss:0.62668 cls_loss:0.55427 rec_loss:7.79474 [8.29s]; best loss:0.51598, patience : 3
2026-09-10 14:00:04,718 P2854722 INFO pr:0.9609  rc:0.9620  auc:0.9972 ap:0.9928 f1: 0.9614 pred_right: 43556 pred_wrong:3244 actu_right: 43560 actu_wrong: 3240
2026-09-10 14:00:05,895 P2854722 INFO pr:0.9420  rc:0.9434  auc:0.9939 ap:0.9873 f1: 0.9427 pred_right: 17872 pred_wrong:1328 actu_right: 17874 actu_wrong: 1326
2026-09-10 14:00:05,896 P2854722 INFO ----------------------------------------------------------------------------------------------------
2026-09-10 14:00:05,896 P2854722 INFO 196/300 starting... lr: 0.0009000000000000001 para:0.01
2026-09-10 14:00:10,160 P2854722 INFO Epoch 196/300, all_loss:0.54982 cls_loss:0.47723 rec_loss:7.73628 [4.26s]; best loss:0.51598, patience : 3
2026-09-10 14:00:11,512 P2854722 INFO pr:0.9680  rc:0.9599  auc:0.9970 ap:0.9930 f1: 0.9639 pred_right: 43586 pred_wrong:3214 actu_right: 43559 actu_wrong: 3241
2026-09-10 14:00:11,935 P2854722 INFO pr:0.9549  rc:0.9419  auc:0.9939 ap:0.9876 f1: 0.9484 pred_right: 17892 pred_wrong:1308 actu_right: 17874 actu_wrong: 1326
2026-09-10 14:00:11,935 P2854722 INFO ----------------------------------------------------------------------------------------------------
2026-09-10 14:00:11,935 P2854722 INFO 197/300 starting... lr: 0.0009000000000000001 para:0.01
2026-09-10 14:00:15,099 P2854722 INFO Epoch 197/300, all_loss:0.48647 cls_loss:0.41317 rec_loss:7.74345 [3.16s]; best loss:0.48647, patience : 0
2026-09-10 14:00:16,092 P2854722 INFO pr:0.9766  rc:0.9648  auc:0.9973 ap:0.9934 f1: 0.9706 pred_right: 43600 pred_wrong:3200 actu_right: 43561 actu_wrong: 3239
2026-09-10 14:00:16,510 P2854722 INFO pr:0.9645  rc:0.9419  auc:0.9938 ap:0.9875 f1: 0.9531 pred_right: 17905 pred_wrong:1295 actu_right: 17874 actu_wrong: 1326
2026-09-10 14:00:16,517 P2854722 INFO ----------------------------------------------------------------------------------------------------
2026-09-10 14:00:16,517 P2854722 INFO 198/300 starting... lr: 0.0009000000000000001 para:0.01
2026-09-10 14:00:19,731 P2854722 INFO Epoch 198/300, all_loss:0.54303 cls_loss:0.46998 rec_loss:7.77506 [3.21s]; best loss:0.48647, patience : 1
2026-09-10 14:00:20,777 P2854722 INFO pr:0.9779  rc:0.9561  auc:0.9972 ap:0.9933 f1: 0.9669 pred_right: 43634 pred_wrong:3166 actu_right: 43562 actu_wrong: 3238
2026-09-10 14:00:21,128 P2854722 INFO pr:0.9658  rc:0.9359  auc:0.9939 ap:0.9874 f1: 0.9506 pred_right: 17915 pred_wrong:1285 actu_right: 17874 actu_wrong: 1326
2026-09-10 14:00:21,129 P2854722 INFO ----------------------------------------------------------------------------------------------------
2026-09-10 14:00:21,129 P2854722 INFO 199/300 starting... lr: 0.0009000000000000001 para:0.01
2026-09-10 14:00:24,294 P2854722 INFO Epoch 199/300, all_loss:0.48278 cls_loss:0.40874 rec_loss:7.81234 [3.16s]; best loss:0.48278, patience : 0
2026-09-10 14:00:25,242 P2854722 INFO pr:0.9807  rc:0.9571  auc:0.9974 ap:0.9937 f1: 0.9688 pred_right: 43638 pred_wrong:3162 actu_right: 43560 actu_wrong: 3240
2026-09-10 14:00:25,613 P2854722 INFO pr:0.9712  rc:0.9412  auc:0.9932 ap:0.9881 f1: 0.9560 pred_right: 17915 pred_wrong:1285 actu_right: 17874 actu_wrong: 1326
2026-09-10 14:00:25,614 P2854722 INFO ----------------------------------------------------------------------------------------------------
2026-09-10 14:00:25,614 P2854722 INFO 200/300 starting... lr: 0.0008100000000000001 para:0.01
2026-09-10 14:00:28,829 P2854722 INFO Epoch 200/300, all_loss:0.45678 cls_loss:0.38191 rec_loss:7.86842 [3.21s]; best loss:0.45678, patience : 0
2026-09-10 14:00:29,913 P2854722 INFO pr:0.9286  rc:0.9799  auc:0.9973 ap:0.9927 f1: 0.9536 pred_right: 43384 pred_wrong:3416 actu_right: 43563 actu_wrong: 3237
2026-09-10 14:00:30,352 P2854722 INFO pr:0.9097  rc:0.9578  auc:0.9942 ap:0.9870 f1: 0.9331 pred_right: 17804 pred_wrong:1396 actu_right: 17874 actu_wrong: 1326
2026-09-10 14:00:30,352 P2854722 INFO ----------------------------------------------------------------------------------------------------
2026-09-10 14:00:30,353 P2854722 INFO 201/300 starting... lr: 0.0008100000000000001 para:0.01
2026-09-10 14:00:33,502 P2854722 INFO Epoch 201/300, all_loss:0.52921 cls_loss:0.45555 rec_loss:7.82069 [3.15s]; best loss:0.45678, patience : 1
2026-09-10 14:00:34,462 P2854722 INFO pr:0.9799  rc:0.9620  auc:0.9971 ap:0.9934 f1: 0.9709 pred_right: 43619 pred_wrong:3181 actu_right: 43560 actu_wrong: 3240
2026-09-10 14:00:34,860 P2854722 INFO pr:0.9622  rc:0.9419  auc:0.9936 ap:0.9880 f1: 0.9520 pred_right: 17902 pred_wrong:1298 actu_right: 17874 actu_wrong: 1326
2026-09-10 14:00:34,867 P2854722 INFO ----------------------------------------------------------------------------------------------------
2026-09-10 14:00:34,868 P2854722 INFO 202/300 starting... lr: 0.0008100000000000001 para:0.01
2026-09-10 14:00:38,015 P2854722 INFO Epoch 202/300, all_loss:0.48144 cls_loss:0.40626 rec_loss:7.92390 [3.15s]; best loss:0.45678, patience : 1
2026-09-10 14:00:38,982 P2854722 INFO pr:0.9787  rc:0.9516  auc:0.9971 ap:0.9930 f1: 0.9650 pred_right: 43648 pred_wrong:3152 actu_right: 43558 actu_wrong: 3242
2026-09-10 14:00:39,400 P2854722 INFO pr:0.9618  rc:0.9299  auc:0.9932 ap:0.9864 f1: 0.9456 pred_right: 17918 pred_wrong:1282 actu_right: 17874 actu_wrong: 1326
2026-09-10 14:00:39,401 P2854722 INFO ----------------------------------------------------------------------------------------------------
2026-09-10 14:00:39,401 P2854722 INFO 203/300 starting... lr: 0.0008100000000000001 para:0.01
2026-09-10 14:00:42,443 P2854722 INFO Epoch 203/300, all_loss:0.48690 cls_loss:0.41219 rec_loss:7.88340 [3.04s]; best loss:0.45678, patience : 2
2026-09-10 14:00:43,411 P2854722 INFO pr:0.9871  rc:0.9484  auc:0.9969 ap:0.9941 f1: 0.9674 pred_right: 43688 pred_wrong:3112 actu_right: 43561 actu_wrong: 3239
2026-09-10 14:00:43,808 P2854722 INFO pr:0.9801  rc:0.9268  auc:0.9929 ap:0.9882 f1: 0.9527 pred_right: 17946 pred_wrong:1254 actu_right: 17874 actu_wrong: 1326
2026-09-10 14:00:43,809 P2854722 INFO ----------------------------------------------------------------------------------------------------
2026-09-10 14:00:43,809 P2854722 INFO 204/300 starting... lr: 0.0008100000000000001 para:0.01
2026-09-10 14:00:46,907 P2854722 INFO Epoch 204/300, all_loss:0.46632 cls_loss:0.39059 rec_loss:7.96397 [3.10s]; best loss:0.45678, patience : 2
2026-09-10 14:00:48,016 P2854722 INFO pr:0.9715  rc:0.9670  auc:0.9970 ap:0.9941 f1: 0.9692 pred_right: 43576 pred_wrong:3224 actu_right: 43561 actu_wrong: 3239
2026-09-10 14:00:48,507 P2854722 INFO pr:0.9608  rc:0.9419  auc:0.9936 ap:0.9882 f1: 0.9513 pred_right: 17900 pred_wrong:1300 actu_right: 17874 actu_wrong: 1326
2026-09-10 14:00:48,508 P2854722 INFO ----------------------------------------------------------------------------------------------------
2026-09-10 14:00:48,508 P2854722 INFO 205/300 starting... lr: 0.0008100000000000001 para:0.01
2026-09-10 14:00:51,700 P2854722 INFO Epoch 205/300, all_loss:0.49198 cls_loss:0.41721 rec_loss:7.89456 [3.19s]; best loss:0.45678, patience : 3
2026-09-10 14:00:52,763 P2854722 INFO pr:0.9668  rc:0.9713  auc:0.9970 ap:0.9940 f1: 0.9690 pred_right: 43546 pred_wrong:3254 actu_right: 43561 actu_wrong: 3239
2026-09-10 14:00:53,226 P2854722 INFO pr:0.9532  rc:0.9525  auc:0.9939 ap:0.9879 f1: 0.9528 pred_right: 17875 pred_wrong:1325 actu_right: 17874 actu_wrong: 1326
2026-09-10 14:00:53,227 P2854722 INFO ----------------------------------------------------------------------------------------------------
2026-09-10 14:00:53,227 P2854722 INFO 206/300 starting... lr: 0.0008100000000000001 para:0.01
2026-09-10 14:00:56,682 P2854722 INFO Epoch 206/300, all_loss:0.46204 cls_loss:0.38658 rec_loss:7.93257 [3.45s]; best loss:0.45678, patience : 3
2026-09-10 14:00:57,726 P2854722 INFO pr:0.9816  rc:0.9568  auc:0.9971 ap:0.9935 f1: 0.9690 pred_right: 43643 pred_wrong:3157 actu_right: 43561 actu_wrong: 3239
2026-09-10 14:00:58,171 P2854722 INFO pr:0.9718  rc:0.9351  auc:0.9935 ap:0.9883 f1: 0.9531 pred_right: 17924 pred_wrong:1276 actu_right: 17874 actu_wrong: 1326
2026-09-10 14:00:58,172 P2854722 INFO ----------------------------------------------------------------------------------------------------
2026-09-10 14:00:58,172 P2854722 INFO 207/300 starting... lr: 0.0008100000000000001 para:0.01
2026-09-10 14:01:01,202 P2854722 INFO Epoch 207/300, all_loss:0.48704 cls_loss:0.41078 rec_loss:8.03645 [3.03s]; best loss:0.45678, patience : 4
2026-09-10 14:01:02,215 P2854722 INFO pr:0.9644  rc:0.9695  auc:0.9972 ap:0.9932 f1: 0.9669 pred_right: 43542 pred_wrong:3258 actu_right: 43559 actu_wrong: 3241
2026-09-10 14:01:02,624 P2854722 INFO pr:0.9536  rc:0.9465  auc:0.9937 ap:0.9865 f1: 0.9500 pred_right: 17884 pred_wrong:1316 actu_right: 17874 actu_wrong: 1326
2026-09-10 14:01:02,625 P2854722 INFO ----------------------------------------------------------------------------------------------------
2026-09-10 14:01:02,625 P2854722 INFO 208/300 starting... lr: 0.0008100000000000001 para:0.01
2026-09-10 14:01:05,952 P2854722 INFO Epoch 208/300, all_loss:0.44035 cls_loss:0.36344 rec_loss:8.05457 [3.32s]; best loss:0.44035, patience : 0
2026-09-10 14:01:07,105 P2854722 INFO pr:0.9898  rc:0.9330  auc:0.9962 ap:0.9932 f1: 0.9606 pred_right: 43747 pred_wrong:3053 actu_right: 43561 actu_wrong: 3239
2026-09-10 14:01:07,562 P2854722 INFO pr:0.9773  rc:0.9095  auc:0.9923 ap:0.9869 f1: 0.9422 pred_right: 17966 pred_wrong:1234 actu_right: 17874 actu_wrong: 1326
2026-09-10 14:01:07,563 P2854722 INFO ----------------------------------------------------------------------------------------------------
2026-09-10 14:01:07,563 P2854722 INFO 209/300 starting... lr: 0.0008100000000000001 para:0.01
2026-09-10 14:01:10,946 P2854722 INFO Epoch 209/300, all_loss:0.49651 cls_loss:0.42086 rec_loss:7.98586 [3.38s]; best loss:0.44035, patience : 1
2026-09-10 14:01:12,049 P2854722 INFO pr:0.9547  rc:0.9710  auc:0.9968 ap:0.9924 f1: 0.9628 pred_right: 43508 pred_wrong:3292 actu_right: 43563 actu_wrong: 3237
2026-09-10 14:01:12,473 P2854722 INFO pr:0.9409  rc:0.9487  auc:0.9927 ap:0.9861 f1: 0.9448 pred_right: 17863 pred_wrong:1337 actu_right: 17874 actu_wrong: 1326
2026-09-10 14:01:12,473 P2854722 INFO ----------------------------------------------------------------------------------------------------
2026-09-10 14:01:12,474 P2854722 INFO 210/300 starting... lr: 0.0008100000000000001 para:0.01
2026-09-10 14:01:15,922 P2854722 INFO Epoch 210/300, all_loss:0.50115 cls_loss:0.42600 rec_loss:7.94164 [3.45s]; best loss:0.44035, patience : 2
2026-09-10 14:01:17,266 P2854722 INFO pr:0.9664  rc:0.9577  auc:0.9963 ap:0.9921 f1: 0.9620 pred_right: 43587 pred_wrong:3213 actu_right: 43558 actu_wrong: 3242
2026-09-10 14:01:17,694 P2854722 INFO pr:0.9544  rc:0.9306  auc:0.9927 ap:0.9861 f1: 0.9423 pred_right: 17907 pred_wrong:1293 actu_right: 17874 actu_wrong: 1326
2026-09-10 14:01:17,695 P2854722 INFO ----------------------------------------------------------------------------------------------------
2026-09-10 14:01:17,696 P2854722 INFO 211/300 starting... lr: 0.0008100000000000001 para:0.01
2026-09-10 14:01:20,985 P2854722 INFO Epoch 211/300, all_loss:0.41258 cls_loss:0.33615 rec_loss:7.97967 [3.28s]; best loss:0.41258, patience : 0
2026-09-10 14:01:22,094 P2854722 INFO pr:0.9841  rc:0.9522  auc:0.9970 ap:0.9932 f1: 0.9679 pred_right: 43664 pred_wrong:3136 actu_right: 43559 actu_wrong: 3241
2026-09-10 14:01:22,561 P2854722 INFO pr:0.9748  rc:0.9336  auc:0.9934 ap:0.9888 f1: 0.9538 pred_right: 17930 pred_wrong:1270 actu_right: 17874 actu_wrong: 1326
2026-09-10 14:01:22,562 P2854722 INFO ----------------------------------------------------------------------------------------------------
2026-09-10 14:01:22,562 P2854722 INFO 212/300 starting... lr: 0.0008100000000000001 para:0.01
2026-09-10 14:01:26,060 P2854722 INFO Epoch 212/300, all_loss:0.52639 cls_loss:0.45060 rec_loss:8.02993 [3.50s]; best loss:0.41258, patience : 1
2026-09-10 14:01:27,163 P2854722 INFO pr:0.9772  rc:0.9633  auc:0.9970 ap:0.9936 f1: 0.9702 pred_right: 43605 pred_wrong:3195 actu_right: 43559 actu_wrong: 3241
2026-09-10 14:01:27,698 P2854722 INFO pr:0.9682  rc:0.9412  auc:0.9933 ap:0.9884 f1: 0.9545 pred_right: 17911 pred_wrong:1289 actu_right: 17874 actu_wrong: 1326
2026-09-10 14:01:27,698 P2854722 INFO ----------------------------------------------------------------------------------------------------
2026-09-10 14:01:27,698 P2854722 INFO 213/300 starting... lr: 0.0008100000000000001 para:0.01
2026-09-10 14:01:31,042 P2854722 INFO Epoch 213/300, all_loss:0.49933 cls_loss:0.42414 rec_loss:7.94249 [3.34s]; best loss:0.41258, patience : 1
2026-09-10 14:01:31,935 P2854722 INFO pr:0.9642  rc:0.9716  auc:0.9970 ap:0.9935 f1: 0.9679 pred_right: 43533 pred_wrong:3267 actu_right: 43558 actu_wrong: 3242
2026-09-10 14:01:32,340 P2854722 INFO pr:0.9539  rc:0.9525  auc:0.9931 ap:0.9870 f1: 0.9532 pred_right: 17876 pred_wrong:1324 actu_right: 17874 actu_wrong: 1326
2026-09-10 14:01:32,340 P2854722 INFO ----------------------------------------------------------------------------------------------------
2026-09-10 14:01:32,341 P2854722 INFO 214/300 starting... lr: 0.0008100000000000001 para:0.01
2026-09-10 14:01:35,821 P2854722 INFO Epoch 214/300, all_loss:0.51489 cls_loss:0.43903 rec_loss:8.02499 [3.48s]; best loss:0.41258, patience : 2
2026-09-10 14:01:36,883 P2854722 INFO pr:0.9791  rc:0.9688  auc:0.9972 ap:0.9938 f1: 0.9739 pred_right: 43594 pred_wrong:3206 actu_right: 43560 actu_wrong: 3240
2026-09-10 14:01:37,321 P2854722 INFO pr:0.9662  rc:0.9480  auc:0.9938 ap:0.9883 f1: 0.9570 pred_right: 17899 pred_wrong:1301 actu_right: 17874 actu_wrong: 1326
2026-09-10 14:01:37,328 P2854722 INFO ----------------------------------------------------------------------------------------------------
2026-09-10 14:01:37,328 P2854722 INFO 215/300 starting... lr: 0.0008100000000000001 para:0.01
2026-09-10 14:01:41,018 P2854722 INFO Epoch 215/300, all_loss:0.50297 cls_loss:0.42605 rec_loss:8.11800 [3.69s]; best loss:0.41258, patience : 2
2026-09-10 14:01:42,065 P2854722 INFO pr:0.9796  rc:0.9624  auc:0.9967 ap:0.9934 f1: 0.9709 pred_right: 43615 pred_wrong:3185 actu_right: 43558 actu_wrong: 3242
2026-09-10 14:01:42,513 P2854722 INFO pr:0.9660  rc:0.9419  auc:0.9938 ap:0.9884 f1: 0.9538 pred_right: 17907 pred_wrong:1293 actu_right: 17874 actu_wrong: 1326
2026-09-10 14:01:42,514 P2854722 INFO ----------------------------------------------------------------------------------------------------
2026-09-10 14:01:42,514 P2854722 INFO 216/300 starting... lr: 0.0008100000000000001 para:0.01
2026-09-10 14:01:45,723 P2854722 INFO Epoch 216/300, all_loss:0.44558 cls_loss:0.36869 rec_loss:8.05747 [3.21s]; best loss:0.41258, patience : 2
2026-09-10 14:01:46,788 P2854722 INFO pr:0.9829  rc:0.9574  auc:0.9964 ap:0.9932 f1: 0.9700 pred_right: 43643 pred_wrong:3157 actu_right: 43559 actu_wrong: 3241
2026-09-10 14:01:47,245 P2854722 INFO pr:0.9755  rc:0.9306  auc:0.9934 ap:0.9877 f1: 0.9525 pred_right: 17935 pred_wrong:1265 actu_right: 17874 actu_wrong: 1326
2026-09-10 14:01:47,246 P2854722 INFO ----------------------------------------------------------------------------------------------------
2026-09-10 14:01:47,246 P2854722 INFO 217/300 starting... lr: 0.0008100000000000001 para:0.01
2026-09-10 14:01:50,358 P2854722 INFO Epoch 217/300, all_loss:0.44443 cls_loss:0.36784 rec_loss:8.02673 [3.11s]; best loss:0.41258, patience : 2
2026-09-10 14:01:51,254 P2854722 INFO pr:0.9803  rc:0.9651  auc:0.9968 ap:0.9937 f1: 0.9726 pred_right: 43608 pred_wrong:3192 actu_right: 43558 actu_wrong: 3242
2026-09-10 14:01:51,647 P2854722 INFO pr:0.9668  rc:0.9434  auc:0.9930 ap:0.9883 f1: 0.9550 pred_right: 17906 pred_wrong:1294 actu_right: 17874 actu_wrong: 1326
2026-09-10 14:01:51,648 P2854722 INFO ----------------------------------------------------------------------------------------------------
2026-09-10 14:01:51,648 P2854722 INFO 218/300 starting... lr: 0.0008100000000000001 para:0.01
2026-09-10 14:01:55,076 P2854722 INFO Epoch 218/300, all_loss:0.43476 cls_loss:0.35812 rec_loss:8.02181 [3.43s]; best loss:0.41258, patience : 2
2026-09-10 14:01:56,090 P2854722 INFO pr:0.9827  rc:0.9629  auc:0.9971 ap:0.9940 f1: 0.9727 pred_right: 43627 pred_wrong:3173 actu_right: 43562 actu_wrong: 3238
2026-09-10 14:01:56,519 P2854722 INFO pr:0.9705  rc:0.9442  auc:0.9936 ap:0.9883 f1: 0.9572 pred_right: 17910 pred_wrong:1290 actu_right: 17874 actu_wrong: 1326
2026-09-10 14:01:56,520 P2854722 INFO ----------------------------------------------------------------------------------------------------
2026-09-10 14:01:56,521 P2854722 INFO 219/300 starting... lr: 0.0008100000000000001 para:0.01
2026-09-10 14:01:59,577 P2854722 INFO Epoch 219/300, all_loss:0.44643 cls_loss:0.36985 rec_loss:8.02755 [3.06s]; best loss:0.41258, patience : 3
2026-09-10 14:02:00,626 P2854722 INFO pr:0.9501  rc:0.9797  auc:0.9970 ap:0.9928 f1: 0.9646 pred_right: 43454 pred_wrong:3346 actu_right: 43555 actu_wrong: 3245
2026-09-10 14:02:00,987 P2854722 INFO pr:0.9288  rc:0.9548  auc:0.9934 ap:0.9863 f1: 0.9416 pred_right: 17837 pred_wrong:1363 actu_right: 17874 actu_wrong: 1326
2026-09-10 14:02:00,987 P2854722 INFO ----------------------------------------------------------------------------------------------------
2026-09-10 14:02:00,988 P2854722 INFO 220/300 starting... lr: 0.0008100000000000001 para:0.01
2026-09-10 14:02:04,091 P2854722 INFO Epoch 220/300, all_loss:0.44501 cls_loss:0.36787 rec_loss:8.08185 [3.10s]; best loss:0.41258, patience : 3
2026-09-10 14:02:05,249 P2854722 INFO pr:0.9673  rc:0.9410  auc:0.9961 ap:0.9913 f1: 0.9540 pred_right: 43649 pred_wrong:3151 actu_right: 43561 actu_wrong: 3239
2026-09-10 14:02:06,121 P2854722 INFO pr:0.9557  rc:0.9103  auc:0.9923 ap:0.9851 f1: 0.9324 pred_right: 17937 pred_wrong:1263 actu_right: 17874 actu_wrong: 1326
2026-09-10 14:02:06,121 P2854722 INFO ----------------------------------------------------------------------------------------------------
2026-09-10 14:02:06,122 P2854722 INFO 221/300 starting... lr: 0.0008100000000000001 para:0.01
2026-09-10 14:02:10,065 P2854722 INFO Epoch 221/300, all_loss:0.54420 cls_loss:0.46788 rec_loss:8.09926 [3.94s]; best loss:0.41258, patience : 4
2026-09-10 14:02:10,889 P2854722 INFO pr:0.9704  rc:0.9701  auc:0.9974 ap:0.9935 f1: 0.9702 pred_right: 43561 pred_wrong:3239 actu_right: 43560 actu_wrong: 3240
2026-09-10 14:02:11,227 P2854722 INFO pr:0.9611  rc:0.9495  auc:0.9933 ap:0.9874 f1: 0.9552 pred_right: 17890 pred_wrong:1310 actu_right: 17874 actu_wrong: 1326
2026-09-10 14:02:11,227 P2854722 INFO ----------------------------------------------------------------------------------------------------
2026-09-10 14:02:11,227 P2854722 INFO 222/300 starting... lr: 0.0008100000000000001 para:0.01
2026-09-10 14:02:13,754 P2854722 INFO Epoch 222/300, all_loss:0.46943 cls_loss:0.39210 rec_loss:8.12471 [2.53s]; best loss:0.41258, patience : 4
2026-09-10 14:02:14,603 P2854722 INFO pr:0.9812  rc:0.9648  auc:0.9973 ap:0.9940 f1: 0.9729 pred_right: 43612 pred_wrong:3188 actu_right: 43558 actu_wrong: 3242
2026-09-10 14:02:14,959 P2854722 INFO pr:0.9676  rc:0.9472  auc:0.9941 ap:0.9887 f1: 0.9573 pred_right: 17902 pred_wrong:1298 actu_right: 17874 actu_wrong: 1326
2026-09-10 14:02:14,960 P2854722 INFO ----------------------------------------------------------------------------------------------------
2026-09-10 14:02:14,960 P2854722 INFO 223/300 starting... lr: 0.0008100000000000001 para:0.01
2026-09-10 14:02:17,589 P2854722 INFO Epoch 223/300, all_loss:0.36420 cls_loss:0.28564 rec_loss:8.14160 [2.62s]; best loss:0.36420, patience : 0
2026-09-10 14:02:18,453 P2854722 INFO pr:0.9775  rc:0.9667  auc:0.9971 ap:0.9936 f1: 0.9721 pred_right: 43595 pred_wrong:3205 actu_right: 43559 actu_wrong: 3241
2026-09-10 14:02:18,847 P2854722 INFO pr:0.9627  rc:0.9540  auc:0.9934 ap:0.9875 f1: 0.9583 pred_right: 17886 pred_wrong:1314 actu_right: 17874 actu_wrong: 1326
2026-09-10 14:02:18,848 P2854722 INFO ----------------------------------------------------------------------------------------------------
2026-09-10 14:02:18,848 P2854722 INFO 224/300 starting... lr: 0.0008100000000000001 para:0.01
2026-09-10 14:02:21,710 P2854722 INFO Epoch 224/300, all_loss:0.47893 cls_loss:0.40205 rec_loss:8.08999 [2.85s]; best loss:0.36420, patience : 1
2026-09-10 14:02:22,549 P2854722 INFO pr:0.9783  rc:0.9590  auc:0.9970 ap:0.9934 f1: 0.9685 pred_right: 43623 pred_wrong:3177 actu_right: 43559 actu_wrong: 3241
2026-09-10 14:02:22,879 P2854722 INFO pr:0.9704  rc:0.9404  auc:0.9935 ap:0.9884 f1: 0.9552 pred_right: 17915 pred_wrong:1285 actu_right: 17874 actu_wrong: 1326
2026-09-10 14:02:22,880 P2854722 INFO ----------------------------------------------------------------------------------------------------
2026-09-10 14:02:22,880 P2854722 INFO 225/300 starting... lr: 0.0008100000000000001 para:0.01
2026-09-10 14:02:26,374 P2854722 INFO Epoch 225/300, all_loss:0.45480 cls_loss:0.37760 rec_loss:8.09758 [3.49s]; best loss:0.36420, patience : 1
2026-09-10 14:02:31,502 P2854722 INFO pr:0.9855  rc:0.9621  auc:0.9973 ap:0.9941 f1: 0.9736 pred_right: 43635 pred_wrong:3165 actu_right: 43558 actu_wrong: 3242
2026-09-10 14:02:33,867 P2854722 INFO pr:0.9766  rc:0.9449  auc:0.9937 ap:0.9885 f1: 0.9605 pred_right: 17917 pred_wrong:1283 actu_right: 17874 actu_wrong: 1326
2026-09-10 14:02:33,868 P2854722 INFO ----------------------------------------------------------------------------------------------------
2026-09-10 14:02:33,868 P2854722 INFO 226/300 starting... lr: 0.0008100000000000001 para:0.01
2026-09-10 14:02:42,270 P2854722 INFO Epoch 226/300, all_loss:0.38031 cls_loss:0.30271 rec_loss:8.06291 [8.40s]; best loss:0.36420, patience : 1
2026-09-10 14:02:44,684 P2854722 INFO pr:0.9608  rc:0.9756  auc:0.9973 ap:0.9935 f1: 0.9681 pred_right: 43510 pred_wrong:3290 actu_right: 43560 actu_wrong: 3240
2026-09-10 14:02:45,174 P2854722 INFO pr:0.9435  rc:0.9563  auc:0.9944 ap:0.9881 f1: 0.9498 pred_right: 17856 pred_wrong:1344 actu_right: 17874 actu_wrong: 1326
2026-09-10 14:02:45,176 P2854722 INFO ----------------------------------------------------------------------------------------------------
2026-09-10 14:02:45,177 P2854722 INFO 227/300 starting... lr: 0.0008100000000000001 para:0.01
2026-09-10 14:02:49,170 P2854722 INFO Epoch 227/300, all_loss:0.42316 cls_loss:0.34531 rec_loss:8.12983 [3.99s]; best loss:0.36420, patience : 2
2026-09-10 14:02:50,243 P2854722 INFO pr:0.9685  rc:0.9682  auc:0.9975 ap:0.9931 f1: 0.9683 pred_right: 43562 pred_wrong:3238 actu_right: 43561 actu_wrong: 3239
2026-09-10 14:02:50,620 P2854722 INFO pr:0.9570  rc:0.9563  auc:0.9959 ap:0.9882 f1: 0.9566 pred_right: 17875 pred_wrong:1325 actu_right: 17874 actu_wrong: 1326
2026-09-10 14:02:50,621 P2854722 INFO ----------------------------------------------------------------------------------------------------
2026-09-10 14:02:50,621 P2854722 INFO 228/300 starting... lr: 0.0008100000000000001 para:0.01
2026-09-10 14:02:53,837 P2854722 INFO Epoch 228/300, all_loss:0.38670 cls_loss:0.30910 rec_loss:8.06951 [3.22s]; best loss:0.36420, patience : 2
2026-09-10 14:02:55,032 P2854722 INFO pr:0.9711  rc:0.9753  auc:0.9974 ap:0.9944 f1: 0.9732 pred_right: 43546 pred_wrong:3254 actu_right: 43560 actu_wrong: 3240
2026-09-10 14:02:55,455 P2854722 INFO pr:0.9554  rc:0.9532  auc:0.9948 ap:0.9885 f1: 0.9543 pred_right: 17877 pred_wrong:1323 actu_right: 17874 actu_wrong: 1326
2026-09-10 14:02:55,455 P2854722 INFO ----------------------------------------------------------------------------------------------------
2026-09-10 14:02:55,455 P2854722 INFO 229/300 starting... lr: 0.0008100000000000001 para:0.01
2026-09-10 14:02:58,967 P2854722 INFO Epoch 229/300, all_loss:0.38087 cls_loss:0.30217 rec_loss:8.17211 [3.51s]; best loss:0.36420, patience : 2
2026-09-10 14:03:00,051 P2854722 INFO pr:0.9878  rc:0.9473  auc:0.9968 ap:0.9933 f1: 0.9671 pred_right: 43686 pred_wrong:3114 actu_right: 43553 actu_wrong: 3247
2026-09-10 14:03:00,497 P2854722 INFO pr:0.9730  rc:0.9223  auc:0.9939 ap:0.9878 f1: 0.9470 pred_right: 17943 pred_wrong:1257 actu_right: 17874 actu_wrong: 1326
2026-09-10 14:03:00,505 P2854722 INFO ----------------------------------------------------------------------------------------------------
2026-09-10 14:03:00,505 P2854722 INFO 230/300 starting... lr: 0.0008100000000000001 para:0.01
2026-09-10 14:03:03,451 P2854722 INFO Epoch 230/300, all_loss:0.43416 cls_loss:0.35628 rec_loss:8.14502 [2.94s]; best loss:0.36420, patience : 3
2026-09-10 14:03:04,581 P2854722 INFO pr:0.9871  rc:0.9427  auc:0.9970 ap:0.9939 f1: 0.9644 pred_right: 43702 pred_wrong:3098 actu_right: 43556 actu_wrong: 3244
2026-09-10 14:03:04,960 P2854722 INFO pr:0.9816  rc:0.9276  auc:0.9937 ap:0.9887 f1: 0.9539 pred_right: 17947 pred_wrong:1253 actu_right: 17874 actu_wrong: 1326
2026-09-10 14:03:04,961 P2854722 INFO ----------------------------------------------------------------------------------------------------
2026-09-10 14:03:04,961 P2854722 INFO 231/300 starting... lr: 0.0008100000000000001 para:0.01
2026-09-10 14:03:07,980 P2854722 INFO Epoch 231/300, all_loss:0.44619 cls_loss:0.36783 rec_loss:8.20357 [3.02s]; best loss:0.36420, patience : 4
2026-09-10 14:03:08,894 P2854722 INFO pr:0.9756  rc:0.9744  auc:0.9974 ap:0.9940 f1: 0.9750 pred_right: 43566 pred_wrong:3234 actu_right: 43562 actu_wrong: 3238
2026-09-10 14:03:09,481 P2854722 INFO pr:0.9627  rc:0.9532  auc:0.9942 ap:0.9887 f1: 0.9579 pred_right: 17887 pred_wrong:1313 actu_right: 17874 actu_wrong: 1326
2026-09-10 14:03:09,490 P2854722 INFO ----------------------------------------------------------------------------------------------------
2026-09-10 14:03:09,490 P2854722 INFO 232/300 starting... lr: 0.0008100000000000001 para:0.01
2026-09-10 14:03:12,832 P2854722 INFO Epoch 232/300, all_loss:0.37423 cls_loss:0.29455 rec_loss:8.26210 [3.34s]; best loss:0.36420, patience : 4
2026-09-10 14:03:14,011 P2854722 INFO pr:0.9784  rc:0.9654  auc:0.9967 ap:0.9930 f1: 0.9719 pred_right: 43605 pred_wrong:3195 actu_right: 43562 actu_wrong: 3238
2026-09-10 14:03:14,495 P2854722 INFO pr:0.9565  rc:0.9449  auc:0.9938 ap:0.9872 f1: 0.9507 pred_right: 17890 pred_wrong:1310 actu_right: 17874 actu_wrong: 1326
2026-09-10 14:03:14,496 P2854722 INFO ----------------------------------------------------------------------------------------------------
2026-09-10 14:03:14,496 P2854722 INFO 233/300 starting... lr: 0.0008100000000000001 para:0.01
2026-09-10 14:03:17,617 P2854722 INFO Epoch 233/300, all_loss:0.46156 cls_loss:0.38326 rec_loss:8.21298 [3.12s]; best loss:0.36420, patience : 5
2026-09-10 14:03:18,564 P2854722 INFO pr:0.9801  rc:0.9544  auc:0.9967 ap:0.9928 f1: 0.9670 pred_right: 43641 pred_wrong:3159 actu_right: 43556 actu_wrong: 3244
2026-09-10 14:03:18,959 P2854722 INFO pr:0.9684  rc:0.9238  auc:0.9931 ap:0.9872 f1: 0.9456 pred_right: 17935 pred_wrong:1265 actu_right: 17874 actu_wrong: 1326
2026-09-10 14:03:18,960 P2854722 INFO ----------------------------------------------------------------------------------------------------
2026-09-10 14:03:18,960 P2854722 INFO 234/300 starting... lr: 0.0008100000000000001 para:0.01
2026-09-10 14:03:22,252 P2854722 INFO Epoch 234/300, all_loss:0.49838 cls_loss:0.41997 rec_loss:8.26044 [3.29s]; best loss:0.36420, patience : 6
2026-09-10 14:03:23,479 P2854722 INFO pr:0.9737  rc:0.9722  auc:0.9969 ap:0.9935 f1: 0.9730 pred_right: 43563 pred_wrong:3237 actu_right: 43558 actu_wrong: 3242
2026-09-10 14:03:23,900 P2854722 INFO pr:0.9566  rc:0.9465  auc:0.9937 ap:0.9887 f1: 0.9515 pred_right: 17888 pred_wrong:1312 actu_right: 17874 actu_wrong: 1326
2026-09-10 14:03:23,901 P2854722 INFO ----------------------------------------------------------------------------------------------------
2026-09-10 14:03:23,901 P2854722 INFO 235/300 starting... lr: 0.0008100000000000001 para:0.01
2026-09-10 14:03:26,915 P2854722 INFO Epoch 235/300, all_loss:0.36987 cls_loss:0.29018 rec_loss:8.25975 [3.01s]; best loss:0.36420, patience : 6
2026-09-10 14:03:27,824 P2854722 INFO pr:0.9686  rc:0.9713  auc:0.9971 ap:0.9933 f1: 0.9699 pred_right: 43555 pred_wrong:3245 actu_right: 43564 actu_wrong: 3236
2026-09-10 14:03:28,263 P2854722 INFO pr:0.9476  rc:0.9555  auc:0.9933 ap:0.9864 f1: 0.9516 pred_right: 17863 pred_wrong:1337 actu_right: 17874 actu_wrong: 1326
2026-09-10 14:03:28,263 P2854722 INFO ----------------------------------------------------------------------------------------------------
2026-09-10 14:03:28,264 P2854722 INFO 236/300 starting... lr: 0.0008100000000000001 para:0.01
2026-09-10 14:03:31,648 P2854722 INFO Epoch 236/300, all_loss:0.38851 cls_loss:0.30939 rec_loss:8.22218 [3.38s]; best loss:0.36420, patience : 7
2026-09-10 14:03:32,692 P2854722 INFO pr:0.9767  rc:0.9704  auc:0.9973 ap:0.9941 f1: 0.9735 pred_right: 43580 pred_wrong:3220 actu_right: 43559 actu_wrong: 3241
2026-09-10 14:03:33,083 P2854722 INFO pr:0.9641  rc:0.9510  auc:0.9943 ap:0.9882 f1: 0.9575 pred_right: 17892 pred_wrong:1308 actu_right: 17874 actu_wrong: 1326
2026-09-10 14:03:33,083 P2854722 INFO ----------------------------------------------------------------------------------------------------
2026-09-10 14:03:33,083 P2854722 INFO 237/300 starting... lr: 0.0008100000000000001 para:0.01
2026-09-10 14:03:36,107 P2854722 INFO Epoch 237/300, all_loss:0.46500 cls_loss:0.38693 rec_loss:8.19406 [3.02s]; best loss:0.36420, patience : 8
2026-09-10 14:03:37,047 P2854722 INFO pr:0.9839  rc:0.9639  auc:0.9969 ap:0.9938 f1: 0.9738 pred_right: 43624 pred_wrong:3176 actu_right: 43558 actu_wrong: 3242
2026-09-10 14:03:37,515 P2854722 INFO pr:0.9735  rc:0.9434  auc:0.9936 ap:0.9889 f1: 0.9583 pred_right: 17915 pred_wrong:1285 actu_right: 17874 actu_wrong: 1326
2026-09-10 14:03:37,516 P2854722 INFO ----------------------------------------------------------------------------------------------------
2026-09-10 14:03:37,516 P2854722 INFO 238/300 starting... lr: 0.0008100000000000001 para:0.01
2026-09-10 14:03:40,679 P2854722 INFO Epoch 238/300, all_loss:0.36274 cls_loss:0.28321 rec_loss:8.23574 [3.15s]; best loss:0.36274, patience : 0
2026-09-10 14:03:41,701 P2854722 INFO pr:0.9803  rc:0.9673  auc:0.9970 ap:0.9939 f1: 0.9738 pred_right: 43599 pred_wrong:3201 actu_right: 43556 actu_wrong: 3244
2026-09-10 14:03:42,123 P2854722 INFO pr:0.9661  rc:0.9449  auc:0.9934 ap:0.9884 f1: 0.9554 pred_right: 17903 pred_wrong:1297 actu_right: 17874 actu_wrong: 1326
2026-09-10 14:03:42,123 P2854722 INFO ----------------------------------------------------------------------------------------------------
2026-09-10 14:03:42,124 P2854722 INFO 239/300 starting... lr: 0.0008100000000000001 para:0.01
2026-09-10 14:03:45,528 P2854722 INFO Epoch 239/300, all_loss:0.34692 cls_loss:0.26737 rec_loss:8.22253 [3.40s]; best loss:0.34692, patience : 0
2026-09-10 14:03:46,584 P2854722 INFO pr:0.9832  rc:0.9599  auc:0.9967 ap:0.9934 f1: 0.9714 pred_right: 43637 pred_wrong:3163 actu_right: 43560 actu_wrong: 3240
2026-09-10 14:03:46,936 P2854722 INFO pr:0.9746  rc:0.9253  auc:0.9940 ap:0.9887 f1: 0.9493 pred_right: 17941 pred_wrong:1259 actu_right: 17874 actu_wrong: 1326
2026-09-10 14:03:46,936 P2854722 INFO ----------------------------------------------------------------------------------------------------
2026-09-10 14:03:46,936 P2854722 INFO 240/300 starting... lr: 0.0008100000000000001 para:0.01
2026-09-10 14:03:50,426 P2854722 INFO Epoch 240/300, all_loss:0.40252 cls_loss:0.32281 rec_loss:8.29376 [3.49s]; best loss:0.34692, patience : 1
2026-09-10 14:03:51,233 P2854722 INFO pr:0.9697  rc:0.9664  auc:0.9966 ap:0.9925 f1: 0.9680 pred_right: 43569 pred_wrong:3231 actu_right: 43558 actu_wrong: 3242
2026-09-10 14:03:51,574 P2854722 INFO pr:0.9556  rc:0.9419  auc:0.9931 ap:0.9864 f1: 0.9487 pred_right: 17893 pred_wrong:1307 actu_right: 17874 actu_wrong: 1326
2026-09-10 14:03:51,574 P2854722 INFO ----------------------------------------------------------------------------------------------------
2026-09-10 14:03:51,574 P2854722 INFO 241/300 starting... lr: 0.0008100000000000001 para:0.01
2026-09-10 14:03:54,910 P2854722 INFO Epoch 241/300, all_loss:0.38370 cls_loss:0.30452 rec_loss:8.22269 [3.34s]; best loss:0.34692, patience : 1
2026-09-10 14:03:56,095 P2854722 INFO pr:0.9840  rc:0.9673  auc:0.9971 ap:0.9937 f1: 0.9756 pred_right: 43615 pred_wrong:3185 actu_right: 43560 actu_wrong: 3240
2026-09-10 14:03:56,518 P2854722 INFO pr:0.9707  rc:0.9480  auc:0.9932 ap:0.9885 f1: 0.9592 pred_right: 17905 pred_wrong:1295 actu_right: 17874 actu_wrong: 1326
2026-09-10 14:03:56,525 P2854722 INFO ----------------------------------------------------------------------------------------------------
2026-09-10 14:03:56,525 P2854722 INFO 242/300 starting... lr: 0.0008100000000000001 para:0.01
2026-09-10 14:03:59,895 P2854722 INFO Epoch 242/300, all_loss:0.37231 cls_loss:0.29253 rec_loss:8.27003 [3.37s]; best loss:0.34692, patience : 1
2026-09-10 14:04:01,138 P2854722 INFO pr:0.9747  rc:0.9738  auc:0.9971 ap:0.9938 f1: 0.9742 pred_right: 43563 pred_wrong:3237 actu_right: 43560 actu_wrong: 3240
2026-09-10 14:04:01,824 P2854722 INFO pr:0.9600  rc:0.9593  auc:0.9940 ap:0.9895 f1: 0.9596 pred_right: 17875 pred_wrong:1325 actu_right: 17874 actu_wrong: 1326
2026-09-10 14:04:01,825 P2854722 INFO ----------------------------------------------------------------------------------------------------
2026-09-10 14:04:01,825 P2854722 INFO 243/300 starting... lr: 0.0008100000000000001 para:0.01
2026-09-10 14:04:05,350 P2854722 INFO Epoch 243/300, all_loss:0.40754 cls_loss:0.32823 rec_loss:8.25915 [3.52s]; best loss:0.34692, patience : 2
2026-09-10 14:04:06,506 P2854722 INFO pr:0.9647  rc:0.9710  auc:0.9968 ap:0.9923 f1: 0.9679 pred_right: 43538 pred_wrong:3262 actu_right: 43559 actu_wrong: 3241
2026-09-10 14:04:06,939 P2854722 INFO pr:0.9440  rc:0.9540  auc:0.9948 ap:0.9871 f1: 0.9490 pred_right: 17860 pred_wrong:1340 actu_right: 17874 actu_wrong: 1326
2026-09-10 14:04:06,947 P2854722 INFO ----------------------------------------------------------------------------------------------------
2026-09-10 14:04:06,948 P2854722 INFO 244/300 starting... lr: 0.0008100000000000001 para:0.01
2026-09-10 14:04:10,251 P2854722 INFO Epoch 244/300, all_loss:0.36104 cls_loss:0.28139 rec_loss:8.24665 [3.30s]; best loss:0.34692, patience : 2
2026-09-10 14:04:11,436 P2854722 INFO pr:0.9827  rc:0.9623  auc:0.9972 ap:0.9936 f1: 0.9724 pred_right: 43629 pred_wrong:3171 actu_right: 43562 actu_wrong: 3238
2026-09-10 14:04:11,939 P2854722 INFO pr:0.9727  rc:0.9389  auc:0.9941 ap:0.9880 f1: 0.9555 pred_right: 17920 pred_wrong:1280 actu_right: 17874 actu_wrong: 1326
2026-09-10 14:04:11,939 P2854722 INFO ----------------------------------------------------------------------------------------------------
2026-09-10 14:04:11,940 P2854722 INFO 245/300 starting... lr: 0.0008100000000000001 para:0.01
2026-09-10 14:04:15,137 P2854722 INFO Epoch 245/300, all_loss:0.38108 cls_loss:0.30238 rec_loss:8.17190 [3.20s]; best loss:0.34692, patience : 3
2026-09-10 14:04:16,072 P2854722 INFO pr:0.9857  rc:0.9583  auc:0.9971 ap:0.9940 f1: 0.9718 pred_right: 43651 pred_wrong:3149 actu_right: 43561 actu_wrong: 3239
2026-09-10 14:04:16,452 P2854722 INFO pr:0.9772  rc:0.9367  auc:0.9938 ap:0.9885 f1: 0.9565 pred_right: 17929 pred_wrong:1271 actu_right: 17874 actu_wrong: 1326
2026-09-10 14:04:16,452 P2854722 INFO ----------------------------------------------------------------------------------------------------
2026-09-10 14:04:16,452 P2854722 INFO 246/300 starting... lr: 0.0008100000000000001 para:0.01
2026-09-10 14:04:19,543 P2854722 INFO Epoch 246/300, all_loss:0.34087 cls_loss:0.26061 rec_loss:8.28659 [3.08s]; best loss:0.34087, patience : 0
2026-09-10 14:04:20,498 P2854722 INFO pr:0.9833  rc:0.9624  auc:0.9970 ap:0.9940 f1: 0.9727 pred_right: 43627 pred_wrong:3173 actu_right: 43558 actu_wrong: 3242
2026-09-10 14:04:20,865 P2854722 INFO pr:0.9705  rc:0.9442  auc:0.9936 ap:0.9880 f1: 0.9572 pred_right: 17910 pred_wrong:1290 actu_right: 17874 actu_wrong: 1326
2026-09-10 14:04:20,865 P2854722 INFO ----------------------------------------------------------------------------------------------------
2026-09-10 14:04:20,866 P2854722 INFO 247/300 starting... lr: 0.0008100000000000001 para:0.01
2026-09-10 14:04:24,061 P2854722 INFO Epoch 247/300, all_loss:0.36468 cls_loss:0.28450 rec_loss:8.30213 [3.19s]; best loss:0.34087, patience : 1
2026-09-10 14:04:25,020 P2854722 INFO pr:0.9711  rc:0.9728  auc:0.9970 ap:0.9938 f1: 0.9719 pred_right: 43553 pred_wrong:3247 actu_right: 43559 actu_wrong: 3241
2026-09-10 14:04:25,518 P2854722 INFO pr:0.9588  rc:0.9472  auc:0.9932 ap:0.9867 f1: 0.9530 pred_right: 17890 pred_wrong:1310 actu_right: 17874 actu_wrong: 1326
2026-09-10 14:04:25,518 P2854722 INFO ----------------------------------------------------------------------------------------------------
2026-09-10 14:04:25,518 P2854722 INFO 248/300 starting... lr: 0.0008100000000000001 para:0.01
2026-09-10 14:04:28,755 P2854722 INFO Epoch 248/300, all_loss:0.35509 cls_loss:0.27518 rec_loss:8.26611 [3.24s]; best loss:0.34087, patience : 1
2026-09-10 14:04:29,964 P2854722 INFO pr:0.9885  rc:0.9534  auc:0.9968 ap:0.9936 f1: 0.9706 pred_right: 43673 pred_wrong:3127 actu_right: 43558 actu_wrong: 3242
2026-09-10 14:04:30,429 P2854722 INFO pr:0.9763  rc:0.9329  auc:0.9927 ap:0.9882 f1: 0.9541 pred_right: 17933 pred_wrong:1267 actu_right: 17874 actu_wrong: 1326
2026-09-10 14:04:30,430 P2854722 INFO ----------------------------------------------------------------------------------------------------
2026-09-10 14:04:30,430 P2854722 INFO 249/300 starting... lr: 0.0008100000000000001 para:0.01
2026-09-10 14:04:33,332 P2854722 INFO Epoch 249/300, all_loss:0.41694 cls_loss:0.33759 rec_loss:8.27250 [2.90s]; best loss:0.34087, patience : 2
2026-09-10 14:04:34,395 P2854722 INFO pr:0.9830  rc:0.9460  auc:0.9968 ap:0.9935 f1: 0.9642 pred_right: 43680 pred_wrong:3120 actu_right: 43558 actu_wrong: 3242
2026-09-10 14:04:34,822 P2854722 INFO pr:0.9732  rc:0.9299  auc:0.9928 ap:0.9883 f1: 0.9510 pred_right: 17933 pred_wrong:1267 actu_right: 17874 actu_wrong: 1326
2026-09-10 14:04:34,823 P2854722 INFO ----------------------------------------------------------------------------------------------------
2026-09-10 14:04:34,823 P2854722 INFO 250/300 starting... lr: 0.0008100000000000001 para:0.01
2026-09-10 14:04:37,852 P2854722 INFO Epoch 250/300, all_loss:0.38199 cls_loss:0.30190 rec_loss:8.31159 [3.03s]; best loss:0.34087, patience : 2
2026-09-10 14:04:38,784 P2854722 INFO pr:0.9828  rc:0.9694  auc:0.9968 ap:0.9939 f1: 0.9760 pred_right: 43607 pred_wrong:3193 actu_right: 43563 actu_wrong: 3237
2026-09-10 14:04:39,204 P2854722 INFO pr:0.9654  rc:0.9465  auc:0.9937 ap:0.9873 f1: 0.9558 pred_right: 17900 pred_wrong:1300 actu_right: 17874 actu_wrong: 1326
2026-09-10 14:04:39,213 P2854722 INFO ----------------------------------------------------------------------------------------------------
2026-09-10 14:04:39,214 P2854722 INFO 251/300 starting... lr: 0.0008100000000000001 para:0.01
2026-09-10 14:04:42,764 P2854722 INFO Epoch 251/300, all_loss:0.39397 cls_loss:0.31486 rec_loss:8.22598 [3.55s]; best loss:0.34087, patience : 3
2026-09-10 14:04:44,024 P2854722 INFO pr:0.9823  rc:0.9738  auc:0.9974 ap:0.9946 f1: 0.9780 pred_right: 43588 pred_wrong:3212 actu_right: 43560 actu_wrong: 3240
2026-09-10 14:04:44,530 P2854722 INFO pr:0.9672  rc:0.9548  auc:0.9937 ap:0.9883 f1: 0.9609 pred_right: 17891 pred_wrong:1309 actu_right: 17874 actu_wrong: 1326
2026-09-10 14:04:44,540 P2854722 INFO ----------------------------------------------------------------------------------------------------
2026-09-10 14:04:44,541 P2854722 INFO 252/300 starting... lr: 0.0008100000000000001 para:0.01
2026-09-10 14:04:49,023 P2854722 INFO Epoch 252/300, all_loss:0.35639 cls_loss:0.27635 rec_loss:8.28086 [4.48s]; best loss:0.34087, patience : 3
2026-09-10 14:04:49,762 P2854722 INFO pr:0.9816  rc:0.9676  auc:0.9973 ap:0.9934 f1: 0.9745 pred_right: 43602 pred_wrong:3198 actu_right: 43556 actu_wrong: 3244
2026-09-10 14:04:50,100 P2854722 INFO pr:0.9612  rc:0.9525  auc:0.9935 ap:0.9892 f1: 0.9568 pred_right: 17886 pred_wrong:1314 actu_right: 17874 actu_wrong: 1326
2026-09-10 14:04:50,100 P2854722 INFO ----------------------------------------------------------------------------------------------------
2026-09-10 14:04:50,100 P2854722 INFO 253/300 starting... lr: 0.0008100000000000001 para:0.01
2026-09-10 14:04:52,520 P2854722 INFO Epoch 253/300, all_loss:0.38740 cls_loss:0.30678 rec_loss:8.36885 [2.42s]; best loss:0.34087, patience : 4
2026-09-10 14:04:53,243 P2854722 INFO pr:0.9837  rc:0.9670  auc:0.9968 ap:0.9941 f1: 0.9753 pred_right: 43613 pred_wrong:3187 actu_right: 43558 actu_wrong: 3242
2026-09-10 14:04:53,548 P2854722 INFO pr:0.9751  rc:0.9434  auc:0.9934 ap:0.9886 f1: 0.9590 pred_right: 17917 pred_wrong:1283 actu_right: 17874 actu_wrong: 1326
2026-09-10 14:04:53,549 P2854722 INFO ----------------------------------------------------------------------------------------------------
2026-09-10 14:04:53,549 P2854722 INFO 254/300 starting... lr: 0.0008100000000000001 para:0.01
2026-09-10 14:04:56,185 P2854722 INFO Epoch 254/300, all_loss:0.34293 cls_loss:0.26174 rec_loss:8.38095 [2.63s]; best loss:0.34087, patience : 4
2026-09-10 14:04:57,077 P2854722 INFO pr:0.9778  rc:0.9772  auc:0.9971 ap:0.9940 f1: 0.9775 pred_right: 43558 pred_wrong:3242 actu_right: 43556 actu_wrong: 3244
2026-09-10 14:04:57,448 P2854722 INFO pr:0.9576  rc:0.9548  auc:0.9939 ap:0.9893 f1: 0.9562 pred_right: 17878 pred_wrong:1322 actu_right: 17874 actu_wrong: 1326
2026-09-10 14:04:57,448 P2854722 INFO ----------------------------------------------------------------------------------------------------
2026-09-10 14:04:57,449 P2854722 INFO 255/300 starting... lr: 0.0008100000000000001 para:0.01
2026-09-10 14:05:00,403 P2854722 INFO Epoch 255/300, all_loss:0.35764 cls_loss:0.27673 rec_loss:8.36778 [2.95s]; best loss:0.34087, patience : 5
2026-09-10 14:05:01,387 P2854722 INFO pr:0.9839  rc:0.9624  auc:0.9968 ap:0.9935 f1: 0.9730 pred_right: 43630 pred_wrong:3170 actu_right: 43559 actu_wrong: 3241
2026-09-10 14:05:01,780 P2854722 INFO pr:0.9750  rc:0.9419  auc:0.9933 ap:0.9894 f1: 0.9582 pred_right: 17919 pred_wrong:1281 actu_right: 17874 actu_wrong: 1326
2026-09-10 14:05:01,781 P2854722 INFO ----------------------------------------------------------------------------------------------------
2026-09-10 14:05:01,781 P2854722 INFO 256/300 starting... lr: 0.0008100000000000001 para:0.01
2026-09-10 14:05:04,621 P2854722 INFO Epoch 256/300, all_loss:0.34917 cls_loss:0.26883 rec_loss:8.30269 [2.84s]; best loss:0.34087, patience : 5
2026-09-10 14:05:06,860 P2854722 INFO pr:0.9840  rc:0.9676  auc:0.9970 ap:0.9941 f1: 0.9757 pred_right: 43615 pred_wrong:3185 actu_right: 43561 actu_wrong: 3239
2026-09-10 14:05:09,410 P2854722 INFO pr:0.9743  rc:0.9449  auc:0.9935 ap:0.9894 f1: 0.9594 pred_right: 17914 pred_wrong:1286 actu_right: 17874 actu_wrong: 1326
2026-09-10 14:05:09,411 P2854722 INFO ----------------------------------------------------------------------------------------------------
2026-09-10 14:05:09,411 P2854722 INFO 257/300 starting... lr: 0.0008100000000000001 para:0.01
2026-09-10 14:05:18,302 P2854722 INFO Epoch 257/300, all_loss:0.33303 cls_loss:0.25179 rec_loss:8.37577 [8.86s]; best loss:0.33303, patience : 0
2026-09-10 14:05:23,235 P2854722 INFO pr:0.9538  rc:0.9796  auc:0.9971 ap:0.9925 f1: 0.9665 pred_right: 43470 pred_wrong:3330 actu_right: 43558 actu_wrong: 3242
2026-09-10 14:05:23,804 P2854722 INFO pr:0.9375  rc:0.9623  auc:0.9941 ap:0.9877 f1: 0.9498 pred_right: 17839 pred_wrong:1361 actu_right: 17874 actu_wrong: 1326
2026-09-10 14:05:23,805 P2854722 INFO ----------------------------------------------------------------------------------------------------
2026-09-10 14:05:23,806 P2854722 INFO 258/300 starting... lr: 0.0008100000000000001 para:0.01
2026-09-10 14:05:27,929 P2854722 INFO Epoch 258/300, all_loss:0.38699 cls_loss:0.30708 rec_loss:8.29842 [4.12s]; best loss:0.33303, patience : 1
2026-09-10 14:05:29,072 P2854722 INFO pr:0.9718  rc:0.9676  auc:0.9971 ap:0.9935 f1: 0.9697 pred_right: 43576 pred_wrong:3224 actu_right: 43562 actu_wrong: 3238
2026-09-10 14:05:29,495 P2854722 INFO pr:0.9601  rc:0.9434  auc:0.9939 ap:0.9880 f1: 0.9517 pred_right: 17897 pred_wrong:1303 actu_right: 17874 actu_wrong: 1326
2026-09-10 14:05:29,495 P2854722 INFO ----------------------------------------------------------------------------------------------------
2026-09-10 14:05:29,496 P2854722 INFO 259/300 starting... lr: 0.0008100000000000001 para:0.01
2026-09-10 14:05:33,035 P2854722 INFO Epoch 259/300, all_loss:0.38868 cls_loss:0.30831 rec_loss:8.34515 [3.54s]; best loss:0.33303, patience : 2
2026-09-10 14:05:34,107 P2854722 INFO pr:0.9883  rc:0.9395  auc:0.9964 ap:0.9930 f1: 0.9633 pred_right: 43720 pred_wrong:3080 actu_right: 43560 actu_wrong: 3240
2026-09-10 14:05:34,552 P2854722 INFO pr:0.9785  rc:0.9284  auc:0.9924 ap:0.9876 f1: 0.9528 pred_right: 17942 pred_wrong:1258 actu_right: 17874 actu_wrong: 1326
2026-09-10 14:05:34,552 P2854722 INFO ----------------------------------------------------------------------------------------------------
2026-09-10 14:05:34,552 P2854722 INFO 260/300 starting... lr: 0.0008100000000000001 para:0.01
2026-09-10 14:05:37,720 P2854722 INFO Epoch 260/300, all_loss:0.37404 cls_loss:0.29425 rec_loss:8.27321 [3.17s]; best loss:0.33303, patience : 2
2026-09-10 14:05:38,610 P2854722 INFO pr:0.9839  rc:0.9617  auc:0.9971 ap:0.9936 f1: 0.9727 pred_right: 43634 pred_wrong:3166 actu_right: 43561 actu_wrong: 3239
2026-09-10 14:05:38,979 P2854722 INFO pr:0.9720  rc:0.9412  auc:0.9938 ap:0.9886 f1: 0.9563 pred_right: 17916 pred_wrong:1284 actu_right: 17874 actu_wrong: 1326
2026-09-10 14:05:38,979 P2854722 INFO ----------------------------------------------------------------------------------------------------
2026-09-10 14:05:38,979 P2854722 INFO 261/300 starting... lr: 0.0008100000000000001 para:0.01
2026-09-10 14:05:41,985 P2854722 INFO Epoch 261/300, all_loss:0.43532 cls_loss:0.35622 rec_loss:8.26626 [3.00s]; best loss:0.33303, patience : 3
2026-09-10 14:05:42,928 P2854722 INFO pr:0.9834  rc:0.9667  auc:0.9965 ap:0.9933 f1: 0.9750 pred_right: 43613 pred_wrong:3187 actu_right: 43558 actu_wrong: 3242
2026-09-10 14:05:43,326 P2854722 INFO pr:0.9759  rc:0.9449  auc:0.9932 ap:0.9887 f1: 0.9602 pred_right: 17916 pred_wrong:1284 actu_right: 17874 actu_wrong: 1326
2026-09-10 14:05:43,326 P2854722 INFO ----------------------------------------------------------------------------------------------------
2026-09-10 14:05:43,326 P2854722 INFO 262/300 starting... lr: 0.0008100000000000001 para:0.01
2026-09-10 14:05:46,599 P2854722 INFO Epoch 262/300, all_loss:0.34691 cls_loss:0.26588 rec_loss:8.36806 [3.27s]; best loss:0.33303, patience : 3
2026-09-10 14:05:47,537 P2854722 INFO pr:0.9831  rc:0.9676  auc:0.9968 ap:0.9936 f1: 0.9753 pred_right: 43610 pred_wrong:3190 actu_right: 43559 actu_wrong: 3241
2026-09-10 14:05:47,993 P2854722 INFO pr:0.9729  rc:0.9472  auc:0.9927 ap:0.9890 f1: 0.9599 pred_right: 17909 pred_wrong:1291 actu_right: 17874 actu_wrong: 1326
2026-09-10 14:05:47,994 P2854722 INFO ----------------------------------------------------------------------------------------------------
2026-09-10 14:05:47,994 P2854722 INFO 263/300 starting... lr: 0.0008100000000000001 para:0.01
2026-09-10 14:05:50,972 P2854722 INFO Epoch 263/300, all_loss:0.33752 cls_loss:0.25605 rec_loss:8.40301 [2.98s]; best loss:0.33303, patience : 3
2026-09-10 14:05:51,955 P2854722 INFO pr:0.9864  rc:0.9630  auc:0.9967 ap:0.9939 f1: 0.9745 pred_right: 43637 pred_wrong:3163 actu_right: 43560 actu_wrong: 3240
2026-09-10 14:05:52,352 P2854722 INFO pr:0.9796  rc:0.9434  auc:0.9928 ap:0.9888 f1: 0.9612 pred_right: 17923 pred_wrong:1277 actu_right: 17874 actu_wrong: 1326
2026-09-10 14:05:52,353 P2854722 INFO ----------------------------------------------------------------------------------------------------
2026-09-10 14:05:52,360 P2854722 INFO 264/300 starting... lr: 0.0008100000000000001 para:0.01
2026-09-10 14:05:55,579 P2854722 INFO Epoch 264/300, all_loss:0.35944 cls_loss:0.27858 rec_loss:8.36476 [3.22s]; best loss:0.33303, patience : 4
2026-09-10 14:05:56,610 P2854722 INFO pr:0.9885  rc:0.9556  auc:0.9963 ap:0.9930 f1: 0.9718 pred_right: 43666 pred_wrong:3134 actu_right: 43558 actu_wrong: 3242
2026-09-10 14:05:57,062 P2854722 INFO pr:0.9803  rc:0.9382  auc:0.9925 ap:0.9886 f1: 0.9588 pred_right: 17931 pred_wrong:1269 actu_right: 17874 actu_wrong: 1326
2026-09-10 14:05:57,063 P2854722 INFO ----------------------------------------------------------------------------------------------------
2026-09-10 14:05:57,063 P2854722 INFO 265/300 starting... lr: 0.0008100000000000001 para:0.01
2026-09-10 14:06:00,225 P2854722 INFO Epoch 265/300, all_loss:0.42486 cls_loss:0.34527 rec_loss:8.30440 [3.16s]; best loss:0.33303, patience : 5
2026-09-10 14:06:01,191 P2854722 INFO pr:0.9850  rc:0.9549  auc:0.9959 ap:0.9932 f1: 0.9698 pred_right: 43659 pred_wrong:3141 actu_right: 43560 actu_wrong: 3240
2026-09-10 14:06:01,647 P2854722 INFO pr:0.9779  rc:0.9351  auc:0.9922 ap:0.9870 f1: 0.9561 pred_right: 17932 pred_wrong:1268 actu_right: 17874 actu_wrong: 1326
2026-09-10 14:06:01,648 P2854722 INFO ----------------------------------------------------------------------------------------------------
2026-09-10 14:06:01,648 P2854722 INFO 266/300 starting... lr: 0.0008100000000000001 para:0.01
2026-09-10 14:06:04,904 P2854722 INFO Epoch 266/300, all_loss:0.34203 cls_loss:0.26074 rec_loss:8.38908 [3.26s]; best loss:0.33303, patience : 5
2026-09-10 14:06:05,820 P2854722 INFO pr:0.9800  rc:0.9679  auc:0.9971 ap:0.9942 f1: 0.9739 pred_right: 43597 pred_wrong:3203 actu_right: 43557 actu_wrong: 3243
2026-09-10 14:06:06,265 P2854722 INFO pr:0.9706  rc:0.9472  auc:0.9938 ap:0.9885 f1: 0.9588 pred_right: 17906 pred_wrong:1294 actu_right: 17874 actu_wrong: 1326
2026-09-10 14:06:06,266 P2854722 INFO ----------------------------------------------------------------------------------------------------
2026-09-10 14:06:06,266 P2854722 INFO 267/300 starting... lr: 0.0008100000000000001 para:0.01
2026-09-10 14:06:09,201 P2854722 INFO Epoch 267/300, all_loss:0.36483 cls_loss:0.28381 rec_loss:8.38577 [2.93s]; best loss:0.33303, patience : 6
2026-09-10 14:06:10,265 P2854722 INFO pr:0.9632  rc:0.9778  auc:0.9973 ap:0.9944 f1: 0.9704 pred_right: 43511 pred_wrong:3289 actu_right: 43560 actu_wrong: 3240
2026-09-10 14:06:10,674 P2854722 INFO pr:0.9437  rc:0.9608  auc:0.9936 ap:0.9874 f1: 0.9522 pred_right: 17850 pred_wrong:1350 actu_right: 17874 actu_wrong: 1326
2026-09-10 14:06:10,675 P2854722 INFO ----------------------------------------------------------------------------------------------------
2026-09-10 14:06:10,675 P2854722 INFO 268/300 starting... lr: 0.0008100000000000001 para:0.01
2026-09-10 14:06:13,893 P2854722 INFO Epoch 268/300, all_loss:0.41053 cls_loss:0.32987 rec_loss:8.39608 [3.22s]; best loss:0.33303, patience : 7
2026-09-10 14:06:15,037 P2854722 INFO pr:0.9846  rc:0.9648  auc:0.9971 ap:0.9941 f1: 0.9746 pred_right: 43626 pred_wrong:3174 actu_right: 43561 actu_wrong: 3239
2026-09-10 14:06:15,500 P2854722 INFO pr:0.9774  rc:0.9442  auc:0.9937 ap:0.9890 f1: 0.9605 pred_right: 17919 pred_wrong:1281 actu_right: 17874 actu_wrong: 1326
2026-09-10 14:06:15,501 P2854722 INFO ----------------------------------------------------------------------------------------------------
2026-09-10 14:06:15,501 P2854722 INFO 269/300 starting... lr: 0.0008100000000000001 para:0.01
2026-09-10 14:06:18,422 P2854722 INFO Epoch 269/300, all_loss:0.30102 cls_loss:0.21919 rec_loss:8.40227 [2.91s]; best loss:0.30102, patience : 0
2026-09-10 14:06:19,323 P2854722 INFO pr:0.9782  rc:0.9691  auc:0.9966 ap:0.9934 f1: 0.9737 pred_right: 43589 pred_wrong:3211 actu_right: 43559 actu_wrong: 3241
2026-09-10 14:06:19,701 P2854722 INFO pr:0.9700  rc:0.9495  auc:0.9935 ap:0.9881 f1: 0.9596 pred_right: 17902 pred_wrong:1298 actu_right: 17874 actu_wrong: 1326
2026-09-10 14:06:19,701 P2854722 INFO ----------------------------------------------------------------------------------------------------
2026-09-10 14:06:19,701 P2854722 INFO 270/300 starting... lr: 0.0008100000000000001 para:0.01
2026-09-10 14:06:22,990 P2854722 INFO Epoch 270/300, all_loss:0.34013 cls_loss:0.25926 rec_loss:8.34664 [3.29s]; best loss:0.30102, patience : 1
2026-09-10 14:06:24,166 P2854722 INFO pr:0.9836  rc:0.9636  auc:0.9969 ap:0.9940 f1: 0.9735 pred_right: 43624 pred_wrong:3176 actu_right: 43558 actu_wrong: 3242
2026-09-10 14:06:24,694 P2854722 INFO pr:0.9734  rc:0.9382  auc:0.9929 ap:0.9881 f1: 0.9555 pred_right: 17922 pred_wrong:1278 actu_right: 17874 actu_wrong: 1326
2026-09-10 14:06:24,695 P2854722 INFO ----------------------------------------------------------------------------------------------------
2026-09-10 14:06:24,697 P2854722 INFO 271/300 starting... lr: 0.0008100000000000001 para:0.01
2026-09-10 14:06:28,207 P2854722 INFO Epoch 271/300, all_loss:0.32291 cls_loss:0.24204 rec_loss:8.32894 [3.51s]; best loss:0.30102, patience : 1
2026-09-10 14:06:29,427 P2854722 INFO pr:0.9857  rc:0.9586  auc:0.9965 ap:0.9939 f1: 0.9720 pred_right: 43649 pred_wrong:3151 actu_right: 43560 actu_wrong: 3240
2026-09-10 14:06:29,946 P2854722 INFO pr:0.9772  rc:0.9382  auc:0.9929 ap:0.9883 f1: 0.9573 pred_right: 17927 pred_wrong:1273 actu_right: 17874 actu_wrong: 1326
2026-09-10 14:06:29,948 P2854722 INFO ----------------------------------------------------------------------------------------------------
2026-09-10 14:06:29,950 P2854722 INFO 272/300 starting... lr: 0.0008100000000000001 para:0.01
2026-09-10 14:06:33,884 P2854722 INFO Epoch 272/300, all_loss:0.27832 cls_loss:0.19701 rec_loss:8.32746 [3.93s]; best loss:0.27832, patience : 0
2026-09-10 14:06:34,866 P2854722 INFO pr:0.9818  rc:0.9679  auc:0.9967 ap:0.9940 f1: 0.9748 pred_right: 43606 pred_wrong:3194 actu_right: 43560 actu_wrong: 3240
2026-09-10 14:06:35,316 P2854722 INFO pr:0.9697  rc:0.9427  auc:0.9929 ap:0.9879 f1: 0.9560 pred_right: 17911 pred_wrong:1289 actu_right: 17874 actu_wrong: 1326
2026-09-10 14:06:35,316 P2854722 INFO ----------------------------------------------------------------------------------------------------
2026-09-10 14:06:35,317 P2854722 INFO 273/300 starting... lr: 0.0008100000000000001 para:0.01
2026-09-10 14:06:38,587 P2854722 INFO Epoch 273/300, all_loss:0.35860 cls_loss:0.27780 rec_loss:8.35873 [3.27s]; best loss:0.27832, patience : 1
2026-09-10 14:06:40,008 P2854722 INFO pr:0.9692  rc:0.9716  auc:0.9970 ap:0.9938 f1: 0.9704 pred_right: 43553 pred_wrong:3247 actu_right: 43561 actu_wrong: 3239
2026-09-10 14:06:40,513 P2854722 INFO pr:0.9627  rc:0.9532  auc:0.9935 ap:0.9889 f1: 0.9579 pred_right: 17887 pred_wrong:1313 actu_right: 17874 actu_wrong: 1326
2026-09-10 14:06:40,515 P2854722 INFO ----------------------------------------------------------------------------------------------------
2026-09-10 14:06:40,515 P2854722 INFO 274/300 starting... lr: 0.0008100000000000001 para:0.01
2026-09-10 14:06:43,931 P2854722 INFO Epoch 274/300, all_loss:0.31475 cls_loss:0.23339 rec_loss:8.36976 [3.42s]; best loss:0.27832, patience : 1
2026-09-10 14:06:44,913 P2854722 INFO pr:0.9810  rc:0.9710  auc:0.9971 ap:0.9940 f1: 0.9760 pred_right: 43590 pred_wrong:3210 actu_right: 43557 actu_wrong: 3243
2026-09-10 14:06:45,470 P2854722 INFO pr:0.9723  rc:0.9540  auc:0.9937 ap:0.9883 f1: 0.9631 pred_right: 17899 pred_wrong:1301 actu_right: 17874 actu_wrong: 1326
2026-09-10 14:06:45,470 P2854722 INFO ----------------------------------------------------------------------------------------------------
2026-09-10 14:06:45,471 P2854722 INFO 275/300 starting... lr: 0.0008100000000000001 para:0.01
2026-09-10 14:06:48,622 P2854722 INFO Epoch 275/300, all_loss:0.27236 cls_loss:0.19056 rec_loss:8.36981 [3.14s]; best loss:0.27236, patience : 0
2026-09-10 14:06:49,498 P2854722 INFO pr:0.9735  rc:0.9759  auc:0.9967 ap:0.9936 f1: 0.9747 pred_right: 43553 pred_wrong:3247 actu_right: 43561 actu_wrong: 3239
2026-09-10 14:06:49,861 P2854722 INFO pr:0.9599  rc:0.9578  auc:0.9933 ap:0.9883 f1: 0.9589 pred_right: 17877 pred_wrong:1323 actu_right: 17874 actu_wrong: 1326
2026-09-10 14:06:49,862 P2854722 INFO ----------------------------------------------------------------------------------------------------
2026-09-10 14:06:49,862 P2854722 INFO 276/300 starting... lr: 0.0008100000000000001 para:0.01
2026-09-10 14:06:52,948 P2854722 INFO Epoch 276/300, all_loss:0.27750 cls_loss:0.19478 rec_loss:8.46699 [3.09s]; best loss:0.27236, patience : 1
2026-09-10 14:06:53,988 P2854722 INFO pr:0.9822  rc:0.9683  auc:0.9968 ap:0.9939 f1: 0.9752 pred_right: 43600 pred_wrong:3200 actu_right: 43554 actu_wrong: 3246
2026-09-10 14:06:54,405 P2854722 INFO pr:0.9653  rc:0.9442  auc:0.9931 ap:0.9881 f1: 0.9546 pred_right: 17903 pred_wrong:1297 actu_right: 17874 actu_wrong: 1326
2026-09-10 14:06:54,405 P2854722 INFO ----------------------------------------------------------------------------------------------------
2026-09-10 14:06:54,406 P2854722 INFO 277/300 starting... lr: 0.0008100000000000001 para:0.01
2026-09-10 14:06:57,602 P2854722 INFO Epoch 277/300, all_loss:0.36715 cls_loss:0.28482 rec_loss:8.51840 [3.20s]; best loss:0.27236, patience : 2
2026-09-10 14:06:58,575 P2854722 INFO pr:0.9844  rc:0.9531  auc:0.9971 ap:0.9945 f1: 0.9685 pred_right: 43665 pred_wrong:3135 actu_right: 43562 actu_wrong: 3238
2026-09-10 14:06:59,040 P2854722 INFO pr:0.9712  rc:0.9404  auc:0.9934 ap:0.9883 f1: 0.9556 pred_right: 17916 pred_wrong:1284 actu_right: 17874 actu_wrong: 1326
2026-09-10 14:06:59,041 P2854722 INFO ----------------------------------------------------------------------------------------------------
2026-09-10 14:06:59,041 P2854722 INFO 278/300 starting... lr: 0.0008100000000000001 para:0.01
2026-09-10 14:07:02,454 P2854722 INFO Epoch 278/300, all_loss:0.33063 cls_loss:0.24782 rec_loss:8.52920 [3.41s]; best loss:0.27236, patience : 2
2026-09-10 14:07:03,431 P2854722 INFO pr:0.9828  rc:0.9679  auc:0.9965 ap:0.9939 f1: 0.9753 pred_right: 43611 pred_wrong:3189 actu_right: 43562 actu_wrong: 3238
2026-09-10 14:07:03,840 P2854722 INFO pr:0.9729  rc:0.9465  auc:0.9926 ap:0.9889 f1: 0.9595 pred_right: 17910 pred_wrong:1290 actu_right: 17874 actu_wrong: 1326
2026-09-10 14:07:03,840 P2854722 INFO ----------------------------------------------------------------------------------------------------
2026-09-10 14:07:03,840 P2854722 INFO 279/300 starting... lr: 0.0008100000000000001 para:0.01
2026-09-10 14:07:06,846 P2854722 INFO Epoch 279/300, all_loss:0.29981 cls_loss:0.21714 rec_loss:8.48407 [3.00s]; best loss:0.27236, patience : 2
2026-09-10 14:07:07,895 P2854722 INFO pr:0.9807  rc:0.9744  auc:0.9971 ap:0.9942 f1: 0.9776 pred_right: 43580 pred_wrong:3220 actu_right: 43559 actu_wrong: 3241
2026-09-10 14:07:08,265 P2854722 INFO pr:0.9754  rc:0.9555  auc:0.9937 ap:0.9883 f1: 0.9653 pred_right: 17901 pred_wrong:1299 actu_right: 17874 actu_wrong: 1326
2026-09-10 14:07:08,265 P2854722 INFO ----------------------------------------------------------------------------------------------------
2026-09-10 14:07:08,273 P2854722 INFO 280/300 starting... lr: 0.0008100000000000001 para:0.01
2026-09-10 14:07:11,286 P2854722 INFO Epoch 280/300, all_loss:0.25922 cls_loss:0.17590 rec_loss:8.50809 [3.00s]; best loss:0.25922, patience : 0
2026-09-10 14:07:12,413 P2854722 INFO pr:0.9668  rc:0.9707  auc:0.9967 ap:0.9940 f1: 0.9688 pred_right: 43545 pred_wrong:3255 actu_right: 43558 actu_wrong: 3242
2026-09-10 14:07:12,904 P2854722 INFO pr:0.9581  rc:0.9495  auc:0.9932 ap:0.9878 f1: 0.9538 pred_right: 17886 pred_wrong:1314 actu_right: 17874 actu_wrong: 1326
2026-09-10 14:07:12,905 P2854722 INFO ----------------------------------------------------------------------------------------------------
2026-09-10 14:07:12,905 P2854722 INFO 281/300 starting... lr: 0.0008100000000000001 para:0.01
2026-09-10 14:07:16,065 P2854722 INFO Epoch 281/300, all_loss:0.28751 cls_loss:0.20432 rec_loss:8.52332 [3.16s]; best loss:0.25922, patience : 1
2026-09-10 14:07:17,393 P2854722 INFO pr:0.9811  rc:0.9747  auc:0.9967 ap:0.9940 f1: 0.9779 pred_right: 43580 pred_wrong:3220 actu_right: 43559 actu_wrong: 3241
2026-09-10 14:07:17,868 P2854722 INFO pr:0.9699  rc:0.9480  auc:0.9928 ap:0.9887 f1: 0.9588 pred_right: 17904 pred_wrong:1296 actu_right: 17874 actu_wrong: 1326
2026-09-10 14:07:17,869 P2854722 INFO ----------------------------------------------------------------------------------------------------
2026-09-10 14:07:17,869 P2854722 INFO 282/300 starting... lr: 0.0008100000000000001 para:0.01
2026-09-10 14:07:21,342 P2854722 INFO Epoch 282/300, all_loss:0.27743 cls_loss:0.19380 rec_loss:8.55666 [3.47s]; best loss:0.25922, patience : 1
2026-09-10 14:07:22,718 P2854722 INFO pr:0.9755  rc:0.9700  auc:0.9968 ap:0.9939 f1: 0.9727 pred_right: 43580 pred_wrong:3220 actu_right: 43562 actu_wrong: 3238
2026-09-10 14:07:24,469 P2854722 INFO pr:0.9700  rc:0.9517  auc:0.9929 ap:0.9873 f1: 0.9608 pred_right: 17899 pred_wrong:1301 actu_right: 17874 actu_wrong: 1326
2026-09-10 14:07:24,470 P2854722 INFO ----------------------------------------------------------------------------------------------------
2026-09-10 14:07:24,470 P2854722 INFO 283/300 starting... lr: 0.0008100000000000001 para:0.01
2026-09-10 14:07:27,645 P2854722 INFO Epoch 283/300, all_loss:0.36455 cls_loss:0.28258 rec_loss:8.48024 [3.17s]; best loss:0.25922, patience : 2
2026-09-10 14:07:28,326 P2854722 INFO pr:0.9829  rc:0.9735  auc:0.9970 ap:0.9944 f1: 0.9781 pred_right: 43590 pred_wrong:3210 actu_right: 43559 actu_wrong: 3241
2026-09-10 14:07:28,605 P2854722 INFO pr:0.9745  rc:0.9502  auc:0.9934 ap:0.9880 f1: 0.9622 pred_right: 17907 pred_wrong:1293 actu_right: 17874 actu_wrong: 1326
2026-09-10 14:07:28,612 P2854722 INFO ----------------------------------------------------------------------------------------------------
2026-09-10 14:07:28,612 P2854722 INFO 284/300 starting... lr: 0.0008100000000000001 para:0.01
2026-09-10 14:07:31,081 P2854722 INFO Epoch 284/300, all_loss:0.34518 cls_loss:0.26266 rec_loss:8.51430 [2.47s]; best loss:0.25922, patience : 2
2026-09-10 14:07:31,906 P2854722 INFO pr:0.9708  rc:0.9741  auc:0.9968 ap:0.9929 f1: 0.9724 pred_right: 43549 pred_wrong:3251 actu_right: 43560 actu_wrong: 3240
2026-09-10 14:07:32,269 P2854722 INFO pr:0.9526  rc:0.9540  auc:0.9926 ap:0.9869 f1: 0.9533 pred_right: 17872 pred_wrong:1328 actu_right: 17874 actu_wrong: 1326
2026-09-10 14:07:32,270 P2854722 INFO ----------------------------------------------------------------------------------------------------
2026-09-10 14:07:32,270 P2854722 INFO 285/300 starting... lr: 0.0008100000000000001 para:0.01
2026-09-10 14:07:35,073 P2854722 INFO Epoch 285/300, all_loss:0.29368 cls_loss:0.21134 rec_loss:8.44574 [2.80s]; best loss:0.25922, patience : 2
2026-09-10 14:07:35,918 P2854722 INFO pr:0.9545  rc:0.9836  auc:0.9973 ap:0.9940 f1: 0.9688 pred_right: 43461 pred_wrong:3339 actu_right: 43560 actu_wrong: 3240
2026-09-10 14:07:36,268 P2854722 INFO pr:0.9420  rc:0.9676  auc:0.9942 ap:0.9890 f1: 0.9546 pred_right: 17838 pred_wrong:1362 actu_right: 17874 actu_wrong: 1326
2026-09-10 14:07:36,268 P2854722 INFO ----------------------------------------------------------------------------------------------------
2026-09-10 14:07:36,268 P2854722 INFO 286/300 starting... lr: 0.0008100000000000001 para:0.01
2026-09-10 14:07:39,091 P2854722 INFO Epoch 286/300, all_loss:0.34808 cls_loss:0.26572 rec_loss:8.50199 [2.81s]; best loss:0.25922, patience : 3
2026-09-10 14:07:39,915 P2854722 INFO pr:0.9861  rc:0.9651  auc:0.9966 ap:0.9938 f1: 0.9755 pred_right: 43629 pred_wrong:3171 actu_right: 43560 actu_wrong: 3240
2026-09-10 14:07:40,257 P2854722 INFO pr:0.9758  rc:0.9419  auc:0.9920 ap:0.9882 f1: 0.9586 pred_right: 17920 pred_wrong:1280 actu_right: 17874 actu_wrong: 1326
2026-09-10 14:07:40,258 P2854722 INFO ----------------------------------------------------------------------------------------------------
2026-09-10 14:07:40,258 P2854722 INFO 287/300 starting... lr: 0.0008100000000000001 para:0.01
2026-09-10 14:07:44,629 P2854722 INFO Epoch 287/300, all_loss:0.28400 cls_loss:0.20165 rec_loss:8.43644 [4.37s]; best loss:0.25922, patience : 3
2026-09-10 14:07:50,231 P2854722 INFO pr:0.9858  rc:0.9679  auc:0.9970 ap:0.9945 f1: 0.9768 pred_right: 43621 pred_wrong:3179 actu_right: 43562 actu_wrong: 3238
2026-09-10 14:07:52,544 P2854722 INFO pr:0.9752  rc:0.9480  auc:0.9931 ap:0.9899 f1: 0.9614 pred_right: 17911 pred_wrong:1289 actu_right: 17874 actu_wrong: 1326
2026-09-10 14:07:52,548 P2854722 INFO ----------------------------------------------------------------------------------------------------
2026-09-10 14:07:52,548 P2854722 INFO 288/300 starting... lr: 0.0008100000000000001 para:0.01
2026-09-10 14:08:00,601 P2854722 INFO Epoch 288/300, all_loss:0.27924 cls_loss:0.19708 rec_loss:8.41371 [8.05s]; best loss:0.25922, patience : 3
2026-09-10 14:08:02,098 P2854722 INFO pr:0.9798  rc:0.9722  auc:0.9971 ap:0.9942 f1: 0.9760 pred_right: 43585 pred_wrong:3215 actu_right: 43560 actu_wrong: 3240
2026-09-10 14:08:02,611 P2854722 INFO pr:0.9700  rc:0.9495  auc:0.9934 ap:0.9879 f1: 0.9596 pred_right: 17902 pred_wrong:1298 actu_right: 17874 actu_wrong: 1326
2026-09-10 14:08:02,612 P2854722 INFO ----------------------------------------------------------------------------------------------------
2026-09-10 14:08:02,612 P2854722 INFO 289/300 starting... lr: 0.0008100000000000001 para:0.01
2026-09-10 14:08:06,397 P2854722 INFO Epoch 289/300, all_loss:0.29903 cls_loss:0.21696 rec_loss:8.42347 [3.78s]; best loss:0.25922, patience : 4
2026-09-10 14:08:07,519 P2854722 INFO pr:0.9847  rc:0.9741  auc:0.9972 ap:0.9943 f1: 0.9794 pred_right: 43594 pred_wrong:3206 actu_right: 43559 actu_wrong: 3241
2026-09-10 14:08:07,943 P2854722 INFO pr:0.9768  rc:0.9540  auc:0.9928 ap:0.9895 f1: 0.9653 pred_right: 17905 pred_wrong:1295 actu_right: 17874 actu_wrong: 1326
2026-09-10 14:08:07,951 P2854722 INFO ----------------------------------------------------------------------------------------------------
2026-09-10 14:08:07,951 P2854722 INFO 290/300 starting... lr: 0.0008100000000000001 para:0.01
2026-09-10 14:08:10,934 P2854722 INFO Epoch 290/300, all_loss:0.33968 cls_loss:0.25686 rec_loss:8.53881 [2.98s]; best loss:0.25922, patience : 5
2026-09-10 14:08:12,026 P2854722 INFO pr:0.9676  rc:0.9574  auc:0.9967 ap:0.9931 f1: 0.9625 pred_right: 43593 pred_wrong:3207 actu_right: 43559 actu_wrong: 3241
2026-09-10 14:08:12,494 P2854722 INFO pr:0.9544  rc:0.9321  auc:0.9924 ap:0.9867 f1: 0.9432 pred_right: 17905 pred_wrong:1295 actu_right: 17874 actu_wrong: 1326
2026-09-10 14:08:12,495 P2854722 INFO ----------------------------------------------------------------------------------------------------
2026-09-10 14:08:12,495 P2854722 INFO 291/300 starting... lr: 0.0008100000000000001 para:0.01
2026-09-10 14:08:15,804 P2854722 INFO Epoch 291/300, all_loss:0.29383 cls_loss:0.21084 rec_loss:8.50971 [3.31s]; best loss:0.25922, patience : 5
2026-09-10 14:08:16,725 P2854722 INFO pr:0.9840  rc:0.9691  auc:0.9968 ap:0.9939 f1: 0.9765 pred_right: 43608 pred_wrong:3192 actu_right: 43559 actu_wrong: 3241
2026-09-10 14:08:17,111 P2854722 INFO pr:0.9714  rc:0.9465  auc:0.9924 ap:0.9884 f1: 0.9587 pred_right: 17908 pred_wrong:1292 actu_right: 17874 actu_wrong: 1326
2026-09-10 14:08:17,111 P2854722 INFO ----------------------------------------------------------------------------------------------------
2026-09-10 14:08:17,112 P2854722 INFO 292/300 starting... lr: 0.0008100000000000001 para:0.01
2026-09-10 14:08:20,047 P2854722 INFO Epoch 292/300, all_loss:0.28638 cls_loss:0.20440 rec_loss:8.40191 [2.93s]; best loss:0.25922, patience : 5
2026-09-10 14:08:20,962 P2854722 INFO pr:0.9675  rc:0.9750  auc:0.9971 ap:0.9939 f1: 0.9712 pred_right: 43538 pred_wrong:3262 actu_right: 43563 actu_wrong: 3237
2026-09-10 14:08:21,334 P2854722 INFO pr:0.9525  rc:0.9517  auc:0.9938 ap:0.9892 f1: 0.9521 pred_right: 17875 pred_wrong:1325 actu_right: 17874 actu_wrong: 1326
2026-09-10 14:08:21,334 P2854722 INFO ----------------------------------------------------------------------------------------------------
2026-09-10 14:08:21,334 P2854722 INFO 293/300 starting... lr: 0.0008100000000000001 para:0.01
2026-09-10 14:08:24,401 P2854722 INFO Epoch 293/300, all_loss:0.32641 cls_loss:0.24411 rec_loss:8.47360 [3.07s]; best loss:0.25922, patience : 6
2026-09-10 14:08:25,399 P2854722 INFO pr:0.9850  rc:0.9710  auc:0.9970 ap:0.9946 f1: 0.9779 pred_right: 43606 pred_wrong:3194 actu_right: 43560 actu_wrong: 3240
2026-09-10 14:08:25,792 P2854722 INFO pr:0.9700  rc:0.9495  auc:0.9938 ap:0.9894 f1: 0.9596 pred_right: 17902 pred_wrong:1298 actu_right: 17874 actu_wrong: 1326
2026-09-10 14:08:25,793 P2854722 INFO ----------------------------------------------------------------------------------------------------
2026-09-10 14:08:25,793 P2854722 INFO 294/300 starting... lr: 0.0008100000000000001 para:0.01
2026-09-10 14:08:28,938 P2854722 INFO Epoch 294/300, all_loss:0.31533 cls_loss:0.23354 rec_loss:8.41273 [3.14s]; best loss:0.25922, patience : 6
2026-09-10 14:08:29,924 P2854722 INFO pr:0.9624  rc:0.9790  auc:0.9968 ap:0.9938 f1: 0.9706 pred_right: 43504 pred_wrong:3296 actu_right: 43560 actu_wrong: 3240
2026-09-10 14:08:30,298 P2854722 INFO pr:0.9527  rc:0.9563  auc:0.9929 ap:0.9885 f1: 0.9545 pred_right: 17869 pred_wrong:1331 actu_right: 17874 actu_wrong: 1326
2026-09-10 14:08:30,299 P2854722 INFO ----------------------------------------------------------------------------------------------------
2026-09-10 14:08:30,299 P2854722 INFO 295/300 starting... lr: 0.0008100000000000001 para:0.01
2026-09-10 14:08:33,178 P2854722 INFO Epoch 295/300, all_loss:0.26910 cls_loss:0.18579 rec_loss:8.51680 [2.88s]; best loss:0.25922, patience : 6
2026-09-10 14:08:34,245 P2854722 INFO pr:0.9814  rc:0.9756  auc:0.9968 ap:0.9938 f1: 0.9785 pred_right: 43578 pred_wrong:3222 actu_right: 43559 actu_wrong: 3241
2026-09-10 14:08:34,671 P2854722 INFO pr:0.9702  rc:0.9578  auc:0.9935 ap:0.9884 f1: 0.9639 pred_right: 17891 pred_wrong:1309 actu_right: 17874 actu_wrong: 1326
2026-09-10 14:08:34,671 P2854722 INFO ----------------------------------------------------------------------------------------------------
2026-09-10 14:08:34,671 P2854722 INFO 296/300 starting... lr: 0.0008100000000000001 para:0.01
2026-09-10 14:08:37,714 P2854722 INFO Epoch 296/300, all_loss:0.31061 cls_loss:0.22795 rec_loss:8.49417 [3.04s]; best loss:0.25922, patience : 7
2026-09-10 14:08:38,631 P2854722 INFO pr:0.9783  rc:0.9750  auc:0.9969 ap:0.9943 f1: 0.9766 pred_right: 43573 pred_wrong:3227 actu_right: 43562 actu_wrong: 3238
2026-09-10 14:08:39,046 P2854722 INFO pr:0.9686  rc:0.9532  auc:0.9934 ap:0.9894 f1: 0.9609 pred_right: 17895 pred_wrong:1305 actu_right: 17874 actu_wrong: 1326
2026-09-10 14:08:39,047 P2854722 INFO ----------------------------------------------------------------------------------------------------
2026-09-10 14:08:39,047 P2854722 INFO 297/300 starting... lr: 0.0008100000000000001 para:0.01
2026-09-10 14:08:42,317 P2854722 INFO Epoch 297/300, all_loss:0.27829 cls_loss:0.19551 rec_loss:8.47319 [3.27s]; best loss:0.25922, patience : 7
2026-09-10 14:08:43,199 P2854722 INFO pr:0.9767  rc:0.9806  auc:0.9968 ap:0.9945 f1: 0.9786 pred_right: 43545 pred_wrong:3255 actu_right: 43558 actu_wrong: 3242
2026-09-10 14:08:43,565 P2854722 INFO pr:0.9608  rc:0.9615  auc:0.9932 ap:0.9886 f1: 0.9612 pred_right: 17873 pred_wrong:1327 actu_right: 17874 actu_wrong: 1326
2026-09-10 14:08:43,565 P2854722 INFO ----------------------------------------------------------------------------------------------------
2026-09-10 14:08:43,565 P2854722 INFO 298/300 starting... lr: 0.0008100000000000001 para:0.01
2026-09-10 14:08:46,538 P2854722 INFO Epoch 298/300, all_loss:0.34391 cls_loss:0.26253 rec_loss:8.40035 [2.97s]; best loss:0.25922, patience : 8
2026-09-10 14:08:47,616 P2854722 INFO pr:0.9856  rc:0.9694  auc:0.9970 ap:0.9941 f1: 0.9774 pred_right: 43615 pred_wrong:3185 actu_right: 43562 actu_wrong: 3238
2026-09-10 14:08:48,019 P2854722 INFO pr:0.9720  rc:0.9434  auc:0.9933 ap:0.9887 f1: 0.9575 pred_right: 17913 pred_wrong:1287 actu_right: 17874 actu_wrong: 1326
2026-09-10 14:08:48,020 P2854722 INFO ----------------------------------------------------------------------------------------------------
2026-09-10 14:08:48,020 P2854722 INFO 299/300 starting... lr: 0.0008100000000000001 para:0.01
2026-09-10 14:08:51,207 P2854722 INFO Epoch 299/300, all_loss:0.26438 cls_loss:0.18186 rec_loss:8.43323 [3.19s]; best loss:0.25922, patience : 8
2026-09-10 14:08:52,276 P2854722 INFO pr:0.9735  rc:0.9744  auc:0.9968 ap:0.9937 f1: 0.9739 pred_right: 43556 pred_wrong:3244 actu_right: 43559 actu_wrong: 3241
2026-09-10 14:08:52,714 P2854722 INFO pr:0.9617  rc:0.9480  auc:0.9931 ap:0.9888 f1: 0.9548 pred_right: 17893 pred_wrong:1307 actu_right: 17874 actu_wrong: 1326
2026-09-10 14:08:52,714 P2854722 INFO saving model...
2026-09-10 14:08:52,714 P2854722 INFO FITS_Legendre - loss  best score:0.25922346115112305 at epoch 280
2026-09-10 14:08:52,727 P2854722 INFO FITS_Legendre - f1  best score:0.9793702497285559 at epoch 289
2026-09-10 14:08:52,736 P2854722 INFO Average training time per epoch: 3.31 seconds
2026-09-10 14:08:52,737 P2854722 INFO calculate scores...
2026-09-10 14:08:52,738 P2854722 INFO calculate label with loss...
2026-09-10 14:08:52,738 P2854722 INFO FITS_Legendre on ./result/server_only_exps/Ablations_updatedFreDF/FITS_Legendre-SN-Epochs300-Seed2-ExpNameRQ2z5_basis_degree_comparison-LPFLPF-Attnlinear_attn-NormLinTrue-RecLambda1.0-AuxiLambda0.5-lowshow-simplegraph-Degree3-BasisTypelaguerre loading...
2026-09-10 14:08:53,261 P2854722 INFO pr:0.9581  rc:0.9495  auc:0.9932 ap:0.9878 f1: 0.9538 pred_right: 17886 pred_wrong:1314 actu_right: 17874 actu_wrong: 1326
2026-09-10 14:08:53,907 P2854722 INFO pr:0.9581  rc:0.9495  auc:0.9932 ap:0.9878 f1: 0.9538 pred_right: 17886 pred_wrong:1314 actu_right: 17874 actu_wrong: 1326
2026-09-10 14:08:53,908 P2854722 INFO Performance Summary:
{'GPU': {'inference_time_per_sample_ms': 0.2586619149909017, 'throughput_samples_per_sec': 3866.0504003272945, 'peak_memory_mb': 29.71630859375, 'energy_per_sample_joules': 0.01222953534076983}, 'CPU': {'inference_time_per_sample_ms': 0.3437534089748589, 'throughput_samples_per_sec': 2909.0620598707637, 'peak_memory_mb': 1684.3203125, 'energy_per_sample_joules': 0.02234397158336583}}
2026-09-10 14:08:53,908 P2854722 INFO Starting clean-room hardware benchmarking...
2026-09-10 14:08:54,898 P2854722 INFO Performance with loss: pr:0.9581  rc:0.9495  auc:0.9932 ap:0.9878 f1: 0.9538 pred_right: 17886 pred_wrong:1314 actu_right: 17874 actu_wrong: 1326
2026-09-10 14:08:54,899 P2854722 INFO calculate label with f1...
2026-09-10 14:08:54,899 P2854722 INFO FITS_Legendre on ./result/server_only_exps/Ablations_updatedFreDF/FITS_Legendre-SN-Epochs300-Seed2-ExpNameRQ2z5_basis_degree_comparison-LPFLPF-Attnlinear_attn-NormLinTrue-RecLambda1.0-AuxiLambda0.5-lowshow-simplegraph-Degree3-BasisTypelaguerre loading...
2026-09-10 14:08:55,295 P2854722 INFO pr:0.9768  rc:0.9540  auc:0.9928 ap:0.9895 f1: 0.9653 pred_right: 17905 pred_wrong:1295 actu_right: 17874 actu_wrong: 1326
2026-09-10 14:08:55,834 P2854722 INFO pr:0.9768  rc:0.9540  auc:0.9928 ap:0.9895 f1: 0.9653 pred_right: 17905 pred_wrong:1295 actu_right: 17874 actu_wrong: 1326
2026-09-10 14:08:55,835 P2854722 INFO Performance Summary:
{'GPU': {'inference_time_per_sample_ms': 0.19009346828812018, 'throughput_samples_per_sec': 5260.570018556995, 'peak_memory_mb': 29.28955078125, 'energy_per_sample_joules': 0.00916174479761424}, 'CPU': {'inference_time_per_sample_ms': 0.2800283585002716, 'throughput_samples_per_sec': 3571.066892494855, 'peak_memory_mb': 1689.171875, 'energy_per_sample_joules': 0.018201843302517652}}
2026-09-10 14:08:55,835 P2854722 INFO Starting clean-room hardware benchmarking...
2026-09-10 14:08:56,766 P2854722 INFO Performance with f1: pr:0.9768  rc:0.9540  auc:0.9928 ap:0.9895 f1: 0.9653 pred_right: 17905 pred_wrong:1295 actu_right: 17874 actu_wrong: 1326
2026-09-10 14:08:56,766 P2854722 INFO Collecting case-study samples...
