2026-07-24 00:17:21,596 P463801 INFO ---- Model: ----MSTGAD-f568a6f0----random_seed : 2----req_loss_approach : Legendre-style----rec_lambda : 1.0----auxi_lambda : 0.0----Freq Domain : FITS_Legendre----Multi Fits : false----train : True----evaluate : False
2026-07-24 00:17:21,596 P463801 INFO read Tranform data
2026-07-24 00:17:22,824 P463801 INFO read Graph edge data
2026-07-24 00:17:22,825 P463801 INFO Fewshot: training with 1.0 of the 70% of the data
2026-07-24 00:17:22,912 P463801 INFO Trainable Parameters Breakdown:
2026-07-24 00:17:22,912 P463801 INFO --------------------------------------------------------------------------------
2026-07-24 00:17:22,912 P463801 INFO Reconstruction-Specific Parameters:
2026-07-24 00:17:22,912 P463801 INFO node_emb.linear.weight                   | shape: (4, 3)                    | params: 12
2026-07-24 00:17:22,913 P463801 INFO node_emb.linear.bias                     | shape: (4,)                      | params: 4
2026-07-24 00:17:22,913 P463801 INFO log_emb.linear.weight                    | shape: (16, 256)                 | params: 4,096
2026-07-24 00:17:22,913 P463801 INFO log_emb.linear.bias                      | shape: (16,)                     | params: 16
2026-07-24 00:17:22,913 P463801 INFO egde_emb.linear.weight                   | shape: (4, 7)                    | params: 28
2026-07-24 00:17:22,913 P463801 INFO egde_emb.linear.bias                     | shape: (4,)                      | params: 4
2026-07-24 00:17:22,913 P463801 INFO dense_node.weight                        | shape: (3, 4)                    | params: 12
2026-07-24 00:17:22,913 P463801 INFO dense_node.bias                          | shape: (3,)                      | params: 3
2026-07-24 00:17:22,913 P463801 INFO dense_log.weight                         | shape: (256, 16)                 | params: 4,096
2026-07-24 00:17:22,913 P463801 INFO dense_log.bias                           | shape: (256,)                    | params: 256
2026-07-24 00:17:22,913 P463801 INFO dense_edge.weight                        | shape: (7, 4)                    | params: 28
2026-07-24 00:17:22,913 P463801 INFO dense_edge.bias                          | shape: (7,)                      | params: 7
2026-07-24 00:17:22,913 P463801 INFO linear_attn.Wq.weight                    | shape: (10, 10)                  | params: 100
2026-07-24 00:17:22,913 P463801 INFO linear_attn.Wk.weight                    | shape: (10, 10)                  | params: 100
2026-07-24 00:17:22,913 P463801 INFO linear_attn.Wv.weight                    | shape: (10, 10)                  | params: 100
2026-07-24 00:17:22,913 P463801 INFO linear_attn.out.weight                   | shape: (10, 10)                  | params: 100
2026-07-24 00:17:22,913 P463801 INFO linear_attn.out.bias                     | shape: (10,)                     | params: 10
2026-07-24 00:17:22,913 P463801 INFO linear_attn.norm.weight                  | shape: (10,)                     | params: 10
2026-07-24 00:17:22,913 P463801 INFO linear_attn.norm.bias                    | shape: (10,)                     | params: 10
2026-07-24 00:17:22,913 P463801 INFO shared_fits.normlin_W                    | shape: (5, 5)                    | params: 25
2026-07-24 00:17:22,913 P463801 INFO shared_fits.freq_upsampler.weight        | shape: (5, 5)                    | params: 25
2026-07-24 00:17:22,913 P463801 INFO shared_fits.freq_upsampler.bias          | shape: (5,)                      | params: 5
2026-07-24 00:17:22,913 P463801 INFO modality_proj.node.weight                | shape: (10, 4)                   | params: 40
2026-07-24 00:17:22,913 P463801 INFO modality_proj.node.bias                  | shape: (10,)                     | params: 10
2026-07-24 00:17:22,914 P463801 INFO modality_proj.log.weight                 | shape: (10, 16)                  | params: 160
2026-07-24 00:17:22,914 P463801 INFO modality_proj.log.bias                   | shape: (10,)                     | params: 10
2026-07-24 00:17:22,914 P463801 INFO modality_proj.edge.weight                | shape: (10, 4)                   | params: 40
2026-07-24 00:17:22,914 P463801 INFO modality_proj.edge.bias                  | shape: (10,)                     | params: 10
2026-07-24 00:17:22,914 P463801 INFO modality_proj_out.node.weight            | shape: (4, 10)                   | params: 40
2026-07-24 00:17:22,914 P463801 INFO modality_proj_out.node.bias              | shape: (4,)                      | params: 4
2026-07-24 00:17:22,914 P463801 INFO modality_proj_out.log.weight             | shape: (16, 10)                  | params: 160
2026-07-24 00:17:22,914 P463801 INFO modality_proj_out.log.bias               | shape: (16,)                     | params: 16
2026-07-24 00:17:22,914 P463801 INFO modality_proj_out.edge.weight            | shape: (4, 10)                   | params: 40
2026-07-24 00:17:22,914 P463801 INFO modality_proj_out.edge.bias              | shape: (4,)                      | params: 4
2026-07-24 00:17:22,914 P463801 INFO Subtotal: 9,581
2026-07-24 00:17:22,914 P463801 INFO --------------------------------------------------------------------------------
2026-07-24 00:17:22,914 P463801 INFO Common Parameters:
2026-07-24 00:17:22,914 P463801 INFO show.0.weight                            | shape: (128, 266)                | params: 34,048
2026-07-24 00:17:22,914 P463801 INFO show.0.bias                              | shape: (128,)                    | params: 128
2026-07-24 00:17:22,914 P463801 INFO show.2.weight                            | shape: (2, 128)                  | params: 256
2026-07-24 00:17:22,914 P463801 INFO show.2.bias                              | shape: (2,)                      | params: 2
2026-07-24 00:17:22,914 P463801 INFO Subtotal: 34,434
2026-07-24 00:17:22,914 P463801 INFO --------------------------------------------------------------------------------
2026-07-24 00:17:22,914 P463801 INFO Total Trainable Parameters: 44,015

2026-07-24 00:17:22,914 P463801 INFO Trainable Parameters: 44015, reconstruction: 9581, common: 34434
2026-07-24 00:17:22,915 P463801 INFO model : init weight
2026-07-24 00:17:22,915 P463801 INFO Using GPU...
2026-07-24 00:17:22,919 P463801 INFO optimizer : using AdaBelief
2026-07-24 00:17:22,919 P463801 INFO ----------------------------------------------------------------------------------------------------
2026-07-24 00:17:22,919 P463801 INFO 0/300 starting... lr: 0.001 para:1.0
2026-07-24 00:17:29,156 P463801 INFO Epoch 0/300, all_loss:6.43690 cls_loss:3791.60327 rec_loss:6.43690 [6.23s]; best loss:6.43690, patience : 0
2026-07-24 00:17:29,156 P463801 INFO ----------------------------------------------------------------------------------------------------
2026-07-24 00:17:29,156 P463801 INFO 1/300 starting... lr: 0.001 para:0.5
2026-07-24 00:17:34,856 P463801 INFO Epoch 1/300, all_loss:4.39459 cls_loss:8.45887 rec_loss:0.33031 [5.70s]; best loss:4.39459, patience : 0
2026-07-24 00:17:34,857 P463801 INFO ----------------------------------------------------------------------------------------------------
2026-07-24 00:17:34,857 P463801 INFO 2/300 starting... lr: 0.001 para:0.3333333432674408
2026-07-24 00:17:40,446 P463801 INFO Epoch 2/300, all_loss:2.48852 cls_loss:3.61641 rec_loss:0.23274 [5.59s]; best loss:2.48852, patience : 0
2026-07-24 00:17:42,576 P463801 INFO pr:0.9882  rc:0.2121  auc:0.9641 ap:0.8858 f1: 0.3493 pred_right: 38915 pred_wrong:85 actu_right: 38604 actu_wrong: 396
2026-07-24 00:17:43,433 P463801 INFO pr:0.8636  rc:0.1473  auc:0.9521 ap:0.8385 f1: 0.2517 pred_right: 16478 pred_wrong:22 actu_right: 16371 actu_wrong: 129
2026-07-24 00:17:43,438 P463801 INFO ----------------------------------------------------------------------------------------------------
2026-07-24 00:17:43,438 P463801 INFO 3/300 starting... lr: 0.001 para:0.25
2026-07-24 00:17:49,791 P463801 INFO Epoch 3/300, all_loss:0.98748 cls_loss:1.25422 rec_loss:0.18724 [6.35s]; best loss:0.98748, patience : 0
2026-07-24 00:17:51,264 P463801 INFO pr:0.9236  rc:0.6430  auc:0.9703 ap:0.9190 f1: 0.7582 pred_right: 38725 pred_wrong:275 actu_right: 38605 actu_wrong: 395
2026-07-24 00:17:51,886 P463801 INFO pr:0.8710  rc:0.6279  auc:0.9667 ap:0.8926 f1: 0.7297 pred_right: 16407 pred_wrong:93 actu_right: 16371 actu_wrong: 129
2026-07-24 00:17:51,890 P463801 INFO ----------------------------------------------------------------------------------------------------
2026-07-24 00:17:51,890 P463801 INFO 4/300 starting... lr: 0.001 para:0.20000000298023224
2026-07-24 00:17:56,860 P463801 INFO Epoch 4/300, all_loss:0.50268 cls_loss:0.58513 rec_loss:0.17289 [4.97s]; best loss:0.50268, patience : 0
2026-07-24 00:17:58,677 P463801 INFO pr:0.9397  rc:0.6692  auc:0.9822 ap:0.9425 f1: 0.7817 pred_right: 38718 pred_wrong:282 actu_right: 38604 actu_wrong: 396
2026-07-24 00:17:59,433 P463801 INFO pr:0.8687  rc:0.6667  auc:0.9930 ap:0.9123 f1: 0.7544 pred_right: 16401 pred_wrong:99 actu_right: 16371 actu_wrong: 129
2026-07-24 00:17:59,437 P463801 INFO ----------------------------------------------------------------------------------------------------
2026-07-24 00:17:59,437 P463801 INFO 5/300 starting... lr: 0.001 para:0.1666666716337204
2026-07-24 00:18:11,282 P463801 INFO Epoch 5/300, all_loss:0.67940 cls_loss:0.78409 rec_loss:0.15597 [11.84s]; best loss:0.50268, patience : 1
2026-07-24 00:18:14,828 P463801 INFO pr:0.9212  rc:0.7657  auc:0.9833 ap:0.9399 f1: 0.8363 pred_right: 38670 pred_wrong:330 actu_right: 38603 actu_wrong: 397
2026-07-24 00:18:15,803 P463801 INFO pr:0.8532  rc:0.7209  auc:0.9849 ap:0.9219 f1: 0.7815 pred_right: 16391 pred_wrong:109 actu_right: 16371 actu_wrong: 129
2026-07-24 00:18:15,808 P463801 INFO ----------------------------------------------------------------------------------------------------
2026-07-24 00:18:15,808 P463801 INFO 6/300 starting... lr: 0.001 para:0.1428571492433548
2026-07-24 00:18:21,620 P463801 INFO Epoch 6/300, all_loss:0.43130 cls_loss:0.47970 rec_loss:0.14089 [5.81s]; best loss:0.43130, patience : 0
2026-07-24 00:18:23,672 P463801 INFO pr:0.9441  rc:0.8086  auc:0.9753 ap:0.9525 f1: 0.8711 pred_right: 38660 pred_wrong:340 actu_right: 38603 actu_wrong: 397
2026-07-24 00:18:24,560 P463801 INFO pr:0.9000  rc:0.7674  auc:0.9859 ap:0.9370 f1: 0.8285 pred_right: 16390 pred_wrong:110 actu_right: 16371 actu_wrong: 129
2026-07-24 00:18:24,565 P463801 INFO ----------------------------------------------------------------------------------------------------
2026-07-24 00:18:24,566 P463801 INFO 7/300 starting... lr: 0.001 para:0.125
2026-07-24 00:18:30,072 P463801 INFO Epoch 7/300, all_loss:0.36485 cls_loss:0.39841 rec_loss:0.12998 [5.50s]; best loss:0.36485, patience : 0
2026-07-24 00:18:32,269 P463801 INFO pr:0.9507  rc:0.8283  auc:0.9838 ap:0.9571 f1: 0.8853 pred_right: 38655 pred_wrong:345 actu_right: 38604 actu_wrong: 396
2026-07-24 00:18:33,294 P463801 INFO pr:0.9009  rc:0.7752  auc:0.9931 ap:0.9543 f1: 0.8333 pred_right: 16389 pred_wrong:111 actu_right: 16371 actu_wrong: 129
2026-07-24 00:18:33,300 P463801 INFO ----------------------------------------------------------------------------------------------------
2026-07-24 00:18:33,300 P463801 INFO 8/300 starting... lr: 0.001 para:0.1111111119389534
2026-07-24 00:18:38,824 P463801 INFO Epoch 8/300, all_loss:0.29816 cls_loss:0.31971 rec_loss:0.12574 [5.52s]; best loss:0.29816, patience : 0
2026-07-24 00:18:40,650 P463801 INFO pr:0.9373  rc:0.8665  auc:0.9833 ap:0.9560 f1: 0.9005 pred_right: 38633 pred_wrong:367 actu_right: 38603 actu_wrong: 397
2026-07-24 00:18:41,418 P463801 INFO pr:0.8595  rc:0.8062  auc:0.9897 ap:0.9450 f1: 0.8320 pred_right: 16379 pred_wrong:121 actu_right: 16371 actu_wrong: 129
2026-07-24 00:18:41,423 P463801 INFO ----------------------------------------------------------------------------------------------------
2026-07-24 00:18:41,423 P463801 INFO 9/300 starting... lr: 0.001 para:0.10000000149011612
2026-07-24 00:18:46,862 P463801 INFO Epoch 9/300, all_loss:0.28043 cls_loss:0.29865 rec_loss:0.11647 [5.44s]; best loss:0.28043, patience : 0
2026-07-24 00:18:48,644 P463801 INFO pr:0.9518  rc:0.8485  auc:0.9831 ap:0.9648 f1: 0.8972 pred_right: 38647 pred_wrong:353 actu_right: 38604 actu_wrong: 396
2026-07-24 00:18:49,437 P463801 INFO pr:0.9083  rc:0.7674  auc:0.9936 ap:0.9519 f1: 0.8319 pred_right: 16391 pred_wrong:109 actu_right: 16371 actu_wrong: 129
2026-07-24 00:18:49,437 P463801 INFO ----------------------------------------------------------------------------------------------------
2026-07-24 00:18:49,437 P463801 INFO 10/300 starting... lr: 0.001 para:0.09090909361839294
2026-07-24 00:18:54,955 P463801 INFO Epoch 10/300, all_loss:0.25736 cls_loss:0.27135 rec_loss:0.11739 [5.51s]; best loss:0.25736, patience : 0
2026-07-24 00:18:56,829 P463801 INFO pr:0.9566  rc:0.8338  auc:0.9827 ap:0.9641 f1: 0.8910 pred_right: 38654 pred_wrong:346 actu_right: 38603 actu_wrong: 397
2026-07-24 00:18:57,670 P463801 INFO pr:0.9115  rc:0.7984  auc:0.9882 ap:0.9541 f1: 0.8512 pred_right: 16387 pred_wrong:113 actu_right: 16371 actu_wrong: 129
2026-07-24 00:18:57,671 P463801 INFO ----------------------------------------------------------------------------------------------------
2026-07-24 00:18:57,671 P463801 INFO 11/300 starting... lr: 0.001 para:0.0833333358168602
2026-07-24 00:19:03,330 P463801 INFO Epoch 11/300, all_loss:0.25594 cls_loss:0.26934 rec_loss:0.10855 [5.65s]; best loss:0.25594, patience : 0
2026-07-24 00:19:05,138 P463801 INFO pr:0.9282  rc:0.8791  auc:0.9847 ap:0.9643 f1: 0.9030 pred_right: 38624 pred_wrong:376 actu_right: 38603 actu_wrong: 397
2026-07-24 00:19:05,888 P463801 INFO pr:0.8473  rc:0.8605  auc:0.9952 ap:0.9471 f1: 0.8538 pred_right: 16369 pred_wrong:131 actu_right: 16371 actu_wrong: 129
2026-07-24 00:19:05,892 P463801 INFO ----------------------------------------------------------------------------------------------------
2026-07-24 00:19:05,892 P463801 INFO 12/300 starting... lr: 0.001 para:0.07692307978868484
2026-07-24 00:19:11,408 P463801 INFO Epoch 12/300, all_loss:0.23632 cls_loss:0.24731 rec_loss:0.10443 [5.51s]; best loss:0.23632, patience : 0
2026-07-24 00:19:13,443 P463801 INFO pr:0.9152  rc:0.8967  auc:0.9858 ap:0.9646 f1: 0.9059 pred_right: 38611 pred_wrong:389 actu_right: 38603 actu_wrong: 397
2026-07-24 00:19:14,450 P463801 INFO pr:0.8433  rc:0.8760  auc:0.9931 ap:0.9500 f1: 0.8593 pred_right: 16366 pred_wrong:134 actu_right: 16371 actu_wrong: 129
2026-07-24 00:19:14,455 P463801 INFO ----------------------------------------------------------------------------------------------------
2026-07-24 00:19:14,455 P463801 INFO 13/300 starting... lr: 0.001 para:0.0714285746216774
2026-07-24 00:19:20,249 P463801 INFO Epoch 13/300, all_loss:0.20576 cls_loss:0.21360 rec_loss:0.10392 [5.79s]; best loss:0.20576, patience : 0
2026-07-24 00:19:22,318 P463801 INFO pr:0.9448  rc:0.8207  auc:0.9827 ap:0.9657 f1: 0.8784 pred_right: 38656 pred_wrong:344 actu_right: 38604 actu_wrong: 396
2026-07-24 00:19:23,206 P463801 INFO pr:0.8889  rc:0.7442  auc:0.9890 ap:0.9458 f1: 0.8101 pred_right: 16392 pred_wrong:108 actu_right: 16371 actu_wrong: 129
2026-07-24 00:19:23,206 P463801 INFO ----------------------------------------------------------------------------------------------------
2026-07-24 00:19:23,206 P463801 INFO 14/300 starting... lr: 0.001 para:0.06666667014360428
2026-07-24 00:19:29,284 P463801 INFO Epoch 14/300, all_loss:0.26192 cls_loss:0.27373 rec_loss:0.09655 [6.08s]; best loss:0.20576, patience : 1
2026-07-24 00:19:30,722 P463801 INFO pr:0.9039  rc:0.8766  auc:0.9825 ap:0.9637 f1: 0.8900 pred_right: 38615 pred_wrong:385 actu_right: 38603 actu_wrong: 397
2026-07-24 00:19:31,321 P463801 INFO pr:0.8088  rc:0.8527  auc:0.9933 ap:0.9381 f1: 0.8302 pred_right: 16364 pred_wrong:136 actu_right: 16371 actu_wrong: 129
2026-07-24 00:19:31,321 P463801 INFO ----------------------------------------------------------------------------------------------------
2026-07-24 00:19:31,321 P463801 INFO 15/300 starting... lr: 0.001 para:0.0625
2026-07-24 00:19:36,380 P463801 INFO Epoch 15/300, all_loss:0.22334 cls_loss:0.23168 rec_loss:0.09813 [5.06s]; best loss:0.20576, patience : 1
2026-07-24 00:19:37,979 P463801 INFO pr:0.9395  rc:0.8992  auc:0.9844 ap:0.9682 f1: 0.9189 pred_right: 38620 pred_wrong:380 actu_right: 38603 actu_wrong: 397
2026-07-24 00:19:38,644 P463801 INFO pr:0.8934  rc:0.8450  auc:0.9942 ap:0.9558 f1: 0.8685 pred_right: 16378 pred_wrong:122 actu_right: 16371 actu_wrong: 129
2026-07-24 00:19:38,648 P463801 INFO ----------------------------------------------------------------------------------------------------
2026-07-24 00:19:38,648 P463801 INFO 16/300 starting... lr: 0.001 para:0.05882352963089943
2026-07-24 00:19:51,301 P463801 INFO Epoch 16/300, all_loss:0.21861 cls_loss:0.22655 rec_loss:0.09149 [12.65s]; best loss:0.20576, patience : 1
2026-07-24 00:19:53,870 P463801 INFO pr:0.9351  rc:0.9068  auc:0.9839 ap:0.9652 f1: 0.9207 pred_right: 38615 pred_wrong:385 actu_right: 38603 actu_wrong: 397
2026-07-24 00:19:54,821 P463801 INFO pr:0.8473  rc:0.8605  auc:0.9912 ap:0.9410 f1: 0.8538 pred_right: 16369 pred_wrong:131 actu_right: 16371 actu_wrong: 129
2026-07-24 00:19:54,827 P463801 INFO ----------------------------------------------------------------------------------------------------
2026-07-24 00:19:54,827 P463801 INFO 17/300 starting... lr: 0.001 para:0.0555555559694767
2026-07-24 00:20:00,744 P463801 INFO Epoch 17/300, all_loss:0.30813 cls_loss:0.32096 rec_loss:0.09003 [5.92s]; best loss:0.20576, patience : 2
2026-07-24 00:20:02,937 P463801 INFO pr:0.9420  rc:0.8992  auc:0.9840 ap:0.9694 f1: 0.9201 pred_right: 38621 pred_wrong:379 actu_right: 38603 actu_wrong: 397
2026-07-24 00:20:03,911 P463801 INFO pr:0.8550  rc:0.8682  auc:0.9918 ap:0.9436 f1: 0.8615 pred_right: 16369 pred_wrong:131 actu_right: 16371 actu_wrong: 129
2026-07-24 00:20:03,911 P463801 INFO ----------------------------------------------------------------------------------------------------
2026-07-24 00:20:03,912 P463801 INFO 18/300 starting... lr: 0.001 para:0.05263157933950424
2026-07-24 00:20:09,541 P463801 INFO Epoch 18/300, all_loss:0.22024 cls_loss:0.22771 rec_loss:0.08571 [5.63s]; best loss:0.20576, patience : 2
2026-07-24 00:20:11,380 P463801 INFO pr:0.9260  rc:0.9144  auc:0.9844 ap:0.9720 f1: 0.9202 pred_right: 38608 pred_wrong:392 actu_right: 38603 actu_wrong: 397
2026-07-24 00:20:12,241 P463801 INFO pr:0.8478  rc:0.9070  auc:0.9969 ap:0.9513 f1: 0.8764 pred_right: 16362 pred_wrong:138 actu_right: 16371 actu_wrong: 129
2026-07-24 00:20:12,242 P463801 INFO ----------------------------------------------------------------------------------------------------
2026-07-24 00:20:12,242 P463801 INFO 19/300 starting... lr: 0.001 para:0.05000000074505806
2026-07-24 00:20:17,821 P463801 INFO Epoch 19/300, all_loss:0.19940 cls_loss:0.20531 rec_loss:0.08716 [5.58s]; best loss:0.19940, patience : 0
2026-07-24 00:20:19,890 P463801 INFO pr:0.9508  rc:0.8766  auc:0.9849 ap:0.9729 f1: 0.9122 pred_right: 38634 pred_wrong:366 actu_right: 38603 actu_wrong: 397
2026-07-24 00:20:20,759 P463801 INFO pr:0.8934  rc:0.8450  auc:0.9932 ap:0.9517 f1: 0.8685 pred_right: 16378 pred_wrong:122 actu_right: 16371 actu_wrong: 129
2026-07-24 00:20:20,759 P463801 INFO ----------------------------------------------------------------------------------------------------
2026-07-24 00:20:20,759 P463801 INFO 20/300 starting... lr: 0.001 para:0.0476190485060215
2026-07-24 00:20:26,422 P463801 INFO Epoch 20/300, all_loss:0.16455 cls_loss:0.16873 rec_loss:0.08098 [5.66s]; best loss:0.16455, patience : 0
2026-07-24 00:20:28,420 P463801 INFO pr:0.9306  rc:0.9118  auc:0.9866 ap:0.9715 f1: 0.9211 pred_right: 38611 pred_wrong:389 actu_right: 38603 actu_wrong: 397
2026-07-24 00:20:29,453 P463801 INFO pr:0.8500  rc:0.9225  auc:0.9880 ap:0.9481 f1: 0.8848 pred_right: 16360 pred_wrong:140 actu_right: 16371 actu_wrong: 129
2026-07-24 00:20:29,459 P463801 INFO ----------------------------------------------------------------------------------------------------
2026-07-24 00:20:29,460 P463801 INFO 21/300 starting... lr: 0.001 para:0.04545454680919647
2026-07-24 00:20:34,948 P463801 INFO Epoch 21/300, all_loss:0.15880 cls_loss:0.16252 rec_loss:0.08067 [5.48s]; best loss:0.15880, patience : 0
2026-07-24 00:20:37,012 P463801 INFO pr:0.9035  rc:0.9217  auc:0.9883 ap:0.9706 f1: 0.9125 pred_right: 38596 pred_wrong:404 actu_right: 38604 actu_wrong: 396
2026-07-24 00:20:37,869 P463801 INFO pr:0.8200  rc:0.9535  auc:0.9940 ap:0.9447 f1: 0.8817 pred_right: 16350 pred_wrong:150 actu_right: 16371 actu_wrong: 129
2026-07-24 00:20:37,870 P463801 INFO ----------------------------------------------------------------------------------------------------
2026-07-24 00:20:37,870 P463801 INFO 22/300 starting... lr: 0.001 para:0.043478261679410934
2026-07-24 00:20:43,616 P463801 INFO Epoch 22/300, all_loss:0.17411 cls_loss:0.17836 rec_loss:0.08061 [5.74s]; best loss:0.15880, patience : 1
2026-07-24 00:20:45,717 P463801 INFO pr:0.9639  rc:0.8081  auc:0.9831 ap:0.9670 f1: 0.8791 pred_right: 38668 pred_wrong:332 actu_right: 38604 actu_wrong: 396
2026-07-24 00:20:46,461 P463801 INFO pr:0.8807  rc:0.7442  auc:0.9889 ap:0.9392 f1: 0.8067 pred_right: 16391 pred_wrong:109 actu_right: 16371 actu_wrong: 129
2026-07-24 00:20:46,462 P463801 INFO ----------------------------------------------------------------------------------------------------
2026-07-24 00:20:46,462 P463801 INFO 23/300 starting... lr: 0.001 para:0.0416666679084301
2026-07-24 00:20:51,944 P463801 INFO Epoch 23/300, all_loss:0.17262 cls_loss:0.17684 rec_loss:0.07563 [5.48s]; best loss:0.15880, patience : 1
2026-07-24 00:20:53,716 P463801 INFO pr:0.9521  rc:0.9018  auc:0.9854 ap:0.9671 f1: 0.9263 pred_right: 38624 pred_wrong:376 actu_right: 38603 actu_wrong: 397
2026-07-24 00:20:54,558 P463801 INFO pr:0.8880  rc:0.8605  auc:0.9857 ap:0.9422 f1: 0.8740 pred_right: 16375 pred_wrong:125 actu_right: 16371 actu_wrong: 129
2026-07-24 00:20:54,564 P463801 INFO ----------------------------------------------------------------------------------------------------
2026-07-24 00:20:54,565 P463801 INFO 24/300 starting... lr: 0.001 para:0.03999999910593033
2026-07-24 00:21:00,330 P463801 INFO Epoch 24/300, all_loss:0.15809 cls_loss:0.16141 rec_loss:0.07831 [5.76s]; best loss:0.15809, patience : 0
2026-07-24 00:21:02,243 P463801 INFO pr:0.9299  rc:0.9018  auc:0.9871 ap:0.9667 f1: 0.9156 pred_right: 38615 pred_wrong:385 actu_right: 38603 actu_wrong: 397
2026-07-24 00:21:03,190 P463801 INFO pr:0.8370  rc:0.8760  auc:0.9933 ap:0.9512 f1: 0.8561 pred_right: 16365 pred_wrong:135 actu_right: 16371 actu_wrong: 129
2026-07-24 00:21:03,191 P463801 INFO ----------------------------------------------------------------------------------------------------
2026-07-24 00:21:03,191 P463801 INFO 25/300 starting... lr: 0.001 para:0.03846153989434242
2026-07-24 00:21:08,860 P463801 INFO Epoch 25/300, all_loss:0.20131 cls_loss:0.20630 rec_loss:0.07676 [5.67s]; best loss:0.15809, patience : 1
2026-07-24 00:21:10,284 P463801 INFO pr:0.9217  rc:0.8892  auc:0.9816 ap:0.9620 f1: 0.9051 pred_right: 38617 pred_wrong:383 actu_right: 38603 actu_wrong: 397
2026-07-24 00:21:11,078 P463801 INFO pr:0.8380  rc:0.9225  auc:0.9942 ap:0.9442 f1: 0.8782 pred_right: 16358 pred_wrong:142 actu_right: 16371 actu_wrong: 129
2026-07-24 00:21:11,079 P463801 INFO ----------------------------------------------------------------------------------------------------
2026-07-24 00:21:11,079 P463801 INFO 26/300 starting... lr: 0.001 para:0.03703703731298447
2026-07-24 00:21:16,378 P463801 INFO Epoch 26/300, all_loss:0.20792 cls_loss:0.21310 rec_loss:0.07310 [5.30s]; best loss:0.15809, patience : 2
2026-07-24 00:21:18,029 P463801 INFO pr:0.9542  rc:0.8917  auc:0.9867 ap:0.9738 f1: 0.9219 pred_right: 38629 pred_wrong:371 actu_right: 38603 actu_wrong: 397
2026-07-24 00:21:19,372 P463801 INFO pr:0.8699  rc:0.8295  auc:0.9913 ap:0.9486 f1: 0.8492 pred_right: 16377 pred_wrong:123 actu_right: 16371 actu_wrong: 129
2026-07-24 00:21:19,373 P463801 INFO ----------------------------------------------------------------------------------------------------
2026-07-24 00:21:19,373 P463801 INFO 27/300 starting... lr: 0.001 para:0.0357142873108387
2026-07-24 00:21:32,171 P463801 INFO Epoch 27/300, all_loss:0.20929 cls_loss:0.21430 rec_loss:0.07429 [12.80s]; best loss:0.15809, patience : 3
2026-07-24 00:21:34,420 P463801 INFO pr:0.9370  rc:0.8636  auc:0.9748 ap:0.9564 f1: 0.8988 pred_right: 38635 pred_wrong:365 actu_right: 38604 actu_wrong: 396
2026-07-24 00:21:35,355 P463801 INFO pr:0.8952  rc:0.8605  auc:0.9849 ap:0.9559 f1: 0.8775 pred_right: 16376 pred_wrong:124 actu_right: 16371 actu_wrong: 129
2026-07-24 00:21:35,355 P463801 INFO ----------------------------------------------------------------------------------------------------
2026-07-24 00:21:35,356 P463801 INFO 28/300 starting... lr: 0.001 para:0.03448275849223137
2026-07-24 00:21:41,118 P463801 INFO Epoch 28/300, all_loss:0.18349 cls_loss:0.18764 rec_loss:0.06745 [5.76s]; best loss:0.15809, patience : 3
2026-07-24 00:21:43,199 P463801 INFO pr:0.9643  rc:0.8841  auc:0.9822 ap:0.9705 f1: 0.9225 pred_right: 38636 pred_wrong:364 actu_right: 38603 actu_wrong: 397
2026-07-24 00:21:44,113 P463801 INFO pr:0.8908  rc:0.8217  auc:0.9891 ap:0.9520 f1: 0.8548 pred_right: 16381 pred_wrong:119 actu_right: 16371 actu_wrong: 129
2026-07-24 00:21:44,114 P463801 INFO ----------------------------------------------------------------------------------------------------
2026-07-24 00:21:44,114 P463801 INFO 29/300 starting... lr: 0.001 para:0.03333333507180214
2026-07-24 00:21:49,694 P463801 INFO Epoch 29/300, all_loss:0.15679 cls_loss:0.16000 rec_loss:0.06392 [5.58s]; best loss:0.15679, patience : 0
2026-07-24 00:21:51,842 P463801 INFO pr:0.9169  rc:0.9215  auc:0.9852 ap:0.9686 f1: 0.9192 pred_right: 38603 pred_wrong:397 actu_right: 38605 actu_wrong: 395
2026-07-24 00:21:52,581 P463801 INFO pr:0.8440  rc:0.9225  auc:0.9896 ap:0.9540 f1: 0.8815 pred_right: 16359 pred_wrong:141 actu_right: 16371 actu_wrong: 129
2026-07-24 00:21:52,582 P463801 INFO ----------------------------------------------------------------------------------------------------
2026-07-24 00:21:52,589 P463801 INFO 30/300 starting... lr: 0.001 para:0.032258063554763794
2026-07-24 00:21:58,068 P463801 INFO Epoch 30/300, all_loss:0.14093 cls_loss:0.14326 rec_loss:0.07077 [5.48s]; best loss:0.14093, patience : 0
2026-07-24 00:22:00,160 P463801 INFO pr:0.9358  rc:0.8816  auc:0.9863 ap:0.9614 f1: 0.9079 pred_right: 38626 pred_wrong:374 actu_right: 38603 actu_wrong: 397
2026-07-24 00:22:01,016 P463801 INFO pr:0.7926  rc:0.8295  auc:0.9908 ap:0.9225 f1: 0.8106 pred_right: 16365 pred_wrong:135 actu_right: 16371 actu_wrong: 129
2026-07-24 00:22:01,017 P463801 INFO ----------------------------------------------------------------------------------------------------
2026-07-24 00:22:01,017 P463801 INFO 31/300 starting... lr: 0.001 para:0.03125
2026-07-24 00:22:06,678 P463801 INFO Epoch 31/300, all_loss:15.19395 cls_loss:15.68197 rec_loss:0.06541 [5.66s]; best loss:0.14093, patience : 1
2026-07-24 00:22:08,530 P463801 INFO pr:0.9105  rc:0.9013  auc:0.9856 ap:0.9649 f1: 0.9059 pred_right: 38609 pred_wrong:391 actu_right: 38605 actu_wrong: 395
2026-07-24 00:22:09,489 P463801 INFO pr:0.8296  rc:0.8682  auc:0.9917 ap:0.9374 f1: 0.8485 pred_right: 16365 pred_wrong:135 actu_right: 16371 actu_wrong: 129
2026-07-24 00:22:09,489 P463801 INFO ----------------------------------------------------------------------------------------------------
2026-07-24 00:22:09,489 P463801 INFO 32/300 starting... lr: 0.001 para:0.03030303120613098
2026-07-24 00:22:14,984 P463801 INFO Epoch 32/300, all_loss:0.18356 cls_loss:0.18721 rec_loss:0.06681 [5.49s]; best loss:0.14093, patience : 1
2026-07-24 00:22:17,011 P463801 INFO pr:0.9570  rc:0.8967  auc:0.9849 ap:0.9716 f1: 0.9259 pred_right: 38628 pred_wrong:372 actu_right: 38603 actu_wrong: 397
2026-07-24 00:22:17,811 P463801 INFO pr:0.9000  rc:0.8372  auc:0.9915 ap:0.9557 f1: 0.8675 pred_right: 16380 pred_wrong:120 actu_right: 16371 actu_wrong: 129
2026-07-24 00:22:17,812 P463801 INFO ----------------------------------------------------------------------------------------------------
2026-07-24 00:22:17,812 P463801 INFO 33/300 starting... lr: 0.001 para:0.029411764815449715
2026-07-24 00:22:23,356 P463801 INFO Epoch 33/300, all_loss:0.13392 cls_loss:0.13598 rec_loss:0.06614 [5.54s]; best loss:0.13392, patience : 0
2026-07-24 00:22:25,414 P463801 INFO pr:0.9572  rc:0.9018  auc:0.9860 ap:0.9735 f1: 0.9287 pred_right: 38626 pred_wrong:374 actu_right: 38603 actu_wrong: 397
2026-07-24 00:22:26,321 P463801 INFO pr:0.8837  rc:0.8837  auc:0.9911 ap:0.9505 f1: 0.8837 pred_right: 16371 pred_wrong:129 actu_right: 16371 actu_wrong: 129
2026-07-24 00:22:26,325 P463801 INFO ----------------------------------------------------------------------------------------------------
2026-07-24 00:22:26,326 P463801 INFO 34/300 starting... lr: 0.001 para:0.02857142873108387
2026-07-24 00:22:32,130 P463801 INFO Epoch 34/300, all_loss:0.12850 cls_loss:0.13033 rec_loss:0.06638 [5.80s]; best loss:0.12850, patience : 0
2026-07-24 00:22:34,240 P463801 INFO pr:0.9643  rc:0.8841  auc:0.9837 ap:0.9725 f1: 0.9225 pred_right: 38636 pred_wrong:364 actu_right: 38603 actu_wrong: 397
2026-07-24 00:22:34,978 P463801 INFO pr:0.8983  rc:0.8217  auc:0.9911 ap:0.9586 f1: 0.8583 pred_right: 16382 pred_wrong:118 actu_right: 16371 actu_wrong: 129
2026-07-24 00:22:34,979 P463801 INFO ----------------------------------------------------------------------------------------------------
2026-07-24 00:22:34,986 P463801 INFO 35/300 starting... lr: 0.001 para:0.02777777798473835
2026-07-24 00:22:40,772 P463801 INFO Epoch 35/300, all_loss:0.10906 cls_loss:0.11042 rec_loss:0.06142 [5.78s]; best loss:0.10906, patience : 0
2026-07-24 00:22:43,514 P463801 INFO pr:0.9700  rc:0.8967  auc:0.9845 ap:0.9738 f1: 0.9319 pred_right: 38633 pred_wrong:367 actu_right: 38603 actu_wrong: 397
2026-07-24 00:22:44,791 P463801 INFO pr:0.8629  rc:0.8295  auc:0.9934 ap:0.9604 f1: 0.8458 pred_right: 16376 pred_wrong:124 actu_right: 16371 actu_wrong: 129
2026-07-24 00:22:44,795 P463801 INFO ----------------------------------------------------------------------------------------------------
2026-07-24 00:22:44,795 P463801 INFO 36/300 starting... lr: 0.001 para:0.027027027681469917
2026-07-24 00:22:48,951 P463801 INFO Epoch 36/300, all_loss:0.16588 cls_loss:0.16880 rec_loss:0.06085 [4.16s]; best loss:0.10906, patience : 1
2026-07-24 00:22:50,505 P463801 INFO pr:0.9385  rc:0.9219  auc:0.9881 ap:0.9765 f1: 0.9301 pred_right: 38610 pred_wrong:390 actu_right: 38603 actu_wrong: 397
2026-07-24 00:22:51,288 P463801 INFO pr:0.8194  rc:0.9147  auc:0.9971 ap:0.9513 f1: 0.8645 pred_right: 16356 pred_wrong:144 actu_right: 16371 actu_wrong: 129
2026-07-24 00:22:51,288 P463801 INFO ----------------------------------------------------------------------------------------------------
2026-07-24 00:22:51,288 P463801 INFO 37/300 starting... lr: 0.001 para:0.02631578966975212
2026-07-24 00:22:56,421 P463801 INFO Epoch 37/300, all_loss:0.08971 cls_loss:0.09043 rec_loss:0.06273 [5.13s]; best loss:0.08971, patience : 0
2026-07-24 00:22:58,548 P463801 INFO pr:0.9550  rc:0.9093  auc:0.9844 ap:0.9756 f1: 0.9316 pred_right: 38622 pred_wrong:378 actu_right: 38603 actu_wrong: 397
2026-07-24 00:22:59,999 P463801 INFO pr:0.8779  rc:0.8915  auc:0.9931 ap:0.9619 f1: 0.8846 pred_right: 16369 pred_wrong:131 actu_right: 16371 actu_wrong: 129
2026-07-24 00:23:00,000 P463801 INFO ----------------------------------------------------------------------------------------------------
2026-07-24 00:23:00,000 P463801 INFO 38/300 starting... lr: 0.001 para:0.025641025975346565
2026-07-24 00:23:11,649 P463801 INFO Epoch 38/300, all_loss:0.14816 cls_loss:0.15036 rec_loss:0.06450 [11.65s]; best loss:0.08971, patience : 1
2026-07-24 00:23:13,933 P463801 INFO pr:0.9286  rc:0.9169  auc:0.9882 ap:0.9713 f1: 0.9227 pred_right: 38608 pred_wrong:392 actu_right: 38603 actu_wrong: 397
2026-07-24 00:23:14,732 P463801 INFO pr:0.8551  rc:0.9147  auc:0.9969 ap:0.9610 f1: 0.8839 pred_right: 16362 pred_wrong:138 actu_right: 16371 actu_wrong: 129
2026-07-24 00:23:14,733 P463801 INFO ----------------------------------------------------------------------------------------------------
2026-07-24 00:23:14,733 P463801 INFO 39/300 starting... lr: 0.001 para:0.02500000037252903
2026-07-24 00:23:20,473 P463801 INFO Epoch 39/300, all_loss:0.13501 cls_loss:0.13694 rec_loss:0.05962 [5.74s]; best loss:0.08971, patience : 1
2026-07-24 00:23:22,514 P463801 INFO pr:0.9518  rc:0.7960  auc:0.9805 ap:0.9606 f1: 0.8669 pred_right: 38668 pred_wrong:332 actu_right: 38603 actu_wrong: 397
2026-07-24 00:23:23,363 P463801 INFO pr:0.8611  rc:0.7209  auc:0.9854 ap:0.9339 f1: 0.7848 pred_right: 16392 pred_wrong:108 actu_right: 16371 actu_wrong: 129
2026-07-24 00:23:23,363 P463801 INFO ----------------------------------------------------------------------------------------------------
2026-07-24 00:23:23,364 P463801 INFO 40/300 starting... lr: 0.001 para:0.024390242993831635
2026-07-24 00:23:28,871 P463801 INFO Epoch 40/300, all_loss:0.36731 cls_loss:0.37503 rec_loss:0.05813 [5.51s]; best loss:0.08971, patience : 2
2026-07-24 00:23:30,960 P463801 INFO pr:0.9595  rc:0.8942  auc:0.9860 ap:0.9768 f1: 0.9257 pred_right: 38630 pred_wrong:370 actu_right: 38603 actu_wrong: 397
2026-07-24 00:23:31,846 P463801 INFO pr:0.8750  rc:0.8682  auc:0.9910 ap:0.9595 f1: 0.8716 pred_right: 16372 pred_wrong:128 actu_right: 16371 actu_wrong: 129
2026-07-24 00:23:31,847 P463801 INFO ----------------------------------------------------------------------------------------------------
2026-07-24 00:23:31,847 P463801 INFO 41/300 starting... lr: 0.001 para:0.02380952425301075
2026-07-24 00:23:37,472 P463801 INFO Epoch 41/300, all_loss:0.09371 cls_loss:0.09453 rec_loss:0.06042 [5.62s]; best loss:0.08971, patience : 2
2026-07-24 00:23:39,302 P463801 INFO pr:0.9436  rc:0.9270  auc:0.9875 ap:0.9771 f1: 0.9352 pred_right: 38610 pred_wrong:390 actu_right: 38603 actu_wrong: 397
2026-07-24 00:23:40,087 P463801 INFO pr:0.8623  rc:0.9225  auc:0.9974 ap:0.9447 f1: 0.8914 pred_right: 16362 pred_wrong:138 actu_right: 16371 actu_wrong: 129
2026-07-24 00:23:40,091 P463801 INFO ----------------------------------------------------------------------------------------------------
2026-07-24 00:23:40,091 P463801 INFO 42/300 starting... lr: 0.001 para:0.023255813866853714
2026-07-24 00:23:45,713 P463801 INFO Epoch 42/300, all_loss:0.13530 cls_loss:0.13695 rec_loss:0.06588 [5.62s]; best loss:0.08971, patience : 3
2026-07-24 00:23:47,855 P463801 INFO pr:0.9719  rc:0.8737  auc:0.9826 ap:0.9755 f1: 0.9202 pred_right: 38644 pred_wrong:356 actu_right: 38604 actu_wrong: 396
2026-07-24 00:23:48,658 P463801 INFO pr:0.8720  rc:0.8450  auc:0.9910 ap:0.9531 f1: 0.8583 pred_right: 16375 pred_wrong:125 actu_right: 16371 actu_wrong: 129
2026-07-24 00:23:48,658 P463801 INFO ----------------------------------------------------------------------------------------------------
2026-07-24 00:23:48,658 P463801 INFO 43/300 starting... lr: 0.001 para:0.022727273404598236
2026-07-24 00:23:54,180 P463801 INFO Epoch 43/300, all_loss:0.10027 cls_loss:0.10120 rec_loss:0.06061 [5.52s]; best loss:0.08971, patience : 3
2026-07-24 00:23:56,085 P463801 INFO pr:0.9651  rc:0.9068  auc:0.9871 ap:0.9757 f1: 0.9351 pred_right: 38627 pred_wrong:373 actu_right: 38603 actu_wrong: 397
2026-07-24 00:23:56,865 P463801 INFO pr:0.8636  rc:0.8837  auc:0.9976 ap:0.9556 f1: 0.8736 pred_right: 16368 pred_wrong:132 actu_right: 16371 actu_wrong: 129
2026-07-24 00:23:56,866 P463801 INFO ----------------------------------------------------------------------------------------------------
2026-07-24 00:23:56,866 P463801 INFO 44/300 starting... lr: 0.001 para:0.02222222276031971
2026-07-24 00:24:02,447 P463801 INFO Epoch 44/300, all_loss:0.18143 cls_loss:0.18417 rec_loss:0.06077 [5.58s]; best loss:0.08971, patience : 4
2026-07-24 00:24:04,539 P463801 INFO pr:0.9436  rc:0.9270  auc:0.9871 ap:0.9762 f1: 0.9352 pred_right: 38610 pred_wrong:390 actu_right: 38603 actu_wrong: 397
2026-07-24 00:24:05,457 P463801 INFO pr:0.8417  rc:0.9070  auc:0.9970 ap:0.9438 f1: 0.8731 pred_right: 16361 pred_wrong:139 actu_right: 16371 actu_wrong: 129
2026-07-24 00:24:05,462 P463801 INFO ----------------------------------------------------------------------------------------------------
2026-07-24 00:24:05,463 P463801 INFO 45/300 starting... lr: 0.001 para:0.021739130839705467
2026-07-24 00:24:10,950 P463801 INFO Epoch 45/300, all_loss:0.10192 cls_loss:0.10297 rec_loss:0.05472 [5.49s]; best loss:0.08971, patience : 4
2026-07-24 00:24:12,768 P463801 INFO pr:0.9556  rc:0.9219  auc:0.9889 ap:0.9788 f1: 0.9385 pred_right: 38617 pred_wrong:383 actu_right: 38603 actu_wrong: 397
2026-07-24 00:24:13,596 P463801 INFO pr:0.8613  rc:0.9147  auc:0.9975 ap:0.9508 f1: 0.8872 pred_right: 16363 pred_wrong:137 actu_right: 16371 actu_wrong: 129
2026-07-24 00:24:13,600 P463801 INFO ----------------------------------------------------------------------------------------------------
2026-07-24 00:24:13,600 P463801 INFO 46/300 starting... lr: 0.001 para:0.021276595070958138
2026-07-24 00:24:19,385 P463801 INFO Epoch 46/300, all_loss:0.10575 cls_loss:0.10691 rec_loss:0.05255 [5.78s]; best loss:0.08971, patience : 5
2026-07-24 00:24:21,369 P463801 INFO pr:0.9642  rc:0.8838  auc:0.9869 ap:0.9769 f1: 0.9223 pred_right: 38637 pred_wrong:363 actu_right: 38604 actu_wrong: 396
2026-07-24 00:24:22,620 P463801 INFO pr:0.8779  rc:0.8915  auc:0.9893 ap:0.9462 f1: 0.8846 pred_right: 16369 pred_wrong:131 actu_right: 16371 actu_wrong: 129
2026-07-24 00:24:22,621 P463801 INFO ----------------------------------------------------------------------------------------------------
2026-07-24 00:24:22,622 P463801 INFO 47/300 starting... lr: 0.001 para:0.02083333395421505
2026-07-24 00:24:27,802 P463801 INFO Epoch 47/300, all_loss:0.09216 cls_loss:0.09295 rec_loss:0.05516 [5.18s]; best loss:0.08971, patience : 5
2026-07-24 00:24:29,255 P463801 INFO pr:0.9574  rc:0.9068  auc:0.9852 ap:0.9737 f1: 0.9314 pred_right: 38624 pred_wrong:376 actu_right: 38603 actu_wrong: 397
2026-07-24 00:24:29,871 P463801 INFO pr:0.8750  rc:0.8682  auc:0.9905 ap:0.9530 f1: 0.8716 pred_right: 16372 pred_wrong:128 actu_right: 16371 actu_wrong: 129
2026-07-24 00:24:29,871 P463801 INFO ----------------------------------------------------------------------------------------------------
2026-07-24 00:24:29,871 P463801 INFO 48/300 starting... lr: 0.001 para:0.020408162847161293
2026-07-24 00:24:35,071 P463801 INFO Epoch 48/300, all_loss:0.10758 cls_loss:0.10870 rec_loss:0.05374 [5.20s]; best loss:0.08971, patience : 6
2026-07-24 00:24:37,008 P463801 INFO pr:0.9714  rc:0.8564  auc:0.9816 ap:0.9738 f1: 0.9103 pred_right: 38650 pred_wrong:350 actu_right: 38603 actu_wrong: 397
2026-07-24 00:24:38,527 P463801 INFO pr:0.8772  rc:0.7752  auc:0.9831 ap:0.9511 f1: 0.8230 pred_right: 16386 pred_wrong:114 actu_right: 16371 actu_wrong: 129
2026-07-24 00:24:38,528 P463801 INFO ----------------------------------------------------------------------------------------------------
2026-07-24 00:24:38,528 P463801 INFO 49/300 starting... lr: 0.001 para:0.019999999552965164
2026-07-24 00:24:49,669 P463801 INFO Epoch 49/300, all_loss:0.14978 cls_loss:0.15176 rec_loss:0.05252 [11.14s]; best loss:0.08971, patience : 7
2026-07-24 00:24:52,170 P463801 INFO pr:0.8929  rc:0.9244  auc:0.9874 ap:0.9589 f1: 0.9084 pred_right: 38589 pred_wrong:411 actu_right: 38603 actu_wrong: 397
2026-07-24 00:24:53,095 P463801 INFO pr:0.7800  rc:0.9070  auc:0.9971 ap:0.9330 f1: 0.8387 pred_right: 16350 pred_wrong:150 actu_right: 16371 actu_wrong: 129
2026-07-24 00:24:53,095 P463801 INFO ----------------------------------------------------------------------------------------------------
2026-07-24 00:24:53,095 P463801 INFO 50/300 starting... lr: 0.001 para:0.019607843831181526
2026-07-24 00:24:58,878 P463801 INFO Epoch 50/300, all_loss:0.12320 cls_loss:0.12425 rec_loss:0.07079 [5.78s]; best loss:0.08971, patience : 7
2026-07-24 00:25:00,684 P463801 INFO pr:0.9696  rc:0.8841  auc:0.9839 ap:0.9731 f1: 0.9249 pred_right: 38638 pred_wrong:362 actu_right: 38603 actu_wrong: 397
2026-07-24 00:25:01,490 P463801 INFO pr:0.9194  rc:0.8837  auc:0.9911 ap:0.9626 f1: 0.9012 pred_right: 16376 pred_wrong:124 actu_right: 16371 actu_wrong: 129
2026-07-24 00:25:01,491 P463801 INFO ----------------------------------------------------------------------------------------------------
2026-07-24 00:25:01,491 P463801 INFO 51/300 starting... lr: 0.001 para:0.01923076994717121
2026-07-24 00:25:06,955 P463801 INFO Epoch 51/300, all_loss:0.07658 cls_loss:0.07696 rec_loss:0.05757 [5.46s]; best loss:0.07658, patience : 0
2026-07-24 00:25:08,897 P463801 INFO pr:0.9675  rc:0.8992  auc:0.9845 ap:0.9772 f1: 0.9321 pred_right: 38631 pred_wrong:369 actu_right: 38603 actu_wrong: 397
2026-07-24 00:25:09,653 P463801 INFO pr:0.8923  rc:0.8992  auc:0.9917 ap:0.9558 f1: 0.8958 pred_right: 16370 pred_wrong:130 actu_right: 16371 actu_wrong: 129
2026-07-24 00:25:09,654 P463801 INFO ----------------------------------------------------------------------------------------------------
2026-07-24 00:25:09,654 P463801 INFO 52/300 starting... lr: 0.001 para:0.01886792480945587
2026-07-24 00:25:15,263 P463801 INFO Epoch 52/300, all_loss:0.19711 cls_loss:0.19977 rec_loss:0.05913 [5.61s]; best loss:0.07658, patience : 1
2026-07-24 00:25:17,170 P463801 INFO pr:0.9536  rc:0.8813  auc:0.9845 ap:0.9705 f1: 0.9160 pred_right: 38634 pred_wrong:366 actu_right: 38604 actu_wrong: 396
2026-07-24 00:25:17,869 P463801 INFO pr:0.8780  rc:0.8372  auc:0.9909 ap:0.9626 f1: 0.8571 pred_right: 16377 pred_wrong:123 actu_right: 16371 actu_wrong: 129
2026-07-24 00:25:17,869 P463801 INFO ----------------------------------------------------------------------------------------------------
2026-07-24 00:25:17,870 P463801 INFO 53/300 starting... lr: 0.001 para:0.018518518656492233
2026-07-24 00:25:23,528 P463801 INFO Epoch 53/300, all_loss:0.06013 cls_loss:0.06018 rec_loss:0.05745 [5.65s]; best loss:0.06013, patience : 0
2026-07-24 00:25:25,373 P463801 INFO pr:0.9206  rc:0.9345  auc:0.9865 ap:0.9707 f1: 0.9275 pred_right: 38597 pred_wrong:403 actu_right: 38603 actu_wrong: 397
2026-07-24 00:25:26,139 P463801 INFO pr:0.8264  rc:0.9225  auc:0.9955 ap:0.9473 f1: 0.8718 pred_right: 16356 pred_wrong:144 actu_right: 16371 actu_wrong: 129
2026-07-24 00:25:26,140 P463801 INFO ----------------------------------------------------------------------------------------------------
2026-07-24 00:25:26,140 P463801 INFO 54/300 starting... lr: 0.001 para:0.0181818176060915
2026-07-24 00:25:31,748 P463801 INFO Epoch 54/300, all_loss:0.09758 cls_loss:0.09826 rec_loss:0.06084 [5.61s]; best loss:0.06013, patience : 1
2026-07-24 00:25:33,555 P463801 INFO pr:0.9509  rc:0.9270  auc:0.9867 ap:0.9761 f1: 0.9388 pred_right: 38613 pred_wrong:387 actu_right: 38603 actu_wrong: 397
2026-07-24 00:25:34,371 P463801 INFO pr:0.8511  rc:0.9302  auc:0.9970 ap:0.9496 f1: 0.8889 pred_right: 16359 pred_wrong:141 actu_right: 16371 actu_wrong: 129
2026-07-24 00:25:34,376 P463801 INFO ----------------------------------------------------------------------------------------------------
2026-07-24 00:25:34,376 P463801 INFO 55/300 starting... lr: 0.001 para:0.01785714365541935
2026-07-24 00:25:39,932 P463801 INFO Epoch 55/300, all_loss:0.08401 cls_loss:0.08449 rec_loss:0.05781 [5.56s]; best loss:0.06013, patience : 1
2026-07-24 00:25:41,818 P463801 INFO pr:0.9825  rc:0.8510  auc:0.9784 ap:0.9771 f1: 0.9120 pred_right: 38657 pred_wrong:343 actu_right: 38604 actu_wrong: 396
2026-07-24 00:25:42,592 P463801 INFO pr:0.8783  rc:0.7829  auc:0.9860 ap:0.9550 f1: 0.8279 pred_right: 16385 pred_wrong:115 actu_right: 16371 actu_wrong: 129
2026-07-24 00:25:42,592 P463801 INFO ----------------------------------------------------------------------------------------------------
2026-07-24 00:25:42,593 P463801 INFO 56/300 starting... lr: 0.001 para:0.017543859779834747
2026-07-24 00:25:48,529 P463801 INFO Epoch 56/300, all_loss:0.10987 cls_loss:0.11085 rec_loss:0.05470 [5.94s]; best loss:0.06013, patience : 2
2026-07-24 00:25:50,632 P463801 INFO pr:0.9367  rc:0.9320  auc:0.9877 ap:0.9749 f1: 0.9343 pred_right: 38605 pred_wrong:395 actu_right: 38603 actu_wrong: 397
2026-07-24 00:25:51,537 P463801 INFO pr:0.8414  rc:0.9457  auc:0.9994 ap:0.9393 f1: 0.8905 pred_right: 16355 pred_wrong:145 actu_right: 16371 actu_wrong: 129
2026-07-24 00:25:51,538 P463801 INFO ----------------------------------------------------------------------------------------------------
2026-07-24 00:25:51,538 P463801 INFO 57/300 starting... lr: 0.001 para:0.017241379246115685
2026-07-24 00:25:57,483 P463801 INFO Epoch 57/300, all_loss:0.09255 cls_loss:0.09327 rec_loss:0.05110 [5.94s]; best loss:0.06013, patience : 2
2026-07-24 00:25:59,817 P463801 INFO pr:0.9437  rc:0.9318  auc:0.9881 ap:0.9747 f1: 0.9377 pred_right: 38609 pred_wrong:391 actu_right: 38604 actu_wrong: 396
2026-07-24 00:26:01,081 P463801 INFO pr:0.8392  rc:0.9302  auc:0.9976 ap:0.9461 f1: 0.8824 pred_right: 16357 pred_wrong:143 actu_right: 16371 actu_wrong: 129
2026-07-24 00:26:01,082 P463801 INFO ----------------------------------------------------------------------------------------------------
2026-07-24 00:26:01,082 P463801 INFO 58/300 starting... lr: 0.001 para:0.016949152573943138
2026-07-24 00:26:06,263 P463801 INFO Epoch 58/300, all_loss:0.04519 cls_loss:0.04507 rec_loss:0.05216 [5.18s]; best loss:0.04519, patience : 0
2026-07-24 00:26:07,587 P463801 INFO pr:0.9490  rc:0.9370  auc:0.9862 ap:0.9787 f1: 0.9430 pred_right: 38608 pred_wrong:392 actu_right: 38603 actu_wrong: 397
2026-07-24 00:26:08,414 P463801 INFO pr:0.8493  rc:0.9612  auc:0.9996 ap:0.9544 f1: 0.9018 pred_right: 16354 pred_wrong:146 actu_right: 16371 actu_wrong: 129
2026-07-24 00:26:08,420 P463801 INFO ----------------------------------------------------------------------------------------------------
2026-07-24 00:26:08,420 P463801 INFO 59/300 starting... lr: 0.001 para:0.01666666753590107
2026-07-24 00:26:13,633 P463801 INFO Epoch 59/300, all_loss:0.08857 cls_loss:0.08918 rec_loss:0.05252 [5.21s]; best loss:0.04519, patience : 1
2026-07-24 00:26:15,118 P463801 INFO pr:0.8184  rc:0.9421  auc:0.9846 ap:0.9678 f1: 0.8759 pred_right: 38543 pred_wrong:457 actu_right: 38603 actu_wrong: 397
2026-07-24 00:26:15,870 P463801 INFO pr:0.6851  rc:0.9612  auc:0.9994 ap:0.9442 f1: 0.8000 pred_right: 16319 pred_wrong:181 actu_right: 16371 actu_wrong: 129
2026-07-24 00:26:15,871 P463801 INFO ----------------------------------------------------------------------------------------------------
2026-07-24 00:26:15,871 P463801 INFO 60/300 starting... lr: 0.001 para:0.016393441706895828
2026-07-24 00:26:29,869 P463801 INFO Epoch 60/300, all_loss:0.10775 cls_loss:0.10874 rec_loss:0.04866 [14.00s]; best loss:0.04519, patience : 2
2026-07-24 00:26:32,111 P463801 INFO pr:0.9631  rc:0.9194  auc:0.9865 ap:0.9781 f1: 0.9407 pred_right: 38621 pred_wrong:379 actu_right: 38603 actu_wrong: 397
2026-07-24 00:26:32,998 P463801 INFO pr:0.8623  rc:0.9225  auc:0.9996 ap:0.9668 f1: 0.8914 pred_right: 16362 pred_wrong:138 actu_right: 16371 actu_wrong: 129
2026-07-24 00:26:32,998 P463801 INFO ----------------------------------------------------------------------------------------------------
2026-07-24 00:26:32,998 P463801 INFO 61/300 starting... lr: 0.001 para:0.016129031777381897
2026-07-24 00:26:38,830 P463801 INFO Epoch 61/300, all_loss:0.07852 cls_loss:0.07902 rec_loss:0.04753 [5.83s]; best loss:0.04519, patience : 2
2026-07-24 00:26:40,708 P463801 INFO pr:0.9630  rc:0.9169  auc:0.9860 ap:0.9771 f1: 0.9394 pred_right: 38622 pred_wrong:378 actu_right: 38603 actu_wrong: 397
2026-07-24 00:26:41,488 P463801 INFO pr:0.8605  rc:0.8605  auc:0.9976 ap:0.9535 f1: 0.8605 pred_right: 16371 pred_wrong:129 actu_right: 16371 actu_wrong: 129
2026-07-24 00:26:41,488 P463801 INFO ----------------------------------------------------------------------------------------------------
2026-07-24 00:26:41,488 P463801 INFO 62/300 starting... lr: 0.001 para:0.01587301678955555
2026-07-24 00:26:47,087 P463801 INFO Epoch 62/300, all_loss:0.07260 cls_loss:0.07304 rec_loss:0.04551 [5.60s]; best loss:0.04519, patience : 2
2026-07-24 00:26:49,111 P463801 INFO pr:0.9651  rc:0.9068  auc:0.9858 ap:0.9799 f1: 0.9351 pred_right: 38627 pred_wrong:373 actu_right: 38603 actu_wrong: 397
2026-07-24 00:26:49,995 P463801 INFO pr:0.8800  rc:0.8527  auc:0.9975 ap:0.9552 f1: 0.8661 pred_right: 16375 pred_wrong:125 actu_right: 16371 actu_wrong: 129
2026-07-24 00:26:49,996 P463801 INFO ----------------------------------------------------------------------------------------------------
2026-07-24 00:26:49,996 P463801 INFO 63/300 starting... lr: 0.001 para:0.015625
2026-07-24 00:26:55,745 P463801 INFO Epoch 63/300, all_loss:0.12853 cls_loss:0.12977 rec_loss:0.05073 [5.75s]; best loss:0.04519, patience : 3
2026-07-24 00:26:57,869 P463801 INFO pr:0.9053  rc:0.9419  auc:0.9838 ap:0.9691 f1: 0.9233 pred_right: 38588 pred_wrong:412 actu_right: 38604 actu_wrong: 396
2026-07-24 00:26:58,646 P463801 INFO pr:0.7871  rc:0.9457  auc:0.9993 ap:0.9352 f1: 0.8592 pred_right: 16345 pred_wrong:155 actu_right: 16371 actu_wrong: 129
2026-07-24 00:26:58,647 P463801 INFO ----------------------------------------------------------------------------------------------------
2026-07-24 00:26:58,647 P463801 INFO 64/300 starting... lr: 0.001 para:0.015384615398943424
2026-07-24 00:27:04,288 P463801 INFO Epoch 64/300, all_loss:0.09247 cls_loss:0.09315 rec_loss:0.04900 [5.64s]; best loss:0.04519, patience : 3
2026-07-24 00:27:06,197 P463801 INFO pr:0.9630  rc:0.9192  auc:0.9838 ap:0.9759 f1: 0.9406 pred_right: 38622 pred_wrong:378 actu_right: 38604 actu_wrong: 396
2026-07-24 00:27:06,989 P463801 INFO pr:0.8511  rc:0.9302  auc:0.9995 ap:0.9547 f1: 0.8889 pred_right: 16359 pred_wrong:141 actu_right: 16371 actu_wrong: 129
2026-07-24 00:27:06,990 P463801 INFO ----------------------------------------------------------------------------------------------------
2026-07-24 00:27:06,990 P463801 INFO 65/300 starting... lr: 0.001 para:0.01515151560306549
2026-07-24 00:27:12,599 P463801 INFO Epoch 65/300, all_loss:0.08520 cls_loss:0.08577 rec_loss:0.04815 [5.61s]; best loss:0.04519, patience : 3
2026-07-24 00:27:14,573 P463801 INFO pr:0.9455  rc:0.8741  auc:0.9825 ap:0.9695 f1: 0.9084 pred_right: 38633 pred_wrong:367 actu_right: 38603 actu_wrong: 397
2026-07-24 00:27:15,366 P463801 INFO pr:0.8281  rc:0.8217  auc:0.9944 ap:0.9284 f1: 0.8249 pred_right: 16372 pred_wrong:128 actu_right: 16371 actu_wrong: 129
2026-07-24 00:27:15,367 P463801 INFO ----------------------------------------------------------------------------------------------------
2026-07-24 00:27:15,367 P463801 INFO 66/300 starting... lr: 0.001 para:0.014925372786819935
2026-07-24 00:27:21,099 P463801 INFO Epoch 66/300, all_loss:0.17441 cls_loss:0.17637 rec_loss:0.04535 [5.73s]; best loss:0.04519, patience : 4
2026-07-24 00:27:23,117 P463801 INFO pr:0.8594  rc:0.9467  auc:0.9895 ap:0.9684 f1: 0.9010 pred_right: 38566 pred_wrong:434 actu_right: 38606 actu_wrong: 394
2026-07-24 00:27:23,896 P463801 INFO pr:0.7857  rc:0.9380  auc:0.9970 ap:0.9419 f1: 0.8551 pred_right: 16346 pred_wrong:154 actu_right: 16371 actu_wrong: 129
2026-07-24 00:27:23,897 P463801 INFO ----------------------------------------------------------------------------------------------------
2026-07-24 00:27:23,897 P463801 INFO 67/300 starting... lr: 0.001 para:0.014705882407724857
2026-07-24 00:27:29,561 P463801 INFO Epoch 67/300, all_loss:0.10547 cls_loss:0.10627 rec_loss:0.05185 [5.66s]; best loss:0.04519, patience : 4
2026-07-24 00:27:31,410 P463801 INFO pr:0.9429  rc:0.9144  auc:0.9863 ap:0.9743 f1: 0.9284 pred_right: 38615 pred_wrong:385 actu_right: 38603 actu_wrong: 397
2026-07-24 00:27:32,164 P463801 INFO pr:0.8696  rc:0.9302  auc:0.9973 ap:0.9606 f1: 0.8989 pred_right: 16362 pred_wrong:138 actu_right: 16371 actu_wrong: 129
2026-07-24 00:27:32,165 P463801 INFO ----------------------------------------------------------------------------------------------------
2026-07-24 00:27:32,165 P463801 INFO 68/300 starting... lr: 0.001 para:0.014492753893136978
2026-07-24 00:27:37,900 P463801 INFO Epoch 68/300, all_loss:0.10058 cls_loss:0.10135 rec_loss:0.04862 [5.74s]; best loss:0.04519, patience : 4
2026-07-24 00:27:39,870 P463801 INFO pr:0.9437  rc:0.9295  auc:0.9877 ap:0.9782 f1: 0.9365 pred_right: 38609 pred_wrong:391 actu_right: 38603 actu_wrong: 397
2026-07-24 00:27:41,552 P463801 INFO pr:0.8380  rc:0.9225  auc:0.9976 ap:0.9544 f1: 0.8782 pred_right: 16358 pred_wrong:142 actu_right: 16371 actu_wrong: 129
2026-07-24 00:27:41,553 P463801 INFO ----------------------------------------------------------------------------------------------------
2026-07-24 00:27:41,553 P463801 INFO 69/300 starting... lr: 0.001 para:0.014285714365541935
2026-07-24 00:27:45,806 P463801 INFO Epoch 69/300, all_loss:1.26129 cls_loss:1.27887 rec_loss:0.04845 [4.25s]; best loss:0.04519, patience : 5
2026-07-24 00:27:47,221 P463801 INFO pr:0.9605  rc:0.9217  auc:0.9870 ap:0.9774 f1: 0.9407 pred_right: 38620 pred_wrong:380 actu_right: 38604 actu_wrong: 396
2026-07-24 00:27:47,903 P463801 INFO pr:0.8529  rc:0.8992  auc:0.9976 ap:0.9505 f1: 0.8755 pred_right: 16364 pred_wrong:136 actu_right: 16371 actu_wrong: 129
2026-07-24 00:27:47,904 P463801 INFO ----------------------------------------------------------------------------------------------------
2026-07-24 00:27:47,904 P463801 INFO 70/300 starting... lr: 0.001 para:0.014084506779909134
2026-07-24 00:27:53,083 P463801 INFO Epoch 70/300, all_loss:0.05992 cls_loss:0.06013 rec_loss:0.04548 [5.18s]; best loss:0.04519, patience : 5
2026-07-24 00:27:55,017 P463801 INFO pr:0.9699  rc:0.8965  auc:0.9870 ap:0.9799 f1: 0.9318 pred_right: 38634 pred_wrong:366 actu_right: 38604 actu_wrong: 396
2026-07-24 00:27:56,216 P463801 INFO pr:0.8538  rc:0.8605  auc:0.9937 ap:0.9514 f1: 0.8571 pred_right: 16370 pred_wrong:130 actu_right: 16371 actu_wrong: 129
2026-07-24 00:27:56,217 P463801 INFO ----------------------------------------------------------------------------------------------------
2026-07-24 00:27:56,217 P463801 INFO 71/300 starting... lr: 0.001 para:0.013888888992369175
2026-07-24 00:28:08,200 P463801 INFO Epoch 71/300, all_loss:0.06359 cls_loss:0.06383 rec_loss:0.04593 [11.98s]; best loss:0.04519, patience : 6
2026-07-24 00:28:10,626 P463801 INFO pr:0.9830  rc:0.8715  auc:0.9792 ap:0.9757 f1: 0.9239 pred_right: 38648 pred_wrong:352 actu_right: 38603 actu_wrong: 397
2026-07-24 00:28:11,587 P463801 INFO pr:0.9127  rc:0.8915  auc:0.9918 ap:0.9620 f1: 0.9020 pred_right: 16374 pred_wrong:126 actu_right: 16371 actu_wrong: 129
2026-07-24 00:28:11,587 P463801 INFO ----------------------------------------------------------------------------------------------------
2026-07-24 00:28:11,587 P463801 INFO 72/300 starting... lr: 0.001 para:0.013698630034923553
2026-07-24 00:28:17,256 P463801 INFO Epoch 72/300, all_loss:0.10379 cls_loss:0.10458 rec_loss:0.04709 [5.67s]; best loss:0.04519, patience : 7
2026-07-24 00:28:19,103 P463801 INFO pr:0.9529  rc:0.9169  auc:0.9867 ap:0.9792 f1: 0.9345 pred_right: 38618 pred_wrong:382 actu_right: 38603 actu_wrong: 397
2026-07-24 00:28:20,020 P463801 INFO pr:0.8561  rc:0.9225  auc:0.9994 ap:0.9578 f1: 0.8881 pred_right: 16361 pred_wrong:139 actu_right: 16371 actu_wrong: 129
2026-07-24 00:28:20,021 P463801 INFO ----------------------------------------------------------------------------------------------------
2026-07-24 00:28:20,021 P463801 INFO 73/300 starting... lr: 0.001 para:0.013513513840734959
2026-07-24 00:28:25,663 P463801 INFO Epoch 73/300, all_loss:0.07439 cls_loss:0.07476 rec_loss:0.04749 [5.64s]; best loss:0.04519, patience : 7
2026-07-24 00:28:27,636 P463801 INFO pr:0.9580  rc:0.9194  auc:0.9867 ap:0.9768 f1: 0.9383 pred_right: 38619 pred_wrong:381 actu_right: 38603 actu_wrong: 397
2026-07-24 00:28:28,421 P463801 INFO pr:0.8264  rc:0.9225  auc:0.9974 ap:0.9468 f1: 0.8718 pred_right: 16356 pred_wrong:144 actu_right: 16371 actu_wrong: 129
2026-07-24 00:28:28,422 P463801 INFO ----------------------------------------------------------------------------------------------------
2026-07-24 00:28:28,422 P463801 INFO 74/300 starting... lr: 0.001 para:0.013333333656191826
2026-07-24 00:28:33,944 P463801 INFO Epoch 74/300, all_loss:0.05813 cls_loss:0.05829 rec_loss:0.04601 [5.52s]; best loss:0.04519, patience : 7
2026-07-24 00:28:35,795 P463801 INFO pr:0.9752  rc:0.8917  auc:0.9822 ap:0.9758 f1: 0.9316 pred_right: 38637 pred_wrong:363 actu_right: 38603 actu_wrong: 397
2026-07-24 00:28:36,527 P463801 INFO pr:0.8626  rc:0.8760  auc:0.9956 ap:0.9623 f1: 0.8692 pred_right: 16369 pred_wrong:131 actu_right: 16371 actu_wrong: 129
2026-07-24 00:28:36,527 P463801 INFO ----------------------------------------------------------------------------------------------------
2026-07-24 00:28:36,527 P463801 INFO 75/300 starting... lr: 0.001 para:0.01315789483487606
2026-07-24 00:28:41,874 P463801 INFO Epoch 75/300, all_loss:0.04996 cls_loss:0.05000 rec_loss:0.04750 [5.35s]; best loss:0.04519, patience : 7
2026-07-24 00:28:43,815 P463801 INFO pr:0.9653  rc:0.9118  auc:0.9845 ap:0.9777 f1: 0.9378 pred_right: 38625 pred_wrong:375 actu_right: 38603 actu_wrong: 397
2026-07-24 00:28:44,632 P463801 INFO pr:0.8633  rc:0.9302  auc:0.9957 ap:0.9595 f1: 0.8955 pred_right: 16361 pred_wrong:139 actu_right: 16371 actu_wrong: 129
2026-07-24 00:28:44,633 P463801 INFO ----------------------------------------------------------------------------------------------------
2026-07-24 00:28:44,633 P463801 INFO 76/300 starting... lr: 0.001 para:0.012987012974917889
2026-07-24 00:28:50,127 P463801 INFO Epoch 76/300, all_loss:0.04952 cls_loss:0.04954 rec_loss:0.04751 [5.49s]; best loss:0.04519, patience : 7
2026-07-24 00:28:52,096 P463801 INFO pr:0.7845  rc:0.9494  auc:0.9850 ap:0.9731 f1: 0.8591 pred_right: 38522 pred_wrong:478 actu_right: 38605 actu_wrong: 395
2026-07-24 00:28:52,888 P463801 INFO pr:0.7636  rc:0.9767  auc:0.9996 ap:0.9458 f1: 0.8571 pred_right: 16335 pred_wrong:165 actu_right: 16371 actu_wrong: 129
2026-07-24 00:28:52,888 P463801 INFO ----------------------------------------------------------------------------------------------------
2026-07-24 00:28:52,888 P463801 INFO 77/300 starting... lr: 0.001 para:0.012820512987673283
2026-07-24 00:28:58,408 P463801 INFO Epoch 77/300, all_loss:0.03392 cls_loss:0.03374 rec_loss:0.04765 [5.51s]; best loss:0.03392, patience : 0
2026-07-24 00:29:00,827 P463801 INFO pr:0.9693  rc:0.8741  auc:0.9811 ap:0.9754 f1: 0.9192 pred_right: 38642 pred_wrong:358 actu_right: 38603 actu_wrong: 397
2026-07-24 00:29:01,689 P463801 INFO pr:0.8790  rc:0.8450  auc:0.9895 ap:0.9509 f1: 0.8617 pred_right: 16376 pred_wrong:124 actu_right: 16371 actu_wrong: 129
2026-07-24 00:29:01,689 P463801 INFO ----------------------------------------------------------------------------------------------------
2026-07-24 00:29:01,689 P463801 INFO 78/300 starting... lr: 0.001 para:0.012658228166401386
2026-07-24 00:29:07,277 P463801 INFO Epoch 78/300, all_loss:0.04534 cls_loss:0.04533 rec_loss:0.04649 [5.59s]; best loss:0.03392, patience : 1
2026-07-24 00:29:09,090 P463801 INFO pr:0.8900  rc:0.9169  auc:0.9866 ap:0.9713 f1: 0.9032 pred_right: 38591 pred_wrong:409 actu_right: 38603 actu_wrong: 397
2026-07-24 00:29:09,855 P463801 INFO pr:0.7829  rc:0.9225  auc:0.9972 ap:0.9358 f1: 0.8470 pred_right: 16348 pred_wrong:152 actu_right: 16371 actu_wrong: 129
2026-07-24 00:29:09,855 P463801 INFO ----------------------------------------------------------------------------------------------------
2026-07-24 00:29:09,855 P463801 INFO 79/300 starting... lr: 0.001 para:0.012500000186264515
2026-07-24 00:29:15,553 P463801 INFO Epoch 79/300, all_loss:0.10318 cls_loss:0.10394 rec_loss:0.04275 [5.70s]; best loss:0.03392, patience : 2
2026-07-24 00:29:17,388 P463801 INFO pr:0.9648  rc:0.8967  auc:0.9845 ap:0.9766 f1: 0.9295 pred_right: 38631 pred_wrong:369 actu_right: 38603 actu_wrong: 397
2026-07-24 00:29:18,512 P463801 INFO pr:0.8593  rc:0.8992  auc:0.9975 ap:0.9528 f1: 0.8788 pred_right: 16365 pred_wrong:135 actu_right: 16371 actu_wrong: 129
2026-07-24 00:29:18,513 P463801 INFO ----------------------------------------------------------------------------------------------------
2026-07-24 00:29:18,513 P463801 INFO 80/300 starting... lr: 0.001 para:0.012345679104328156
2026-07-24 00:29:23,759 P463801 INFO Epoch 80/300, all_loss:0.03571 cls_loss:0.03560 rec_loss:0.04394 [5.25s]; best loss:0.03392, patience : 2
2026-07-24 00:29:25,185 P463801 INFO pr:0.9351  rc:0.9091  auc:0.9859 ap:0.9771 f1: 0.9219 pred_right: 38615 pred_wrong:385 actu_right: 38604 actu_wrong: 396
2026-07-24 00:29:25,878 P463801 INFO pr:0.8467  rc:0.8992  auc:0.9937 ap:0.9550 f1: 0.8722 pred_right: 16363 pred_wrong:137 actu_right: 16371 actu_wrong: 129
2026-07-24 00:29:25,879 P463801 INFO ----------------------------------------------------------------------------------------------------
2026-07-24 00:29:25,879 P463801 INFO 81/300 starting... lr: 0.001 para:0.012195121496915817
2026-07-24 00:29:30,853 P463801 INFO Epoch 81/300, all_loss:0.03653 cls_loss:0.03643 rec_loss:0.04500 [4.97s]; best loss:0.03392, patience : 3
2026-07-24 00:29:32,505 P463801 INFO pr:0.9479  rc:0.9169  auc:0.9851 ap:0.9761 f1: 0.9321 pred_right: 38616 pred_wrong:384 actu_right: 38603 actu_wrong: 397
2026-07-24 00:29:33,668 P463801 INFO pr:0.8380  rc:0.9225  auc:0.9995 ap:0.9499 f1: 0.8782 pred_right: 16358 pred_wrong:142 actu_right: 16371 actu_wrong: 129
2026-07-24 00:29:33,669 P463801 INFO ----------------------------------------------------------------------------------------------------
2026-07-24 00:29:33,669 P463801 INFO 82/300 starting... lr: 0.001 para:0.012048192322254181
2026-07-24 00:29:44,328 P463801 INFO Epoch 82/300, all_loss:3.16490 cls_loss:3.20296 rec_loss:0.04365 [10.66s]; best loss:0.03392, patience : 4
2026-07-24 00:29:47,077 P463801 INFO pr:0.9672  rc:0.8917  auc:0.9803 ap:0.9769 f1: 0.9279 pred_right: 38634 pred_wrong:366 actu_right: 38603 actu_wrong: 397
2026-07-24 00:29:48,088 P463801 INFO pr:0.9008  rc:0.9147  auc:0.9938 ap:0.9614 f1: 0.9077 pred_right: 16369 pred_wrong:131 actu_right: 16371 actu_wrong: 129
2026-07-24 00:29:48,088 P463801 INFO ----------------------------------------------------------------------------------------------------
2026-07-24 00:29:48,088 P463801 INFO 83/300 starting... lr: 0.001 para:0.011904762126505375
2026-07-24 00:29:53,744 P463801 INFO Epoch 83/300, all_loss:0.04559 cls_loss:0.04561 rec_loss:0.04327 [5.66s]; best loss:0.03392, patience : 4
2026-07-24 00:29:55,848 P463801 INFO pr:0.9248  rc:0.9295  auc:0.9833 ap:0.9680 f1: 0.9271 pred_right: 38601 pred_wrong:399 actu_right: 38603 actu_wrong: 397
2026-07-24 00:29:56,753 P463801 INFO pr:0.8092  rc:0.9535  auc:0.9975 ap:0.9450 f1: 0.8754 pred_right: 16348 pred_wrong:152 actu_right: 16371 actu_wrong: 129
2026-07-24 00:29:56,753 P463801 INFO ----------------------------------------------------------------------------------------------------
2026-07-24 00:29:56,753 P463801 INFO 84/300 starting... lr: 0.001 para:0.0117647061124444
2026-07-24 00:30:02,269 P463801 INFO Epoch 84/300, all_loss:0.02331 cls_loss:0.02307 rec_loss:0.04357 [5.51s]; best loss:0.02331, patience : 0
2026-07-24 00:30:04,239 P463801 INFO pr:0.9712  rc:0.8489  auc:0.9700 ap:0.9638 f1: 0.9059 pred_right: 38653 pred_wrong:347 actu_right: 38603 actu_wrong: 397
2026-07-24 00:30:05,090 P463801 INFO pr:0.8843  rc:0.8295  auc:0.9837 ap:0.9556 f1: 0.8560 pred_right: 16379 pred_wrong:121 actu_right: 16371 actu_wrong: 129
2026-07-24 00:30:05,090 P463801 INFO ----------------------------------------------------------------------------------------------------
2026-07-24 00:30:05,090 P463801 INFO 85/300 starting... lr: 0.001 para:0.011627906933426857
2026-07-24 00:30:10,916 P463801 INFO Epoch 85/300, all_loss:0.07551 cls_loss:0.07588 rec_loss:0.04341 [5.82s]; best loss:0.02331, patience : 1
2026-07-24 00:30:12,880 P463801 INFO pr:0.9528  rc:0.9144  auc:0.9844 ap:0.9788 f1: 0.9332 pred_right: 38619 pred_wrong:381 actu_right: 38603 actu_wrong: 397
2026-07-24 00:30:13,686 P463801 INFO pr:0.8750  rc:0.9225  auc:0.9975 ap:0.9523 f1: 0.8981 pred_right: 16364 pred_wrong:136 actu_right: 16371 actu_wrong: 129
2026-07-24 00:30:13,686 P463801 INFO ----------------------------------------------------------------------------------------------------
2026-07-24 00:30:13,687 P463801 INFO 86/300 starting... lr: 0.001 para:0.01149425283074379
2026-07-24 00:30:19,362 P463801 INFO Epoch 86/300, all_loss:0.03611 cls_loss:0.03606 rec_loss:0.04020 [5.68s]; best loss:0.02331, patience : 1
2026-07-24 00:30:21,335 P463801 INFO pr:0.9750  rc:0.8841  auc:0.9838 ap:0.9807 f1: 0.9273 pred_right: 38640 pred_wrong:360 actu_right: 38603 actu_wrong: 397
2026-07-24 00:30:22,125 P463801 INFO pr:0.8740  rc:0.8605  auc:0.9918 ap:0.9518 f1: 0.8672 pred_right: 16373 pred_wrong:127 actu_right: 16371 actu_wrong: 129
2026-07-24 00:30:22,125 P463801 INFO ----------------------------------------------------------------------------------------------------
2026-07-24 00:30:22,125 P463801 INFO 87/300 starting... lr: 0.001 para:0.011363636702299118
2026-07-24 00:30:27,857 P463801 INFO Epoch 87/300, all_loss:0.04807 cls_loss:0.04816 rec_loss:0.03984 [5.73s]; best loss:0.02331, patience : 2
2026-07-24 00:30:29,692 P463801 INFO pr:0.9481  rc:0.9194  auc:0.9855 ap:0.9754 f1: 0.9335 pred_right: 38615 pred_wrong:385 actu_right: 38603 actu_wrong: 397
2026-07-24 00:30:30,653 P463801 INFO pr:0.8403  rc:0.9380  auc:0.9976 ap:0.9510 f1: 0.8864 pred_right: 16356 pred_wrong:144 actu_right: 16371 actu_wrong: 129
2026-07-24 00:30:30,653 P463801 INFO ----------------------------------------------------------------------------------------------------
2026-07-24 00:30:30,654 P463801 INFO 88/300 starting... lr: 0.001 para:0.01123595517128706
2026-07-24 00:30:36,071 P463801 INFO Epoch 88/300, all_loss:0.06754 cls_loss:0.06787 rec_loss:0.03790 [5.42s]; best loss:0.02331, patience : 3
2026-07-24 00:30:38,150 P463801 INFO pr:0.9574  rc:0.9068  auc:0.9845 ap:0.9777 f1: 0.9314 pred_right: 38624 pred_wrong:376 actu_right: 38603 actu_wrong: 397
2026-07-24 00:30:39,028 P463801 INFO pr:0.8623  rc:0.9225  auc:0.9957 ap:0.9595 f1: 0.8914 pred_right: 16362 pred_wrong:138 actu_right: 16371 actu_wrong: 129
2026-07-24 00:30:39,028 P463801 INFO ----------------------------------------------------------------------------------------------------
2026-07-24 00:30:39,029 P463801 INFO 89/300 starting... lr: 0.001 para:0.011111111380159855
2026-07-24 00:30:44,745 P463801 INFO Epoch 89/300, all_loss:0.10878 cls_loss:0.10957 rec_loss:0.03785 [5.72s]; best loss:0.02331, patience : 4
2026-07-24 00:30:46,930 P463801 INFO pr:0.9648  rc:0.8967  auc:0.9789 ap:0.9754 f1: 0.9295 pred_right: 38631 pred_wrong:369 actu_right: 38603 actu_wrong: 397
2026-07-24 00:30:47,972 P463801 INFO pr:0.8603  rc:0.9070  auc:0.9938 ap:0.9598 f1: 0.8830 pred_right: 16364 pred_wrong:136 actu_right: 16371 actu_wrong: 129
2026-07-24 00:30:47,973 P463801 INFO ----------------------------------------------------------------------------------------------------
2026-07-24 00:30:47,973 P463801 INFO 90/300 starting... lr: 0.001 para:0.010989011265337467
2026-07-24 00:30:53,626 P463801 INFO Epoch 90/300, all_loss:0.03536 cls_loss:0.03533 rec_loss:0.03782 [5.65s]; best loss:0.02331, patience : 4
2026-07-24 00:30:55,412 P463801 INFO pr:0.9673  rc:0.8942  auc:0.9817 ap:0.9772 f1: 0.9293 pred_right: 38633 pred_wrong:367 actu_right: 38603 actu_wrong: 397
2026-07-24 00:30:56,160 P463801 INFO pr:0.8593  rc:0.8992  auc:0.9938 ap:0.9566 f1: 0.8788 pred_right: 16365 pred_wrong:135 actu_right: 16371 actu_wrong: 129
2026-07-24 00:30:56,161 P463801 INFO ----------------------------------------------------------------------------------------------------
2026-07-24 00:30:56,161 P463801 INFO 91/300 starting... lr: 0.001 para:0.010869565419852734
2026-07-24 00:31:02,210 P463801 INFO Epoch 91/300, all_loss:0.03375 cls_loss:0.03371 rec_loss:0.03754 [6.05s]; best loss:0.02331, patience : 4
2026-07-24 00:31:03,713 P463801 INFO pr:0.9669  rc:0.8816  auc:0.9779 ap:0.9777 f1: 0.9223 pred_right: 38638 pred_wrong:362 actu_right: 38603 actu_wrong: 397
2026-07-24 00:31:04,369 P463801 INFO pr:0.8862  rc:0.8450  auc:0.9877 ap:0.9557 f1: 0.8651 pred_right: 16377 pred_wrong:123 actu_right: 16371 actu_wrong: 129
2026-07-24 00:31:04,370 P463801 INFO ----------------------------------------------------------------------------------------------------
2026-07-24 00:31:04,370 P463801 INFO 92/300 starting... lr: 0.001 para:0.01075268816202879
2026-07-24 00:31:09,504 P463801 INFO Epoch 92/300, all_loss:0.02554 cls_loss:0.02538 rec_loss:0.03972 [5.13s]; best loss:0.02331, patience : 4
2026-07-24 00:31:11,071 P463801 INFO pr:0.9171  rc:0.9217  auc:0.9855 ap:0.9700 f1: 0.9194 pred_right: 38602 pred_wrong:398 actu_right: 38604 actu_wrong: 396
2026-07-24 00:31:12,024 P463801 INFO pr:0.8500  rc:0.9225  auc:0.9954 ap:0.9377 f1: 0.8848 pred_right: 16360 pred_wrong:140 actu_right: 16371 actu_wrong: 129
2026-07-24 00:31:12,025 P463801 INFO ----------------------------------------------------------------------------------------------------
2026-07-24 00:31:12,025 P463801 INFO 93/300 starting... lr: 0.001 para:0.010638297535479069
2026-07-24 00:31:24,478 P463801 INFO Epoch 93/300, all_loss:0.01995 cls_loss:0.01975 rec_loss:0.03881 [12.45s]; best loss:0.01995, patience : 0
2026-07-24 00:31:26,876 P463801 INFO pr:0.9511  rc:0.8838  auc:0.9796 ap:0.9762 f1: 0.9162 pred_right: 38632 pred_wrong:368 actu_right: 38604 actu_wrong: 396
2026-07-24 00:31:27,905 P463801 INFO pr:0.8605  rc:0.8605  auc:0.9914 ap:0.9468 f1: 0.8605 pred_right: 16371 pred_wrong:129 actu_right: 16371 actu_wrong: 129
2026-07-24 00:31:27,905 P463801 INFO ----------------------------------------------------------------------------------------------------
2026-07-24 00:31:27,905 P463801 INFO 94/300 starting... lr: 0.001 para:0.010526316240429878
2026-07-24 00:31:33,646 P463801 INFO Epoch 94/300, all_loss:0.06346 cls_loss:0.06372 rec_loss:0.03921 [5.74s]; best loss:0.01995, patience : 1
2026-07-24 00:31:35,637 P463801 INFO pr:0.9501  rc:0.9118  auc:0.9800 ap:0.9715 f1: 0.9306 pred_right: 38619 pred_wrong:381 actu_right: 38603 actu_wrong: 397
2026-07-24 00:31:36,558 P463801 INFO pr:0.8613  rc:0.9147  auc:0.9937 ap:0.9549 f1: 0.8872 pred_right: 16363 pred_wrong:137 actu_right: 16371 actu_wrong: 129
2026-07-24 00:31:36,559 P463801 INFO ----------------------------------------------------------------------------------------------------
2026-07-24 00:31:36,559 P463801 INFO 95/300 starting... lr: 0.001 para:0.010416666977107525
2026-07-24 00:31:42,383 P463801 INFO Epoch 95/300, all_loss:0.07185 cls_loss:0.07220 rec_loss:0.03924 [5.82s]; best loss:0.01995, patience : 2
2026-07-24 00:31:44,375 P463801 INFO pr:0.9528  rc:0.9167  auc:0.9818 ap:0.9719 f1: 0.9344 pred_right: 38619 pred_wrong:381 actu_right: 38604 actu_wrong: 396
2026-07-24 00:31:45,203 P463801 INFO pr:0.8643  rc:0.9380  auc:0.9977 ap:0.9504 f1: 0.8996 pred_right: 16360 pred_wrong:140 actu_right: 16371 actu_wrong: 129
2026-07-24 00:31:45,204 P463801 INFO ----------------------------------------------------------------------------------------------------
2026-07-24 00:31:45,204 P463801 INFO 96/300 starting... lr: 0.001 para:0.010309278033673763
2026-07-24 00:31:50,794 P463801 INFO Epoch 96/300, all_loss:0.06775 cls_loss:0.06808 rec_loss:0.03658 [5.59s]; best loss:0.01995, patience : 2
2026-07-24 00:31:52,652 P463801 INFO pr:0.9694  rc:0.8766  auc:0.9794 ap:0.9727 f1: 0.9206 pred_right: 38641 pred_wrong:359 actu_right: 38603 actu_wrong: 397
2026-07-24 00:31:53,409 P463801 INFO pr:0.8770  rc:0.8295  auc:0.9938 ap:0.9713 f1: 0.8526 pred_right: 16378 pred_wrong:122 actu_right: 16371 actu_wrong: 129
2026-07-24 00:31:53,410 P463801 INFO ----------------------------------------------------------------------------------------------------
2026-07-24 00:31:53,410 P463801 INFO 97/300 starting... lr: 0.001 para:0.010204081423580647
2026-07-24 00:31:59,053 P463801 INFO Epoch 97/300, all_loss:0.07313 cls_loss:0.07351 rec_loss:0.03709 [5.64s]; best loss:0.01995, patience : 3
2026-07-24 00:32:01,122 P463801 INFO pr:0.9415  rc:0.8917  auc:0.9812 ap:0.9729 f1: 0.9159 pred_right: 38624 pred_wrong:376 actu_right: 38603 actu_wrong: 397
2026-07-24 00:32:01,980 P463801 INFO pr:0.8837  rc:0.8837  auc:0.9956 ap:0.9507 f1: 0.8837 pred_right: 16371 pred_wrong:129 actu_right: 16371 actu_wrong: 129
2026-07-24 00:32:01,980 P463801 INFO ----------------------------------------------------------------------------------------------------
2026-07-24 00:32:01,980 P463801 INFO 98/300 starting... lr: 0.001 para:0.010101010091602802
2026-07-24 00:32:07,416 P463801 INFO Epoch 98/300, all_loss:0.04203 cls_loss:0.04206 rec_loss:0.03973 [5.44s]; best loss:0.01995, patience : 3
2026-07-24 00:32:09,319 P463801 INFO pr:0.9613  rc:0.8766  auc:0.9765 ap:0.9712 f1: 0.9170 pred_right: 38638 pred_wrong:362 actu_right: 38603 actu_wrong: 397
2026-07-24 00:32:10,208 P463801 INFO pr:0.8729  rc:0.7984  auc:0.9859 ap:0.9538 f1: 0.8340 pred_right: 16382 pred_wrong:118 actu_right: 16371 actu_wrong: 129
2026-07-24 00:32:10,209 P463801 INFO ----------------------------------------------------------------------------------------------------
2026-07-24 00:32:10,209 P463801 INFO 99/300 starting... lr: 0.001 para:0.01
2026-07-24 00:32:15,817 P463801 INFO Epoch 99/300, all_loss:0.03109 cls_loss:0.03102 rec_loss:0.03718 [5.61s]; best loss:0.01995, patience : 3
2026-07-24 00:32:17,988 P463801 INFO pr:0.9572  rc:0.9018  auc:0.9822 ap:0.9770 f1: 0.9287 pred_right: 38626 pred_wrong:374 actu_right: 38603 actu_wrong: 397
2026-07-24 00:32:18,924 P463801 INFO pr:0.8571  rc:0.8837  auc:0.9956 ap:0.9449 f1: 0.8702 pred_right: 16367 pred_wrong:133 actu_right: 16371 actu_wrong: 129
2026-07-24 00:32:18,924 P463801 INFO ----------------------------------------------------------------------------------------------------
2026-07-24 00:32:18,924 P463801 INFO 100/300 starting... lr: 0.0009000000000000001 para:0.01
2026-07-24 00:32:24,583 P463801 INFO Epoch 100/300, all_loss:0.01962 cls_loss:0.01944 rec_loss:0.03710 [5.65s]; best loss:0.01962, patience : 0
2026-07-24 00:32:26,666 P463801 INFO pr:0.9493  rc:0.8967  auc:0.9825 ap:0.9730 f1: 0.9223 pred_right: 38625 pred_wrong:375 actu_right: 38603 actu_wrong: 397
2026-07-24 00:32:27,586 P463801 INFO pr:0.8615  rc:0.8682  auc:0.9859 ap:0.9545 f1: 0.8649 pred_right: 16370 pred_wrong:130 actu_right: 16371 actu_wrong: 129
2026-07-24 00:32:27,586 P463801 INFO ----------------------------------------------------------------------------------------------------
2026-07-24 00:32:27,587 P463801 INFO 101/300 starting... lr: 0.0009000000000000001 para:0.01
2026-07-24 00:32:33,362 P463801 INFO Epoch 101/300, all_loss:0.03759 cls_loss:0.03758 rec_loss:0.03801 [5.77s]; best loss:0.01962, patience : 1
2026-07-24 00:32:36,267 P463801 INFO pr:0.9449  rc:0.9068  auc:0.9822 ap:0.9750 f1: 0.9254 pred_right: 38619 pred_wrong:381 actu_right: 38603 actu_wrong: 397
2026-07-24 00:32:37,711 P463801 INFO pr:0.8519  rc:0.8915  auc:0.9937 ap:0.9486 f1: 0.8712 pred_right: 16365 pred_wrong:135 actu_right: 16371 actu_wrong: 129
2026-07-24 00:32:37,712 P463801 INFO ----------------------------------------------------------------------------------------------------
2026-07-24 00:32:37,712 P463801 INFO 102/300 starting... lr: 0.0009000000000000001 para:0.01
2026-07-24 00:32:42,068 P463801 INFO Epoch 102/300, all_loss:0.05020 cls_loss:0.05035 rec_loss:0.03542 [4.36s]; best loss:0.01962, patience : 2
2026-07-24 00:32:43,690 P463801 INFO pr:0.9429  rc:0.9144  auc:0.9803 ap:0.9745 f1: 0.9284 pred_right: 38615 pred_wrong:385 actu_right: 38603 actu_wrong: 397
2026-07-24 00:32:44,401 P463801 INFO pr:0.8403  rc:0.9380  auc:0.9976 ap:0.9484 f1: 0.8864 pred_right: 16356 pred_wrong:144 actu_right: 16371 actu_wrong: 129
2026-07-24 00:32:44,401 P463801 INFO ----------------------------------------------------------------------------------------------------
2026-07-24 00:32:44,401 P463801 INFO 103/300 starting... lr: 0.0009000000000000001 para:0.01
2026-07-24 00:32:49,482 P463801 INFO Epoch 103/300, all_loss:0.00846 cls_loss:0.00819 rec_loss:0.03532 [5.08s]; best loss:0.00846, patience : 0
2026-07-24 00:32:52,620 P463801 INFO pr:0.9115  rc:0.9345  auc:0.9825 ap:0.9672 f1: 0.9229 pred_right: 38593 pred_wrong:407 actu_right: 38603 actu_wrong: 397
2026-07-24 00:32:54,570 P463801 INFO pr:0.8146  rc:0.9535  auc:0.9974 ap:0.9281 f1: 0.8786 pred_right: 16349 pred_wrong:151 actu_right: 16371 actu_wrong: 129
2026-07-24 00:32:54,571 P463801 INFO ----------------------------------------------------------------------------------------------------
2026-07-24 00:32:54,571 P463801 INFO 104/300 starting... lr: 0.0009000000000000001 para:0.01
2026-07-24 00:33:05,236 P463801 INFO Epoch 104/300, all_loss:0.03926 cls_loss:0.03929 rec_loss:0.03628 [10.66s]; best loss:0.00846, patience : 1
2026-07-24 00:33:07,567 P463801 INFO pr:0.9628  rc:0.9118  auc:0.9774 ap:0.9759 f1: 0.9366 pred_right: 38624 pred_wrong:376 actu_right: 38603 actu_wrong: 397
2026-07-24 00:33:08,492 P463801 INFO pr:0.8731  rc:0.9070  auc:0.9937 ap:0.9508 f1: 0.8897 pred_right: 16366 pred_wrong:134 actu_right: 16371 actu_wrong: 129
2026-07-24 00:33:08,492 P463801 INFO ----------------------------------------------------------------------------------------------------
2026-07-24 00:33:08,500 P463801 INFO 105/300 starting... lr: 0.0009000000000000001 para:0.01
2026-07-24 00:33:14,331 P463801 INFO Epoch 105/300, all_loss:0.00608 cls_loss:0.00578 rec_loss:0.03671 [5.83s]; best loss:0.00608, patience : 0
2026-07-24 00:33:16,350 P463801 INFO pr:0.9436  rc:0.9270  auc:0.9812 ap:0.9757 f1: 0.9352 pred_right: 38610 pred_wrong:390 actu_right: 38603 actu_wrong: 397
2026-07-24 00:33:17,196 P463801 INFO pr:0.8276  rc:0.9302  auc:0.9955 ap:0.9326 f1: 0.8759 pred_right: 16355 pred_wrong:145 actu_right: 16371 actu_wrong: 129
2026-07-24 00:33:17,197 P463801 INFO ----------------------------------------------------------------------------------------------------
2026-07-24 00:33:17,197 P463801 INFO 106/300 starting... lr: 0.0009000000000000001 para:0.01
2026-07-24 00:33:22,846 P463801 INFO Epoch 106/300, all_loss:0.01199 cls_loss:0.01173 rec_loss:0.03736 [5.65s]; best loss:0.00608, patience : 1
2026-07-24 00:33:24,898 P463801 INFO pr:0.9436  rc:0.9270  auc:0.9821 ap:0.9718 f1: 0.9352 pred_right: 38610 pred_wrong:390 actu_right: 38603 actu_wrong: 397
2026-07-24 00:33:25,723 P463801 INFO pr:0.8462  rc:0.9380  auc:0.9955 ap:0.9261 f1: 0.8897 pred_right: 16357 pred_wrong:143 actu_right: 16371 actu_wrong: 129
2026-07-24 00:33:25,724 P463801 INFO ----------------------------------------------------------------------------------------------------
2026-07-24 00:33:25,731 P463801 INFO 107/300 starting... lr: 0.0009000000000000001 para:0.01
2026-07-24 00:33:31,287 P463801 INFO Epoch 107/300, all_loss:0.10042 cls_loss:0.10106 rec_loss:0.03721 [5.56s]; best loss:0.00608, patience : 2
2026-07-24 00:33:33,393 P463801 INFO pr:0.9544  rc:0.8967  auc:0.9808 ap:0.9737 f1: 0.9247 pred_right: 38627 pred_wrong:373 actu_right: 38603 actu_wrong: 397
2026-07-24 00:33:34,183 P463801 INFO pr:0.8712  rc:0.8915  auc:0.9937 ap:0.9453 f1: 0.8812 pred_right: 16368 pred_wrong:132 actu_right: 16371 actu_wrong: 129
2026-07-24 00:33:34,183 P463801 INFO ----------------------------------------------------------------------------------------------------
2026-07-24 00:33:34,183 P463801 INFO 108/300 starting... lr: 0.0009000000000000001 para:0.01
2026-07-24 00:33:39,741 P463801 INFO Epoch 108/300, all_loss:0.05524 cls_loss:0.05541 rec_loss:0.03801 [5.56s]; best loss:0.00608, patience : 2
2026-07-24 00:33:41,602 P463801 INFO pr:0.9211  rc:0.9118  auc:0.9848 ap:0.9730 f1: 0.9165 pred_right: 38607 pred_wrong:393 actu_right: 38603 actu_wrong: 397
2026-07-24 00:33:42,395 P463801 INFO pr:0.8511  rc:0.9302  auc:0.9976 ap:0.9562 f1: 0.8889 pred_right: 16359 pred_wrong:141 actu_right: 16371 actu_wrong: 129
2026-07-24 00:33:42,396 P463801 INFO ----------------------------------------------------------------------------------------------------
2026-07-24 00:33:42,396 P463801 INFO 109/300 starting... lr: 0.0009000000000000001 para:0.01
2026-07-24 00:33:48,079 P463801 INFO Epoch 109/300, all_loss:0.00940 cls_loss:0.00911 rec_loss:0.03800 [5.68s]; best loss:0.00608, patience : 2
2026-07-24 00:33:50,279 P463801 INFO pr:0.9377  rc:0.9093  auc:0.9844 ap:0.9789 f1: 0.9233 pred_right: 38615 pred_wrong:385 actu_right: 38603 actu_wrong: 397
2026-07-24 00:33:51,177 P463801 INFO pr:0.8571  rc:0.9302  auc:0.9936 ap:0.9559 f1: 0.8922 pred_right: 16360 pred_wrong:140 actu_right: 16371 actu_wrong: 129
2026-07-24 00:33:51,177 P463801 INFO ----------------------------------------------------------------------------------------------------
2026-07-24 00:33:51,178 P463801 INFO 110/300 starting... lr: 0.0009000000000000001 para:0.01
2026-07-24 00:33:56,600 P463801 INFO Epoch 110/300, all_loss:0.00920 cls_loss:0.00888 rec_loss:0.04155 [5.42s]; best loss:0.00608, patience : 2
2026-07-24 00:33:58,584 P463801 INFO pr:0.9555  rc:0.9194  auc:0.9839 ap:0.9804 f1: 0.9371 pred_right: 38618 pred_wrong:382 actu_right: 38603 actu_wrong: 397
2026-07-24 00:33:59,382 P463801 INFO pr:0.8686  rc:0.9225  auc:0.9879 ap:0.9476 f1: 0.8947 pred_right: 16363 pred_wrong:137 actu_right: 16371 actu_wrong: 129
2026-07-24 00:33:59,382 P463801 INFO ----------------------------------------------------------------------------------------------------
2026-07-24 00:33:59,382 P463801 INFO 111/300 starting... lr: 0.0009000000000000001 para:0.01
2026-07-24 00:34:04,852 P463801 INFO Epoch 111/300, all_loss:0.00157 cls_loss:0.00119 rec_loss:0.04011 [5.47s]; best loss:0.00157, patience : 0
2026-07-24 00:34:06,697 P463801 INFO pr:0.9579  rc:0.9169  auc:0.9840 ap:0.9799 f1: 0.9369 pred_right: 38620 pred_wrong:380 actu_right: 38603 actu_wrong: 397
2026-07-24 00:34:07,598 P463801 INFO pr:0.8686  rc:0.9225  auc:0.9957 ap:0.9508 f1: 0.8947 pred_right: 16363 pred_wrong:137 actu_right: 16371 actu_wrong: 129
2026-07-24 00:34:07,599 P463801 INFO ----------------------------------------------------------------------------------------------------
2026-07-24 00:34:07,599 P463801 INFO 112/300 starting... lr: 0.0009000000000000001 para:0.01
2026-07-24 00:34:13,073 P463801 INFO Epoch 112/300, all_loss:0.00256 cls_loss:0.00219 rec_loss:0.03898 [5.47s]; best loss:0.00157, patience : 1
2026-07-24 00:34:17,010 P463801 INFO pr:0.9633  rc:0.9244  auc:0.9835 ap:0.9793 f1: 0.9434 pred_right: 38619 pred_wrong:381 actu_right: 38603 actu_wrong: 397
2026-07-24 00:34:17,612 P463801 INFO pr:0.8705  rc:0.9380  auc:0.9977 ap:0.9543 f1: 0.9030 pred_right: 16361 pred_wrong:139 actu_right: 16371 actu_wrong: 129
2026-07-24 00:34:17,616 P463801 INFO ----------------------------------------------------------------------------------------------------
2026-07-24 00:34:17,616 P463801 INFO 113/300 starting... lr: 0.0009000000000000001 para:0.01
2026-07-24 00:34:21,804 P463801 INFO Epoch 113/300, all_loss:0.00488 cls_loss:0.00453 rec_loss:0.03980 [4.19s]; best loss:0.00157, patience : 2
2026-07-24 00:34:23,373 P463801 INFO pr:0.9605  rc:0.9194  auc:0.9801 ap:0.9786 f1: 0.9395 pred_right: 38620 pred_wrong:380 actu_right: 38603 actu_wrong: 397
2026-07-24 00:34:24,111 P463801 INFO pr:0.8815  rc:0.9225  auc:0.9957 ap:0.9550 f1: 0.9015 pred_right: 16365 pred_wrong:135 actu_right: 16371 actu_wrong: 129
2026-07-24 00:34:24,111 P463801 INFO ----------------------------------------------------------------------------------------------------
2026-07-24 00:34:24,111 P463801 INFO 114/300 starting... lr: 0.0009000000000000001 para:0.01
2026-07-24 00:34:29,113 P463801 INFO Epoch 114/300, all_loss:0.00133 cls_loss:0.00097 rec_loss:0.03768 [5.00s]; best loss:0.00133, patience : 0
2026-07-24 00:34:31,486 P463801 INFO pr:0.9282  rc:0.9446  auc:0.9837 ap:0.9776 f1: 0.9363 pred_right: 38596 pred_wrong:404 actu_right: 38603 actu_wrong: 397
2026-07-24 00:34:33,016 P463801 INFO pr:0.8311  rc:0.9535  auc:0.9996 ap:0.9510 f1: 0.8881 pred_right: 16352 pred_wrong:148 actu_right: 16371 actu_wrong: 129
2026-07-24 00:34:33,017 P463801 INFO ----------------------------------------------------------------------------------------------------
2026-07-24 00:34:33,018 P463801 INFO 115/300 starting... lr: 0.0009000000000000001 para:0.01
2026-07-24 00:34:44,164 P463801 INFO Epoch 115/300, all_loss:0.00060 cls_loss:0.00023 rec_loss:0.03740 [11.14s]; best loss:0.00060, patience : 0
2026-07-24 00:34:46,643 P463801 INFO pr:0.9580  rc:0.9217  auc:0.9835 ap:0.9783 f1: 0.9395 pred_right: 38619 pred_wrong:381 actu_right: 38604 actu_wrong: 396
2026-07-24 00:34:47,598 P463801 INFO pr:0.8705  rc:0.9380  auc:0.9957 ap:0.9503 f1: 0.9030 pred_right: 16361 pred_wrong:139 actu_right: 16371 actu_wrong: 129
2026-07-24 00:34:47,599 P463801 INFO ----------------------------------------------------------------------------------------------------
2026-07-24 00:34:47,599 P463801 INFO 116/300 starting... lr: 0.0009000000000000001 para:0.01
2026-07-24 00:34:53,277 P463801 INFO Epoch 116/300, all_loss:0.00045 cls_loss:0.00007 rec_loss:0.03734 [5.67s]; best loss:0.00045, patience : 0
2026-07-24 00:34:55,222 P463801 INFO pr:0.9581  rc:0.9219  auc:0.9828 ap:0.9784 f1: 0.9397 pred_right: 38618 pred_wrong:382 actu_right: 38603 actu_wrong: 397
2026-07-24 00:34:56,271 P463801 INFO pr:0.8705  rc:0.9380  auc:0.9957 ap:0.9504 f1: 0.9030 pred_right: 16361 pred_wrong:139 actu_right: 16371 actu_wrong: 129
2026-07-24 00:34:56,271 P463801 INFO ----------------------------------------------------------------------------------------------------
2026-07-24 00:34:56,272 P463801 INFO 117/300 starting... lr: 0.0009000000000000001 para:0.01
2026-07-24 00:35:01,760 P463801 INFO Epoch 117/300, all_loss:0.00044 cls_loss:0.00006 rec_loss:0.03722 [5.48s]; best loss:0.00044, patience : 0
2026-07-24 00:35:03,646 P463801 INFO pr:0.9583  rc:0.9270  auc:0.9828 ap:0.9784 f1: 0.9424 pred_right: 38616 pred_wrong:384 actu_right: 38603 actu_wrong: 397
2026-07-24 00:35:04,416 P463801 INFO pr:0.8705  rc:0.9380  auc:0.9957 ap:0.9505 f1: 0.9030 pred_right: 16361 pred_wrong:139 actu_right: 16371 actu_wrong: 129
2026-07-24 00:35:04,417 P463801 INFO ----------------------------------------------------------------------------------------------------
2026-07-24 00:35:04,417 P463801 INFO 118/300 starting... lr: 0.0009000000000000001 para:0.01
2026-07-24 00:35:09,866 P463801 INFO Epoch 118/300, all_loss:0.00043 cls_loss:0.00006 rec_loss:0.03696 [5.44s]; best loss:0.00043, patience : 0
2026-07-24 00:35:11,805 P463801 INFO pr:0.9582  rc:0.9268  auc:0.9826 ap:0.9783 f1: 0.9422 pred_right: 38617 pred_wrong:383 actu_right: 38604 actu_wrong: 396
2026-07-24 00:35:12,663 P463801 INFO pr:0.8705  rc:0.9380  auc:0.9957 ap:0.9508 f1: 0.9030 pred_right: 16361 pred_wrong:139 actu_right: 16371 actu_wrong: 129
2026-07-24 00:35:12,664 P463801 INFO ----------------------------------------------------------------------------------------------------
2026-07-24 00:35:12,664 P463801 INFO 119/300 starting... lr: 0.0009000000000000001 para:0.01
2026-07-24 00:35:18,145 P463801 INFO Epoch 119/300, all_loss:0.00042 cls_loss:0.00005 rec_loss:0.03675 [5.48s]; best loss:0.00042, patience : 0
2026-07-24 00:35:20,649 P463801 INFO pr:0.9580  rc:0.9194  auc:0.9826 ap:0.9784 f1: 0.9383 pred_right: 38619 pred_wrong:381 actu_right: 38603 actu_wrong: 397
2026-07-24 00:35:21,536 P463801 INFO pr:0.8696  rc:0.9302  auc:0.9957 ap:0.9504 f1: 0.8989 pred_right: 16362 pred_wrong:138 actu_right: 16371 actu_wrong: 129
2026-07-24 00:35:21,537 P463801 INFO ----------------------------------------------------------------------------------------------------
2026-07-24 00:35:21,537 P463801 INFO 120/300 starting... lr: 0.0009000000000000001 para:0.01
2026-07-24 00:35:27,082 P463801 INFO Epoch 120/300, all_loss:0.00042 cls_loss:0.00006 rec_loss:0.03647 [5.54s]; best loss:0.00042, patience : 1
2026-07-24 00:35:29,186 P463801 INFO pr:0.9580  rc:0.9194  auc:0.9826 ap:0.9784 f1: 0.9383 pred_right: 38619 pred_wrong:381 actu_right: 38603 actu_wrong: 397
2026-07-24 00:35:30,053 P463801 INFO pr:0.8696  rc:0.9302  auc:0.9957 ap:0.9504 f1: 0.8989 pred_right: 16362 pred_wrong:138 actu_right: 16371 actu_wrong: 129
2026-07-24 00:35:30,054 P463801 INFO ----------------------------------------------------------------------------------------------------
2026-07-24 00:35:30,054 P463801 INFO 121/300 starting... lr: 0.0009000000000000001 para:0.01
2026-07-24 00:35:35,470 P463801 INFO Epoch 121/300, all_loss:0.00041 cls_loss:0.00005 rec_loss:0.03617 [5.41s]; best loss:0.00041, patience : 0
2026-07-24 00:35:37,514 P463801 INFO pr:0.9581  rc:0.9242  auc:0.9825 ap:0.9783 f1: 0.9409 pred_right: 38618 pred_wrong:382 actu_right: 38604 actu_wrong: 396
2026-07-24 00:35:38,366 P463801 INFO pr:0.8759  rc:0.9302  auc:0.9957 ap:0.9504 f1: 0.9023 pred_right: 16363 pred_wrong:137 actu_right: 16371 actu_wrong: 129
2026-07-24 00:35:38,366 P463801 INFO ----------------------------------------------------------------------------------------------------
2026-07-24 00:35:38,366 P463801 INFO 122/300 starting... lr: 0.0009000000000000001 para:0.01
2026-07-24 00:35:44,040 P463801 INFO Epoch 122/300, all_loss:0.00040 cls_loss:0.00005 rec_loss:0.03588 [5.67s]; best loss:0.00040, patience : 0
2026-07-24 00:35:46,110 P463801 INFO pr:0.9605  rc:0.9194  auc:0.9825 ap:0.9783 f1: 0.9395 pred_right: 38620 pred_wrong:380 actu_right: 38603 actu_wrong: 397
2026-07-24 00:35:46,871 P463801 INFO pr:0.8759  rc:0.9302  auc:0.9957 ap:0.9503 f1: 0.9023 pred_right: 16363 pred_wrong:137 actu_right: 16371 actu_wrong: 129
2026-07-24 00:35:46,871 P463801 INFO ----------------------------------------------------------------------------------------------------
2026-07-24 00:35:46,871 P463801 INFO 123/300 starting... lr: 0.0009000000000000001 para:0.01
2026-07-24 00:35:52,517 P463801 INFO Epoch 123/300, all_loss:0.00040 cls_loss:0.00005 rec_loss:0.03546 [5.63s]; best loss:0.00040, patience : 0
2026-07-24 00:35:54,496 P463801 INFO pr:0.9606  rc:0.9242  auc:0.9824 ap:0.9783 f1: 0.9421 pred_right: 38619 pred_wrong:381 actu_right: 38604 actu_wrong: 396
2026-07-24 00:35:56,108 P463801 INFO pr:0.8759  rc:0.9302  auc:0.9957 ap:0.9504 f1: 0.9023 pred_right: 16363 pred_wrong:137 actu_right: 16371 actu_wrong: 129
2026-07-24 00:35:56,109 P463801 INFO ----------------------------------------------------------------------------------------------------
2026-07-24 00:35:56,109 P463801 INFO 124/300 starting... lr: 0.0009000000000000001 para:0.01
2026-07-24 00:36:00,345 P463801 INFO Epoch 124/300, all_loss:0.00039 cls_loss:0.00004 rec_loss:0.03513 [4.23s]; best loss:0.00039, patience : 0
2026-07-24 00:36:01,746 P463801 INFO pr:0.9558  rc:0.9270  auc:0.9830 ap:0.9783 f1: 0.9412 pred_right: 38615 pred_wrong:385 actu_right: 38603 actu_wrong: 397
2026-07-24 00:36:02,404 P463801 INFO pr:0.8768  rc:0.9380  auc:0.9957 ap:0.9508 f1: 0.9064 pred_right: 16362 pred_wrong:138 actu_right: 16371 actu_wrong: 129
2026-07-24 00:36:02,404 P463801 INFO ----------------------------------------------------------------------------------------------------
2026-07-24 00:36:02,404 P463801 INFO 125/300 starting... lr: 0.0009000000000000001 para:0.01
2026-07-24 00:36:07,219 P463801 INFO Epoch 125/300, all_loss:0.00039 cls_loss:0.00004 rec_loss:0.03481 [4.81s]; best loss:0.00039, patience : 0
2026-07-24 00:36:08,815 P463801 INFO pr:0.9582  rc:0.9244  auc:0.9823 ap:0.9782 f1: 0.9410 pred_right: 38617 pred_wrong:383 actu_right: 38603 actu_wrong: 397
2026-07-24 00:36:09,696 P463801 INFO pr:0.8759  rc:0.9302  auc:0.9957 ap:0.9504 f1: 0.9023 pred_right: 16363 pred_wrong:137 actu_right: 16371 actu_wrong: 129
2026-07-24 00:36:09,699 P463801 INFO ----------------------------------------------------------------------------------------------------
2026-07-24 00:36:09,699 P463801 INFO 126/300 starting... lr: 0.0009000000000000001 para:0.01
2026-07-24 00:36:22,518 P463801 INFO Epoch 126/300, all_loss:0.00039 cls_loss:0.00005 rec_loss:0.03444 [12.82s]; best loss:0.00039, patience : 1
2026-07-24 00:36:24,843 P463801 INFO pr:0.9557  rc:0.9268  auc:0.9829 ap:0.9781 f1: 0.9410 pred_right: 38616 pred_wrong:384 actu_right: 38604 actu_wrong: 396
2026-07-24 00:36:25,741 P463801 INFO pr:0.8705  rc:0.9380  auc:0.9957 ap:0.9508 f1: 0.9030 pred_right: 16361 pred_wrong:139 actu_right: 16371 actu_wrong: 129
2026-07-24 00:36:25,741 P463801 INFO ----------------------------------------------------------------------------------------------------
2026-07-24 00:36:25,741 P463801 INFO 127/300 starting... lr: 0.0009000000000000001 para:0.01
2026-07-24 00:36:31,542 P463801 INFO Epoch 127/300, all_loss:0.00038 cls_loss:0.00004 rec_loss:0.03407 [5.80s]; best loss:0.00038, patience : 0
2026-07-24 00:36:33,627 P463801 INFO pr:0.9607  rc:0.9244  auc:0.9823 ap:0.9781 f1: 0.9422 pred_right: 38618 pred_wrong:382 actu_right: 38603 actu_wrong: 397
2026-07-24 00:36:34,526 P463801 INFO pr:0.8824  rc:0.9302  auc:0.9957 ap:0.9504 f1: 0.9057 pred_right: 16364 pred_wrong:136 actu_right: 16371 actu_wrong: 129
2026-07-24 00:36:34,527 P463801 INFO ----------------------------------------------------------------------------------------------------
2026-07-24 00:36:34,527 P463801 INFO 128/300 starting... lr: 0.0009000000000000001 para:0.01
2026-07-24 00:36:40,057 P463801 INFO Epoch 128/300, all_loss:0.00037 cls_loss:0.00004 rec_loss:0.03370 [5.53s]; best loss:0.00037, patience : 0
2026-07-24 00:36:41,843 P463801 INFO pr:0.9582  rc:0.9244  auc:0.9823 ap:0.9781 f1: 0.9410 pred_right: 38617 pred_wrong:383 actu_right: 38603 actu_wrong: 397
2026-07-24 00:36:42,615 P463801 INFO pr:0.8824  rc:0.9302  auc:0.9957 ap:0.9502 f1: 0.9057 pred_right: 16364 pred_wrong:136 actu_right: 16371 actu_wrong: 129
2026-07-24 00:36:42,615 P463801 INFO ----------------------------------------------------------------------------------------------------
2026-07-24 00:36:42,615 P463801 INFO 129/300 starting... lr: 0.0009000000000000001 para:0.01
2026-07-24 00:36:48,108 P463801 INFO Epoch 129/300, all_loss:0.00037 cls_loss:0.00003 rec_loss:0.03327 [5.49s]; best loss:0.00037, patience : 0
2026-07-24 00:36:50,095 P463801 INFO pr:0.9607  rc:0.9244  auc:0.9822 ap:0.9781 f1: 0.9422 pred_right: 38618 pred_wrong:382 actu_right: 38603 actu_wrong: 397
2026-07-24 00:36:50,955 P463801 INFO pr:0.8824  rc:0.9302  auc:0.9957 ap:0.9501 f1: 0.9057 pred_right: 16364 pred_wrong:136 actu_right: 16371 actu_wrong: 129
2026-07-24 00:36:50,956 P463801 INFO ----------------------------------------------------------------------------------------------------
2026-07-24 00:36:50,956 P463801 INFO 130/300 starting... lr: 0.0009000000000000001 para:0.01
2026-07-24 00:36:56,457 P463801 INFO Epoch 130/300, all_loss:0.00036 cls_loss:0.00004 rec_loss:0.03284 [5.50s]; best loss:0.00036, patience : 0
2026-07-24 00:36:58,165 P463801 INFO pr:0.9633  rc:0.9244  auc:0.9822 ap:0.9780 f1: 0.9434 pred_right: 38619 pred_wrong:381 actu_right: 38603 actu_wrong: 397
2026-07-24 00:36:58,898 P463801 INFO pr:0.8824  rc:0.9302  auc:0.9957 ap:0.9499 f1: 0.9057 pred_right: 16364 pred_wrong:136 actu_right: 16371 actu_wrong: 129
2026-07-24 00:36:58,902 P463801 INFO ----------------------------------------------------------------------------------------------------
2026-07-24 00:36:58,902 P463801 INFO 131/300 starting... lr: 0.0009000000000000001 para:0.01
2026-07-24 00:37:04,351 P463801 INFO Epoch 131/300, all_loss:0.00036 cls_loss:0.00003 rec_loss:0.03246 [5.44s]; best loss:0.00036, patience : 0
2026-07-24 00:37:06,189 P463801 INFO pr:0.9632  rc:0.9242  auc:0.9809 ap:0.9779 f1: 0.9433 pred_right: 38620 pred_wrong:380 actu_right: 38604 actu_wrong: 396
2026-07-24 00:37:07,222 P463801 INFO pr:0.8815  rc:0.9225  auc:0.9938 ap:0.9497 f1: 0.9015 pred_right: 16365 pred_wrong:135 actu_right: 16371 actu_wrong: 129
2026-07-24 00:37:07,223 P463801 INFO ----------------------------------------------------------------------------------------------------
2026-07-24 00:37:07,223 P463801 INFO 132/300 starting... lr: 0.0009000000000000001 para:0.01
2026-07-24 00:37:12,811 P463801 INFO Epoch 132/300, all_loss:0.00035 cls_loss:0.00003 rec_loss:0.03203 [5.58s]; best loss:0.00035, patience : 0
2026-07-24 00:37:14,870 P463801 INFO pr:0.9633  rc:0.9244  auc:0.9809 ap:0.9778 f1: 0.9434 pred_right: 38619 pred_wrong:381 actu_right: 38603 actu_wrong: 397
2026-07-24 00:37:15,758 P463801 INFO pr:0.8815  rc:0.9225  auc:0.9938 ap:0.9497 f1: 0.9015 pred_right: 16365 pred_wrong:135 actu_right: 16371 actu_wrong: 129
2026-07-24 00:37:15,763 P463801 INFO ----------------------------------------------------------------------------------------------------
2026-07-24 00:37:15,763 P463801 INFO 133/300 starting... lr: 0.0009000000000000001 para:0.01
2026-07-24 00:37:21,228 P463801 INFO Epoch 133/300, all_loss:0.00035 cls_loss:0.00003 rec_loss:0.03153 [5.46s]; best loss:0.00035, patience : 0
2026-07-24 00:37:23,310 P463801 INFO pr:0.9631  rc:0.9194  auc:0.9809 ap:0.9777 f1: 0.9407 pred_right: 38621 pred_wrong:379 actu_right: 38603 actu_wrong: 397
2026-07-24 00:37:24,107 P463801 INFO pr:0.8815  rc:0.9225  auc:0.9938 ap:0.9496 f1: 0.9015 pred_right: 16365 pred_wrong:135 actu_right: 16371 actu_wrong: 129
2026-07-24 00:37:24,107 P463801 INFO ----------------------------------------------------------------------------------------------------
2026-07-24 00:37:24,108 P463801 INFO 134/300 starting... lr: 0.0009000000000000001 para:0.01
2026-07-24 00:37:29,689 P463801 INFO Epoch 134/300, all_loss:0.00034 cls_loss:0.00003 rec_loss:0.03106 [5.58s]; best loss:0.00034, patience : 0
2026-07-24 00:37:32,165 P463801 INFO pr:0.9656  rc:0.9194  auc:0.9809 ap:0.9776 f1: 0.9419 pred_right: 38622 pred_wrong:378 actu_right: 38603 actu_wrong: 397
2026-07-24 00:37:33,588 P463801 INFO pr:0.8815  rc:0.9225  auc:0.9938 ap:0.9495 f1: 0.9015 pred_right: 16365 pred_wrong:135 actu_right: 16371 actu_wrong: 129
2026-07-24 00:37:33,588 P463801 INFO ----------------------------------------------------------------------------------------------------
2026-07-24 00:37:33,589 P463801 INFO 135/300 starting... lr: 0.0009000000000000001 para:0.01
2026-07-24 00:37:37,944 P463801 INFO Epoch 135/300, all_loss:0.00034 cls_loss:0.00003 rec_loss:0.03058 [4.35s]; best loss:0.00034, patience : 0
2026-07-24 00:37:39,376 P463801 INFO pr:0.9633  rc:0.9244  auc:0.9815 ap:0.9776 f1: 0.9434 pred_right: 38619 pred_wrong:381 actu_right: 38603 actu_wrong: 397
2026-07-24 00:37:40,060 P463801 INFO pr:0.8815  rc:0.9225  auc:0.9957 ap:0.9499 f1: 0.9015 pred_right: 16365 pred_wrong:135 actu_right: 16371 actu_wrong: 129
2026-07-24 00:37:40,064 P463801 INFO ----------------------------------------------------------------------------------------------------
2026-07-24 00:37:40,064 P463801 INFO 136/300 starting... lr: 0.0009000000000000001 para:0.01
2026-07-24 00:37:45,199 P463801 INFO Epoch 136/300, all_loss:0.00033 cls_loss:0.00003 rec_loss:0.03011 [5.13s]; best loss:0.00033, patience : 0
2026-07-24 00:37:46,913 P463801 INFO pr:0.9656  rc:0.9194  auc:0.9808 ap:0.9774 f1: 0.9419 pred_right: 38622 pred_wrong:378 actu_right: 38603 actu_wrong: 397
2026-07-24 00:37:48,198 P463801 INFO pr:0.8806  rc:0.9147  auc:0.9918 ap:0.9526 f1: 0.8973 pred_right: 16366 pred_wrong:134 actu_right: 16371 actu_wrong: 129
2026-07-24 00:37:48,199 P463801 INFO ----------------------------------------------------------------------------------------------------
2026-07-24 00:37:48,199 P463801 INFO 137/300 starting... lr: 0.0009000000000000001 para:0.01
2026-07-24 00:37:59,286 P463801 INFO Epoch 137/300, all_loss:0.00032 cls_loss:0.00003 rec_loss:0.02973 [11.08s]; best loss:0.00032, patience : 0
2026-07-24 00:38:01,858 P463801 INFO pr:0.9656  rc:0.9217  auc:0.9807 ap:0.9774 f1: 0.9432 pred_right: 38622 pred_wrong:378 actu_right: 38604 actu_wrong: 396
2026-07-24 00:38:02,906 P463801 INFO pr:0.8806  rc:0.9147  auc:0.9938 ap:0.9530 f1: 0.8973 pred_right: 16366 pred_wrong:134 actu_right: 16371 actu_wrong: 129
2026-07-24 00:38:02,906 P463801 INFO ----------------------------------------------------------------------------------------------------
2026-07-24 00:38:02,907 P463801 INFO 138/300 starting... lr: 0.0009000000000000001 para:0.01
2026-07-24 00:38:08,636 P463801 INFO Epoch 138/300, all_loss:0.00032 cls_loss:0.00003 rec_loss:0.02919 [5.73s]; best loss:0.00032, patience : 0
2026-07-24 00:38:10,394 P463801 INFO pr:0.9582  rc:0.9244  auc:0.9814 ap:0.9774 f1: 0.9410 pred_right: 38617 pred_wrong:383 actu_right: 38603 actu_wrong: 397
2026-07-24 00:38:11,405 P463801 INFO pr:0.8741  rc:0.9147  auc:0.9957 ap:0.9529 f1: 0.8939 pred_right: 16365 pred_wrong:135 actu_right: 16371 actu_wrong: 129
2026-07-24 00:38:11,406 P463801 INFO ----------------------------------------------------------------------------------------------------
2026-07-24 00:38:11,406 P463801 INFO 139/300 starting... lr: 0.0009000000000000001 para:0.01
2026-07-24 00:38:16,797 P463801 INFO Epoch 139/300, all_loss:0.00031 cls_loss:0.00003 rec_loss:0.02869 [5.39s]; best loss:0.00031, patience : 0
2026-07-24 00:38:18,756 P463801 INFO pr:0.9606  rc:0.9242  auc:0.9813 ap:0.9772 f1: 0.9421 pred_right: 38619 pred_wrong:381 actu_right: 38604 actu_wrong: 396
2026-07-24 00:38:19,529 P463801 INFO pr:0.8806  rc:0.9147  auc:0.9938 ap:0.9494 f1: 0.8973 pred_right: 16366 pred_wrong:134 actu_right: 16371 actu_wrong: 129
2026-07-24 00:38:19,529 P463801 INFO ----------------------------------------------------------------------------------------------------
2026-07-24 00:38:19,530 P463801 INFO 140/300 starting... lr: 0.0009000000000000001 para:0.01
2026-07-24 00:38:25,140 P463801 INFO Epoch 140/300, all_loss:0.00031 cls_loss:0.00003 rec_loss:0.02817 [5.61s]; best loss:0.00031, patience : 0
2026-07-24 00:38:27,152 P463801 INFO pr:0.9606  rc:0.9242  auc:0.9812 ap:0.9771 f1: 0.9421 pred_right: 38619 pred_wrong:381 actu_right: 38604 actu_wrong: 396
2026-07-24 00:38:27,962 P463801 INFO pr:0.8741  rc:0.9147  auc:0.9938 ap:0.9526 f1: 0.8939 pred_right: 16365 pred_wrong:135 actu_right: 16371 actu_wrong: 129
2026-07-24 00:38:27,962 P463801 INFO ----------------------------------------------------------------------------------------------------
2026-07-24 00:38:27,962 P463801 INFO 141/300 starting... lr: 0.0009000000000000001 para:0.01
2026-07-24 00:38:33,483 P463801 INFO Epoch 141/300, all_loss:0.00030 cls_loss:0.00002 rec_loss:0.02765 [5.52s]; best loss:0.00030, patience : 0
2026-07-24 00:38:35,351 P463801 INFO pr:0.9632  rc:0.9242  auc:0.9810 ap:0.9770 f1: 0.9433 pred_right: 38620 pred_wrong:380 actu_right: 38604 actu_wrong: 396
2026-07-24 00:38:36,137 P463801 INFO pr:0.8676  rc:0.9147  auc:0.9957 ap:0.9530 f1: 0.8906 pred_right: 16364 pred_wrong:136 actu_right: 16371 actu_wrong: 129
2026-07-24 00:38:36,137 P463801 INFO ----------------------------------------------------------------------------------------------------
2026-07-24 00:38:36,137 P463801 INFO 142/300 starting... lr: 0.0009000000000000001 para:0.01
2026-07-24 00:38:41,609 P463801 INFO Epoch 142/300, all_loss:0.00029 cls_loss:0.00002 rec_loss:0.02713 [5.47s]; best loss:0.00029, patience : 0
2026-07-24 00:38:43,469 P463801 INFO pr:0.9656  rc:0.9194  auc:0.9804 ap:0.9771 f1: 0.9419 pred_right: 38622 pred_wrong:378 actu_right: 38603 actu_wrong: 397
2026-07-24 00:38:44,250 P463801 INFO pr:0.8741  rc:0.9147  auc:0.9899 ap:0.9488 f1: 0.8939 pred_right: 16365 pred_wrong:135 actu_right: 16371 actu_wrong: 129
2026-07-24 00:38:44,250 P463801 INFO ----------------------------------------------------------------------------------------------------
2026-07-24 00:38:44,251 P463801 INFO 143/300 starting... lr: 0.0009000000000000001 para:0.01
2026-07-24 00:38:49,520 P463801 INFO Epoch 143/300, all_loss:0.00029 cls_loss:0.00002 rec_loss:0.02660 [5.27s]; best loss:0.00029, patience : 0
2026-07-24 00:38:51,535 P463801 INFO pr:0.9631  rc:0.9217  auc:0.9804 ap:0.9769 f1: 0.9419 pred_right: 38621 pred_wrong:379 actu_right: 38604 actu_wrong: 396
2026-07-24 00:38:52,320 P463801 INFO pr:0.8676  rc:0.9147  auc:0.9899 ap:0.9485 f1: 0.8906 pred_right: 16364 pred_wrong:136 actu_right: 16371 actu_wrong: 129
2026-07-24 00:38:52,321 P463801 INFO ----------------------------------------------------------------------------------------------------
2026-07-24 00:38:52,321 P463801 INFO 144/300 starting... lr: 0.0009000000000000001 para:0.01
2026-07-24 00:38:57,904 P463801 INFO Epoch 144/300, all_loss:0.00028 cls_loss:0.00002 rec_loss:0.02600 [5.58s]; best loss:0.00028, patience : 0
2026-07-24 00:38:59,868 P463801 INFO pr:0.9558  rc:0.9270  auc:0.9807 ap:0.9758 f1: 0.9412 pred_right: 38615 pred_wrong:385 actu_right: 38603 actu_wrong: 397
2026-07-24 00:39:00,617 P463801 INFO pr:0.8676  rc:0.9147  auc:0.9937 ap:0.9425 f1: 0.8906 pred_right: 16364 pred_wrong:136 actu_right: 16371 actu_wrong: 129
2026-07-24 00:39:00,618 P463801 INFO ----------------------------------------------------------------------------------------------------
2026-07-24 00:39:00,618 P463801 INFO 145/300 starting... lr: 0.0009000000000000001 para:0.01
2026-07-24 00:39:06,154 P463801 INFO Epoch 145/300, all_loss:0.00028 cls_loss:0.00002 rec_loss:0.02548 [5.53s]; best loss:0.00028, patience : 0
2026-07-24 00:39:08,416 P463801 INFO pr:0.9605  rc:0.9217  auc:0.9805 ap:0.9757 f1: 0.9407 pred_right: 38620 pred_wrong:380 actu_right: 38604 actu_wrong: 396
2026-07-24 00:39:09,216 P463801 INFO pr:0.8676  rc:0.9147  auc:0.9937 ap:0.9421 f1: 0.8906 pred_right: 16364 pred_wrong:136 actu_right: 16371 actu_wrong: 129
2026-07-24 00:39:09,217 P463801 INFO ----------------------------------------------------------------------------------------------------
2026-07-24 00:39:09,217 P463801 INFO 146/300 starting... lr: 0.0009000000000000001 para:0.01
2026-07-24 00:39:15,318 P463801 INFO Epoch 146/300, all_loss:0.00027 cls_loss:0.00002 rec_loss:0.02494 [6.10s]; best loss:0.00027, patience : 0
2026-07-24 00:39:16,688 P463801 INFO pr:0.9631  rc:0.9194  auc:0.9799 ap:0.9768 f1: 0.9407 pred_right: 38621 pred_wrong:379 actu_right: 38603 actu_wrong: 397
2026-07-24 00:39:17,287 P463801 INFO pr:0.8676  rc:0.9147  auc:0.9898 ap:0.9414 f1: 0.8906 pred_right: 16364 pred_wrong:136 actu_right: 16371 actu_wrong: 129
2026-07-24 00:39:17,287 P463801 INFO ----------------------------------------------------------------------------------------------------
2026-07-24 00:39:17,288 P463801 INFO 147/300 starting... lr: 0.0009000000000000001 para:0.01
2026-07-24 00:39:22,207 P463801 INFO Epoch 147/300, all_loss:0.00028 cls_loss:0.00003 rec_loss:0.02437 [4.92s]; best loss:0.00027, patience : 1
2026-07-24 00:39:23,977 P463801 INFO pr:0.9579  rc:0.9169  auc:0.9793 ap:0.9766 f1: 0.9369 pred_right: 38620 pred_wrong:380 actu_right: 38603 actu_wrong: 397
2026-07-24 00:39:24,678 P463801 INFO pr:0.8676  rc:0.9147  auc:0.9879 ap:0.9424 f1: 0.8906 pred_right: 16364 pred_wrong:136 actu_right: 16371 actu_wrong: 129
2026-07-24 00:39:24,679 P463801 INFO ----------------------------------------------------------------------------------------------------
2026-07-24 00:39:24,679 P463801 INFO 148/300 starting... lr: 0.0009000000000000001 para:0.01
2026-07-24 00:39:35,719 P463801 INFO Epoch 148/300, all_loss:0.00026 cls_loss:0.00002 rec_loss:0.02415 [11.03s]; best loss:0.00026, patience : 0
2026-07-24 00:39:39,103 P463801 INFO pr:0.9631  rc:0.9194  auc:0.9794 ap:0.9767 f1: 0.9407 pred_right: 38621 pred_wrong:379 actu_right: 38603 actu_wrong: 397
2026-07-24 00:39:40,068 P463801 INFO pr:0.8676  rc:0.9147  auc:0.9879 ap:0.9400 f1: 0.8906 pred_right: 16364 pred_wrong:136 actu_right: 16371 actu_wrong: 129
2026-07-24 00:39:40,068 P463801 INFO ----------------------------------------------------------------------------------------------------
2026-07-24 00:39:40,068 P463801 INFO 149/300 starting... lr: 0.0009000000000000001 para:0.01
2026-07-24 00:39:45,961 P463801 INFO Epoch 149/300, all_loss:0.00025 cls_loss:0.00002 rec_loss:0.02325 [5.89s]; best loss:0.00025, patience : 0
2026-07-24 00:39:48,059 P463801 INFO pr:0.9632  rc:0.9219  auc:0.9792 ap:0.9743 f1: 0.9421 pred_right: 38620 pred_wrong:380 actu_right: 38603 actu_wrong: 397
2026-07-24 00:39:48,932 P463801 INFO pr:0.8613  rc:0.9147  auc:0.9898 ap:0.9403 f1: 0.8872 pred_right: 16363 pred_wrong:137 actu_right: 16371 actu_wrong: 129
2026-07-24 00:39:48,932 P463801 INFO ----------------------------------------------------------------------------------------------------
2026-07-24 00:39:48,932 P463801 INFO 150/300 starting... lr: 0.0009000000000000001 para:0.01
2026-07-24 00:39:54,507 P463801 INFO Epoch 150/300, all_loss:0.00025 cls_loss:0.00002 rec_loss:0.02236 [5.57s]; best loss:0.00025, patience : 0
2026-07-24 00:39:56,268 P463801 INFO pr:0.9531  rc:0.9242  auc:0.9793 ap:0.9753 f1: 0.9385 pred_right: 38616 pred_wrong:384 actu_right: 38604 actu_wrong: 396
2026-07-24 00:39:57,031 P463801 INFO pr:0.8676  rc:0.9147  auc:0.9862 ap:0.9369 f1: 0.8906 pred_right: 16364 pred_wrong:136 actu_right: 16371 actu_wrong: 129
2026-07-24 00:39:57,031 P463801 INFO ----------------------------------------------------------------------------------------------------
2026-07-24 00:39:57,031 P463801 INFO 151/300 starting... lr: 0.0009000000000000001 para:0.01
2026-07-24 00:40:02,535 P463801 INFO Epoch 151/300, all_loss:0.00023 cls_loss:0.00002 rec_loss:0.02157 [5.50s]; best loss:0.00023, patience : 0
2026-07-24 00:40:04,486 P463801 INFO pr:0.9578  rc:0.9167  auc:0.9794 ap:0.9750 f1: 0.9368 pred_right: 38621 pred_wrong:379 actu_right: 38604 actu_wrong: 396
2026-07-24 00:40:05,229 P463801 INFO pr:0.8613  rc:0.9147  auc:0.9878 ap:0.9382 f1: 0.8872 pred_right: 16363 pred_wrong:137 actu_right: 16371 actu_wrong: 129
2026-07-24 00:40:05,230 P463801 INFO ----------------------------------------------------------------------------------------------------
2026-07-24 00:40:05,230 P463801 INFO 152/300 starting... lr: 0.0009000000000000001 para:0.01
2026-07-24 00:40:10,696 P463801 INFO Epoch 152/300, all_loss:0.43788 cls_loss:0.44188 rec_loss:0.04246 [5.46s]; best loss:0.00023, patience : 1
2026-07-24 00:40:12,586 P463801 INFO pr:0.9754  rc:0.7020  auc:0.9504 ap:0.9628 f1: 0.8164 pred_right: 38715 pred_wrong:285 actu_right: 38604 actu_wrong: 396
2026-07-24 00:40:13,364 P463801 INFO pr:0.9271  rc:0.6899  auc:0.9568 ap:0.9541 f1: 0.7911 pred_right: 16404 pred_wrong:96 actu_right: 16371 actu_wrong: 129
2026-07-24 00:40:13,364 P463801 INFO ----------------------------------------------------------------------------------------------------
2026-07-24 00:40:13,364 P463801 INFO 153/300 starting... lr: 0.0009000000000000001 para:0.01
2026-07-24 00:40:18,852 P463801 INFO Epoch 153/300, all_loss:0.27994 cls_loss:0.28244 rec_loss:0.03267 [5.49s]; best loss:0.00023, patience : 1
2026-07-24 00:40:20,611 P463801 INFO pr:0.8990  rc:0.9217  auc:0.9807 ap:0.9569 f1: 0.9102 pred_right: 38594 pred_wrong:406 actu_right: 38604 actu_wrong: 396
2026-07-24 00:40:21,341 P463801 INFO pr:0.7764  rc:0.9690  auc:0.9992 ap:0.9066 f1: 0.8621 pred_right: 16339 pred_wrong:161 actu_right: 16371 actu_wrong: 129
2026-07-24 00:40:21,341 P463801 INFO ----------------------------------------------------------------------------------------------------
2026-07-24 00:40:21,341 P463801 INFO 154/300 starting... lr: 0.0009000000000000001 para:0.01
2026-07-24 00:40:26,977 P463801 INFO Epoch 154/300, all_loss:0.12878 cls_loss:0.12980 rec_loss:0.02781 [5.64s]; best loss:0.00023, patience : 1
2026-07-24 00:40:29,009 P463801 INFO pr:0.9581  rc:0.9219  auc:0.9808 ap:0.9717 f1: 0.9397 pred_right: 38618 pred_wrong:382 actu_right: 38603 actu_wrong: 397
2026-07-24 00:40:29,889 P463801 INFO pr:0.8551  rc:0.9147  auc:0.9936 ap:0.9558 f1: 0.8839 pred_right: 16362 pred_wrong:138 actu_right: 16371 actu_wrong: 129
2026-07-24 00:40:29,890 P463801 INFO ----------------------------------------------------------------------------------------------------
2026-07-24 00:40:29,890 P463801 INFO 155/300 starting... lr: 0.0009000000000000001 para:0.01
2026-07-24 00:40:35,387 P463801 INFO Epoch 155/300, all_loss:0.04855 cls_loss:0.04878 rec_loss:0.02619 [5.50s]; best loss:0.00023, patience : 1
2026-07-24 00:40:37,142 P463801 INFO pr:0.9558  rc:0.9270  auc:0.9820 ap:0.9744 f1: 0.9412 pred_right: 38615 pred_wrong:385 actu_right: 38603 actu_wrong: 397
2026-07-24 00:40:37,890 P463801 INFO pr:0.8531  rc:0.9457  auc:0.9976 ap:0.9537 f1: 0.8971 pred_right: 16357 pred_wrong:143 actu_right: 16371 actu_wrong: 129
2026-07-24 00:40:37,891 P463801 INFO ----------------------------------------------------------------------------------------------------
2026-07-24 00:40:37,891 P463801 INFO 156/300 starting... lr: 0.0009000000000000001 para:0.01
2026-07-24 00:40:43,329 P463801 INFO Epoch 156/300, all_loss:0.01311 cls_loss:0.01297 rec_loss:0.02661 [5.44s]; best loss:0.00023, patience : 1
2026-07-24 00:40:45,716 P463801 INFO pr:0.9596  rc:0.8967  auc:0.9752 ap:0.9740 f1: 0.9271 pred_right: 38629 pred_wrong:371 actu_right: 38603 actu_wrong: 397
2026-07-24 00:40:46,640 P463801 INFO pr:0.8952  rc:0.8605  auc:0.9875 ap:0.9478 f1: 0.8775 pred_right: 16376 pred_wrong:124 actu_right: 16371 actu_wrong: 129
2026-07-24 00:40:46,644 P463801 INFO ----------------------------------------------------------------------------------------------------
2026-07-24 00:40:46,644 P463801 INFO 157/300 starting... lr: 0.0009000000000000001 para:0.01
2026-07-24 00:40:52,464 P463801 INFO Epoch 157/300, all_loss:0.02019 cls_loss:0.02010 rec_loss:0.02894 [5.82s]; best loss:0.00023, patience : 2
2026-07-24 00:40:53,889 P463801 INFO pr:0.9486  rc:0.9295  auc:0.9783 ap:0.9740 f1: 0.9389 pred_right: 38611 pred_wrong:389 actu_right: 38603 actu_wrong: 397
2026-07-24 00:40:54,578 P463801 INFO pr:0.8414  rc:0.9457  auc:0.9977 ap:0.9584 f1: 0.8905 pred_right: 16355 pred_wrong:145 actu_right: 16371 actu_wrong: 129
2026-07-24 00:40:54,578 P463801 INFO ----------------------------------------------------------------------------------------------------
2026-07-24 00:40:54,578 P463801 INFO 158/300 starting... lr: 0.0009000000000000001 para:0.01
2026-07-24 00:40:59,697 P463801 INFO Epoch 158/300, all_loss:0.01441 cls_loss:0.01427 rec_loss:0.02829 [5.12s]; best loss:0.00023, patience : 2
2026-07-24 00:41:01,461 P463801 INFO pr:0.9608  rc:0.9270  auc:0.9772 ap:0.9736 f1: 0.9436 pred_right: 38617 pred_wrong:383 actu_right: 38603 actu_wrong: 397
2026-07-24 00:41:02,600 P463801 INFO pr:0.8403  rc:0.9380  auc:0.9977 ap:0.9626 f1: 0.8864 pred_right: 16356 pred_wrong:144 actu_right: 16371 actu_wrong: 129
2026-07-24 00:41:02,606 P463801 INFO ----------------------------------------------------------------------------------------------------
2026-07-24 00:41:02,607 P463801 INFO 159/300 starting... lr: 0.0009000000000000001 para:0.01
2026-07-24 00:41:13,787 P463801 INFO Epoch 159/300, all_loss:0.02017 cls_loss:0.02010 rec_loss:0.02720 [11.18s]; best loss:0.00023, patience : 3
2026-07-24 00:41:16,448 P463801 INFO pr:0.9416  rc:0.9369  auc:0.9778 ap:0.9738 f1: 0.9392 pred_right: 38606 pred_wrong:394 actu_right: 38604 actu_wrong: 396
2026-07-24 00:41:17,406 P463801 INFO pr:0.8345  rc:0.9380  auc:0.9975 ap:0.9523 f1: 0.8832 pred_right: 16355 pred_wrong:145 actu_right: 16371 actu_wrong: 129
2026-07-24 00:41:17,407 P463801 INFO ----------------------------------------------------------------------------------------------------
2026-07-24 00:41:17,407 P463801 INFO 160/300 starting... lr: 0.0009000000000000001 para:0.01
2026-07-24 00:41:23,031 P463801 INFO Epoch 160/300, all_loss:0.00576 cls_loss:0.00553 rec_loss:0.02900 [5.62s]; best loss:0.00023, patience : 3
2026-07-24 00:41:25,002 P463801 INFO pr:0.9556  rc:0.9219  auc:0.9771 ap:0.9741 f1: 0.9385 pred_right: 38617 pred_wrong:383 actu_right: 38603 actu_wrong: 397
2026-07-24 00:41:25,790 P463801 INFO pr:0.8872  rc:0.9147  auc:0.9918 ap:0.9503 f1: 0.9008 pred_right: 16367 pred_wrong:133 actu_right: 16371 actu_wrong: 129
2026-07-24 00:41:25,791 P463801 INFO ----------------------------------------------------------------------------------------------------
2026-07-24 00:41:25,791 P463801 INFO 161/300 starting... lr: 0.0009000000000000001 para:0.01
2026-07-24 00:41:31,528 P463801 INFO Epoch 161/300, all_loss:0.00898 cls_loss:0.00874 rec_loss:0.03263 [5.74s]; best loss:0.00023, patience : 4
2026-07-24 00:41:33,556 P463801 INFO pr:0.9316  rc:0.9270  auc:0.9787 ap:0.9694 f1: 0.9293 pred_right: 38605 pred_wrong:395 actu_right: 38603 actu_wrong: 397
2026-07-24 00:41:34,436 P463801 INFO pr:0.8322  rc:0.9225  auc:0.9936 ap:0.9486 f1: 0.8750 pred_right: 16357 pred_wrong:143 actu_right: 16371 actu_wrong: 129
2026-07-24 00:41:34,436 P463801 INFO ----------------------------------------------------------------------------------------------------
2026-07-24 00:41:34,444 P463801 INFO 162/300 starting... lr: 0.0009000000000000001 para:0.01
2026-07-24 00:41:40,030 P463801 INFO Epoch 162/300, all_loss:0.00143 cls_loss:0.00116 rec_loss:0.02858 [5.59s]; best loss:0.00023, patience : 4
2026-07-24 00:41:42,035 P463801 INFO pr:0.9509  rc:0.9270  auc:0.9771 ap:0.9756 f1: 0.9388 pred_right: 38613 pred_wrong:387 actu_right: 38603 actu_wrong: 397
2026-07-24 00:41:42,882 P463801 INFO pr:0.8676  rc:0.9147  auc:0.9957 ap:0.9558 f1: 0.8906 pred_right: 16364 pred_wrong:136 actu_right: 16371 actu_wrong: 129
2026-07-24 00:41:42,883 P463801 INFO ----------------------------------------------------------------------------------------------------
2026-07-24 00:41:42,883 P463801 INFO 163/300 starting... lr: 0.0009000000000000001 para:0.01
2026-07-24 00:41:48,396 P463801 INFO Epoch 163/300, all_loss:0.00108 cls_loss:0.00081 rec_loss:0.02831 [5.51s]; best loss:0.00023, patience : 4
2026-07-24 00:41:50,864 P463801 INFO pr:0.9482  rc:0.9219  auc:0.9773 ap:0.9728 f1: 0.9349 pred_right: 38614 pred_wrong:386 actu_right: 38603 actu_wrong: 397
2026-07-24 00:41:51,644 P463801 INFO pr:0.8731  rc:0.9070  auc:0.9937 ap:0.9500 f1: 0.8897 pred_right: 16366 pred_wrong:134 actu_right: 16371 actu_wrong: 129
2026-07-24 00:41:51,645 P463801 INFO ----------------------------------------------------------------------------------------------------
2026-07-24 00:41:51,645 P463801 INFO 164/300 starting... lr: 0.0009000000000000001 para:0.01
2026-07-24 00:41:57,100 P463801 INFO Epoch 164/300, all_loss:0.00041 cls_loss:0.00013 rec_loss:0.02814 [5.45s]; best loss:0.00023, patience : 4
2026-07-24 00:41:58,925 P463801 INFO pr:0.9459  rc:0.9244  auc:0.9779 ap:0.9731 f1: 0.9350 pred_right: 38612 pred_wrong:388 actu_right: 38603 actu_wrong: 397
2026-07-24 00:41:59,747 P463801 INFO pr:0.8676  rc:0.9147  auc:0.9957 ap:0.9523 f1: 0.8906 pred_right: 16364 pred_wrong:136 actu_right: 16371 actu_wrong: 129
2026-07-24 00:41:59,748 P463801 INFO ----------------------------------------------------------------------------------------------------
2026-07-24 00:41:59,748 P463801 INFO 165/300 starting... lr: 0.0009000000000000001 para:0.01
2026-07-24 00:42:05,454 P463801 INFO Epoch 165/300, all_loss:0.00034 cls_loss:0.00006 rec_loss:0.02796 [5.71s]; best loss:0.00023, patience : 4
2026-07-24 00:42:07,403 P463801 INFO pr:0.9457  rc:0.9242  auc:0.9778 ap:0.9731 f1: 0.9349 pred_right: 38613 pred_wrong:387 actu_right: 38604 actu_wrong: 396
2026-07-24 00:42:08,198 P463801 INFO pr:0.8676  rc:0.9147  auc:0.9957 ap:0.9524 f1: 0.8906 pred_right: 16364 pred_wrong:136 actu_right: 16371 actu_wrong: 129
2026-07-24 00:42:08,199 P463801 INFO ----------------------------------------------------------------------------------------------------
2026-07-24 00:42:08,199 P463801 INFO 166/300 starting... lr: 0.0009000000000000001 para:0.01
2026-07-24 00:42:13,852 P463801 INFO Epoch 166/300, all_loss:0.00033 cls_loss:0.00006 rec_loss:0.02774 [5.65s]; best loss:0.00023, patience : 4
2026-07-24 00:42:15,876 P463801 INFO pr:0.9483  rc:0.9244  auc:0.9779 ap:0.9731 f1: 0.9362 pred_right: 38613 pred_wrong:387 actu_right: 38603 actu_wrong: 397
2026-07-24 00:42:16,769 P463801 INFO pr:0.8731  rc:0.9070  auc:0.9957 ap:0.9521 f1: 0.8897 pred_right: 16366 pred_wrong:134 actu_right: 16371 actu_wrong: 129
2026-07-24 00:42:16,769 P463801 INFO ----------------------------------------------------------------------------------------------------
2026-07-24 00:42:16,769 P463801 INFO 167/300 starting... lr: 0.0009000000000000001 para:0.01
2026-07-24 00:42:22,423 P463801 INFO Epoch 167/300, all_loss:0.00032 cls_loss:0.00005 rec_loss:0.02759 [5.65s]; best loss:0.00023, patience : 4
2026-07-24 00:42:24,221 P463801 INFO pr:0.9483  rc:0.9244  auc:0.9780 ap:0.9732 f1: 0.9362 pred_right: 38613 pred_wrong:387 actu_right: 38603 actu_wrong: 397
2026-07-24 00:42:25,171 P463801 INFO pr:0.8731  rc:0.9070  auc:0.9957 ap:0.9521 f1: 0.8897 pred_right: 16366 pred_wrong:134 actu_right: 16371 actu_wrong: 129
2026-07-24 00:42:25,171 P463801 INFO ----------------------------------------------------------------------------------------------------
2026-07-24 00:42:25,171 P463801 INFO 168/300 starting... lr: 0.0009000000000000001 para:0.01
2026-07-24 00:42:30,933 P463801 INFO Epoch 168/300, all_loss:0.00032 cls_loss:0.00004 rec_loss:0.02739 [5.76s]; best loss:0.00023, patience : 4
2026-07-24 00:42:32,312 P463801 INFO pr:0.9508  rc:0.9244  auc:0.9780 ap:0.9733 f1: 0.9374 pred_right: 38614 pred_wrong:386 actu_right: 38603 actu_wrong: 397
2026-07-24 00:42:32,937 P463801 INFO pr:0.8731  rc:0.9070  auc:0.9957 ap:0.9519 f1: 0.8897 pred_right: 16366 pred_wrong:134 actu_right: 16371 actu_wrong: 129
2026-07-24 00:42:32,938 P463801 INFO ----------------------------------------------------------------------------------------------------
2026-07-24 00:42:32,938 P463801 INFO 169/300 starting... lr: 0.0009000000000000001 para:0.01
2026-07-24 00:42:37,896 P463801 INFO Epoch 169/300, all_loss:0.00032 cls_loss:0.00005 rec_loss:0.02719 [4.96s]; best loss:0.00023, patience : 4
2026-07-24 00:42:39,484 P463801 INFO pr:0.9508  rc:0.9244  auc:0.9780 ap:0.9733 f1: 0.9374 pred_right: 38614 pred_wrong:386 actu_right: 38603 actu_wrong: 397
2026-07-24 00:42:40,165 P463801 INFO pr:0.8731  rc:0.9070  auc:0.9937 ap:0.9516 f1: 0.8897 pred_right: 16366 pred_wrong:134 actu_right: 16371 actu_wrong: 129
2026-07-24 00:42:40,165 P463801 INFO ----------------------------------------------------------------------------------------------------
2026-07-24 00:42:40,165 P463801 INFO 170/300 starting... lr: 0.0009000000000000001 para:0.01
2026-07-24 00:42:52,978 P463801 INFO Epoch 170/300, all_loss:0.00031 cls_loss:0.00004 rec_loss:0.02697 [12.81s]; best loss:0.00023, patience : 4
2026-07-24 00:42:55,522 P463801 INFO pr:0.9508  rc:0.9244  auc:0.9780 ap:0.9733 f1: 0.9374 pred_right: 38614 pred_wrong:386 actu_right: 38603 actu_wrong: 397
2026-07-24 00:42:56,480 P463801 INFO pr:0.8731  rc:0.9070  auc:0.9957 ap:0.9522 f1: 0.8897 pred_right: 16366 pred_wrong:134 actu_right: 16371 actu_wrong: 129
2026-07-24 00:42:56,481 P463801 INFO ----------------------------------------------------------------------------------------------------
2026-07-24 00:42:56,481 P463801 INFO 171/300 starting... lr: 0.0009000000000000001 para:0.01
2026-07-24 00:43:02,136 P463801 INFO Epoch 171/300, all_loss:0.00031 cls_loss:0.00004 rec_loss:0.02679 [5.65s]; best loss:0.00023, patience : 4
2026-07-24 00:43:04,183 P463801 INFO pr:0.9483  rc:0.9244  auc:0.9780 ap:0.9733 f1: 0.9362 pred_right: 38613 pred_wrong:387 actu_right: 38603 actu_wrong: 397
2026-07-24 00:43:05,026 P463801 INFO pr:0.8731  rc:0.9070  auc:0.9937 ap:0.9522 f1: 0.8897 pred_right: 16366 pred_wrong:134 actu_right: 16371 actu_wrong: 129
2026-07-24 00:43:05,027 P463801 INFO ----------------------------------------------------------------------------------------------------
2026-07-24 00:43:05,027 P463801 INFO 172/300 starting... lr: 0.0009000000000000001 para:0.01
2026-07-24 00:43:10,439 P463801 INFO Epoch 172/300, all_loss:0.00030 cls_loss:0.00004 rec_loss:0.02655 [5.41s]; best loss:0.00023, patience : 4
2026-07-24 00:43:12,421 P463801 INFO pr:0.9508  rc:0.9244  auc:0.9779 ap:0.9733 f1: 0.9374 pred_right: 38614 pred_wrong:386 actu_right: 38603 actu_wrong: 397
2026-07-24 00:43:13,272 P463801 INFO pr:0.8731  rc:0.9070  auc:0.9937 ap:0.9521 f1: 0.8897 pred_right: 16366 pred_wrong:134 actu_right: 16371 actu_wrong: 129
2026-07-24 00:43:13,273 P463801 INFO ----------------------------------------------------------------------------------------------------
2026-07-24 00:43:13,273 P463801 INFO 173/300 starting... lr: 0.0009000000000000001 para:0.01
2026-07-24 00:43:18,889 P463801 INFO Epoch 173/300, all_loss:0.00030 cls_loss:0.00004 rec_loss:0.02636 [5.62s]; best loss:0.00023, patience : 4
2026-07-24 00:43:21,000 P463801 INFO pr:0.9482  rc:0.9242  auc:0.9779 ap:0.9732 f1: 0.9361 pred_right: 38614 pred_wrong:386 actu_right: 38604 actu_wrong: 396
2026-07-24 00:43:21,880 P463801 INFO pr:0.8731  rc:0.9070  auc:0.9938 ap:0.9521 f1: 0.8897 pred_right: 16366 pred_wrong:134 actu_right: 16371 actu_wrong: 129
2026-07-24 00:43:21,881 P463801 INFO ----------------------------------------------------------------------------------------------------
2026-07-24 00:43:21,881 P463801 INFO 174/300 starting... lr: 0.0009000000000000001 para:0.01
2026-07-24 00:43:27,521 P463801 INFO Epoch 174/300, all_loss:0.00029 cls_loss:0.00003 rec_loss:0.02617 [5.64s]; best loss:0.00023, patience : 4
2026-07-24 00:43:29,205 P463801 INFO pr:0.9532  rc:0.9244  auc:0.9779 ap:0.9733 f1: 0.9386 pred_right: 38615 pred_wrong:385 actu_right: 38603 actu_wrong: 397
2026-07-24 00:43:29,915 P463801 INFO pr:0.8731  rc:0.9070  auc:0.9918 ap:0.9519 f1: 0.8897 pred_right: 16366 pred_wrong:134 actu_right: 16371 actu_wrong: 129
2026-07-24 00:43:29,916 P463801 INFO ----------------------------------------------------------------------------------------------------
2026-07-24 00:43:29,916 P463801 INFO 175/300 starting... lr: 0.0009000000000000001 para:0.01
2026-07-24 00:43:35,272 P463801 INFO Epoch 175/300, all_loss:0.00029 cls_loss:0.00003 rec_loss:0.02586 [5.36s]; best loss:0.00023, patience : 4
2026-07-24 00:43:37,292 P463801 INFO pr:0.9459  rc:0.9244  auc:0.9779 ap:0.9732 f1: 0.9350 pred_right: 38612 pred_wrong:388 actu_right: 38603 actu_wrong: 397
2026-07-24 00:43:38,167 P463801 INFO pr:0.8731  rc:0.9070  auc:0.9918 ap:0.9519 f1: 0.8897 pred_right: 16366 pred_wrong:134 actu_right: 16371 actu_wrong: 129
2026-07-24 00:43:38,168 P463801 INFO ----------------------------------------------------------------------------------------------------
2026-07-24 00:43:38,168 P463801 INFO 176/300 starting... lr: 0.0009000000000000001 para:0.01
2026-07-24 00:43:43,626 P463801 INFO Epoch 176/300, all_loss:0.00029 cls_loss:0.00003 rec_loss:0.02571 [5.46s]; best loss:0.00023, patience : 4
2026-07-24 00:43:45,743 P463801 INFO pr:0.9506  rc:0.9242  auc:0.9779 ap:0.9731 f1: 0.9373 pred_right: 38615 pred_wrong:385 actu_right: 38604 actu_wrong: 396
2026-07-24 00:43:46,511 P463801 INFO pr:0.8731  rc:0.9070  auc:0.9918 ap:0.9515 f1: 0.8897 pred_right: 16366 pred_wrong:134 actu_right: 16371 actu_wrong: 129
2026-07-24 00:43:46,512 P463801 INFO ----------------------------------------------------------------------------------------------------
2026-07-24 00:43:46,512 P463801 INFO 177/300 starting... lr: 0.0009000000000000001 para:0.01
2026-07-24 00:43:52,070 P463801 INFO Epoch 177/300, all_loss:0.00028 cls_loss:0.00003 rec_loss:0.02541 [5.56s]; best loss:0.00023, patience : 4
2026-07-24 00:43:54,131 P463801 INFO pr:0.9459  rc:0.9244  auc:0.9778 ap:0.9732 f1: 0.9350 pred_right: 38612 pred_wrong:388 actu_right: 38603 actu_wrong: 397
2026-07-24 00:43:55,006 P463801 INFO pr:0.8731  rc:0.9070  auc:0.9918 ap:0.9520 f1: 0.8897 pred_right: 16366 pred_wrong:134 actu_right: 16371 actu_wrong: 129
2026-07-24 00:43:55,007 P463801 INFO ----------------------------------------------------------------------------------------------------
2026-07-24 00:43:55,007 P463801 INFO 178/300 starting... lr: 0.0009000000000000001 para:0.01
2026-07-24 00:44:00,543 P463801 INFO Epoch 178/300, all_loss:0.00028 cls_loss:0.00003 rec_loss:0.02511 [5.54s]; best loss:0.00023, patience : 4
2026-07-24 00:44:02,599 P463801 INFO pr:0.9459  rc:0.9244  auc:0.9778 ap:0.9732 f1: 0.9350 pred_right: 38612 pred_wrong:388 actu_right: 38603 actu_wrong: 397
2026-07-24 00:44:03,580 P463801 INFO pr:0.8797  rc:0.9070  auc:0.9918 ap:0.9518 f1: 0.8931 pred_right: 16367 pred_wrong:133 actu_right: 16371 actu_wrong: 129
2026-07-24 00:44:03,582 P463801 INFO ----------------------------------------------------------------------------------------------------
2026-07-24 00:44:03,582 P463801 INFO 179/300 starting... lr: 0.0009000000000000001 para:0.01
2026-07-24 00:44:09,148 P463801 INFO Epoch 179/300, all_loss:0.00028 cls_loss:0.00003 rec_loss:0.02494 [5.56s]; best loss:0.00023, patience : 4
2026-07-24 00:44:10,508 P463801 INFO pr:0.9506  rc:0.9242  auc:0.9777 ap:0.9731 f1: 0.9373 pred_right: 38615 pred_wrong:385 actu_right: 38604 actu_wrong: 396
2026-07-24 00:44:11,215 P463801 INFO pr:0.8797  rc:0.9070  auc:0.9918 ap:0.9554 f1: 0.8931 pred_right: 16367 pred_wrong:133 actu_right: 16371 actu_wrong: 129
2026-07-24 00:44:11,216 P463801 INFO ----------------------------------------------------------------------------------------------------
2026-07-24 00:44:11,216 P463801 INFO 180/300 starting... lr: 0.0009000000000000001 para:0.01
2026-07-24 00:44:16,289 P463801 INFO Epoch 180/300, all_loss:0.00028 cls_loss:0.00003 rec_loss:0.02464 [5.07s]; best loss:0.00023, patience : 5
2026-07-24 00:44:18,078 P463801 INFO pr:0.9508  rc:0.9244  auc:0.9777 ap:0.9732 f1: 0.9374 pred_right: 38614 pred_wrong:386 actu_right: 38603 actu_wrong: 397
2026-07-24 00:44:19,178 P463801 INFO pr:0.8797  rc:0.9070  auc:0.9918 ap:0.9555 f1: 0.8931 pred_right: 16367 pred_wrong:133 actu_right: 16371 actu_wrong: 129
2026-07-24 00:44:19,179 P463801 INFO ----------------------------------------------------------------------------------------------------
2026-07-24 00:44:19,179 P463801 INFO 181/300 starting... lr: 0.0009000000000000001 para:0.01
2026-07-24 00:44:32,404 P463801 INFO Epoch 181/300, all_loss:0.00027 cls_loss:0.00002 rec_loss:0.02438 [13.22s]; best loss:0.00023, patience : 5
2026-07-24 00:44:34,685 P463801 INFO pr:0.9506  rc:0.9242  auc:0.9776 ap:0.9731 f1: 0.9373 pred_right: 38615 pred_wrong:385 actu_right: 38604 actu_wrong: 396
2026-07-24 00:44:35,654 P463801 INFO pr:0.8797  rc:0.9070  auc:0.9938 ap:0.9559 f1: 0.8931 pred_right: 16367 pred_wrong:133 actu_right: 16371 actu_wrong: 129
2026-07-24 00:44:35,655 P463801 INFO ----------------------------------------------------------------------------------------------------
2026-07-24 00:44:35,655 P463801 INFO 182/300 starting... lr: 0.0009000000000000001 para:0.01
2026-07-24 00:44:41,404 P463801 INFO Epoch 182/300, all_loss:0.00026 cls_loss:0.00002 rec_loss:0.02408 [5.75s]; best loss:0.00023, patience : 5
2026-07-24 00:44:43,498 P463801 INFO pr:0.9508  rc:0.9244  auc:0.9776 ap:0.9731 f1: 0.9374 pred_right: 38614 pred_wrong:386 actu_right: 38603 actu_wrong: 397
2026-07-24 00:44:44,369 P463801 INFO pr:0.8797  rc:0.9070  auc:0.9918 ap:0.9555 f1: 0.8931 pred_right: 16367 pred_wrong:133 actu_right: 16371 actu_wrong: 129
2026-07-24 00:44:44,369 P463801 INFO ----------------------------------------------------------------------------------------------------
2026-07-24 00:44:44,369 P463801 INFO 183/300 starting... lr: 0.0009000000000000001 para:0.01
2026-07-24 00:44:49,976 P463801 INFO Epoch 183/300, all_loss:0.00026 cls_loss:0.00003 rec_loss:0.02369 [5.61s]; best loss:0.00023, patience : 5
2026-07-24 00:44:52,196 P463801 INFO pr:0.9459  rc:0.9244  auc:0.9775 ap:0.9730 f1: 0.9350 pred_right: 38612 pred_wrong:388 actu_right: 38603 actu_wrong: 397
2026-07-24 00:44:53,072 P463801 INFO pr:0.8806  rc:0.9147  auc:0.9938 ap:0.9526 f1: 0.8973 pred_right: 16366 pred_wrong:134 actu_right: 16371 actu_wrong: 129
2026-07-24 00:44:53,073 P463801 INFO ----------------------------------------------------------------------------------------------------
2026-07-24 00:44:53,073 P463801 INFO 184/300 starting... lr: 0.0009000000000000001 para:0.01
2026-07-24 00:44:58,628 P463801 INFO Epoch 184/300, all_loss:0.00026 cls_loss:0.00002 rec_loss:0.02371 [5.56s]; best loss:0.00023, patience : 5
2026-07-24 00:45:00,396 P463801 INFO pr:0.9456  rc:0.9241  auc:0.9774 ap:0.9729 f1: 0.9347 pred_right: 38614 pred_wrong:386 actu_right: 38605 actu_wrong: 395
2026-07-24 00:45:01,157 P463801 INFO pr:0.8797  rc:0.9070  auc:0.9938 ap:0.9559 f1: 0.8931 pred_right: 16367 pred_wrong:133 actu_right: 16371 actu_wrong: 129
2026-07-24 00:45:01,157 P463801 INFO ----------------------------------------------------------------------------------------------------
2026-07-24 00:45:01,157 P463801 INFO 185/300 starting... lr: 0.0009000000000000001 para:0.01
2026-07-24 00:45:06,651 P463801 INFO Epoch 185/300, all_loss:0.00025 cls_loss:0.00002 rec_loss:0.02322 [5.49s]; best loss:0.00023, patience : 5
2026-07-24 00:45:08,604 P463801 INFO pr:0.9481  rc:0.9217  auc:0.9775 ap:0.9728 f1: 0.9347 pred_right: 38615 pred_wrong:385 actu_right: 38604 actu_wrong: 396
2026-07-24 00:45:09,387 P463801 INFO pr:0.8797  rc:0.9070  auc:0.9918 ap:0.9557 f1: 0.8931 pred_right: 16367 pred_wrong:133 actu_right: 16371 actu_wrong: 129
2026-07-24 00:45:09,387 P463801 INFO ----------------------------------------------------------------------------------------------------
2026-07-24 00:45:09,387 P463801 INFO 186/300 starting... lr: 0.0009000000000000001 para:0.01
2026-07-24 00:45:14,794 P463801 INFO Epoch 186/300, all_loss:0.00025 cls_loss:0.00002 rec_loss:0.02284 [5.41s]; best loss:0.00023, patience : 5
2026-07-24 00:45:16,708 P463801 INFO pr:0.9483  rc:0.9244  auc:0.9774 ap:0.9729 f1: 0.9362 pred_right: 38613 pred_wrong:387 actu_right: 38603 actu_wrong: 397
2026-07-24 00:45:17,538 P463801 INFO pr:0.8797  rc:0.9070  auc:0.9918 ap:0.9558 f1: 0.8931 pred_right: 16367 pred_wrong:133 actu_right: 16371 actu_wrong: 129
2026-07-24 00:45:17,539 P463801 INFO ----------------------------------------------------------------------------------------------------
2026-07-24 00:45:17,539 P463801 INFO 187/300 starting... lr: 0.0009000000000000001 para:0.01
2026-07-24 00:45:23,022 P463801 INFO Epoch 187/300, all_loss:0.00025 cls_loss:0.00002 rec_loss:0.02255 [5.48s]; best loss:0.00023, patience : 5
2026-07-24 00:45:24,989 P463801 INFO pr:0.9481  rc:0.9241  auc:0.9773 ap:0.9728 f1: 0.9359 pred_right: 38615 pred_wrong:385 actu_right: 38605 actu_wrong: 395
2026-07-24 00:45:25,755 P463801 INFO pr:0.8806  rc:0.9147  auc:0.9938 ap:0.9564 f1: 0.8973 pred_right: 16366 pred_wrong:134 actu_right: 16371 actu_wrong: 129
2026-07-24 00:45:25,756 P463801 INFO ----------------------------------------------------------------------------------------------------
2026-07-24 00:45:25,756 P463801 INFO 188/300 starting... lr: 0.0009000000000000001 para:0.01
2026-07-24 00:45:31,267 P463801 INFO Epoch 188/300, all_loss:0.00024 cls_loss:0.00002 rec_loss:0.02221 [5.51s]; best loss:0.00023, patience : 5
2026-07-24 00:45:33,305 P463801 INFO pr:0.9508  rc:0.9244  auc:0.9773 ap:0.9729 f1: 0.9374 pred_right: 38614 pred_wrong:386 actu_right: 38603 actu_wrong: 397
2026-07-24 00:45:34,149 P463801 INFO pr:0.8741  rc:0.9147  auc:0.9938 ap:0.9560 f1: 0.8939 pred_right: 16365 pred_wrong:135 actu_right: 16371 actu_wrong: 129
2026-07-24 00:45:34,150 P463801 INFO ----------------------------------------------------------------------------------------------------
2026-07-24 00:45:34,150 P463801 INFO 189/300 starting... lr: 0.0009000000000000001 para:0.01
2026-07-24 00:45:41,166 P463801 INFO Epoch 189/300, all_loss:0.00024 cls_loss:0.00002 rec_loss:0.02189 [7.02s]; best loss:0.00023, patience : 5
2026-07-24 00:45:42,605 P463801 INFO pr:0.9556  rc:0.9219  auc:0.9774 ap:0.9728 f1: 0.9385 pred_right: 38617 pred_wrong:383 actu_right: 38603 actu_wrong: 397
2026-07-24 00:45:43,222 P463801 INFO pr:0.8731  rc:0.9070  auc:0.9918 ap:0.9557 f1: 0.8897 pred_right: 16366 pred_wrong:134 actu_right: 16371 actu_wrong: 129
2026-07-24 00:45:43,222 P463801 INFO ----------------------------------------------------------------------------------------------------
2026-07-24 00:45:43,222 P463801 INFO 190/300 starting... lr: 0.0009000000000000001 para:0.01
2026-07-24 00:45:47,370 P463801 INFO Epoch 190/300, all_loss:0.00023 cls_loss:0.00002 rec_loss:0.02149 [4.14s]; best loss:0.00023, patience : 0
2026-07-24 00:45:48,989 P463801 INFO pr:0.9509  rc:0.9270  auc:0.9773 ap:0.9728 f1: 0.9388 pred_right: 38613 pred_wrong:387 actu_right: 38603 actu_wrong: 397
2026-07-24 00:45:49,736 P463801 INFO pr:0.8741  rc:0.9147  auc:0.9938 ap:0.9496 f1: 0.8939 pred_right: 16365 pred_wrong:135 actu_right: 16371 actu_wrong: 129
2026-07-24 00:45:49,737 P463801 INFO ----------------------------------------------------------------------------------------------------
2026-07-24 00:45:49,737 P463801 INFO 191/300 starting... lr: 0.0009000000000000001 para:0.01
2026-07-24 00:45:55,237 P463801 INFO Epoch 191/300, all_loss:0.00023 cls_loss:0.00002 rec_loss:0.02116 [5.49s]; best loss:0.00023, patience : 0
2026-07-24 00:45:58,780 P463801 INFO pr:0.9532  rc:0.9244  auc:0.9773 ap:0.9728 f1: 0.9386 pred_right: 38615 pred_wrong:385 actu_right: 38603 actu_wrong: 397
2026-07-24 00:46:00,192 P463801 INFO pr:0.8741  rc:0.9147  auc:0.9938 ap:0.9526 f1: 0.8939 pred_right: 16365 pred_wrong:135 actu_right: 16371 actu_wrong: 129
2026-07-24 00:46:00,193 P463801 INFO ----------------------------------------------------------------------------------------------------
2026-07-24 00:46:00,193 P463801 INFO 192/300 starting... lr: 0.0009000000000000001 para:0.01
2026-07-24 00:46:10,424 P463801 INFO Epoch 192/300, all_loss:0.00023 cls_loss:0.00002 rec_loss:0.02102 [10.23s]; best loss:0.00023, patience : 0
2026-07-24 00:46:12,535 P463801 INFO pr:0.9506  rc:0.9242  auc:0.9772 ap:0.9726 f1: 0.9373 pred_right: 38615 pred_wrong:385 actu_right: 38604 actu_wrong: 396
2026-07-24 00:46:13,438 P463801 INFO pr:0.8686  rc:0.9225  auc:0.9938 ap:0.9528 f1: 0.8947 pred_right: 16363 pred_wrong:137 actu_right: 16371 actu_wrong: 129
2026-07-24 00:46:13,439 P463801 INFO ----------------------------------------------------------------------------------------------------
2026-07-24 00:46:13,439 P463801 INFO 193/300 starting... lr: 0.0009000000000000001 para:0.01
2026-07-24 00:46:19,127 P463801 INFO Epoch 193/300, all_loss:0.00022 cls_loss:0.00002 rec_loss:0.02053 [5.68s]; best loss:0.00022, patience : 0
2026-07-24 00:46:21,176 P463801 INFO pr:0.9508  rc:0.9268  auc:0.9772 ap:0.9726 f1: 0.9386 pred_right: 38614 pred_wrong:386 actu_right: 38604 actu_wrong: 396
2026-07-24 00:46:21,951 P463801 INFO pr:0.8741  rc:0.9147  auc:0.9938 ap:0.9527 f1: 0.8939 pred_right: 16365 pred_wrong:135 actu_right: 16371 actu_wrong: 129
2026-07-24 00:46:21,952 P463801 INFO ----------------------------------------------------------------------------------------------------
2026-07-24 00:46:21,952 P463801 INFO 194/300 starting... lr: 0.0009000000000000001 para:0.01
2026-07-24 00:46:27,564 P463801 INFO Epoch 194/300, all_loss:0.00023 cls_loss:0.00003 rec_loss:0.02068 [5.61s]; best loss:0.00022, patience : 1
2026-07-24 00:46:30,073 P463801 INFO pr:0.9531  rc:0.9219  auc:0.9773 ap:0.9737 f1: 0.9373 pred_right: 38616 pred_wrong:384 actu_right: 38603 actu_wrong: 397
2026-07-24 00:46:30,960 P463801 INFO pr:0.8722  rc:0.8992  auc:0.9918 ap:0.9517 f1: 0.8855 pred_right: 16367 pred_wrong:133 actu_right: 16371 actu_wrong: 129
2026-07-24 00:46:30,961 P463801 INFO ----------------------------------------------------------------------------------------------------
2026-07-24 00:46:30,961 P463801 INFO 195/300 starting... lr: 0.0009000000000000001 para:0.01
2026-07-24 00:46:36,443 P463801 INFO Epoch 195/300, all_loss:0.12605 cls_loss:0.12709 rec_loss:0.02363 [5.48s]; best loss:0.00022, patience : 2
2026-07-24 00:46:38,561 P463801 INFO pr:0.8934  rc:0.8866  auc:0.9752 ap:0.9532 f1: 0.8900 pred_right: 38606 pred_wrong:394 actu_right: 38603 actu_wrong: 397
2026-07-24 00:46:39,443 P463801 INFO pr:0.8271  rc:0.8527  auc:0.9878 ap:0.9405 f1: 0.8397 pred_right: 16367 pred_wrong:133 actu_right: 16371 actu_wrong: 129
2026-07-24 00:46:39,444 P463801 INFO ----------------------------------------------------------------------------------------------------
2026-07-24 00:46:39,444 P463801 INFO 196/300 starting... lr: 0.0009000000000000001 para:0.01
2026-07-24 00:46:44,954 P463801 INFO Epoch 196/300, all_loss:0.15366 cls_loss:0.15494 rec_loss:0.02710 [5.51s]; best loss:0.00022, patience : 3
2026-07-24 00:46:46,860 P463801 INFO pr:0.8980  rc:0.9093  auc:0.9798 ap:0.9684 f1: 0.9036 pred_right: 38598 pred_wrong:402 actu_right: 38603 actu_wrong: 397
2026-07-24 00:46:47,634 P463801 INFO pr:0.8112  rc:0.8992  auc:0.9871 ap:0.9316 f1: 0.8529 pred_right: 16357 pred_wrong:143 actu_right: 16371 actu_wrong: 129
2026-07-24 00:46:47,635 P463801 INFO ----------------------------------------------------------------------------------------------------
2026-07-24 00:46:47,635 P463801 INFO 197/300 starting... lr: 0.0009000000000000001 para:0.01
2026-07-24 00:46:53,371 P463801 INFO Epoch 197/300, all_loss:0.17186 cls_loss:0.17332 rec_loss:0.02720 [5.74s]; best loss:0.00022, patience : 4
2026-07-24 00:46:55,364 P463801 INFO pr:0.9641  rc:0.8791  auc:0.9819 ap:0.9731 f1: 0.9196 pred_right: 38638 pred_wrong:362 actu_right: 38603 actu_wrong: 397
2026-07-24 00:46:56,260 P463801 INFO pr:0.8629  rc:0.8295  auc:0.9934 ap:0.9455 f1: 0.8458 pred_right: 16376 pred_wrong:124 actu_right: 16371 actu_wrong: 129
2026-07-24 00:46:56,261 P463801 INFO ----------------------------------------------------------------------------------------------------
2026-07-24 00:46:56,261 P463801 INFO 198/300 starting... lr: 0.0009000000000000001 para:0.01
2026-07-24 00:47:01,906 P463801 INFO Epoch 198/300, all_loss:0.06196 cls_loss:0.06233 rec_loss:0.02494 [5.64s]; best loss:0.00022, patience : 4
2026-07-24 00:47:03,950 P463801 INFO pr:0.9370  rc:0.9015  auc:0.9821 ap:0.9738 f1: 0.9189 pred_right: 38619 pred_wrong:381 actu_right: 38604 actu_wrong: 396
2026-07-24 00:47:04,873 P463801 INFO pr:0.8507  rc:0.8837  auc:0.9896 ap:0.9456 f1: 0.8669 pred_right: 16366 pred_wrong:134 actu_right: 16371 actu_wrong: 129
2026-07-24 00:47:04,873 P463801 INFO ----------------------------------------------------------------------------------------------------
2026-07-24 00:47:04,874 P463801 INFO 199/300 starting... lr: 0.0009000000000000001 para:0.01
2026-07-24 00:47:10,455 P463801 INFO Epoch 199/300, all_loss:0.08403 cls_loss:0.08464 rec_loss:0.02337 [5.58s]; best loss:0.00022, patience : 5
2026-07-24 00:47:12,384 P463801 INFO pr:0.9303  rc:0.9421  auc:0.9853 ap:0.9724 f1: 0.9362 pred_right: 38598 pred_wrong:402 actu_right: 38603 actu_wrong: 397
2026-07-24 00:47:13,253 P463801 INFO pr:0.8446  rc:0.9690  auc:0.9996 ap:0.9528 f1: 0.9025 pred_right: 16352 pred_wrong:148 actu_right: 16371 actu_wrong: 129
2026-07-24 00:47:13,254 P463801 INFO ----------------------------------------------------------------------------------------------------
2026-07-24 00:47:13,254 P463801 INFO 200/300 starting... lr: 0.0008100000000000001 para:0.01
2026-07-24 00:47:20,477 P463801 INFO Epoch 200/300, all_loss:0.02212 cls_loss:0.02212 rec_loss:0.02238 [7.22s]; best loss:0.00022, patience : 5
2026-07-24 00:47:21,863 P463801 INFO pr:0.9597  rc:0.8992  auc:0.9801 ap:0.9761 f1: 0.9285 pred_right: 38628 pred_wrong:372 actu_right: 38603 actu_wrong: 397
2026-07-24 00:47:22,453 P463801 INFO pr:0.8984  rc:0.8915  auc:0.9898 ap:0.9566 f1: 0.8949 pred_right: 16372 pred_wrong:128 actu_right: 16371 actu_wrong: 129
2026-07-24 00:47:22,454 P463801 INFO ----------------------------------------------------------------------------------------------------
2026-07-24 00:47:22,454 P463801 INFO 201/300 starting... lr: 0.0008100000000000001 para:0.01
2026-07-24 00:47:26,722 P463801 INFO Epoch 201/300, all_loss:0.01925 cls_loss:0.01920 rec_loss:0.02358 [4.27s]; best loss:0.00022, patience : 5
2026-07-24 00:47:28,356 P463801 INFO pr:0.9481  rc:0.9194  auc:0.9828 ap:0.9776 f1: 0.9335 pred_right: 38615 pred_wrong:385 actu_right: 38603 actu_wrong: 397
2026-07-24 00:47:29,169 P463801 INFO pr:0.8750  rc:0.9225  auc:0.9938 ap:0.9604 f1: 0.8981 pred_right: 16364 pred_wrong:136 actu_right: 16371 actu_wrong: 129
2026-07-24 00:47:29,170 P463801 INFO ----------------------------------------------------------------------------------------------------
2026-07-24 00:47:29,170 P463801 INFO 202/300 starting... lr: 0.0008100000000000001 para:0.01
2026-07-24 00:47:35,168 P463801 INFO Epoch 202/300, all_loss:0.00312 cls_loss:0.00292 rec_loss:0.02330 [6.00s]; best loss:0.00022, patience : 5
2026-07-24 00:47:39,928 P463801 INFO pr:0.9391  rc:0.9320  auc:0.9835 ap:0.9731 f1: 0.9355 pred_right: 38606 pred_wrong:394 actu_right: 38603 actu_wrong: 397
2026-07-24 00:47:41,763 P463801 INFO pr:0.8542  rc:0.9535  auc:0.9977 ap:0.9555 f1: 0.9011 pred_right: 16356 pred_wrong:144 actu_right: 16371 actu_wrong: 129
2026-07-24 00:47:41,764 P463801 INFO ----------------------------------------------------------------------------------------------------
2026-07-24 00:47:41,764 P463801 INFO 203/300 starting... lr: 0.0008100000000000001 para:0.01
2026-07-24 00:47:51,105 P463801 INFO Epoch 203/300, all_loss:0.00630 cls_loss:0.00613 rec_loss:0.02313 [9.34s]; best loss:0.00022, patience : 6
2026-07-24 00:47:53,011 P463801 INFO pr:0.9416  rc:0.9345  auc:0.9820 ap:0.9753 f1: 0.9381 pred_right: 38606 pred_wrong:394 actu_right: 38603 actu_wrong: 397
2026-07-24 00:47:53,791 P463801 INFO pr:0.8592  rc:0.9457  auc:0.9958 ap:0.9623 f1: 0.9004 pred_right: 16358 pred_wrong:142 actu_right: 16371 actu_wrong: 129
2026-07-24 00:47:53,792 P463801 INFO ----------------------------------------------------------------------------------------------------
2026-07-24 00:47:53,792 P463801 INFO 204/300 starting... lr: 0.0008100000000000001 para:0.01
2026-07-24 00:47:59,586 P463801 INFO Epoch 204/300, all_loss:0.00045 cls_loss:0.00022 rec_loss:0.02334 [5.79s]; best loss:0.00022, patience : 6
2026-07-24 00:48:01,604 P463801 INFO pr:0.9509  rc:0.9270  auc:0.9813 ap:0.9778 f1: 0.9388 pred_right: 38613 pred_wrong:387 actu_right: 38603 actu_wrong: 397
2026-07-24 00:48:02,477 P463801 INFO pr:0.8705  rc:0.9380  auc:0.9938 ap:0.9608 f1: 0.9030 pred_right: 16361 pred_wrong:139 actu_right: 16371 actu_wrong: 129
2026-07-24 00:48:02,478 P463801 INFO ----------------------------------------------------------------------------------------------------
2026-07-24 00:48:02,478 P463801 INFO 205/300 starting... lr: 0.0008100000000000001 para:0.01
2026-07-24 00:48:07,887 P463801 INFO Epoch 205/300, all_loss:0.00037 cls_loss:0.00014 rec_loss:0.02337 [5.41s]; best loss:0.00022, patience : 6
2026-07-24 00:48:09,946 P463801 INFO pr:0.9509  rc:0.9270  auc:0.9813 ap:0.9778 f1: 0.9388 pred_right: 38613 pred_wrong:387 actu_right: 38603 actu_wrong: 397
2026-07-24 00:48:10,804 P463801 INFO pr:0.8768  rc:0.9380  auc:0.9938 ap:0.9606 f1: 0.9064 pred_right: 16362 pred_wrong:138 actu_right: 16371 actu_wrong: 129
2026-07-24 00:48:10,805 P463801 INFO ----------------------------------------------------------------------------------------------------
2026-07-24 00:48:10,805 P463801 INFO 206/300 starting... lr: 0.0008100000000000001 para:0.01
2026-07-24 00:48:16,294 P463801 INFO Epoch 206/300, all_loss:0.00035 cls_loss:0.00012 rec_loss:0.02344 [5.49s]; best loss:0.00022, patience : 6
2026-07-24 00:48:18,113 P463801 INFO pr:0.9483  rc:0.9268  auc:0.9812 ap:0.9765 f1: 0.9374 pred_right: 38613 pred_wrong:387 actu_right: 38604 actu_wrong: 396
2026-07-24 00:48:18,910 P463801 INFO pr:0.8759  rc:0.9302  auc:0.9938 ap:0.9606 f1: 0.9023 pred_right: 16363 pred_wrong:137 actu_right: 16371 actu_wrong: 129
2026-07-24 00:48:18,911 P463801 INFO ----------------------------------------------------------------------------------------------------
2026-07-24 00:48:18,911 P463801 INFO 207/300 starting... lr: 0.0008100000000000001 para:0.01
2026-07-24 00:48:24,452 P463801 INFO Epoch 207/300, all_loss:0.00034 cls_loss:0.00011 rec_loss:0.02345 [5.54s]; best loss:0.00022, patience : 6
2026-07-24 00:48:26,228 P463801 INFO pr:0.9483  rc:0.9268  auc:0.9812 ap:0.9765 f1: 0.9374 pred_right: 38613 pred_wrong:387 actu_right: 38604 actu_wrong: 396
2026-07-24 00:48:26,964 P463801 INFO pr:0.8759  rc:0.9302  auc:0.9938 ap:0.9606 f1: 0.9023 pred_right: 16363 pred_wrong:137 actu_right: 16371 actu_wrong: 129
2026-07-24 00:48:26,965 P463801 INFO ----------------------------------------------------------------------------------------------------
2026-07-24 00:48:26,965 P463801 INFO 208/300 starting... lr: 0.0008100000000000001 para:0.01
2026-07-24 00:48:32,519 P463801 INFO Epoch 208/300, all_loss:0.00032 cls_loss:0.00009 rec_loss:0.02347 [5.55s]; best loss:0.00022, patience : 6
2026-07-24 00:48:34,548 P463801 INFO pr:0.9486  rc:0.9295  auc:0.9812 ap:0.9766 f1: 0.9389 pred_right: 38611 pred_wrong:389 actu_right: 38603 actu_wrong: 397
2026-07-24 00:48:35,299 P463801 INFO pr:0.8705  rc:0.9380  auc:0.9938 ap:0.9609 f1: 0.9030 pred_right: 16361 pred_wrong:139 actu_right: 16371 actu_wrong: 129
2026-07-24 00:48:35,299 P463801 INFO ----------------------------------------------------------------------------------------------------
2026-07-24 00:48:35,300 P463801 INFO 209/300 starting... lr: 0.0008100000000000001 para:0.01
2026-07-24 00:48:40,766 P463801 INFO Epoch 209/300, all_loss:0.00031 cls_loss:0.00008 rec_loss:0.02341 [5.47s]; best loss:0.00022, patience : 6
2026-07-24 00:48:42,847 P463801 INFO pr:0.9483  rc:0.9244  auc:0.9805 ap:0.9766 f1: 0.9362 pred_right: 38613 pred_wrong:387 actu_right: 38603 actu_wrong: 397
2026-07-24 00:48:43,733 P463801 INFO pr:0.8696  rc:0.9302  auc:0.9938 ap:0.9608 f1: 0.8989 pred_right: 16362 pred_wrong:138 actu_right: 16371 actu_wrong: 129
2026-07-24 00:48:43,733 P463801 INFO ----------------------------------------------------------------------------------------------------
2026-07-24 00:48:43,734 P463801 INFO 210/300 starting... lr: 0.0008100000000000001 para:0.01
2026-07-24 00:48:49,495 P463801 INFO Epoch 210/300, all_loss:0.00031 cls_loss:0.00007 rec_loss:0.02339 [5.76s]; best loss:0.00022, patience : 6
2026-07-24 00:48:51,570 P463801 INFO pr:0.9485  rc:0.9293  auc:0.9810 ap:0.9765 f1: 0.9388 pred_right: 38612 pred_wrong:388 actu_right: 38604 actu_wrong: 396
2026-07-24 00:48:52,473 P463801 INFO pr:0.8696  rc:0.9302  auc:0.9938 ap:0.9611 f1: 0.8989 pred_right: 16362 pred_wrong:138 actu_right: 16371 actu_wrong: 129
2026-07-24 00:48:52,474 P463801 INFO ----------------------------------------------------------------------------------------------------
2026-07-24 00:48:52,474 P463801 INFO 211/300 starting... lr: 0.0008100000000000001 para:0.01
2026-07-24 00:48:59,363 P463801 INFO Epoch 211/300, all_loss:0.00030 cls_loss:0.00006 rec_loss:0.02337 [6.89s]; best loss:0.00022, patience : 6
2026-07-24 00:49:00,843 P463801 INFO pr:0.9485  rc:0.9270  auc:0.9804 ap:0.9765 f1: 0.9376 pred_right: 38612 pred_wrong:388 actu_right: 38603 actu_wrong: 397
2026-07-24 00:49:01,461 P463801 INFO pr:0.8696  rc:0.9302  auc:0.9919 ap:0.9611 f1: 0.8989 pred_right: 16362 pred_wrong:138 actu_right: 16371 actu_wrong: 129
2026-07-24 00:49:01,462 P463801 INFO ----------------------------------------------------------------------------------------------------
2026-07-24 00:49:01,462 P463801 INFO 212/300 starting... lr: 0.0008100000000000001 para:0.01
2026-07-24 00:49:05,911 P463801 INFO Epoch 212/300, all_loss:0.00029 cls_loss:0.00005 rec_loss:0.02332 [4.45s]; best loss:0.00022, patience : 6
2026-07-24 00:49:07,683 P463801 INFO pr:0.9481  rc:0.9194  auc:0.9804 ap:0.9765 f1: 0.9335 pred_right: 38615 pred_wrong:385 actu_right: 38603 actu_wrong: 397
2026-07-24 00:49:08,475 P463801 INFO pr:0.8686  rc:0.9225  auc:0.9919 ap:0.9610 f1: 0.8947 pred_right: 16363 pred_wrong:137 actu_right: 16371 actu_wrong: 129
2026-07-24 00:49:08,475 P463801 INFO ----------------------------------------------------------------------------------------------------
2026-07-24 00:49:08,476 P463801 INFO 213/300 starting... lr: 0.0008100000000000001 para:0.01
2026-07-24 00:49:14,606 P463801 INFO Epoch 213/300, all_loss:0.00028 cls_loss:0.00005 rec_loss:0.02324 [6.13s]; best loss:0.00022, patience : 6
2026-07-24 00:49:18,947 P463801 INFO pr:0.9481  rc:0.9194  auc:0.9804 ap:0.9765 f1: 0.9335 pred_right: 38615 pred_wrong:385 actu_right: 38603 actu_wrong: 397
2026-07-24 00:49:20,730 P463801 INFO pr:0.8686  rc:0.9225  auc:0.9919 ap:0.9607 f1: 0.8947 pred_right: 16363 pred_wrong:137 actu_right: 16371 actu_wrong: 129
2026-07-24 00:49:20,731 P463801 INFO ----------------------------------------------------------------------------------------------------
2026-07-24 00:49:20,731 P463801 INFO 214/300 starting... lr: 0.0008100000000000001 para:0.01
2026-07-24 00:49:29,573 P463801 INFO Epoch 214/300, all_loss:0.00028 cls_loss:0.00005 rec_loss:0.02317 [8.84s]; best loss:0.00022, patience : 6
2026-07-24 00:49:31,735 P463801 INFO pr:0.9481  rc:0.9217  auc:0.9803 ap:0.9764 f1: 0.9347 pred_right: 38615 pred_wrong:385 actu_right: 38604 actu_wrong: 396
2026-07-24 00:49:32,709 P463801 INFO pr:0.8686  rc:0.9225  auc:0.9919 ap:0.9580 f1: 0.8947 pred_right: 16363 pred_wrong:137 actu_right: 16371 actu_wrong: 129
2026-07-24 00:49:32,709 P463801 INFO ----------------------------------------------------------------------------------------------------
2026-07-24 00:49:32,710 P463801 INFO 215/300 starting... lr: 0.0008100000000000001 para:0.01
2026-07-24 00:49:38,582 P463801 INFO Epoch 215/300, all_loss:0.00027 cls_loss:0.00004 rec_loss:0.02306 [5.87s]; best loss:0.00022, patience : 6
2026-07-24 00:49:40,467 P463801 INFO pr:0.9482  rc:0.9219  auc:0.9803 ap:0.9764 f1: 0.9349 pred_right: 38614 pred_wrong:386 actu_right: 38603 actu_wrong: 397
2026-07-24 00:49:41,323 P463801 INFO pr:0.8686  rc:0.9225  auc:0.9919 ap:0.9580 f1: 0.8947 pred_right: 16363 pred_wrong:137 actu_right: 16371 actu_wrong: 129
2026-07-24 00:49:41,324 P463801 INFO ----------------------------------------------------------------------------------------------------
2026-07-24 00:49:41,324 P463801 INFO 216/300 starting... lr: 0.0008100000000000001 para:0.01
2026-07-24 00:49:46,835 P463801 INFO Epoch 216/300, all_loss:0.00027 cls_loss:0.00004 rec_loss:0.02299 [5.51s]; best loss:0.00022, patience : 6
2026-07-24 00:49:48,951 P463801 INFO pr:0.9482  rc:0.9219  auc:0.9802 ap:0.9764 f1: 0.9349 pred_right: 38614 pred_wrong:386 actu_right: 38603 actu_wrong: 397
2026-07-24 00:49:49,783 P463801 INFO pr:0.8686  rc:0.9225  auc:0.9919 ap:0.9580 f1: 0.8947 pred_right: 16363 pred_wrong:137 actu_right: 16371 actu_wrong: 129
2026-07-24 00:49:49,784 P463801 INFO ----------------------------------------------------------------------------------------------------
2026-07-24 00:49:49,784 P463801 INFO 217/300 starting... lr: 0.0008100000000000001 para:0.01
2026-07-24 00:49:55,274 P463801 INFO Epoch 217/300, all_loss:0.00026 cls_loss:0.00004 rec_loss:0.02287 [5.49s]; best loss:0.00022, patience : 6
2026-07-24 00:49:57,332 P463801 INFO pr:0.9481  rc:0.9194  auc:0.9802 ap:0.9764 f1: 0.9335 pred_right: 38615 pred_wrong:385 actu_right: 38603 actu_wrong: 397
2026-07-24 00:49:58,231 P463801 INFO pr:0.8686  rc:0.9225  auc:0.9919 ap:0.9580 f1: 0.8947 pred_right: 16363 pred_wrong:137 actu_right: 16371 actu_wrong: 129
2026-07-24 00:49:58,232 P463801 INFO ----------------------------------------------------------------------------------------------------
2026-07-24 00:49:58,232 P463801 INFO 218/300 starting... lr: 0.0008100000000000001 para:0.01
2026-07-24 00:50:03,634 P463801 INFO Epoch 218/300, all_loss:0.00026 cls_loss:0.00003 rec_loss:0.02274 [5.40s]; best loss:0.00022, patience : 6
2026-07-24 00:50:05,549 P463801 INFO pr:0.9481  rc:0.9194  auc:0.9796 ap:0.9763 f1: 0.9335 pred_right: 38615 pred_wrong:385 actu_right: 38603 actu_wrong: 397
2026-07-24 00:50:06,436 P463801 INFO pr:0.8686  rc:0.9225  auc:0.9919 ap:0.9578 f1: 0.8947 pred_right: 16363 pred_wrong:137 actu_right: 16371 actu_wrong: 129
2026-07-24 00:50:06,437 P463801 INFO ----------------------------------------------------------------------------------------------------
2026-07-24 00:50:06,437 P463801 INFO 219/300 starting... lr: 0.0008100000000000001 para:0.01
2026-07-24 00:50:12,173 P463801 INFO Epoch 219/300, all_loss:0.00026 cls_loss:0.00003 rec_loss:0.02262 [5.74s]; best loss:0.00022, patience : 6
2026-07-24 00:50:14,269 P463801 INFO pr:0.9481  rc:0.9194  auc:0.9795 ap:0.9751 f1: 0.9335 pred_right: 38615 pred_wrong:385 actu_right: 38603 actu_wrong: 397
2026-07-24 00:50:15,117 P463801 INFO pr:0.8686  rc:0.9225  auc:0.9919 ap:0.9577 f1: 0.8947 pred_right: 16363 pred_wrong:137 actu_right: 16371 actu_wrong: 129
2026-07-24 00:50:15,117 P463801 INFO ----------------------------------------------------------------------------------------------------
2026-07-24 00:50:15,117 P463801 INFO 220/300 starting... lr: 0.0008100000000000001 para:0.01
2026-07-24 00:50:20,498 P463801 INFO Epoch 220/300, all_loss:0.00025 cls_loss:0.00003 rec_loss:0.02246 [5.38s]; best loss:0.00022, patience : 6
2026-07-24 00:50:22,306 P463801 INFO pr:0.9481  rc:0.9194  auc:0.9795 ap:0.9750 f1: 0.9335 pred_right: 38615 pred_wrong:385 actu_right: 38603 actu_wrong: 397
2026-07-24 00:50:23,394 P463801 INFO pr:0.8686  rc:0.9225  auc:0.9919 ap:0.9578 f1: 0.8947 pred_right: 16363 pred_wrong:137 actu_right: 16371 actu_wrong: 129
2026-07-24 00:50:23,395 P463801 INFO ----------------------------------------------------------------------------------------------------
2026-07-24 00:50:23,395 P463801 INFO 221/300 starting... lr: 0.0008100000000000001 para:0.01
2026-07-24 00:50:28,942 P463801 INFO Epoch 221/300, all_loss:0.00025 cls_loss:0.00003 rec_loss:0.02230 [5.55s]; best loss:0.00022, patience : 6
2026-07-24 00:50:31,072 P463801 INFO pr:0.9479  rc:0.9192  auc:0.9788 ap:0.9749 f1: 0.9333 pred_right: 38616 pred_wrong:384 actu_right: 38604 actu_wrong: 396
2026-07-24 00:50:31,964 P463801 INFO pr:0.8750  rc:0.9225  auc:0.9919 ap:0.9577 f1: 0.8981 pred_right: 16364 pred_wrong:136 actu_right: 16371 actu_wrong: 129
2026-07-24 00:50:31,965 P463801 INFO ----------------------------------------------------------------------------------------------------
2026-07-24 00:50:31,965 P463801 INFO 222/300 starting... lr: 0.0008100000000000001 para:0.01
2026-07-24 00:50:38,458 P463801 INFO Epoch 222/300, all_loss:0.00025 cls_loss:0.00003 rec_loss:0.02215 [6.49s]; best loss:0.00022, patience : 6
2026-07-24 00:50:39,884 P463801 INFO pr:0.9455  rc:0.9192  auc:0.9794 ap:0.9749 f1: 0.9321 pred_right: 38615 pred_wrong:385 actu_right: 38604 actu_wrong: 396
2026-07-24 00:50:40,479 P463801 INFO pr:0.8686  rc:0.9225  auc:0.9919 ap:0.9578 f1: 0.8947 pred_right: 16363 pred_wrong:137 actu_right: 16371 actu_wrong: 129
2026-07-24 00:50:40,480 P463801 INFO ----------------------------------------------------------------------------------------------------
2026-07-24 00:50:40,480 P463801 INFO 223/300 starting... lr: 0.0008100000000000001 para:0.01
2026-07-24 00:50:45,052 P463801 INFO Epoch 223/300, all_loss:0.00024 cls_loss:0.00002 rec_loss:0.02198 [4.57s]; best loss:0.00022, patience : 6
2026-07-24 00:50:46,863 P463801 INFO pr:0.9481  rc:0.9194  auc:0.9788 ap:0.9749 f1: 0.9335 pred_right: 38615 pred_wrong:385 actu_right: 38603 actu_wrong: 397
2026-07-24 00:50:47,600 P463801 INFO pr:0.8686  rc:0.9225  auc:0.9919 ap:0.9578 f1: 0.8947 pred_right: 16363 pred_wrong:137 actu_right: 16371 actu_wrong: 129
2026-07-24 00:50:47,601 P463801 INFO ----------------------------------------------------------------------------------------------------
2026-07-24 00:50:47,601 P463801 INFO 224/300 starting... lr: 0.0008100000000000001 para:0.01
2026-07-24 00:50:56,977 P463801 INFO Epoch 224/300, all_loss:0.00024 cls_loss:0.00002 rec_loss:0.02176 [9.38s]; best loss:0.00022, patience : 6
2026-07-24 00:51:02,481 P463801 INFO pr:0.9456  rc:0.9194  auc:0.9787 ap:0.9748 f1: 0.9323 pred_right: 38614 pred_wrong:386 actu_right: 38603 actu_wrong: 397
2026-07-24 00:51:03,865 P463801 INFO pr:0.8750  rc:0.9225  auc:0.9919 ap:0.9577 f1: 0.8981 pred_right: 16364 pred_wrong:136 actu_right: 16371 actu_wrong: 129
2026-07-24 00:51:03,866 P463801 INFO ----------------------------------------------------------------------------------------------------
2026-07-24 00:51:03,866 P463801 INFO 225/300 starting... lr: 0.0008100000000000001 para:0.01
2026-07-24 00:51:09,956 P463801 INFO Epoch 225/300, all_loss:0.00024 cls_loss:0.00002 rec_loss:0.02158 [6.09s]; best loss:0.00022, patience : 6
2026-07-24 00:51:12,033 P463801 INFO pr:0.9430  rc:0.9192  auc:0.9786 ap:0.9747 f1: 0.9309 pred_right: 38614 pred_wrong:386 actu_right: 38604 actu_wrong: 396
2026-07-24 00:51:12,936 P463801 INFO pr:0.8815  rc:0.9225  auc:0.9919 ap:0.9574 f1: 0.9015 pred_right: 16365 pred_wrong:135 actu_right: 16371 actu_wrong: 129
2026-07-24 00:51:12,936 P463801 INFO ----------------------------------------------------------------------------------------------------
2026-07-24 00:51:12,936 P463801 INFO 226/300 starting... lr: 0.0008100000000000001 para:0.01
2026-07-24 00:51:18,772 P463801 INFO Epoch 226/300, all_loss:0.00023 cls_loss:0.00002 rec_loss:0.02140 [5.83s]; best loss:0.00022, patience : 6
2026-07-24 00:51:21,007 P463801 INFO pr:0.9432  rc:0.9194  auc:0.9786 ap:0.9748 f1: 0.9311 pred_right: 38613 pred_wrong:387 actu_right: 38603 actu_wrong: 397
2026-07-24 00:51:21,781 P463801 INFO pr:0.8750  rc:0.9225  auc:0.9919 ap:0.9577 f1: 0.8981 pred_right: 16364 pred_wrong:136 actu_right: 16371 actu_wrong: 129
2026-07-24 00:51:21,781 P463801 INFO ----------------------------------------------------------------------------------------------------
2026-07-24 00:51:21,781 P463801 INFO 227/300 starting... lr: 0.0008100000000000001 para:0.01
2026-07-24 00:51:27,200 P463801 INFO Epoch 227/300, all_loss:0.00023 cls_loss:0.00002 rec_loss:0.02115 [5.42s]; best loss:0.00022, patience : 6
2026-07-24 00:51:29,224 P463801 INFO pr:0.9456  rc:0.9194  auc:0.9786 ap:0.9747 f1: 0.9323 pred_right: 38614 pred_wrong:386 actu_right: 38603 actu_wrong: 397
2026-07-24 00:51:30,112 P463801 INFO pr:0.8815  rc:0.9225  auc:0.9919 ap:0.9573 f1: 0.9015 pred_right: 16365 pred_wrong:135 actu_right: 16371 actu_wrong: 129
2026-07-24 00:51:30,113 P463801 INFO ----------------------------------------------------------------------------------------------------
2026-07-24 00:51:30,113 P463801 INFO 228/300 starting... lr: 0.0008100000000000001 para:0.01
2026-07-24 00:51:35,514 P463801 INFO Epoch 228/300, all_loss:0.00023 cls_loss:0.00002 rec_loss:0.02096 [5.40s]; best loss:0.00022, patience : 6
2026-07-24 00:51:37,587 P463801 INFO pr:0.9432  rc:0.9194  auc:0.9785 ap:0.9747 f1: 0.9311 pred_right: 38613 pred_wrong:387 actu_right: 38603 actu_wrong: 397
2026-07-24 00:51:38,457 P463801 INFO pr:0.8815  rc:0.9225  auc:0.9919 ap:0.9572 f1: 0.9015 pred_right: 16365 pred_wrong:135 actu_right: 16371 actu_wrong: 129
2026-07-24 00:51:38,457 P463801 INFO ----------------------------------------------------------------------------------------------------
2026-07-24 00:51:38,457 P463801 INFO 229/300 starting... lr: 0.0008100000000000001 para:0.01
2026-07-24 00:51:43,830 P463801 INFO Epoch 229/300, all_loss:0.00022 cls_loss:0.00002 rec_loss:0.02074 [5.37s]; best loss:0.00022, patience : 6
2026-07-24 00:51:45,827 P463801 INFO pr:0.9406  rc:0.9192  auc:0.9783 ap:0.9746 f1: 0.9298 pred_right: 38613 pred_wrong:387 actu_right: 38604 actu_wrong: 396
2026-07-24 00:51:46,605 P463801 INFO pr:0.8815  rc:0.9225  auc:0.9919 ap:0.9574 f1: 0.9015 pred_right: 16365 pred_wrong:135 actu_right: 16371 actu_wrong: 129
2026-07-24 00:51:46,606 P463801 INFO ----------------------------------------------------------------------------------------------------
2026-07-24 00:51:46,606 P463801 INFO 230/300 starting... lr: 0.0008100000000000001 para:0.01
2026-07-24 00:51:52,181 P463801 INFO Epoch 230/300, all_loss:0.00022 cls_loss:0.00002 rec_loss:0.02046 [5.57s]; best loss:0.00022, patience : 0
2026-07-24 00:51:54,125 P463801 INFO pr:0.9407  rc:0.9194  auc:0.9783 ap:0.9746 f1: 0.9299 pred_right: 38612 pred_wrong:388 actu_right: 38603 actu_wrong: 397
2026-07-24 00:51:54,876 P463801 INFO pr:0.8824  rc:0.9302  auc:0.9919 ap:0.9575 f1: 0.9057 pred_right: 16364 pred_wrong:136 actu_right: 16371 actu_wrong: 129
2026-07-24 00:51:54,877 P463801 INFO ----------------------------------------------------------------------------------------------------
2026-07-24 00:51:54,877 P463801 INFO 231/300 starting... lr: 0.0008100000000000001 para:0.01
2026-07-24 00:52:00,280 P463801 INFO Epoch 231/300, all_loss:0.00022 cls_loss:0.00002 rec_loss:0.02022 [5.40s]; best loss:0.00022, patience : 0
2026-07-24 00:52:02,148 P463801 INFO pr:0.9407  rc:0.9194  auc:0.9781 ap:0.9746 f1: 0.9299 pred_right: 38612 pred_wrong:388 actu_right: 38603 actu_wrong: 397
2026-07-24 00:52:03,053 P463801 INFO pr:0.8824  rc:0.9302  auc:0.9919 ap:0.9574 f1: 0.9057 pred_right: 16364 pred_wrong:136 actu_right: 16371 actu_wrong: 129
2026-07-24 00:52:03,054 P463801 INFO ----------------------------------------------------------------------------------------------------
2026-07-24 00:52:03,054 P463801 INFO 232/300 starting... lr: 0.0008100000000000001 para:0.01
2026-07-24 00:52:08,720 P463801 INFO Epoch 232/300, all_loss:0.00021 cls_loss:0.00001 rec_loss:0.02001 [5.66s]; best loss:0.00021, patience : 0
2026-07-24 00:52:10,928 P463801 INFO pr:0.9407  rc:0.9194  auc:0.9780 ap:0.9746 f1: 0.9299 pred_right: 38612 pred_wrong:388 actu_right: 38603 actu_wrong: 397
2026-07-24 00:52:11,743 P463801 INFO pr:0.8759  rc:0.9302  auc:0.9919 ap:0.9576 f1: 0.9023 pred_right: 16363 pred_wrong:137 actu_right: 16371 actu_wrong: 129
2026-07-24 00:52:11,743 P463801 INFO ----------------------------------------------------------------------------------------------------
2026-07-24 00:52:11,743 P463801 INFO 233/300 starting... lr: 0.0008100000000000001 para:0.01
2026-07-24 00:52:18,200 P463801 INFO Epoch 233/300, all_loss:0.00021 cls_loss:0.00001 rec_loss:0.01973 [6.45s]; best loss:0.00021, patience : 0
2026-07-24 00:52:19,576 P463801 INFO pr:0.9407  rc:0.9194  auc:0.9779 ap:0.9746 f1: 0.9299 pred_right: 38612 pred_wrong:388 actu_right: 38603 actu_wrong: 397
2026-07-24 00:52:20,173 P463801 INFO pr:0.8815  rc:0.9225  auc:0.9919 ap:0.9540 f1: 0.9015 pred_right: 16365 pred_wrong:135 actu_right: 16371 actu_wrong: 129
2026-07-24 00:52:20,174 P463801 INFO ----------------------------------------------------------------------------------------------------
2026-07-24 00:52:20,174 P463801 INFO 234/300 starting... lr: 0.0008100000000000001 para:0.01
2026-07-24 00:52:24,844 P463801 INFO Epoch 234/300, all_loss:0.00021 cls_loss:0.00001 rec_loss:0.01949 [4.67s]; best loss:0.00021, patience : 0
2026-07-24 00:52:26,422 P463801 INFO pr:0.9429  rc:0.9190  auc:0.9777 ap:0.9744 f1: 0.9308 pred_right: 38615 pred_wrong:385 actu_right: 38605 actu_wrong: 395
2026-07-24 00:52:27,065 P463801 INFO pr:0.8750  rc:0.9225  auc:0.9919 ap:0.9544 f1: 0.8981 pred_right: 16364 pred_wrong:136 actu_right: 16371 actu_wrong: 129
2026-07-24 00:52:27,065 P463801 INFO ----------------------------------------------------------------------------------------------------
2026-07-24 00:52:27,065 P463801 INFO 235/300 starting... lr: 0.0008100000000000001 para:0.01
2026-07-24 00:52:37,942 P463801 INFO Epoch 235/300, all_loss:0.00020 cls_loss:0.00001 rec_loss:0.01919 [10.87s]; best loss:0.00020, patience : 0
2026-07-24 00:52:42,721 P463801 INFO pr:0.9455  rc:0.9169  auc:0.9777 ap:0.9745 f1: 0.9309 pred_right: 38615 pred_wrong:385 actu_right: 38603 actu_wrong: 397
2026-07-24 00:52:43,709 P463801 INFO pr:0.8872  rc:0.9147  auc:0.9918 ap:0.9538 f1: 0.9008 pred_right: 16367 pred_wrong:133 actu_right: 16371 actu_wrong: 129
2026-07-24 00:52:43,710 P463801 INFO ----------------------------------------------------------------------------------------------------
2026-07-24 00:52:43,710 P463801 INFO 236/300 starting... lr: 0.0008100000000000001 para:0.01
2026-07-24 00:52:49,726 P463801 INFO Epoch 236/300, all_loss:0.00020 cls_loss:0.00001 rec_loss:0.01888 [6.01s]; best loss:0.00020, patience : 0
2026-07-24 00:52:51,693 P463801 INFO pr:0.9409  rc:0.9219  auc:0.9776 ap:0.9745 f1: 0.9313 pred_right: 38611 pred_wrong:389 actu_right: 38603 actu_wrong: 397
2026-07-24 00:52:52,582 P463801 INFO pr:0.8815  rc:0.9225  auc:0.9919 ap:0.9542 f1: 0.9015 pred_right: 16365 pred_wrong:135 actu_right: 16371 actu_wrong: 129
2026-07-24 00:52:52,583 P463801 INFO ----------------------------------------------------------------------------------------------------
2026-07-24 00:52:52,583 P463801 INFO 237/300 starting... lr: 0.0008100000000000001 para:0.01
2026-07-24 00:52:58,141 P463801 INFO Epoch 237/300, all_loss:0.00020 cls_loss:0.00001 rec_loss:0.01866 [5.55s]; best loss:0.00020, patience : 0
2026-07-24 00:53:00,003 P463801 INFO pr:0.9406  rc:0.9192  auc:0.9775 ap:0.9743 f1: 0.9298 pred_right: 38613 pred_wrong:387 actu_right: 38604 actu_wrong: 396
2026-07-24 00:53:00,855 P463801 INFO pr:0.8881  rc:0.9225  auc:0.9918 ap:0.9536 f1: 0.9049 pred_right: 16366 pred_wrong:134 actu_right: 16371 actu_wrong: 129
2026-07-24 00:53:00,855 P463801 INFO ----------------------------------------------------------------------------------------------------
2026-07-24 00:53:00,856 P463801 INFO 238/300 starting... lr: 0.0008100000000000001 para:0.01
2026-07-24 00:53:06,303 P463801 INFO Epoch 238/300, all_loss:0.00020 cls_loss:0.00001 rec_loss:0.01832 [5.44s]; best loss:0.00020, patience : 0
2026-07-24 00:53:08,163 P463801 INFO pr:0.9409  rc:0.9219  auc:0.9775 ap:0.9745 f1: 0.9313 pred_right: 38611 pred_wrong:389 actu_right: 38603 actu_wrong: 397
2026-07-24 00:53:08,895 P463801 INFO pr:0.8824  rc:0.9302  auc:0.9918 ap:0.9510 f1: 0.9057 pred_right: 16364 pred_wrong:136 actu_right: 16371 actu_wrong: 129
2026-07-24 00:53:08,895 P463801 INFO ----------------------------------------------------------------------------------------------------
2026-07-24 00:53:08,895 P463801 INFO 239/300 starting... lr: 0.0008100000000000001 para:0.01
2026-07-24 00:53:14,622 P463801 INFO Epoch 239/300, all_loss:0.00019 cls_loss:0.00001 rec_loss:0.01804 [5.72s]; best loss:0.00019, patience : 0
2026-07-24 00:53:16,622 P463801 INFO pr:0.9432  rc:0.9194  auc:0.9774 ap:0.9744 f1: 0.9311 pred_right: 38613 pred_wrong:387 actu_right: 38603 actu_wrong: 397
2026-07-24 00:53:17,468 P463801 INFO pr:0.8881  rc:0.9225  auc:0.9918 ap:0.9535 f1: 0.9049 pred_right: 16366 pred_wrong:134 actu_right: 16371 actu_wrong: 129
2026-07-24 00:53:17,469 P463801 INFO ----------------------------------------------------------------------------------------------------
2026-07-24 00:53:17,469 P463801 INFO 240/300 starting... lr: 0.0008100000000000001 para:0.01
2026-07-24 00:53:23,042 P463801 INFO Epoch 240/300, all_loss:0.00019 cls_loss:0.00001 rec_loss:0.01769 [5.57s]; best loss:0.00019, patience : 0
2026-07-24 00:53:24,989 P463801 INFO pr:0.9385  rc:0.9219  auc:0.9774 ap:0.9743 f1: 0.9301 pred_right: 38610 pred_wrong:390 actu_right: 38603 actu_wrong: 397
2026-07-24 00:53:25,857 P463801 INFO pr:0.8815  rc:0.9225  auc:0.9918 ap:0.9538 f1: 0.9015 pred_right: 16365 pred_wrong:135 actu_right: 16371 actu_wrong: 129
2026-07-24 00:53:25,858 P463801 INFO ----------------------------------------------------------------------------------------------------
2026-07-24 00:53:25,858 P463801 INFO 241/300 starting... lr: 0.0008100000000000001 para:0.01
2026-07-24 00:53:31,363 P463801 INFO Epoch 241/300, all_loss:0.00019 cls_loss:0.00001 rec_loss:0.01746 [5.50s]; best loss:0.00019, patience : 0
2026-07-24 00:53:33,412 P463801 INFO pr:0.9432  rc:0.9194  auc:0.9774 ap:0.9744 f1: 0.9311 pred_right: 38613 pred_wrong:387 actu_right: 38603 actu_wrong: 397
2026-07-24 00:53:34,298 P463801 INFO pr:0.8881  rc:0.9225  auc:0.9899 ap:0.9534 f1: 0.9049 pred_right: 16366 pred_wrong:134 actu_right: 16371 actu_wrong: 129
2026-07-24 00:53:34,299 P463801 INFO ----------------------------------------------------------------------------------------------------
2026-07-24 00:53:34,299 P463801 INFO 242/300 starting... lr: 0.0008100000000000001 para:0.01
2026-07-24 00:53:39,927 P463801 INFO Epoch 242/300, all_loss:0.00018 cls_loss:0.00001 rec_loss:0.01708 [5.62s]; best loss:0.00018, patience : 0
2026-07-24 00:53:42,066 P463801 INFO pr:0.9432  rc:0.9194  auc:0.9773 ap:0.9742 f1: 0.9311 pred_right: 38613 pred_wrong:387 actu_right: 38603 actu_wrong: 397
2026-07-24 00:53:42,849 P463801 INFO pr:0.8872  rc:0.9147  auc:0.9880 ap:0.9531 f1: 0.9008 pred_right: 16367 pred_wrong:133 actu_right: 16371 actu_wrong: 129
2026-07-24 00:53:42,849 P463801 INFO ----------------------------------------------------------------------------------------------------
2026-07-24 00:53:42,849 P463801 INFO 243/300 starting... lr: 0.0008100000000000001 para:0.01
2026-07-24 00:53:48,367 P463801 INFO Epoch 243/300, all_loss:0.00018 cls_loss:0.00001 rec_loss:0.01680 [5.51s]; best loss:0.00018, patience : 0
2026-07-24 00:53:50,449 P463801 INFO pr:0.9430  rc:0.9192  auc:0.9773 ap:0.9730 f1: 0.9309 pred_right: 38614 pred_wrong:386 actu_right: 38604 actu_wrong: 396
2026-07-24 00:53:51,192 P463801 INFO pr:0.8889  rc:0.9302  auc:0.9918 ap:0.9502 f1: 0.9091 pred_right: 16365 pred_wrong:135 actu_right: 16371 actu_wrong: 129
2026-07-24 00:53:51,193 P463801 INFO ----------------------------------------------------------------------------------------------------
2026-07-24 00:53:51,193 P463801 INFO 244/300 starting... lr: 0.0008100000000000001 para:0.01
2026-07-24 00:53:57,348 P463801 INFO Epoch 244/300, all_loss:0.00018 cls_loss:0.00001 rec_loss:0.01634 [6.15s]; best loss:0.00018, patience : 0
2026-07-24 00:53:58,776 P463801 INFO pr:0.9359  rc:0.9194  auc:0.9772 ap:0.9740 f1: 0.9276 pred_right: 38610 pred_wrong:390 actu_right: 38603 actu_wrong: 397
2026-07-24 00:53:59,390 P463801 INFO pr:0.8815  rc:0.9225  auc:0.9880 ap:0.9499 f1: 0.9015 pred_right: 16365 pred_wrong:135 actu_right: 16371 actu_wrong: 129
2026-07-24 00:53:59,390 P463801 INFO ----------------------------------------------------------------------------------------------------
2026-07-24 00:53:59,390 P463801 INFO 245/300 starting... lr: 0.0008100000000000001 para:0.01
2026-07-24 00:54:04,541 P463801 INFO Epoch 245/300, all_loss:0.00017 cls_loss:0.00001 rec_loss:0.01624 [5.15s]; best loss:0.00017, patience : 0
2026-07-24 00:54:06,132 P463801 INFO pr:0.9429  rc:0.9190  auc:0.9771 ap:0.9727 f1: 0.9308 pred_right: 38615 pred_wrong:385 actu_right: 38605 actu_wrong: 395
2026-07-24 00:54:06,804 P463801 INFO pr:0.8872  rc:0.9147  auc:0.9879 ap:0.9487 f1: 0.9008 pred_right: 16367 pred_wrong:133 actu_right: 16371 actu_wrong: 129
2026-07-24 00:54:06,804 P463801 INFO ----------------------------------------------------------------------------------------------------
2026-07-24 00:54:06,805 P463801 INFO 246/300 starting... lr: 0.0008100000000000001 para:0.01
2026-07-24 00:54:19,657 P463801 INFO Epoch 246/300, all_loss:0.00017 cls_loss:0.00001 rec_loss:0.01567 [12.85s]; best loss:0.00017, patience : 0
2026-07-24 00:54:22,391 P463801 INFO pr:0.9455  rc:0.9192  auc:0.9772 ap:0.9717 f1: 0.9321 pred_right: 38615 pred_wrong:385 actu_right: 38604 actu_wrong: 396
2026-07-24 00:54:23,317 P463801 INFO pr:0.8889  rc:0.9302  auc:0.9880 ap:0.9499 f1: 0.9091 pred_right: 16365 pred_wrong:135 actu_right: 16371 actu_wrong: 129
2026-07-24 00:54:23,317 P463801 INFO ----------------------------------------------------------------------------------------------------
2026-07-24 00:54:23,318 P463801 INFO 247/300 starting... lr: 0.0008100000000000001 para:0.01
2026-07-24 00:54:29,005 P463801 INFO Epoch 247/300, all_loss:0.00029 cls_loss:0.00014 rec_loss:0.01535 [5.69s]; best loss:0.00017, patience : 1
2026-07-24 00:54:30,973 P463801 INFO pr:0.9432  rc:0.8791  auc:0.9720 ap:0.9712 f1: 0.9100 pred_right: 38630 pred_wrong:370 actu_right: 38603 actu_wrong: 397
2026-07-24 00:54:31,825 P463801 INFO pr:0.8672  rc:0.8605  auc:0.9818 ap:0.9444 f1: 0.8638 pred_right: 16372 pred_wrong:128 actu_right: 16371 actu_wrong: 129
2026-07-24 00:54:31,826 P463801 INFO ----------------------------------------------------------------------------------------------------
2026-07-24 00:54:31,826 P463801 INFO 248/300 starting... lr: 0.0008100000000000001 para:0.01
2026-07-24 00:54:37,523 P463801 INFO Epoch 248/300, all_loss:0.26346 cls_loss:0.26592 rec_loss:0.01990 [5.70s]; best loss:0.00017, patience : 2
2026-07-24 00:54:39,560 P463801 INFO pr:0.9541  rc:0.8914  auc:0.9802 ap:0.9725 f1: 0.9217 pred_right: 38630 pred_wrong:370 actu_right: 38604 actu_wrong: 396
2026-07-24 00:54:40,434 P463801 INFO pr:0.8603  rc:0.9070  auc:0.9894 ap:0.9455 f1: 0.8830 pred_right: 16364 pred_wrong:136 actu_right: 16371 actu_wrong: 129
2026-07-24 00:54:40,435 P463801 INFO ----------------------------------------------------------------------------------------------------
2026-07-24 00:54:40,435 P463801 INFO 249/300 starting... lr: 0.0008100000000000001 para:0.01
2026-07-24 00:54:46,074 P463801 INFO Epoch 249/300, all_loss:22.37866 cls_loss:22.60452 rec_loss:0.01911 [5.64s]; best loss:0.00017, patience : 3
2026-07-24 00:54:48,152 P463801 INFO pr:0.9365  rc:0.9318  auc:0.9834 ap:0.9770 f1: 0.9342 pred_right: 38606 pred_wrong:394 actu_right: 38604 actu_wrong: 396
2026-07-24 00:54:48,887 P463801 INFO pr:0.8219  rc:0.9302  auc:0.9856 ap:0.9428 f1: 0.8727 pred_right: 16354 pred_wrong:146 actu_right: 16371 actu_wrong: 129
2026-07-24 00:54:48,887 P463801 INFO ----------------------------------------------------------------------------------------------------
2026-07-24 00:54:48,888 P463801 INFO 250/300 starting... lr: 0.0008100000000000001 para:0.01
2026-07-24 00:54:54,575 P463801 INFO Epoch 250/300, all_loss:0.04362 cls_loss:0.04387 rec_loss:0.01875 [5.69s]; best loss:0.00017, patience : 3
2026-07-24 00:54:56,390 P463801 INFO pr:0.9535  rc:0.9295  auc:0.9851 ap:0.9786 f1: 0.9413 pred_right: 38613 pred_wrong:387 actu_right: 38603 actu_wrong: 397
2026-07-24 00:54:57,213 P463801 INFO pr:0.8788  rc:0.8992  auc:0.9876 ap:0.9498 f1: 0.8889 pred_right: 16368 pred_wrong:132 actu_right: 16371 actu_wrong: 129
2026-07-24 00:54:57,214 P463801 INFO ----------------------------------------------------------------------------------------------------
2026-07-24 00:54:57,214 P463801 INFO 251/300 starting... lr: 0.0008100000000000001 para:0.01
2026-07-24 00:55:02,806 P463801 INFO Epoch 251/300, all_loss:0.00423 cls_loss:0.00408 rec_loss:0.01899 [5.59s]; best loss:0.00017, patience : 3
2026-07-24 00:55:04,873 P463801 INFO pr:0.9531  rc:0.9219  auc:0.9810 ap:0.9774 f1: 0.9373 pred_right: 38616 pred_wrong:384 actu_right: 38603 actu_wrong: 397
2026-07-24 00:55:05,769 P463801 INFO pr:0.8741  rc:0.9147  auc:0.9838 ap:0.9440 f1: 0.8939 pred_right: 16365 pred_wrong:135 actu_right: 16371 actu_wrong: 129
2026-07-24 00:55:05,769 P463801 INFO ----------------------------------------------------------------------------------------------------
2026-07-24 00:55:05,770 P463801 INFO 252/300 starting... lr: 0.0008100000000000001 para:0.01
2026-07-24 00:55:11,295 P463801 INFO Epoch 252/300, all_loss:0.00538 cls_loss:0.00524 rec_loss:0.01976 [5.53s]; best loss:0.00017, patience : 4
2026-07-24 00:55:13,241 P463801 INFO pr:0.9503  rc:0.9167  auc:0.9808 ap:0.9778 f1: 0.9332 pred_right: 38618 pred_wrong:382 actu_right: 38604 actu_wrong: 396
2026-07-24 00:55:14,104 P463801 INFO pr:0.8931  rc:0.9070  auc:0.9859 ap:0.9414 f1: 0.9000 pred_right: 16369 pred_wrong:131 actu_right: 16371 actu_wrong: 129
2026-07-24 00:55:14,104 P463801 INFO ----------------------------------------------------------------------------------------------------
2026-07-24 00:55:14,104 P463801 INFO 253/300 starting... lr: 0.0008100000000000001 para:0.01
2026-07-24 00:55:19,593 P463801 INFO Epoch 253/300, all_loss:0.00031 cls_loss:0.00010 rec_loss:0.02099 [5.49s]; best loss:0.00017, patience : 4
2026-07-24 00:55:21,428 P463801 INFO pr:0.9504  rc:0.9169  auc:0.9803 ap:0.9779 f1: 0.9333 pred_right: 38617 pred_wrong:383 actu_right: 38603 actu_wrong: 397
2026-07-24 00:55:22,226 P463801 INFO pr:0.8931  rc:0.9070  auc:0.9858 ap:0.9417 f1: 0.9000 pred_right: 16369 pred_wrong:131 actu_right: 16371 actu_wrong: 129
2026-07-24 00:55:22,226 P463801 INFO ----------------------------------------------------------------------------------------------------
2026-07-24 00:55:22,226 P463801 INFO 254/300 starting... lr: 0.0008100000000000001 para:0.01
2026-07-24 00:55:27,945 P463801 INFO Epoch 254/300, all_loss:0.00029 cls_loss:0.00008 rec_loss:0.02089 [5.72s]; best loss:0.00017, patience : 4
2026-07-24 00:55:29,764 P463801 INFO pr:0.9479  rc:0.9169  auc:0.9810 ap:0.9780 f1: 0.9321 pred_right: 38616 pred_wrong:384 actu_right: 38603 actu_wrong: 397
2026-07-24 00:55:30,691 P463801 INFO pr:0.8931  rc:0.9070  auc:0.9858 ap:0.9426 f1: 0.9000 pred_right: 16369 pred_wrong:131 actu_right: 16371 actu_wrong: 129
2026-07-24 00:55:30,691 P463801 INFO ----------------------------------------------------------------------------------------------------
2026-07-24 00:55:30,698 P463801 INFO 255/300 starting... lr: 0.0008100000000000001 para:0.01
2026-07-24 00:55:37,197 P463801 INFO Epoch 255/300, all_loss:0.00028 cls_loss:0.00007 rec_loss:0.02070 [6.50s]; best loss:0.00017, patience : 4
2026-07-24 00:55:38,692 P463801 INFO pr:0.9478  rc:0.9167  auc:0.9810 ap:0.9780 f1: 0.9320 pred_right: 38617 pred_wrong:383 actu_right: 38604 actu_wrong: 396
2026-07-24 00:55:39,310 P463801 INFO pr:0.8931  rc:0.9070  auc:0.9858 ap:0.9426 f1: 0.9000 pred_right: 16369 pred_wrong:131 actu_right: 16371 actu_wrong: 129
2026-07-24 00:55:39,310 P463801 INFO ----------------------------------------------------------------------------------------------------
2026-07-24 00:55:39,310 P463801 INFO 256/300 starting... lr: 0.0008100000000000001 para:0.01
2026-07-24 00:55:44,015 P463801 INFO Epoch 256/300, all_loss:0.00027 cls_loss:0.00006 rec_loss:0.02059 [4.70s]; best loss:0.00017, patience : 4
2026-07-24 00:55:45,826 P463801 INFO pr:0.9504  rc:0.9169  auc:0.9811 ap:0.9781 f1: 0.9333 pred_right: 38617 pred_wrong:383 actu_right: 38603 actu_wrong: 397
2026-07-24 00:55:46,489 P463801 INFO pr:0.8931  rc:0.9070  auc:0.9858 ap:0.9427 f1: 0.9000 pred_right: 16369 pred_wrong:131 actu_right: 16371 actu_wrong: 129
2026-07-24 00:55:46,490 P463801 INFO ----------------------------------------------------------------------------------------------------
2026-07-24 00:55:46,490 P463801 INFO 257/300 starting... lr: 0.0008100000000000001 para:0.01
2026-07-24 00:55:56,019 P463801 INFO Epoch 257/300, all_loss:0.00026 cls_loss:0.00006 rec_loss:0.02044 [9.53s]; best loss:0.00017, patience : 4
2026-07-24 00:55:59,884 P463801 INFO pr:0.9529  rc:0.9192  auc:0.9811 ap:0.9782 f1: 0.9357 pred_right: 38618 pred_wrong:382 actu_right: 38604 actu_wrong: 396
2026-07-24 00:56:01,537 P463801 INFO pr:0.8931  rc:0.9070  auc:0.9858 ap:0.9427 f1: 0.9000 pred_right: 16369 pred_wrong:131 actu_right: 16371 actu_wrong: 129
2026-07-24 00:56:01,538 P463801 INFO ----------------------------------------------------------------------------------------------------
2026-07-24 00:56:01,538 P463801 INFO 258/300 starting... lr: 0.0008100000000000001 para:0.01
2026-07-24 00:56:07,815 P463801 INFO Epoch 258/300, all_loss:0.00025 cls_loss:0.00005 rec_loss:0.02030 [6.28s]; best loss:0.00017, patience : 4
2026-07-24 00:56:09,617 P463801 INFO pr:0.9529  rc:0.9169  auc:0.9812 ap:0.9781 f1: 0.9345 pred_right: 38618 pred_wrong:382 actu_right: 38603 actu_wrong: 397
2026-07-24 00:56:10,437 P463801 INFO pr:0.8931  rc:0.9070  auc:0.9858 ap:0.9426 f1: 0.9000 pred_right: 16369 pred_wrong:131 actu_right: 16371 actu_wrong: 129
2026-07-24 00:56:10,438 P463801 INFO ----------------------------------------------------------------------------------------------------
2026-07-24 00:56:10,438 P463801 INFO 259/300 starting... lr: 0.0008100000000000001 para:0.01
2026-07-24 00:56:15,789 P463801 INFO Epoch 259/300, all_loss:0.00024 cls_loss:0.00004 rec_loss:0.02017 [5.35s]; best loss:0.00017, patience : 4
2026-07-24 00:56:17,734 P463801 INFO pr:0.9530  rc:0.9194  auc:0.9812 ap:0.9781 f1: 0.9359 pred_right: 38617 pred_wrong:383 actu_right: 38603 actu_wrong: 397
2026-07-24 00:56:18,613 P463801 INFO pr:0.8931  rc:0.9070  auc:0.9858 ap:0.9425 f1: 0.9000 pred_right: 16369 pred_wrong:131 actu_right: 16371 actu_wrong: 129
2026-07-24 00:56:18,614 P463801 INFO ----------------------------------------------------------------------------------------------------
2026-07-24 00:56:18,614 P463801 INFO 260/300 starting... lr: 0.0008100000000000001 para:0.01
2026-07-24 00:56:24,089 P463801 INFO Epoch 260/300, all_loss:0.00024 cls_loss:0.00004 rec_loss:0.02000 [5.47s]; best loss:0.00017, patience : 4
2026-07-24 00:56:25,825 P463801 INFO pr:0.9528  rc:0.9167  auc:0.9812 ap:0.9780 f1: 0.9344 pred_right: 38619 pred_wrong:381 actu_right: 38604 actu_wrong: 396
2026-07-24 00:56:26,566 P463801 INFO pr:0.8931  rc:0.9070  auc:0.9839 ap:0.9424 f1: 0.9000 pred_right: 16369 pred_wrong:131 actu_right: 16371 actu_wrong: 129
2026-07-24 00:56:26,567 P463801 INFO ----------------------------------------------------------------------------------------------------
2026-07-24 00:56:26,567 P463801 INFO 261/300 starting... lr: 0.0008100000000000001 para:0.01
2026-07-24 00:56:32,014 P463801 INFO Epoch 261/300, all_loss:0.00024 cls_loss:0.00004 rec_loss:0.01987 [5.45s]; best loss:0.00017, patience : 4
2026-07-24 00:56:33,935 P463801 INFO pr:0.9530  rc:0.9217  auc:0.9812 ap:0.9781 f1: 0.9371 pred_right: 38617 pred_wrong:383 actu_right: 38604 actu_wrong: 396
2026-07-24 00:56:34,766 P463801 INFO pr:0.8931  rc:0.9070  auc:0.9839 ap:0.9425 f1: 0.9000 pred_right: 16369 pred_wrong:131 actu_right: 16371 actu_wrong: 129
2026-07-24 00:56:34,766 P463801 INFO ----------------------------------------------------------------------------------------------------
2026-07-24 00:56:34,767 P463801 INFO 262/300 starting... lr: 0.0008100000000000001 para:0.01
2026-07-24 00:56:40,449 P463801 INFO Epoch 262/300, all_loss:0.00023 cls_loss:0.00003 rec_loss:0.01968 [5.68s]; best loss:0.00017, patience : 4
2026-07-24 00:56:42,357 P463801 INFO pr:0.9529  rc:0.9192  auc:0.9812 ap:0.9781 f1: 0.9357 pred_right: 38618 pred_wrong:382 actu_right: 38604 actu_wrong: 396
2026-07-24 00:56:43,195 P463801 INFO pr:0.8931  rc:0.9070  auc:0.9819 ap:0.9425 f1: 0.9000 pred_right: 16369 pred_wrong:131 actu_right: 16371 actu_wrong: 129
2026-07-24 00:56:43,195 P463801 INFO ----------------------------------------------------------------------------------------------------
2026-07-24 00:56:43,195 P463801 INFO 263/300 starting... lr: 0.0008100000000000001 para:0.01
2026-07-24 00:56:48,653 P463801 INFO Epoch 263/300, all_loss:0.00023 cls_loss:0.00003 rec_loss:0.01952 [5.46s]; best loss:0.00017, patience : 4
2026-07-24 00:56:50,664 P463801 INFO pr:0.9530  rc:0.9194  auc:0.9812 ap:0.9781 f1: 0.9359 pred_right: 38617 pred_wrong:383 actu_right: 38603 actu_wrong: 397
2026-07-24 00:56:51,506 P463801 INFO pr:0.8931  rc:0.9070  auc:0.9819 ap:0.9457 f1: 0.9000 pred_right: 16369 pred_wrong:131 actu_right: 16371 actu_wrong: 129
2026-07-24 00:56:51,507 P463801 INFO ----------------------------------------------------------------------------------------------------
2026-07-24 00:56:51,507 P463801 INFO 264/300 starting... lr: 0.0008100000000000001 para:0.01
2026-07-24 00:56:57,027 P463801 INFO Epoch 264/300, all_loss:0.00022 cls_loss:0.00003 rec_loss:0.01938 [5.52s]; best loss:0.00017, patience : 4
2026-07-24 00:56:59,138 P463801 INFO pr:0.9530  rc:0.9194  auc:0.9806 ap:0.9781 f1: 0.9359 pred_right: 38617 pred_wrong:383 actu_right: 38603 actu_wrong: 397
2026-07-24 00:57:00,223 P463801 INFO pr:0.9000  rc:0.9070  auc:0.9819 ap:0.9455 f1: 0.9035 pred_right: 16370 pred_wrong:130 actu_right: 16371 actu_wrong: 129
2026-07-24 00:57:00,224 P463801 INFO ----------------------------------------------------------------------------------------------------
2026-07-24 00:57:00,224 P463801 INFO 265/300 starting... lr: 0.0008100000000000001 para:0.01
2026-07-24 00:57:05,716 P463801 INFO Epoch 265/300, all_loss:0.00022 cls_loss:0.00003 rec_loss:0.01920 [5.49s]; best loss:0.00017, patience : 4
2026-07-24 00:57:07,764 P463801 INFO pr:0.9530  rc:0.9194  auc:0.9812 ap:0.9781 f1: 0.9359 pred_right: 38617 pred_wrong:383 actu_right: 38603 actu_wrong: 397
2026-07-24 00:57:08,602 P463801 INFO pr:0.9000  rc:0.9070  auc:0.9819 ap:0.9459 f1: 0.9035 pred_right: 16370 pred_wrong:130 actu_right: 16371 actu_wrong: 129
2026-07-24 00:57:08,603 P463801 INFO ----------------------------------------------------------------------------------------------------
2026-07-24 00:57:08,610 P463801 INFO 266/300 starting... lr: 0.0008100000000000001 para:0.01
2026-07-24 00:57:15,256 P463801 INFO Epoch 266/300, all_loss:0.00022 cls_loss:0.00003 rec_loss:0.01902 [6.64s]; best loss:0.00017, patience : 4
2026-07-24 00:57:16,641 P463801 INFO pr:0.9530  rc:0.9194  auc:0.9806 ap:0.9781 f1: 0.9359 pred_right: 38617 pred_wrong:383 actu_right: 38603 actu_wrong: 397
2026-07-24 00:57:17,231 P463801 INFO pr:0.9000  rc:0.9070  auc:0.9819 ap:0.9459 f1: 0.9035 pred_right: 16370 pred_wrong:130 actu_right: 16371 actu_wrong: 129
2026-07-24 00:57:17,231 P463801 INFO ----------------------------------------------------------------------------------------------------
2026-07-24 00:57:17,231 P463801 INFO 267/300 starting... lr: 0.0008100000000000001 para:0.01
2026-07-24 00:57:21,965 P463801 INFO Epoch 267/300, all_loss:0.00021 cls_loss:0.00002 rec_loss:0.01885 [4.73s]; best loss:0.00017, patience : 4
2026-07-24 00:57:23,689 P463801 INFO pr:0.9530  rc:0.9194  auc:0.9806 ap:0.9781 f1: 0.9359 pred_right: 38617 pred_wrong:383 actu_right: 38603 actu_wrong: 397
2026-07-24 00:57:24,506 P463801 INFO pr:0.9070  rc:0.9070  auc:0.9819 ap:0.9454 f1: 0.9070 pred_right: 16371 pred_wrong:129 actu_right: 16371 actu_wrong: 129
2026-07-24 00:57:24,507 P463801 INFO ----------------------------------------------------------------------------------------------------
2026-07-24 00:57:24,507 P463801 INFO 268/300 starting... lr: 0.0008100000000000001 para:0.01
2026-07-24 00:57:33,006 P463801 INFO Epoch 268/300, all_loss:0.00021 cls_loss:0.00002 rec_loss:0.01868 [8.50s]; best loss:0.00017, patience : 4
2026-07-24 00:57:36,783 P463801 INFO pr:0.9531  rc:0.9219  auc:0.9806 ap:0.9781 f1: 0.9373 pred_right: 38616 pred_wrong:384 actu_right: 38603 actu_wrong: 397
2026-07-24 00:57:38,182 P463801 INFO pr:0.9070  rc:0.9070  auc:0.9819 ap:0.9455 f1: 0.9070 pred_right: 16371 pred_wrong:129 actu_right: 16371 actu_wrong: 129
2026-07-24 00:57:38,182 P463801 INFO ----------------------------------------------------------------------------------------------------
2026-07-24 00:57:38,183 P463801 INFO 269/300 starting... lr: 0.0008100000000000001 para:0.01
2026-07-24 00:57:45,493 P463801 INFO Epoch 269/300, all_loss:0.00021 cls_loss:0.00002 rec_loss:0.01848 [7.31s]; best loss:0.00017, patience : 4
2026-07-24 00:57:47,426 P463801 INFO pr:0.9531  rc:0.9219  auc:0.9806 ap:0.9781 f1: 0.9373 pred_right: 38616 pred_wrong:384 actu_right: 38603 actu_wrong: 397
2026-07-24 00:57:48,341 P463801 INFO pr:0.9070  rc:0.9070  auc:0.9819 ap:0.9455 f1: 0.9070 pred_right: 16371 pred_wrong:129 actu_right: 16371 actu_wrong: 129
2026-07-24 00:57:48,342 P463801 INFO ----------------------------------------------------------------------------------------------------
2026-07-24 00:57:48,342 P463801 INFO 270/300 starting... lr: 0.0008100000000000001 para:0.01
2026-07-24 00:57:53,856 P463801 INFO Epoch 270/300, all_loss:0.00020 cls_loss:0.00002 rec_loss:0.01830 [5.51s]; best loss:0.00017, patience : 4
2026-07-24 00:57:55,765 P463801 INFO pr:0.9531  rc:0.9219  auc:0.9812 ap:0.9781 f1: 0.9373 pred_right: 38616 pred_wrong:384 actu_right: 38603 actu_wrong: 397
2026-07-24 00:57:56,506 P463801 INFO pr:0.9077  rc:0.9147  auc:0.9819 ap:0.9459 f1: 0.9112 pred_right: 16370 pred_wrong:130 actu_right: 16371 actu_wrong: 129
2026-07-24 00:57:56,506 P463801 INFO ----------------------------------------------------------------------------------------------------
2026-07-24 00:57:56,506 P463801 INFO 271/300 starting... lr: 0.0008100000000000001 para:0.01
2026-07-24 00:58:01,971 P463801 INFO Epoch 271/300, all_loss:0.00020 cls_loss:0.00002 rec_loss:0.01810 [5.46s]; best loss:0.00017, patience : 4
2026-07-24 00:58:03,791 P463801 INFO pr:0.9531  rc:0.9219  auc:0.9806 ap:0.9781 f1: 0.9373 pred_right: 38616 pred_wrong:384 actu_right: 38603 actu_wrong: 397
2026-07-24 00:58:04,575 P463801 INFO pr:0.9070  rc:0.9070  auc:0.9819 ap:0.9457 f1: 0.9070 pred_right: 16371 pred_wrong:129 actu_right: 16371 actu_wrong: 129
2026-07-24 00:58:04,576 P463801 INFO ----------------------------------------------------------------------------------------------------
2026-07-24 00:58:04,576 P463801 INFO 272/300 starting... lr: 0.0008100000000000001 para:0.01
2026-07-24 00:58:09,905 P463801 INFO Epoch 272/300, all_loss:0.00020 cls_loss:0.00002 rec_loss:0.01791 [5.33s]; best loss:0.00017, patience : 4
2026-07-24 00:58:11,905 P463801 INFO pr:0.9530  rc:0.9194  auc:0.9806 ap:0.9780 f1: 0.9359 pred_right: 38617 pred_wrong:383 actu_right: 38603 actu_wrong: 397
2026-07-24 00:58:12,935 P463801 INFO pr:0.9070  rc:0.9070  auc:0.9819 ap:0.9455 f1: 0.9070 pred_right: 16371 pred_wrong:129 actu_right: 16371 actu_wrong: 129
2026-07-24 00:58:12,936 P463801 INFO ----------------------------------------------------------------------------------------------------
2026-07-24 00:58:12,936 P463801 INFO 273/300 starting... lr: 0.0008100000000000001 para:0.01
2026-07-24 00:58:18,529 P463801 INFO Epoch 273/300, all_loss:0.00020 cls_loss:0.00002 rec_loss:0.01771 [5.59s]; best loss:0.00017, patience : 4
2026-07-24 00:58:20,228 P463801 INFO pr:0.9530  rc:0.9194  auc:0.9806 ap:0.9780 f1: 0.9359 pred_right: 38617 pred_wrong:383 actu_right: 38603 actu_wrong: 397
2026-07-24 00:58:20,965 P463801 INFO pr:0.9077  rc:0.9147  auc:0.9819 ap:0.9456 f1: 0.9112 pred_right: 16370 pred_wrong:130 actu_right: 16371 actu_wrong: 129
2026-07-24 00:58:20,966 P463801 INFO ----------------------------------------------------------------------------------------------------
2026-07-24 00:58:20,966 P463801 INFO 274/300 starting... lr: 0.0008100000000000001 para:0.01
2026-07-24 00:58:26,703 P463801 INFO Epoch 274/300, all_loss:0.00019 cls_loss:0.00002 rec_loss:0.01752 [5.74s]; best loss:0.00017, patience : 4
2026-07-24 00:58:28,489 P463801 INFO pr:0.9531  rc:0.9219  auc:0.9805 ap:0.9780 f1: 0.9373 pred_right: 38616 pred_wrong:384 actu_right: 38603 actu_wrong: 397
2026-07-24 00:58:29,216 P463801 INFO pr:0.9077  rc:0.9147  auc:0.9819 ap:0.9458 f1: 0.9112 pred_right: 16370 pred_wrong:130 actu_right: 16371 actu_wrong: 129
2026-07-24 00:58:29,216 P463801 INFO ----------------------------------------------------------------------------------------------------
2026-07-24 00:58:29,216 P463801 INFO 275/300 starting... lr: 0.0008100000000000001 para:0.01
2026-07-24 00:58:34,861 P463801 INFO Epoch 275/300, all_loss:0.00019 cls_loss:0.00002 rec_loss:0.01729 [5.64s]; best loss:0.00017, patience : 4
2026-07-24 00:58:36,871 P463801 INFO pr:0.9531  rc:0.9219  auc:0.9805 ap:0.9780 f1: 0.9373 pred_right: 38616 pred_wrong:384 actu_right: 38603 actu_wrong: 397
2026-07-24 00:58:37,774 P463801 INFO pr:0.9077  rc:0.9147  auc:0.9818 ap:0.9457 f1: 0.9112 pred_right: 16370 pred_wrong:130 actu_right: 16371 actu_wrong: 129
2026-07-24 00:58:37,775 P463801 INFO ----------------------------------------------------------------------------------------------------
2026-07-24 00:58:37,775 P463801 INFO 276/300 starting... lr: 0.0008100000000000001 para:0.01
2026-07-24 00:58:43,228 P463801 INFO Epoch 276/300, all_loss:0.00019 cls_loss:0.00002 rec_loss:0.01708 [5.45s]; best loss:0.00017, patience : 4
2026-07-24 00:58:45,292 P463801 INFO pr:0.9531  rc:0.9242  auc:0.9804 ap:0.9779 f1: 0.9385 pred_right: 38616 pred_wrong:384 actu_right: 38604 actu_wrong: 396
2026-07-24 00:58:46,158 P463801 INFO pr:0.9077  rc:0.9147  auc:0.9838 ap:0.9457 f1: 0.9112 pred_right: 16370 pred_wrong:130 actu_right: 16371 actu_wrong: 129
2026-07-24 00:58:46,158 P463801 INFO ----------------------------------------------------------------------------------------------------
2026-07-24 00:58:46,159 P463801 INFO 277/300 starting... lr: 0.0008100000000000001 para:0.01
2026-07-24 00:58:53,038 P463801 INFO Epoch 277/300, all_loss:0.00018 cls_loss:0.00002 rec_loss:0.01685 [6.88s]; best loss:0.00017, patience : 4
2026-07-24 00:58:54,870 P463801 INFO pr:0.9532  rc:0.9244  auc:0.9804 ap:0.9779 f1: 0.9386 pred_right: 38615 pred_wrong:385 actu_right: 38603 actu_wrong: 397
2026-07-24 00:58:55,482 P463801 INFO pr:0.9077  rc:0.9147  auc:0.9838 ap:0.9457 f1: 0.9112 pred_right: 16370 pred_wrong:130 actu_right: 16371 actu_wrong: 129
2026-07-24 00:58:55,482 P463801 INFO ----------------------------------------------------------------------------------------------------
2026-07-24 00:58:55,482 P463801 INFO 278/300 starting... lr: 0.0008100000000000001 para:0.01
2026-07-24 00:58:59,728 P463801 INFO Epoch 278/300, all_loss:0.00018 cls_loss:0.00001 rec_loss:0.01666 [4.25s]; best loss:0.00017, patience : 4
2026-07-24 00:59:01,320 P463801 INFO pr:0.9508  rc:0.9244  auc:0.9804 ap:0.9779 f1: 0.9374 pred_right: 38614 pred_wrong:386 actu_right: 38603 actu_wrong: 397
2026-07-24 00:59:01,982 P463801 INFO pr:0.9077  rc:0.9147  auc:0.9838 ap:0.9456 f1: 0.9112 pred_right: 16370 pred_wrong:130 actu_right: 16371 actu_wrong: 129
2026-07-24 00:59:01,982 P463801 INFO ----------------------------------------------------------------------------------------------------
2026-07-24 00:59:01,982 P463801 INFO 279/300 starting... lr: 0.0008100000000000001 para:0.01
2026-07-24 00:59:07,772 P463801 INFO Epoch 279/300, all_loss:0.00018 cls_loss:0.00001 rec_loss:0.01640 [5.79s]; best loss:0.00017, patience : 4
2026-07-24 00:59:12,189 P463801 INFO pr:0.9508  rc:0.9244  auc:0.9803 ap:0.9779 f1: 0.9374 pred_right: 38614 pred_wrong:386 actu_right: 38603 actu_wrong: 397
2026-07-24 00:59:13,467 P463801 INFO pr:0.9008  rc:0.9147  auc:0.9838 ap:0.9456 f1: 0.9077 pred_right: 16369 pred_wrong:131 actu_right: 16371 actu_wrong: 129
2026-07-24 00:59:13,469 P463801 INFO ----------------------------------------------------------------------------------------------------
2026-07-24 00:59:13,469 P463801 INFO 280/300 starting... lr: 0.0008100000000000001 para:0.01
2026-07-24 00:59:23,294 P463801 INFO Epoch 280/300, all_loss:0.00018 cls_loss:0.00001 rec_loss:0.01615 [9.82s]; best loss:0.00017, patience : 4
2026-07-24 00:59:25,167 P463801 INFO pr:0.9506  rc:0.9266  auc:0.9802 ap:0.9777 f1: 0.9385 pred_right: 38615 pred_wrong:385 actu_right: 38605 actu_wrong: 395
2026-07-24 00:59:25,970 P463801 INFO pr:0.9077  rc:0.9147  auc:0.9838 ap:0.9453 f1: 0.9112 pred_right: 16370 pred_wrong:130 actu_right: 16371 actu_wrong: 129
2026-07-24 00:59:25,970 P463801 INFO ----------------------------------------------------------------------------------------------------
2026-07-24 00:59:25,970 P463801 INFO 281/300 starting... lr: 0.0008100000000000001 para:0.01
2026-07-24 00:59:31,633 P463801 INFO Epoch 281/300, all_loss:0.00017 cls_loss:0.00001 rec_loss:0.01598 [5.66s]; best loss:0.00017, patience : 4
2026-07-24 00:59:33,487 P463801 INFO pr:0.9506  rc:0.9242  auc:0.9802 ap:0.9777 f1: 0.9373 pred_right: 38615 pred_wrong:385 actu_right: 38604 actu_wrong: 396
2026-07-24 00:59:34,270 P463801 INFO pr:0.9077  rc:0.9147  auc:0.9837 ap:0.9452 f1: 0.9112 pred_right: 16370 pred_wrong:130 actu_right: 16371 actu_wrong: 129
2026-07-24 00:59:34,270 P463801 INFO ----------------------------------------------------------------------------------------------------
2026-07-24 00:59:34,270 P463801 INFO 282/300 starting... lr: 0.0008100000000000001 para:0.01
2026-07-24 00:59:39,667 P463801 INFO Epoch 282/300, all_loss:0.00017 cls_loss:0.00001 rec_loss:0.01571 [5.40s]; best loss:0.00017, patience : 4
2026-07-24 00:59:41,749 P463801 INFO pr:0.9508  rc:0.9244  auc:0.9802 ap:0.9777 f1: 0.9374 pred_right: 38614 pred_wrong:386 actu_right: 38603 actu_wrong: 397
2026-07-24 00:59:42,715 P463801 INFO pr:0.9008  rc:0.9147  auc:0.9837 ap:0.9451 f1: 0.9077 pred_right: 16369 pred_wrong:131 actu_right: 16371 actu_wrong: 129
2026-07-24 00:59:42,716 P463801 INFO ----------------------------------------------------------------------------------------------------
2026-07-24 00:59:42,716 P463801 INFO 283/300 starting... lr: 0.0008100000000000001 para:0.01
2026-07-24 00:59:48,323 P463801 INFO Epoch 283/300, all_loss:0.00017 cls_loss:0.00001 rec_loss:0.01548 [5.61s]; best loss:0.00017, patience : 4
2026-07-24 00:59:50,275 P463801 INFO pr:0.9508  rc:0.9244  auc:0.9802 ap:0.9777 f1: 0.9374 pred_right: 38614 pred_wrong:386 actu_right: 38603 actu_wrong: 397
2026-07-24 00:59:51,033 P463801 INFO pr:0.9077  rc:0.9147  auc:0.9837 ap:0.9444 f1: 0.9112 pred_right: 16370 pred_wrong:130 actu_right: 16371 actu_wrong: 129
2026-07-24 00:59:51,033 P463801 INFO ----------------------------------------------------------------------------------------------------
2026-07-24 00:59:51,033 P463801 INFO 284/300 starting... lr: 0.0008100000000000001 para:0.01
2026-07-24 00:59:56,692 P463801 INFO Epoch 284/300, all_loss:0.00016 cls_loss:0.00001 rec_loss:0.01525 [5.65s]; best loss:0.00016, patience : 0
2026-07-24 00:59:58,735 P463801 INFO pr:0.9508  rc:0.9244  auc:0.9802 ap:0.9777 f1: 0.9374 pred_right: 38614 pred_wrong:386 actu_right: 38603 actu_wrong: 397
2026-07-24 00:59:59,601 P463801 INFO pr:0.8939  rc:0.9147  auc:0.9837 ap:0.9442 f1: 0.9042 pred_right: 16368 pred_wrong:132 actu_right: 16371 actu_wrong: 129
2026-07-24 00:59:59,602 P463801 INFO ----------------------------------------------------------------------------------------------------
2026-07-24 00:59:59,609 P463801 INFO 285/300 starting... lr: 0.0008100000000000001 para:0.01
2026-07-24 01:00:05,341 P463801 INFO Epoch 285/300, all_loss:0.00016 cls_loss:0.00001 rec_loss:0.01496 [5.73s]; best loss:0.00016, patience : 0
2026-07-24 01:00:07,529 P463801 INFO pr:0.9508  rc:0.9244  auc:0.9802 ap:0.9776 f1: 0.9374 pred_right: 38614 pred_wrong:386 actu_right: 38603 actu_wrong: 397
2026-07-24 01:00:08,408 P463801 INFO pr:0.8939  rc:0.9147  auc:0.9837 ap:0.9441 f1: 0.9042 pred_right: 16368 pred_wrong:132 actu_right: 16371 actu_wrong: 129
2026-07-24 01:00:08,409 P463801 INFO ----------------------------------------------------------------------------------------------------
2026-07-24 01:00:08,409 P463801 INFO 286/300 starting... lr: 0.0008100000000000001 para:0.01
2026-07-24 01:00:13,999 P463801 INFO Epoch 286/300, all_loss:0.00016 cls_loss:0.00001 rec_loss:0.01477 [5.59s]; best loss:0.00016, patience : 0
2026-07-24 01:00:16,023 P463801 INFO pr:0.9508  rc:0.9268  auc:0.9801 ap:0.9776 f1: 0.9386 pred_right: 38614 pred_wrong:386 actu_right: 38604 actu_wrong: 396
2026-07-24 01:00:16,900 P463801 INFO pr:0.8939  rc:0.9147  auc:0.9837 ap:0.9442 f1: 0.9042 pred_right: 16368 pred_wrong:132 actu_right: 16371 actu_wrong: 129
2026-07-24 01:00:16,901 P463801 INFO ----------------------------------------------------------------------------------------------------
2026-07-24 01:00:16,901 P463801 INFO 287/300 starting... lr: 0.0008100000000000001 para:0.01
2026-07-24 01:00:22,823 P463801 INFO Epoch 287/300, all_loss:0.00016 cls_loss:0.00001 rec_loss:0.01451 [5.92s]; best loss:0.00016, patience : 0
2026-07-24 01:00:25,230 P463801 INFO pr:0.9506  rc:0.9242  auc:0.9800 ap:0.9774 f1: 0.9373 pred_right: 38615 pred_wrong:385 actu_right: 38604 actu_wrong: 396
2026-07-24 01:00:26,143 P463801 INFO pr:0.8939  rc:0.9147  auc:0.9837 ap:0.9410 f1: 0.9042 pred_right: 16368 pred_wrong:132 actu_right: 16371 actu_wrong: 129
2026-07-24 01:00:26,144 P463801 INFO ----------------------------------------------------------------------------------------------------
2026-07-24 01:00:26,144 P463801 INFO 288/300 starting... lr: 0.0008100000000000001 para:0.01
2026-07-24 01:00:33,448 P463801 INFO Epoch 288/300, all_loss:0.00015 cls_loss:0.00001 rec_loss:0.01430 [7.30s]; best loss:0.00015, patience : 0
2026-07-24 01:00:35,055 P463801 INFO pr:0.9506  rc:0.9242  auc:0.9787 ap:0.9774 f1: 0.9373 pred_right: 38615 pred_wrong:385 actu_right: 38604 actu_wrong: 396
2026-07-24 01:00:35,844 P463801 INFO pr:0.8939  rc:0.9147  auc:0.9837 ap:0.9439 f1: 0.9042 pred_right: 16368 pred_wrong:132 actu_right: 16371 actu_wrong: 129
2026-07-24 01:00:35,845 P463801 INFO ----------------------------------------------------------------------------------------------------
2026-07-24 01:00:35,845 P463801 INFO 289/300 starting... lr: 0.0008100000000000001 para:0.01
2026-07-24 01:00:40,490 P463801 INFO Epoch 289/300, all_loss:0.00015 cls_loss:0.00001 rec_loss:0.01402 [4.64s]; best loss:0.00015, patience : 0
2026-07-24 01:00:42,282 P463801 INFO pr:0.9509  rc:0.9270  auc:0.9800 ap:0.9775 f1: 0.9388 pred_right: 38613 pred_wrong:387 actu_right: 38603 actu_wrong: 397
2026-07-24 01:00:43,034 P463801 INFO pr:0.8939  rc:0.9147  auc:0.9837 ap:0.9407 f1: 0.9042 pred_right: 16368 pred_wrong:132 actu_right: 16371 actu_wrong: 129
2026-07-24 01:00:43,035 P463801 INFO ----------------------------------------------------------------------------------------------------
2026-07-24 01:00:43,035 P463801 INFO 290/300 starting... lr: 0.0008100000000000001 para:0.01
2026-07-24 01:00:51,943 P463801 INFO Epoch 290/300, all_loss:0.00015 cls_loss:0.00001 rec_loss:0.01374 [8.90s]; best loss:0.00015, patience : 0
2026-07-24 01:00:56,171 P463801 INFO pr:0.9505  rc:0.9194  auc:0.9787 ap:0.9773 f1: 0.9347 pred_right: 38616 pred_wrong:384 actu_right: 38603 actu_wrong: 397
2026-07-24 01:00:57,580 P463801 INFO pr:0.8939  rc:0.9147  auc:0.9837 ap:0.9401 f1: 0.9042 pred_right: 16368 pred_wrong:132 actu_right: 16371 actu_wrong: 129
2026-07-24 01:00:57,582 P463801 INFO ----------------------------------------------------------------------------------------------------
2026-07-24 01:00:57,582 P463801 INFO 291/300 starting... lr: 0.0008100000000000001 para:0.01
2026-07-24 01:01:04,607 P463801 INFO Epoch 291/300, all_loss:0.00014 cls_loss:0.00001 rec_loss:0.01345 [7.02s]; best loss:0.00014, patience : 0
2026-07-24 01:01:06,652 P463801 INFO pr:0.9505  rc:0.9217  auc:0.9786 ap:0.9772 f1: 0.9359 pred_right: 38616 pred_wrong:384 actu_right: 38604 actu_wrong: 396
2026-07-24 01:01:07,580 P463801 INFO pr:0.8939  rc:0.9147  auc:0.9837 ap:0.9401 f1: 0.9042 pred_right: 16368 pred_wrong:132 actu_right: 16371 actu_wrong: 129
2026-07-24 01:01:07,581 P463801 INFO ----------------------------------------------------------------------------------------------------
2026-07-24 01:01:07,581 P463801 INFO 292/300 starting... lr: 0.0008100000000000001 para:0.01
2026-07-24 01:01:13,176 P463801 INFO Epoch 292/300, all_loss:0.00014 cls_loss:0.00001 rec_loss:0.01328 [5.59s]; best loss:0.00014, patience : 0
2026-07-24 01:01:15,237 P463801 INFO pr:0.9505  rc:0.9194  auc:0.9779 ap:0.9759 f1: 0.9347 pred_right: 38616 pred_wrong:384 actu_right: 38603 actu_wrong: 397
2026-07-24 01:01:15,998 P463801 INFO pr:0.8939  rc:0.9147  auc:0.9837 ap:0.9402 f1: 0.9042 pred_right: 16368 pred_wrong:132 actu_right: 16371 actu_wrong: 129
2026-07-24 01:01:15,999 P463801 INFO ----------------------------------------------------------------------------------------------------
2026-07-24 01:01:15,999 P463801 INFO 293/300 starting... lr: 0.0008100000000000001 para:0.01
2026-07-24 01:01:21,577 P463801 INFO Epoch 293/300, all_loss:0.00014 cls_loss:0.00001 rec_loss:0.01312 [5.57s]; best loss:0.00014, patience : 0
2026-07-24 01:01:23,560 P463801 INFO pr:0.9505  rc:0.9217  auc:0.9790 ap:0.9746 f1: 0.9359 pred_right: 38616 pred_wrong:384 actu_right: 38604 actu_wrong: 396
2026-07-24 01:01:24,372 P463801 INFO pr:0.8939  rc:0.9147  auc:0.9837 ap:0.9407 f1: 0.9042 pred_right: 16368 pred_wrong:132 actu_right: 16371 actu_wrong: 129
2026-07-24 01:01:24,372 P463801 INFO ----------------------------------------------------------------------------------------------------
2026-07-24 01:01:24,372 P463801 INFO 294/300 starting... lr: 0.0008100000000000001 para:0.01
2026-07-24 01:01:29,796 P463801 INFO Epoch 294/300, all_loss:0.00014 cls_loss:0.00001 rec_loss:0.01289 [5.42s]; best loss:0.00014, patience : 0
2026-07-24 01:01:31,775 P463801 INFO pr:0.9504  rc:0.9192  auc:0.9783 ap:0.9745 f1: 0.9345 pred_right: 38617 pred_wrong:383 actu_right: 38604 actu_wrong: 396
2026-07-24 01:01:32,659 P463801 INFO pr:0.8939  rc:0.9147  auc:0.9837 ap:0.9399 f1: 0.9042 pred_right: 16368 pred_wrong:132 actu_right: 16371 actu_wrong: 129
2026-07-24 01:01:32,660 P463801 INFO ----------------------------------------------------------------------------------------------------
2026-07-24 01:01:32,660 P463801 INFO 295/300 starting... lr: 0.0008100000000000001 para:0.01
2026-07-24 01:01:38,289 P463801 INFO Epoch 295/300, all_loss:0.00014 cls_loss:0.00001 rec_loss:0.01269 [5.62s]; best loss:0.00014, patience : 0
2026-07-24 01:01:40,041 P463801 INFO pr:0.9505  rc:0.9194  auc:0.9789 ap:0.9745 f1: 0.9347 pred_right: 38616 pred_wrong:384 actu_right: 38603 actu_wrong: 397
2026-07-24 01:01:40,802 P463801 INFO pr:0.8939  rc:0.9147  auc:0.9837 ap:0.9400 f1: 0.9042 pred_right: 16368 pred_wrong:132 actu_right: 16371 actu_wrong: 129
2026-07-24 01:01:40,803 P463801 INFO ----------------------------------------------------------------------------------------------------
2026-07-24 01:01:40,803 P463801 INFO 296/300 starting... lr: 0.0008100000000000001 para:0.01
2026-07-24 01:01:46,328 P463801 INFO Epoch 296/300, all_loss:0.00013 cls_loss:0.00001 rec_loss:0.01244 [5.52s]; best loss:0.00013, patience : 0
2026-07-24 01:01:48,200 P463801 INFO pr:0.9504  rc:0.9169  auc:0.9764 ap:0.9744 f1: 0.9333 pred_right: 38617 pred_wrong:383 actu_right: 38603 actu_wrong: 397
2026-07-24 01:01:48,933 P463801 INFO pr:0.8939  rc:0.9147  auc:0.9835 ap:0.9392 f1: 0.9042 pred_right: 16368 pred_wrong:132 actu_right: 16371 actu_wrong: 129
2026-07-24 01:01:48,934 P463801 INFO ----------------------------------------------------------------------------------------------------
2026-07-24 01:01:48,934 P463801 INFO 297/300 starting... lr: 0.0008100000000000001 para:0.01
2026-07-24 01:01:54,461 P463801 INFO Epoch 297/300, all_loss:0.00013 cls_loss:0.00001 rec_loss:0.01212 [5.52s]; best loss:0.00013, patience : 0
2026-07-24 01:01:56,468 P463801 INFO pr:0.9506  rc:0.9219  auc:0.9777 ap:0.9745 f1: 0.9361 pred_right: 38615 pred_wrong:385 actu_right: 38603 actu_wrong: 397
2026-07-24 01:01:57,396 P463801 INFO pr:0.8939  rc:0.9147  auc:0.9836 ap:0.9399 f1: 0.9042 pred_right: 16368 pred_wrong:132 actu_right: 16371 actu_wrong: 129
2026-07-24 01:01:57,397 P463801 INFO ----------------------------------------------------------------------------------------------------
2026-07-24 01:01:57,397 P463801 INFO 298/300 starting... lr: 0.0008100000000000001 para:0.01
2026-07-24 01:02:03,089 P463801 INFO Epoch 298/300, all_loss:0.00013 cls_loss:0.00001 rec_loss:0.01187 [5.69s]; best loss:0.00013, patience : 0
2026-07-24 01:02:05,066 P463801 INFO pr:0.9504  rc:0.9169  auc:0.9774 ap:0.9741 f1: 0.9333 pred_right: 38617 pred_wrong:383 actu_right: 38603 actu_wrong: 397
2026-07-24 01:02:05,909 P463801 INFO pr:0.8939  rc:0.9147  auc:0.9827 ap:0.9391 f1: 0.9042 pred_right: 16368 pred_wrong:132 actu_right: 16371 actu_wrong: 129
2026-07-24 01:02:05,910 P463801 INFO ----------------------------------------------------------------------------------------------------
2026-07-24 01:02:05,910 P463801 INFO 299/300 starting... lr: 0.0008100000000000001 para:0.01
2026-07-24 01:02:11,452 P463801 INFO Epoch 299/300, all_loss:0.00013 cls_loss:0.00001 rec_loss:0.01186 [5.54s]; best loss:0.00013, patience : 0
2026-07-24 01:02:14,490 P463801 INFO pr:0.9504  rc:0.9169  auc:0.9762 ap:0.9742 f1: 0.9333 pred_right: 38617 pred_wrong:383 actu_right: 38603 actu_wrong: 397
2026-07-24 01:02:15,183 P463801 INFO pr:0.8939  rc:0.9147  auc:0.9818 ap:0.9392 f1: 0.9042 pred_right: 16368 pred_wrong:132 actu_right: 16371 actu_wrong: 129
2026-07-24 01:02:15,183 P463801 INFO saving model...
2026-07-24 01:02:15,183 P463801 INFO FITS_Legendre - loss  best score:0.00012594556028489023 at epoch 299
2026-07-24 01:02:15,189 P463801 INFO FITS_Legendre - f1  best score:0.9435897435897436 at epoch 158
2026-07-24 01:02:15,192 P463801 INFO Average training time per epoch: 6.07 seconds
2026-07-24 01:02:15,193 P463801 INFO calculate scores...
2026-07-24 01:02:15,193 P463801 INFO calculate label with loss...
2026-07-24 01:02:15,193 P463801 INFO FITS_Legendre on ./result/server_only_exps/Basis_updatedFreDF/FITS_Legendre-MSDS-Epochs300-Seed2-ExpNameRQ2_basis_comparison-BasisTypehermite-lowshow-simplegraph loading...
2026-07-24 01:02:15,792 P463801 INFO pr:0.8939  rc:0.9147  auc:0.9818 ap:0.9392 f1: 0.9042 pred_right: 16368 pred_wrong:132 actu_right: 16371 actu_wrong: 129
2026-07-24 01:02:16,614 P463801 INFO pr:0.8939  rc:0.9147  auc:0.9818 ap:0.9392 f1: 0.9042 pred_right: 16368 pred_wrong:132 actu_right: 16371 actu_wrong: 129
2026-07-24 01:02:16,615 P463801 INFO Performance Summary:
{'GPU': {'inference_time_per_sample_ms': 0.169082413586185, 'throughput_samples_per_sec': 5914.27564103394, 'peak_memory_mb': 37.0380859375, 'energy_per_sample_joules': 0.008480751159449074}, 'CPU': {'inference_time_per_sample_ms': 0.23548587381804126, 'throughput_samples_per_sec': 4246.539224568073, 'peak_memory_mb': 2913.28515625, 'energy_per_sample_joules': 0.01530658179817268}}
2026-07-24 01:02:16,615 P463801 INFO Starting clean-room hardware benchmarking...
2026-07-24 01:02:17,113 P463801 INFO Performance with loss: pr:0.8939  rc:0.9147  auc:0.9818 ap:0.9392 f1: 0.9042 pred_right: 16368 pred_wrong:132 actu_right: 16371 actu_wrong: 129
2026-07-24 01:02:17,113 P463801 INFO calculate label with f1...
2026-07-24 01:02:17,113 P463801 INFO FITS_Legendre on ./result/server_only_exps/Basis_updatedFreDF/FITS_Legendre-MSDS-Epochs300-Seed2-ExpNameRQ2_basis_comparison-BasisTypehermite-lowshow-simplegraph loading...
2026-07-24 01:02:17,680 P463801 INFO pr:0.8403  rc:0.9380  auc:0.9977 ap:0.9626 f1: 0.8864 pred_right: 16356 pred_wrong:144 actu_right: 16371 actu_wrong: 129
2026-07-24 01:02:18,483 P463801 INFO pr:0.8403  rc:0.9380  auc:0.9977 ap:0.9626 f1: 0.8864 pred_right: 16356 pred_wrong:144 actu_right: 16371 actu_wrong: 129
2026-07-24 01:02:18,484 P463801 INFO Performance Summary:
{'GPU': {'inference_time_per_sample_ms': 0.16033554305163816, 'throughput_samples_per_sec': 6236.920279603487, 'peak_memory_mb': 36.4921875, 'energy_per_sample_joules': 0.008021667386644983}, 'CPU': {'inference_time_per_sample_ms': 0.2304204409520069, 'throughput_samples_per_sec': 4339.892745055049, 'peak_memory_mb': 2915.2265625, 'energy_per_sample_joules': 0.014977328661880448}}
2026-07-24 01:02:18,484 P463801 INFO Starting clean-room hardware benchmarking...
2026-07-24 01:02:18,981 P463801 INFO Performance with f1: pr:0.8403  rc:0.9380  auc:0.9977 ap:0.9626 f1: 0.8864 pred_right: 16356 pred_wrong:144 actu_right: 16371 actu_wrong: 129
