2026-09-12 04:09:10,565 P307332 INFO ---- Model: ----MSTGAD-2b8af334----random_seed : 2----req_loss_approach : Legendre-style----rec_lambda : 1.0----auxi_lambda : 0.0----Freq Domain : FITS_Legendre----Multi Fits : false----train : True----evaluate : False
2026-09-12 04:09:10,565 P307332 INFO read Tranform data
2026-09-12 04:09:12,113 P307332 INFO read Graph edge data
2026-09-12 04:09:12,113 P307332 INFO Fewshot: training with 1.0 of the 70% of the data
2026-09-12 04:09:12,220 P307332 INFO Trainable Parameters Breakdown:
2026-09-12 04:09:12,220 P307332 INFO --------------------------------------------------------------------------------
2026-09-12 04:09:12,220 P307332 INFO Reconstruction-Specific Parameters:
2026-09-12 04:09:12,220 P307332 INFO node_emb.linear.weight                   | shape: (4, 3)                    | params: 12
2026-09-12 04:09:12,220 P307332 INFO node_emb.linear.bias                     | shape: (4,)                      | params: 4
2026-09-12 04:09:12,220 P307332 INFO log_emb.linear.weight                    | shape: (16, 256)                 | params: 4,096
2026-09-12 04:09:12,221 P307332 INFO log_emb.linear.bias                      | shape: (16,)                     | params: 16
2026-09-12 04:09:12,221 P307332 INFO egde_emb.linear.weight                   | shape: (4, 7)                    | params: 28
2026-09-12 04:09:12,221 P307332 INFO egde_emb.linear.bias                     | shape: (4,)                      | params: 4
2026-09-12 04:09:12,221 P307332 INFO dense_node.weight                        | shape: (3, 4)                    | params: 12
2026-09-12 04:09:12,221 P307332 INFO dense_node.bias                          | shape: (3,)                      | params: 3
2026-09-12 04:09:12,221 P307332 INFO dense_log.weight                         | shape: (256, 16)                 | params: 4,096
2026-09-12 04:09:12,221 P307332 INFO dense_log.bias                           | shape: (256,)                    | params: 256
2026-09-12 04:09:12,221 P307332 INFO dense_edge.weight                        | shape: (7, 4)                    | params: 28
2026-09-12 04:09:12,221 P307332 INFO dense_edge.bias                          | shape: (7,)                      | params: 7
2026-09-12 04:09:12,221 P307332 INFO linear_attn.Wq.weight                    | shape: (10, 10)                  | params: 100
2026-09-12 04:09:12,221 P307332 INFO linear_attn.Wk.weight                    | shape: (10, 10)                  | params: 100
2026-09-12 04:09:12,221 P307332 INFO linear_attn.Wv.weight                    | shape: (10, 10)                  | params: 100
2026-09-12 04:09:12,221 P307332 INFO linear_attn.out.weight                   | shape: (10, 10)                  | params: 100
2026-09-12 04:09:12,221 P307332 INFO linear_attn.out.bias                     | shape: (10,)                     | params: 10
2026-09-12 04:09:12,221 P307332 INFO linear_attn.norm.weight                  | shape: (10,)                     | params: 10
2026-09-12 04:09:12,221 P307332 INFO linear_attn.norm.bias                    | shape: (10,)                     | params: 10
2026-09-12 04:09:12,221 P307332 INFO shared_fits.normlin_W                    | shape: (3, 3)                    | params: 9
2026-09-12 04:09:12,221 P307332 INFO shared_fits.freq_upsampler.weight        | shape: (3, 3)                    | params: 9
2026-09-12 04:09:12,221 P307332 INFO shared_fits.freq_upsampler.bias          | shape: (3,)                      | params: 3
2026-09-12 04:09:12,221 P307332 INFO modality_proj.node.weight                | shape: (10, 4)                   | params: 40
2026-09-12 04:09:12,221 P307332 INFO modality_proj.node.bias                  | shape: (10,)                     | params: 10
2026-09-12 04:09:12,221 P307332 INFO modality_proj.log.weight                 | shape: (10, 16)                  | params: 160
2026-09-12 04:09:12,222 P307332 INFO modality_proj.log.bias                   | shape: (10,)                     | params: 10
2026-09-12 04:09:12,222 P307332 INFO modality_proj.edge.weight                | shape: (10, 4)                   | params: 40
2026-09-12 04:09:12,222 P307332 INFO modality_proj.edge.bias                  | shape: (10,)                     | params: 10
2026-09-12 04:09:12,222 P307332 INFO modality_proj_out.node.weight            | shape: (4, 10)                   | params: 40
2026-09-12 04:09:12,222 P307332 INFO modality_proj_out.node.bias              | shape: (4,)                      | params: 4
2026-09-12 04:09:12,222 P307332 INFO modality_proj_out.log.weight             | shape: (16, 10)                  | params: 160
2026-09-12 04:09:12,222 P307332 INFO modality_proj_out.log.bias               | shape: (16,)                     | params: 16
2026-09-12 04:09:12,222 P307332 INFO modality_proj_out.edge.weight            | shape: (4, 10)                   | params: 40
2026-09-12 04:09:12,222 P307332 INFO modality_proj_out.edge.bias              | shape: (4,)                      | params: 4
2026-09-12 04:09:12,222 P307332 INFO Subtotal: 9,547
2026-09-12 04:09:12,222 P307332 INFO --------------------------------------------------------------------------------
2026-09-12 04:09:12,222 P307332 INFO Common Parameters:
2026-09-12 04:09:12,222 P307332 INFO show.0.weight                            | shape: (128, 266)                | params: 34,048
2026-09-12 04:09:12,222 P307332 INFO show.0.bias                              | shape: (128,)                    | params: 128
2026-09-12 04:09:12,222 P307332 INFO show.2.weight                            | shape: (2, 128)                  | params: 256
2026-09-12 04:09:12,222 P307332 INFO show.2.bias                              | shape: (2,)                      | params: 2
2026-09-12 04:09:12,222 P307332 INFO Subtotal: 34,434
2026-09-12 04:09:12,222 P307332 INFO --------------------------------------------------------------------------------
2026-09-12 04:09:12,222 P307332 INFO Total Trainable Parameters: 43,981

2026-09-12 04:09:12,222 P307332 INFO Trainable Parameters: 43981, reconstruction: 9547, common: 34434
2026-09-12 04:09:12,223 P307332 INFO model : init weight
2026-09-12 04:09:12,223 P307332 INFO Using GPU...
2026-09-12 04:09:12,227 P307332 INFO optimizer : using AdaBelief
2026-09-12 04:09:12,227 P307332 INFO ----------------------------------------------------------------------------------------------------
2026-09-12 04:09:12,227 P307332 INFO 0/300 starting... lr: 0.001 para:1.0
2026-09-12 04:09:20,849 P307332 INFO Epoch 0/300, all_loss:0.03203 cls_loss:62.90950 rec_loss:0.03203 [8.62s]; best loss:0.03203, patience : 0
2026-09-12 04:09:20,849 P307332 INFO ----------------------------------------------------------------------------------------------------
2026-09-12 04:09:20,849 P307332 INFO 1/300 starting... lr: 0.001 para:0.5
2026-09-12 04:09:36,392 P307332 INFO Epoch 1/300, all_loss:2.89285 cls_loss:5.72571 rec_loss:0.06000 [15.53s]; best loss:2.89285, patience : 0
2026-09-12 04:09:36,394 P307332 INFO ----------------------------------------------------------------------------------------------------
2026-09-12 04:09:36,396 P307332 INFO 2/300 starting... lr: 0.001 para:0.3333333432674408
2026-09-12 04:09:51,860 P307332 INFO Epoch 2/300, all_loss:6.65975 cls_loss:9.94705 rec_loss:0.08515 [15.46s]; best loss:2.89285, patience : 1
2026-09-12 04:09:55,223 P307332 INFO pr:0.0000  rc:0.0000  auc:0.9345 ap:0.6547 f1: 0.0000 pred_right: 38999 pred_wrong:1 actu_right: 38603 actu_wrong: 397
2026-09-12 04:09:56,568 P307332 INFO pr:0.0000  rc:0.0000  auc:0.9332 ap:0.6160 f1: 0.0000 pred_right: 16500 pred_wrong: 0  actu_right: 16371 actu_wrong: 129
2026-09-12 04:09:56,574 P307332 INFO ----------------------------------------------------------------------------------------------------
2026-09-12 04:09:56,574 P307332 INFO 3/300 starting... lr: 0.001 para:0.25
2026-09-12 04:10:08,520 P307332 INFO Epoch 3/300, all_loss:8.69665 cls_loss:11.56062 rec_loss:0.10475 [11.94s]; best loss:2.89285, patience : 2
2026-09-12 04:10:11,963 P307332 INFO pr:1.0000  rc:0.0101  auc:0.9539 ap:0.7856 f1: 0.0200 pred_right: 38996 pred_wrong:4 actu_right: 38603 actu_wrong: 397
2026-09-12 04:10:13,412 P307332 INFO pr:0.5000  rc:0.0233  auc:0.9599 ap:0.6947 f1: 0.0444 pred_right: 16494 pred_wrong:6 actu_right: 16371 actu_wrong: 129
2026-09-12 04:10:13,419 P307332 INFO ----------------------------------------------------------------------------------------------------
2026-09-12 04:10:13,420 P307332 INFO 4/300 starting... lr: 0.001 para:0.20000000298023224
2026-09-12 04:10:26,045 P307332 INFO Epoch 4/300, all_loss:4.81031 cls_loss:5.98232 rec_loss:0.12229 [12.62s]; best loss:2.89285, patience : 2
2026-09-12 04:10:29,112 P307332 INFO pr:0.8596  rc:0.3854  auc:0.9571 ap:0.8195 f1: 0.5322 pred_right: 38822 pred_wrong:178 actu_right: 38603 actu_wrong: 397
2026-09-12 04:10:30,402 P307332 INFO pr:0.6667  rc:0.2636  auc:0.9657 ap:0.7123 f1: 0.3778 pred_right: 16449 pred_wrong:51 actu_right: 16371 actu_wrong: 129
2026-09-12 04:10:30,409 P307332 INFO ----------------------------------------------------------------------------------------------------
2026-09-12 04:10:30,410 P307332 INFO 5/300 starting... lr: 0.001 para:0.1666666716337204
2026-09-12 04:10:42,950 P307332 INFO Epoch 5/300, all_loss:1.16796 cls_loss:1.37530 rec_loss:0.13126 [12.53s]; best loss:1.16796, patience : 0
2026-09-12 04:10:46,167 P307332 INFO pr:0.6873  rc:0.6177  auc:0.9593 ap:0.8249 f1: 0.6507 pred_right: 38645 pred_wrong:355 actu_right: 38605 actu_wrong: 395
2026-09-12 04:10:47,444 P307332 INFO pr:0.5130  rc:0.4574  auc:0.9711 ap:0.7293 f1: 0.4836 pred_right: 16385 pred_wrong:115 actu_right: 16371 actu_wrong: 129
2026-09-12 04:10:47,452 P307332 INFO ----------------------------------------------------------------------------------------------------
2026-09-12 04:10:47,453 P307332 INFO 6/300 starting... lr: 0.001 para:0.1428571492433548
2026-09-12 04:11:00,762 P307332 INFO Epoch 6/300, all_loss:1.04917 cls_loss:1.20188 rec_loss:0.13288 [13.30s]; best loss:1.04917, patience : 0
2026-09-12 04:11:04,156 P307332 INFO pr:0.8316  rc:0.3980  auc:0.9618 ap:0.8231 f1: 0.5383 pred_right: 38810 pred_wrong:190 actu_right: 38603 actu_wrong: 397
2026-09-12 04:11:05,456 P307332 INFO pr:0.7241  rc:0.3256  auc:0.9714 ap:0.7250 f1: 0.4492 pred_right: 16442 pred_wrong:58 actu_right: 16371 actu_wrong: 129
2026-09-12 04:11:05,458 P307332 INFO ----------------------------------------------------------------------------------------------------
2026-09-12 04:11:05,458 P307332 INFO 7/300 starting... lr: 0.001 para:0.125
2026-09-12 04:11:18,599 P307332 INFO Epoch 7/300, all_loss:1.20795 cls_loss:1.36130 rec_loss:0.13444 [13.14s]; best loss:1.04917, patience : 1
2026-09-12 04:11:21,761 P307332 INFO pr:0.8514  rc:0.4773  auc:0.9561 ap:0.8378 f1: 0.6117 pred_right: 38778 pred_wrong:222 actu_right: 38604 actu_wrong: 396
2026-09-12 04:11:23,388 P307332 INFO pr:0.6716  rc:0.3488  auc:0.9679 ap:0.7231 f1: 0.4592 pred_right: 16433 pred_wrong:67 actu_right: 16371 actu_wrong: 129
2026-09-12 04:11:23,390 P307332 INFO ----------------------------------------------------------------------------------------------------
2026-09-12 04:11:23,391 P307332 INFO 8/300 starting... lr: 0.001 para:0.1111111119389534
2026-09-12 04:11:36,288 P307332 INFO Epoch 8/300, all_loss:1.10297 cls_loss:1.22480 rec_loss:0.12828 [12.90s]; best loss:1.04917, patience : 1
2026-09-12 04:11:39,383 P307332 INFO pr:0.9714  rc:0.0856  auc:0.9546 ap:0.8129 f1: 0.1574 pred_right: 38965 pred_wrong:35 actu_right: 38603 actu_wrong: 397
2026-09-12 04:11:41,510 P307332 INFO pr:0.8421  rc:0.1240  auc:0.9553 ap:0.7128 f1: 0.2162 pred_right: 16481 pred_wrong:19 actu_right: 16371 actu_wrong: 129
2026-09-12 04:11:41,511 P307332 INFO ----------------------------------------------------------------------------------------------------
2026-09-12 04:11:41,512 P307332 INFO 9/300 starting... lr: 0.001 para:0.10000000149011612
2026-09-12 04:11:53,668 P307332 INFO Epoch 9/300, all_loss:1.06387 cls_loss:1.16752 rec_loss:0.13100 [12.15s]; best loss:1.04917, patience : 1
2026-09-12 04:11:56,598 P307332 INFO pr:0.7774  rc:0.5909  auc:0.9564 ap:0.8429 f1: 0.6714 pred_right: 38699 pred_wrong:301 actu_right: 38604 actu_wrong: 396
2026-09-12 04:11:57,883 P307332 INFO pr:0.6463  rc:0.4109  auc:0.9705 ap:0.7316 f1: 0.5024 pred_right: 16418 pred_wrong:82 actu_right: 16371 actu_wrong: 129
2026-09-12 04:11:57,890 P307332 INFO ----------------------------------------------------------------------------------------------------
2026-09-12 04:11:57,890 P307332 INFO 10/300 starting... lr: 0.001 para:0.09090909361839294
2026-09-12 04:12:20,817 P307332 INFO Epoch 10/300, all_loss:2.53568 cls_loss:2.77585 rec_loss:0.13391 [22.93s]; best loss:1.04917, patience : 2
2026-09-12 04:12:24,208 P307332 INFO pr:0.8689  rc:0.4509  auc:0.9601 ap:0.8443 f1: 0.5937 pred_right: 38794 pred_wrong:206 actu_right: 38603 actu_wrong: 397
2026-09-12 04:12:25,585 P307332 INFO pr:0.7736  rc:0.3178  auc:0.9753 ap:0.7416 f1: 0.4505 pred_right: 16447 pred_wrong:53 actu_right: 16371 actu_wrong: 129
2026-09-12 04:12:25,587 P307332 INFO ----------------------------------------------------------------------------------------------------
2026-09-12 04:12:25,588 P307332 INFO 11/300 starting... lr: 0.001 para:0.0833333358168602
2026-09-12 04:12:38,462 P307332 INFO Epoch 11/300, all_loss:1.11763 cls_loss:1.20731 rec_loss:0.13123 [12.87s]; best loss:1.04917, patience : 2
2026-09-12 04:12:41,558 P307332 INFO pr:0.6802  rc:0.6322  auc:0.9605 ap:0.8372 f1: 0.6554 pred_right: 38631 pred_wrong:369 actu_right: 38603 actu_wrong: 397
2026-09-12 04:12:43,091 P307332 INFO pr:0.4956  rc:0.4341  auc:0.9741 ap:0.7248 f1: 0.4628 pred_right: 16387 pred_wrong:113 actu_right: 16371 actu_wrong: 129
2026-09-12 04:12:43,092 P307332 INFO ----------------------------------------------------------------------------------------------------
2026-09-12 04:12:43,092 P307332 INFO 12/300 starting... lr: 0.001 para:0.07692307978868484
2026-09-12 04:12:55,862 P307332 INFO Epoch 12/300, all_loss:1.30820 cls_loss:1.40703 rec_loss:0.12229 [12.77s]; best loss:1.04917, patience : 3
2026-09-12 04:12:59,034 P307332 INFO pr:0.8139  rc:0.5631  auc:0.9654 ap:0.8438 f1: 0.6657 pred_right: 38726 pred_wrong:274 actu_right: 38604 actu_wrong: 396
2026-09-12 04:13:00,409 P307332 INFO pr:0.7101  rc:0.3798  auc:0.9803 ap:0.7556 f1: 0.4949 pred_right: 16431 pred_wrong:69 actu_right: 16371 actu_wrong: 129
2026-09-12 04:13:00,411 P307332 INFO ----------------------------------------------------------------------------------------------------
2026-09-12 04:13:00,412 P307332 INFO 13/300 starting... lr: 0.001 para:0.0714285746216774
2026-09-12 04:13:14,759 P307332 INFO Epoch 13/300, all_loss:1.03036 cls_loss:1.10007 rec_loss:0.12421 [14.34s]; best loss:1.03036, patience : 0
2026-09-12 04:13:19,045 P307332 INFO pr:0.8710  rc:0.2734  auc:0.9664 ap:0.8477 f1: 0.4162 pred_right: 38876 pred_wrong:124 actu_right: 38605 actu_wrong: 395
2026-09-12 04:13:20,772 P307332 INFO pr:0.7949  rc:0.2403  auc:0.9824 ap:0.7665 f1: 0.3690 pred_right: 16461 pred_wrong:39 actu_right: 16371 actu_wrong: 129
2026-09-12 04:13:20,774 P307332 INFO ----------------------------------------------------------------------------------------------------
2026-09-12 04:13:20,774 P307332 INFO 14/300 starting... lr: 0.001 para:0.06666667014360428
2026-09-12 04:13:34,909 P307332 INFO Epoch 14/300, all_loss:1.32486 cls_loss:1.41097 rec_loss:0.11931 [14.13s]; best loss:1.03036, patience : 1
2026-09-12 04:13:38,907 P307332 INFO pr:0.8605  rc:0.2803  auc:0.9631 ap:0.8463 f1: 0.4229 pred_right: 38871 pred_wrong:129 actu_right: 38604 actu_wrong: 396
2026-09-12 04:13:40,320 P307332 INFO pr:0.7692  rc:0.2326  auc:0.9829 ap:0.7656 f1: 0.3571 pred_right: 16461 pred_wrong:39 actu_right: 16371 actu_wrong: 129
2026-09-12 04:13:40,321 P307332 INFO ----------------------------------------------------------------------------------------------------
2026-09-12 04:13:40,321 P307332 INFO 15/300 starting... lr: 0.001 para:0.0625
2026-09-12 04:13:53,612 P307332 INFO Epoch 15/300, all_loss:3.80554 cls_loss:4.05167 rec_loss:0.11364 [13.29s]; best loss:1.03036, patience : 2
2026-09-12 04:13:57,004 P307332 INFO pr:0.8217  rc:0.5354  auc:0.9688 ap:0.8500 f1: 0.6483 pred_right: 38742 pred_wrong:258 actu_right: 38604 actu_wrong: 396
2026-09-12 04:13:58,281 P307332 INFO pr:0.7500  rc:0.3721  auc:0.9845 ap:0.7672 f1: 0.4974 pred_right: 16436 pred_wrong:64 actu_right: 16371 actu_wrong: 129
2026-09-12 04:13:58,282 P307332 INFO ----------------------------------------------------------------------------------------------------
2026-09-12 04:13:58,282 P307332 INFO 16/300 starting... lr: 0.001 para:0.05882352963089943
2026-09-12 04:14:12,141 P307332 INFO Epoch 16/300, all_loss:0.91575 cls_loss:0.96594 rec_loss:0.11275 [13.85s]; best loss:0.91575, patience : 0
2026-09-12 04:14:15,731 P307332 INFO pr:0.8373  rc:0.5315  auc:0.9586 ap:0.8540 f1: 0.6502 pred_right: 38748 pred_wrong:252 actu_right: 38603 actu_wrong: 397
2026-09-12 04:14:17,077 P307332 INFO pr:0.7667  rc:0.3566  auc:0.9798 ap:0.7634 f1: 0.4868 pred_right: 16440 pred_wrong:60 actu_right: 16371 actu_wrong: 129
2026-09-12 04:14:17,086 P307332 INFO ----------------------------------------------------------------------------------------------------
2026-09-12 04:14:17,086 P307332 INFO 17/300 starting... lr: 0.001 para:0.0555555559694767
2026-09-12 04:14:31,110 P307332 INFO Epoch 17/300, all_loss:8.55380 cls_loss:9.05036 rec_loss:0.11230 [14.02s]; best loss:0.91575, patience : 1
2026-09-12 04:14:34,196 P307332 INFO pr:0.7836  rc:0.6020  auc:0.9730 ap:0.8536 f1: 0.6809 pred_right: 38695 pred_wrong:305 actu_right: 38603 actu_wrong: 397
2026-09-12 04:14:35,553 P307332 INFO pr:0.7123  rc:0.4031  auc:0.9881 ap:0.7913 f1: 0.5149 pred_right: 16427 pred_wrong:73 actu_right: 16371 actu_wrong: 129
2026-09-12 04:14:35,559 P307332 INFO ----------------------------------------------------------------------------------------------------
2026-09-12 04:14:35,560 P307332 INFO 18/300 starting... lr: 0.001 para:0.05263157933950424
2026-09-12 04:14:59,209 P307332 INFO Epoch 18/300, all_loss:0.95018 cls_loss:0.99680 rec_loss:0.11090 [23.65s]; best loss:0.91575, patience : 1
2026-09-12 04:15:03,438 P307332 INFO pr:0.8300  rc:0.5164  auc:0.9689 ap:0.8544 f1: 0.6366 pred_right: 38753 pred_wrong:247 actu_right: 38603 actu_wrong: 397
2026-09-12 04:15:05,243 P307332 INFO pr:0.7667  rc:0.3566  auc:0.9871 ap:0.7950 f1: 0.4868 pred_right: 16440 pred_wrong:60 actu_right: 16371 actu_wrong: 129
2026-09-12 04:15:05,244 P307332 INFO ----------------------------------------------------------------------------------------------------
2026-09-12 04:15:05,244 P307332 INFO 19/300 starting... lr: 0.001 para:0.05000000074505806
2026-09-12 04:15:18,812 P307332 INFO Epoch 19/300, all_loss:1.38842 cls_loss:1.45577 rec_loss:0.10878 [13.57s]; best loss:0.91575, patience : 2
2026-09-12 04:15:22,437 P307332 INFO pr:0.7407  rc:0.6549  auc:0.9630 ap:0.8541 f1: 0.6952 pred_right: 38649 pred_wrong:351 actu_right: 38603 actu_wrong: 397
2026-09-12 04:15:24,018 P307332 INFO pr:0.6364  rc:0.4341  auc:0.9812 ap:0.7632 f1: 0.5161 pred_right: 16412 pred_wrong:88 actu_right: 16371 actu_wrong: 129
2026-09-12 04:15:24,028 P307332 INFO ----------------------------------------------------------------------------------------------------
2026-09-12 04:15:24,029 P307332 INFO 20/300 starting... lr: 0.001 para:0.0476190485060215
2026-09-12 04:15:37,407 P307332 INFO Epoch 20/300, all_loss:0.99873 cls_loss:1.04345 rec_loss:0.10445 [13.38s]; best loss:0.91575, patience : 2
2026-09-12 04:15:40,498 P307332 INFO pr:0.6967  rc:0.7003  auc:0.9719 ap:0.8672 f1: 0.6985 pred_right: 38601 pred_wrong:399 actu_right: 38603 actu_wrong: 397
2026-09-12 04:15:42,025 P307332 INFO pr:0.5487  rc:0.4806  auc:0.9875 ap:0.7804 f1: 0.5124 pred_right: 16387 pred_wrong:113 actu_right: 16371 actu_wrong: 129
2026-09-12 04:15:42,035 P307332 INFO ----------------------------------------------------------------------------------------------------
2026-09-12 04:15:42,037 P307332 INFO 21/300 starting... lr: 0.001 para:0.04545454680919647
2026-09-12 04:15:55,215 P307332 INFO Epoch 21/300, all_loss:0.89162 cls_loss:0.92902 rec_loss:0.10603 [13.17s]; best loss:0.89162, patience : 0
2026-09-12 04:15:59,017 P307332 INFO pr:0.7801  rc:0.6540  auc:0.9741 ap:0.8667 f1: 0.7115 pred_right: 38668 pred_wrong:332 actu_right: 38604 actu_wrong: 396
2026-09-12 04:16:00,417 P307332 INFO pr:0.7105  rc:0.4186  auc:0.9894 ap:0.7889 f1: 0.5268 pred_right: 16424 pred_wrong:76 actu_right: 16371 actu_wrong: 129
2026-09-12 04:16:00,426 P307332 INFO ----------------------------------------------------------------------------------------------------
2026-09-12 04:16:00,426 P307332 INFO 22/300 starting... lr: 0.001 para:0.043478261679410934
2026-09-12 04:16:13,933 P307332 INFO Epoch 22/300, all_loss:0.88952 cls_loss:0.92519 rec_loss:0.10474 [13.50s]; best loss:0.88952, patience : 0
2026-09-12 04:16:17,088 P307332 INFO pr:0.7993  rc:0.6020  auc:0.9702 ap:0.8480 f1: 0.6868 pred_right: 38701 pred_wrong:299 actu_right: 38603 actu_wrong: 397
2026-09-12 04:16:18,497 P307332 INFO pr:0.7714  rc:0.4186  auc:0.9901 ap:0.8240 f1: 0.5427 pred_right: 16430 pred_wrong:70 actu_right: 16371 actu_wrong: 129
2026-09-12 04:16:18,498 P307332 INFO ----------------------------------------------------------------------------------------------------
2026-09-12 04:16:18,498 P307332 INFO 23/300 starting... lr: 0.001 para:0.0416666679084301
2026-09-12 04:16:32,542 P307332 INFO Epoch 23/300, all_loss:3.22108 cls_loss:3.35660 rec_loss:0.10417 [14.04s]; best loss:0.88952, patience : 1
2026-09-12 04:16:36,663 P307332 INFO pr:0.7532  rc:0.1461  auc:0.9600 ap:0.8307 f1: 0.2447 pred_right: 38923 pred_wrong:77 actu_right: 38603 actu_wrong: 397
2026-09-12 04:16:38,062 P307332 INFO pr:0.8667  rc:0.2016  auc:0.9508 ap:0.8080 f1: 0.3270 pred_right: 16470 pred_wrong:30 actu_right: 16371 actu_wrong: 129
2026-09-12 04:16:38,064 P307332 INFO ----------------------------------------------------------------------------------------------------
2026-09-12 04:16:38,064 P307332 INFO 24/300 starting... lr: 0.001 para:0.03999999910593033
2026-09-12 04:16:52,519 P307332 INFO Epoch 24/300, all_loss:1.09076 cls_loss:1.13202 rec_loss:0.10063 [14.45s]; best loss:0.88952, patience : 1
2026-09-12 04:16:56,116 P307332 INFO pr:0.7614  rc:0.6751  auc:0.9713 ap:0.8858 f1: 0.7156 pred_right: 38648 pred_wrong:352 actu_right: 38603 actu_wrong: 397
2026-09-12 04:16:57,882 P307332 INFO pr:0.7143  rc:0.4264  auc:0.9908 ap:0.7952 f1: 0.5340 pred_right: 16423 pred_wrong:77 actu_right: 16371 actu_wrong: 129
2026-09-12 04:16:57,891 P307332 INFO ----------------------------------------------------------------------------------------------------
2026-09-12 04:16:57,892 P307332 INFO 25/300 starting... lr: 0.001 para:0.03846153989434242
2026-09-12 04:17:11,955 P307332 INFO Epoch 25/300, all_loss:0.92187 cls_loss:0.95488 rec_loss:0.09667 [14.06s]; best loss:0.88952, patience : 1
2026-09-12 04:17:15,200 P307332 INFO pr:0.8566  rc:0.6203  auc:0.9752 ap:0.8915 f1: 0.7195 pred_right: 38714 pred_wrong:286 actu_right: 38605 actu_wrong: 395
2026-09-12 04:17:16,526 P307332 INFO pr:0.7302  rc:0.3566  auc:0.9921 ap:0.8097 f1: 0.4792 pred_right: 16437 pred_wrong:63 actu_right: 16371 actu_wrong: 129
2026-09-12 04:17:16,534 P307332 INFO ----------------------------------------------------------------------------------------------------
2026-09-12 04:17:16,534 P307332 INFO 26/300 starting... lr: 0.001 para:0.03703703731298447
2026-09-12 04:17:36,886 P307332 INFO Epoch 26/300, all_loss:0.85791 cls_loss:0.88713 rec_loss:0.09808 [20.34s]; best loss:0.85791, patience : 0
2026-09-12 04:17:45,005 P307332 INFO pr:0.8141  rc:0.6398  auc:0.9727 ap:0.8841 f1: 0.7165 pred_right: 38688 pred_wrong:312 actu_right: 38603 actu_wrong: 397
2026-09-12 04:17:47,040 P307332 INFO pr:0.7576  rc:0.3876  auc:0.9919 ap:0.8188 f1: 0.5128 pred_right: 16434 pred_wrong:66 actu_right: 16371 actu_wrong: 129
2026-09-12 04:17:47,043 P307332 INFO ----------------------------------------------------------------------------------------------------
2026-09-12 04:17:47,043 P307332 INFO 27/300 starting... lr: 0.001 para:0.0357142873108387
2026-09-12 04:18:00,714 P307332 INFO Epoch 27/300, all_loss:0.84210 cls_loss:0.86963 rec_loss:0.09874 [13.66s]; best loss:0.84210, patience : 0
2026-09-12 04:18:04,333 P307332 INFO pr:0.8052  rc:0.6263  auc:0.9770 ap:0.8868 f1: 0.7045 pred_right: 38692 pred_wrong:308 actu_right: 38604 actu_wrong: 396
2026-09-12 04:18:05,933 P307332 INFO pr:0.7538  rc:0.3798  auc:0.9931 ap:0.8229 f1: 0.5052 pred_right: 16435 pred_wrong:65 actu_right: 16371 actu_wrong: 129
2026-09-12 04:18:05,934 P307332 INFO ----------------------------------------------------------------------------------------------------
2026-09-12 04:18:05,935 P307332 INFO 28/300 starting... lr: 0.001 para:0.03448275849223137
2026-09-12 04:18:19,618 P307332 INFO Epoch 28/300, all_loss:3.23772 cls_loss:3.34999 rec_loss:0.09428 [13.68s]; best loss:0.84210, patience : 1
2026-09-12 04:18:23,471 P307332 INFO pr:0.7831  rc:0.6566  auc:0.9776 ap:0.8868 f1: 0.7143 pred_right: 38668 pred_wrong:332 actu_right: 38604 actu_wrong: 396
2026-09-12 04:18:25,157 P307332 INFO pr:0.7590  rc:0.4884  auc:0.9932 ap:0.8438 f1: 0.5943 pred_right: 16417 pred_wrong:83 actu_right: 16371 actu_wrong: 129
2026-09-12 04:18:25,158 P307332 INFO ----------------------------------------------------------------------------------------------------
2026-09-12 04:18:25,159 P307332 INFO 29/300 starting... lr: 0.001 para:0.03333333507180214
2026-09-12 04:18:38,958 P307332 INFO Epoch 29/300, all_loss:0.85741 cls_loss:0.88368 rec_loss:0.09535 [13.80s]; best loss:0.84210, patience : 1
2026-09-12 04:18:42,754 P307332 INFO pr:0.6576  rc:0.7904  auc:0.9768 ap:0.8966 f1: 0.7179 pred_right: 38524 pred_wrong:476 actu_right: 38604 actu_wrong: 396
2026-09-12 04:18:44,267 P307332 INFO pr:0.6397  rc:0.6744  auc:0.9910 ap:0.7990 f1: 0.6566 pred_right: 16364 pred_wrong:136 actu_right: 16371 actu_wrong: 129
2026-09-12 04:18:44,268 P307332 INFO ----------------------------------------------------------------------------------------------------
2026-09-12 04:18:44,268 P307332 INFO 30/300 starting... lr: 0.001 para:0.032258063554763794
2026-09-12 04:18:57,933 P307332 INFO Epoch 30/300, all_loss:0.82113 cls_loss:0.84547 rec_loss:0.09075 [13.65s]; best loss:0.82113, patience : 0
2026-09-12 04:19:01,294 P307332 INFO pr:0.9000  rc:0.4091  auc:0.9741 ap:0.8927 f1: 0.5625 pred_right: 38820 pred_wrong:180 actu_right: 38604 actu_wrong: 396
2026-09-12 04:19:03,081 P307332 INFO pr:0.8158  rc:0.2403  auc:0.9893 ap:0.8431 f1: 0.3713 pred_right: 16462 pred_wrong:38 actu_right: 16371 actu_wrong: 129
2026-09-12 04:19:03,083 P307332 INFO ----------------------------------------------------------------------------------------------------
2026-09-12 04:19:03,090 P307332 INFO 31/300 starting... lr: 0.001 para:0.03125
2026-09-12 04:19:17,431 P307332 INFO Epoch 31/300, all_loss:0.82390 cls_loss:0.84755 rec_loss:0.09051 [14.34s]; best loss:0.82113, patience : 1
2026-09-12 04:19:21,224 P307332 INFO pr:0.7977  rc:0.6952  auc:0.9674 ap:0.8870 f1: 0.7429 pred_right: 38654 pred_wrong:346 actu_right: 38603 actu_wrong: 397
2026-09-12 04:19:22,771 P307332 INFO pr:0.7778  rc:0.4341  auc:0.9830 ap:0.8101 f1: 0.5572 pred_right: 16428 pred_wrong:72 actu_right: 16371 actu_wrong: 129
2026-09-12 04:19:22,779 P307332 INFO ----------------------------------------------------------------------------------------------------
2026-09-12 04:19:22,780 P307332 INFO 32/300 starting... lr: 0.001 para:0.03030303120613098
2026-09-12 04:19:36,215 P307332 INFO Epoch 32/300, all_loss:0.83457 cls_loss:0.85791 rec_loss:0.08752 [13.43s]; best loss:0.82113, patience : 2
2026-09-12 04:19:39,576 P307332 INFO pr:0.8924  rc:0.5642  auc:0.9750 ap:0.8988 f1: 0.6914 pred_right: 38749 pred_wrong:251 actu_right: 38603 actu_wrong: 397
2026-09-12 04:19:40,903 P307332 INFO pr:0.8103  rc:0.3643  auc:0.9907 ap:0.8352 f1: 0.5027 pred_right: 16442 pred_wrong:58 actu_right: 16371 actu_wrong: 129
2026-09-12 04:19:40,904 P307332 INFO ----------------------------------------------------------------------------------------------------
2026-09-12 04:19:40,904 P307332 INFO 33/300 starting... lr: 0.001 para:0.029411764815449715
2026-09-12 04:19:56,297 P307332 INFO Epoch 33/300, all_loss:10.19830 cls_loss:10.50476 rec_loss:0.08511 [15.39s]; best loss:0.82113, patience : 3
2026-09-12 04:19:59,701 P307332 INFO pr:0.8258  rc:0.5491  auc:0.9758 ap:0.8875 f1: 0.6596 pred_right: 38736 pred_wrong:264 actu_right: 38603 actu_wrong: 397
2026-09-12 04:20:01,168 P307332 INFO pr:0.8358  rc:0.4341  auc:0.9860 ap:0.8526 f1: 0.5714 pred_right: 16433 pred_wrong:67 actu_right: 16371 actu_wrong: 129
2026-09-12 04:20:01,169 P307332 INFO ----------------------------------------------------------------------------------------------------
2026-09-12 04:20:01,169 P307332 INFO 34/300 starting... lr: 0.001 para:0.02857142873108387
2026-09-12 04:20:20,528 P307332 INFO Epoch 34/300, all_loss:0.74333 cls_loss:0.76254 rec_loss:0.09006 [19.34s]; best loss:0.74333, patience : 0
2026-09-12 04:20:33,325 P307332 INFO pr:0.8848  rc:0.6010  auc:0.9740 ap:0.9012 f1: 0.7158 pred_right: 38731 pred_wrong:269 actu_right: 38604 actu_wrong: 396
2026-09-12 04:20:34,987 P307332 INFO pr:0.7500  rc:0.3488  auc:0.9891 ap:0.8307 f1: 0.4762 pred_right: 16440 pred_wrong:60 actu_right: 16371 actu_wrong: 129
2026-09-12 04:20:34,989 P307332 INFO ----------------------------------------------------------------------------------------------------
2026-09-12 04:20:34,990 P307332 INFO 35/300 starting... lr: 0.001 para:0.02777777798473835
2026-09-12 04:20:50,254 P307332 INFO Epoch 35/300, all_loss:0.73948 cls_loss:0.75809 rec_loss:0.08824 [15.25s]; best loss:0.73948, patience : 0
2026-09-12 04:20:54,445 P307332 INFO pr:0.8284  rc:0.6322  auc:0.9762 ap:0.8974 f1: 0.7171 pred_right: 38697 pred_wrong:303 actu_right: 38603 actu_wrong: 397
2026-09-12 04:20:56,002 P307332 INFO pr:0.8025  rc:0.5039  auc:0.9897 ap:0.8473 f1: 0.6190 pred_right: 16419 pred_wrong:81 actu_right: 16371 actu_wrong: 129
2026-09-12 04:20:56,003 P307332 INFO ----------------------------------------------------------------------------------------------------
2026-09-12 04:20:56,004 P307332 INFO 36/300 starting... lr: 0.001 para:0.027027027681469917
2026-09-12 04:21:11,996 P307332 INFO Epoch 36/300, all_loss:0.71076 cls_loss:0.72804 rec_loss:0.08871 [15.99s]; best loss:0.71076, patience : 0
2026-09-12 04:21:15,524 P307332 INFO pr:0.8295  rc:0.3678  auc:0.9653 ap:0.8823 f1: 0.5096 pred_right: 38824 pred_wrong:176 actu_right: 38603 actu_wrong: 397
2026-09-12 04:21:17,250 P307332 INFO pr:0.8462  rc:0.3411  auc:0.9653 ap:0.8545 f1: 0.4862 pred_right: 16448 pred_wrong:52 actu_right: 16371 actu_wrong: 129
2026-09-12 04:21:17,251 P307332 INFO ----------------------------------------------------------------------------------------------------
2026-09-12 04:21:17,251 P307332 INFO 37/300 starting... lr: 0.001 para:0.02631578966975212
2026-09-12 04:21:30,806 P307332 INFO Epoch 37/300, all_loss:0.71874 cls_loss:0.73580 rec_loss:0.08769 [13.55s]; best loss:0.71076, patience : 1
2026-09-12 04:21:34,145 P307332 INFO pr:0.8682  rc:0.5657  auc:0.9723 ap:0.9001 f1: 0.6850 pred_right: 38742 pred_wrong:258 actu_right: 38604 actu_wrong: 396
2026-09-12 04:21:35,987 P307332 INFO pr:0.8148  rc:0.3411  auc:0.9864 ap:0.8441 f1: 0.4809 pred_right: 16446 pred_wrong:54 actu_right: 16371 actu_wrong: 129
2026-09-12 04:21:35,988 P307332 INFO ----------------------------------------------------------------------------------------------------
2026-09-12 04:21:35,995 P307332 INFO 38/300 starting... lr: 0.001 para:0.025641025975346565
2026-09-12 04:21:53,072 P307332 INFO Epoch 38/300, all_loss:0.77189 cls_loss:0.78996 rec_loss:0.08502 [17.08s]; best loss:0.71076, patience : 2
2026-09-12 04:21:57,416 P307332 INFO pr:0.8208  rc:0.7154  auc:0.9781 ap:0.9061 f1: 0.7645 pred_right: 38654 pred_wrong:346 actu_right: 38603 actu_wrong: 397
2026-09-12 04:22:00,181 P307332 INFO pr:0.7660  rc:0.5581  auc:0.9953 ap:0.8512 f1: 0.6457 pred_right: 16406 pred_wrong:94 actu_right: 16371 actu_wrong: 129
2026-09-12 04:22:00,193 P307332 INFO ----------------------------------------------------------------------------------------------------
2026-09-12 04:22:00,193 P307332 INFO 39/300 starting... lr: 0.001 para:0.02500000037252903
2026-09-12 04:22:16,941 P307332 INFO Epoch 39/300, all_loss:0.77522 cls_loss:0.79299 rec_loss:0.08241 [16.75s]; best loss:0.71076, patience : 3
2026-09-12 04:22:20,936 P307332 INFO pr:0.7726  rc:0.7531  auc:0.9833 ap:0.9081 f1: 0.7628 pred_right: 38613 pred_wrong:387 actu_right: 38603 actu_wrong: 397
2026-09-12 04:22:22,574 P307332 INFO pr:0.7333  rc:0.5116  auc:0.9954 ap:0.8264 f1: 0.6027 pred_right: 16410 pred_wrong:90 actu_right: 16371 actu_wrong: 129
2026-09-12 04:22:22,576 P307332 INFO ----------------------------------------------------------------------------------------------------
2026-09-12 04:22:22,576 P307332 INFO 40/300 starting... lr: 0.001 para:0.024390242993831635
2026-09-12 04:22:38,014 P307332 INFO Epoch 40/300, all_loss:0.74859 cls_loss:0.76529 rec_loss:0.08082 [15.44s]; best loss:0.71076, patience : 3
2026-09-12 04:22:42,628 P307332 INFO pr:0.8280  rc:0.7172  auc:0.9791 ap:0.9138 f1: 0.7686 pred_right: 38657 pred_wrong:343 actu_right: 38604 actu_wrong: 396
2026-09-12 04:22:45,951 P307332 INFO pr:0.7500  rc:0.4651  auc:0.9943 ap:0.8328 f1: 0.5742 pred_right: 16420 pred_wrong:80 actu_right: 16371 actu_wrong: 129
2026-09-12 04:22:45,962 P307332 INFO ----------------------------------------------------------------------------------------------------
2026-09-12 04:22:45,964 P307332 INFO 41/300 starting... lr: 0.001 para:0.02380952425301075
2026-09-12 04:22:59,449 P307332 INFO Epoch 41/300, all_loss:0.63980 cls_loss:0.65348 rec_loss:0.07895 [13.48s]; best loss:0.63980, patience : 0
2026-09-12 04:23:02,575 P307332 INFO pr:0.8343  rc:0.6977  auc:0.9814 ap:0.9109 f1: 0.7599 pred_right: 38668 pred_wrong:332 actu_right: 38603 actu_wrong: 397
2026-09-12 04:23:04,014 P307332 INFO pr:0.8214  rc:0.5349  auc:0.9962 ap:0.8532 f1: 0.6479 pred_right: 16416 pred_wrong:84 actu_right: 16371 actu_wrong: 129
2026-09-12 04:23:04,016 P307332 INFO ----------------------------------------------------------------------------------------------------
2026-09-12 04:23:04,017 P307332 INFO 42/300 starting... lr: 0.001 para:0.023255813866853714
2026-09-12 04:23:28,708 P307332 INFO Epoch 42/300, all_loss:0.70472 cls_loss:0.71966 rec_loss:0.07727 [24.69s]; best loss:0.63980, patience : 1
2026-09-12 04:23:32,492 P307332 INFO pr:0.6619  rc:0.8186  auc:0.9750 ap:0.9020 f1: 0.7320 pred_right: 38509 pred_wrong:491 actu_right: 38603 actu_wrong: 397
2026-09-12 04:23:33,822 P307332 INFO pr:0.6763  rc:0.7287  auc:0.9936 ap:0.8160 f1: 0.7015 pred_right: 16361 pred_wrong:139 actu_right: 16371 actu_wrong: 129
2026-09-12 04:23:33,822 P307332 INFO ----------------------------------------------------------------------------------------------------
2026-09-12 04:23:33,823 P307332 INFO 43/300 starting... lr: 0.001 para:0.022727273404598236
2026-09-12 04:23:46,431 P307332 INFO Epoch 43/300, all_loss:0.80646 cls_loss:0.82350 rec_loss:0.07380 [12.61s]; best loss:0.63980, patience : 2
2026-09-12 04:23:49,699 P307332 INFO pr:0.7722  rc:0.8131  auc:0.9824 ap:0.9177 f1: 0.7921 pred_right: 38583 pred_wrong:417 actu_right: 38604 actu_wrong: 396
2026-09-12 04:23:50,913 P307332 INFO pr:0.7455  rc:0.6357  auc:0.9945 ap:0.8403 f1: 0.6862 pred_right: 16390 pred_wrong:110 actu_right: 16371 actu_wrong: 129
2026-09-12 04:23:50,920 P307332 INFO ----------------------------------------------------------------------------------------------------
2026-09-12 04:23:50,920 P307332 INFO 44/300 starting... lr: 0.001 para:0.02222222276031971
2026-09-12 04:24:04,460 P307332 INFO Epoch 44/300, all_loss:0.63109 cls_loss:0.64377 rec_loss:0.07328 [13.53s]; best loss:0.63109, patience : 0
2026-09-12 04:24:08,320 P307332 INFO pr:0.7690  rc:0.7884  auc:0.9713 ap:0.9026 f1: 0.7786 pred_right: 38593 pred_wrong:407 actu_right: 38603 actu_wrong: 397
2026-09-12 04:24:09,756 P307332 INFO pr:0.7647  rc:0.6047  auc:0.9880 ap:0.8198 f1: 0.6753 pred_right: 16398 pred_wrong:102 actu_right: 16371 actu_wrong: 129
2026-09-12 04:24:09,758 P307332 INFO ----------------------------------------------------------------------------------------------------
2026-09-12 04:24:09,758 P307332 INFO 45/300 starting... lr: 0.001 para:0.021739130839705467
2026-09-12 04:24:23,192 P307332 INFO Epoch 45/300, all_loss:1.72134 cls_loss:1.75793 rec_loss:0.07505 [13.43s]; best loss:0.63109, patience : 1
2026-09-12 04:24:26,501 P307332 INFO pr:0.8015  rc:0.8035  auc:0.9825 ap:0.9137 f1: 0.8025 pred_right: 38602 pred_wrong:398 actu_right: 38603 actu_wrong: 397
2026-09-12 04:24:27,841 P307332 INFO pr:0.7453  rc:0.6124  auc:0.9925 ap:0.8405 f1: 0.6723 pred_right: 16394 pred_wrong:106 actu_right: 16371 actu_wrong: 129
2026-09-12 04:24:27,854 P307332 INFO ----------------------------------------------------------------------------------------------------
2026-09-12 04:24:27,855 P307332 INFO 46/300 starting... lr: 0.001 para:0.021276595070958138
2026-09-12 04:24:41,028 P307332 INFO Epoch 46/300, all_loss:0.61860 cls_loss:0.63046 rec_loss:0.07262 [13.16s]; best loss:0.61860, patience : 0
2026-09-12 04:24:44,528 P307332 INFO pr:0.8653  rc:0.5340  auc:0.9704 ap:0.9083 f1: 0.6604 pred_right: 38755 pred_wrong:245 actu_right: 38603 actu_wrong: 397
2026-09-12 04:24:45,957 P307332 INFO pr:0.8056  rc:0.4496  auc:0.9806 ap:0.8436 f1: 0.5771 pred_right: 16428 pred_wrong:72 actu_right: 16371 actu_wrong: 129
2026-09-12 04:24:45,958 P307332 INFO ----------------------------------------------------------------------------------------------------
2026-09-12 04:24:45,959 P307332 INFO 47/300 starting... lr: 0.001 para:0.02083333395421505
2026-09-12 04:25:00,046 P307332 INFO Epoch 47/300, all_loss:0.63930 cls_loss:0.65138 rec_loss:0.07167 [14.09s]; best loss:0.61860, patience : 1
2026-09-12 04:25:03,498 P307332 INFO pr:0.8169  rc:0.7551  auc:0.9816 ap:0.9130 f1: 0.7848 pred_right: 38634 pred_wrong:366 actu_right: 38604 actu_wrong: 396
2026-09-12 04:25:05,095 P307332 INFO pr:0.7959  rc:0.6047  auc:0.9928 ap:0.8536 f1: 0.6872 pred_right: 16402 pred_wrong:98 actu_right: 16371 actu_wrong: 129
2026-09-12 04:25:05,096 P307332 INFO ----------------------------------------------------------------------------------------------------
2026-09-12 04:25:05,096 P307332 INFO 48/300 starting... lr: 0.001 para:0.020408162847161293
2026-09-12 04:25:18,501 P307332 INFO Epoch 48/300, all_loss:0.70052 cls_loss:0.71367 rec_loss:0.06931 [13.40s]; best loss:0.61860, patience : 2
2026-09-12 04:25:21,944 P307332 INFO pr:0.8391  rc:0.7355  auc:0.9777 ap:0.9130 f1: 0.7839 pred_right: 38652 pred_wrong:348 actu_right: 38603 actu_wrong: 397
2026-09-12 04:25:23,777 P307332 INFO pr:0.7979  rc:0.5814  auc:0.9927 ap:0.8436 f1: 0.6726 pred_right: 16406 pred_wrong:94 actu_right: 16371 actu_wrong: 129
2026-09-12 04:25:23,779 P307332 INFO ----------------------------------------------------------------------------------------------------
2026-09-12 04:25:23,779 P307332 INFO 49/300 starting... lr: 0.001 para:0.019999999552965164
2026-09-12 04:25:37,222 P307332 INFO Epoch 49/300, all_loss:0.65311 cls_loss:0.66504 rec_loss:0.06834 [13.44s]; best loss:0.61860, patience : 2
2026-09-12 04:25:40,040 P307332 INFO pr:0.8750  rc:0.4761  auc:0.9631 ap:0.8975 f1: 0.6166 pred_right: 38784 pred_wrong:216 actu_right: 38603 actu_wrong: 397
2026-09-12 04:25:41,382 P307332 INFO pr:0.7719  rc:0.3411  auc:0.9692 ap:0.8513 f1: 0.4731 pred_right: 16443 pred_wrong:57 actu_right: 16371 actu_wrong: 129
2026-09-12 04:25:41,384 P307332 INFO ----------------------------------------------------------------------------------------------------
2026-09-12 04:25:41,385 P307332 INFO 50/300 starting... lr: 0.001 para:0.019607843831181526
2026-09-12 04:26:01,856 P307332 INFO Epoch 50/300, all_loss:0.67684 cls_loss:0.68901 rec_loss:0.06809 [20.47s]; best loss:0.61860, patience : 3
2026-09-12 04:26:07,882 P307332 INFO pr:0.8222  rc:0.7456  auc:0.9781 ap:0.9167 f1: 0.7820 pred_right: 38640 pred_wrong:360 actu_right: 38603 actu_wrong: 397
2026-09-12 04:26:09,692 P307332 INFO pr:0.7778  rc:0.5426  auc:0.9952 ap:0.8435 f1: 0.6393 pred_right: 16410 pred_wrong:90 actu_right: 16371 actu_wrong: 129
2026-09-12 04:26:09,694 P307332 INFO ----------------------------------------------------------------------------------------------------
2026-09-12 04:26:09,695 P307332 INFO 51/300 starting... lr: 0.001 para:0.01923076994717121
2026-09-12 04:26:22,722 P307332 INFO Epoch 51/300, all_loss:0.63917 cls_loss:0.65041 rec_loss:0.06614 [13.03s]; best loss:0.61860, patience : 3
2026-09-12 04:26:26,219 P307332 INFO pr:0.8145  rc:0.8186  auc:0.9812 ap:0.9232 f1: 0.8166 pred_right: 38601 pred_wrong:399 actu_right: 38603 actu_wrong: 397
2026-09-12 04:26:27,494 P307332 INFO pr:0.7664  rc:0.6357  auc:0.9958 ap:0.8569 f1: 0.6949 pred_right: 16393 pred_wrong:107 actu_right: 16371 actu_wrong: 129
2026-09-12 04:26:27,501 P307332 INFO ----------------------------------------------------------------------------------------------------
2026-09-12 04:26:27,502 P307332 INFO 52/300 starting... lr: 0.001 para:0.01886792480945587
2026-09-12 04:26:40,164 P307332 INFO Epoch 52/300, all_loss:0.59988 cls_loss:0.61011 rec_loss:0.06762 [12.66s]; best loss:0.59988, patience : 0
2026-09-12 04:26:43,254 P307332 INFO pr:0.8625  rc:0.7582  auc:0.9795 ap:0.9204 f1: 0.8070 pred_right: 38651 pred_wrong:349 actu_right: 38603 actu_wrong: 397
2026-09-12 04:26:44,603 P307332 INFO pr:0.8043  rc:0.5736  auc:0.9921 ap:0.8544 f1: 0.6697 pred_right: 16408 pred_wrong:92 actu_right: 16371 actu_wrong: 129
2026-09-12 04:26:44,612 P307332 INFO ----------------------------------------------------------------------------------------------------
2026-09-12 04:26:44,612 P307332 INFO 53/300 starting... lr: 0.001 para:0.018518518656492233
2026-09-12 04:26:57,480 P307332 INFO Epoch 53/300, all_loss:0.61377 cls_loss:0.62408 rec_loss:0.06704 [12.87s]; best loss:0.59988, patience : 1
2026-09-12 04:27:00,662 P307332 INFO pr:0.8280  rc:0.7884  auc:0.9813 ap:0.9200 f1: 0.8077 pred_right: 38622 pred_wrong:378 actu_right: 38603 actu_wrong: 397
2026-09-12 04:27:02,023 P307332 INFO pr:0.7959  rc:0.6047  auc:0.9961 ap:0.8644 f1: 0.6872 pred_right: 16402 pred_wrong:98 actu_right: 16371 actu_wrong: 129
2026-09-12 04:27:02,025 P307332 INFO ----------------------------------------------------------------------------------------------------
2026-09-12 04:27:02,025 P307332 INFO 54/300 starting... lr: 0.001 para:0.0181818176060915
2026-09-12 04:27:15,750 P307332 INFO Epoch 54/300, all_loss:3.79651 cls_loss:3.86559 rec_loss:0.06591 [13.72s]; best loss:0.59988, patience : 2
2026-09-12 04:27:19,563 P307332 INFO pr:0.8706  rc:0.7456  auc:0.9753 ap:0.9155 f1: 0.8033 pred_right: 38660 pred_wrong:340 actu_right: 38603 actu_wrong: 397
2026-09-12 04:27:21,001 P307332 INFO pr:0.8068  rc:0.5504  auc:0.9860 ap:0.8534 f1: 0.6544 pred_right: 16412 pred_wrong:88 actu_right: 16371 actu_wrong: 129
2026-09-12 04:27:21,002 P307332 INFO ----------------------------------------------------------------------------------------------------
2026-09-12 04:27:21,002 P307332 INFO 55/300 starting... lr: 0.001 para:0.01785714365541935
2026-09-12 04:27:34,544 P307332 INFO Epoch 55/300, all_loss:0.65319 cls_loss:0.66387 rec_loss:0.06571 [13.54s]; best loss:0.59988, patience : 2
2026-09-12 04:27:37,871 P307332 INFO pr:0.8538  rc:0.7355  auc:0.9785 ap:0.9202 f1: 0.7903 pred_right: 38658 pred_wrong:342 actu_right: 38603 actu_wrong: 397
2026-09-12 04:27:39,155 P307332 INFO pr:0.8046  rc:0.5426  auc:0.9959 ap:0.8605 f1: 0.6481 pred_right: 16413 pred_wrong:87 actu_right: 16371 actu_wrong: 129
2026-09-12 04:27:39,156 P307332 INFO ----------------------------------------------------------------------------------------------------
2026-09-12 04:27:39,156 P307332 INFO 56/300 starting... lr: 0.001 para:0.017543859779834747
2026-09-12 04:27:52,161 P307332 INFO Epoch 56/300, all_loss:0.61627 cls_loss:0.62612 rec_loss:0.06439 [13.00s]; best loss:0.59988, patience : 2
2026-09-12 04:27:56,394 P307332 INFO pr:0.7657  rc:0.8333  auc:0.9811 ap:0.9243 f1: 0.7981 pred_right: 38569 pred_wrong:431 actu_right: 38604 actu_wrong: 396
2026-09-12 04:27:57,777 P307332 INFO pr:0.7436  rc:0.6744  auc:0.9949 ap:0.8519 f1: 0.7073 pred_right: 16383 pred_wrong:117 actu_right: 16371 actu_wrong: 129
2026-09-12 04:27:57,778 P307332 INFO ----------------------------------------------------------------------------------------------------
2026-09-12 04:27:57,778 P307332 INFO 57/300 starting... lr: 0.001 para:0.017241379246115685
2026-09-12 04:28:12,469 P307332 INFO Epoch 57/300, all_loss:0.63637 cls_loss:0.64645 rec_loss:0.06187 [14.69s]; best loss:0.59988, patience : 3
2026-09-12 04:28:15,000 P307332 INFO pr:0.6920  rc:0.8489  auc:0.9866 ap:0.9198 f1: 0.7624 pred_right: 38513 pred_wrong:487 actu_right: 38603 actu_wrong: 397
2026-09-12 04:28:16,061 P307332 INFO pr:0.7071  rc:0.7674  auc:0.9956 ap:0.8441 f1: 0.7361 pred_right: 16360 pred_wrong:140 actu_right: 16371 actu_wrong: 129
2026-09-12 04:28:16,062 P307332 INFO ----------------------------------------------------------------------------------------------------
2026-09-12 04:28:16,062 P307332 INFO 58/300 starting... lr: 0.001 para:0.016949152573943138
2026-09-12 04:28:27,719 P307332 INFO Epoch 58/300, all_loss:0.64646 cls_loss:0.65653 rec_loss:0.06232 [11.66s]; best loss:0.59988, patience : 4
2026-09-12 04:28:34,087 P307332 INFO pr:0.8315  rc:0.7601  auc:0.9837 ap:0.9168 f1: 0.7942 pred_right: 38638 pred_wrong:362 actu_right: 38604 actu_wrong: 396
2026-09-12 04:28:39,706 P307332 INFO pr:0.7895  rc:0.5814  auc:0.9953 ap:0.8613 f1: 0.6696 pred_right: 16405 pred_wrong:95 actu_right: 16371 actu_wrong: 129
2026-09-12 04:28:39,708 P307332 INFO ----------------------------------------------------------------------------------------------------
2026-09-12 04:28:39,708 P307332 INFO 59/300 starting... lr: 0.001 para:0.01666666753590107
2026-09-12 04:28:57,985 P307332 INFO Epoch 59/300, all_loss:0.64381 cls_loss:0.65369 rec_loss:0.06055 [18.27s]; best loss:0.59988, patience : 4
2026-09-12 04:29:01,764 P307332 INFO pr:0.8615  rc:0.6423  auc:0.9772 ap:0.9127 f1: 0.7359 pred_right: 38704 pred_wrong:296 actu_right: 38603 actu_wrong: 397
2026-09-12 04:29:03,456 P307332 INFO pr:0.8090  rc:0.5581  auc:0.9841 ap:0.8488 f1: 0.6606 pred_right: 16411 pred_wrong:89 actu_right: 16371 actu_wrong: 129
2026-09-12 04:29:03,457 P307332 INFO ----------------------------------------------------------------------------------------------------
2026-09-12 04:29:03,458 P307332 INFO 60/300 starting... lr: 0.001 para:0.016393441706895828
2026-09-12 04:29:16,652 P307332 INFO Epoch 60/300, all_loss:0.63526 cls_loss:0.64485 rec_loss:0.05967 [13.19s]; best loss:0.59988, patience : 4
2026-09-12 04:29:19,792 P307332 INFO pr:0.8896  rc:0.6717  auc:0.9799 ap:0.9222 f1: 0.7655 pred_right: 38701 pred_wrong:299 actu_right: 38604 actu_wrong: 396
2026-09-12 04:29:21,118 P307332 INFO pr:0.8193  rc:0.5271  auc:0.9954 ap:0.8657 f1: 0.6415 pred_right: 16417 pred_wrong:83 actu_right: 16371 actu_wrong: 129
2026-09-12 04:29:21,119 P307332 INFO ----------------------------------------------------------------------------------------------------
2026-09-12 04:29:21,119 P307332 INFO 61/300 starting... lr: 0.001 para:0.016129031777381897
2026-09-12 04:29:34,213 P307332 INFO Epoch 61/300, all_loss:0.63873 cls_loss:0.64822 rec_loss:0.05953 [13.09s]; best loss:0.59988, patience : 5
2026-09-12 04:29:38,395 P307332 INFO pr:0.7808  rc:0.7985  auc:0.9780 ap:0.9171 f1: 0.7895 pred_right: 38594 pred_wrong:406 actu_right: 38603 actu_wrong: 397
2026-09-12 04:29:39,950 P307332 INFO pr:0.7757  rc:0.6434  auc:0.9942 ap:0.8443 f1: 0.7034 pred_right: 16393 pred_wrong:107 actu_right: 16371 actu_wrong: 129
2026-09-12 04:29:39,953 P307332 INFO ----------------------------------------------------------------------------------------------------
2026-09-12 04:29:39,958 P307332 INFO 62/300 starting... lr: 0.001 para:0.01587301678955555
2026-09-12 04:29:53,184 P307332 INFO Epoch 62/300, all_loss:0.60558 cls_loss:0.61443 rec_loss:0.05686 [13.23s]; best loss:0.59988, patience : 5
2026-09-12 04:29:56,259 P307332 INFO pr:0.9028  rc:0.4912  auc:0.9669 ap:0.9119 f1: 0.6362 pred_right: 38784 pred_wrong:216 actu_right: 38603 actu_wrong: 397
2026-09-12 04:29:57,670 P307332 INFO pr:0.7917  rc:0.4419  auc:0.9656 ap:0.8654 f1: 0.5672 pred_right: 16428 pred_wrong:72 actu_right: 16371 actu_wrong: 129
2026-09-12 04:29:57,671 P307332 INFO ----------------------------------------------------------------------------------------------------
2026-09-12 04:29:57,680 P307332 INFO 63/300 starting... lr: 0.001 para:0.015625
2026-09-12 04:30:10,661 P307332 INFO Epoch 63/300, all_loss:0.60298 cls_loss:0.61164 rec_loss:0.05752 [12.98s]; best loss:0.59988, patience : 5
2026-09-12 04:30:14,724 P307332 INFO pr:0.8365  rc:0.7753  auc:0.9767 ap:0.9184 f1: 0.8047 pred_right: 38633 pred_wrong:367 actu_right: 38604 actu_wrong: 396
2026-09-12 04:30:16,117 P307332 INFO pr:0.7849  rc:0.5659  auc:0.9951 ap:0.8490 f1: 0.6577 pred_right: 16407 pred_wrong:93 actu_right: 16371 actu_wrong: 129
2026-09-12 04:30:16,118 P307332 INFO ----------------------------------------------------------------------------------------------------
2026-09-12 04:30:16,118 P307332 INFO 64/300 starting... lr: 0.001 para:0.015384615398943424
2026-09-12 04:30:29,658 P307332 INFO Epoch 64/300, all_loss:0.56603 cls_loss:0.57397 rec_loss:0.05747 [13.53s]; best loss:0.56603, patience : 0
2026-09-12 04:30:33,287 P307332 INFO pr:0.7604  rc:0.8312  auc:0.9841 ap:0.9172 f1: 0.7942 pred_right: 38566 pred_wrong:434 actu_right: 38603 actu_wrong: 397
2026-09-12 04:30:34,785 P307332 INFO pr:0.7480  rc:0.7132  auc:0.9957 ap:0.8492 f1: 0.7302 pred_right: 16377 pred_wrong:123 actu_right: 16371 actu_wrong: 129
2026-09-12 04:30:34,786 P307332 INFO ----------------------------------------------------------------------------------------------------
2026-09-12 04:30:34,786 P307332 INFO 65/300 starting... lr: 0.001 para:0.01515151560306549
2026-09-12 04:30:48,144 P307332 INFO Epoch 65/300, all_loss:0.65405 cls_loss:0.66323 rec_loss:0.05741 [13.36s]; best loss:0.56603, patience : 1
2026-09-12 04:30:53,583 P307332 INFO pr:0.8274  rc:0.7607  auc:0.9712 ap:0.9195 f1: 0.7927 pred_right: 38635 pred_wrong:365 actu_right: 38603 actu_wrong: 397
2026-09-12 04:30:55,156 P307332 INFO pr:0.8043  rc:0.5736  auc:0.9915 ap:0.8489 f1: 0.6697 pred_right: 16408 pred_wrong:92 actu_right: 16371 actu_wrong: 129
2026-09-12 04:30:55,156 P307332 INFO ----------------------------------------------------------------------------------------------------
2026-09-12 04:30:55,157 P307332 INFO 66/300 starting... lr: 0.001 para:0.014925372786819935
2026-09-12 04:31:06,561 P307332 INFO Epoch 66/300, all_loss:0.59398 cls_loss:0.60212 rec_loss:0.05643 [11.40s]; best loss:0.56603, patience : 1
2026-09-12 04:31:09,229 P307332 INFO pr:0.8739  rc:0.7525  auc:0.9796 ap:0.9228 f1: 0.8087 pred_right: 38659 pred_wrong:341 actu_right: 38604 actu_wrong: 396
2026-09-12 04:31:10,531 P307332 INFO pr:0.7849  rc:0.5659  auc:0.9939 ap:0.8551 f1: 0.6577 pred_right: 16407 pred_wrong:93 actu_right: 16371 actu_wrong: 129
2026-09-12 04:31:10,532 P307332 INFO ----------------------------------------------------------------------------------------------------
2026-09-12 04:31:10,532 P307332 INFO 67/300 starting... lr: 0.001 para:0.014705882407724857
2026-09-12 04:31:34,548 P307332 INFO Epoch 67/300, all_loss:4.45638 cls_loss:4.52207 rec_loss:0.05513 [24.02s]; best loss:0.56603, patience : 2
2026-09-12 04:31:38,045 P307332 INFO pr:0.8567  rc:0.6776  auc:0.9804 ap:0.9186 f1: 0.7567 pred_right: 38686 pred_wrong:314 actu_right: 38603 actu_wrong: 397
2026-09-12 04:31:39,535 P307332 INFO pr:0.8068  rc:0.5504  auc:0.9851 ap:0.8581 f1: 0.6544 pred_right: 16412 pred_wrong:88 actu_right: 16371 actu_wrong: 129
2026-09-12 04:31:39,536 P307332 INFO ----------------------------------------------------------------------------------------------------
2026-09-12 04:31:39,537 P307332 INFO 68/300 starting... lr: 0.001 para:0.014492753893136978
2026-09-12 04:31:52,538 P307332 INFO Epoch 68/300, all_loss:0.59067 cls_loss:0.59852 rec_loss:0.05676 [13.00s]; best loss:0.56603, patience : 2
2026-09-12 04:31:56,366 P307332 INFO pr:0.8854  rc:0.7204  auc:0.9731 ap:0.9182 f1: 0.7944 pred_right: 38677 pred_wrong:323 actu_right: 38603 actu_wrong: 397
2026-09-12 04:31:57,868 P307332 INFO pr:0.7907  rc:0.5271  auc:0.9839 ap:0.8488 f1: 0.6326 pred_right: 16414 pred_wrong:86 actu_right: 16371 actu_wrong: 129
2026-09-12 04:31:57,870 P307332 INFO ----------------------------------------------------------------------------------------------------
2026-09-12 04:31:57,872 P307332 INFO 69/300 starting... lr: 0.001 para:0.014285714365541935
2026-09-12 04:32:10,832 P307332 INFO Epoch 69/300, all_loss:0.57781 cls_loss:0.58537 rec_loss:0.05652 [12.96s]; best loss:0.56603, patience : 2
2026-09-12 04:32:14,408 P307332 INFO pr:0.9081  rc:0.6237  auc:0.9795 ap:0.9163 f1: 0.7395 pred_right: 38728 pred_wrong:272 actu_right: 38604 actu_wrong: 396
2026-09-12 04:32:15,863 P307332 INFO pr:0.8214  rc:0.5349  auc:0.9786 ap:0.8519 f1: 0.6479 pred_right: 16416 pred_wrong:84 actu_right: 16371 actu_wrong: 129
2026-09-12 04:32:15,864 P307332 INFO ----------------------------------------------------------------------------------------------------
2026-09-12 04:32:15,865 P307332 INFO 70/300 starting... lr: 0.001 para:0.014084506779909134
2026-09-12 04:32:29,241 P307332 INFO Epoch 70/300, all_loss:0.58243 cls_loss:0.58996 rec_loss:0.05583 [13.38s]; best loss:0.56603, patience : 3
2026-09-12 04:32:32,468 P307332 INFO pr:0.8152  rc:0.8111  auc:0.9836 ap:0.9272 f1: 0.8131 pred_right: 38605 pred_wrong:395 actu_right: 38603 actu_wrong: 397
2026-09-12 04:32:33,747 P307332 INFO pr:0.7767  rc:0.6202  auc:0.9951 ap:0.8589 f1: 0.6897 pred_right: 16397 pred_wrong:103 actu_right: 16371 actu_wrong: 129
2026-09-12 04:32:33,748 P307332 INFO ----------------------------------------------------------------------------------------------------
2026-09-12 04:32:33,748 P307332 INFO 71/300 starting... lr: 0.001 para:0.013888888992369175
2026-09-12 04:32:47,072 P307332 INFO Epoch 71/300, all_loss:0.53837 cls_loss:0.54517 rec_loss:0.05525 [13.31s]; best loss:0.53837, patience : 0
2026-09-12 04:32:50,512 P307332 INFO pr:0.8093  rc:0.8338  auc:0.9841 ap:0.9296 f1: 0.8213 pred_right: 38591 pred_wrong:409 actu_right: 38603 actu_wrong: 397
2026-09-12 04:32:51,991 P307332 INFO pr:0.7838  rc:0.6744  auc:0.9957 ap:0.8611 f1: 0.7250 pred_right: 16389 pred_wrong:111 actu_right: 16371 actu_wrong: 129
2026-09-12 04:32:51,999 P307332 INFO ----------------------------------------------------------------------------------------------------
2026-09-12 04:32:51,999 P307332 INFO 72/300 starting... lr: 0.001 para:0.013698630034923553
2026-09-12 04:33:05,766 P307332 INFO Epoch 72/300, all_loss:0.56499 cls_loss:0.57206 rec_loss:0.05550 [13.77s]; best loss:0.53837, patience : 1
2026-09-12 04:33:09,176 P307332 INFO pr:0.8376  rc:0.7406  auc:0.9803 ap:0.9224 f1: 0.7861 pred_right: 38649 pred_wrong:351 actu_right: 38603 actu_wrong: 397
2026-09-12 04:33:10,585 P307332 INFO pr:0.8085  rc:0.5891  auc:0.9887 ap:0.8556 f1: 0.6816 pred_right: 16406 pred_wrong:94 actu_right: 16371 actu_wrong: 129
2026-09-12 04:33:10,586 P307332 INFO ----------------------------------------------------------------------------------------------------
2026-09-12 04:33:10,588 P307332 INFO 73/300 starting... lr: 0.001 para:0.013513513840734959
2026-09-12 04:33:23,837 P307332 INFO Epoch 73/300, all_loss:0.57872 cls_loss:0.58588 rec_loss:0.05626 [13.25s]; best loss:0.53837, patience : 2
2026-09-12 04:33:27,404 P307332 INFO pr:0.8927  rc:0.7128  auc:0.9780 ap:0.9255 f1: 0.7927 pred_right: 38683 pred_wrong:317 actu_right: 38603 actu_wrong: 397
2026-09-12 04:33:29,154 P307332 INFO pr:0.8205  rc:0.4961  auc:0.9951 ap:0.8571 f1: 0.6184 pred_right: 16422 pred_wrong:78 actu_right: 16371 actu_wrong: 129
2026-09-12 04:33:29,155 P307332 INFO ----------------------------------------------------------------------------------------------------
2026-09-12 04:33:29,155 P307332 INFO 74/300 starting... lr: 0.001 para:0.013333333656191826
2026-09-12 04:33:42,795 P307332 INFO Epoch 74/300, all_loss:0.55014 cls_loss:0.55684 rec_loss:0.05456 [13.64s]; best loss:0.53837, patience : 2
2026-09-12 04:33:45,437 P307332 INFO pr:0.8238  rc:0.8363  auc:0.9845 ap:0.9303 f1: 0.8300 pred_right: 38597 pred_wrong:403 actu_right: 38603 actu_wrong: 397
2026-09-12 04:33:46,618 P307332 INFO pr:0.8039  rc:0.6357  auc:0.9952 ap:0.8627 f1: 0.7100 pred_right: 16398 pred_wrong:102 actu_right: 16371 actu_wrong: 129
2026-09-12 04:33:46,626 P307332 INFO ----------------------------------------------------------------------------------------------------
2026-09-12 04:33:46,626 P307332 INFO 75/300 starting... lr: 0.001 para:0.01315789483487606
2026-09-12 04:34:02,469 P307332 INFO Epoch 75/300, all_loss:0.51387 cls_loss:0.51998 rec_loss:0.05537 [15.83s]; best loss:0.51387, patience : 0
2026-09-12 04:34:14,405 P307332 INFO pr:0.9012  rc:0.7374  auc:0.9792 ap:0.9270 f1: 0.8111 pred_right: 38676 pred_wrong:324 actu_right: 38604 actu_wrong: 396
2026-09-12 04:34:16,968 P307332 INFO pr:0.8132  rc:0.5736  auc:0.9916 ap:0.8539 f1: 0.6727 pred_right: 16409 pred_wrong:91 actu_right: 16371 actu_wrong: 129
2026-09-12 04:34:16,970 P307332 INFO ----------------------------------------------------------------------------------------------------
2026-09-12 04:34:16,971 P307332 INFO 76/300 starting... lr: 0.001 para:0.012987012974917889
2026-09-12 04:34:31,201 P307332 INFO Epoch 76/300, all_loss:0.63248 cls_loss:0.64007 rec_loss:0.05527 [14.23s]; best loss:0.51387, patience : 1
2026-09-12 04:34:34,954 P307332 INFO pr:0.8275  rc:0.7733  auc:0.9827 ap:0.9232 f1: 0.7995 pred_right: 38629 pred_wrong:371 actu_right: 38603 actu_wrong: 397
2026-09-12 04:34:36,468 P307332 INFO pr:0.7345  rc:0.6434  auc:0.9872 ap:0.8307 f1: 0.6860 pred_right: 16387 pred_wrong:113 actu_right: 16371 actu_wrong: 129
2026-09-12 04:34:36,469 P307332 INFO ----------------------------------------------------------------------------------------------------
2026-09-12 04:34:36,469 P307332 INFO 77/300 starting... lr: 0.001 para:0.012820512987673283
2026-09-12 04:34:49,370 P307332 INFO Epoch 77/300, all_loss:0.57782 cls_loss:0.58464 rec_loss:0.05263 [12.90s]; best loss:0.51387, patience : 1
2026-09-12 04:34:52,883 P307332 INFO pr:0.8832  rc:0.7449  auc:0.9861 ap:0.9270 f1: 0.8082 pred_right: 38666 pred_wrong:334 actu_right: 38604 actu_wrong: 396
2026-09-12 04:34:54,336 P307332 INFO pr:0.7952  rc:0.5116  auc:0.9927 ap:0.8563 f1: 0.6226 pred_right: 16417 pred_wrong:83 actu_right: 16371 actu_wrong: 129
2026-09-12 04:34:54,338 P307332 INFO ----------------------------------------------------------------------------------------------------
2026-09-12 04:34:54,339 P307332 INFO 78/300 starting... lr: 0.001 para:0.012658228166401386
2026-09-12 04:35:07,694 P307332 INFO Epoch 78/300, all_loss:0.51996 cls_loss:0.52595 rec_loss:0.05320 [13.35s]; best loss:0.51387, patience : 1
2026-09-12 04:35:11,406 P307332 INFO pr:0.8746  rc:0.7733  auc:0.9798 ap:0.9279 f1: 0.8209 pred_right: 38649 pred_wrong:351 actu_right: 38603 actu_wrong: 397
2026-09-12 04:35:12,988 P307332 INFO pr:0.7788  rc:0.6279  auc:0.9940 ap:0.8496 f1: 0.6953 pred_right: 16396 pred_wrong:104 actu_right: 16371 actu_wrong: 129
2026-09-12 04:35:12,989 P307332 INFO ----------------------------------------------------------------------------------------------------
2026-09-12 04:35:12,990 P307332 INFO 79/300 starting... lr: 0.001 para:0.012500000186264515
2026-09-12 04:35:26,309 P307332 INFO Epoch 79/300, all_loss:0.50817 cls_loss:0.51390 rec_loss:0.05495 [13.31s]; best loss:0.50817, patience : 0
2026-09-12 04:35:29,679 P307332 INFO pr:0.8730  rc:0.6751  auc:0.9762 ap:0.9247 f1: 0.7614 pred_right: 38693 pred_wrong:307 actu_right: 38603 actu_wrong: 397
2026-09-12 04:35:31,406 P307332 INFO pr:0.8312  rc:0.4961  auc:0.9771 ap:0.8678 f1: 0.6214 pred_right: 16423 pred_wrong:77 actu_right: 16371 actu_wrong: 129
2026-09-12 04:35:31,407 P307332 INFO ----------------------------------------------------------------------------------------------------
2026-09-12 04:35:31,407 P307332 INFO 80/300 starting... lr: 0.001 para:0.012345679104328156
2026-09-12 04:35:45,552 P307332 INFO Epoch 80/300, all_loss:0.52222 cls_loss:0.52805 rec_loss:0.05581 [14.14s]; best loss:0.50817, patience : 1
2026-09-12 04:35:49,283 P307332 INFO pr:0.9159  rc:0.7146  auc:0.9772 ap:0.9238 f1: 0.8028 pred_right: 38691 pred_wrong:309 actu_right: 38604 actu_wrong: 396
2026-09-12 04:35:50,865 P307332 INFO pr:0.8333  rc:0.5039  auc:0.9900 ap:0.8665 f1: 0.6280 pred_right: 16422 pred_wrong:78 actu_right: 16371 actu_wrong: 129
2026-09-12 04:35:50,874 P307332 INFO ----------------------------------------------------------------------------------------------------
2026-09-12 04:35:50,874 P307332 INFO 81/300 starting... lr: 0.001 para:0.012195121496915817
2026-09-12 04:36:04,510 P307332 INFO Epoch 81/300, all_loss:0.52892 cls_loss:0.53477 rec_loss:0.05514 [13.63s]; best loss:0.50817, patience : 2
2026-09-12 04:36:07,714 P307332 INFO pr:0.8543  rc:0.7683  auc:0.9766 ap:0.9219 f1: 0.8090 pred_right: 38643 pred_wrong:357 actu_right: 38603 actu_wrong: 397
2026-09-12 04:36:09,370 P307332 INFO pr:0.8085  rc:0.5891  auc:0.9909 ap:0.8608 f1: 0.6816 pred_right: 16406 pred_wrong:94 actu_right: 16371 actu_wrong: 129
2026-09-12 04:36:09,371 P307332 INFO ----------------------------------------------------------------------------------------------------
2026-09-12 04:36:09,371 P307332 INFO 82/300 starting... lr: 0.001 para:0.012048192322254181
2026-09-12 04:36:23,779 P307332 INFO Epoch 82/300, all_loss:0.54034 cls_loss:0.54628 rec_loss:0.05347 [14.41s]; best loss:0.50817, patience : 3
2026-09-12 04:36:29,666 P307332 INFO pr:0.9130  rc:0.5290  auc:0.9733 ap:0.9171 f1: 0.6699 pred_right: 38770 pred_wrong:230 actu_right: 38603 actu_wrong: 397
2026-09-12 04:36:30,858 P307332 INFO pr:0.8267  rc:0.4806  auc:0.9558 ap:0.8481 f1: 0.6078 pred_right: 16425 pred_wrong:75 actu_right: 16371 actu_wrong: 129
2026-09-12 04:36:30,859 P307332 INFO ----------------------------------------------------------------------------------------------------
2026-09-12 04:36:30,866 P307332 INFO 83/300 starting... lr: 0.001 para:0.011904762126505375
2026-09-12 04:36:42,318 P307332 INFO Epoch 83/300, all_loss:0.52946 cls_loss:0.53518 rec_loss:0.05421 [11.45s]; best loss:0.50817, patience : 3
2026-09-12 04:36:44,883 P307332 INFO pr:0.8292  rc:0.7582  auc:0.9817 ap:0.9229 f1: 0.7921 pred_right: 38637 pred_wrong:363 actu_right: 38603 actu_wrong: 397
2026-09-12 04:36:46,156 P307332 INFO pr:0.8171  rc:0.5194  auc:0.9921 ap:0.8454 f1: 0.6351 pred_right: 16418 pred_wrong:82 actu_right: 16371 actu_wrong: 129
2026-09-12 04:36:46,157 P307332 INFO ----------------------------------------------------------------------------------------------------
2026-09-12 04:36:46,158 P307332 INFO 84/300 starting... lr: 0.001 para:0.0117647061124444
2026-09-12 04:37:10,160 P307332 INFO Epoch 84/300, all_loss:0.49281 cls_loss:0.49804 rec_loss:0.05294 [23.99s]; best loss:0.49281, patience : 0
2026-09-12 04:37:14,502 P307332 INFO pr:0.8973  rc:0.7481  auc:0.9813 ap:0.9321 f1: 0.8159 pred_right: 38669 pred_wrong:331 actu_right: 38603 actu_wrong: 397
2026-09-12 04:37:16,121 P307332 INFO pr:0.8488  rc:0.5659  auc:0.9932 ap:0.8671 f1: 0.6791 pred_right: 16414 pred_wrong:86 actu_right: 16371 actu_wrong: 129
2026-09-12 04:37:16,123 P307332 INFO ----------------------------------------------------------------------------------------------------
2026-09-12 04:37:16,123 P307332 INFO 85/300 starting... lr: 0.001 para:0.011627906933426857
2026-09-12 04:37:29,281 P307332 INFO Epoch 85/300, all_loss:0.49074 cls_loss:0.49588 rec_loss:0.05339 [13.15s]; best loss:0.49074, patience : 0
2026-09-12 04:37:33,301 P307332 INFO pr:0.8614  rc:0.7985  auc:0.9794 ap:0.9258 f1: 0.8288 pred_right: 38632 pred_wrong:368 actu_right: 38603 actu_wrong: 397
2026-09-12 04:37:34,772 P307332 INFO pr:0.7864  rc:0.6279  auc:0.9924 ap:0.8483 f1: 0.6983 pred_right: 16397 pred_wrong:103 actu_right: 16371 actu_wrong: 129
2026-09-12 04:37:34,773 P307332 INFO ----------------------------------------------------------------------------------------------------
2026-09-12 04:37:34,773 P307332 INFO 86/300 starting... lr: 0.001 para:0.01149425283074379
2026-09-12 04:37:47,793 P307332 INFO Epoch 86/300, all_loss:0.52107 cls_loss:0.52651 rec_loss:0.05267 [13.02s]; best loss:0.49074, patience : 1
2026-09-12 04:37:51,440 P307332 INFO pr:0.7770  rc:0.8338  auc:0.9859 ap:0.9243 f1: 0.8044 pred_right: 38574 pred_wrong:426 actu_right: 38603 actu_wrong: 397
2026-09-12 04:37:52,984 P307332 INFO pr:0.7227  rc:0.6667  auc:0.9942 ap:0.8488 f1: 0.6935 pred_right: 16381 pred_wrong:119 actu_right: 16371 actu_wrong: 129
2026-09-12 04:37:52,986 P307332 INFO ----------------------------------------------------------------------------------------------------
2026-09-12 04:37:52,987 P307332 INFO 87/300 starting... lr: 0.001 para:0.011363636702299118
2026-09-12 04:38:06,130 P307332 INFO Epoch 87/300, all_loss:0.58259 cls_loss:0.58867 rec_loss:0.05353 [13.14s]; best loss:0.49074, patience : 2
2026-09-12 04:38:09,567 P307332 INFO pr:0.8876  rc:0.7758  auc:0.9837 ap:0.9315 f1: 0.8280 pred_right: 38653 pred_wrong:347 actu_right: 38603 actu_wrong: 397
2026-09-12 04:38:11,039 P307332 INFO pr:0.8172  rc:0.5891  auc:0.9920 ap:0.8596 f1: 0.6847 pred_right: 16407 pred_wrong:93 actu_right: 16371 actu_wrong: 129
2026-09-12 04:38:11,041 P307332 INFO ----------------------------------------------------------------------------------------------------
2026-09-12 04:38:11,042 P307332 INFO 88/300 starting... lr: 0.001 para:0.01123595517128706
2026-09-12 04:38:25,193 P307332 INFO Epoch 88/300, all_loss:0.50583 cls_loss:0.51097 rec_loss:0.05351 [14.15s]; best loss:0.49074, patience : 2
2026-09-12 04:38:28,668 P307332 INFO pr:0.9097  rc:0.6599  auc:0.9820 ap:0.9270 f1: 0.7650 pred_right: 38712 pred_wrong:288 actu_right: 38603 actu_wrong: 397
2026-09-12 04:38:30,292 P307332 INFO pr:0.8421  rc:0.4961  auc:0.9831 ap:0.8471 f1: 0.6244 pred_right: 16424 pred_wrong:76 actu_right: 16371 actu_wrong: 129
2026-09-12 04:38:30,293 P307332 INFO ----------------------------------------------------------------------------------------------------
2026-09-12 04:38:30,293 P307332 INFO 89/300 starting... lr: 0.001 para:0.011111111380159855
2026-09-12 04:38:43,757 P307332 INFO Epoch 89/300, all_loss:0.59465 cls_loss:0.60073 rec_loss:0.05407 [13.46s]; best loss:0.49074, patience : 3
2026-09-12 04:38:47,315 P307332 INFO pr:0.8621  rc:0.8186  auc:0.9823 ap:0.9333 f1: 0.8398 pred_right: 38623 pred_wrong:377 actu_right: 38603 actu_wrong: 397
2026-09-12 04:38:48,736 P307332 INFO pr:0.7818  rc:0.6667  auc:0.9949 ap:0.8619 f1: 0.7197 pred_right: 16390 pred_wrong:110 actu_right: 16371 actu_wrong: 129
2026-09-12 04:38:48,744 P307332 INFO ----------------------------------------------------------------------------------------------------
2026-09-12 04:38:48,745 P307332 INFO 90/300 starting... lr: 0.001 para:0.010989011265337467
2026-09-12 04:39:02,329 P307332 INFO Epoch 90/300, all_loss:0.51289 cls_loss:0.51797 rec_loss:0.05520 [13.58s]; best loss:0.49074, patience : 3
2026-09-12 04:39:06,354 P307332 INFO pr:0.9149  rc:0.6499  auc:0.9747 ap:0.9237 f1: 0.7599 pred_right: 38718 pred_wrong:282 actu_right: 38603 actu_wrong: 397
2026-09-12 04:39:08,063 P307332 INFO pr:0.8293  rc:0.5271  auc:0.9711 ap:0.8628 f1: 0.6445 pred_right: 16418 pred_wrong:82 actu_right: 16371 actu_wrong: 129
2026-09-12 04:39:08,065 P307332 INFO ----------------------------------------------------------------------------------------------------
2026-09-12 04:39:08,067 P307332 INFO 91/300 starting... lr: 0.001 para:0.010869565419852734
2026-09-12 04:39:21,360 P307332 INFO Epoch 91/300, all_loss:0.51824 cls_loss:0.52333 rec_loss:0.05511 [13.29s]; best loss:0.49074, patience : 4
2026-09-12 04:39:24,414 P307332 INFO pr:0.8537  rc:0.7955  auc:0.9827 ap:0.9302 f1: 0.8235 pred_right: 38631 pred_wrong:369 actu_right: 38604 actu_wrong: 396
2026-09-12 04:39:25,723 P307332 INFO pr:0.7900  rc:0.6124  auc:0.9913 ap:0.8702 f1: 0.6900 pred_right: 16400 pred_wrong:100 actu_right: 16371 actu_wrong: 129
2026-09-12 04:39:25,724 P307332 INFO ----------------------------------------------------------------------------------------------------
2026-09-12 04:39:25,724 P307332 INFO 92/300 starting... lr: 0.001 para:0.01075268816202879
2026-09-12 04:39:44,092 P307332 INFO Epoch 92/300, all_loss:0.49581 cls_loss:0.50061 rec_loss:0.05380 [18.37s]; best loss:0.49074, patience : 4
2026-09-12 04:39:53,346 P307332 INFO pr:0.9003  rc:0.6616  auc:0.9795 ap:0.9280 f1: 0.7627 pred_right: 38709 pred_wrong:291 actu_right: 38604 actu_wrong: 396
2026-09-12 04:39:54,980 P307332 INFO pr:0.8276  rc:0.5581  auc:0.9887 ap:0.8733 f1: 0.6667 pred_right: 16413 pred_wrong:87 actu_right: 16371 actu_wrong: 129
2026-09-12 04:39:54,981 P307332 INFO ----------------------------------------------------------------------------------------------------
2026-09-12 04:39:54,981 P307332 INFO 93/300 starting... lr: 0.001 para:0.010638297535479069
2026-09-12 04:40:08,270 P307332 INFO Epoch 93/300, all_loss:0.51937 cls_loss:0.52437 rec_loss:0.05404 [13.29s]; best loss:0.49074, patience : 5
2026-09-12 04:40:11,671 P307332 INFO pr:0.8686  rc:0.6025  auc:0.9695 ap:0.9191 f1: 0.7115 pred_right: 38726 pred_wrong:274 actu_right: 38605 actu_wrong: 395
2026-09-12 04:40:13,152 P307332 INFO pr:0.8125  rc:0.5039  auc:0.9658 ap:0.8640 f1: 0.6220 pred_right: 16420 pred_wrong:80 actu_right: 16371 actu_wrong: 129
2026-09-12 04:40:13,152 P307332 INFO ----------------------------------------------------------------------------------------------------
2026-09-12 04:40:13,153 P307332 INFO 94/300 starting... lr: 0.001 para:0.010526316240429878
2026-09-12 04:40:26,616 P307332 INFO Epoch 94/300, all_loss:0.51820 cls_loss:0.52314 rec_loss:0.05358 [13.46s]; best loss:0.49074, patience : 5
2026-09-12 04:40:30,165 P307332 INFO pr:0.9049  rc:0.6474  auc:0.9790 ap:0.9237 f1: 0.7548 pred_right: 38716 pred_wrong:284 actu_right: 38603 actu_wrong: 397
2026-09-12 04:40:31,626 P307332 INFO pr:0.8395  rc:0.5271  auc:0.9866 ap:0.8795 f1: 0.6476 pred_right: 16419 pred_wrong:81 actu_right: 16371 actu_wrong: 129
2026-09-12 04:40:31,627 P307332 INFO ----------------------------------------------------------------------------------------------------
2026-09-12 04:40:31,627 P307332 INFO 95/300 starting... lr: 0.001 para:0.010416666977107525
2026-09-12 04:40:44,314 P307332 INFO Epoch 95/300, all_loss:0.51549 cls_loss:0.52035 rec_loss:0.05414 [12.69s]; best loss:0.49074, patience : 5
2026-09-12 04:40:47,695 P307332 INFO pr:0.8982  rc:0.7557  auc:0.9805 ap:0.9338 f1: 0.8208 pred_right: 38666 pred_wrong:334 actu_right: 38603 actu_wrong: 397
2026-09-12 04:40:49,217 P307332 INFO pr:0.8172  rc:0.5891  auc:0.9900 ap:0.8634 f1: 0.6847 pred_right: 16407 pred_wrong:93 actu_right: 16371 actu_wrong: 129
2026-09-12 04:40:49,218 P307332 INFO ----------------------------------------------------------------------------------------------------
2026-09-12 04:40:49,218 P307332 INFO 96/300 starting... lr: 0.001 para:0.010309278033673763
2026-09-12 04:41:03,010 P307332 INFO Epoch 96/300, all_loss:0.51319 cls_loss:0.51797 rec_loss:0.05396 [13.79s]; best loss:0.49074, patience : 5
2026-09-12 04:41:06,564 P307332 INFO pr:0.9074  rc:0.7424  auc:0.9853 ap:0.9330 f1: 0.8167 pred_right: 38676 pred_wrong:324 actu_right: 38604 actu_wrong: 396
2026-09-12 04:41:08,163 P307332 INFO pr:0.8105  rc:0.5969  auc:0.9878 ap:0.8582 f1: 0.6875 pred_right: 16405 pred_wrong:95 actu_right: 16371 actu_wrong: 129
2026-09-12 04:41:08,165 P307332 INFO ----------------------------------------------------------------------------------------------------
2026-09-12 04:41:08,167 P307332 INFO 97/300 starting... lr: 0.001 para:0.010204081423580647
2026-09-12 04:41:21,943 P307332 INFO Epoch 97/300, all_loss:0.47292 cls_loss:0.47724 rec_loss:0.05334 [13.77s]; best loss:0.47292, patience : 0
2026-09-12 04:41:25,856 P307332 INFO pr:0.7648  rc:0.8481  auc:0.9789 ap:0.9313 f1: 0.8043 pred_right: 38562 pred_wrong:438 actu_right: 38605 actu_wrong: 395
2026-09-12 04:41:27,613 P307332 INFO pr:0.7295  rc:0.6899  auc:0.9920 ap:0.8649 f1: 0.7092 pred_right: 16378 pred_wrong:122 actu_right: 16371 actu_wrong: 129
2026-09-12 04:41:27,614 P307332 INFO ----------------------------------------------------------------------------------------------------
2026-09-12 04:41:27,614 P307332 INFO 98/300 starting... lr: 0.001 para:0.010101010091602802
2026-09-12 04:41:40,833 P307332 INFO Epoch 98/300, all_loss:0.50519 cls_loss:0.50981 rec_loss:0.05281 [13.22s]; best loss:0.47292, patience : 1
2026-09-12 04:41:44,617 P307332 INFO pr:0.8621  rc:0.8228  auc:0.9831 ap:0.9345 f1: 0.8420 pred_right: 38623 pred_wrong:377 actu_right: 38605 actu_wrong: 395
2026-09-12 04:41:45,961 P307332 INFO pr:0.7963  rc:0.6667  auc:0.9914 ap:0.8641 f1: 0.7257 pred_right: 16392 pred_wrong:108 actu_right: 16371 actu_wrong: 129
2026-09-12 04:41:45,969 P307332 INFO ----------------------------------------------------------------------------------------------------
2026-09-12 04:41:45,970 P307332 INFO 99/300 starting... lr: 0.001 para:0.01
2026-09-12 04:41:58,698 P307332 INFO Epoch 99/300, all_loss:0.49126 cls_loss:0.49568 rec_loss:0.05355 [12.73s]; best loss:0.47292, patience : 1
2026-09-12 04:42:03,624 P307332 INFO pr:0.8583  rc:0.8086  auc:0.9808 ap:0.9320 f1: 0.8327 pred_right: 38626 pred_wrong:374 actu_right: 38603 actu_wrong: 397
2026-09-12 04:42:05,329 P307332 INFO pr:0.8077  rc:0.6512  auc:0.9891 ap:0.8640 f1: 0.7210 pred_right: 16396 pred_wrong:104 actu_right: 16371 actu_wrong: 129
2026-09-12 04:42:05,330 P307332 INFO ----------------------------------------------------------------------------------------------------
2026-09-12 04:42:05,330 P307332 INFO 100/300 starting... lr: 0.0009000000000000001 para:0.01
2026-09-12 04:42:16,778 P307332 INFO Epoch 100/300, all_loss:0.46180 cls_loss:0.46591 rec_loss:0.05440 [11.44s]; best loss:0.46180, patience : 0
2026-09-12 04:42:19,666 P307332 INFO pr:0.8860  rc:0.7652  auc:0.9764 ap:0.9288 f1: 0.8211 pred_right: 38658 pred_wrong:342 actu_right: 38604 actu_wrong: 396
2026-09-12 04:42:20,860 P307332 INFO pr:0.7957  rc:0.5736  auc:0.9846 ap:0.8653 f1: 0.6667 pred_right: 16407 pred_wrong:93 actu_right: 16371 actu_wrong: 129
2026-09-12 04:42:20,861 P307332 INFO ----------------------------------------------------------------------------------------------------
2026-09-12 04:42:20,862 P307332 INFO 101/300 starting... lr: 0.0009000000000000001 para:0.01
2026-09-12 04:42:44,532 P307332 INFO Epoch 101/300, all_loss:0.46626 cls_loss:0.47042 rec_loss:0.05464 [23.67s]; best loss:0.46180, patience : 1
2026-09-12 04:42:47,967 P307332 INFO pr:0.8932  rc:0.7582  auc:0.9805 ap:0.9354 f1: 0.8202 pred_right: 38663 pred_wrong:337 actu_right: 38603 actu_wrong: 397
2026-09-12 04:42:49,355 P307332 INFO pr:0.8191  rc:0.5969  auc:0.9892 ap:0.8726 f1: 0.6906 pred_right: 16406 pred_wrong:94 actu_right: 16371 actu_wrong: 129
2026-09-12 04:42:49,356 P307332 INFO ----------------------------------------------------------------------------------------------------
2026-09-12 04:42:49,356 P307332 INFO 102/300 starting... lr: 0.0009000000000000001 para:0.01
2026-09-12 04:43:02,393 P307332 INFO Epoch 102/300, all_loss:0.48172 cls_loss:0.48603 rec_loss:0.05466 [13.04s]; best loss:0.46180, patience : 2
2026-09-12 04:43:05,710 P307332 INFO pr:0.8830  rc:0.7607  auc:0.9799 ap:0.9339 f1: 0.8173 pred_right: 38658 pred_wrong:342 actu_right: 38603 actu_wrong: 397
2026-09-12 04:43:07,118 P307332 INFO pr:0.8125  rc:0.6047  auc:0.9905 ap:0.8562 f1: 0.6933 pred_right: 16404 pred_wrong:96 actu_right: 16371 actu_wrong: 129
2026-09-12 04:43:07,119 P307332 INFO ----------------------------------------------------------------------------------------------------
2026-09-12 04:43:07,119 P307332 INFO 103/300 starting... lr: 0.0009000000000000001 para:0.01
2026-09-12 04:43:20,260 P307332 INFO Epoch 103/300, all_loss:0.44947 cls_loss:0.45346 rec_loss:0.05408 [13.13s]; best loss:0.44947, patience : 0
2026-09-12 04:43:23,334 P307332 INFO pr:0.8764  rc:0.8056  auc:0.9833 ap:0.9346 f1: 0.8395 pred_right: 38636 pred_wrong:364 actu_right: 38604 actu_wrong: 396
2026-09-12 04:43:24,716 P307332 INFO pr:0.7810  rc:0.6357  auc:0.9900 ap:0.8642 f1: 0.7009 pred_right: 16395 pred_wrong:105 actu_right: 16371 actu_wrong: 129
2026-09-12 04:43:24,717 P307332 INFO ----------------------------------------------------------------------------------------------------
2026-09-12 04:43:24,718 P307332 INFO 104/300 starting... lr: 0.0009000000000000001 para:0.01
2026-09-12 04:43:38,408 P307332 INFO Epoch 104/300, all_loss:0.48706 cls_loss:0.49143 rec_loss:0.05439 [13.69s]; best loss:0.44947, patience : 1
2026-09-12 04:43:41,690 P307332 INFO pr:0.8401  rc:0.8338  auc:0.9826 ap:0.9365 f1: 0.8369 pred_right: 38606 pred_wrong:394 actu_right: 38603 actu_wrong: 397
2026-09-12 04:43:43,117 P307332 INFO pr:0.7632  rc:0.6744  auc:0.9913 ap:0.8641 f1: 0.7160 pred_right: 16386 pred_wrong:114 actu_right: 16371 actu_wrong: 129
2026-09-12 04:43:43,118 P307332 INFO ----------------------------------------------------------------------------------------------------
2026-09-12 04:43:43,119 P307332 INFO 105/300 starting... lr: 0.0009000000000000001 para:0.01
2026-09-12 04:43:56,574 P307332 INFO Epoch 105/300, all_loss:0.53429 cls_loss:0.53915 rec_loss:0.05286 [13.45s]; best loss:0.44947, patience : 2
2026-09-12 04:43:59,793 P307332 INFO pr:0.9175  rc:0.7280  auc:0.9804 ap:0.9341 f1: 0.8118 pred_right: 38685 pred_wrong:315 actu_right: 38603 actu_wrong: 397
2026-09-12 04:44:01,263 P307332 INFO pr:0.8353  rc:0.5504  auc:0.9851 ap:0.8659 f1: 0.6636 pred_right: 16415 pred_wrong:85 actu_right: 16371 actu_wrong: 129
2026-09-12 04:44:01,264 P307332 INFO ----------------------------------------------------------------------------------------------------
2026-09-12 04:44:01,265 P307332 INFO 106/300 starting... lr: 0.0009000000000000001 para:0.01
2026-09-12 04:44:15,440 P307332 INFO Epoch 106/300, all_loss:0.47557 cls_loss:0.47984 rec_loss:0.05322 [14.17s]; best loss:0.44947, patience : 2
2026-09-12 04:44:19,090 P307332 INFO pr:0.8338  rc:0.8359  auc:0.9830 ap:0.9354 f1: 0.8348 pred_right: 38603 pred_wrong:397 actu_right: 38604 actu_wrong: 396
2026-09-12 04:44:20,675 P307332 INFO pr:0.7788  rc:0.6822  auc:0.9930 ap:0.8644 f1: 0.7273 pred_right: 16387 pred_wrong:113 actu_right: 16371 actu_wrong: 129
2026-09-12 04:44:20,677 P307332 INFO ----------------------------------------------------------------------------------------------------
2026-09-12 04:44:20,678 P307332 INFO 107/300 starting... lr: 0.0009000000000000001 para:0.01
2026-09-12 04:44:34,147 P307332 INFO Epoch 107/300, all_loss:2.69437 cls_loss:2.72104 rec_loss:0.05393 [13.47s]; best loss:0.44947, patience : 3
2026-09-12 04:44:37,566 P307332 INFO pr:0.8870  rc:0.7909  auc:0.9829 ap:0.9325 f1: 0.8362 pred_right: 38646 pred_wrong:354 actu_right: 38603 actu_wrong: 397
2026-09-12 04:44:39,139 P307332 INFO pr:0.8125  rc:0.6047  auc:0.9896 ap:0.8592 f1: 0.6933 pred_right: 16404 pred_wrong:96 actu_right: 16371 actu_wrong: 129
2026-09-12 04:44:39,140 P307332 INFO ----------------------------------------------------------------------------------------------------
2026-09-12 04:44:39,148 P307332 INFO 108/300 starting... lr: 0.0009000000000000001 para:0.01
2026-09-12 04:44:52,568 P307332 INFO Epoch 108/300, all_loss:0.44630 cls_loss:0.45026 rec_loss:0.05488 [13.41s]; best loss:0.44630, patience : 0
2026-09-12 04:44:55,353 P307332 INFO pr:0.7889  rc:0.8564  auc:0.9856 ap:0.9363 f1: 0.8213 pred_right: 38569 pred_wrong:431 actu_right: 38603 actu_wrong: 397
2026-09-12 04:44:56,747 P307332 INFO pr:0.7583  rc:0.7054  auc:0.9927 ap:0.8602 f1: 0.7309 pred_right: 16380 pred_wrong:120 actu_right: 16371 actu_wrong: 129
2026-09-12 04:44:56,748 P307332 INFO ----------------------------------------------------------------------------------------------------
2026-09-12 04:44:56,748 P307332 INFO 109/300 starting... lr: 0.0009000000000000001 para:0.01
2026-09-12 04:45:14,023 P307332 INFO Epoch 109/300, all_loss:0.48224 cls_loss:0.48657 rec_loss:0.05321 [17.27s]; best loss:0.44630, patience : 1
2026-09-12 04:45:24,795 P307332 INFO pr:0.8059  rc:0.7551  auc:0.9729 ap:0.9189 f1: 0.7797 pred_right: 38629 pred_wrong:371 actu_right: 38604 actu_wrong: 396
2026-09-12 04:45:26,881 P307332 INFO pr:0.8000  rc:0.5581  auc:0.9720 ap:0.8361 f1: 0.6575 pred_right: 16410 pred_wrong:90 actu_right: 16371 actu_wrong: 129
2026-09-12 04:45:26,882 P307332 INFO ----------------------------------------------------------------------------------------------------
2026-09-12 04:45:26,883 P307332 INFO 110/300 starting... lr: 0.0009000000000000001 para:0.01
2026-09-12 04:45:40,905 P307332 INFO Epoch 110/300, all_loss:0.46333 cls_loss:0.46747 rec_loss:0.05359 [14.02s]; best loss:0.44630, patience : 1
2026-09-12 04:45:43,826 P307332 INFO pr:0.8214  rc:0.8111  auc:0.9858 ap:0.9311 f1: 0.8162 pred_right: 38608 pred_wrong:392 actu_right: 38603 actu_wrong: 397
2026-09-12 04:45:45,192 P307332 INFO pr:0.7636  rc:0.6512  auc:0.9905 ap:0.8601 f1: 0.7029 pred_right: 16390 pred_wrong:110 actu_right: 16371 actu_wrong: 129
2026-09-12 04:45:45,193 P307332 INFO ----------------------------------------------------------------------------------------------------
2026-09-12 04:45:45,193 P307332 INFO 111/300 starting... lr: 0.0009000000000000001 para:0.01
2026-09-12 04:45:57,922 P307332 INFO Epoch 111/300, all_loss:0.43035 cls_loss:0.43414 rec_loss:0.05480 [12.72s]; best loss:0.43035, patience : 0
2026-09-12 04:46:01,230 P307332 INFO pr:0.8484  rc:0.8035  auc:0.9852 ap:0.9356 f1: 0.8254 pred_right: 38624 pred_wrong:376 actu_right: 38603 actu_wrong: 397
2026-09-12 04:46:02,527 P307332 INFO pr:0.8081  rc:0.6202  auc:0.9850 ap:0.8666 f1: 0.7018 pred_right: 16401 pred_wrong:99 actu_right: 16371 actu_wrong: 129
2026-09-12 04:46:02,528 P307332 INFO ----------------------------------------------------------------------------------------------------
2026-09-12 04:46:02,529 P307332 INFO 112/300 starting... lr: 0.0009000000000000001 para:0.01
2026-09-12 04:46:15,707 P307332 INFO Epoch 112/300, all_loss:1.61253 cls_loss:1.62828 rec_loss:0.05325 [13.18s]; best loss:0.43035, patience : 1
2026-09-12 04:46:18,874 P307332 INFO pr:0.8836  rc:0.7456  auc:0.9763 ap:0.9314 f1: 0.8087 pred_right: 38665 pred_wrong:335 actu_right: 38603 actu_wrong: 397
2026-09-12 04:46:20,489 P307332 INFO pr:0.8182  rc:0.5581  auc:0.9830 ap:0.8664 f1: 0.6636 pred_right: 16412 pred_wrong:88 actu_right: 16371 actu_wrong: 129
2026-09-12 04:46:20,490 P307332 INFO ----------------------------------------------------------------------------------------------------
2026-09-12 04:46:20,490 P307332 INFO 113/300 starting... lr: 0.0009000000000000001 para:0.01
2026-09-12 04:46:33,993 P307332 INFO Epoch 113/300, all_loss:0.44312 cls_loss:0.44703 rec_loss:0.05522 [13.50s]; best loss:0.43035, patience : 1
2026-09-12 04:46:37,532 P307332 INFO pr:0.9218  rc:0.7128  auc:0.9790 ap:0.9331 f1: 0.8040 pred_right: 38693 pred_wrong:307 actu_right: 38603 actu_wrong: 397
2026-09-12 04:46:39,205 P307332 INFO pr:0.8152  rc:0.5814  auc:0.9846 ap:0.8722 f1: 0.6787 pred_right: 16408 pred_wrong:92 actu_right: 16371 actu_wrong: 129
2026-09-12 04:46:39,207 P307332 INFO ----------------------------------------------------------------------------------------------------
2026-09-12 04:46:39,208 P307332 INFO 114/300 starting... lr: 0.0009000000000000001 para:0.01
2026-09-12 04:46:52,981 P307332 INFO Epoch 114/300, all_loss:0.44994 cls_loss:0.45394 rec_loss:0.05435 [13.77s]; best loss:0.43035, patience : 2
2026-09-12 04:46:56,662 P307332 INFO pr:0.9080  rc:0.7708  auc:0.9817 ap:0.9369 f1: 0.8338 pred_right: 38663 pred_wrong:337 actu_right: 38603 actu_wrong: 397
2026-09-12 04:46:58,203 P307332 INFO pr:0.8090  rc:0.5581  auc:0.9872 ap:0.8630 f1: 0.6606 pred_right: 16411 pred_wrong:89 actu_right: 16371 actu_wrong: 129
2026-09-12 04:46:58,204 P307332 INFO ----------------------------------------------------------------------------------------------------
2026-09-12 04:46:58,204 P307332 INFO 115/300 starting... lr: 0.0009000000000000001 para:0.01
2026-09-12 04:47:11,831 P307332 INFO Epoch 115/300, all_loss:0.47036 cls_loss:0.47456 rec_loss:0.05397 [13.63s]; best loss:0.43035, patience : 3
2026-09-12 04:47:15,611 P307332 INFO pr:0.8921  rc:0.7708  auc:0.9812 ap:0.9362 f1: 0.8270 pred_right: 38657 pred_wrong:343 actu_right: 38603 actu_wrong: 397
2026-09-12 04:47:16,909 P307332 INFO pr:0.7885  rc:0.6357  auc:0.9882 ap:0.8675 f1: 0.7039 pred_right: 16396 pred_wrong:104 actu_right: 16371 actu_wrong: 129
2026-09-12 04:47:16,910 P307332 INFO ----------------------------------------------------------------------------------------------------
2026-09-12 04:47:16,910 P307332 INFO 116/300 starting... lr: 0.0009000000000000001 para:0.01
2026-09-12 04:47:32,190 P307332 INFO Epoch 116/300, all_loss:0.44402 cls_loss:0.44795 rec_loss:0.05466 [15.28s]; best loss:0.43035, patience : 3
2026-09-12 04:47:34,778 P307332 INFO pr:0.9203  rc:0.6995  auc:0.9770 ap:0.9348 f1: 0.7948 pred_right: 38699 pred_wrong:301 actu_right: 38604 actu_wrong: 396
2026-09-12 04:47:35,825 P307332 INFO pr:0.8235  rc:0.5426  auc:0.9707 ap:0.8594 f1: 0.6542 pred_right: 16415 pred_wrong:85 actu_right: 16371 actu_wrong: 129
2026-09-12 04:47:35,826 P307332 INFO ----------------------------------------------------------------------------------------------------
2026-09-12 04:47:35,826 P307332 INFO 117/300 starting... lr: 0.0009000000000000001 para:0.01
2026-09-12 04:47:47,624 P307332 INFO Epoch 117/300, all_loss:0.43041 cls_loss:0.43420 rec_loss:0.05536 [11.80s]; best loss:0.43035, patience : 3
2026-09-12 04:47:56,395 P307332 INFO pr:0.8810  rc:0.7456  auc:0.9829 ap:0.9272 f1: 0.8076 pred_right: 38664 pred_wrong:336 actu_right: 38603 actu_wrong: 397
2026-09-12 04:48:02,162 P307332 INFO pr:0.7941  rc:0.6279  auc:0.9815 ap:0.8499 f1: 0.7013 pred_right: 16398 pred_wrong:102 actu_right: 16371 actu_wrong: 129
2026-09-12 04:48:02,163 P307332 INFO ----------------------------------------------------------------------------------------------------
2026-09-12 04:48:02,170 P307332 INFO 118/300 starting... lr: 0.0009000000000000001 para:0.01
2026-09-12 04:48:19,496 P307332 INFO Epoch 118/300, all_loss:0.44612 cls_loss:0.45005 rec_loss:0.05655 [17.32s]; best loss:0.43035, patience : 4
2026-09-12 04:48:22,963 P307332 INFO pr:0.8974  rc:0.7935  auc:0.9781 ap:0.9366 f1: 0.8422 pred_right: 38649 pred_wrong:351 actu_right: 38603 actu_wrong: 397
2026-09-12 04:48:24,539 P307332 INFO pr:0.8182  rc:0.6279  auc:0.9835 ap:0.8677 f1: 0.7105 pred_right: 16401 pred_wrong:99 actu_right: 16371 actu_wrong: 129
2026-09-12 04:48:24,547 P307332 INFO ----------------------------------------------------------------------------------------------------
2026-09-12 04:48:24,547 P307332 INFO 119/300 starting... lr: 0.0009000000000000001 para:0.01
2026-09-12 04:48:37,443 P307332 INFO Epoch 119/300, all_loss:0.39053 cls_loss:0.39390 rec_loss:0.05652 [12.89s]; best loss:0.39053, patience : 0
2026-09-12 04:48:40,702 P307332 INFO pr:0.8726  rc:0.6902  auc:0.9718 ap:0.9229 f1: 0.7707 pred_right: 38686 pred_wrong:314 actu_right: 38603 actu_wrong: 397
2026-09-12 04:48:42,138 P307332 INFO pr:0.8313  rc:0.5349  auc:0.9631 ap:0.8635 f1: 0.6509 pred_right: 16417 pred_wrong:83 actu_right: 16371 actu_wrong: 129
2026-09-12 04:48:42,139 P307332 INFO ----------------------------------------------------------------------------------------------------
2026-09-12 04:48:42,139 P307332 INFO 120/300 starting... lr: 0.0009000000000000001 para:0.01
2026-09-12 04:48:54,780 P307332 INFO Epoch 120/300, all_loss:0.45170 cls_loss:0.45570 rec_loss:0.05646 [12.64s]; best loss:0.39053, patience : 1
2026-09-12 04:48:59,299 P307332 INFO pr:0.9054  rc:0.7247  auc:0.9827 ap:0.9361 f1: 0.8050 pred_right: 38683 pred_wrong:317 actu_right: 38604 actu_wrong: 396
2026-09-12 04:49:00,715 P307332 INFO pr:0.8222  rc:0.5736  auc:0.9789 ap:0.8496 f1: 0.6758 pred_right: 16410 pred_wrong:90 actu_right: 16371 actu_wrong: 129
2026-09-12 04:49:00,716 P307332 INFO ----------------------------------------------------------------------------------------------------
2026-09-12 04:49:00,716 P307332 INFO 121/300 starting... lr: 0.0009000000000000001 para:0.01
2026-09-12 04:49:14,238 P307332 INFO Epoch 121/300, all_loss:0.46217 cls_loss:0.46627 rec_loss:0.05614 [13.52s]; best loss:0.39053, patience : 2
2026-09-12 04:49:18,113 P307332 INFO pr:0.9043  rc:0.7380  auc:0.9797 ap:0.9346 f1: 0.8128 pred_right: 38676 pred_wrong:324 actu_right: 38603 actu_wrong: 397
2026-09-12 04:49:19,806 P307332 INFO pr:0.7857  rc:0.5116  auc:0.9851 ap:0.8390 f1: 0.6197 pred_right: 16416 pred_wrong:84 actu_right: 16371 actu_wrong: 129
2026-09-12 04:49:19,807 P307332 INFO ----------------------------------------------------------------------------------------------------
2026-09-12 04:49:19,808 P307332 INFO 122/300 starting... lr: 0.0009000000000000001 para:0.01
2026-09-12 04:49:33,467 P307332 INFO Epoch 122/300, all_loss:0.42264 cls_loss:0.42634 rec_loss:0.05581 [13.66s]; best loss:0.39053, patience : 2
2026-09-12 04:49:36,972 P307332 INFO pr:0.9027  rc:0.7708  auc:0.9794 ap:0.9355 f1: 0.8315 pred_right: 38661 pred_wrong:339 actu_right: 38603 actu_wrong: 397
2026-09-12 04:49:38,479 P307332 INFO pr:0.8065  rc:0.5814  auc:0.9856 ap:0.8755 f1: 0.6757 pred_right: 16407 pred_wrong:93 actu_right: 16371 actu_wrong: 129
2026-09-12 04:49:38,481 P307332 INFO ----------------------------------------------------------------------------------------------------
2026-09-12 04:49:38,487 P307332 INFO 123/300 starting... lr: 0.0009000000000000001 para:0.01
2026-09-12 04:49:52,268 P307332 INFO Epoch 123/300, all_loss:0.45504 cls_loss:0.45908 rec_loss:0.05487 [13.78s]; best loss:0.39053, patience : 3
2026-09-12 04:49:55,871 P307332 INFO pr:0.9116  rc:0.7551  auc:0.9810 ap:0.9332 f1: 0.8260 pred_right: 38672 pred_wrong:328 actu_right: 38604 actu_wrong: 396
2026-09-12 04:49:57,200 P307332 INFO pr:0.7879  rc:0.6047  auc:0.9859 ap:0.8555 f1: 0.6842 pred_right: 16401 pred_wrong:99 actu_right: 16371 actu_wrong: 129
2026-09-12 04:49:57,201 P307332 INFO ----------------------------------------------------------------------------------------------------
2026-09-12 04:49:57,201 P307332 INFO 124/300 starting... lr: 0.0009000000000000001 para:0.01
2026-09-12 04:50:11,619 P307332 INFO Epoch 124/300, all_loss:0.47055 cls_loss:0.47475 rec_loss:0.05470 [14.42s]; best loss:0.39053, patience : 4
2026-09-12 04:50:17,058 P307332 INFO pr:0.9003  rc:0.7960  auc:0.9802 ap:0.9380 f1: 0.8449 pred_right: 38649 pred_wrong:351 actu_right: 38603 actu_wrong: 397
2026-09-12 04:50:18,120 P307332 INFO pr:0.8200  rc:0.6357  auc:0.9855 ap:0.8791 f1: 0.7162 pred_right: 16400 pred_wrong:100 actu_right: 16371 actu_wrong: 129
2026-09-12 04:50:18,127 P307332 INFO ----------------------------------------------------------------------------------------------------
2026-09-12 04:50:18,128 P307332 INFO 125/300 starting... lr: 0.0009000000000000001 para:0.01
2026-09-12 04:50:29,657 P307332 INFO Epoch 125/300, all_loss:0.41204 cls_loss:0.41564 rec_loss:0.05479 [11.53s]; best loss:0.39053, patience : 4
2026-09-12 04:50:32,678 P307332 INFO pr:0.8527  rc:0.8312  auc:0.9809 ap:0.9408 f1: 0.8418 pred_right: 38613 pred_wrong:387 actu_right: 38603 actu_wrong: 397
2026-09-12 04:50:34,317 P307332 INFO pr:0.7925  rc:0.6512  auc:0.9886 ap:0.8679 f1: 0.7149 pred_right: 16394 pred_wrong:106 actu_right: 16371 actu_wrong: 129
2026-09-12 04:50:34,321 P307332 INFO ----------------------------------------------------------------------------------------------------
2026-09-12 04:50:34,324 P307332 INFO 126/300 starting... lr: 0.0009000000000000001 para:0.01
2026-09-12 04:50:57,743 P307332 INFO Epoch 126/300, all_loss:0.48196 cls_loss:0.48628 rec_loss:0.05511 [23.42s]; best loss:0.39053, patience : 5
2026-09-12 04:51:01,562 P307332 INFO pr:0.9209  rc:0.6465  auc:0.9672 ap:0.9312 f1: 0.7596 pred_right: 38722 pred_wrong:278 actu_right: 38604 actu_wrong: 396
2026-09-12 04:51:02,881 P307332 INFO pr:0.8082  rc:0.4574  auc:0.9545 ap:0.8692 f1: 0.5842 pred_right: 16427 pred_wrong:73 actu_right: 16371 actu_wrong: 129
2026-09-12 04:51:02,882 P307332 INFO ----------------------------------------------------------------------------------------------------
2026-09-12 04:51:02,882 P307332 INFO 127/300 starting... lr: 0.0009000000000000001 para:0.01
2026-09-12 04:51:16,351 P307332 INFO Epoch 127/300, all_loss:0.42091 cls_loss:0.42460 rec_loss:0.05585 [13.47s]; best loss:0.39053, patience : 5
2026-09-12 04:51:19,731 P307332 INFO pr:0.8946  rc:0.7909  auc:0.9806 ap:0.9414 f1: 0.8396 pred_right: 38649 pred_wrong:351 actu_right: 38603 actu_wrong: 397
2026-09-12 04:51:21,247 P307332 INFO pr:0.8367  rc:0.6357  auc:0.9838 ap:0.8703 f1: 0.7225 pred_right: 16402 pred_wrong:98 actu_right: 16371 actu_wrong: 129
2026-09-12 04:51:21,248 P307332 INFO ----------------------------------------------------------------------------------------------------
2026-09-12 04:51:21,249 P307332 INFO 128/300 starting... lr: 0.0009000000000000001 para:0.01
2026-09-12 04:51:34,319 P307332 INFO Epoch 128/300, all_loss:15.68172 cls_loss:15.83956 rec_loss:0.05594 [13.07s]; best loss:0.39053, patience : 6
2026-09-12 04:51:37,676 P307332 INFO pr:0.8820  rc:0.7949  auc:0.9769 ap:0.9313 f1: 0.8362 pred_right: 38644 pred_wrong:356 actu_right: 38605 actu_wrong: 395
2026-09-12 04:51:39,366 P307332 INFO pr:0.7961  rc:0.6357  auc:0.9874 ap:0.8689 f1: 0.7069 pred_right: 16397 pred_wrong:103 actu_right: 16371 actu_wrong: 129
2026-09-12 04:51:39,367 P307332 INFO ----------------------------------------------------------------------------------------------------
2026-09-12 04:51:39,374 P307332 INFO 129/300 starting... lr: 0.0009000000000000001 para:0.01
2026-09-12 04:51:52,601 P307332 INFO Epoch 129/300, all_loss:0.42154 cls_loss:0.42523 rec_loss:0.05589 [13.23s]; best loss:0.39053, patience : 6
2026-09-12 04:51:56,210 P307332 INFO pr:0.8475  rc:0.8262  auc:0.9784 ap:0.9342 f1: 0.8367 pred_right: 38613 pred_wrong:387 actu_right: 38603 actu_wrong: 397
2026-09-12 04:51:57,824 P307332 INFO pr:0.7426  rc:0.5814  auc:0.9790 ap:0.8421 f1: 0.6522 pred_right: 16399 pred_wrong:101 actu_right: 16371 actu_wrong: 129
2026-09-12 04:51:57,826 P307332 INFO ----------------------------------------------------------------------------------------------------
2026-09-12 04:51:57,827 P307332 INFO 130/300 starting... lr: 0.0009000000000000001 para:0.01
2026-09-12 04:52:11,141 P307332 INFO Epoch 130/300, all_loss:0.42382 cls_loss:0.42751 rec_loss:0.05892 [13.31s]; best loss:0.39053, patience : 7
2026-09-12 04:52:14,408 P307332 INFO pr:0.8048  rc:0.8413  auc:0.9779 ap:0.9359 f1: 0.8227 pred_right: 38585 pred_wrong:415 actu_right: 38603 actu_wrong: 397
2026-09-12 04:52:16,000 P307332 INFO pr:0.7778  rc:0.7054  auc:0.9884 ap:0.8661 f1: 0.7398 pred_right: 16383 pred_wrong:117 actu_right: 16371 actu_wrong: 129
2026-09-12 04:52:16,001 P307332 INFO ----------------------------------------------------------------------------------------------------
2026-09-12 04:52:16,001 P307332 INFO 131/300 starting... lr: 0.0009000000000000001 para:0.01
2026-09-12 04:52:29,207 P307332 INFO Epoch 131/300, all_loss:0.41712 cls_loss:0.42076 rec_loss:0.05751 [13.20s]; best loss:0.39053, patience : 7
2026-09-12 04:52:32,581 P307332 INFO pr:0.8994  rc:0.7884  auc:0.9747 ap:0.9350 f1: 0.8403 pred_right: 38652 pred_wrong:348 actu_right: 38603 actu_wrong: 397
2026-09-12 04:52:33,975 P307332 INFO pr:0.7812  rc:0.5814  auc:0.9812 ap:0.8691 f1: 0.6667 pred_right: 16404 pred_wrong:96 actu_right: 16371 actu_wrong: 129
2026-09-12 04:52:33,976 P307332 INFO ----------------------------------------------------------------------------------------------------
2026-09-12 04:52:33,976 P307332 INFO 132/300 starting... lr: 0.0009000000000000001 para:0.01
2026-09-12 04:52:47,964 P307332 INFO Epoch 132/300, all_loss:0.40514 cls_loss:0.40865 rec_loss:0.05760 [13.99s]; best loss:0.39053, patience : 7
2026-09-12 04:52:52,010 P307332 INFO pr:0.8617  rc:0.8161  auc:0.9839 ap:0.9348 f1: 0.8383 pred_right: 38624 pred_wrong:376 actu_right: 38603 actu_wrong: 397
2026-09-12 04:52:53,585 P307332 INFO pr:0.7658  rc:0.6589  auc:0.9865 ap:0.8572 f1: 0.7083 pred_right: 16389 pred_wrong:111 actu_right: 16371 actu_wrong: 129
2026-09-12 04:52:53,586 P307332 INFO ----------------------------------------------------------------------------------------------------
2026-09-12 04:52:53,586 P307332 INFO 133/300 starting... lr: 0.0009000000000000001 para:0.01
2026-09-12 04:53:06,698 P307332 INFO Epoch 133/300, all_loss:0.44324 cls_loss:0.44714 rec_loss:0.05735 [13.11s]; best loss:0.39053, patience : 8
2026-09-12 04:53:09,937 P307332 INFO pr:0.8825  rc:0.8157  auc:0.9864 ap:0.9371 f1: 0.8478 pred_right: 38634 pred_wrong:366 actu_right: 38604 actu_wrong: 396
2026-09-12 04:53:11,404 P307332 INFO pr:0.7778  rc:0.6512  auc:0.9911 ap:0.8545 f1: 0.7089 pred_right: 16392 pred_wrong:108 actu_right: 16371 actu_wrong: 129
2026-09-12 04:53:11,411 P307332 INFO ----------------------------------------------------------------------------------------------------
2026-09-12 04:53:11,412 P307332 INFO 134/300 starting... lr: 0.0009000000000000001 para:0.01
2026-09-12 04:53:30,768 P307332 INFO Epoch 134/300, all_loss:0.40760 cls_loss:0.41115 rec_loss:0.05584 [19.36s]; best loss:0.39053, patience : 8
2026-09-12 04:53:38,307 P307332 INFO pr:0.8904  rc:0.8186  auc:0.9839 ap:0.9395 f1: 0.8530 pred_right: 38635 pred_wrong:365 actu_right: 38603 actu_wrong: 397
2026-09-12 04:53:39,870 P307332 INFO pr:0.7981  rc:0.6434  auc:0.9869 ap:0.8574 f1: 0.7124 pred_right: 16396 pred_wrong:104 actu_right: 16371 actu_wrong: 129
2026-09-12 04:53:39,877 P307332 INFO ----------------------------------------------------------------------------------------------------
2026-09-12 04:53:39,877 P307332 INFO 135/300 starting... lr: 0.0009000000000000001 para:0.01
2026-09-12 04:53:53,872 P307332 INFO Epoch 135/300, all_loss:0.38748 cls_loss:0.39082 rec_loss:0.05724 [13.99s]; best loss:0.38748, patience : 0
2026-09-12 04:53:57,246 P307332 INFO pr:0.8929  rc:0.8186  auc:0.9834 ap:0.9421 f1: 0.8541 pred_right: 38636 pred_wrong:364 actu_right: 38603 actu_wrong: 397
2026-09-12 04:53:58,585 P307332 INFO pr:0.7928  rc:0.6822  auc:0.9912 ap:0.8726 f1: 0.7333 pred_right: 16389 pred_wrong:111 actu_right: 16371 actu_wrong: 129
2026-09-12 04:53:58,592 P307332 INFO ----------------------------------------------------------------------------------------------------
2026-09-12 04:53:58,592 P307332 INFO 136/300 starting... lr: 0.0009000000000000001 para:0.01
2026-09-12 04:54:11,267 P307332 INFO Epoch 136/300, all_loss:0.41540 cls_loss:0.41902 rec_loss:0.05702 [12.67s]; best loss:0.38748, patience : 1
2026-09-12 04:54:14,557 P307332 INFO pr:0.8299  rc:0.8258  auc:0.9763 ap:0.9385 f1: 0.8278 pred_right: 38606 pred_wrong:394 actu_right: 38604 actu_wrong: 396
2026-09-12 04:54:16,068 P307332 INFO pr:0.7636  rc:0.6512  auc:0.9905 ap:0.8684 f1: 0.7029 pred_right: 16390 pred_wrong:110 actu_right: 16371 actu_wrong: 129
2026-09-12 04:54:16,070 P307332 INFO ----------------------------------------------------------------------------------------------------
2026-09-12 04:54:16,070 P307332 INFO 137/300 starting... lr: 0.0009000000000000001 para:0.01
2026-09-12 04:54:29,014 P307332 INFO Epoch 137/300, all_loss:0.41244 cls_loss:0.41602 rec_loss:0.05850 [12.94s]; best loss:0.38748, patience : 1
2026-09-12 04:54:32,718 P307332 INFO pr:0.8686  rc:0.8182  auc:0.9778 ap:0.9369 f1: 0.8427 pred_right: 38627 pred_wrong:373 actu_right: 38604 actu_wrong: 396
2026-09-12 04:54:34,151 P307332 INFO pr:0.8229  rc:0.6124  auc:0.9882 ap:0.8562 f1: 0.7022 pred_right: 16404 pred_wrong:96 actu_right: 16371 actu_wrong: 129
2026-09-12 04:54:34,160 P307332 INFO ----------------------------------------------------------------------------------------------------
2026-09-12 04:54:34,160 P307332 INFO 138/300 starting... lr: 0.0009000000000000001 para:0.01
2026-09-12 04:54:47,888 P307332 INFO Epoch 138/300, all_loss:0.42981 cls_loss:0.43357 rec_loss:0.05778 [13.73s]; best loss:0.38748, patience : 2
2026-09-12 04:54:51,604 P307332 INFO pr:0.8697  rc:0.8237  auc:0.9792 ap:0.9329 f1: 0.8461 pred_right: 38624 pred_wrong:376 actu_right: 38603 actu_wrong: 397
2026-09-12 04:54:53,183 P307332 INFO pr:0.7767  rc:0.6202  auc:0.9802 ap:0.8372 f1: 0.6897 pred_right: 16397 pred_wrong:103 actu_right: 16371 actu_wrong: 129
2026-09-12 04:54:53,183 P307332 INFO ----------------------------------------------------------------------------------------------------
2026-09-12 04:54:53,183 P307332 INFO 139/300 starting... lr: 0.0009000000000000001 para:0.01
2026-09-12 04:55:07,033 P307332 INFO Epoch 139/300, all_loss:2.46912 cls_loss:2.49345 rec_loss:0.05997 [13.85s]; best loss:0.38748, patience : 3
2026-09-12 04:55:10,577 P307332 INFO pr:0.9302  rc:0.7380  auc:0.9765 ap:0.9387 f1: 0.8230 pred_right: 38685 pred_wrong:315 actu_right: 38603 actu_wrong: 397
2026-09-12 04:55:12,291 P307332 INFO pr:0.8202  rc:0.5659  auc:0.9829 ap:0.8771 f1: 0.6697 pred_right: 16411 pred_wrong:89 actu_right: 16371 actu_wrong: 129
2026-09-12 04:55:12,293 P307332 INFO ----------------------------------------------------------------------------------------------------
2026-09-12 04:55:12,294 P307332 INFO 140/300 starting... lr: 0.0009000000000000001 para:0.01
2026-09-12 04:55:25,696 P307332 INFO Epoch 140/300, all_loss:0.43821 cls_loss:0.44202 rec_loss:0.06093 [13.40s]; best loss:0.38748, patience : 3
2026-09-12 04:55:29,354 P307332 INFO pr:0.8432  rc:0.8262  auc:0.9743 ap:0.9331 f1: 0.8346 pred_right: 38611 pred_wrong:389 actu_right: 38603 actu_wrong: 397
2026-09-12 04:55:31,038 P307332 INFO pr:0.7818  rc:0.6667  auc:0.9857 ap:0.8617 f1: 0.7197 pred_right: 16390 pred_wrong:110 actu_right: 16371 actu_wrong: 129
2026-09-12 04:55:31,039 P307332 INFO ----------------------------------------------------------------------------------------------------
2026-09-12 04:55:31,039 P307332 INFO 141/300 starting... lr: 0.0009000000000000001 para:0.01
2026-09-12 04:55:45,528 P307332 INFO Epoch 141/300, all_loss:0.37786 cls_loss:0.38106 rec_loss:0.06058 [14.48s]; best loss:0.37786, patience : 0
2026-09-12 04:55:48,335 P307332 INFO pr:0.9313  rc:0.6826  auc:0.9695 ap:0.9331 f1: 0.7878 pred_right: 38709 pred_wrong:291 actu_right: 38603 actu_wrong: 397
2026-09-12 04:55:49,404 P307332 INFO pr:0.8333  rc:0.5039  auc:0.9557 ap:0.8516 f1: 0.6280 pred_right: 16422 pred_wrong:78 actu_right: 16371 actu_wrong: 129
2026-09-12 04:55:49,406 P307332 INFO ----------------------------------------------------------------------------------------------------
2026-09-12 04:55:49,406 P307332 INFO 142/300 starting... lr: 0.0009000000000000001 para:0.01
2026-09-12 04:56:01,301 P307332 INFO Epoch 142/300, all_loss:0.42723 cls_loss:0.43096 rec_loss:0.05830 [11.89s]; best loss:0.37786, patience : 1
2026-09-12 04:56:08,501 P307332 INFO pr:0.8162  rc:0.8388  auc:0.9820 ap:0.9286 f1: 0.8273 pred_right: 38592 pred_wrong:408 actu_right: 38603 actu_wrong: 397
2026-09-12 04:56:13,971 P307332 INFO pr:0.7500  rc:0.6977  auc:0.9893 ap:0.8608 f1: 0.7229 pred_right: 16380 pred_wrong:120 actu_right: 16371 actu_wrong: 129
2026-09-12 04:56:13,974 P307332 INFO ----------------------------------------------------------------------------------------------------
2026-09-12 04:56:13,975 P307332 INFO 143/300 starting... lr: 0.0009000000000000001 para:0.01
2026-09-12 04:56:31,812 P307332 INFO Epoch 143/300, all_loss:0.44326 cls_loss:0.44715 rec_loss:0.05814 [17.83s]; best loss:0.37786, patience : 2
2026-09-12 04:56:35,038 P307332 INFO pr:0.9205  rc:0.7003  auc:0.9771 ap:0.9347 f1: 0.7954 pred_right: 38698 pred_wrong:302 actu_right: 38603 actu_wrong: 397
2026-09-12 04:56:36,748 P307332 INFO pr:0.8261  rc:0.5891  auc:0.9750 ap:0.8521 f1: 0.6878 pred_right: 16408 pred_wrong:92 actu_right: 16371 actu_wrong: 129
2026-09-12 04:56:36,749 P307332 INFO ----------------------------------------------------------------------------------------------------
2026-09-12 04:56:36,749 P307332 INFO 144/300 starting... lr: 0.0009000000000000001 para:0.01
2026-09-12 04:56:49,800 P307332 INFO Epoch 144/300, all_loss:0.36660 cls_loss:0.36973 rec_loss:0.05739 [13.04s]; best loss:0.36660, patience : 0
2026-09-12 04:56:52,813 P307332 INFO pr:0.8936  rc:0.8056  auc:0.9821 ap:0.9434 f1: 0.8473 pred_right: 38643 pred_wrong:357 actu_right: 38604 actu_wrong: 396
2026-09-12 04:56:54,124 P307332 INFO pr:0.7980  rc:0.6124  auc:0.9839 ap:0.8745 f1: 0.6930 pred_right: 16401 pred_wrong:99 actu_right: 16371 actu_wrong: 129
2026-09-12 04:56:54,125 P307332 INFO ----------------------------------------------------------------------------------------------------
2026-09-12 04:56:54,125 P307332 INFO 145/300 starting... lr: 0.0009000000000000001 para:0.01
2026-09-12 04:57:07,633 P307332 INFO Epoch 145/300, all_loss:0.37816 cls_loss:0.38138 rec_loss:0.05969 [13.51s]; best loss:0.36660, patience : 1
2026-09-12 04:57:10,707 P307332 INFO pr:0.9363  rc:0.7406  auc:0.9798 ap:0.9413 f1: 0.8270 pred_right: 38686 pred_wrong:314 actu_right: 38603 actu_wrong: 397
2026-09-12 04:57:12,145 P307332 INFO pr:0.8280  rc:0.5969  auc:0.9836 ap:0.8624 f1: 0.6937 pred_right: 16407 pred_wrong:93 actu_right: 16371 actu_wrong: 129
2026-09-12 04:57:12,146 P307332 INFO ----------------------------------------------------------------------------------------------------
2026-09-12 04:57:12,147 P307332 INFO 146/300 starting... lr: 0.0009000000000000001 para:0.01
2026-09-12 04:57:25,555 P307332 INFO Epoch 146/300, all_loss:0.39489 cls_loss:0.39827 rec_loss:0.06110 [13.41s]; best loss:0.36660, patience : 2
2026-09-12 04:57:29,332 P307332 INFO pr:0.8122  rc:0.8388  auc:0.9776 ap:0.9354 f1: 0.8253 pred_right: 38590 pred_wrong:410 actu_right: 38603 actu_wrong: 397
2026-09-12 04:57:30,948 P307332 INFO pr:0.7636  rc:0.6512  auc:0.9863 ap:0.8513 f1: 0.7029 pred_right: 16390 pred_wrong:110 actu_right: 16371 actu_wrong: 129
2026-09-12 04:57:30,949 P307332 INFO ----------------------------------------------------------------------------------------------------
2026-09-12 04:57:30,950 P307332 INFO 147/300 starting... lr: 0.0009000000000000001 para:0.01
2026-09-12 04:57:44,670 P307332 INFO Epoch 147/300, all_loss:0.39415 cls_loss:0.39751 rec_loss:0.06115 [13.72s]; best loss:0.36660, patience : 2
2026-09-12 04:57:48,414 P307332 INFO pr:0.9379  rc:0.6869  auc:0.9737 ap:0.9382 f1: 0.7930 pred_right: 38710 pred_wrong:290 actu_right: 38604 actu_wrong: 396
2026-09-12 04:57:50,038 P307332 INFO pr:0.8161  rc:0.5504  auc:0.9694 ap:0.8811 f1: 0.6574 pred_right: 16413 pred_wrong:87 actu_right: 16371 actu_wrong: 129
2026-09-12 04:57:50,041 P307332 INFO ----------------------------------------------------------------------------------------------------
2026-09-12 04:57:50,041 P307332 INFO 148/300 starting... lr: 0.0009000000000000001 para:0.01
2026-09-12 04:58:03,773 P307332 INFO Epoch 148/300, all_loss:0.37016 cls_loss:0.37328 rec_loss:0.06130 [13.73s]; best loss:0.36660, patience : 2
2026-09-12 04:58:07,644 P307332 INFO pr:0.9221  rc:0.7456  auc:0.9765 ap:0.9393 f1: 0.8245 pred_right: 38679 pred_wrong:321 actu_right: 38603 actu_wrong: 397
2026-09-12 04:58:09,200 P307332 INFO pr:0.8191  rc:0.5969  auc:0.9794 ap:0.8594 f1: 0.6906 pred_right: 16406 pred_wrong:94 actu_right: 16371 actu_wrong: 129
2026-09-12 04:58:09,202 P307332 INFO ----------------------------------------------------------------------------------------------------
2026-09-12 04:58:09,204 P307332 INFO 149/300 starting... lr: 0.0009000000000000001 para:0.01
2026-09-12 04:58:22,905 P307332 INFO Epoch 149/300, all_loss:0.36969 cls_loss:0.37280 rec_loss:0.06146 [13.70s]; best loss:0.36660, patience : 2
2026-09-12 04:58:27,139 P307332 INFO pr:0.9286  rc:0.7531  auc:0.9764 ap:0.9396 f1: 0.8317 pred_right: 38678 pred_wrong:322 actu_right: 38603 actu_wrong: 397
2026-09-12 04:58:30,379 P307332 INFO pr:0.7907  rc:0.5271  auc:0.9813 ap:0.8664 f1: 0.6326 pred_right: 16414 pred_wrong:86 actu_right: 16371 actu_wrong: 129
2026-09-12 04:58:30,381 P307332 INFO ----------------------------------------------------------------------------------------------------
2026-09-12 04:58:30,382 P307332 INFO 150/300 starting... lr: 0.0009000000000000001 para:0.01
2026-09-12 04:58:41,801 P307332 INFO Epoch 150/300, all_loss:0.34192 cls_loss:0.34475 rec_loss:0.06210 [11.41s]; best loss:0.34192, patience : 0
2026-09-12 04:58:44,579 P307332 INFO pr:0.9200  rc:0.7531  auc:0.9766 ap:0.9356 f1: 0.8283 pred_right: 38675 pred_wrong:325 actu_right: 38603 actu_wrong: 397
2026-09-12 04:58:45,781 P307332 INFO pr:0.7979  rc:0.5814  auc:0.9683 ap:0.8547 f1: 0.6726 pred_right: 16406 pred_wrong:94 actu_right: 16371 actu_wrong: 129
2026-09-12 04:58:45,782 P307332 INFO ----------------------------------------------------------------------------------------------------
2026-09-12 04:58:45,783 P307332 INFO 151/300 starting... lr: 0.0009000000000000001 para:0.01
2026-09-12 04:59:08,735 P307332 INFO Epoch 151/300, all_loss:0.35196 cls_loss:0.35489 rec_loss:0.06206 [22.95s]; best loss:0.34192, patience : 1
2026-09-12 04:59:12,985 P307332 INFO pr:0.9443  rc:0.6843  auc:0.9744 ap:0.9384 f1: 0.7936 pred_right: 38713 pred_wrong:287 actu_right: 38604 actu_wrong: 396
2026-09-12 04:59:14,341 P307332 INFO pr:0.8571  rc:0.5581  auc:0.9677 ap:0.8757 f1: 0.6761 pred_right: 16416 pred_wrong:84 actu_right: 16371 actu_wrong: 129
2026-09-12 04:59:14,342 P307332 INFO ----------------------------------------------------------------------------------------------------
2026-09-12 04:59:14,342 P307332 INFO 152/300 starting... lr: 0.0009000000000000001 para:0.01
2026-09-12 04:59:28,069 P307332 INFO Epoch 152/300, all_loss:0.37400 cls_loss:0.37715 rec_loss:0.06278 [13.73s]; best loss:0.34192, patience : 2
2026-09-12 04:59:31,176 P307332 INFO pr:0.8723  rc:0.8283  auc:0.9805 ap:0.9374 f1: 0.8497 pred_right: 38624 pred_wrong:376 actu_right: 38604 actu_wrong: 396
2026-09-12 04:59:32,943 P307332 INFO pr:0.7909  rc:0.6744  auc:0.9869 ap:0.8466 f1: 0.7280 pred_right: 16390 pred_wrong:110 actu_right: 16371 actu_wrong: 129
2026-09-12 04:59:32,944 P307332 INFO ----------------------------------------------------------------------------------------------------
2026-09-12 04:59:32,944 P307332 INFO 153/300 starting... lr: 0.0009000000000000001 para:0.01
2026-09-12 04:59:46,212 P307332 INFO Epoch 153/300, all_loss:0.42266 cls_loss:0.42630 rec_loss:0.06285 [13.27s]; best loss:0.34192, patience : 3
2026-09-12 04:59:49,555 P307332 INFO pr:0.8828  rc:0.8203  auc:0.9797 ap:0.9396 f1: 0.8504 pred_right: 38633 pred_wrong:367 actu_right: 38605 actu_wrong: 395
2026-09-12 04:59:50,735 P307332 INFO pr:0.7941  rc:0.6279  auc:0.9877 ap:0.8558 f1: 0.7013 pred_right: 16398 pred_wrong:102 actu_right: 16371 actu_wrong: 129
2026-09-12 04:59:50,735 P307332 INFO ----------------------------------------------------------------------------------------------------
2026-09-12 04:59:50,736 P307332 INFO 154/300 starting... lr: 0.0009000000000000001 para:0.01
2026-09-12 05:00:04,318 P307332 INFO Epoch 154/300, all_loss:0.38817 cls_loss:0.39146 rec_loss:0.06253 [13.58s]; best loss:0.34192, patience : 3
2026-09-12 05:00:08,052 P307332 INFO pr:0.9091  rc:0.7809  auc:0.9750 ap:0.9373 f1: 0.8401 pred_right: 38659 pred_wrong:341 actu_right: 38603 actu_wrong: 397
2026-09-12 05:00:09,433 P307332 INFO pr:0.8000  rc:0.5581  auc:0.9778 ap:0.8456 f1: 0.6575 pred_right: 16410 pred_wrong:90 actu_right: 16371 actu_wrong: 129
2026-09-12 05:00:09,434 P307332 INFO ----------------------------------------------------------------------------------------------------
2026-09-12 05:00:09,434 P307332 INFO 155/300 starting... lr: 0.0009000000000000001 para:0.01
2026-09-12 05:00:23,013 P307332 INFO Epoch 155/300, all_loss:0.43424 cls_loss:0.43799 rec_loss:0.06327 [13.58s]; best loss:0.34192, patience : 4
2026-09-12 05:00:26,422 P307332 INFO pr:0.9099  rc:0.8136  auc:0.9824 ap:0.9393 f1: 0.8590 pred_right: 38645 pred_wrong:355 actu_right: 38603 actu_wrong: 397
2026-09-12 05:00:27,894 P307332 INFO pr:0.8137  rc:0.6434  auc:0.9789 ap:0.8551 f1: 0.7186 pred_right: 16398 pred_wrong:102 actu_right: 16371 actu_wrong: 129
2026-09-12 05:00:27,904 P307332 INFO ----------------------------------------------------------------------------------------------------
2026-09-12 05:00:27,904 P307332 INFO 156/300 starting... lr: 0.0009000000000000001 para:0.01
2026-09-12 05:00:42,005 P307332 INFO Epoch 156/300, all_loss:0.34088 cls_loss:0.34368 rec_loss:0.06364 [14.09s]; best loss:0.34088, patience : 0
2026-09-12 05:00:45,964 P307332 INFO pr:0.8564  rc:0.8413  auc:0.9850 ap:0.9382 f1: 0.8488 pred_right: 38610 pred_wrong:390 actu_right: 38603 actu_wrong: 397
2026-09-12 05:00:47,486 P307332 INFO pr:0.7500  rc:0.6744  auc:0.9788 ap:0.8361 f1: 0.7102 pred_right: 16384 pred_wrong:116 actu_right: 16371 actu_wrong: 129
2026-09-12 05:00:47,488 P307332 INFO ----------------------------------------------------------------------------------------------------
2026-09-12 05:00:47,488 P307332 INFO 157/300 starting... lr: 0.0009000000000000001 para:0.01
2026-09-12 05:01:01,156 P307332 INFO Epoch 157/300, all_loss:0.35778 cls_loss:0.36074 rec_loss:0.06469 [13.67s]; best loss:0.34088, patience : 1
2026-09-12 05:01:04,800 P307332 INFO pr:0.8750  rc:0.8463  auc:0.9808 ap:0.9372 f1: 0.8604 pred_right: 38616 pred_wrong:384 actu_right: 38603 actu_wrong: 397
2026-09-12 05:01:06,163 P307332 INFO pr:0.7863  rc:0.7132  auc:0.9908 ap:0.8825 f1: 0.7480 pred_right: 16383 pred_wrong:117 actu_right: 16371 actu_wrong: 129
2026-09-12 05:01:06,172 P307332 INFO ----------------------------------------------------------------------------------------------------
2026-09-12 05:01:06,172 P307332 INFO 158/300 starting... lr: 0.0009000000000000001 para:0.01
2026-09-12 05:01:20,151 P307332 INFO Epoch 158/300, all_loss:0.33886 cls_loss:0.34164 rec_loss:0.06333 [13.97s]; best loss:0.33886, patience : 0
2026-09-12 05:01:22,706 P307332 INFO pr:0.9046  rc:0.7904  auc:0.9810 ap:0.9363 f1: 0.8437 pred_right: 38654 pred_wrong:346 actu_right: 38604 actu_wrong: 396
2026-09-12 05:01:23,871 P307332 INFO pr:0.8302  rc:0.6822  auc:0.9843 ap:0.8783 f1: 0.7489 pred_right: 16394 pred_wrong:106 actu_right: 16371 actu_wrong: 129
2026-09-12 05:01:23,872 P307332 INFO ----------------------------------------------------------------------------------------------------
2026-09-12 05:01:23,872 P307332 INFO 159/300 starting... lr: 0.0009000000000000001 para:0.01
2026-09-12 05:01:40,094 P307332 INFO Epoch 159/300, all_loss:0.38563 cls_loss:0.38885 rec_loss:0.06614 [16.22s]; best loss:0.33886, patience : 1
2026-09-12 05:01:52,950 P307332 INFO pr:0.9076  rc:0.8161  auc:0.9827 ap:0.9409 f1: 0.8594 pred_right: 38643 pred_wrong:357 actu_right: 38603 actu_wrong: 397
2026-09-12 05:01:55,018 P307332 INFO pr:0.8053  rc:0.7054  auc:0.9879 ap:0.8762 f1: 0.7521 pred_right: 16387 pred_wrong:113 actu_right: 16371 actu_wrong: 129
2026-09-12 05:01:55,021 P307332 INFO ----------------------------------------------------------------------------------------------------
2026-09-12 05:01:55,021 P307332 INFO 160/300 starting... lr: 0.0009000000000000001 para:0.01
2026-09-12 05:02:08,717 P307332 INFO Epoch 160/300, all_loss:0.35796 cls_loss:0.36090 rec_loss:0.06647 [13.70s]; best loss:0.33886, patience : 1
2026-09-12 05:02:12,338 P307332 INFO pr:0.9275  rc:0.7733  auc:0.9710 ap:0.9334 f1: 0.8434 pred_right: 38669 pred_wrong:331 actu_right: 38603 actu_wrong: 397
2026-09-12 05:02:13,752 P307332 INFO pr:0.8313  rc:0.5349  auc:0.9742 ap:0.8692 f1: 0.6509 pred_right: 16417 pred_wrong:83 actu_right: 16371 actu_wrong: 129
2026-09-12 05:02:13,753 P307332 INFO ----------------------------------------------------------------------------------------------------
2026-09-12 05:02:13,753 P307332 INFO 161/300 starting... lr: 0.0009000000000000001 para:0.01
2026-09-12 05:02:26,921 P307332 INFO Epoch 161/300, all_loss:0.40023 cls_loss:0.40360 rec_loss:0.06642 [13.17s]; best loss:0.33886, patience : 2
2026-09-12 05:02:30,293 P307332 INFO pr:0.9429  rc:0.7481  auc:0.9770 ap:0.9357 f1: 0.8343 pred_right: 38685 pred_wrong:315 actu_right: 38603 actu_wrong: 397
2026-09-12 05:02:31,800 P307332 INFO pr:0.8391  rc:0.5659  auc:0.9704 ap:0.8529 f1: 0.6759 pred_right: 16413 pred_wrong:87 actu_right: 16371 actu_wrong: 129
2026-09-12 05:02:31,802 P307332 INFO ----------------------------------------------------------------------------------------------------
2026-09-12 05:02:31,802 P307332 INFO 162/300 starting... lr: 0.0009000000000000001 para:0.01
2026-09-12 05:02:44,963 P307332 INFO Epoch 162/300, all_loss:0.31918 cls_loss:0.32172 rec_loss:0.06798 [13.15s]; best loss:0.31918, patience : 0
2026-09-12 05:02:48,490 P307332 INFO pr:0.9186  rc:0.7960  auc:0.9793 ap:0.9389 f1: 0.8529 pred_right: 38656 pred_wrong:344 actu_right: 38603 actu_wrong: 397
2026-09-12 05:02:49,769 P307332 INFO pr:0.8163  rc:0.6202  auc:0.9777 ap:0.8713 f1: 0.7048 pred_right: 16402 pred_wrong:98 actu_right: 16371 actu_wrong: 129
2026-09-12 05:02:49,770 P307332 INFO ----------------------------------------------------------------------------------------------------
2026-09-12 05:02:49,771 P307332 INFO 163/300 starting... lr: 0.0009000000000000001 para:0.01
2026-09-12 05:03:03,065 P307332 INFO Epoch 163/300, all_loss:0.30708 cls_loss:0.30949 rec_loss:0.06795 [13.28s]; best loss:0.30708, patience : 0
2026-09-12 05:03:06,680 P307332 INFO pr:0.9070  rc:0.7859  auc:0.9859 ap:0.9371 f1: 0.8421 pred_right: 38656 pred_wrong:344 actu_right: 38603 actu_wrong: 397
2026-09-12 05:03:08,058 P307332 INFO pr:0.8058  rc:0.6434  auc:0.9874 ap:0.8628 f1: 0.7155 pred_right: 16397 pred_wrong:103 actu_right: 16371 actu_wrong: 129
2026-09-12 05:03:08,060 P307332 INFO ----------------------------------------------------------------------------------------------------
2026-09-12 05:03:08,061 P307332 INFO 164/300 starting... lr: 0.0009000000000000001 para:0.01
2026-09-12 05:03:22,985 P307332 INFO Epoch 164/300, all_loss:0.35258 cls_loss:0.35546 rec_loss:0.06786 [14.92s]; best loss:0.30708, patience : 1
2026-09-12 05:03:26,398 P307332 INFO pr:0.9191  rc:0.8030  auc:0.9761 ap:0.9340 f1: 0.8571 pred_right: 38654 pred_wrong:346 actu_right: 38604 actu_wrong: 396
2026-09-12 05:03:27,741 P307332 INFO pr:0.7921  rc:0.6202  auc:0.9808 ap:0.8587 f1: 0.6957 pred_right: 16399 pred_wrong:101 actu_right: 16371 actu_wrong: 129
2026-09-12 05:03:27,742 P307332 INFO ----------------------------------------------------------------------------------------------------
2026-09-12 05:03:27,742 P307332 INFO 165/300 starting... lr: 0.0009000000000000001 para:0.01
2026-09-12 05:03:41,219 P307332 INFO Epoch 165/300, all_loss:0.36384 cls_loss:0.36682 rec_loss:0.06819 [13.48s]; best loss:0.30708, patience : 2
2026-09-12 05:03:44,545 P307332 INFO pr:0.9169  rc:0.7229  auc:0.9726 ap:0.9372 f1: 0.8085 pred_right: 38687 pred_wrong:313 actu_right: 38603 actu_wrong: 397
2026-09-12 05:03:46,023 P307332 INFO pr:0.8171  rc:0.5194  auc:0.9754 ap:0.8709 f1: 0.6351 pred_right: 16418 pred_wrong:82 actu_right: 16371 actu_wrong: 129
2026-09-12 05:03:46,025 P307332 INFO ----------------------------------------------------------------------------------------------------
2026-09-12 05:03:46,025 P307332 INFO 166/300 starting... lr: 0.0009000000000000001 para:0.01
2026-09-12 05:03:59,634 P307332 INFO Epoch 166/300, all_loss:0.35344 cls_loss:0.35632 rec_loss:0.06825 [13.61s]; best loss:0.30708, patience : 2
2026-09-12 05:04:04,527 P307332 INFO pr:0.9525  rc:0.7114  auc:0.9751 ap:0.9427 f1: 0.8145 pred_right: 38705 pred_wrong:295 actu_right: 38605 actu_wrong: 395
2026-09-12 05:04:05,588 P307332 INFO pr:0.8471  rc:0.5581  auc:0.9723 ap:0.8730 f1: 0.6729 pred_right: 16415 pred_wrong:85 actu_right: 16371 actu_wrong: 129
2026-09-12 05:04:05,589 P307332 INFO ----------------------------------------------------------------------------------------------------
2026-09-12 05:04:05,589 P307332 INFO 167/300 starting... lr: 0.0009000000000000001 para:0.01
2026-09-12 05:04:17,220 P307332 INFO Epoch 167/300, all_loss:0.30238 cls_loss:0.30472 rec_loss:0.07021 [11.62s]; best loss:0.30238, patience : 0
2026-09-12 05:04:20,160 P307332 INFO pr:0.8809  rc:0.8010  auc:0.9803 ap:0.9365 f1: 0.8391 pred_right: 38639 pred_wrong:361 actu_right: 38603 actu_wrong: 397
2026-09-12 05:04:22,538 P307332 INFO pr:0.7850  rc:0.6512  auc:0.9716 ap:0.8418 f1: 0.7119 pred_right: 16393 pred_wrong:107 actu_right: 16371 actu_wrong: 129
2026-09-12 05:04:22,545 P307332 INFO ----------------------------------------------------------------------------------------------------
2026-09-12 05:04:22,545 P307332 INFO 168/300 starting... lr: 0.0009000000000000001 para:0.01
2026-09-12 05:04:44,926 P307332 INFO Epoch 168/300, all_loss:0.34585 cls_loss:0.34863 rec_loss:0.07031 [22.38s]; best loss:0.30238, patience : 1
2026-09-12 05:04:48,253 P307332 INFO pr:0.9309  rc:0.7809  auc:0.9749 ap:0.9386 f1: 0.8493 pred_right: 38667 pred_wrong:333 actu_right: 38603 actu_wrong: 397
2026-09-12 05:04:49,749 P307332 INFO pr:0.8352  rc:0.5891  auc:0.9806 ap:0.8719 f1: 0.6909 pred_right: 16409 pred_wrong:91 actu_right: 16371 actu_wrong: 129
2026-09-12 05:04:49,750 P307332 INFO ----------------------------------------------------------------------------------------------------
2026-09-12 05:04:49,750 P307332 INFO 169/300 starting... lr: 0.0009000000000000001 para:0.01
2026-09-12 05:05:03,127 P307332 INFO Epoch 169/300, all_loss:0.32543 cls_loss:0.32801 rec_loss:0.07022 [13.38s]; best loss:0.30238, patience : 1
2026-09-12 05:05:06,808 P307332 INFO pr:0.9366  rc:0.7809  auc:0.9809 ap:0.9428 f1: 0.8516 pred_right: 38669 pred_wrong:331 actu_right: 38603 actu_wrong: 397
2026-09-12 05:05:08,302 P307332 INFO pr:0.8352  rc:0.5891  auc:0.9823 ap:0.8770 f1: 0.6909 pred_right: 16409 pred_wrong:91 actu_right: 16371 actu_wrong: 129
2026-09-12 05:05:08,303 P307332 INFO ----------------------------------------------------------------------------------------------------
2026-09-12 05:05:08,303 P307332 INFO 170/300 starting... lr: 0.0009000000000000001 para:0.01
2026-09-12 05:05:20,965 P307332 INFO Epoch 170/300, all_loss:0.29975 cls_loss:0.30206 rec_loss:0.07133 [12.65s]; best loss:0.29975, patience : 0
2026-09-12 05:05:24,781 P307332 INFO pr:0.8668  rc:0.8363  auc:0.9784 ap:0.9401 f1: 0.8513 pred_right: 38617 pred_wrong:383 actu_right: 38603 actu_wrong: 397
2026-09-12 05:05:26,356 P307332 INFO pr:0.7431  rc:0.6279  auc:0.9896 ap:0.8506 f1: 0.6807 pred_right: 16391 pred_wrong:109 actu_right: 16371 actu_wrong: 129
2026-09-12 05:05:26,357 P307332 INFO ----------------------------------------------------------------------------------------------------
2026-09-12 05:05:26,358 P307332 INFO 171/300 starting... lr: 0.0009000000000000001 para:0.01
2026-09-12 05:05:39,565 P307332 INFO Epoch 171/300, all_loss:0.32791 cls_loss:0.33049 rec_loss:0.07263 [13.21s]; best loss:0.29975, patience : 1
2026-09-12 05:05:42,872 P307332 INFO pr:0.9433  rc:0.7128  auc:0.9778 ap:0.9435 f1: 0.8121 pred_right: 38700 pred_wrong:300 actu_right: 38603 actu_wrong: 397
2026-09-12 05:05:44,279 P307332 INFO pr:0.8621  rc:0.5814  auc:0.9632 ap:0.8536 f1: 0.6944 pred_right: 16413 pred_wrong:87 actu_right: 16371 actu_wrong: 129
2026-09-12 05:05:44,279 P307332 INFO ----------------------------------------------------------------------------------------------------
2026-09-12 05:05:44,280 P307332 INFO 172/300 starting... lr: 0.0009000000000000001 para:0.01
2026-09-12 05:05:58,378 P307332 INFO Epoch 172/300, all_loss:0.30509 cls_loss:0.30744 rec_loss:0.07167 [14.10s]; best loss:0.29975, patience : 1
2026-09-12 05:06:01,555 P307332 INFO pr:0.9202  rc:0.8136  auc:0.9849 ap:0.9409 f1: 0.8636 pred_right: 38649 pred_wrong:351 actu_right: 38603 actu_wrong: 397
2026-09-12 05:06:03,033 P307332 INFO pr:0.7961  rc:0.6357  auc:0.9846 ap:0.8713 f1: 0.7069 pred_right: 16397 pred_wrong:103 actu_right: 16371 actu_wrong: 129
2026-09-12 05:06:03,041 P307332 INFO ----------------------------------------------------------------------------------------------------
2026-09-12 05:06:03,042 P307332 INFO 173/300 starting... lr: 0.0009000000000000001 para:0.01
2026-09-12 05:06:16,259 P307332 INFO Epoch 173/300, all_loss:0.33964 cls_loss:0.34231 rec_loss:0.07590 [13.22s]; best loss:0.29975, patience : 2
2026-09-12 05:06:19,911 P307332 INFO pr:0.8227  rc:0.8766  auc:0.9863 ap:0.9446 f1: 0.8488 pred_right: 38577 pred_wrong:423 actu_right: 38603 actu_wrong: 397
2026-09-12 05:06:21,239 P307332 INFO pr:0.7153  rc:0.7597  auc:0.9916 ap:0.8645 f1: 0.7368 pred_right: 16363 pred_wrong:137 actu_right: 16371 actu_wrong: 129
2026-09-12 05:06:21,241 P307332 INFO ----------------------------------------------------------------------------------------------------
2026-09-12 05:06:21,242 P307332 INFO 174/300 starting... lr: 0.0009000000000000001 para:0.01
2026-09-12 05:06:34,631 P307332 INFO Epoch 174/300, all_loss:0.31272 cls_loss:0.31514 rec_loss:0.07327 [13.39s]; best loss:0.29975, patience : 2
2026-09-12 05:06:37,835 P307332 INFO pr:0.9621  rc:0.6414  auc:0.9711 ap:0.9374 f1: 0.7697 pred_right: 38736 pred_wrong:264 actu_right: 38604 actu_wrong: 396
2026-09-12 05:06:39,344 P307332 INFO pr:0.8506  rc:0.5736  auc:0.9643 ap:0.8544 f1: 0.6852 pred_right: 16413 pred_wrong:87 actu_right: 16371 actu_wrong: 129
2026-09-12 05:06:39,346 P307332 INFO ----------------------------------------------------------------------------------------------------
2026-09-12 05:06:39,346 P307332 INFO 175/300 starting... lr: 0.0009000000000000001 para:0.01
2026-09-12 05:06:53,195 P307332 INFO Epoch 175/300, all_loss:0.28060 cls_loss:0.28267 rec_loss:0.07599 [13.84s]; best loss:0.28060, patience : 0
2026-09-12 05:06:55,666 P307332 INFO pr:0.8648  rc:0.8539  auc:0.9853 ap:0.9435 f1: 0.8593 pred_right: 38608 pred_wrong:392 actu_right: 38603 actu_wrong: 397
2026-09-12 05:06:56,884 P307332 INFO pr:0.7966  rc:0.7287  auc:0.9878 ap:0.8641 f1: 0.7611 pred_right: 16382 pred_wrong:118 actu_right: 16371 actu_wrong: 129
2026-09-12 05:06:56,885 P307332 INFO ----------------------------------------------------------------------------------------------------
2026-09-12 05:06:56,885 P307332 INFO 176/300 starting... lr: 0.0009000000000000001 para:0.01
2026-09-12 05:07:11,457 P307332 INFO Epoch 176/300, all_loss:0.32627 cls_loss:0.32878 rec_loss:0.07731 [14.57s]; best loss:0.28060, patience : 1
2026-09-12 05:07:23,700 P307332 INFO pr:0.9019  rc:0.8338  auc:0.9802 ap:0.9408 f1: 0.8665 pred_right: 38633 pred_wrong:367 actu_right: 38603 actu_wrong: 397
2026-09-12 05:07:27,874 P307332 INFO pr:0.7706  rc:0.6512  auc:0.9850 ap:0.8645 f1: 0.7059 pred_right: 16391 pred_wrong:109 actu_right: 16371 actu_wrong: 129
2026-09-12 05:07:27,884 P307332 INFO ----------------------------------------------------------------------------------------------------
2026-09-12 05:07:27,885 P307332 INFO 177/300 starting... lr: 0.0009000000000000001 para:0.01
2026-09-12 05:07:42,047 P307332 INFO Epoch 177/300, all_loss:0.26666 cls_loss:0.26858 rec_loss:0.07653 [14.14s]; best loss:0.26666, patience : 0
2026-09-12 05:07:45,072 P307332 INFO pr:0.9510  rc:0.7348  auc:0.9736 ap:0.9463 f1: 0.8291 pred_right: 38694 pred_wrong:306 actu_right: 38604 actu_wrong: 396
2026-09-12 05:07:46,351 P307332 INFO pr:0.8488  rc:0.5659  auc:0.9618 ap:0.8721 f1: 0.6791 pred_right: 16414 pred_wrong:86 actu_right: 16371 actu_wrong: 129
2026-09-12 05:07:46,352 P307332 INFO ----------------------------------------------------------------------------------------------------
2026-09-12 05:07:46,352 P307332 INFO 178/300 starting... lr: 0.0009000000000000001 para:0.01
2026-09-12 05:07:59,267 P307332 INFO Epoch 178/300, all_loss:0.31926 cls_loss:0.32172 rec_loss:0.07539 [12.91s]; best loss:0.26666, patience : 1
2026-09-12 05:08:02,597 P307332 INFO pr:0.9462  rc:0.7531  auc:0.9810 ap:0.9445 f1: 0.8387 pred_right: 38684 pred_wrong:316 actu_right: 38603 actu_wrong: 397
2026-09-12 05:08:03,932 P307332 INFO pr:0.8427  rc:0.5814  auc:0.9743 ap:0.8549 f1: 0.6881 pred_right: 16411 pred_wrong:89 actu_right: 16371 actu_wrong: 129
2026-09-12 05:08:03,933 P307332 INFO ----------------------------------------------------------------------------------------------------
2026-09-12 05:08:03,934 P307332 INFO 179/300 starting... lr: 0.0009000000000000001 para:0.01
2026-09-12 05:08:17,912 P307332 INFO Epoch 179/300, all_loss:0.29543 cls_loss:0.29766 rec_loss:0.07510 [13.98s]; best loss:0.26666, patience : 1
2026-09-12 05:08:21,432 P307332 INFO pr:0.8730  rc:0.8333  auc:0.9861 ap:0.9387 f1: 0.8527 pred_right: 38622 pred_wrong:378 actu_right: 38604 actu_wrong: 396
2026-09-12 05:08:23,045 P307332 INFO pr:0.7857  rc:0.6822  auc:0.9886 ap:0.8655 f1: 0.7303 pred_right: 16388 pred_wrong:112 actu_right: 16371 actu_wrong: 129
2026-09-12 05:08:23,047 P307332 INFO ----------------------------------------------------------------------------------------------------
2026-09-12 05:08:23,048 P307332 INFO 180/300 starting... lr: 0.0009000000000000001 para:0.01
2026-09-12 05:08:36,672 P307332 INFO Epoch 180/300, all_loss:0.32235 cls_loss:0.32485 rec_loss:0.07459 [13.62s]; best loss:0.26666, patience : 2
2026-09-12 05:08:40,354 P307332 INFO pr:0.8995  rc:0.8338  auc:0.9858 ap:0.9436 f1: 0.8654 pred_right: 38632 pred_wrong:368 actu_right: 38603 actu_wrong: 397
2026-09-12 05:08:41,652 P307332 INFO pr:0.7909  rc:0.6744  auc:0.9837 ap:0.8605 f1: 0.7280 pred_right: 16390 pred_wrong:110 actu_right: 16371 actu_wrong: 129
2026-09-12 05:08:41,653 P307332 INFO ----------------------------------------------------------------------------------------------------
2026-09-12 05:08:41,653 P307332 INFO 181/300 starting... lr: 0.0009000000000000001 para:0.01
2026-09-12 05:08:55,859 P307332 INFO Epoch 181/300, all_loss:0.28515 cls_loss:0.28726 rec_loss:0.07587 [14.21s]; best loss:0.26666, patience : 2
2026-09-12 05:08:59,110 P307332 INFO pr:0.8946  rc:0.8338  auc:0.9819 ap:0.9435 f1: 0.8631 pred_right: 38630 pred_wrong:370 actu_right: 38603 actu_wrong: 397
2026-09-12 05:09:00,496 P307332 INFO pr:0.8113  rc:0.6667  auc:0.9839 ap:0.8722 f1: 0.7319 pred_right: 16394 pred_wrong:106 actu_right: 16371 actu_wrong: 129
2026-09-12 05:09:00,497 P307332 INFO ----------------------------------------------------------------------------------------------------
2026-09-12 05:09:00,497 P307332 INFO 182/300 starting... lr: 0.0009000000000000001 para:0.01
2026-09-12 05:09:14,280 P307332 INFO Epoch 182/300, all_loss:0.29032 cls_loss:0.29245 rec_loss:0.07889 [13.78s]; best loss:0.26666, patience : 3
2026-09-12 05:09:18,059 P307332 INFO pr:0.8705  rc:0.8463  auc:0.9798 ap:0.9369 f1: 0.8582 pred_right: 38614 pred_wrong:386 actu_right: 38603 actu_wrong: 397
2026-09-12 05:09:19,550 P307332 INFO pr:0.7815  rc:0.7209  auc:0.9877 ap:0.8581 f1: 0.7500 pred_right: 16381 pred_wrong:119 actu_right: 16371 actu_wrong: 129
2026-09-12 05:09:19,559 P307332 INFO ----------------------------------------------------------------------------------------------------
2026-09-12 05:09:19,559 P307332 INFO 183/300 starting... lr: 0.0009000000000000001 para:0.01
2026-09-12 05:09:33,334 P307332 INFO Epoch 183/300, all_loss:34.49235 cls_loss:34.84000 rec_loss:0.07544 [13.77s]; best loss:0.26666, patience : 4
2026-09-12 05:09:37,510 P307332 INFO pr:0.9532  rc:0.7179  auc:0.9768 ap:0.9402 f1: 0.8190 pred_right: 38701 pred_wrong:299 actu_right: 38603 actu_wrong: 397
2026-09-12 05:09:38,549 P307332 INFO pr:0.8526  rc:0.6279  auc:0.9587 ap:0.8448 f1: 0.7232 pred_right: 16405 pred_wrong:95 actu_right: 16371 actu_wrong: 129
2026-09-12 05:09:38,550 P307332 INFO ----------------------------------------------------------------------------------------------------
2026-09-12 05:09:38,550 P307332 INFO 184/300 starting... lr: 0.0009000000000000001 para:0.01
2026-09-12 05:09:49,797 P307332 INFO Epoch 184/300, all_loss:0.25070 cls_loss:0.25247 rec_loss:0.07571 [11.24s]; best loss:0.25070, patience : 0
2026-09-12 05:09:52,892 P307332 INFO pr:0.9541  rc:0.7330  auc:0.9707 ap:0.9420 f1: 0.8291 pred_right: 38695 pred_wrong:305 actu_right: 38603 actu_wrong: 397
2026-09-12 05:09:54,674 P307332 INFO pr:0.8313  rc:0.5349  auc:0.9681 ap:0.8704 f1: 0.6509 pred_right: 16417 pred_wrong:83 actu_right: 16371 actu_wrong: 129
2026-09-12 05:09:54,677 P307332 INFO ----------------------------------------------------------------------------------------------------
2026-09-12 05:09:54,677 P307332 INFO 185/300 starting... lr: 0.0009000000000000001 para:0.01
2026-09-12 05:10:17,879 P307332 INFO Epoch 185/300, all_loss:0.29862 cls_loss:0.30085 rec_loss:0.07803 [23.20s]; best loss:0.25070, patience : 1
2026-09-12 05:10:22,062 P307332 INFO pr:0.9021  rc:0.7431  auc:0.9708 ap:0.9366 f1: 0.8149 pred_right: 38673 pred_wrong:327 actu_right: 38603 actu_wrong: 397
2026-09-12 05:10:23,699 P307332 INFO pr:0.8333  rc:0.5426  auc:0.9702 ap:0.8730 f1: 0.6573 pred_right: 16416 pred_wrong:84 actu_right: 16371 actu_wrong: 129
2026-09-12 05:10:23,702 P307332 INFO ----------------------------------------------------------------------------------------------------
2026-09-12 05:10:23,702 P307332 INFO 186/300 starting... lr: 0.0009000000000000001 para:0.01
2026-09-12 05:10:36,577 P307332 INFO Epoch 186/300, all_loss:0.29540 cls_loss:0.29762 rec_loss:0.07509 [12.87s]; best loss:0.25070, patience : 1
2026-09-12 05:10:40,193 P307332 INFO pr:0.8847  rc:0.8312  auc:0.9796 ap:0.9457 f1: 0.8571 pred_right: 38627 pred_wrong:373 actu_right: 38603 actu_wrong: 397
2026-09-12 05:10:41,720 P307332 INFO pr:0.8288  rc:0.7132  auc:0.9857 ap:0.8844 f1: 0.7667 pred_right: 16389 pred_wrong:111 actu_right: 16371 actu_wrong: 129
2026-09-12 05:10:41,721 P307332 INFO ----------------------------------------------------------------------------------------------------
2026-09-12 05:10:41,722 P307332 INFO 187/300 starting... lr: 0.0009000000000000001 para:0.01
2026-09-12 05:10:55,175 P307332 INFO Epoch 187/300, all_loss:0.32650 cls_loss:0.32901 rec_loss:0.07734 [13.45s]; best loss:0.25070, patience : 2
2026-09-12 05:10:58,700 P307332 INFO pr:0.8892  rc:0.8308  auc:0.9835 ap:0.9493 f1: 0.8590 pred_right: 38630 pred_wrong:370 actu_right: 38604 actu_wrong: 396
2026-09-12 05:11:00,215 P307332 INFO pr:0.8091  rc:0.6899  auc:0.9877 ap:0.8737 f1: 0.7448 pred_right: 16390 pred_wrong:110 actu_right: 16371 actu_wrong: 129
2026-09-12 05:11:00,216 P307332 INFO ----------------------------------------------------------------------------------------------------
2026-09-12 05:11:00,216 P307332 INFO 188/300 starting... lr: 0.0009000000000000001 para:0.01
2026-09-12 05:11:13,563 P307332 INFO Epoch 188/300, all_loss:0.28768 cls_loss:0.28981 rec_loss:0.07729 [13.35s]; best loss:0.25070, patience : 2
2026-09-12 05:11:17,337 P307332 INFO pr:0.9296  rc:0.7985  auc:0.9816 ap:0.9389 f1: 0.8591 pred_right: 38659 pred_wrong:341 actu_right: 38603 actu_wrong: 397
2026-09-12 05:11:18,754 P307332 INFO pr:0.8265  rc:0.6279  auc:0.9679 ap:0.8212 f1: 0.7137 pred_right: 16402 pred_wrong:98 actu_right: 16371 actu_wrong: 129
2026-09-12 05:11:18,754 P307332 INFO ----------------------------------------------------------------------------------------------------
2026-09-12 05:11:18,755 P307332 INFO 189/300 starting... lr: 0.0009000000000000001 para:0.01
2026-09-12 05:11:32,451 P307332 INFO Epoch 189/300, all_loss:0.28849 cls_loss:0.29064 rec_loss:0.07568 [13.70s]; best loss:0.25070, patience : 3
2026-09-12 05:11:36,258 P307332 INFO pr:0.9536  rc:0.7778  auc:0.9778 ap:0.9459 f1: 0.8567 pred_right: 38677 pred_wrong:323 actu_right: 38604 actu_wrong: 396
2026-09-12 05:11:37,876 P307332 INFO pr:0.8506  rc:0.5736  auc:0.9794 ap:0.8663 f1: 0.6852 pred_right: 16413 pred_wrong:87 actu_right: 16371 actu_wrong: 129
2026-09-12 05:11:37,877 P307332 INFO ----------------------------------------------------------------------------------------------------
2026-09-12 05:11:37,877 P307332 INFO 190/300 starting... lr: 0.0009000000000000001 para:0.01
2026-09-12 05:11:51,005 P307332 INFO Epoch 190/300, all_loss:0.29107 cls_loss:0.29320 rec_loss:0.08045 [13.13s]; best loss:0.25070, patience : 4
2026-09-12 05:11:54,875 P307332 INFO pr:0.8597  rc:0.8510  auc:0.9845 ap:0.9432 f1: 0.8553 pred_right: 38608 pred_wrong:392 actu_right: 38604 actu_wrong: 396
2026-09-12 05:11:56,215 P307332 INFO pr:0.7750  rc:0.7209  auc:0.9900 ap:0.8688 f1: 0.7470 pred_right: 16380 pred_wrong:120 actu_right: 16371 actu_wrong: 129
2026-09-12 05:11:56,216 P307332 INFO ----------------------------------------------------------------------------------------------------
2026-09-12 05:11:56,216 P307332 INFO 191/300 starting... lr: 0.0009000000000000001 para:0.01
2026-09-12 05:12:09,599 P307332 INFO Epoch 191/300, all_loss:0.28293 cls_loss:0.28500 rec_loss:0.07792 [13.38s]; best loss:0.25070, patience : 4
2026-09-12 05:12:13,320 P307332 INFO pr:0.9201  rc:0.8413  auc:0.9841 ap:0.9481 f1: 0.8789 pred_right: 38637 pred_wrong:363 actu_right: 38603 actu_wrong: 397
2026-09-12 05:12:14,823 P307332 INFO pr:0.8214  rc:0.7132  auc:0.9879 ap:0.8836 f1: 0.7635 pred_right: 16388 pred_wrong:112 actu_right: 16371 actu_wrong: 129
2026-09-12 05:12:14,831 P307332 INFO ----------------------------------------------------------------------------------------------------
2026-09-12 05:12:14,831 P307332 INFO 192/300 starting... lr: 0.0009000000000000001 para:0.01
2026-09-12 05:12:28,306 P307332 INFO Epoch 192/300, all_loss:0.26650 cls_loss:0.26836 rec_loss:0.08233 [13.47s]; best loss:0.25070, patience : 4
2026-09-12 05:12:31,620 P307332 INFO pr:0.8892  rc:0.8510  auc:0.9824 ap:0.9397 f1: 0.8697 pred_right: 38621 pred_wrong:379 actu_right: 38604 actu_wrong: 396
2026-09-12 05:12:32,904 P307332 INFO pr:0.8034  rc:0.7287  auc:0.9876 ap:0.8571 f1: 0.7642 pred_right: 16383 pred_wrong:117 actu_right: 16371 actu_wrong: 129
2026-09-12 05:12:32,905 P307332 INFO ----------------------------------------------------------------------------------------------------
2026-09-12 05:12:32,905 P307332 INFO 193/300 starting... lr: 0.0009000000000000001 para:0.01
2026-09-12 05:12:54,787 P307332 INFO Epoch 193/300, all_loss:0.25990 cls_loss:0.26170 rec_loss:0.08149 [21.88s]; best loss:0.25070, patience : 4
2026-09-12 05:13:00,209 P307332 INFO pr:0.9030  rc:0.8232  auc:0.9805 ap:0.9477 f1: 0.8613 pred_right: 38639 pred_wrong:361 actu_right: 38604 actu_wrong: 396
2026-09-12 05:13:02,039 P307332 INFO pr:0.8333  rc:0.6977  auc:0.9890 ap:0.8803 f1: 0.7595 pred_right: 16392 pred_wrong:108 actu_right: 16371 actu_wrong: 129
2026-09-12 05:13:02,040 P307332 INFO ----------------------------------------------------------------------------------------------------
2026-09-12 05:13:02,041 P307332 INFO 194/300 starting... lr: 0.0009000000000000001 para:0.01
2026-09-12 05:13:15,433 P307332 INFO Epoch 194/300, all_loss:0.27566 cls_loss:0.27764 rec_loss:0.08057 [13.39s]; best loss:0.25070, patience : 5
2026-09-12 05:13:18,766 P307332 INFO pr:0.9605  rc:0.7355  auc:0.9746 ap:0.9457 f1: 0.8331 pred_right: 38696 pred_wrong:304 actu_right: 38603 actu_wrong: 397
2026-09-12 05:13:20,111 P307332 INFO pr:0.8387  rc:0.6047  auc:0.9643 ap:0.8670 f1: 0.7027 pred_right: 16407 pred_wrong:93 actu_right: 16371 actu_wrong: 129
2026-09-12 05:13:20,112 P307332 INFO ----------------------------------------------------------------------------------------------------
2026-09-12 05:13:20,119 P307332 INFO 195/300 starting... lr: 0.0009000000000000001 para:0.01
2026-09-12 05:13:33,086 P307332 INFO Epoch 195/300, all_loss:0.24117 cls_loss:0.24276 rec_loss:0.08352 [12.96s]; best loss:0.24117, patience : 0
2026-09-12 05:13:36,057 P307332 INFO pr:0.9439  rc:0.7632  auc:0.9802 ap:0.9506 f1: 0.8440 pred_right: 38679 pred_wrong:321 actu_right: 38603 actu_wrong: 397
2026-09-12 05:13:37,306 P307332 INFO pr:0.8632  rc:0.6357  auc:0.9796 ap:0.8842 f1: 0.7321 pred_right: 16405 pred_wrong:95 actu_right: 16371 actu_wrong: 129
2026-09-12 05:13:37,308 P307332 INFO ----------------------------------------------------------------------------------------------------
2026-09-12 05:13:37,315 P307332 INFO 196/300 starting... lr: 0.0009000000000000001 para:0.01
2026-09-12 05:13:50,428 P307332 INFO Epoch 196/300, all_loss:0.28904 cls_loss:0.29111 rec_loss:0.08371 [13.11s]; best loss:0.24117, patience : 1
2026-09-12 05:13:54,702 P307332 INFO pr:0.9151  rc:0.8413  auc:0.9760 ap:0.9441 f1: 0.8766 pred_right: 38635 pred_wrong:365 actu_right: 38603 actu_wrong: 397
2026-09-12 05:13:56,235 P307332 INFO pr:0.7876  rc:0.6899  auc:0.9768 ap:0.8642 f1: 0.7355 pred_right: 16387 pred_wrong:113 actu_right: 16371 actu_wrong: 129
2026-09-12 05:13:56,236 P307332 INFO ----------------------------------------------------------------------------------------------------
2026-09-12 05:13:56,236 P307332 INFO 197/300 starting... lr: 0.0009000000000000001 para:0.01
2026-09-12 05:14:09,429 P307332 INFO Epoch 197/300, all_loss:0.26189 cls_loss:0.26369 rec_loss:0.08411 [13.19s]; best loss:0.24117, patience : 1
2026-09-12 05:14:13,627 P307332 INFO pr:0.9568  rc:0.7254  auc:0.9751 ap:0.9374 f1: 0.8252 pred_right: 38699 pred_wrong:301 actu_right: 38603 actu_wrong: 397
2026-09-12 05:14:15,282 P307332 INFO pr:0.8172  rc:0.5891  auc:0.9653 ap:0.8465 f1: 0.6847 pred_right: 16407 pred_wrong:93 actu_right: 16371 actu_wrong: 129
2026-09-12 05:14:15,283 P307332 INFO ----------------------------------------------------------------------------------------------------
2026-09-12 05:14:15,283 P307332 INFO 198/300 starting... lr: 0.0009000000000000001 para:0.01
2026-09-12 05:14:29,007 P307332 INFO Epoch 198/300, all_loss:0.27048 cls_loss:0.27238 rec_loss:0.08280 [13.72s]; best loss:0.24117, patience : 2
2026-09-12 05:14:32,130 P307332 INFO pr:0.9550  rc:0.7481  auc:0.9740 ap:0.9428 f1: 0.8390 pred_right: 38689 pred_wrong:311 actu_right: 38603 actu_wrong: 397
2026-09-12 05:14:33,616 P307332 INFO pr:0.8242  rc:0.5814  auc:0.9688 ap:0.8724 f1: 0.6818 pred_right: 16409 pred_wrong:91 actu_right: 16371 actu_wrong: 129
2026-09-12 05:14:33,617 P307332 INFO ----------------------------------------------------------------------------------------------------
2026-09-12 05:14:33,618 P307332 INFO 199/300 starting... lr: 0.0009000000000000001 para:0.01
2026-09-12 05:14:47,290 P307332 INFO Epoch 199/300, all_loss:0.28597 cls_loss:0.28803 rec_loss:0.08248 [13.67s]; best loss:0.24117, patience : 3
2026-09-12 05:14:50,932 P307332 INFO pr:0.9525  rc:0.8086  auc:0.9786 ap:0.9471 f1: 0.8747 pred_right: 38663 pred_wrong:337 actu_right: 38603 actu_wrong: 397
2026-09-12 05:14:52,398 P307332 INFO pr:0.8350  rc:0.6667  auc:0.9785 ap:0.8567 f1: 0.7414 pred_right: 16397 pred_wrong:103 actu_right: 16371 actu_wrong: 129
2026-09-12 05:14:52,399 P307332 INFO ----------------------------------------------------------------------------------------------------
2026-09-12 05:14:52,399 P307332 INFO 200/300 starting... lr: 0.0008100000000000001 para:0.01
2026-09-12 05:15:07,349 P307332 INFO Epoch 200/300, all_loss:0.23269 cls_loss:0.23420 rec_loss:0.08350 [14.95s]; best loss:0.23269, patience : 0
2026-09-12 05:15:09,959 P307332 INFO pr:0.9448  rc:0.7758  auc:0.9750 ap:0.9444 f1: 0.8520 pred_right: 38674 pred_wrong:326 actu_right: 38603 actu_wrong: 397
2026-09-12 05:15:11,106 P307332 INFO pr:0.8387  rc:0.6047  auc:0.9752 ap:0.8824 f1: 0.7027 pred_right: 16407 pred_wrong:93 actu_right: 16371 actu_wrong: 129
2026-09-12 05:15:11,107 P307332 INFO ----------------------------------------------------------------------------------------------------
2026-09-12 05:15:11,108 P307332 INFO 201/300 starting... lr: 0.0008100000000000001 para:0.01
2026-09-12 05:15:23,178 P307332 INFO Epoch 201/300, all_loss:0.26472 cls_loss:0.26654 rec_loss:0.08495 [12.07s]; best loss:0.23269, patience : 1
2026-09-12 05:15:36,231 P307332 INFO pr:0.9459  rc:0.7935  auc:0.9805 ap:0.9443 f1: 0.8630 pred_right: 38667 pred_wrong:333 actu_right: 38603 actu_wrong: 397
2026-09-12 05:15:41,843 P307332 INFO pr:0.8351  rc:0.6279  auc:0.9704 ap:0.8801 f1: 0.7168 pred_right: 16403 pred_wrong:97 actu_right: 16371 actu_wrong: 129
2026-09-12 05:15:41,850 P307332 INFO ----------------------------------------------------------------------------------------------------
2026-09-12 05:15:41,850 P307332 INFO 202/300 starting... lr: 0.0008100000000000001 para:0.01
2026-09-12 05:15:56,062 P307332 INFO Epoch 202/300, all_loss:0.25509 cls_loss:0.25682 rec_loss:0.08394 [14.21s]; best loss:0.23269, patience : 1
2026-09-12 05:15:59,373 P307332 INFO pr:0.9426  rc:0.7859  auc:0.9805 ap:0.9493 f1: 0.8571 pred_right: 38669 pred_wrong:331 actu_right: 38603 actu_wrong: 397
2026-09-12 05:16:00,880 P307332 INFO pr:0.8416  rc:0.6589  auc:0.9729 ap:0.8770 f1: 0.7391 pred_right: 16399 pred_wrong:101 actu_right: 16371 actu_wrong: 129
2026-09-12 05:16:00,883 P307332 INFO ----------------------------------------------------------------------------------------------------
2026-09-12 05:16:00,883 P307332 INFO 203/300 starting... lr: 0.0008100000000000001 para:0.01
2026-09-12 05:16:14,120 P307332 INFO Epoch 203/300, all_loss:0.23658 cls_loss:0.23813 rec_loss:0.08343 [13.24s]; best loss:0.23269, patience : 1
2026-09-12 05:16:17,809 P307332 INFO pr:0.9327  rc:0.8035  auc:0.9773 ap:0.9467 f1: 0.8633 pred_right: 38658 pred_wrong:342 actu_right: 38603 actu_wrong: 397
2026-09-12 05:16:19,297 P307332 INFO pr:0.8350  rc:0.6667  auc:0.9792 ap:0.8637 f1: 0.7414 pred_right: 16397 pred_wrong:103 actu_right: 16371 actu_wrong: 129
2026-09-12 05:16:19,299 P307332 INFO ----------------------------------------------------------------------------------------------------
2026-09-12 05:16:19,300 P307332 INFO 204/300 starting... lr: 0.0008100000000000001 para:0.01
2026-09-12 05:16:32,329 P307332 INFO Epoch 204/300, all_loss:0.28559 cls_loss:0.28763 rec_loss:0.08415 [13.03s]; best loss:0.23269, patience : 2
2026-09-12 05:16:35,751 P307332 INFO pr:0.9519  rc:0.7481  auc:0.9802 ap:0.9483 f1: 0.8378 pred_right: 38688 pred_wrong:312 actu_right: 38603 actu_wrong: 397
2026-09-12 05:16:37,157 P307332 INFO pr:0.8614  rc:0.6744  auc:0.9693 ap:0.8818 f1: 0.7565 pred_right: 16399 pred_wrong:101 actu_right: 16371 actu_wrong: 129
2026-09-12 05:16:37,158 P307332 INFO ----------------------------------------------------------------------------------------------------
2026-09-12 05:16:37,158 P307332 INFO 205/300 starting... lr: 0.0008100000000000001 para:0.01
2026-09-12 05:16:50,492 P307332 INFO Epoch 205/300, all_loss:0.26451 cls_loss:0.26632 rec_loss:0.08525 [13.33s]; best loss:0.23269, patience : 2
2026-09-12 05:16:53,918 P307332 INFO pr:0.9341  rc:0.8232  auc:0.9798 ap:0.9470 f1: 0.8752 pred_right: 38651 pred_wrong:349 actu_right: 38604 actu_wrong: 396
2026-09-12 05:16:55,394 P307332 INFO pr:0.8257  rc:0.6977  auc:0.9818 ap:0.8686 f1: 0.7563 pred_right: 16391 pred_wrong:109 actu_right: 16371 actu_wrong: 129
2026-09-12 05:16:55,395 P307332 INFO ----------------------------------------------------------------------------------------------------
2026-09-12 05:16:55,396 P307332 INFO 206/300 starting... lr: 0.0008100000000000001 para:0.01
2026-09-12 05:17:09,077 P307332 INFO Epoch 206/300, all_loss:0.24396 cls_loss:0.24555 rec_loss:0.08647 [13.68s]; best loss:0.23269, patience : 2
2026-09-12 05:17:12,453 P307332 INFO pr:0.8959  rc:0.8237  auc:0.9796 ap:0.9415 f1: 0.8583 pred_right: 38635 pred_wrong:365 actu_right: 38603 actu_wrong: 397
2026-09-12 05:17:13,852 P307332 INFO pr:0.7890  rc:0.6667  auc:0.9790 ap:0.8358 f1: 0.7227 pred_right: 16391 pred_wrong:109 actu_right: 16371 actu_wrong: 129
2026-09-12 05:17:13,853 P307332 INFO ----------------------------------------------------------------------------------------------------
2026-09-12 05:17:13,853 P307332 INFO 207/300 starting... lr: 0.0008100000000000001 para:0.01
2026-09-12 05:17:28,103 P307332 INFO Epoch 207/300, all_loss:0.22778 cls_loss:0.22918 rec_loss:0.08875 [14.24s]; best loss:0.22778, patience : 0
2026-09-12 05:17:31,732 P307332 INFO pr:0.9511  rc:0.7854  auc:0.9810 ap:0.9495 f1: 0.8603 pred_right: 38673 pred_wrong:327 actu_right: 38604 actu_wrong: 396
2026-09-12 05:17:33,213 P307332 INFO pr:0.8485  rc:0.6512  auc:0.9774 ap:0.8622 f1: 0.7368 pred_right: 16401 pred_wrong:99 actu_right: 16371 actu_wrong: 129
2026-09-12 05:17:33,214 P307332 INFO ----------------------------------------------------------------------------------------------------
2026-09-12 05:17:33,214 P307332 INFO 208/300 starting... lr: 0.0008100000000000001 para:0.01
2026-09-12 05:17:46,378 P307332 INFO Epoch 208/300, all_loss:0.21334 cls_loss:0.21460 rec_loss:0.08870 [13.15s]; best loss:0.21334, patience : 0
2026-09-12 05:17:50,777 P307332 INFO pr:0.9162  rc:0.8539  auc:0.9821 ap:0.9474 f1: 0.8840 pred_right: 38630 pred_wrong:370 actu_right: 38603 actu_wrong: 397
2026-09-12 05:17:51,850 P307332 INFO pr:0.8158  rc:0.7209  auc:0.9848 ap:0.8626 f1: 0.7654 pred_right: 16386 pred_wrong:114 actu_right: 16371 actu_wrong: 129
2026-09-12 05:17:51,856 P307332 INFO ----------------------------------------------------------------------------------------------------
2026-09-12 05:17:51,856 P307332 INFO 209/300 starting... lr: 0.0008100000000000001 para:0.01
2026-09-12 05:18:03,810 P307332 INFO Epoch 209/300, all_loss:0.20824 cls_loss:0.20945 rec_loss:0.08861 [11.95s]; best loss:0.20824, patience : 0
2026-09-12 05:18:07,655 P307332 INFO pr:0.9157  rc:0.8232  auc:0.9780 ap:0.9428 f1: 0.8670 pred_right: 38644 pred_wrong:356 actu_right: 38604 actu_wrong: 396
2026-09-12 05:18:12,644 P307332 INFO pr:0.8190  rc:0.6667  auc:0.9738 ap:0.8499 f1: 0.7350 pred_right: 16395 pred_wrong:105 actu_right: 16371 actu_wrong: 129
2026-09-12 05:18:12,648 P307332 INFO ----------------------------------------------------------------------------------------------------
2026-09-12 05:18:12,649 P307332 INFO 210/300 starting... lr: 0.0008100000000000001 para:0.01
2026-09-12 05:18:33,198 P307332 INFO Epoch 210/300, all_loss:0.25845 cls_loss:0.26016 rec_loss:0.08910 [20.55s]; best loss:0.20824, patience : 1
2026-09-12 05:18:37,146 P307332 INFO pr:0.9199  rc:0.8388  auc:0.9765 ap:0.9406 f1: 0.8775 pred_right: 38638 pred_wrong:362 actu_right: 38603 actu_wrong: 397
2026-09-12 05:18:38,818 P307332 INFO pr:0.8034  rc:0.7287  auc:0.9795 ap:0.8721 f1: 0.7642 pred_right: 16383 pred_wrong:117 actu_right: 16371 actu_wrong: 129
2026-09-12 05:18:38,820 P307332 INFO ----------------------------------------------------------------------------------------------------
2026-09-12 05:18:38,820 P307332 INFO 211/300 starting... lr: 0.0008100000000000001 para:0.01
2026-09-12 05:18:52,202 P307332 INFO Epoch 211/300, all_loss:0.24549 cls_loss:0.24706 rec_loss:0.08965 [13.38s]; best loss:0.20824, patience : 1
2026-09-12 05:18:55,777 P307332 INFO pr:0.9396  rc:0.7053  auc:0.9690 ap:0.9365 f1: 0.8058 pred_right: 38702 pred_wrong:298 actu_right: 38603 actu_wrong: 397
2026-09-12 05:18:57,113 P307332 INFO pr:0.8375  rc:0.5194  auc:0.9486 ap:0.8537 f1: 0.6411 pred_right: 16420 pred_wrong:80 actu_right: 16371 actu_wrong: 129
2026-09-12 05:18:57,114 P307332 INFO ----------------------------------------------------------------------------------------------------
2026-09-12 05:18:57,114 P307332 INFO 212/300 starting... lr: 0.0008100000000000001 para:0.01
2026-09-12 05:19:10,184 P307332 INFO Epoch 212/300, all_loss:0.27580 cls_loss:0.27767 rec_loss:0.09086 [13.07s]; best loss:0.20824, patience : 2
2026-09-12 05:19:13,903 P307332 INFO pr:0.9314  rc:0.8212  auc:0.9772 ap:0.9459 f1: 0.8728 pred_right: 38650 pred_wrong:350 actu_right: 38603 actu_wrong: 397
2026-09-12 05:19:15,561 P307332 INFO pr:0.8190  rc:0.6667  auc:0.9783 ap:0.8581 f1: 0.7350 pred_right: 16395 pred_wrong:105 actu_right: 16371 actu_wrong: 129
2026-09-12 05:19:15,562 P307332 INFO ----------------------------------------------------------------------------------------------------
2026-09-12 05:19:15,562 P307332 INFO 213/300 starting... lr: 0.0008100000000000001 para:0.01
2026-09-12 05:19:29,160 P307332 INFO Epoch 213/300, all_loss:2.30413 cls_loss:2.32651 rec_loss:0.08818 [13.60s]; best loss:0.20824, patience : 3
2026-09-12 05:19:33,035 P307332 INFO pr:0.8366  rc:0.8640  auc:0.9799 ap:0.9375 f1: 0.8501 pred_right: 38590 pred_wrong:410 actu_right: 38603 actu_wrong: 397
2026-09-12 05:19:34,762 P307332 INFO pr:0.7442  rc:0.7442  auc:0.9892 ap:0.8540 f1: 0.7442 pred_right: 16371 pred_wrong:129 actu_right: 16371 actu_wrong: 129
2026-09-12 05:19:34,763 P307332 INFO ----------------------------------------------------------------------------------------------------
2026-09-12 05:19:34,763 P307332 INFO 214/300 starting... lr: 0.0008100000000000001 para:0.01
2026-09-12 05:19:48,039 P307332 INFO Epoch 214/300, all_loss:0.26052 cls_loss:0.26227 rec_loss:0.08781 [13.27s]; best loss:0.20824, patience : 3
2026-09-12 05:19:51,587 P307332 INFO pr:0.9205  rc:0.8161  auc:0.9777 ap:0.9464 f1: 0.8652 pred_right: 38648 pred_wrong:352 actu_right: 38603 actu_wrong: 397
2026-09-12 05:19:53,285 P307332 INFO pr:0.8208  rc:0.6744  auc:0.9755 ap:0.8643 f1: 0.7404 pred_right: 16394 pred_wrong:106 actu_right: 16371 actu_wrong: 129
2026-09-12 05:19:53,287 P307332 INFO ----------------------------------------------------------------------------------------------------
2026-09-12 05:19:53,289 P307332 INFO 215/300 starting... lr: 0.0008100000000000001 para:0.01
2026-09-12 05:20:06,915 P307332 INFO Epoch 215/300, all_loss:0.25387 cls_loss:0.25553 rec_loss:0.08964 [13.62s]; best loss:0.20824, patience : 3
2026-09-12 05:20:10,142 P307332 INFO pr:0.9564  rc:0.7733  auc:0.9804 ap:0.9499 f1: 0.8552 pred_right: 38679 pred_wrong:321 actu_right: 38603 actu_wrong: 397
2026-09-12 05:20:11,614 P307332 INFO pr:0.8447  rc:0.6744  auc:0.9681 ap:0.8592 f1: 0.7500 pred_right: 16397 pred_wrong:103 actu_right: 16371 actu_wrong: 129
2026-09-12 05:20:11,615 P307332 INFO ----------------------------------------------------------------------------------------------------
2026-09-12 05:20:11,615 P307332 INFO 216/300 starting... lr: 0.0008100000000000001 para:0.01
2026-09-12 05:20:25,286 P307332 INFO Epoch 216/300, all_loss:0.20846 cls_loss:0.20966 rec_loss:0.08951 [13.67s]; best loss:0.20824, patience : 3
2026-09-12 05:20:28,891 P307332 INFO pr:0.9438  rc:0.8035  auc:0.9825 ap:0.9455 f1: 0.8680 pred_right: 38662 pred_wrong:338 actu_right: 38603 actu_wrong: 397
2026-09-12 05:20:30,389 P307332 INFO pr:0.8252  rc:0.6589  auc:0.9760 ap:0.8640 f1: 0.7328 pred_right: 16397 pred_wrong:103 actu_right: 16371 actu_wrong: 129
2026-09-12 05:20:30,390 P307332 INFO ----------------------------------------------------------------------------------------------------
2026-09-12 05:20:30,391 P307332 INFO 217/300 starting... lr: 0.0008100000000000001 para:0.01
2026-09-12 05:20:43,596 P307332 INFO Epoch 217/300, all_loss:0.19734 cls_loss:0.19843 rec_loss:0.09035 [13.20s]; best loss:0.19734, patience : 0
2026-09-12 05:20:46,795 P307332 INFO pr:0.9308  rc:0.8177  auc:0.9807 ap:0.9454 f1: 0.8706 pred_right: 38653 pred_wrong:347 actu_right: 38605 actu_wrong: 395
2026-09-12 05:20:47,925 P307332 INFO pr:0.8286  rc:0.6744  auc:0.9671 ap:0.8409 f1: 0.7436 pred_right: 16395 pred_wrong:105 actu_right: 16371 actu_wrong: 129
2026-09-12 05:20:47,926 P307332 INFO ----------------------------------------------------------------------------------------------------
2026-09-12 05:20:47,926 P307332 INFO 218/300 starting... lr: 0.0008100000000000001 para:0.01
2026-09-12 05:21:10,229 P307332 INFO Epoch 218/300, all_loss:0.22902 cls_loss:0.23041 rec_loss:0.09172 [22.30s]; best loss:0.19734, patience : 1
2026-09-12 05:21:15,100 P307332 INFO pr:0.9448  rc:0.8186  auc:0.9771 ap:0.9482 f1: 0.8772 pred_right: 38656 pred_wrong:344 actu_right: 38603 actu_wrong: 397
2026-09-12 05:21:16,991 P307332 INFO pr:0.8462  rc:0.6822  auc:0.9710 ap:0.8598 f1: 0.7554 pred_right: 16396 pred_wrong:104 actu_right: 16371 actu_wrong: 129
2026-09-12 05:21:16,993 P307332 INFO ----------------------------------------------------------------------------------------------------
2026-09-12 05:21:16,993 P307332 INFO 219/300 starting... lr: 0.0008100000000000001 para:0.01
2026-09-12 05:21:30,013 P307332 INFO Epoch 219/300, all_loss:0.21751 cls_loss:0.21879 rec_loss:0.09126 [13.02s]; best loss:0.19734, patience : 1
2026-09-12 05:21:33,771 P307332 INFO pr:0.9554  rc:0.8086  auc:0.9780 ap:0.9517 f1: 0.8759 pred_right: 38664 pred_wrong:336 actu_right: 38603 actu_wrong: 397
2026-09-12 05:21:35,436 P307332 INFO pr:0.8491  rc:0.6977  auc:0.9727 ap:0.8623 f1: 0.7660 pred_right: 16394 pred_wrong:106 actu_right: 16371 actu_wrong: 129
2026-09-12 05:21:35,437 P307332 INFO ----------------------------------------------------------------------------------------------------
2026-09-12 05:21:35,437 P307332 INFO 220/300 starting... lr: 0.0008100000000000001 para:0.01
2026-09-12 05:21:48,442 P307332 INFO Epoch 220/300, all_loss:0.24881 cls_loss:0.25037 rec_loss:0.09430 [13.00s]; best loss:0.19734, patience : 2
2026-09-12 05:21:51,808 P307332 INFO pr:0.9485  rc:0.7884  auc:0.9738 ap:0.9449 f1: 0.8611 pred_right: 38670 pred_wrong:330 actu_right: 38603 actu_wrong: 397
2026-09-12 05:21:53,343 P307332 INFO pr:0.8614  rc:0.6744  auc:0.9633 ap:0.8540 f1: 0.7565 pred_right: 16399 pred_wrong:101 actu_right: 16371 actu_wrong: 129
2026-09-12 05:21:53,344 P307332 INFO ----------------------------------------------------------------------------------------------------
2026-09-12 05:21:53,344 P307332 INFO 221/300 starting... lr: 0.0008100000000000001 para:0.01
2026-09-12 05:22:07,094 P307332 INFO Epoch 221/300, all_loss:0.24000 cls_loss:0.24148 rec_loss:0.09396 [13.75s]; best loss:0.19734, patience : 2
2026-09-12 05:22:11,077 P307332 INFO pr:0.9610  rc:0.7456  auc:0.9707 ap:0.9455 f1: 0.8397 pred_right: 38692 pred_wrong:308 actu_right: 38603 actu_wrong: 397
2026-09-12 05:22:12,535 P307332 INFO pr:0.8652  rc:0.5969  auc:0.9582 ap:0.8622 f1: 0.7064 pred_right: 16411 pred_wrong:89 actu_right: 16371 actu_wrong: 129
2026-09-12 05:22:12,545 P307332 INFO ----------------------------------------------------------------------------------------------------
2026-09-12 05:22:12,545 P307332 INFO 222/300 starting... lr: 0.0008100000000000001 para:0.01
2026-09-12 05:22:25,601 P307332 INFO Epoch 222/300, all_loss:0.19859 cls_loss:0.19967 rec_loss:0.09148 [13.05s]; best loss:0.19734, patience : 2
2026-09-12 05:22:28,997 P307332 INFO pr:0.9602  rc:0.7909  auc:0.9751 ap:0.9496 f1: 0.8674 pred_right: 38673 pred_wrong:327 actu_right: 38603 actu_wrong: 397
2026-09-12 05:22:30,566 P307332 INFO pr:0.8416  rc:0.6589  auc:0.9691 ap:0.8690 f1: 0.7391 pred_right: 16399 pred_wrong:101 actu_right: 16371 actu_wrong: 129
2026-09-12 05:22:30,567 P307332 INFO ----------------------------------------------------------------------------------------------------
2026-09-12 05:22:30,574 P307332 INFO 223/300 starting... lr: 0.0008100000000000001 para:0.01
2026-09-12 05:22:44,453 P307332 INFO Epoch 223/300, all_loss:0.22538 cls_loss:0.22670 rec_loss:0.09411 [13.88s]; best loss:0.19734, patience : 3
2026-09-12 05:22:48,219 P307332 INFO pr:0.9548  rc:0.7494  auc:0.9728 ap:0.9438 f1: 0.8397 pred_right: 38690 pred_wrong:310 actu_right: 38605 actu_wrong: 395
2026-09-12 05:22:49,724 P307332 INFO pr:0.8229  rc:0.6124  auc:0.9601 ap:0.8565 f1: 0.7022 pred_right: 16404 pred_wrong:96 actu_right: 16371 actu_wrong: 129
2026-09-12 05:22:49,725 P307332 INFO ----------------------------------------------------------------------------------------------------
2026-09-12 05:22:49,725 P307332 INFO 224/300 starting... lr: 0.0008100000000000001 para:0.01
2026-09-12 05:23:02,995 P307332 INFO Epoch 224/300, all_loss:2.01459 cls_loss:2.03402 rec_loss:0.09136 [13.27s]; best loss:0.19734, patience : 4
2026-09-12 05:23:06,247 P307332 INFO pr:0.9572  rc:0.7348  auc:0.9724 ap:0.9426 f1: 0.8314 pred_right: 38696 pred_wrong:304 actu_right: 38604 actu_wrong: 396
2026-09-12 05:23:07,501 P307332 INFO pr:0.8495  rc:0.6124  auc:0.9690 ap:0.8644 f1: 0.7117 pred_right: 16407 pred_wrong:93 actu_right: 16371 actu_wrong: 129
2026-09-12 05:23:07,502 P307332 INFO ----------------------------------------------------------------------------------------------------
2026-09-12 05:23:07,503 P307332 INFO 225/300 starting... lr: 0.0008100000000000001 para:0.01
2026-09-12 05:23:20,716 P307332 INFO Epoch 225/300, all_loss:0.24580 cls_loss:0.24736 rec_loss:0.09140 [13.21s]; best loss:0.19734, patience : 4
2026-09-12 05:23:26,376 P307332 INFO pr:0.9320  rc:0.8287  auc:0.9796 ap:0.9463 f1: 0.8773 pred_right: 38647 pred_wrong:353 actu_right: 38603 actu_wrong: 397
2026-09-12 05:23:27,417 P307332 INFO pr:0.8241  rc:0.6899  auc:0.9832 ap:0.8664 f1: 0.7511 pred_right: 16392 pred_wrong:108 actu_right: 16371 actu_wrong: 129
2026-09-12 05:23:27,418 P307332 INFO ----------------------------------------------------------------------------------------------------
2026-09-12 05:23:27,418 P307332 INFO 226/300 starting... lr: 0.0008100000000000001 para:0.01
2026-09-12 05:23:39,158 P307332 INFO Epoch 226/300, all_loss:0.22544 cls_loss:0.22676 rec_loss:0.09509 [11.74s]; best loss:0.19734, patience : 4
2026-09-12 05:23:42,217 P307332 INFO pr:0.9407  rc:0.7985  auc:0.9802 ap:0.9486 f1: 0.8638 pred_right: 38663 pred_wrong:337 actu_right: 38603 actu_wrong: 397
2026-09-12 05:23:43,995 P307332 INFO pr:0.8349  rc:0.7054  auc:0.9684 ap:0.8556 f1: 0.7647 pred_right: 16391 pred_wrong:109 actu_right: 16371 actu_wrong: 129
2026-09-12 05:23:43,999 P307332 INFO ----------------------------------------------------------------------------------------------------
2026-09-12 05:23:44,000 P307332 INFO 227/300 starting... lr: 0.0008100000000000001 para:0.01
2026-09-12 05:24:07,289 P307332 INFO Epoch 227/300, all_loss:0.20530 cls_loss:0.20643 rec_loss:0.09395 [23.29s]; best loss:0.19734, patience : 4
2026-09-12 05:24:10,749 P307332 INFO pr:0.9391  rc:0.7380  auc:0.9610 ap:0.9260 f1: 0.8265 pred_right: 38688 pred_wrong:312 actu_right: 38603 actu_wrong: 397
2026-09-12 05:24:12,056 P307332 INFO pr:0.8172  rc:0.5891  auc:0.9364 ap:0.8293 f1: 0.6847 pred_right: 16407 pred_wrong:93 actu_right: 16371 actu_wrong: 129
2026-09-12 05:24:12,057 P307332 INFO ----------------------------------------------------------------------------------------------------
2026-09-12 05:24:12,058 P307332 INFO 228/300 starting... lr: 0.0008100000000000001 para:0.01
2026-09-12 05:24:25,445 P307332 INFO Epoch 228/300, all_loss:0.28972 cls_loss:0.29173 rec_loss:0.09074 [13.39s]; best loss:0.19734, patience : 5
2026-09-12 05:24:28,799 P307332 INFO pr:0.9345  rc:0.8262  auc:0.9813 ap:0.9488 f1: 0.8770 pred_right: 38649 pred_wrong:351 actu_right: 38603 actu_wrong: 397
2026-09-12 05:24:30,186 P307332 INFO pr:0.8500  rc:0.6589  auc:0.9752 ap:0.8577 f1: 0.7424 pred_right: 16400 pred_wrong:100 actu_right: 16371 actu_wrong: 129
2026-09-12 05:24:30,187 P307332 INFO ----------------------------------------------------------------------------------------------------
2026-09-12 05:24:30,187 P307332 INFO 229/300 starting... lr: 0.0008100000000000001 para:0.01
2026-09-12 05:24:43,450 P307332 INFO Epoch 229/300, all_loss:0.22431 cls_loss:0.22569 rec_loss:0.08751 [13.26s]; best loss:0.19734, patience : 5
2026-09-12 05:24:47,061 P307332 INFO pr:0.8880  rc:0.8589  auc:0.9755 ap:0.9447 f1: 0.8732 pred_right: 38616 pred_wrong:384 actu_right: 38603 actu_wrong: 397
2026-09-12 05:24:48,610 P307332 INFO pr:0.8000  rc:0.7442  auc:0.9819 ap:0.8551 f1: 0.7711 pred_right: 16380 pred_wrong:120 actu_right: 16371 actu_wrong: 129
2026-09-12 05:24:48,611 P307332 INFO ----------------------------------------------------------------------------------------------------
2026-09-12 05:24:48,618 P307332 INFO 230/300 starting... lr: 0.0008100000000000001 para:0.01
2026-09-12 05:25:01,864 P307332 INFO Epoch 230/300, all_loss:0.23723 cls_loss:0.23871 rec_loss:0.09136 [13.25s]; best loss:0.19734, patience : 6
2026-09-12 05:25:05,155 P307332 INFO pr:0.9103  rc:0.8438  auc:0.9789 ap:0.9503 f1: 0.8758 pred_right: 38632 pred_wrong:368 actu_right: 38603 actu_wrong: 397
2026-09-12 05:25:06,741 P307332 INFO pr:0.8174  rc:0.7287  auc:0.9768 ap:0.8646 f1: 0.7705 pred_right: 16385 pred_wrong:115 actu_right: 16371 actu_wrong: 129
2026-09-12 05:25:06,742 P307332 INFO ----------------------------------------------------------------------------------------------------
2026-09-12 05:25:06,742 P307332 INFO 231/300 starting... lr: 0.0008100000000000001 para:0.01
2026-09-12 05:25:20,444 P307332 INFO Epoch 231/300, all_loss:0.20514 cls_loss:0.20628 rec_loss:0.09210 [13.70s]; best loss:0.19734, patience : 6
2026-09-12 05:25:23,856 P307332 INFO pr:0.9226  rc:0.8111  auc:0.9791 ap:0.9435 f1: 0.8633 pred_right: 38651 pred_wrong:349 actu_right: 38603 actu_wrong: 397
2026-09-12 05:25:25,184 P307332 INFO pr:0.8224  rc:0.6822  auc:0.9731 ap:0.8407 f1: 0.7458 pred_right: 16393 pred_wrong:107 actu_right: 16371 actu_wrong: 129
2026-09-12 05:25:25,185 P307332 INFO ----------------------------------------------------------------------------------------------------
2026-09-12 05:25:25,185 P307332 INFO 232/300 starting... lr: 0.0008100000000000001 para:0.01
2026-09-12 05:25:39,496 P307332 INFO Epoch 232/300, all_loss:0.21930 cls_loss:0.22059 rec_loss:0.09158 [14.31s]; best loss:0.19734, patience : 7
2026-09-12 05:25:43,319 P307332 INFO pr:0.9643  rc:0.7500  auc:0.9666 ap:0.9416 f1: 0.8438 pred_right: 38692 pred_wrong:308 actu_right: 38604 actu_wrong: 396
2026-09-12 05:25:44,791 P307332 INFO pr:0.8261  rc:0.5891  auc:0.9623 ap:0.8647 f1: 0.6878 pred_right: 16408 pred_wrong:92 actu_right: 16371 actu_wrong: 129
2026-09-12 05:25:44,792 P307332 INFO ----------------------------------------------------------------------------------------------------
2026-09-12 05:25:44,792 P307332 INFO 233/300 starting... lr: 0.0008100000000000001 para:0.01
2026-09-12 05:25:58,278 P307332 INFO Epoch 233/300, all_loss:0.24512 cls_loss:0.24666 rec_loss:0.09284 [13.48s]; best loss:0.19734, patience : 8
2026-09-12 05:26:01,947 P307332 INFO pr:0.9091  rc:0.8564  auc:0.9805 ap:0.9469 f1: 0.8820 pred_right: 38626 pred_wrong:374 actu_right: 38603 actu_wrong: 397
2026-09-12 05:26:03,778 P307332 INFO pr:0.8051  rc:0.7364  auc:0.9849 ap:0.8561 f1: 0.7692 pred_right: 16382 pred_wrong:118 actu_right: 16371 actu_wrong: 129
2026-09-12 05:26:03,780 P307332 INFO ----------------------------------------------------------------------------------------------------
2026-09-12 05:26:03,782 P307332 INFO 234/300 starting... lr: 0.0008100000000000001 para:0.01
2026-09-12 05:26:17,260 P307332 INFO Epoch 234/300, all_loss:0.19606 cls_loss:0.19712 rec_loss:0.09146 [13.47s]; best loss:0.19606, patience : 0
2026-09-12 05:26:19,906 P307332 INFO pr:0.9371  rc:0.8262  auc:0.9758 ap:0.9472 f1: 0.8782 pred_right: 38650 pred_wrong:350 actu_right: 38603 actu_wrong: 397
2026-09-12 05:26:21,156 P307332 INFO pr:0.8440  rc:0.7132  auc:0.9775 ap:0.8698 f1: 0.7731 pred_right: 16391 pred_wrong:109 actu_right: 16371 actu_wrong: 129
2026-09-12 05:26:21,156 P307332 INFO ----------------------------------------------------------------------------------------------------
2026-09-12 05:26:21,157 P307332 INFO 235/300 starting... lr: 0.0008100000000000001 para:0.01
2026-09-12 05:26:38,295 P307332 INFO Epoch 235/300, all_loss:0.19488 cls_loss:0.19590 rec_loss:0.09380 [17.13s]; best loss:0.19488, patience : 0
2026-09-12 05:26:49,252 P307332 INFO pr:0.9400  rc:0.8287  auc:0.9810 ap:0.9490 f1: 0.8809 pred_right: 38650 pred_wrong:350 actu_right: 38603 actu_wrong: 397
2026-09-12 05:26:51,090 P307332 INFO pr:0.8447  rc:0.6744  auc:0.9750 ap:0.8681 f1: 0.7500 pred_right: 16397 pred_wrong:103 actu_right: 16371 actu_wrong: 129
2026-09-12 05:26:51,091 P307332 INFO ----------------------------------------------------------------------------------------------------
2026-09-12 05:26:51,092 P307332 INFO 236/300 starting... lr: 0.0008100000000000001 para:0.01
2026-09-12 05:27:04,857 P307332 INFO Epoch 236/300, all_loss:0.20484 cls_loss:0.20595 rec_loss:0.09434 [13.76s]; best loss:0.19488, patience : 1
2026-09-12 05:27:08,191 P307332 INFO pr:0.8642  rc:0.8838  auc:0.9765 ap:0.9475 f1: 0.8739 pred_right: 38595 pred_wrong:405 actu_right: 38604 actu_wrong: 396
2026-09-12 05:27:09,705 P307332 INFO pr:0.7422  rc:0.7364  auc:0.9847 ap:0.8633 f1: 0.7393 pred_right: 16372 pred_wrong:128 actu_right: 16371 actu_wrong: 129
2026-09-12 05:27:09,706 P307332 INFO ----------------------------------------------------------------------------------------------------
2026-09-12 05:27:09,706 P307332 INFO 237/300 starting... lr: 0.0008100000000000001 para:0.01
2026-09-12 05:27:22,739 P307332 INFO Epoch 237/300, all_loss:0.20252 cls_loss:0.20361 rec_loss:0.09432 [13.03s]; best loss:0.19488, patience : 1
2026-09-12 05:27:26,066 P307332 INFO pr:0.9585  rc:0.6977  auc:0.9656 ap:0.9379 f1: 0.8076 pred_right: 38711 pred_wrong:289 actu_right: 38603 actu_wrong: 397
2026-09-12 05:27:27,626 P307332 INFO pr:0.8523  rc:0.5814  auc:0.9363 ap:0.8424 f1: 0.6912 pred_right: 16412 pred_wrong:88 actu_right: 16371 actu_wrong: 129
2026-09-12 05:27:27,628 P307332 INFO ----------------------------------------------------------------------------------------------------
2026-09-12 05:27:27,629 P307332 INFO 238/300 starting... lr: 0.0008100000000000001 para:0.01
2026-09-12 05:27:40,913 P307332 INFO Epoch 238/300, all_loss:0.19730 cls_loss:0.19835 rec_loss:0.09360 [13.28s]; best loss:0.19488, patience : 1
2026-09-12 05:27:44,439 P307332 INFO pr:0.8834  rc:0.8589  auc:0.9763 ap:0.9454 f1: 0.8710 pred_right: 38614 pred_wrong:386 actu_right: 38603 actu_wrong: 397
2026-09-12 05:27:45,825 P307332 INFO pr:0.7826  rc:0.6977  auc:0.9820 ap:0.8562 f1: 0.7377 pred_right: 16385 pred_wrong:115 actu_right: 16371 actu_wrong: 129
2026-09-12 05:27:45,827 P307332 INFO ----------------------------------------------------------------------------------------------------
2026-09-12 05:27:45,827 P307332 INFO 239/300 starting... lr: 0.0008100000000000001 para:0.01
2026-09-12 05:27:59,707 P307332 INFO Epoch 239/300, all_loss:0.19271 cls_loss:0.19371 rec_loss:0.09393 [13.87s]; best loss:0.19271, patience : 0
2026-09-12 05:28:03,947 P307332 INFO pr:0.9210  rc:0.8514  auc:0.9778 ap:0.9440 f1: 0.8848 pred_right: 38633 pred_wrong:367 actu_right: 38603 actu_wrong: 397
2026-09-12 05:28:05,762 P307332 INFO pr:0.8319  rc:0.7287  auc:0.9842 ap:0.8757 f1: 0.7769 pred_right: 16387 pred_wrong:113 actu_right: 16371 actu_wrong: 129
2026-09-12 05:28:05,772 P307332 INFO ----------------------------------------------------------------------------------------------------
2026-09-12 05:28:05,773 P307332 INFO 240/300 starting... lr: 0.0008100000000000001 para:0.01
2026-09-12 05:28:19,408 P307332 INFO Epoch 240/300, all_loss:0.20846 cls_loss:0.20962 rec_loss:0.09412 [13.63s]; best loss:0.19271, patience : 1
2026-09-12 05:28:23,251 P307332 INFO pr:0.9590  rc:0.7657  auc:0.9702 ap:0.9423 f1: 0.8515 pred_right: 38683 pred_wrong:317 actu_right: 38603 actu_wrong: 397
2026-09-12 05:28:24,902 P307332 INFO pr:0.8571  rc:0.6047  auc:0.9520 ap:0.8324 f1: 0.7091 pred_right: 16409 pred_wrong:91 actu_right: 16371 actu_wrong: 129
2026-09-12 05:28:24,903 P307332 INFO ----------------------------------------------------------------------------------------------------
2026-09-12 05:28:24,911 P307332 INFO 241/300 starting... lr: 0.0008100000000000001 para:0.01
2026-09-12 05:28:38,896 P307332 INFO Epoch 241/300, all_loss:0.20795 cls_loss:0.20910 rec_loss:0.09410 [13.98s]; best loss:0.19271, patience : 1
2026-09-12 05:28:42,693 P307332 INFO pr:0.9254  rc:0.8438  auc:0.9764 ap:0.9492 f1: 0.8827 pred_right: 38638 pred_wrong:362 actu_right: 38603 actu_wrong: 397
2026-09-12 05:28:44,542 P307332 INFO pr:0.8053  rc:0.7054  auc:0.9770 ap:0.8487 f1: 0.7521 pred_right: 16387 pred_wrong:113 actu_right: 16371 actu_wrong: 129
2026-09-12 05:28:44,545 P307332 INFO ----------------------------------------------------------------------------------------------------
2026-09-12 05:28:44,546 P307332 INFO 242/300 starting... lr: 0.0008100000000000001 para:0.01
2026-09-12 05:28:58,599 P307332 INFO Epoch 242/300, all_loss:0.20363 cls_loss:0.20472 rec_loss:0.09530 [14.05s]; best loss:0.19271, patience : 1
2026-09-12 05:29:01,232 P307332 INFO pr:0.9528  rc:0.7652  auc:0.9742 ap:0.9438 f1: 0.8487 pred_right: 38682 pred_wrong:318 actu_right: 38604 actu_wrong: 396
2026-09-12 05:29:02,393 P307332 INFO pr:0.8384  rc:0.6434  auc:0.9560 ap:0.8475 f1: 0.7281 pred_right: 16401 pred_wrong:99 actu_right: 16371 actu_wrong: 129
2026-09-12 05:29:02,394 P307332 INFO ----------------------------------------------------------------------------------------------------
2026-09-12 05:29:02,394 P307332 INFO 243/300 starting... lr: 0.0008100000000000001 para:0.01
2026-09-12 05:29:15,717 P307332 INFO Epoch 243/300, all_loss:0.17897 cls_loss:0.17979 rec_loss:0.09784 [13.31s]; best loss:0.17897, patience : 0
2026-09-12 05:29:29,429 P307332 INFO pr:0.9431  rc:0.7935  auc:0.9670 ap:0.9377 f1: 0.8618 pred_right: 38666 pred_wrong:334 actu_right: 38603 actu_wrong: 397
2026-09-12 05:29:33,366 P307332 INFO pr:0.8421  rc:0.6202  auc:0.9703 ap:0.8673 f1: 0.7143 pred_right: 16405 pred_wrong:95 actu_right: 16371 actu_wrong: 129
2026-09-12 05:29:33,367 P307332 INFO ----------------------------------------------------------------------------------------------------
2026-09-12 05:29:33,367 P307332 INFO 244/300 starting... lr: 0.0008100000000000001 para:0.01
2026-09-12 05:29:47,311 P307332 INFO Epoch 244/300, all_loss:0.24854 cls_loss:0.25006 rec_loss:0.09723 [13.94s]; best loss:0.17897, patience : 1
2026-09-12 05:29:50,997 P307332 INFO pr:0.9296  rc:0.8312  auc:0.9789 ap:0.9457 f1: 0.8777 pred_right: 38645 pred_wrong:355 actu_right: 38603 actu_wrong: 397
2026-09-12 05:29:52,455 P307332 INFO pr:0.8288  rc:0.7132  auc:0.9721 ap:0.8568 f1: 0.7667 pred_right: 16389 pred_wrong:111 actu_right: 16371 actu_wrong: 129
2026-09-12 05:29:52,456 P307332 INFO ----------------------------------------------------------------------------------------------------
2026-09-12 05:29:52,456 P307332 INFO 245/300 starting... lr: 0.0008100000000000001 para:0.01
2026-09-12 05:30:05,472 P307332 INFO Epoch 245/300, all_loss:0.18578 cls_loss:0.18665 rec_loss:0.09940 [13.01s]; best loss:0.17897, patience : 1
2026-09-12 05:30:09,306 P307332 INFO pr:0.9339  rc:0.8186  auc:0.9725 ap:0.9400 f1: 0.8725 pred_right: 38652 pred_wrong:348 actu_right: 38603 actu_wrong: 397
2026-09-12 05:30:10,822 P307332 INFO pr:0.8302  rc:0.6822  auc:0.9698 ap:0.8613 f1: 0.7489 pred_right: 16394 pred_wrong:106 actu_right: 16371 actu_wrong: 129
2026-09-12 05:30:10,823 P307332 INFO ----------------------------------------------------------------------------------------------------
2026-09-12 05:30:10,823 P307332 INFO 246/300 starting... lr: 0.0008100000000000001 para:0.01
2026-09-12 05:30:23,996 P307332 INFO Epoch 246/300, all_loss:0.20714 cls_loss:0.20827 rec_loss:0.09533 [13.17s]; best loss:0.17897, patience : 2
2026-09-12 05:30:27,635 P307332 INFO pr:0.9216  rc:0.8287  auc:0.9761 ap:0.9490 f1: 0.8727 pred_right: 38643 pred_wrong:357 actu_right: 38603 actu_wrong: 397
2026-09-12 05:30:29,314 P307332 INFO pr:0.8273  rc:0.7054  auc:0.9791 ap:0.8543 f1: 0.7615 pred_right: 16390 pred_wrong:110 actu_right: 16371 actu_wrong: 129
2026-09-12 05:30:29,315 P307332 INFO ----------------------------------------------------------------------------------------------------
2026-09-12 05:30:29,316 P307332 INFO 247/300 starting... lr: 0.0008100000000000001 para:0.01
2026-09-12 05:30:42,438 P307332 INFO Epoch 247/300, all_loss:0.16785 cls_loss:0.16854 rec_loss:0.09905 [13.11s]; best loss:0.16785, patience : 0
2026-09-12 05:30:46,052 P307332 INFO pr:0.9543  rc:0.7884  auc:0.9751 ap:0.9418 f1: 0.8634 pred_right: 38672 pred_wrong:328 actu_right: 38603 actu_wrong: 397
2026-09-12 05:30:47,651 P307332 INFO pr:0.8438  rc:0.6279  auc:0.9541 ap:0.8410 f1: 0.7200 pred_right: 16404 pred_wrong:96 actu_right: 16371 actu_wrong: 129
2026-09-12 05:30:47,652 P307332 INFO ----------------------------------------------------------------------------------------------------
2026-09-12 05:30:47,659 P307332 INFO 248/300 starting... lr: 0.0008100000000000001 para:0.01
2026-09-12 05:31:01,262 P307332 INFO Epoch 248/300, all_loss:16.38242 cls_loss:16.54690 rec_loss:0.09890 [13.60s]; best loss:0.16785, patience : 1
2026-09-12 05:31:04,797 P307332 INFO pr:0.9499  rc:0.8111  auc:0.9746 ap:0.9468 f1: 0.8750 pred_right: 38661 pred_wrong:339 actu_right: 38603 actu_wrong: 397
2026-09-12 05:31:06,160 P307332 INFO pr:0.8384  rc:0.6434  auc:0.9524 ap:0.8452 f1: 0.7281 pred_right: 16401 pred_wrong:99 actu_right: 16371 actu_wrong: 129
2026-09-12 05:31:06,162 P307332 INFO ----------------------------------------------------------------------------------------------------
2026-09-12 05:31:06,162 P307332 INFO 249/300 starting... lr: 0.0008100000000000001 para:0.01
2026-09-12 05:31:19,939 P307332 INFO Epoch 249/300, all_loss:0.17937 cls_loss:0.18018 rec_loss:0.09861 [13.78s]; best loss:0.16785, patience : 1
2026-09-12 05:31:23,089 P307332 INFO pr:0.9555  rc:0.7028  auc:0.9695 ap:0.9386 f1: 0.8099 pred_right: 38708 pred_wrong:292 actu_right: 38603 actu_wrong: 397
2026-09-12 05:31:24,633 P307332 INFO pr:0.8298  rc:0.6047  auc:0.9638 ap:0.8359 f1: 0.6996 pred_right: 16406 pred_wrong:94 actu_right: 16371 actu_wrong: 129
2026-09-12 05:31:24,634 P307332 INFO ----------------------------------------------------------------------------------------------------
2026-09-12 05:31:24,634 P307332 INFO 250/300 starting... lr: 0.0008100000000000001 para:0.01
2026-09-12 05:31:38,231 P307332 INFO Epoch 250/300, all_loss:0.16795 cls_loss:0.16867 rec_loss:0.09708 [13.60s]; best loss:0.16785, patience : 1
2026-09-12 05:31:42,676 P307332 INFO pr:0.9091  rc:0.8564  auc:0.9791 ap:0.9510 f1: 0.8820 pred_right: 38626 pred_wrong:374 actu_right: 38603 actu_wrong: 397
2026-09-12 05:31:43,764 P307332 INFO pr:0.8051  rc:0.7364  auc:0.9842 ap:0.8548 f1: 0.7692 pred_right: 16382 pred_wrong:118 actu_right: 16371 actu_wrong: 129
2026-09-12 05:31:43,772 P307332 INFO ----------------------------------------------------------------------------------------------------
2026-09-12 05:31:43,773 P307332 INFO 251/300 starting... lr: 0.0008100000000000001 para:0.01
2026-09-12 05:31:55,489 P307332 INFO Epoch 251/300, all_loss:0.16222 cls_loss:0.16285 rec_loss:0.10010 [11.71s]; best loss:0.16222, patience : 0
2026-09-12 05:31:58,439 P307332 INFO pr:0.8997  rc:0.8633  auc:0.9796 ap:0.9475 f1: 0.8811 pred_right: 38621 pred_wrong:379 actu_right: 38605 actu_wrong: 395
2026-09-12 05:31:59,810 P307332 INFO pr:0.7949  rc:0.7209  auc:0.9763 ap:0.8556 f1: 0.7561 pred_right: 16383 pred_wrong:117 actu_right: 16371 actu_wrong: 129
2026-09-12 05:31:59,812 P307332 INFO ----------------------------------------------------------------------------------------------------
2026-09-12 05:31:59,813 P307332 INFO 252/300 starting... lr: 0.0008100000000000001 para:0.01
2026-09-12 05:32:22,807 P307332 INFO Epoch 252/300, all_loss:0.19267 cls_loss:0.19361 rec_loss:0.09981 [22.99s]; best loss:0.16222, patience : 1
2026-09-12 05:32:27,005 P307332 INFO pr:0.9127  rc:0.8182  auc:0.9734 ap:0.9445 f1: 0.8628 pred_right: 38645 pred_wrong:355 actu_right: 38604 actu_wrong: 396
2026-09-12 05:32:28,305 P307332 INFO pr:0.8273  rc:0.7054  auc:0.9746 ap:0.8539 f1: 0.7615 pred_right: 16390 pred_wrong:110 actu_right: 16371 actu_wrong: 129
2026-09-12 05:32:28,307 P307332 INFO ----------------------------------------------------------------------------------------------------
2026-09-12 05:32:28,307 P307332 INFO 253/300 starting... lr: 0.0008100000000000001 para:0.01
2026-09-12 05:32:41,323 P307332 INFO Epoch 253/300, all_loss:0.21109 cls_loss:0.21223 rec_loss:0.09807 [13.02s]; best loss:0.16222, patience : 2
2026-09-12 05:32:44,546 P307332 INFO pr:0.9544  rc:0.6851  auc:0.9670 ap:0.9367 f1: 0.7977 pred_right: 38715 pred_wrong:285 actu_right: 38603 actu_wrong: 397
2026-09-12 05:32:45,904 P307332 INFO pr:0.8904  rc:0.5039  auc:0.9411 ap:0.8624 f1: 0.6436 pred_right: 16427 pred_wrong:73 actu_right: 16371 actu_wrong: 129
2026-09-12 05:32:45,906 P307332 INFO ----------------------------------------------------------------------------------------------------
2026-09-12 05:32:45,907 P307332 INFO 254/300 starting... lr: 0.0008100000000000001 para:0.01
2026-09-12 05:32:59,595 P307332 INFO Epoch 254/300, all_loss:0.23184 cls_loss:0.23316 rec_loss:0.10037 [13.69s]; best loss:0.16222, patience : 3
2026-09-12 05:33:03,197 P307332 INFO pr:0.9384  rc:0.8081  auc:0.9710 ap:0.9438 f1: 0.8684 pred_right: 38659 pred_wrong:341 actu_right: 38604 actu_wrong: 396
2026-09-12 05:33:04,697 P307332 INFO pr:0.8485  rc:0.6512  auc:0.9754 ap:0.8624 f1: 0.7368 pred_right: 16401 pred_wrong:99 actu_right: 16371 actu_wrong: 129
2026-09-12 05:33:04,699 P307332 INFO ----------------------------------------------------------------------------------------------------
2026-09-12 05:33:04,706 P307332 INFO 255/300 starting... lr: 0.0008100000000000001 para:0.01
2026-09-12 05:33:17,595 P307332 INFO Epoch 255/300, all_loss:0.17432 cls_loss:0.17506 rec_loss:0.10031 [12.89s]; best loss:0.16222, patience : 3
2026-09-12 05:33:21,043 P307332 INFO pr:0.8968  rc:0.8539  auc:0.9801 ap:0.9483 f1: 0.8748 pred_right: 38622 pred_wrong:378 actu_right: 38603 actu_wrong: 397
2026-09-12 05:33:22,583 P307332 INFO pr:0.8087  rc:0.7209  auc:0.9776 ap:0.8562 f1: 0.7623 pred_right: 16385 pred_wrong:115 actu_right: 16371 actu_wrong: 129
2026-09-12 05:33:22,585 P307332 INFO ----------------------------------------------------------------------------------------------------
2026-09-12 05:33:22,587 P307332 INFO 256/300 starting... lr: 0.0008100000000000001 para:0.01
2026-09-12 05:33:36,569 P307332 INFO Epoch 256/300, all_loss:0.19836 cls_loss:0.19935 rec_loss:0.10053 [13.98s]; best loss:0.16222, patience : 4
2026-09-12 05:33:40,275 P307332 INFO pr:0.9145  rc:0.8086  auc:0.9729 ap:0.9389 f1: 0.8583 pred_right: 38649 pred_wrong:351 actu_right: 38603 actu_wrong: 397
2026-09-12 05:33:41,725 P307332 INFO pr:0.7905  rc:0.6434  auc:0.9718 ap:0.8362 f1: 0.7094 pred_right: 16395 pred_wrong:105 actu_right: 16371 actu_wrong: 129
2026-09-12 05:33:41,726 P307332 INFO ----------------------------------------------------------------------------------------------------
2026-09-12 05:33:41,726 P307332 INFO 257/300 starting... lr: 0.0008100000000000001 para:0.01
2026-09-12 05:33:55,495 P307332 INFO Epoch 257/300, all_loss:0.17283 cls_loss:0.17359 rec_loss:0.09815 [13.77s]; best loss:0.16222, patience : 4
2026-09-12 05:33:59,097 P307332 INFO pr:0.9543  rc:0.7884  auc:0.9722 ap:0.9447 f1: 0.8634 pred_right: 38672 pred_wrong:328 actu_right: 38603 actu_wrong: 397
2026-09-12 05:34:00,620 P307332 INFO pr:0.8557  rc:0.6434  auc:0.9724 ap:0.8566 f1: 0.7345 pred_right: 16403 pred_wrong:97 actu_right: 16371 actu_wrong: 129
2026-09-12 05:34:00,621 P307332 INFO ----------------------------------------------------------------------------------------------------
2026-09-12 05:34:00,622 P307332 INFO 258/300 starting... lr: 0.0008100000000000001 para:0.01
2026-09-12 05:34:14,150 P307332 INFO Epoch 258/300, all_loss:0.17889 cls_loss:0.17970 rec_loss:0.09817 [13.53s]; best loss:0.16222, patience : 5
2026-09-12 05:34:17,404 P307332 INFO pr:0.9522  rc:0.7531  auc:0.9671 ap:0.9329 f1: 0.8411 pred_right: 38686 pred_wrong:314 actu_right: 38603 actu_wrong: 397
2026-09-12 05:34:19,022 P307332 INFO pr:0.8478  rc:0.6047  auc:0.9593 ap:0.8242 f1: 0.7059 pred_right: 16408 pred_wrong:92 actu_right: 16371 actu_wrong: 129
2026-09-12 05:34:19,023 P307332 INFO ----------------------------------------------------------------------------------------------------
2026-09-12 05:34:19,023 P307332 INFO 259/300 starting... lr: 0.0008100000000000001 para:0.01
2026-09-12 05:34:33,555 P307332 INFO Epoch 259/300, all_loss:0.21058 cls_loss:0.21170 rec_loss:0.09945 [14.53s]; best loss:0.16222, patience : 6
2026-09-12 05:34:36,186 P307332 INFO pr:0.9284  rc:0.8161  auc:0.9731 ap:0.9449 f1: 0.8686 pred_right: 38651 pred_wrong:349 actu_right: 38603 actu_wrong: 397
2026-09-12 05:34:37,386 P307332 INFO pr:0.8155  rc:0.6512  auc:0.9583 ap:0.8384 f1: 0.7241 pred_right: 16397 pred_wrong:103 actu_right: 16371 actu_wrong: 129
2026-09-12 05:34:37,387 P307332 INFO ----------------------------------------------------------------------------------------------------
2026-09-12 05:34:37,388 P307332 INFO 260/300 starting... lr: 0.0008100000000000001 para:0.01
2026-09-12 05:34:51,085 P307332 INFO Epoch 260/300, all_loss:0.15350 cls_loss:0.15404 rec_loss:0.10010 [13.68s]; best loss:0.15350, patience : 0
2026-09-12 05:35:02,841 P307332 INFO pr:0.9544  rc:0.7909  auc:0.9722 ap:0.9488 f1: 0.8650 pred_right: 38671 pred_wrong:329 actu_right: 38603 actu_wrong: 397
2026-09-12 05:35:07,503 P307332 INFO pr:0.8317  rc:0.6512  auc:0.9571 ap:0.8458 f1: 0.7304 pred_right: 16399 pred_wrong:101 actu_right: 16371 actu_wrong: 129
2026-09-12 05:35:07,505 P307332 INFO ----------------------------------------------------------------------------------------------------
2026-09-12 05:35:07,506 P307332 INFO 261/300 starting... lr: 0.0008100000000000001 para:0.01
2026-09-12 05:35:22,429 P307332 INFO Epoch 261/300, all_loss:0.20250 cls_loss:0.20353 rec_loss:0.10012 [14.92s]; best loss:0.15350, patience : 1
2026-09-12 05:35:26,036 P307332 INFO pr:0.9286  rc:0.8514  auc:0.9764 ap:0.9495 f1: 0.8883 pred_right: 38636 pred_wrong:364 actu_right: 38603 actu_wrong: 397
2026-09-12 05:35:27,326 P307332 INFO pr:0.8273  rc:0.7054  auc:0.9833 ap:0.8557 f1: 0.7615 pred_right: 16390 pred_wrong:110 actu_right: 16371 actu_wrong: 129
2026-09-12 05:35:27,333 P307332 INFO ----------------------------------------------------------------------------------------------------
2026-09-12 05:35:27,333 P307332 INFO 262/300 starting... lr: 0.0008100000000000001 para:0.01
2026-09-12 05:35:40,300 P307332 INFO Epoch 262/300, all_loss:0.16872 cls_loss:0.16943 rec_loss:0.09915 [12.97s]; best loss:0.15350, patience : 1
2026-09-12 05:35:43,525 P307332 INFO pr:0.9644  rc:0.7506  auc:0.9660 ap:0.9431 f1: 0.8442 pred_right: 38691 pred_wrong:309 actu_right: 38603 actu_wrong: 397
2026-09-12 05:35:45,175 P307332 INFO pr:0.8438  rc:0.6279  auc:0.9431 ap:0.8385 f1: 0.7200 pred_right: 16404 pred_wrong:96 actu_right: 16371 actu_wrong: 129
2026-09-12 05:35:45,177 P307332 INFO ----------------------------------------------------------------------------------------------------
2026-09-12 05:35:45,177 P307332 INFO 263/300 starting... lr: 0.0008100000000000001 para:0.01
2026-09-12 05:35:58,129 P307332 INFO Epoch 263/300, all_loss:2.57154 cls_loss:2.59651 rec_loss:0.09982 [12.95s]; best loss:0.15350, patience : 2
2026-09-12 05:36:01,434 P307332 INFO pr:0.9448  rc:0.8186  auc:0.9753 ap:0.9405 f1: 0.8772 pred_right: 38656 pred_wrong:344 actu_right: 38603 actu_wrong: 397
2026-09-12 05:36:03,190 P307332 INFO pr:0.8163  rc:0.6202  auc:0.9506 ap:0.8255 f1: 0.7048 pred_right: 16402 pred_wrong:98 actu_right: 16371 actu_wrong: 129
2026-09-12 05:36:03,191 P307332 INFO ----------------------------------------------------------------------------------------------------
2026-09-12 05:36:03,191 P307332 INFO 264/300 starting... lr: 0.0008100000000000001 para:0.01
2026-09-12 05:36:16,863 P307332 INFO Epoch 264/300, all_loss:0.19277 cls_loss:0.19370 rec_loss:0.10073 [13.67s]; best loss:0.15350, patience : 2
2026-09-12 05:36:20,042 P307332 INFO pr:0.9608  rc:0.8035  auc:0.9755 ap:0.9533 f1: 0.8752 pred_right: 38668 pred_wrong:332 actu_right: 38603 actu_wrong: 397
2026-09-12 05:36:21,441 P307332 INFO pr:0.8286  rc:0.6744  auc:0.9624 ap:0.8493 f1: 0.7436 pred_right: 16395 pred_wrong:105 actu_right: 16371 actu_wrong: 129
2026-09-12 05:36:21,443 P307332 INFO ----------------------------------------------------------------------------------------------------
2026-09-12 05:36:21,443 P307332 INFO 265/300 starting... lr: 0.0008100000000000001 para:0.01
2026-09-12 05:36:35,326 P307332 INFO Epoch 265/300, all_loss:0.18767 cls_loss:0.18854 rec_loss:0.10144 [13.88s]; best loss:0.15350, patience : 2
2026-09-12 05:36:38,979 P307332 INFO pr:0.9675  rc:0.7506  auc:0.9705 ap:0.9447 f1: 0.8454 pred_right: 38692 pred_wrong:308 actu_right: 38603 actu_wrong: 397
2026-09-12 05:36:40,434 P307332 INFO pr:0.8667  rc:0.6047  auc:0.9495 ap:0.8512 f1: 0.7123 pred_right: 16410 pred_wrong:90 actu_right: 16371 actu_wrong: 129
2026-09-12 05:36:40,442 P307332 INFO ----------------------------------------------------------------------------------------------------
2026-09-12 05:36:40,443 P307332 INFO 266/300 starting... lr: 0.0008100000000000001 para:0.01
2026-09-12 05:36:54,127 P307332 INFO Epoch 266/300, all_loss:0.18461 cls_loss:0.18543 rec_loss:0.10355 [13.68s]; best loss:0.15350, patience : 2
2026-09-12 05:36:58,008 P307332 INFO pr:0.9254  rc:0.7809  auc:0.9697 ap:0.9324 f1: 0.8470 pred_right: 38665 pred_wrong:335 actu_right: 38603 actu_wrong: 397
2026-09-12 05:36:59,538 P307332 INFO pr:0.8202  rc:0.5659  auc:0.9401 ap:0.8075 f1: 0.6697 pred_right: 16411 pred_wrong:89 actu_right: 16371 actu_wrong: 129
2026-09-12 05:36:59,540 P307332 INFO ----------------------------------------------------------------------------------------------------
2026-09-12 05:36:59,541 P307332 INFO 267/300 starting... lr: 0.0008100000000000001 para:0.01
2026-09-12 05:37:12,778 P307332 INFO Epoch 267/300, all_loss:0.16789 cls_loss:0.16854 rec_loss:0.10353 [13.24s]; best loss:0.15350, patience : 2
2026-09-12 05:37:16,854 P307332 INFO pr:0.9241  rc:0.8589  auc:0.9738 ap:0.9488 f1: 0.8903 pred_right: 38631 pred_wrong:369 actu_right: 38603 actu_wrong: 397
2026-09-12 05:37:19,479 P307332 INFO pr:0.7946  rc:0.6899  auc:0.9705 ap:0.8468 f1: 0.7386 pred_right: 16388 pred_wrong:112 actu_right: 16371 actu_wrong: 129
2026-09-12 05:37:19,485 P307332 INFO ----------------------------------------------------------------------------------------------------
2026-09-12 05:37:19,485 P307332 INFO 268/300 starting... lr: 0.0008100000000000001 para:0.01
2026-09-12 05:37:30,904 P307332 INFO Epoch 268/300, all_loss:0.14223 cls_loss:0.14261 rec_loss:0.10455 [11.41s]; best loss:0.14223, patience : 0
2026-09-12 05:37:33,882 P307332 INFO pr:0.8889  rc:0.8060  auc:0.9729 ap:0.9439 f1: 0.8454 pred_right: 38640 pred_wrong:360 actu_right: 38603 actu_wrong: 397
2026-09-12 05:37:35,102 P307332 INFO pr:0.8173  rc:0.6589  auc:0.9657 ap:0.8640 f1: 0.7296 pred_right: 16396 pred_wrong:104 actu_right: 16371 actu_wrong: 129
2026-09-12 05:37:35,104 P307332 INFO ----------------------------------------------------------------------------------------------------
2026-09-12 05:37:35,105 P307332 INFO 269/300 starting... lr: 0.0008100000000000001 para:0.01
2026-09-12 05:37:58,626 P307332 INFO Epoch 269/300, all_loss:0.16590 cls_loss:0.16652 rec_loss:0.10431 [23.52s]; best loss:0.14223, patience : 1
2026-09-12 05:38:01,854 P307332 INFO pr:0.9557  rc:0.7607  auc:0.9695 ap:0.9419 f1: 0.8471 pred_right: 38684 pred_wrong:316 actu_right: 38603 actu_wrong: 397
2026-09-12 05:38:03,087 P307332 INFO pr:0.8495  rc:0.6124  auc:0.9608 ap:0.8638 f1: 0.7117 pred_right: 16407 pred_wrong:93 actu_right: 16371 actu_wrong: 129
2026-09-12 05:38:03,088 P307332 INFO ----------------------------------------------------------------------------------------------------
2026-09-12 05:38:03,088 P307332 INFO 270/300 starting... lr: 0.0008100000000000001 para:0.01
2026-09-12 05:38:16,206 P307332 INFO Epoch 270/300, all_loss:0.16599 cls_loss:0.16661 rec_loss:0.10503 [13.12s]; best loss:0.14223, patience : 2
2026-09-12 05:38:19,714 P307332 INFO pr:0.9352  rc:0.8384  auc:0.9771 ap:0.9489 f1: 0.8842 pred_right: 38645 pred_wrong:355 actu_right: 38604 actu_wrong: 396
2026-09-12 05:38:21,179 P307332 INFO pr:0.8257  rc:0.6977  auc:0.9723 ap:0.8357 f1: 0.7563 pred_right: 16391 pred_wrong:109 actu_right: 16371 actu_wrong: 129
2026-09-12 05:38:21,181 P307332 INFO ----------------------------------------------------------------------------------------------------
2026-09-12 05:38:21,182 P307332 INFO 271/300 starting... lr: 0.0008100000000000001 para:0.01
2026-09-12 05:38:34,267 P307332 INFO Epoch 271/300, all_loss:0.16520 cls_loss:0.16582 rec_loss:0.10373 [13.08s]; best loss:0.14223, patience : 2
2026-09-12 05:38:37,858 P307332 INFO pr:0.9196  rc:0.8640  auc:0.9812 ap:0.9435 f1: 0.8909 pred_right: 38627 pred_wrong:373 actu_right: 38603 actu_wrong: 397
2026-09-12 05:38:39,488 P307332 INFO pr:0.8174  rc:0.7287  auc:0.9783 ap:0.8517 f1: 0.7705 pred_right: 16385 pred_wrong:115 actu_right: 16371 actu_wrong: 129
2026-09-12 05:38:39,498 P307332 INFO ----------------------------------------------------------------------------------------------------
2026-09-12 05:38:39,499 P307332 INFO 272/300 starting... lr: 0.0008100000000000001 para:0.01
2026-09-12 05:38:53,168 P307332 INFO Epoch 272/300, all_loss:0.19100 cls_loss:0.19189 rec_loss:0.10374 [13.66s]; best loss:0.14223, patience : 3
2026-09-12 05:38:56,737 P307332 INFO pr:0.9474  rc:0.8182  auc:0.9731 ap:0.9496 f1: 0.8780 pred_right: 38658 pred_wrong:342 actu_right: 38604 actu_wrong: 396
2026-09-12 05:38:58,288 P307332 INFO pr:0.8476  rc:0.6899  auc:0.9662 ap:0.8593 f1: 0.7607 pred_right: 16395 pred_wrong:105 actu_right: 16371 actu_wrong: 129
2026-09-12 05:38:58,289 P307332 INFO ----------------------------------------------------------------------------------------------------
2026-09-12 05:38:58,289 P307332 INFO 273/300 starting... lr: 0.0008100000000000001 para:0.01
2026-09-12 05:39:11,631 P307332 INFO Epoch 273/300, all_loss:0.18485 cls_loss:0.18566 rec_loss:0.10528 [13.34s]; best loss:0.14223, patience : 3
2026-09-12 05:39:15,653 P307332 INFO pr:0.9408  rc:0.8413  auc:0.9742 ap:0.9471 f1: 0.8883 pred_right: 38645 pred_wrong:355 actu_right: 38603 actu_wrong: 397
2026-09-12 05:39:17,228 P307332 INFO pr:0.8198  rc:0.7054  auc:0.9759 ap:0.8620 f1: 0.7583 pred_right: 16389 pred_wrong:111 actu_right: 16371 actu_wrong: 129
2026-09-12 05:39:17,229 P307332 INFO ----------------------------------------------------------------------------------------------------
2026-09-12 05:39:17,229 P307332 INFO 274/300 starting... lr: 0.0008100000000000001 para:0.01
2026-09-12 05:39:30,570 P307332 INFO Epoch 274/300, all_loss:0.18599 cls_loss:0.18683 rec_loss:0.10232 [13.34s]; best loss:0.14223, patience : 4
2026-09-12 05:39:33,869 P307332 INFO pr:0.9176  rc:0.8413  auc:0.9739 ap:0.9436 f1: 0.8778 pred_right: 38636 pred_wrong:364 actu_right: 38603 actu_wrong: 397
2026-09-12 05:39:35,301 P307332 INFO pr:0.7895  rc:0.6977  auc:0.9729 ap:0.8574 f1: 0.7407 pred_right: 16386 pred_wrong:114 actu_right: 16371 actu_wrong: 129
2026-09-12 05:39:35,303 P307332 INFO ----------------------------------------------------------------------------------------------------
2026-09-12 05:39:35,303 P307332 INFO 275/300 starting... lr: 0.0008100000000000001 para:0.01
2026-09-12 05:39:48,221 P307332 INFO Epoch 275/300, all_loss:0.21066 cls_loss:0.21172 rec_loss:0.10537 [12.92s]; best loss:0.14223, patience : 5
2026-09-12 05:39:51,890 P307332 INFO pr:0.9452  rc:0.8262  auc:0.9706 ap:0.9433 f1: 0.8817 pred_right: 38653 pred_wrong:347 actu_right: 38603 actu_wrong: 397
2026-09-12 05:39:53,404 P307332 INFO pr:0.8440  rc:0.7132  auc:0.9719 ap:0.8636 f1: 0.7731 pred_right: 16391 pred_wrong:109 actu_right: 16371 actu_wrong: 129
2026-09-12 05:39:53,405 P307332 INFO ----------------------------------------------------------------------------------------------------
2026-09-12 05:39:53,405 P307332 INFO 276/300 starting... lr: 0.0008100000000000001 para:0.01
2026-09-12 05:40:07,878 P307332 INFO Epoch 276/300, all_loss:0.17242 cls_loss:0.17312 rec_loss:0.10357 [14.47s]; best loss:0.14223, patience : 5
2026-09-12 05:40:10,402 P307332 INFO pr:0.9264  rc:0.8564  auc:0.9789 ap:0.9465 f1: 0.8901 pred_right: 38633 pred_wrong:367 actu_right: 38603 actu_wrong: 397
2026-09-12 05:40:11,517 P307332 INFO pr:0.8333  rc:0.7364  auc:0.9726 ap:0.8473 f1: 0.7819 pred_right: 16386 pred_wrong:114 actu_right: 16371 actu_wrong: 129
2026-09-12 05:40:11,518 P307332 INFO ----------------------------------------------------------------------------------------------------
2026-09-12 05:40:11,519 P307332 INFO 277/300 starting... lr: 0.0008100000000000001 para:0.01
2026-09-12 05:40:23,788 P307332 INFO Epoch 277/300, all_loss:0.17406 cls_loss:0.17477 rec_loss:0.10394 [12.27s]; best loss:0.14223, patience : 6
2026-09-12 05:40:35,344 P307332 INFO pr:0.9164  rc:0.8564  auc:0.9780 ap:0.9502 f1: 0.8854 pred_right: 38629 pred_wrong:371 actu_right: 38603 actu_wrong: 397
2026-09-12 05:40:40,459 P307332 INFO pr:0.8304  rc:0.7209  auc:0.9830 ap:0.8576 f1: 0.7718 pred_right: 16388 pred_wrong:112 actu_right: 16371 actu_wrong: 129
2026-09-12 05:40:40,460 P307332 INFO ----------------------------------------------------------------------------------------------------
2026-09-12 05:40:40,467 P307332 INFO 278/300 starting... lr: 0.0008100000000000001 para:0.01
2026-09-12 05:40:56,716 P307332 INFO Epoch 278/300, all_loss:0.17322 cls_loss:0.17391 rec_loss:0.10483 [16.25s]; best loss:0.14223, patience : 6
2026-09-12 05:41:00,723 P307332 INFO pr:0.9280  rc:0.8111  auc:0.9637 ap:0.9349 f1: 0.8656 pred_right: 38653 pred_wrong:347 actu_right: 38603 actu_wrong: 397
2026-09-12 05:41:02,189 P307332 INFO pr:0.8351  rc:0.6279  auc:0.9589 ap:0.8617 f1: 0.7168 pred_right: 16403 pred_wrong:97 actu_right: 16371 actu_wrong: 129
2026-09-12 05:41:02,190 P307332 INFO ----------------------------------------------------------------------------------------------------
2026-09-12 05:41:02,190 P307332 INFO 279/300 starting... lr: 0.0008100000000000001 para:0.01
2026-09-12 05:41:14,976 P307332 INFO Epoch 279/300, all_loss:7.20876 cls_loss:7.28051 rec_loss:0.10550 [12.79s]; best loss:0.14223, patience : 7
2026-09-12 05:41:18,303 P307332 INFO pr:0.9502  rc:0.7683  auc:0.9740 ap:0.9478 f1: 0.8496 pred_right: 38679 pred_wrong:321 actu_right: 38603 actu_wrong: 397
2026-09-12 05:41:19,752 P307332 INFO pr:0.8404  rc:0.6124  auc:0.9628 ap:0.8584 f1: 0.7085 pred_right: 16406 pred_wrong:94 actu_right: 16371 actu_wrong: 129
2026-09-12 05:41:19,754 P307332 INFO ----------------------------------------------------------------------------------------------------
2026-09-12 05:41:19,755 P307332 INFO 280/300 starting... lr: 0.0008100000000000001 para:0.01
2026-09-12 05:41:32,994 P307332 INFO Epoch 280/300, all_loss:0.16722 cls_loss:0.16786 rec_loss:0.10321 [13.24s]; best loss:0.14223, patience : 7
2026-09-12 05:41:36,443 P307332 INFO pr:0.9538  rc:0.8312  auc:0.9760 ap:0.9495 f1: 0.8883 pred_right: 38654 pred_wrong:346 actu_right: 38603 actu_wrong: 397
2026-09-12 05:41:37,919 P307332 INFO pr:0.8273  rc:0.7054  auc:0.9673 ap:0.8593 f1: 0.7615 pred_right: 16390 pred_wrong:110 actu_right: 16371 actu_wrong: 129
2026-09-12 05:41:37,920 P307332 INFO ----------------------------------------------------------------------------------------------------
2026-09-12 05:41:37,920 P307332 INFO 281/300 starting... lr: 0.0008100000000000001 para:0.01
2026-09-12 05:41:51,160 P307332 INFO Epoch 281/300, all_loss:0.15799 cls_loss:0.15856 rec_loss:0.10067 [13.24s]; best loss:0.14223, patience : 7
2026-09-12 05:41:54,943 P307332 INFO pr:0.9328  rc:0.8388  auc:0.9743 ap:0.9450 f1: 0.8833 pred_right: 38643 pred_wrong:357 actu_right: 38603 actu_wrong: 397
2026-09-12 05:41:56,491 P307332 INFO pr:0.8034  rc:0.7287  auc:0.9725 ap:0.8694 f1: 0.7642 pred_right: 16383 pred_wrong:117 actu_right: 16371 actu_wrong: 129
2026-09-12 05:41:56,493 P307332 INFO ----------------------------------------------------------------------------------------------------
2026-09-12 05:41:56,493 P307332 INFO 282/300 starting... lr: 0.0008100000000000001 para:0.01
2026-09-12 05:42:09,693 P307332 INFO Epoch 282/300, all_loss:0.16382 cls_loss:0.16442 rec_loss:0.10421 [13.20s]; best loss:0.14223, patience : 8
2026-09-12 05:42:12,929 P307332 INFO pr:0.9311  rc:0.8535  auc:0.9756 ap:0.9443 f1: 0.8906 pred_right: 38637 pred_wrong:363 actu_right: 38604 actu_wrong: 396
2026-09-12 05:42:14,330 P307332 INFO pr:0.8190  rc:0.7364  auc:0.9848 ap:0.8604 f1: 0.7755 pred_right: 16384 pred_wrong:116 actu_right: 16371 actu_wrong: 129
2026-09-12 05:42:14,331 P307332 INFO ----------------------------------------------------------------------------------------------------
2026-09-12 05:42:14,331 P307332 INFO 283/300 starting... lr: 0.0008100000000000001 para:0.01
2026-09-12 05:42:28,238 P307332 INFO Epoch 283/300, all_loss:0.15034 cls_loss:0.15076 rec_loss:0.10917 [13.91s]; best loss:0.14223, patience : 8
2026-09-12 05:42:31,949 P307332 INFO pr:0.9571  rc:0.7859  auc:0.9734 ap:0.9431 f1: 0.8631 pred_right: 38674 pred_wrong:326 actu_right: 38603 actu_wrong: 397
2026-09-12 05:42:33,349 P307332 INFO pr:0.8283  rc:0.6357  auc:0.9542 ap:0.8483 f1: 0.7193 pred_right: 16401 pred_wrong:99 actu_right: 16371 actu_wrong: 129
2026-09-12 05:42:33,350 P307332 INFO ----------------------------------------------------------------------------------------------------
2026-09-12 05:42:33,350 P307332 INFO 284/300 starting... lr: 0.0008100000000000001 para:0.01
2026-09-12 05:42:47,217 P307332 INFO Epoch 284/300, all_loss:0.16488 cls_loss:0.16548 rec_loss:0.10503 [13.87s]; best loss:0.14223, patience : 9
2026-09-12 05:42:52,519 P307332 INFO pr:0.9178  rc:0.8438  auc:0.9735 ap:0.9487 f1: 0.8793 pred_right: 38635 pred_wrong:365 actu_right: 38603 actu_wrong: 397
2026-09-12 05:42:53,726 P307332 INFO pr:0.8273  rc:0.7054  auc:0.9800 ap:0.8847 f1: 0.7615 pred_right: 16390 pred_wrong:110 actu_right: 16371 actu_wrong: 129
2026-09-12 05:42:53,727 P307332 INFO ----------------------------------------------------------------------------------------------------
2026-09-12 05:42:53,727 P307332 INFO 285/300 starting... lr: 0.0008100000000000001 para:0.01
2026-09-12 05:43:05,516 P307332 INFO Epoch 285/300, all_loss:0.17781 cls_loss:0.17854 rec_loss:0.10531 [11.79s]; best loss:0.14223, patience : 10
2026-09-12 05:43:08,126 P307332 INFO pr:0.9220  rc:0.8640  auc:0.9765 ap:0.9452 f1: 0.8921 pred_right: 38628 pred_wrong:372 actu_right: 38603 actu_wrong: 397
2026-09-12 05:43:10,430 P307332 INFO pr:0.8190  rc:0.7364  auc:0.9837 ap:0.8714 f1: 0.7755 pred_right: 16384 pred_wrong:116 actu_right: 16371 actu_wrong: 129
2026-09-12 05:43:10,465 P307332 INFO ----------------------------------------------------------------------------------------------------
2026-09-12 05:43:10,470 P307332 INFO 286/300 starting... lr: 0.0008100000000000001 para:0.01
2026-09-12 05:43:33,962 P307332 INFO Epoch 286/300, all_loss:0.16622 cls_loss:0.16686 rec_loss:0.10322 [23.49s]; best loss:0.14223, patience : 10
2026-09-12 05:43:37,590 P307332 INFO pr:0.9184  rc:0.8791  auc:0.9792 ap:0.9500 f1: 0.8983 pred_right: 38620 pred_wrong:380 actu_right: 38603 actu_wrong: 397
2026-09-12 05:43:39,315 P307332 INFO pr:0.7983  rc:0.7364  auc:0.9761 ap:0.8550 f1: 0.7661 pred_right: 16381 pred_wrong:119 actu_right: 16371 actu_wrong: 129
2026-09-12 05:43:39,327 P307332 INFO ----------------------------------------------------------------------------------------------------
2026-09-12 05:43:39,328 P307332 INFO 287/300 starting... lr: 0.0008100000000000001 para:0.01
2026-09-12 05:43:52,252 P307332 INFO Epoch 287/300, all_loss:0.13515 cls_loss:0.13548 rec_loss:0.10220 [12.92s]; best loss:0.13515, patience : 0
2026-09-12 05:43:55,400 P307332 INFO pr:0.8943  rc:0.8741  auc:0.9793 ap:0.9501 f1: 0.8841 pred_right: 38612 pred_wrong:388 actu_right: 38603 actu_wrong: 397
2026-09-12 05:43:56,768 P307332 INFO pr:0.8235  rc:0.7597  auc:0.9808 ap:0.8836 f1: 0.7903 pred_right: 16381 pred_wrong:119 actu_right: 16371 actu_wrong: 129
2026-09-12 05:43:56,769 P307332 INFO ----------------------------------------------------------------------------------------------------
2026-09-12 05:43:56,769 P307332 INFO 288/300 starting... lr: 0.0008100000000000001 para:0.01
2026-09-12 05:44:10,247 P307332 INFO Epoch 288/300, all_loss:0.15266 cls_loss:0.15314 rec_loss:0.10474 [13.48s]; best loss:0.13515, patience : 1
2026-09-12 05:44:13,609 P307332 INFO pr:0.8939  rc:0.8489  auc:0.9736 ap:0.9462 f1: 0.8708 pred_right: 38623 pred_wrong:377 actu_right: 38603 actu_wrong: 397
2026-09-12 05:44:15,083 P307332 INFO pr:0.8120  rc:0.7364  auc:0.9785 ap:0.8670 f1: 0.7724 pred_right: 16383 pred_wrong:117 actu_right: 16371 actu_wrong: 129
2026-09-12 05:44:15,084 P307332 INFO ----------------------------------------------------------------------------------------------------
2026-09-12 05:44:15,084 P307332 INFO 289/300 starting... lr: 0.0008100000000000001 para:0.01
2026-09-12 05:44:28,561 P307332 INFO Epoch 289/300, all_loss:0.17105 cls_loss:0.17171 rec_loss:0.10531 [13.48s]; best loss:0.13515, patience : 2
2026-09-12 05:44:32,046 P307332 INFO pr:0.9127  rc:0.8690  auc:0.9792 ap:0.9502 f1: 0.8903 pred_right: 38622 pred_wrong:378 actu_right: 38603 actu_wrong: 397
2026-09-12 05:44:33,388 P307332 INFO pr:0.8067  rc:0.7442  auc:0.9831 ap:0.8737 f1: 0.7742 pred_right: 16381 pred_wrong:119 actu_right: 16371 actu_wrong: 129
2026-09-12 05:44:33,389 P307332 INFO ----------------------------------------------------------------------------------------------------
2026-09-12 05:44:33,389 P307332 INFO 290/300 starting... lr: 0.0008100000000000001 para:0.01
2026-09-12 05:44:47,676 P307332 INFO Epoch 290/300, all_loss:0.15544 cls_loss:0.15595 rec_loss:0.10530 [14.29s]; best loss:0.13515, patience : 2
2026-09-12 05:44:51,349 P307332 INFO pr:0.9437  rc:0.8438  auc:0.9781 ap:0.9509 f1: 0.8910 pred_right: 38645 pred_wrong:355 actu_right: 38603 actu_wrong: 397
2026-09-12 05:44:53,151 P307332 INFO pr:0.8319  rc:0.7287  auc:0.9715 ap:0.8563 f1: 0.7769 pred_right: 16387 pred_wrong:113 actu_right: 16371 actu_wrong: 129
2026-09-12 05:44:53,153 P307332 INFO ----------------------------------------------------------------------------------------------------
2026-09-12 05:44:53,155 P307332 INFO 291/300 starting... lr: 0.0008100000000000001 para:0.01
2026-09-12 05:45:07,081 P307332 INFO Epoch 291/300, all_loss:0.14890 cls_loss:0.14933 rec_loss:0.10676 [13.92s]; best loss:0.13515, patience : 2
2026-09-12 05:45:10,450 P307332 INFO pr:0.9586  rc:0.8161  auc:0.9765 ap:0.9505 f1: 0.8816 pred_right: 38662 pred_wrong:338 actu_right: 38603 actu_wrong: 397
2026-09-12 05:45:11,990 P307332 INFO pr:0.8364  rc:0.7132  auc:0.9635 ap:0.8723 f1: 0.7699 pred_right: 16390 pred_wrong:110 actu_right: 16371 actu_wrong: 129
2026-09-12 05:45:11,991 P307332 INFO ----------------------------------------------------------------------------------------------------
2026-09-12 05:45:11,998 P307332 INFO 292/300 starting... lr: 0.0008100000000000001 para:0.01
2026-09-12 05:45:25,336 P307332 INFO Epoch 292/300, all_loss:0.13355 cls_loss:0.13384 rec_loss:0.10457 [13.33s]; best loss:0.13355, patience : 0
2026-09-12 05:45:29,192 P307332 INFO pr:0.9200  rc:0.8690  auc:0.9781 ap:0.9444 f1: 0.8938 pred_right: 38625 pred_wrong:375 actu_right: 38603 actu_wrong: 397
2026-09-12 05:45:30,760 P307332 INFO pr:0.8230  rc:0.7209  auc:0.9770 ap:0.8587 f1: 0.7686 pred_right: 16387 pred_wrong:113 actu_right: 16371 actu_wrong: 129
2026-09-12 05:45:30,761 P307332 INFO ----------------------------------------------------------------------------------------------------
2026-09-12 05:45:30,762 P307332 INFO 293/300 starting... lr: 0.0008100000000000001 para:0.01
2026-09-12 05:45:43,921 P307332 INFO Epoch 293/300, all_loss:0.14703 cls_loss:0.14747 rec_loss:0.10346 [13.16s]; best loss:0.13355, patience : 1
2026-09-12 05:45:46,685 P307332 INFO pr:0.9290  rc:0.8586  auc:0.9771 ap:0.9517 f1: 0.8924 pred_right: 38634 pred_wrong:366 actu_right: 38604 actu_wrong: 396
2026-09-12 05:45:48,145 P307332 INFO pr:0.8411  rc:0.6977  auc:0.9706 ap:0.8483 f1: 0.7627 pred_right: 16393 pred_wrong:107 actu_right: 16371 actu_wrong: 129
2026-09-12 05:45:48,146 P307332 INFO ----------------------------------------------------------------------------------------------------
2026-09-12 05:45:48,146 P307332 INFO 294/300 starting... lr: 0.0008100000000000001 para:0.01
2026-09-12 05:46:06,894 P307332 INFO Epoch 294/300, all_loss:0.16204 cls_loss:0.16264 rec_loss:0.10234 [18.75s]; best loss:0.13355, patience : 2
2026-09-12 05:46:15,314 P307332 INFO pr:0.9448  rc:0.8228  auc:0.9729 ap:0.9480 f1: 0.8796 pred_right: 38656 pred_wrong:344 actu_right: 38605 actu_wrong: 395
2026-09-12 05:46:17,053 P307332 INFO pr:0.8350  rc:0.6667  auc:0.9625 ap:0.8569 f1: 0.7414 pred_right: 16397 pred_wrong:103 actu_right: 16371 actu_wrong: 129
2026-09-12 05:46:17,055 P307332 INFO ----------------------------------------------------------------------------------------------------
2026-09-12 05:46:17,057 P307332 INFO 295/300 starting... lr: 0.0008100000000000001 para:0.01
2026-09-12 05:46:30,965 P307332 INFO Epoch 295/300, all_loss:0.15557 cls_loss:0.15611 rec_loss:0.10262 [13.91s]; best loss:0.13355, patience : 2
2026-09-12 05:46:34,194 P307332 INFO pr:0.9588  rc:0.8212  auc:0.9719 ap:0.9489 f1: 0.8847 pred_right: 38660 pred_wrong:340 actu_right: 38603 actu_wrong: 397
2026-09-12 05:46:35,584 P307332 INFO pr:0.8500  rc:0.6589  auc:0.9700 ap:0.8761 f1: 0.7424 pred_right: 16400 pred_wrong:100 actu_right: 16371 actu_wrong: 129
2026-09-12 05:46:35,585 P307332 INFO ----------------------------------------------------------------------------------------------------
2026-09-12 05:46:35,585 P307332 INFO 296/300 starting... lr: 0.0008100000000000001 para:0.01
2026-09-12 05:46:48,613 P307332 INFO Epoch 296/300, all_loss:0.15652 cls_loss:0.15706 rec_loss:0.10269 [13.03s]; best loss:0.13355, patience : 3
2026-09-12 05:46:52,138 P307332 INFO pr:0.9010  rc:0.8737  auc:0.9765 ap:0.9441 f1: 0.8872 pred_right: 38616 pred_wrong:384 actu_right: 38604 actu_wrong: 396
2026-09-12 05:46:53,433 P307332 INFO pr:0.8230  rc:0.7209  auc:0.9788 ap:0.8491 f1: 0.7686 pred_right: 16387 pred_wrong:113 actu_right: 16371 actu_wrong: 129
2026-09-12 05:46:53,434 P307332 INFO ----------------------------------------------------------------------------------------------------
2026-09-12 05:46:53,434 P307332 INFO 297/300 starting... lr: 0.0008100000000000001 para:0.01
2026-09-12 05:47:06,458 P307332 INFO Epoch 297/300, all_loss:0.14735 cls_loss:0.14778 rec_loss:0.10464 [13.02s]; best loss:0.13355, patience : 3
2026-09-12 05:47:09,697 P307332 INFO pr:0.9229  rc:0.8763  auc:0.9779 ap:0.9508 f1: 0.8990 pred_right: 38624 pred_wrong:376 actu_right: 38604 actu_wrong: 396
2026-09-12 05:47:11,004 P307332 INFO pr:0.8136  rc:0.7442  auc:0.9744 ap:0.8430 f1: 0.7773 pred_right: 16382 pred_wrong:118 actu_right: 16371 actu_wrong: 129
2026-09-12 05:47:11,011 P307332 INFO ----------------------------------------------------------------------------------------------------
2026-09-12 05:47:11,012 P307332 INFO 298/300 starting... lr: 0.0008100000000000001 para:0.01
2026-09-12 05:47:24,012 P307332 INFO Epoch 298/300, all_loss:0.13777 cls_loss:0.13810 rec_loss:0.10444 [13.00s]; best loss:0.13355, patience : 3
2026-09-12 05:47:28,429 P307332 INFO pr:0.9237  rc:0.8539  auc:0.9743 ap:0.9519 f1: 0.8874 pred_right: 38633 pred_wrong:367 actu_right: 38603 actu_wrong: 397
2026-09-12 05:47:29,905 P307332 INFO pr:0.8261  rc:0.7364  auc:0.9737 ap:0.8542 f1: 0.7787 pred_right: 16385 pred_wrong:115 actu_right: 16371 actu_wrong: 129
2026-09-12 05:47:29,907 P307332 INFO ----------------------------------------------------------------------------------------------------
2026-09-12 05:47:29,908 P307332 INFO 299/300 starting... lr: 0.0008100000000000001 para:0.01
2026-09-12 05:47:43,979 P307332 INFO Epoch 299/300, all_loss:0.13379 cls_loss:0.13411 rec_loss:0.10279 [14.07s]; best loss:0.13355, patience : 3
2026-09-12 05:47:47,997 P307332 INFO pr:0.9405  rc:0.8384  auc:0.9721 ap:0.9493 f1: 0.8865 pred_right: 38647 pred_wrong:353 actu_right: 38604 actu_wrong: 396
2026-09-12 05:47:49,529 P307332 INFO pr:0.8269  rc:0.6667  auc:0.9666 ap:0.8501 f1: 0.7382 pred_right: 16396 pred_wrong:104 actu_right: 16371 actu_wrong: 129
2026-09-12 05:47:49,530 P307332 INFO saving model...
2026-09-12 05:47:49,530 P307332 INFO FITS_Legendre - loss  best score:0.13354526460170746 at epoch 292
2026-09-12 05:47:49,543 P307332 INFO FITS_Legendre - f1  best score:0.8989637305699482 at epoch 297
2026-09-12 05:47:49,553 P307332 INFO Average training time per epoch: 14.19 seconds
2026-09-12 05:47:49,554 P307332 INFO calculate scores...
2026-09-12 05:47:49,554 P307332 INFO calculate label with loss...
2026-09-12 05:47:49,555 P307332 INFO FITS_Legendre on ./result/server_only_exps/Ablations_updatedFreDF/FITS_Legendre-MSDS-Epochs300-Seed2-ExpNameRQ2z5_basis_degree_comparison-LPFLPF-Attnlinear_attn-NormLinTrue-RecLambda1.0-AuxiLambda0.0-lowshow-simplegraph-Degree3-BasisTypehermite loading...
2026-09-12 05:47:51,176 P307332 INFO pr:0.8230  rc:0.7209  auc:0.9770 ap:0.8587 f1: 0.7686 pred_right: 16387 pred_wrong:113 actu_right: 16371 actu_wrong: 129
2026-09-12 05:47:53,521 P307332 INFO pr:0.8230  rc:0.7209  auc:0.9770 ap:0.8587 f1: 0.7686 pred_right: 16387 pred_wrong:113 actu_right: 16371 actu_wrong: 129
2026-09-12 05:47:53,521 P307332 INFO Performance Summary:
{'GPU': {'inference_time_per_sample_ms': 0.45512668315479304, 'throughput_samples_per_sec': 2197.1904461156155, 'peak_memory_mb': 37.0380859375, 'energy_per_sample_joules': 0.02139254705166631}, 'CPU': {'inference_time_per_sample_ms': 0.6783260104902761, 'throughput_samples_per_sec': 1474.2173888883112, 'peak_memory_mb': 2928.46875, 'energy_per_sample_joules': 0.044091190681867946}}
2026-09-12 05:47:53,522 P307332 INFO Starting clean-room hardware benchmarking...
2026-09-12 05:47:54,601 P307332 INFO Performance with loss: pr:0.8230  rc:0.7209  auc:0.9770 ap:0.8587 f1: 0.7686 pred_right: 16387 pred_wrong:113 actu_right: 16371 actu_wrong: 129
2026-09-12 05:47:54,601 P307332 INFO calculate label with f1...
2026-09-12 05:47:54,601 P307332 INFO FITS_Legendre on ./result/server_only_exps/Ablations_updatedFreDF/FITS_Legendre-MSDS-Epochs300-Seed2-ExpNameRQ2z5_basis_degree_comparison-LPFLPF-Attnlinear_attn-NormLinTrue-RecLambda1.0-AuxiLambda0.0-lowshow-simplegraph-Degree3-BasisTypehermite loading...
2026-09-12 05:47:55,959 P307332 INFO pr:0.8136  rc:0.7442  auc:0.9744 ap:0.8430 f1: 0.7773 pred_right: 16382 pred_wrong:118 actu_right: 16371 actu_wrong: 129
2026-09-12 05:47:58,003 P307332 INFO pr:0.8136  rc:0.7442  auc:0.9744 ap:0.8430 f1: 0.7773 pred_right: 16382 pred_wrong:118 actu_right: 16371 actu_wrong: 129
2026-09-12 05:47:58,005 P307332 INFO Performance Summary:
{'GPU': {'inference_time_per_sample_ms': 0.3825215523783062, 'throughput_samples_per_sec': 2614.231783235628, 'peak_memory_mb': 36.4921875, 'energy_per_sample_joules': 0.017995726431637417}, 'CPU': {'inference_time_per_sample_ms': 0.5870565852218236, 'throughput_samples_per_sec': 1703.4133083136148, 'peak_memory_mb': 2928.87109375, 'energy_per_sample_joules': 0.03815867803941853}}
2026-09-12 05:47:58,005 P307332 INFO Starting clean-room hardware benchmarking...
2026-09-12 05:47:59,055 P307332 INFO Performance with f1: pr:0.8136  rc:0.7442  auc:0.9744 ap:0.8430 f1: 0.7773 pred_right: 16382 pred_wrong:118 actu_right: 16371 actu_wrong: 129
2026-09-12 05:47:59,056 P307332 INFO Collecting case-study samples...
2026-09-16 10:24:01,497 P687173 INFO ---- Model: ----MSTGAD-2b8af334----random_seed : 2----req_loss_approach : Legendre-style----rec_lambda : 1.0----auxi_lambda : 0.0----Freq Domain : FITS_Legendre----Multi Fits : false----train : True----evaluate : False
2026-09-16 10:24:01,498 P687173 INFO read Tranform data
2026-09-16 10:24:03,126 P687173 INFO read Graph edge data
2026-09-16 10:24:03,127 P687173 INFO Fewshot: training with 1.0 of the 70% of the data
2026-09-16 10:24:03,240 P687173 INFO Trainable Parameters Breakdown:
2026-09-16 10:24:03,240 P687173 INFO --------------------------------------------------------------------------------
2026-09-16 10:24:03,241 P687173 INFO Reconstruction-Specific Parameters:
2026-09-16 10:24:03,241 P687173 INFO node_emb.linear.weight                   | shape: (4, 3)                    | params: 12
2026-09-16 10:24:03,241 P687173 INFO node_emb.linear.bias                     | shape: (4,)                      | params: 4
2026-09-16 10:24:03,241 P687173 INFO log_emb.linear.weight                    | shape: (16, 256)                 | params: 4,096
2026-09-16 10:24:03,241 P687173 INFO log_emb.linear.bias                      | shape: (16,)                     | params: 16
2026-09-16 10:24:03,241 P687173 INFO egde_emb.linear.weight                   | shape: (4, 7)                    | params: 28
2026-09-16 10:24:03,241 P687173 INFO egde_emb.linear.bias                     | shape: (4,)                      | params: 4
2026-09-16 10:24:03,241 P687173 INFO dense_node.weight                        | shape: (3, 4)                    | params: 12
2026-09-16 10:24:03,241 P687173 INFO dense_node.bias                          | shape: (3,)                      | params: 3
2026-09-16 10:24:03,241 P687173 INFO dense_log.weight                         | shape: (256, 16)                 | params: 4,096
2026-09-16 10:24:03,241 P687173 INFO dense_log.bias                           | shape: (256,)                    | params: 256
2026-09-16 10:24:03,241 P687173 INFO dense_edge.weight                        | shape: (7, 4)                    | params: 28
2026-09-16 10:24:03,241 P687173 INFO dense_edge.bias                          | shape: (7,)                      | params: 7
2026-09-16 10:24:03,241 P687173 INFO linear_attn.Wq.weight                    | shape: (10, 10)                  | params: 100
2026-09-16 10:24:03,241 P687173 INFO linear_attn.Wk.weight                    | shape: (10, 10)                  | params: 100
2026-09-16 10:24:03,241 P687173 INFO linear_attn.Wv.weight                    | shape: (10, 10)                  | params: 100
2026-09-16 10:24:03,242 P687173 INFO linear_attn.out.weight                   | shape: (10, 10)                  | params: 100
2026-09-16 10:24:03,242 P687173 INFO linear_attn.out.bias                     | shape: (10,)                     | params: 10
2026-09-16 10:24:03,242 P687173 INFO linear_attn.norm.weight                  | shape: (10,)                     | params: 10
2026-09-16 10:24:03,242 P687173 INFO linear_attn.norm.bias                    | shape: (10,)                     | params: 10
2026-09-16 10:24:03,242 P687173 INFO shared_fits.normlin_W                    | shape: (3, 3)                    | params: 9
2026-09-16 10:24:03,242 P687173 INFO shared_fits.freq_upsampler.weight        | shape: (3, 3)                    | params: 9
2026-09-16 10:24:03,242 P687173 INFO shared_fits.freq_upsampler.bias          | shape: (3,)                      | params: 3
2026-09-16 10:24:03,242 P687173 INFO modality_proj.node.weight                | shape: (10, 4)                   | params: 40
2026-09-16 10:24:03,242 P687173 INFO modality_proj.node.bias                  | shape: (10,)                     | params: 10
2026-09-16 10:24:03,242 P687173 INFO modality_proj.log.weight                 | shape: (10, 16)                  | params: 160
2026-09-16 10:24:03,242 P687173 INFO modality_proj.log.bias                   | shape: (10,)                     | params: 10
2026-09-16 10:24:03,242 P687173 INFO modality_proj.edge.weight                | shape: (10, 4)                   | params: 40
2026-09-16 10:24:03,242 P687173 INFO modality_proj.edge.bias                  | shape: (10,)                     | params: 10
2026-09-16 10:24:03,242 P687173 INFO modality_proj_out.node.weight            | shape: (4, 10)                   | params: 40
2026-09-16 10:24:03,242 P687173 INFO modality_proj_out.node.bias              | shape: (4,)                      | params: 4
2026-09-16 10:24:03,242 P687173 INFO modality_proj_out.log.weight             | shape: (16, 10)                  | params: 160
2026-09-16 10:24:03,242 P687173 INFO modality_proj_out.log.bias               | shape: (16,)                     | params: 16
2026-09-16 10:24:03,242 P687173 INFO modality_proj_out.edge.weight            | shape: (4, 10)                   | params: 40
2026-09-16 10:24:03,242 P687173 INFO modality_proj_out.edge.bias              | shape: (4,)                      | params: 4
2026-09-16 10:24:03,243 P687173 INFO Subtotal: 9,547
2026-09-16 10:24:03,243 P687173 INFO --------------------------------------------------------------------------------
2026-09-16 10:24:03,243 P687173 INFO Common Parameters:
2026-09-16 10:24:03,243 P687173 INFO show.0.weight                            | shape: (128, 266)                | params: 34,048
2026-09-16 10:24:03,243 P687173 INFO show.0.bias                              | shape: (128,)                    | params: 128
2026-09-16 10:24:03,243 P687173 INFO show.2.weight                            | shape: (2, 128)                  | params: 256
2026-09-16 10:24:03,243 P687173 INFO show.2.bias                              | shape: (2,)                      | params: 2
2026-09-16 10:24:03,243 P687173 INFO Subtotal: 34,434
2026-09-16 10:24:03,243 P687173 INFO --------------------------------------------------------------------------------
2026-09-16 10:24:03,243 P687173 INFO Total Trainable Parameters: 43,981

2026-09-16 10:24:03,243 P687173 INFO Trainable Parameters: 43981, reconstruction: 9547, common: 34434
2026-09-16 10:24:03,243 P687173 INFO model : init weight
2026-09-16 10:24:03,244 P687173 INFO Using GPU...
2026-09-16 10:24:03,249 P687173 INFO optimizer : using AdaBelief
2026-09-16 10:24:03,249 P687173 INFO ----------------------------------------------------------------------------------------------------
2026-09-16 10:24:03,249 P687173 INFO 0/300 starting... lr: 0.001 para:1.0
2026-09-16 10:24:25,458 P687173 INFO Epoch 0/300, all_loss:0.03227 cls_loss:62.89231 rec_loss:0.03227 [22.20s]; best loss:0.03227, patience : 0
2026-09-16 10:24:25,458 P687173 INFO ----------------------------------------------------------------------------------------------------
2026-09-16 10:24:25,458 P687173 INFO 1/300 starting... lr: 0.001 para:0.5
2026-09-16 10:24:35,812 P687173 INFO Epoch 1/300, all_loss:2.87845 cls_loss:5.69742 rec_loss:0.05948 [10.35s]; best loss:2.87845, patience : 0
2026-09-16 10:24:35,812 P687173 INFO ----------------------------------------------------------------------------------------------------
2026-09-16 10:24:35,812 P687173 INFO 2/300 starting... lr: 0.001 para:0.3333333432674408
2026-09-16 10:24:46,046 P687173 INFO Epoch 2/300, all_loss:4.73382 cls_loss:7.05761 rec_loss:0.08625 [10.23s]; best loss:2.87845, patience : 1
2026-09-16 10:24:49,323 P687173 INFO pr:0.9714  rc:0.1713  auc:0.9418 ap:0.8887 f1: 0.2912 pred_right: 38930 pred_wrong:70 actu_right: 38603 actu_wrong: 397
2026-09-16 10:24:50,672 P687173 INFO pr:0.8421  rc:0.1240  auc:0.9460 ap:0.8612 f1: 0.2162 pred_right: 16481 pred_wrong:19 actu_right: 16371 actu_wrong: 129
2026-09-16 10:24:50,680 P687173 INFO ----------------------------------------------------------------------------------------------------
2026-09-16 10:24:50,680 P687173 INFO 3/300 starting... lr: 0.001 para:0.25
2026-09-16 10:25:01,652 P687173 INFO Epoch 3/300, all_loss:4.32881 cls_loss:5.74127 rec_loss:0.09142 [10.97s]; best loss:2.87845, patience : 1
2026-09-16 10:25:05,298 P687173 INFO pr:0.9500  rc:0.6222  auc:0.9490 ap:0.9101 f1: 0.7519 pred_right: 38740 pred_wrong:260 actu_right: 38603 actu_wrong: 397
2026-09-16 10:25:06,869 P687173 INFO pr:0.9036  rc:0.5814  auc:0.9472 ap:0.8814 f1: 0.7075 pred_right: 16417 pred_wrong:83 actu_right: 16371 actu_wrong: 129
2026-09-16 10:25:06,878 P687173 INFO ----------------------------------------------------------------------------------------------------
2026-09-16 10:25:06,878 P687173 INFO 4/300 starting... lr: 0.001 para:0.20000000298023224
2026-09-16 10:25:17,965 P687173 INFO Epoch 4/300, all_loss:0.54656 cls_loss:0.65977 rec_loss:0.09373 [11.08s]; best loss:0.54656, patience : 0
2026-09-16 10:25:21,372 P687173 INFO pr:0.9138  rc:0.8010  auc:0.9780 ap:0.9417 f1: 0.8537 pred_right: 38652 pred_wrong:348 actu_right: 38603 actu_wrong: 397
2026-09-16 10:25:22,995 P687173 INFO pr:0.8519  rc:0.7132  auc:0.9833 ap:0.9147 f1: 0.7764 pred_right: 16392 pred_wrong:108 actu_right: 16371 actu_wrong: 129
2026-09-16 10:25:23,006 P687173 INFO ----------------------------------------------------------------------------------------------------
2026-09-16 10:25:23,008 P687173 INFO 5/300 starting... lr: 0.001 para:0.1666666716337204
2026-09-16 10:25:34,139 P687173 INFO Epoch 5/300, all_loss:0.42291 cls_loss:0.48858 rec_loss:0.09455 [11.12s]; best loss:0.42291, patience : 0
2026-09-16 10:25:37,612 P687173 INFO pr:0.8607  rc:0.8759  auc:0.9864 ap:0.9389 f1: 0.8683 pred_right: 38598 pred_wrong:402 actu_right: 38605 actu_wrong: 395
2026-09-16 10:25:38,959 P687173 INFO pr:0.8298  rc:0.9070  auc:0.9919 ap:0.9268 f1: 0.8667 pred_right: 16359 pred_wrong:141 actu_right: 16371 actu_wrong: 129
2026-09-16 10:25:38,970 P687173 INFO ----------------------------------------------------------------------------------------------------
2026-09-16 10:25:38,970 P687173 INFO 6/300 starting... lr: 0.001 para:0.1428571492433548
2026-09-16 10:25:51,057 P687173 INFO Epoch 6/300, all_loss:0.43235 cls_loss:0.48894 rec_loss:0.09281 [12.09s]; best loss:0.42291, patience : 1
2026-09-16 10:25:54,449 P687173 INFO pr:0.8275  rc:0.8942  auc:0.9906 ap:0.9520 f1: 0.8596 pred_right: 38571 pred_wrong:429 actu_right: 38603 actu_wrong: 397
2026-09-16 10:25:56,122 P687173 INFO pr:0.7881  rc:0.9225  auc:0.9935 ap:0.9369 f1: 0.8500 pred_right: 16349 pred_wrong:151 actu_right: 16371 actu_wrong: 129
2026-09-16 10:25:56,122 P687173 INFO ----------------------------------------------------------------------------------------------------
2026-09-16 10:25:56,123 P687173 INFO 7/300 starting... lr: 0.001 para:0.125
2026-09-16 10:26:07,215 P687173 INFO Epoch 7/300, all_loss:0.38124 cls_loss:0.42315 rec_loss:0.08786 [11.09s]; best loss:0.38124, patience : 0
2026-09-16 10:26:10,834 P687173 INFO pr:0.9484  rc:0.8359  auc:0.9857 ap:0.9612 f1: 0.8886 pred_right: 38651 pred_wrong:349 actu_right: 38604 actu_wrong: 396
2026-09-16 10:26:12,345 P687173 INFO pr:0.8991  rc:0.7597  auc:0.9926 ap:0.9444 f1: 0.8235 pred_right: 16391 pred_wrong:109 actu_right: 16371 actu_wrong: 129
2026-09-16 10:26:12,356 P687173 INFO ----------------------------------------------------------------------------------------------------
2026-09-16 10:26:12,356 P687173 INFO 8/300 starting... lr: 0.001 para:0.1111111119389534
2026-09-16 10:26:25,485 P687173 INFO Epoch 8/300, all_loss:0.31037 cls_loss:0.33836 rec_loss:0.08647 [13.12s]; best loss:0.31037, patience : 0
2026-09-16 10:26:28,142 P687173 INFO pr:0.9425  rc:0.8665  auc:0.9849 ap:0.9635 f1: 0.9029 pred_right: 38635 pred_wrong:365 actu_right: 38603 actu_wrong: 397
2026-09-16 10:26:29,276 P687173 INFO pr:0.9008  rc:0.8450  auc:0.9902 ap:0.9505 f1: 0.8720 pred_right: 16379 pred_wrong:121 actu_right: 16371 actu_wrong: 129
2026-09-16 10:26:29,283 P687173 INFO ----------------------------------------------------------------------------------------------------
2026-09-16 10:26:29,283 P687173 INFO 9/300 starting... lr: 0.001 para:0.10000000149011612
2026-09-16 10:26:39,107 P687173 INFO Epoch 9/300, all_loss:0.33229 cls_loss:0.35972 rec_loss:0.08543 [9.82s]; best loss:0.31037, patience : 1
2026-09-16 10:26:43,451 P687173 INFO pr:0.9704  rc:0.8283  auc:0.9790 ap:0.9626 f1: 0.8937 pred_right: 38662 pred_wrong:338 actu_right: 38604 actu_wrong: 396
2026-09-16 10:26:48,893 P687173 INFO pr:0.9174  rc:0.7752  auc:0.9894 ap:0.9525 f1: 0.8403 pred_right: 16391 pred_wrong:109 actu_right: 16371 actu_wrong: 129
2026-09-16 10:26:48,895 P687173 INFO ----------------------------------------------------------------------------------------------------
2026-09-16 10:26:48,895 P687173 INFO 10/300 starting... lr: 0.001 para:0.09090909361839294
2026-09-16 10:27:07,980 P687173 INFO Epoch 10/300, all_loss:0.32077 cls_loss:0.34452 rec_loss:0.08324 [19.08s]; best loss:0.31037, patience : 1
2026-09-16 10:27:11,499 P687173 INFO pr:0.9699  rc:0.8111  auc:0.9839 ap:0.9651 f1: 0.8834 pred_right: 38668 pred_wrong:332 actu_right: 38603 actu_wrong: 397
2026-09-16 10:27:13,016 P687173 INFO pr:0.9135  rc:0.7364  auc:0.9912 ap:0.9519 f1: 0.8155 pred_right: 16396 pred_wrong:104 actu_right: 16371 actu_wrong: 129
2026-09-16 10:27:13,025 P687173 INFO ----------------------------------------------------------------------------------------------------
2026-09-16 10:27:13,026 P687173 INFO 11/300 starting... lr: 0.001 para:0.0833333358168602
2026-09-16 10:27:24,314 P687173 INFO Epoch 11/300, all_loss:0.33163 cls_loss:0.35442 rec_loss:0.08097 [11.29s]; best loss:0.31037, patience : 2
2026-09-16 10:27:27,727 P687173 INFO pr:0.9409  rc:0.8816  auc:0.9820 ap:0.9654 f1: 0.9103 pred_right: 38628 pred_wrong:372 actu_right: 38603 actu_wrong: 397
2026-09-16 10:27:29,177 P687173 INFO pr:0.8968  rc:0.8760  auc:0.9896 ap:0.9532 f1: 0.8863 pred_right: 16374 pred_wrong:126 actu_right: 16371 actu_wrong: 129
2026-09-16 10:27:29,184 P687173 INFO ----------------------------------------------------------------------------------------------------
2026-09-16 10:27:29,184 P687173 INFO 12/300 starting... lr: 0.001 para:0.07692307978868484
2026-09-16 10:27:40,514 P687173 INFO Epoch 12/300, all_loss:0.26801 cls_loss:0.28385 rec_loss:0.07795 [11.32s]; best loss:0.26801, patience : 0
2026-09-16 10:27:43,874 P687173 INFO pr:0.9314  rc:0.8914  auc:0.9871 ap:0.9668 f1: 0.9110 pred_right: 38621 pred_wrong:379 actu_right: 38604 actu_wrong: 396
2026-09-16 10:27:45,278 P687173 INFO pr:0.8939  rc:0.9147  auc:0.9931 ap:0.9552 f1: 0.9042 pred_right: 16368 pred_wrong:132 actu_right: 16371 actu_wrong: 129
2026-09-16 10:27:45,285 P687173 INFO ----------------------------------------------------------------------------------------------------
2026-09-16 10:27:45,285 P687173 INFO 13/300 starting... lr: 0.001 para:0.0714285746216774
2026-09-16 10:27:56,366 P687173 INFO Epoch 13/300, all_loss:0.23978 cls_loss:0.25234 rec_loss:0.07646 [11.07s]; best loss:0.23978, patience : 0
2026-09-16 10:28:00,000 P687173 INFO pr:0.9681  rc:0.8456  auc:0.9841 ap:0.9685 f1: 0.9027 pred_right: 38655 pred_wrong:345 actu_right: 38605 actu_wrong: 395
2026-09-16 10:28:01,456 P687173 INFO pr:0.9099  rc:0.7829  auc:0.9885 ap:0.9532 f1: 0.8417 pred_right: 16389 pred_wrong:111 actu_right: 16371 actu_wrong: 129
2026-09-16 10:28:01,457 P687173 INFO ----------------------------------------------------------------------------------------------------
2026-09-16 10:28:01,458 P687173 INFO 14/300 starting... lr: 0.001 para:0.06666667014360428
2026-09-16 10:28:13,219 P687173 INFO Epoch 14/300, all_loss:0.27561 cls_loss:0.28999 rec_loss:0.07434 [11.76s]; best loss:0.23978, patience : 1
2026-09-16 10:28:16,430 P687173 INFO pr:0.9416  rc:0.8965  auc:0.9853 ap:0.9673 f1: 0.9185 pred_right: 38623 pred_wrong:377 actu_right: 38604 actu_wrong: 396
2026-09-16 10:28:17,863 P687173 INFO pr:0.9147  rc:0.9147  auc:0.9915 ap:0.9552 f1: 0.9147 pred_right: 16371 pred_wrong:129 actu_right: 16371 actu_wrong: 129
2026-09-16 10:28:17,872 P687173 INFO ----------------------------------------------------------------------------------------------------
2026-09-16 10:28:17,873 P687173 INFO 15/300 starting... lr: 0.001 para:0.0625
2026-09-16 10:28:29,252 P687173 INFO Epoch 15/300, all_loss:1.81118 cls_loss:1.92713 rec_loss:0.07193 [11.38s]; best loss:0.23978, patience : 2
2026-09-16 10:28:32,808 P687173 INFO pr:0.9543  rc:0.8965  auc:0.9878 ap:0.9686 f1: 0.9245 pred_right: 38628 pred_wrong:372 actu_right: 38604 actu_wrong: 396
2026-09-16 10:28:34,821 P687173 INFO pr:0.9180  rc:0.8682  auc:0.9930 ap:0.9555 f1: 0.8924 pred_right: 16378 pred_wrong:122 actu_right: 16371 actu_wrong: 129
2026-09-16 10:28:34,832 P687173 INFO ----------------------------------------------------------------------------------------------------
2026-09-16 10:28:34,832 P687173 INFO 16/300 starting... lr: 0.001 para:0.05882352963089943
2026-09-16 10:28:46,538 P687173 INFO Epoch 16/300, all_loss:0.19151 cls_loss:0.19892 rec_loss:0.07301 [11.70s]; best loss:0.19151, patience : 0
2026-09-16 10:28:50,167 P687173 INFO pr:0.9323  rc:0.9018  auc:0.9804 ap:0.9666 f1: 0.9168 pred_right: 38616 pred_wrong:384 actu_right: 38603 actu_wrong: 397
2026-09-16 10:28:51,627 P687173 INFO pr:0.8864  rc:0.9070  auc:0.9886 ap:0.9490 f1: 0.8966 pred_right: 16368 pred_wrong:132 actu_right: 16371 actu_wrong: 129
2026-09-16 10:28:51,628 P687173 INFO ----------------------------------------------------------------------------------------------------
2026-09-16 10:28:51,628 P687173 INFO 17/300 starting... lr: 0.001 para:0.0555555559694767
2026-09-16 10:29:03,103 P687173 INFO Epoch 17/300, all_loss:0.21185 cls_loss:0.22009 rec_loss:0.07171 [11.47s]; best loss:0.19151, patience : 1
2026-09-16 10:29:08,199 P687173 INFO pr:0.8870  rc:0.9295  auc:0.9862 ap:0.9641 f1: 0.9077 pred_right: 38584 pred_wrong:416 actu_right: 38603 actu_wrong: 397
2026-09-16 10:29:09,190 P687173 INFO pr:0.8243  rc:0.9457  auc:0.9951 ap:0.9527 f1: 0.8809 pred_right: 16352 pred_wrong:148 actu_right: 16371 actu_wrong: 129
2026-09-16 10:29:09,191 P687173 INFO ----------------------------------------------------------------------------------------------------
2026-09-16 10:29:09,191 P687173 INFO 18/300 starting... lr: 0.001 para:0.05263157933950424
2026-09-16 10:29:18,438 P687173 INFO Epoch 18/300, all_loss:0.27020 cls_loss:0.28145 rec_loss:0.06769 [9.25s]; best loss:0.19151, patience : 2
2026-09-16 10:29:21,327 P687173 INFO pr:0.9726  rc:0.8060  auc:0.9813 ap:0.9688 f1: 0.8815 pred_right: 38671 pred_wrong:329 actu_right: 38603 actu_wrong: 397
2026-09-16 10:29:22,441 P687173 INFO pr:0.9048  rc:0.7364  auc:0.9904 ap:0.9529 f1: 0.8120 pred_right: 16395 pred_wrong:105 actu_right: 16371 actu_wrong: 129
2026-09-16 10:29:22,442 P687173 INFO ----------------------------------------------------------------------------------------------------
2026-09-16 10:29:22,442 P687173 INFO 19/300 starting... lr: 0.001 para:0.05000000074505806
2026-09-16 10:29:45,346 P687173 INFO Epoch 19/300, all_loss:0.24659 cls_loss:0.25613 rec_loss:0.06533 [22.90s]; best loss:0.19151, patience : 2
2026-09-16 10:29:49,186 P687173 INFO pr:0.9489  rc:0.8892  auc:0.9801 ap:0.9646 f1: 0.9181 pred_right: 38628 pred_wrong:372 actu_right: 38603 actu_wrong: 397
2026-09-16 10:29:50,724 P687173 INFO pr:0.8889  rc:0.8682  auc:0.9925 ap:0.9565 f1: 0.8784 pred_right: 16374 pred_wrong:126 actu_right: 16371 actu_wrong: 129
2026-09-16 10:29:50,726 P687173 INFO ----------------------------------------------------------------------------------------------------
2026-09-16 10:29:50,726 P687173 INFO 20/300 starting... lr: 0.001 para:0.0476190485060215
2026-09-16 10:30:01,963 P687173 INFO Epoch 20/300, all_loss:0.19985 cls_loss:0.20673 rec_loss:0.06242 [11.24s]; best loss:0.19151, patience : 2
2026-09-16 10:30:05,306 P687173 INFO pr:0.9332  rc:0.9144  auc:0.9863 ap:0.9701 f1: 0.9237 pred_right: 38611 pred_wrong:389 actu_right: 38603 actu_wrong: 397
2026-09-16 10:30:06,658 P687173 INFO pr:0.8931  rc:0.9070  auc:0.9890 ap:0.9503 f1: 0.9000 pred_right: 16369 pred_wrong:131 actu_right: 16371 actu_wrong: 129
2026-09-16 10:30:06,659 P687173 INFO ----------------------------------------------------------------------------------------------------
2026-09-16 10:30:06,669 P687173 INFO 21/300 starting... lr: 0.001 para:0.04545454680919647
2026-09-16 10:30:17,526 P687173 INFO Epoch 21/300, all_loss:0.18113 cls_loss:0.18679 rec_loss:0.06234 [10.85s]; best loss:0.18113, patience : 0
2026-09-16 10:30:21,052 P687173 INFO pr:0.9177  rc:0.9293  auc:0.9815 ap:0.9660 f1: 0.9235 pred_right: 38599 pred_wrong:401 actu_right: 38604 actu_wrong: 396
2026-09-16 10:30:22,480 P687173 INFO pr:0.8897  rc:0.9380  auc:0.9906 ap:0.9550 f1: 0.9132 pred_right: 16364 pred_wrong:136 actu_right: 16371 actu_wrong: 129
2026-09-16 10:30:22,482 P687173 INFO ----------------------------------------------------------------------------------------------------
2026-09-16 10:30:22,482 P687173 INFO 22/300 starting... lr: 0.001 para:0.043478261679410934
2026-09-16 10:30:33,869 P687173 INFO Epoch 22/300, all_loss:4.33102 cls_loss:4.52509 rec_loss:0.06126 [11.39s]; best loss:0.18113, patience : 1
2026-09-16 10:30:37,686 P687173 INFO pr:0.9175  rc:0.9244  auc:0.9869 ap:0.9683 f1: 0.9210 pred_right: 38600 pred_wrong:400 actu_right: 38603 actu_wrong: 397
2026-09-16 10:30:38,990 P687173 INFO pr:0.8633  rc:0.9302  auc:0.9939 ap:0.9400 f1: 0.8955 pred_right: 16361 pred_wrong:139 actu_right: 16371 actu_wrong: 129
2026-09-16 10:30:38,991 P687173 INFO ----------------------------------------------------------------------------------------------------
2026-09-16 10:30:38,991 P687173 INFO 23/300 starting... lr: 0.001 para:0.0416666679084301
2026-09-16 10:30:50,357 P687173 INFO Epoch 23/300, all_loss:0.17009 cls_loss:0.17488 rec_loss:0.06001 [11.36s]; best loss:0.17009, patience : 0
2026-09-16 10:30:53,739 P687173 INFO pr:0.9574  rc:0.9068  auc:0.9783 ap:0.9669 f1: 0.9314 pred_right: 38624 pred_wrong:376 actu_right: 38603 actu_wrong: 397
2026-09-16 10:30:55,175 P687173 INFO pr:0.8881  rc:0.9225  auc:0.9887 ap:0.9526 f1: 0.9049 pred_right: 16366 pred_wrong:134 actu_right: 16371 actu_wrong: 129
2026-09-16 10:30:55,185 P687173 INFO ----------------------------------------------------------------------------------------------------
2026-09-16 10:30:55,185 P687173 INFO 24/300 starting... lr: 0.001 para:0.03999999910593033
2026-09-16 10:31:06,384 P687173 INFO Epoch 24/300, all_loss:0.16183 cls_loss:0.16611 rec_loss:0.05917 [11.19s]; best loss:0.16183, patience : 0
2026-09-16 10:31:09,717 P687173 INFO pr:0.9227  rc:0.9320  auc:0.9869 ap:0.9703 f1: 0.9273 pred_right: 38599 pred_wrong:401 actu_right: 38603 actu_wrong: 397
2026-09-16 10:31:10,961 P687173 INFO pr:0.8611  rc:0.9612  auc:0.9936 ap:0.9404 f1: 0.9084 pred_right: 16356 pred_wrong:144 actu_right: 16371 actu_wrong: 129
2026-09-16 10:31:10,962 P687173 INFO ----------------------------------------------------------------------------------------------------
2026-09-16 10:31:10,962 P687173 INFO 25/300 starting... lr: 0.001 para:0.03846153989434242
2026-09-16 10:31:23,207 P687173 INFO Epoch 25/300, all_loss:0.14798 cls_loss:0.15158 rec_loss:0.05790 [12.24s]; best loss:0.14798, patience : 0
2026-09-16 10:31:26,580 P687173 INFO pr:0.9482  rc:0.9266  auc:0.9837 ap:0.9684 f1: 0.9373 pred_right: 38614 pred_wrong:386 actu_right: 38605 actu_wrong: 395
2026-09-16 10:31:28,104 P687173 INFO pr:0.8714  rc:0.9457  auc:0.9903 ap:0.9488 f1: 0.9071 pred_right: 16360 pred_wrong:140 actu_right: 16371 actu_wrong: 129
2026-09-16 10:31:28,113 P687173 INFO ----------------------------------------------------------------------------------------------------
2026-09-16 10:31:28,113 P687173 INFO 26/300 starting... lr: 0.001 para:0.03703703731298447
2026-09-16 10:31:40,099 P687173 INFO Epoch 26/300, all_loss:0.17991 cls_loss:0.18464 rec_loss:0.05702 [11.98s]; best loss:0.14798, patience : 1
2026-09-16 10:31:43,470 P687173 INFO pr:0.9519  rc:0.8967  auc:0.9745 ap:0.9654 f1: 0.9235 pred_right: 38626 pred_wrong:374 actu_right: 38603 actu_wrong: 397
2026-09-16 10:31:44,852 P687173 INFO pr:0.8968  rc:0.8760  auc:0.9858 ap:0.9433 f1: 0.8863 pred_right: 16374 pred_wrong:126 actu_right: 16371 actu_wrong: 129
2026-09-16 10:31:44,853 P687173 INFO ----------------------------------------------------------------------------------------------------
2026-09-16 10:31:44,853 P687173 INFO 27/300 starting... lr: 0.001 para:0.0357142873108387
2026-09-16 10:31:56,214 P687173 INFO Epoch 27/300, all_loss:0.14700 cls_loss:0.15033 rec_loss:0.05709 [11.36s]; best loss:0.14700, patience : 0
2026-09-16 10:31:58,767 P687173 INFO pr:0.9611  rc:0.8737  auc:0.9801 ap:0.9690 f1: 0.9153 pred_right: 38640 pred_wrong:360 actu_right: 38604 actu_wrong: 396
2026-09-16 10:32:00,053 P687173 INFO pr:0.9167  rc:0.8527  auc:0.9904 ap:0.9578 f1: 0.8835 pred_right: 16380 pred_wrong:120 actu_right: 16371 actu_wrong: 129
2026-09-16 10:32:00,054 P687173 INFO ----------------------------------------------------------------------------------------------------
2026-09-16 10:32:00,054 P687173 INFO 28/300 starting... lr: 0.001 para:0.03448275849223137
2026-09-16 10:32:13,013 P687173 INFO Epoch 28/300, all_loss:0.17666 cls_loss:0.18095 rec_loss:0.05645 [12.96s]; best loss:0.14700, patience : 1
2026-09-16 10:32:25,014 P687173 INFO pr:0.9359  rc:0.9217  auc:0.9822 ap:0.9721 f1: 0.9288 pred_right: 38610 pred_wrong:390 actu_right: 38604 actu_wrong: 396
2026-09-16 10:32:28,814 P687173 INFO pr:0.8978  rc:0.9535  auc:0.9928 ap:0.9545 f1: 0.9248 pred_right: 16363 pred_wrong:137 actu_right: 16371 actu_wrong: 129
2026-09-16 10:32:28,816 P687173 INFO ----------------------------------------------------------------------------------------------------
2026-09-16 10:32:28,817 P687173 INFO 29/300 starting... lr: 0.001 para:0.03333333507180214
2026-09-16 10:32:41,207 P687173 INFO Epoch 29/300, all_loss:0.15935 cls_loss:0.16291 rec_loss:0.05625 [12.39s]; best loss:0.14700, patience : 1
2026-09-16 10:32:44,705 P687173 INFO pr:0.9497  rc:0.9066  auc:0.9834 ap:0.9723 f1: 0.9276 pred_right: 38622 pred_wrong:378 actu_right: 38604 actu_wrong: 396
2026-09-16 10:32:46,002 P687173 INFO pr:0.9104  rc:0.9457  auc:0.9923 ap:0.9601 f1: 0.9278 pred_right: 16366 pred_wrong:134 actu_right: 16371 actu_wrong: 129
2026-09-16 10:32:46,003 P687173 INFO ----------------------------------------------------------------------------------------------------
2026-09-16 10:32:46,003 P687173 INFO 30/300 starting... lr: 0.001 para:0.032258063554763794
2026-09-16 10:32:56,658 P687173 INFO Epoch 30/300, all_loss:0.14838 cls_loss:0.15156 rec_loss:0.05297 [10.65s]; best loss:0.14700, patience : 1
2026-09-16 10:33:00,024 P687173 INFO pr:0.9554  rc:0.9192  auc:0.9831 ap:0.9730 f1: 0.9369 pred_right: 38619 pred_wrong:381 actu_right: 38604 actu_wrong: 396
2026-09-16 10:33:01,614 P687173 INFO pr:0.9104  rc:0.9457  auc:0.9898 ap:0.9621 f1: 0.9278 pred_right: 16366 pred_wrong:134 actu_right: 16371 actu_wrong: 129
2026-09-16 10:33:01,615 P687173 INFO ----------------------------------------------------------------------------------------------------
2026-09-16 10:33:01,615 P687173 INFO 31/300 starting... lr: 0.001 para:0.03125
2026-09-16 10:33:12,730 P687173 INFO Epoch 31/300, all_loss:0.11811 cls_loss:0.12031 rec_loss:0.05017 [11.10s]; best loss:0.11811, patience : 0
2026-09-16 10:33:16,702 P687173 INFO pr:0.9528  rc:0.9144  auc:0.9832 ap:0.9756 f1: 0.9332 pred_right: 38619 pred_wrong:381 actu_right: 38603 actu_wrong: 397
2026-09-16 10:33:18,372 P687173 INFO pr:0.9104  rc:0.9457  auc:0.9928 ap:0.9647 f1: 0.9278 pred_right: 16366 pred_wrong:134 actu_right: 16371 actu_wrong: 129
2026-09-16 10:33:18,373 P687173 INFO ----------------------------------------------------------------------------------------------------
2026-09-16 10:33:18,374 P687173 INFO 32/300 starting... lr: 0.001 para:0.03030303120613098
2026-09-16 10:33:28,889 P687173 INFO Epoch 32/300, all_loss:0.17413 cls_loss:0.17790 rec_loss:0.05356 [10.51s]; best loss:0.11811, patience : 1
2026-09-16 10:33:32,280 P687173 INFO pr:0.9332  rc:0.9496  auc:0.9867 ap:0.9795 f1: 0.9413 pred_right: 38596 pred_wrong:404 actu_right: 38603 actu_wrong: 397
2026-09-16 10:33:33,883 P687173 INFO pr:0.8929  rc:0.9690  auc:0.9968 ap:0.9616 f1: 0.9294 pred_right: 16360 pred_wrong:140 actu_right: 16371 actu_wrong: 129
2026-09-16 10:33:33,894 P687173 INFO ----------------------------------------------------------------------------------------------------
2026-09-16 10:33:33,894 P687173 INFO 33/300 starting... lr: 0.001 para:0.029411764815449715
2026-09-16 10:33:44,952 P687173 INFO Epoch 33/300, all_loss:0.14096 cls_loss:0.14370 rec_loss:0.05052 [11.06s]; best loss:0.11811, patience : 1
2026-09-16 10:33:48,305 P687173 INFO pr:0.9462  rc:0.9295  auc:0.9836 ap:0.9776 f1: 0.9377 pred_right: 38610 pred_wrong:390 actu_right: 38603 actu_wrong: 397
2026-09-16 10:33:49,675 P687173 INFO pr:0.9179  rc:0.9535  auc:0.9897 ap:0.9573 f1: 0.9354 pred_right: 16366 pred_wrong:134 actu_right: 16371 actu_wrong: 129
2026-09-16 10:33:49,676 P687173 INFO ----------------------------------------------------------------------------------------------------
2026-09-16 10:33:49,677 P687173 INFO 34/300 starting... lr: 0.001 para:0.02857142873108387
2026-09-16 10:34:01,004 P687173 INFO Epoch 34/300, all_loss:0.12313 cls_loss:0.12528 rec_loss:0.05000 [11.32s]; best loss:0.11811, patience : 1
2026-09-16 10:34:04,445 P687173 INFO pr:0.9529  rc:0.9192  auc:0.9865 ap:0.9776 f1: 0.9357 pred_right: 38618 pred_wrong:382 actu_right: 38604 actu_wrong: 396
2026-09-16 10:34:05,839 P687173 INFO pr:0.9231  rc:0.9302  auc:0.9927 ap:0.9647 f1: 0.9266 pred_right: 16370 pred_wrong:130 actu_right: 16371 actu_wrong: 129
2026-09-16 10:34:05,840 P687173 INFO ----------------------------------------------------------------------------------------------------
2026-09-16 10:34:05,840 P687173 INFO 35/300 starting... lr: 0.001 para:0.02777777798473835
2026-09-16 10:34:17,544 P687173 INFO Epoch 35/300, all_loss:0.10123 cls_loss:0.10271 rec_loss:0.04912 [11.70s]; best loss:0.10123, patience : 0
2026-09-16 10:34:20,613 P687173 INFO pr:0.9581  rc:0.9219  auc:0.9861 ap:0.9782 f1: 0.9397 pred_right: 38618 pred_wrong:382 actu_right: 38603 actu_wrong: 397
2026-09-16 10:34:21,929 P687173 INFO pr:0.9179  rc:0.9535  auc:0.9928 ap:0.9625 f1: 0.9354 pred_right: 16366 pred_wrong:134 actu_right: 16371 actu_wrong: 129
2026-09-16 10:34:21,930 P687173 INFO ----------------------------------------------------------------------------------------------------
2026-09-16 10:34:21,930 P687173 INFO 36/300 starting... lr: 0.001 para:0.027027027681469917
2026-09-16 10:34:34,686 P687173 INFO Epoch 36/300, all_loss:0.08223 cls_loss:0.08307 rec_loss:0.05172 [12.75s]; best loss:0.08223, patience : 0
2026-09-16 10:34:37,015 P687173 INFO pr:0.9225  rc:0.9295  auc:0.9821 ap:0.9742 f1: 0.9260 pred_right: 38600 pred_wrong:400 actu_right: 38603 actu_wrong: 397
2026-09-16 10:34:38,106 P687173 INFO pr:0.8857  rc:0.9612  auc:0.9948 ap:0.9693 f1: 0.9219 pred_right: 16360 pred_wrong:140 actu_right: 16371 actu_wrong: 129
2026-09-16 10:34:38,107 P687173 INFO ----------------------------------------------------------------------------------------------------
2026-09-16 10:34:38,108 P687173 INFO 37/300 starting... lr: 0.001 para:0.02631578966975212
2026-09-16 10:34:48,145 P687173 INFO Epoch 37/300, all_loss:0.08695 cls_loss:0.08798 rec_loss:0.04884 [10.04s]; best loss:0.08223, patience : 1
2026-09-16 10:34:53,606 P687173 INFO pr:0.9671  rc:0.8914  auc:0.9827 ap:0.9767 f1: 0.9277 pred_right: 38635 pred_wrong:365 actu_right: 38604 actu_wrong: 396
2026-09-16 10:34:58,348 P687173 INFO pr:0.9365  rc:0.9147  auc:0.9931 ap:0.9657 f1: 0.9255 pred_right: 16374 pred_wrong:126 actu_right: 16371 actu_wrong: 129
2026-09-16 10:34:58,350 P687173 INFO ----------------------------------------------------------------------------------------------------
2026-09-16 10:34:58,351 P687173 INFO 38/300 starting... lr: 0.001 para:0.025641025975346565
2026-09-16 10:35:16,592 P687173 INFO Epoch 38/300, all_loss:0.11760 cls_loss:0.11943 rec_loss:0.04810 [18.24s]; best loss:0.08223, patience : 2
2026-09-16 10:35:19,742 P687173 INFO pr:0.9678  rc:0.9093  auc:0.9857 ap:0.9776 f1: 0.9377 pred_right: 38627 pred_wrong:373 actu_right: 38603 actu_wrong: 397
2026-09-16 10:35:21,135 P687173 INFO pr:0.9297  rc:0.9225  auc:0.9901 ap:0.9573 f1: 0.9261 pred_right: 16372 pred_wrong:128 actu_right: 16371 actu_wrong: 129
2026-09-16 10:35:21,136 P687173 INFO ----------------------------------------------------------------------------------------------------
2026-09-16 10:35:21,137 P687173 INFO 39/300 starting... lr: 0.001 para:0.02500000037252903
2026-09-16 10:35:32,223 P687173 INFO Epoch 39/300, all_loss:0.10628 cls_loss:0.10775 rec_loss:0.04902 [11.09s]; best loss:0.08223, patience : 2
2026-09-16 10:35:35,459 P687173 INFO pr:0.9467  rc:0.9395  auc:0.9861 ap:0.9748 f1: 0.9431 pred_right: 38606 pred_wrong:394 actu_right: 38603 actu_wrong: 397
2026-09-16 10:35:36,721 P687173 INFO pr:0.9065  rc:0.9767  auc:0.9952 ap:0.9604 f1: 0.9403 pred_right: 16361 pred_wrong:139 actu_right: 16371 actu_wrong: 129
2026-09-16 10:35:36,730 P687173 INFO ----------------------------------------------------------------------------------------------------
2026-09-16 10:35:36,730 P687173 INFO 40/300 starting... lr: 0.001 para:0.024390242993831635
2026-09-16 10:35:47,665 P687173 INFO Epoch 40/300, all_loss:0.13376 cls_loss:0.13593 rec_loss:0.04697 [10.93s]; best loss:0.08223, patience : 3
2026-09-16 10:35:50,961 P687173 INFO pr:0.9486  rc:0.9318  auc:0.9829 ap:0.9766 f1: 0.9401 pred_right: 38611 pred_wrong:389 actu_right: 38604 actu_wrong: 396
2026-09-16 10:35:52,362 P687173 INFO pr:0.9254  rc:0.9612  auc:0.9902 ap:0.9610 f1: 0.9430 pred_right: 16366 pred_wrong:134 actu_right: 16371 actu_wrong: 129
2026-09-16 10:35:52,363 P687173 INFO ----------------------------------------------------------------------------------------------------
2026-09-16 10:35:52,364 P687173 INFO 41/300 starting... lr: 0.001 para:0.02380952425301075
2026-09-16 10:36:03,657 P687173 INFO Epoch 41/300, all_loss:0.09298 cls_loss:0.09413 rec_loss:0.04591 [11.29s]; best loss:0.08223, patience : 3
2026-09-16 10:36:06,777 P687173 INFO pr:0.9652  rc:0.9093  auc:0.9815 ap:0.9769 f1: 0.9364 pred_right: 38626 pred_wrong:374 actu_right: 38603 actu_wrong: 397
2026-09-16 10:36:08,250 P687173 INFO pr:0.9457  rc:0.9457  auc:0.9899 ap:0.9630 f1: 0.9457 pred_right: 16371 pred_wrong:129 actu_right: 16371 actu_wrong: 129
2026-09-16 10:36:08,251 P687173 INFO ----------------------------------------------------------------------------------------------------
2026-09-16 10:36:08,253 P687173 INFO 42/300 starting... lr: 0.001 para:0.023255813866853714
2026-09-16 10:36:19,547 P687173 INFO Epoch 42/300, all_loss:0.07555 cls_loss:0.07624 rec_loss:0.04690 [11.28s]; best loss:0.07555, patience : 0
2026-09-16 10:36:22,975 P687173 INFO pr:0.9704  rc:0.9093  auc:0.9819 ap:0.9764 f1: 0.9389 pred_right: 38628 pred_wrong:372 actu_right: 38603 actu_wrong: 397
2026-09-16 10:36:24,532 P687173 INFO pr:0.9318  rc:0.9535  auc:0.9902 ap:0.9610 f1: 0.9425 pred_right: 16368 pred_wrong:132 actu_right: 16371 actu_wrong: 129
2026-09-16 10:36:24,535 P687173 INFO ----------------------------------------------------------------------------------------------------
2026-09-16 10:36:24,535 P687173 INFO 43/300 starting... lr: 0.001 para:0.022727273404598236
2026-09-16 10:36:35,659 P687173 INFO Epoch 43/300, all_loss:0.08560 cls_loss:0.08646 rec_loss:0.04832 [11.12s]; best loss:0.07555, patience : 1
2026-09-16 10:36:39,168 P687173 INFO pr:0.9487  rc:0.9343  auc:0.9865 ap:0.9764 f1: 0.9415 pred_right: 38610 pred_wrong:390 actu_right: 38604 actu_wrong: 396
2026-09-16 10:36:40,902 P687173 INFO pr:0.8921  rc:0.9612  auc:0.9951 ap:0.9612 f1: 0.9254 pred_right: 16361 pred_wrong:139 actu_right: 16371 actu_wrong: 129
2026-09-16 10:36:40,903 P687173 INFO ----------------------------------------------------------------------------------------------------
2026-09-16 10:36:40,903 P687173 INFO 44/300 starting... lr: 0.001 para:0.02222222276031971
2026-09-16 10:36:52,480 P687173 INFO Epoch 44/300, all_loss:0.08645 cls_loss:0.08735 rec_loss:0.04685 [11.58s]; best loss:0.07555, patience : 2
2026-09-16 10:36:55,565 P687173 INFO pr:0.9683  rc:0.9244  auc:0.9883 ap:0.9743 f1: 0.9459 pred_right: 38621 pred_wrong:379 actu_right: 38603 actu_wrong: 397
2026-09-16 10:36:56,953 P687173 INFO pr:0.9323  rc:0.9612  auc:0.9927 ap:0.9530 f1: 0.9466 pred_right: 16367 pred_wrong:133 actu_right: 16371 actu_wrong: 129
2026-09-16 10:36:56,961 P687173 INFO ----------------------------------------------------------------------------------------------------
2026-09-16 10:36:56,962 P687173 INFO 45/300 starting... lr: 0.001 para:0.021739130839705467
2026-09-16 10:37:08,468 P687173 INFO Epoch 45/300, all_loss:4.33426 cls_loss:4.42949 rec_loss:0.04855 [11.51s]; best loss:0.07555, patience : 3
2026-09-16 10:37:11,440 P687173 INFO pr:0.8503  rc:0.9446  auc:0.9828 ap:0.9604 f1: 0.8950 pred_right: 38559 pred_wrong:441 actu_right: 38603 actu_wrong: 397
2026-09-16 10:37:12,764 P687173 INFO pr:0.7812  rc:0.9690  auc:0.9943 ap:0.9386 f1: 0.8651 pred_right: 16340 pred_wrong:160 actu_right: 16371 actu_wrong: 129
2026-09-16 10:37:12,765 P687173 INFO ----------------------------------------------------------------------------------------------------
2026-09-16 10:37:12,765 P687173 INFO 46/300 starting... lr: 0.001 para:0.021276595070958138
2026-09-16 10:37:23,533 P687173 INFO Epoch 46/300, all_loss:0.14544 cls_loss:0.14753 rec_loss:0.04906 [10.77s]; best loss:0.07555, patience : 3
2026-09-16 10:37:26,775 P687173 INFO pr:0.9798  rc:0.8539  auc:0.9818 ap:0.9776 f1: 0.9125 pred_right: 38654 pred_wrong:346 actu_right: 38603 actu_wrong: 397
2026-09-16 10:37:28,107 P687173 INFO pr:0.9280  rc:0.8992  auc:0.9877 ap:0.9574 f1: 0.9134 pred_right: 16375 pred_wrong:125 actu_right: 16371 actu_wrong: 129
2026-09-16 10:37:28,108 P687173 INFO ----------------------------------------------------------------------------------------------------
2026-09-16 10:37:28,108 P687173 INFO 47/300 starting... lr: 0.001 para:0.02083333395421505
2026-09-16 10:37:46,776 P687173 INFO Epoch 47/300, all_loss:0.08423 cls_loss:0.08506 rec_loss:0.04534 [18.67s]; best loss:0.07555, patience : 3
2026-09-16 10:37:54,885 P687173 INFO pr:0.9700  rc:0.8990  auc:0.9832 ap:0.9773 f1: 0.9332 pred_right: 38633 pred_wrong:367 actu_right: 38604 actu_wrong: 396
2026-09-16 10:37:56,619 P687173 INFO pr:0.9435  rc:0.9070  auc:0.9898 ap:0.9489 f1: 0.9249 pred_right: 16376 pred_wrong:124 actu_right: 16371 actu_wrong: 129
2026-09-16 10:37:56,620 P687173 INFO ----------------------------------------------------------------------------------------------------
2026-09-16 10:37:56,621 P687173 INFO 48/300 starting... lr: 0.001 para:0.020408162847161293
2026-09-16 10:38:08,338 P687173 INFO Epoch 48/300, all_loss:0.07199 cls_loss:0.07254 rec_loss:0.04569 [11.71s]; best loss:0.07199, patience : 0
2026-09-16 10:38:11,667 P687173 INFO pr:0.9395  rc:0.9395  auc:0.9873 ap:0.9767 f1: 0.9395 pred_right: 38603 pred_wrong:397 actu_right: 38603 actu_wrong: 397
2026-09-16 10:38:13,094 P687173 INFO pr:0.8865  rc:0.9690  auc:0.9926 ap:0.9522 f1: 0.9259 pred_right: 16359 pred_wrong:141 actu_right: 16371 actu_wrong: 129
2026-09-16 10:38:13,095 P687173 INFO ----------------------------------------------------------------------------------------------------
2026-09-16 10:38:13,095 P687173 INFO 49/300 starting... lr: 0.001 para:0.019999999552965164
2026-09-16 10:38:23,971 P687173 INFO Epoch 49/300, all_loss:0.13323 cls_loss:0.13504 rec_loss:0.04431 [10.87s]; best loss:0.07199, patience : 1
2026-09-16 10:38:26,879 P687173 INFO pr:0.9187  rc:0.9395  auc:0.9884 ap:0.9769 f1: 0.9290 pred_right: 38594 pred_wrong:406 actu_right: 38603 actu_wrong: 397
2026-09-16 10:38:28,139 P687173 INFO pr:0.8936  rc:0.9767  auc:0.9953 ap:0.9626 f1: 0.9333 pred_right: 16359 pred_wrong:141 actu_right: 16371 actu_wrong: 129
2026-09-16 10:38:28,140 P687173 INFO ----------------------------------------------------------------------------------------------------
2026-09-16 10:38:28,141 P687173 INFO 50/300 starting... lr: 0.001 para:0.019607843831181526
2026-09-16 10:38:39,491 P687173 INFO Epoch 50/300, all_loss:0.14712 cls_loss:0.14918 rec_loss:0.04374 [11.35s]; best loss:0.07199, patience : 2
2026-09-16 10:38:42,693 P687173 INFO pr:0.9534  rc:0.9270  auc:0.9832 ap:0.9782 f1: 0.9400 pred_right: 38614 pred_wrong:386 actu_right: 38603 actu_wrong: 397
2026-09-16 10:38:43,949 P687173 INFO pr:0.9051  rc:0.9612  auc:0.9899 ap:0.9606 f1: 0.9323 pred_right: 16363 pred_wrong:137 actu_right: 16371 actu_wrong: 129
2026-09-16 10:38:43,951 P687173 INFO ----------------------------------------------------------------------------------------------------
2026-09-16 10:38:43,952 P687173 INFO 51/300 starting... lr: 0.001 para:0.01923076994717121
2026-09-16 10:38:54,978 P687173 INFO Epoch 51/300, all_loss:0.07766 cls_loss:0.07840 rec_loss:0.03983 [11.02s]; best loss:0.07199, patience : 2
2026-09-16 10:38:58,203 P687173 INFO pr:0.9144  rc:0.9421  auc:0.9848 ap:0.9754 f1: 0.9280 pred_right: 38591 pred_wrong:409 actu_right: 38603 actu_wrong: 397
2026-09-16 10:38:59,595 P687173 INFO pr:0.8873  rc:0.9767  auc:0.9955 ap:0.9625 f1: 0.9299 pred_right: 16358 pred_wrong:142 actu_right: 16371 actu_wrong: 129
2026-09-16 10:38:59,597 P687173 INFO ----------------------------------------------------------------------------------------------------
2026-09-16 10:38:59,597 P687173 INFO 52/300 starting... lr: 0.001 para:0.01886792480945587
2026-09-16 10:39:11,041 P687173 INFO Epoch 52/300, all_loss:0.09517 cls_loss:0.09617 rec_loss:0.04313 [11.44s]; best loss:0.07199, patience : 3
2026-09-16 10:39:14,535 P687173 INFO pr:0.9604  rc:0.9169  auc:0.9869 ap:0.9801 f1: 0.9381 pred_right: 38621 pred_wrong:379 actu_right: 38603 actu_wrong: 397
2026-09-16 10:39:16,215 P687173 INFO pr:0.9313  rc:0.9457  auc:0.9907 ap:0.9566 f1: 0.9385 pred_right: 16369 pred_wrong:131 actu_right: 16371 actu_wrong: 129
2026-09-16 10:39:16,216 P687173 INFO ----------------------------------------------------------------------------------------------------
2026-09-16 10:39:16,217 P687173 INFO 53/300 starting... lr: 0.001 para:0.018518518656492233
2026-09-16 10:39:27,508 P687173 INFO Epoch 53/300, all_loss:0.07772 cls_loss:0.07835 rec_loss:0.04442 [11.29s]; best loss:0.07199, patience : 3
2026-09-16 10:39:31,395 P687173 INFO pr:0.9724  rc:0.8866  auc:0.9838 ap:0.9778 f1: 0.9275 pred_right: 38638 pred_wrong:362 actu_right: 38603 actu_wrong: 397
2026-09-16 10:39:32,965 P687173 INFO pr:0.9062  rc:0.8992  auc:0.9931 ap:0.9536 f1: 0.9027 pred_right: 16372 pred_wrong:128 actu_right: 16371 actu_wrong: 129
2026-09-16 10:39:32,967 P687173 INFO ----------------------------------------------------------------------------------------------------
2026-09-16 10:39:32,967 P687173 INFO 54/300 starting... lr: 0.001 para:0.0181818176060915
2026-09-16 10:39:44,151 P687173 INFO Epoch 54/300, all_loss:0.06157 cls_loss:0.06189 rec_loss:0.04428 [11.18s]; best loss:0.06157, patience : 0
2026-09-16 10:39:47,218 P687173 INFO pr:0.9425  rc:0.9496  auc:0.9881 ap:0.9795 f1: 0.9460 pred_right: 38600 pred_wrong:400 actu_right: 38603 actu_wrong: 397
2026-09-16 10:39:48,720 P687173 INFO pr:0.9000  rc:0.9767  auc:0.9951 ap:0.9629 f1: 0.9368 pred_right: 16360 pred_wrong:140 actu_right: 16371 actu_wrong: 129
2026-09-16 10:39:48,729 P687173 INFO ----------------------------------------------------------------------------------------------------
2026-09-16 10:39:48,729 P687173 INFO 55/300 starting... lr: 0.001 para:0.01785714365541935
2026-09-16 10:40:01,315 P687173 INFO Epoch 55/300, all_loss:0.07590 cls_loss:0.07649 rec_loss:0.04328 [12.59s]; best loss:0.06157, patience : 1
2026-09-16 10:40:03,699 P687173 INFO pr:0.9713  rc:0.8539  auc:0.9796 ap:0.9730 f1: 0.9088 pred_right: 38651 pred_wrong:349 actu_right: 38603 actu_wrong: 397
2026-09-16 10:40:04,733 P687173 INFO pr:0.9268  rc:0.8837  auc:0.9883 ap:0.9516 f1: 0.9048 pred_right: 16377 pred_wrong:123 actu_right: 16371 actu_wrong: 129
2026-09-16 10:40:04,734 P687173 INFO ----------------------------------------------------------------------------------------------------
2026-09-16 10:40:04,734 P687173 INFO 56/300 starting... lr: 0.001 para:0.017543859779834747
2026-09-16 10:40:14,640 P687173 INFO Epoch 56/300, all_loss:0.06969 cls_loss:0.07020 rec_loss:0.04070 [9.91s]; best loss:0.06157, patience : 1
2026-09-16 10:40:18,615 P687173 INFO pr:0.8840  rc:0.9621  auc:0.9894 ap:0.9778 f1: 0.9214 pred_right: 38569 pred_wrong:431 actu_right: 38604 actu_wrong: 396
2026-09-16 10:40:22,932 P687173 INFO pr:0.8182  rc:0.9767  auc:0.9949 ap:0.9695 f1: 0.8905 pred_right: 16346 pred_wrong:154 actu_right: 16371 actu_wrong: 129
2026-09-16 10:40:22,939 P687173 INFO ----------------------------------------------------------------------------------------------------
2026-09-16 10:40:22,940 P687173 INFO 57/300 starting... lr: 0.001 para:0.017241379246115685
2026-09-16 10:40:42,890 P687173 INFO Epoch 57/300, all_loss:0.06686 cls_loss:0.06732 rec_loss:0.04065 [19.95s]; best loss:0.06157, patience : 1
2026-09-16 10:40:46,171 P687173 INFO pr:0.9574  rc:0.9068  auc:0.9865 ap:0.9769 f1: 0.9314 pred_right: 38624 pred_wrong:376 actu_right: 38603 actu_wrong: 397
2026-09-16 10:40:47,548 P687173 INFO pr:0.9091  rc:0.9302  auc:0.9900 ap:0.9543 f1: 0.9195 pred_right: 16368 pred_wrong:132 actu_right: 16371 actu_wrong: 129
2026-09-16 10:40:47,550 P687173 INFO ----------------------------------------------------------------------------------------------------
2026-09-16 10:40:47,551 P687173 INFO 58/300 starting... lr: 0.001 para:0.016949152573943138
2026-09-16 10:40:59,059 P687173 INFO Epoch 58/300, all_loss:0.07819 cls_loss:0.07884 rec_loss:0.04080 [11.51s]; best loss:0.06157, patience : 2
2026-09-16 10:41:03,022 P687173 INFO pr:0.9563  rc:0.9394  auc:0.9874 ap:0.9807 f1: 0.9478 pred_right: 38611 pred_wrong:389 actu_right: 38604 actu_wrong: 396
2026-09-16 10:41:04,589 P687173 INFO pr:0.9259  rc:0.9690  auc:0.9902 ap:0.9614 f1: 0.9470 pred_right: 16365 pred_wrong:135 actu_right: 16371 actu_wrong: 129
2026-09-16 10:41:04,596 P687173 INFO ----------------------------------------------------------------------------------------------------
2026-09-16 10:41:04,597 P687173 INFO 59/300 starting... lr: 0.001 para:0.01666666753590107
2026-09-16 10:41:15,582 P687173 INFO Epoch 59/300, all_loss:0.06840 cls_loss:0.06887 rec_loss:0.04072 [10.98s]; best loss:0.06157, patience : 2
2026-09-16 10:41:18,670 P687173 INFO pr:0.9607  rc:0.9244  auc:0.9872 ap:0.9804 f1: 0.9422 pred_right: 38618 pred_wrong:382 actu_right: 38603 actu_wrong: 397
2026-09-16 10:41:20,088 P687173 INFO pr:0.9098  rc:0.9380  auc:0.9932 ap:0.9624 f1: 0.9237 pred_right: 16367 pred_wrong:133 actu_right: 16371 actu_wrong: 129
2026-09-16 10:41:20,089 P687173 INFO ----------------------------------------------------------------------------------------------------
2026-09-16 10:41:20,090 P687173 INFO 60/300 starting... lr: 0.001 para:0.016393441706895828
2026-09-16 10:41:30,847 P687173 INFO Epoch 60/300, all_loss:0.07151 cls_loss:0.07200 rec_loss:0.04263 [10.76s]; best loss:0.06157, patience : 3
2026-09-16 10:41:34,384 P687173 INFO pr:0.9513  rc:0.9369  auc:0.9876 ap:0.9775 f1: 0.9440 pred_right: 38610 pred_wrong:390 actu_right: 38604 actu_wrong: 396
2026-09-16 10:41:35,769 P687173 INFO pr:0.8971  rc:0.9457  auc:0.9930 ap:0.9627 f1: 0.9208 pred_right: 16364 pred_wrong:136 actu_right: 16371 actu_wrong: 129
2026-09-16 10:41:35,771 P687173 INFO ----------------------------------------------------------------------------------------------------
2026-09-16 10:41:35,772 P687173 INFO 61/300 starting... lr: 0.001 para:0.016129031777381897
2026-09-16 10:41:46,871 P687173 INFO Epoch 61/300, all_loss:0.08573 cls_loss:0.08642 rec_loss:0.04362 [11.10s]; best loss:0.06157, patience : 4
2026-09-16 10:41:50,354 P687173 INFO pr:0.9464  rc:0.9345  auc:0.9888 ap:0.9761 f1: 0.9404 pred_right: 38608 pred_wrong:392 actu_right: 38603 actu_wrong: 397
2026-09-16 10:41:51,710 P687173 INFO pr:0.9000  rc:0.9767  auc:0.9927 ap:0.9555 f1: 0.9368 pred_right: 16360 pred_wrong:140 actu_right: 16371 actu_wrong: 129
2026-09-16 10:41:51,711 P687173 INFO ----------------------------------------------------------------------------------------------------
2026-09-16 10:41:51,712 P687173 INFO 62/300 starting... lr: 0.001 para:0.01587301678955555
2026-09-16 10:42:03,116 P687173 INFO Epoch 62/300, all_loss:0.06928 cls_loss:0.06969 rec_loss:0.04405 [11.40s]; best loss:0.06157, patience : 4
2026-09-16 10:42:06,438 P687173 INFO pr:0.9104  rc:0.9471  auc:0.9880 ap:0.9709 f1: 0.9284 pred_right: 38587 pred_wrong:413 actu_right: 38603 actu_wrong: 397
2026-09-16 10:42:07,819 P687173 INFO pr:0.8630  rc:0.9767  auc:0.9894 ap:0.9468 f1: 0.9164 pred_right: 16354 pred_wrong:146 actu_right: 16371 actu_wrong: 129
2026-09-16 10:42:07,820 P687173 INFO ----------------------------------------------------------------------------------------------------
2026-09-16 10:42:07,821 P687173 INFO 63/300 starting... lr: 0.001 para:0.015625
2026-09-16 10:42:19,121 P687173 INFO Epoch 63/300, all_loss:0.09679 cls_loss:0.09771 rec_loss:0.03894 [11.30s]; best loss:0.06157, patience : 5
2026-09-16 10:42:22,133 P687173 INFO pr:0.9455  rc:0.9192  auc:0.9877 ap:0.9728 f1: 0.9321 pred_right: 38615 pred_wrong:385 actu_right: 38604 actu_wrong: 396
2026-09-16 10:42:23,686 P687173 INFO pr:0.8881  rc:0.9225  auc:0.9896 ap:0.9414 f1: 0.9049 pred_right: 16366 pred_wrong:134 actu_right: 16371 actu_wrong: 129
2026-09-16 10:42:23,687 P687173 INFO ----------------------------------------------------------------------------------------------------
2026-09-16 10:42:23,687 P687173 INFO 64/300 starting... lr: 0.001 para:0.015384615398943424
2026-09-16 10:42:36,075 P687173 INFO Epoch 64/300, all_loss:0.04852 cls_loss:0.04867 rec_loss:0.03894 [12.38s]; best loss:0.04852, patience : 0
2026-09-16 10:42:39,456 P687173 INFO pr:0.9763  rc:0.8312  auc:0.9807 ap:0.9732 f1: 0.8980 pred_right: 38662 pred_wrong:338 actu_right: 38603 actu_wrong: 397
2026-09-16 10:42:41,289 P687173 INFO pr:0.9273  rc:0.7907  auc:0.9848 ap:0.9571 f1: 0.8536 pred_right: 16390 pred_wrong:110 actu_right: 16371 actu_wrong: 129
2026-09-16 10:42:41,290 P687173 INFO ----------------------------------------------------------------------------------------------------
2026-09-16 10:42:41,290 P687173 INFO 65/300 starting... lr: 0.001 para:0.01515151560306549
2026-09-16 10:42:51,481 P687173 INFO Epoch 65/300, all_loss:0.07291 cls_loss:0.07342 rec_loss:0.04011 [10.19s]; best loss:0.04852, patience : 1
2026-09-16 10:42:54,366 P687173 INFO pr:0.9293  rc:0.9270  auc:0.9873 ap:0.9725 f1: 0.9281 pred_right: 38604 pred_wrong:396 actu_right: 38603 actu_wrong: 397
2026-09-16 10:42:55,686 P687173 INFO pr:0.8832  rc:0.9380  auc:0.9896 ap:0.9535 f1: 0.9098 pred_right: 16363 pred_wrong:137 actu_right: 16371 actu_wrong: 129
2026-09-16 10:42:55,687 P687173 INFO ----------------------------------------------------------------------------------------------------
2026-09-16 10:42:55,687 P687173 INFO 66/300 starting... lr: 0.001 para:0.014925372786819935
2026-09-16 10:43:13,605 P687173 INFO Epoch 66/300, all_loss:0.05378 cls_loss:0.05401 rec_loss:0.03888 [17.92s]; best loss:0.04852, patience : 1
2026-09-16 10:43:21,669 P687173 INFO pr:0.9392  rc:0.9369  auc:0.9856 ap:0.9739 f1: 0.9381 pred_right: 38605 pred_wrong:395 actu_right: 38604 actu_wrong: 396
2026-09-16 10:43:23,466 P687173 INFO pr:0.9030  rc:0.9380  auc:0.9861 ap:0.9589 f1: 0.9202 pred_right: 16366 pred_wrong:134 actu_right: 16371 actu_wrong: 129
2026-09-16 10:43:23,467 P687173 INFO ----------------------------------------------------------------------------------------------------
2026-09-16 10:43:23,467 P687173 INFO 67/300 starting... lr: 0.001 para:0.014705882407724857
2026-09-16 10:43:34,933 P687173 INFO Epoch 67/300, all_loss:0.06068 cls_loss:0.06099 rec_loss:0.03959 [11.46s]; best loss:0.04852, patience : 2
2026-09-16 10:43:38,247 P687173 INFO pr:0.9600  rc:0.9068  auc:0.9856 ap:0.9731 f1: 0.9326 pred_right: 38625 pred_wrong:375 actu_right: 38603 actu_wrong: 397
2026-09-16 10:43:39,525 P687173 INFO pr:0.9070  rc:0.9070  auc:0.9894 ap:0.9508 f1: 0.9070 pred_right: 16371 pred_wrong:129 actu_right: 16371 actu_wrong: 129
2026-09-16 10:43:39,526 P687173 INFO ----------------------------------------------------------------------------------------------------
2026-09-16 10:43:39,527 P687173 INFO 68/300 starting... lr: 0.001 para:0.014492753893136978
2026-09-16 10:43:50,313 P687173 INFO Epoch 68/300, all_loss:0.02894 cls_loss:0.02876 rec_loss:0.04121 [10.78s]; best loss:0.02894, patience : 0
2026-09-16 10:43:53,526 P687173 INFO pr:0.9622  rc:0.8967  auc:0.9855 ap:0.9755 f1: 0.9283 pred_right: 38630 pred_wrong:370 actu_right: 38603 actu_wrong: 397
2026-09-16 10:43:54,773 P687173 INFO pr:0.9055  rc:0.8915  auc:0.9897 ap:0.9577 f1: 0.8984 pred_right: 16373 pred_wrong:127 actu_right: 16371 actu_wrong: 129
2026-09-16 10:43:54,775 P687173 INFO ----------------------------------------------------------------------------------------------------
2026-09-16 10:43:54,776 P687173 INFO 69/300 starting... lr: 0.001 para:0.014285714365541935
2026-09-16 10:44:05,676 P687173 INFO Epoch 69/300, all_loss:0.05526 cls_loss:0.05546 rec_loss:0.04152 [10.90s]; best loss:0.02894, patience : 1
2026-09-16 10:44:08,900 P687173 INFO pr:0.9370  rc:0.9394  auc:0.9889 ap:0.9754 f1: 0.9382 pred_right: 38603 pred_wrong:397 actu_right: 38604 actu_wrong: 396
2026-09-16 10:44:10,122 P687173 INFO pr:0.8986  rc:0.9612  auc:0.9923 ap:0.9597 f1: 0.9288 pred_right: 16362 pred_wrong:138 actu_right: 16371 actu_wrong: 129
2026-09-16 10:44:10,123 P687173 INFO ----------------------------------------------------------------------------------------------------
2026-09-16 10:44:10,124 P687173 INFO 70/300 starting... lr: 0.001 para:0.014084506779909134
2026-09-16 10:44:21,597 P687173 INFO Epoch 70/300, all_loss:0.04166 cls_loss:0.04171 rec_loss:0.03850 [11.47s]; best loss:0.02894, patience : 1
2026-09-16 10:44:24,770 P687173 INFO pr:0.9536  rc:0.9320  auc:0.9887 ap:0.9767 f1: 0.9427 pred_right: 38612 pred_wrong:388 actu_right: 38603 actu_wrong: 397
2026-09-16 10:44:26,265 P687173 INFO pr:0.8955  rc:0.9302  auc:0.9907 ap:0.9508 f1: 0.9125 pred_right: 16366 pred_wrong:134 actu_right: 16371 actu_wrong: 129
2026-09-16 10:44:26,266 P687173 INFO ----------------------------------------------------------------------------------------------------
2026-09-16 10:44:26,266 P687173 INFO 71/300 starting... lr: 0.001 para:0.013888888992369175
2026-09-16 10:44:37,457 P687173 INFO Epoch 71/300, all_loss:0.03042 cls_loss:0.03025 rec_loss:0.04274 [11.19s]; best loss:0.02894, patience : 1
2026-09-16 10:44:40,557 P687173 INFO pr:0.8960  rc:0.9547  auc:0.9916 ap:0.9746 f1: 0.9244 pred_right: 38577 pred_wrong:423 actu_right: 38603 actu_wrong: 397
2026-09-16 10:44:41,872 P687173 INFO pr:0.8105  rc:0.9612  auc:0.9964 ap:0.9602 f1: 0.8794 pred_right: 16347 pred_wrong:153 actu_right: 16371 actu_wrong: 129
2026-09-16 10:44:41,872 P687173 INFO ----------------------------------------------------------------------------------------------------
2026-09-16 10:44:41,873 P687173 INFO 72/300 starting... lr: 0.001 para:0.013698630034923553
2026-09-16 10:44:54,576 P687173 INFO Epoch 72/300, all_loss:0.08482 cls_loss:0.08542 rec_loss:0.04123 [12.70s]; best loss:0.02894, patience : 2
2026-09-16 10:44:58,757 P687173 INFO pr:0.9718  rc:0.8665  auc:0.9754 ap:0.9726 f1: 0.9161 pred_right: 38646 pred_wrong:354 actu_right: 38603 actu_wrong: 397
2026-09-16 10:45:00,163 P687173 INFO pr:0.9590  rc:0.9070  auc:0.9834 ap:0.9688 f1: 0.9323 pred_right: 16378 pred_wrong:122 actu_right: 16371 actu_wrong: 129
2026-09-16 10:45:00,164 P687173 INFO ----------------------------------------------------------------------------------------------------
2026-09-16 10:45:00,164 P687173 INFO 73/300 starting... lr: 0.001 para:0.013513513840734959
2026-09-16 10:45:11,411 P687173 INFO Epoch 73/300, all_loss:0.04875 cls_loss:0.04883 rec_loss:0.04225 [11.25s]; best loss:0.02894, patience : 2
2026-09-16 10:45:14,389 P687173 INFO pr:0.9584  rc:0.9295  auc:0.9859 ap:0.9745 f1: 0.9437 pred_right: 38615 pred_wrong:385 actu_right: 38603 actu_wrong: 397
2026-09-16 10:45:15,628 P687173 INFO pr:0.8929  rc:0.9690  auc:0.9953 ap:0.9582 f1: 0.9294 pred_right: 16360 pred_wrong:140 actu_right: 16371 actu_wrong: 129
2026-09-16 10:45:15,629 P687173 INFO ----------------------------------------------------------------------------------------------------
2026-09-16 10:45:15,629 P687173 INFO 74/300 starting... lr: 0.001 para:0.013333333656191826
2026-09-16 10:45:28,569 P687173 INFO Epoch 74/300, all_loss:0.03183 cls_loss:0.03174 rec_loss:0.03856 [12.94s]; best loss:0.02894, patience : 2
2026-09-16 10:45:30,858 P687173 INFO pr:0.9412  rc:0.9270  auc:0.9859 ap:0.9735 f1: 0.9340 pred_right: 38609 pred_wrong:391 actu_right: 38603 actu_wrong: 397
2026-09-16 10:45:31,890 P687173 INFO pr:0.8978  rc:0.9535  auc:0.9917 ap:0.9562 f1: 0.9248 pred_right: 16363 pred_wrong:137 actu_right: 16371 actu_wrong: 129
2026-09-16 10:45:31,891 P687173 INFO ----------------------------------------------------------------------------------------------------
2026-09-16 10:45:31,891 P687173 INFO 75/300 starting... lr: 0.001 para:0.01315789483487606
2026-09-16 10:45:41,582 P687173 INFO Epoch 75/300, all_loss:0.02575 cls_loss:0.02556 rec_loss:0.04016 [9.69s]; best loss:0.02575, patience : 0
2026-09-16 10:45:45,141 P687173 INFO pr:0.8523  rc:0.9621  auc:0.9888 ap:0.9629 f1: 0.9039 pred_right: 38553 pred_wrong:447 actu_right: 38604 actu_wrong: 396
2026-09-16 10:45:49,657 P687173 INFO pr:0.8038  rc:0.9845  auc:0.9974 ap:0.9443 f1: 0.8850 pred_right: 16342 pred_wrong:158 actu_right: 16371 actu_wrong: 129
2026-09-16 10:45:49,662 P687173 INFO ----------------------------------------------------------------------------------------------------
2026-09-16 10:45:49,663 P687173 INFO 76/300 starting... lr: 0.001 para:0.012987012974917889
2026-09-16 10:46:09,526 P687173 INFO Epoch 76/300, all_loss:0.06616 cls_loss:0.06653 rec_loss:0.03792 [19.86s]; best loss:0.02575, patience : 1
2026-09-16 10:46:12,778 P687173 INFO pr:0.9536  rc:0.9320  auc:0.9866 ap:0.9772 f1: 0.9427 pred_right: 38612 pred_wrong:388 actu_right: 38603 actu_wrong: 397
2026-09-16 10:46:14,055 P687173 INFO pr:0.8705  rc:0.9380  auc:0.9951 ap:0.9611 f1: 0.9030 pred_right: 16361 pred_wrong:139 actu_right: 16371 actu_wrong: 129
2026-09-16 10:46:14,056 P687173 INFO ----------------------------------------------------------------------------------------------------
2026-09-16 10:46:14,056 P687173 INFO 77/300 starting... lr: 0.001 para:0.012820512987673283
2026-09-16 10:46:24,982 P687173 INFO Epoch 77/300, all_loss:0.07742 cls_loss:0.07795 rec_loss:0.03638 [10.93s]; best loss:0.02575, patience : 2
2026-09-16 10:46:27,961 P687173 INFO pr:0.9259  rc:0.9470  auc:0.9884 ap:0.9775 f1: 0.9363 pred_right: 38595 pred_wrong:405 actu_right: 38604 actu_wrong: 396
2026-09-16 10:46:29,185 P687173 INFO pr:0.8986  rc:0.9612  auc:0.9960 ap:0.9611 f1: 0.9288 pred_right: 16362 pred_wrong:138 actu_right: 16371 actu_wrong: 129
2026-09-16 10:46:29,186 P687173 INFO ----------------------------------------------------------------------------------------------------
2026-09-16 10:46:29,187 P687173 INFO 78/300 starting... lr: 0.001 para:0.012658228166401386
2026-09-16 10:46:40,244 P687173 INFO Epoch 78/300, all_loss:0.02306 cls_loss:0.02291 rec_loss:0.03483 [11.05s]; best loss:0.02306, patience : 0
2026-09-16 10:46:43,543 P687173 INFO pr:0.9419  rc:0.9395  auc:0.9879 ap:0.9773 f1: 0.9407 pred_right: 38604 pred_wrong:396 actu_right: 38603 actu_wrong: 397
2026-09-16 10:46:44,932 P687173 INFO pr:0.8849  rc:0.9535  auc:0.9945 ap:0.9629 f1: 0.9179 pred_right: 16361 pred_wrong:139 actu_right: 16371 actu_wrong: 129
2026-09-16 10:46:44,933 P687173 INFO ----------------------------------------------------------------------------------------------------
2026-09-16 10:46:44,934 P687173 INFO 79/300 starting... lr: 0.001 para:0.012500000186264515
2026-09-16 10:46:56,391 P687173 INFO Epoch 79/300, all_loss:0.01553 cls_loss:0.01525 rec_loss:0.03768 [11.45s]; best loss:0.01553, patience : 0
2026-09-16 10:46:59,882 P687173 INFO pr:0.9394  rc:0.9370  auc:0.9880 ap:0.9764 f1: 0.9382 pred_right: 38604 pred_wrong:396 actu_right: 38603 actu_wrong: 397
2026-09-16 10:47:01,141 P687173 INFO pr:0.8794  rc:0.9612  auc:0.9947 ap:0.9638 f1: 0.9185 pred_right: 16359 pred_wrong:141 actu_right: 16371 actu_wrong: 129
2026-09-16 10:47:01,142 P687173 INFO ----------------------------------------------------------------------------------------------------
2026-09-16 10:47:01,142 P687173 INFO 80/300 starting... lr: 0.001 para:0.012345679104328156
2026-09-16 10:47:12,407 P687173 INFO Epoch 80/300, all_loss:0.02398 cls_loss:0.02380 rec_loss:0.03818 [11.26s]; best loss:0.01553, patience : 1
2026-09-16 10:47:16,100 P687173 INFO pr:0.9556  rc:0.9242  auc:0.9880 ap:0.9785 f1: 0.9397 pred_right: 38617 pred_wrong:383 actu_right: 38604 actu_wrong: 396
2026-09-16 10:47:17,387 P687173 INFO pr:0.8881  rc:0.9225  auc:0.9965 ap:0.9571 f1: 0.9049 pred_right: 16366 pred_wrong:134 actu_right: 16371 actu_wrong: 129
2026-09-16 10:47:17,388 P687173 INFO ----------------------------------------------------------------------------------------------------
2026-09-16 10:47:17,389 P687173 INFO 81/300 starting... lr: 0.001 para:0.012195121496915817
2026-09-16 10:47:29,348 P687173 INFO Epoch 81/300, all_loss:0.01276 cls_loss:0.01243 rec_loss:0.03880 [11.95s]; best loss:0.01276, patience : 0
2026-09-16 10:47:33,273 P687173 INFO pr:0.9316  rc:0.9270  auc:0.9855 ap:0.9767 f1: 0.9293 pred_right: 38605 pred_wrong:395 actu_right: 38603 actu_wrong: 397
2026-09-16 10:47:34,760 P687173 INFO pr:0.8905  rc:0.9457  auc:0.9929 ap:0.9627 f1: 0.9173 pred_right: 16363 pred_wrong:137 actu_right: 16371 actu_wrong: 129
2026-09-16 10:47:34,762 P687173 INFO ----------------------------------------------------------------------------------------------------
2026-09-16 10:47:34,763 P687173 INFO 82/300 starting... lr: 0.001 para:0.012048192322254181
2026-09-16 10:47:45,637 P687173 INFO Epoch 82/300, all_loss:2.74513 cls_loss:2.77812 rec_loss:0.04034 [10.87s]; best loss:0.01276, patience : 1
2026-09-16 10:47:49,236 P687173 INFO pr:0.9332  rc:0.9144  auc:0.9844 ap:0.9652 f1: 0.9237 pred_right: 38611 pred_wrong:389 actu_right: 38603 actu_wrong: 397
2026-09-16 10:47:50,837 P687173 INFO pr:0.8759  rc:0.9302  auc:0.9901 ap:0.9431 f1: 0.9023 pred_right: 16363 pred_wrong:137 actu_right: 16371 actu_wrong: 129
2026-09-16 10:47:50,838 P687173 INFO ----------------------------------------------------------------------------------------------------
2026-09-16 10:47:50,839 P687173 INFO 83/300 starting... lr: 0.001 para:0.011904762126505375
2026-09-16 10:48:02,166 P687173 INFO Epoch 83/300, all_loss:0.07715 cls_loss:0.07758 rec_loss:0.04180 [11.33s]; best loss:0.01276, patience : 1
2026-09-16 10:48:05,675 P687173 INFO pr:0.9497  rc:0.9043  auc:0.9849 ap:0.9720 f1: 0.9265 pred_right: 38622 pred_wrong:378 actu_right: 38603 actu_wrong: 397
2026-09-16 10:48:06,972 P687173 INFO pr:0.8806  rc:0.9147  auc:0.9929 ap:0.9533 f1: 0.8973 pred_right: 16366 pred_wrong:134 actu_right: 16371 actu_wrong: 129
2026-09-16 10:48:06,974 P687173 INFO ----------------------------------------------------------------------------------------------------
2026-09-16 10:48:06,974 P687173 INFO 84/300 starting... lr: 0.001 para:0.0117647061124444
2026-09-16 10:48:17,829 P687173 INFO Epoch 84/300, all_loss:0.15461 cls_loss:0.15600 rec_loss:0.03866 [10.85s]; best loss:0.01276, patience : 2
2026-09-16 10:48:20,415 P687173 INFO pr:0.9486  rc:0.9295  auc:0.9839 ap:0.9773 f1: 0.9389 pred_right: 38611 pred_wrong:389 actu_right: 38603 actu_wrong: 397
2026-09-16 10:48:21,584 P687173 INFO pr:0.9160  rc:0.9302  auc:0.9858 ap:0.9617 f1: 0.9231 pred_right: 16369 pred_wrong:131 actu_right: 16371 actu_wrong: 129
2026-09-16 10:48:21,585 P687173 INFO ----------------------------------------------------------------------------------------------------
2026-09-16 10:48:21,586 P687173 INFO 85/300 starting... lr: 0.001 para:0.011627906933426857
2026-09-16 10:48:38,674 P687173 INFO Epoch 85/300, all_loss:0.04182 cls_loss:0.04185 rec_loss:0.03928 [17.09s]; best loss:0.01276, patience : 2
2026-09-16 10:48:47,828 P687173 INFO pr:0.9505  rc:0.9194  auc:0.9863 ap:0.9773 f1: 0.9347 pred_right: 38616 pred_wrong:384 actu_right: 38603 actu_wrong: 397
2026-09-16 10:48:49,547 P687173 INFO pr:0.9077  rc:0.9147  auc:0.9869 ap:0.9584 f1: 0.9112 pred_right: 16370 pred_wrong:130 actu_right: 16371 actu_wrong: 129
2026-09-16 10:48:49,549 P687173 INFO ----------------------------------------------------------------------------------------------------
2026-09-16 10:48:49,549 P687173 INFO 86/300 starting... lr: 0.001 para:0.01149425283074379
2026-09-16 10:49:01,238 P687173 INFO Epoch 86/300, all_loss:0.08063 cls_loss:0.08111 rec_loss:0.03946 [11.69s]; best loss:0.01276, patience : 3
2026-09-16 10:49:04,474 P687173 INFO pr:0.9352  rc:0.9446  auc:0.9896 ap:0.9773 f1: 0.9398 pred_right: 38599 pred_wrong:401 actu_right: 38603 actu_wrong: 397
2026-09-16 10:49:06,015 P687173 INFO pr:0.8786  rc:0.9535  auc:0.9947 ap:0.9616 f1: 0.9145 pred_right: 16360 pred_wrong:140 actu_right: 16371 actu_wrong: 129
2026-09-16 10:49:06,016 P687173 INFO ----------------------------------------------------------------------------------------------------
2026-09-16 10:49:06,017 P687173 INFO 87/300 starting... lr: 0.001 para:0.011363636702299118
2026-09-16 10:49:17,085 P687173 INFO Epoch 87/300, all_loss:0.01374 cls_loss:0.01346 rec_loss:0.03829 [11.07s]; best loss:0.01276, patience : 3
2026-09-16 10:49:20,065 P687173 INFO pr:0.9305  rc:0.9446  auc:0.9896 ap:0.9773 f1: 0.9375 pred_right: 38597 pred_wrong:403 actu_right: 38603 actu_wrong: 397
2026-09-16 10:49:21,572 P687173 INFO pr:0.8723  rc:0.9535  auc:0.9949 ap:0.9664 f1: 0.9111 pred_right: 16359 pred_wrong:141 actu_right: 16371 actu_wrong: 129
2026-09-16 10:49:21,574 P687173 INFO ----------------------------------------------------------------------------------------------------
2026-09-16 10:49:21,574 P687173 INFO 88/300 starting... lr: 0.001 para:0.01123595517128706
2026-09-16 10:49:32,768 P687173 INFO Epoch 88/300, all_loss:0.00689 cls_loss:0.00654 rec_loss:0.03821 [11.19s]; best loss:0.00689, patience : 0
2026-09-16 10:49:36,362 P687173 INFO pr:0.8636  rc:0.9572  auc:0.9919 ap:0.9692 f1: 0.9080 pred_right: 38560 pred_wrong:440 actu_right: 38603 actu_wrong: 397
2026-09-16 10:49:37,940 P687173 INFO pr:0.7911  rc:0.9690  auc:0.9965 ap:0.9484 f1: 0.8711 pred_right: 16342 pred_wrong:158 actu_right: 16371 actu_wrong: 129
2026-09-16 10:49:37,941 P687173 INFO ----------------------------------------------------------------------------------------------------
2026-09-16 10:49:37,941 P687173 INFO 89/300 starting... lr: 0.001 para:0.011111111380159855
2026-09-16 10:49:49,385 P687173 INFO Epoch 89/300, all_loss:0.02741 cls_loss:0.02728 rec_loss:0.03864 [11.44s]; best loss:0.00689, patience : 1
2026-09-16 10:49:52,882 P687173 INFO pr:0.9352  rc:0.9093  auc:0.9899 ap:0.9741 f1: 0.9221 pred_right: 38614 pred_wrong:386 actu_right: 38603 actu_wrong: 397
2026-09-16 10:49:54,436 P687173 INFO pr:0.8872  rc:0.9147  auc:0.9931 ap:0.9642 f1: 0.9008 pred_right: 16367 pred_wrong:133 actu_right: 16371 actu_wrong: 129
2026-09-16 10:49:54,436 P687173 INFO ----------------------------------------------------------------------------------------------------
2026-09-16 10:49:54,437 P687173 INFO 90/300 starting... lr: 0.001 para:0.010989011265337467
2026-09-16 10:50:05,309 P687173 INFO Epoch 90/300, all_loss:0.03384 cls_loss:0.03376 rec_loss:0.04067 [10.87s]; best loss:0.00689, patience : 2
2026-09-16 10:50:08,181 P687173 INFO pr:0.9394  rc:0.9370  auc:0.9849 ap:0.9742 f1: 0.9382 pred_right: 38604 pred_wrong:396 actu_right: 38603 actu_wrong: 397
2026-09-16 10:50:09,521 P687173 INFO pr:0.8978  rc:0.9535  auc:0.9897 ap:0.9695 f1: 0.9248 pred_right: 16363 pred_wrong:137 actu_right: 16371 actu_wrong: 129
2026-09-16 10:50:09,523 P687173 INFO ----------------------------------------------------------------------------------------------------
2026-09-16 10:50:09,524 P687173 INFO 91/300 starting... lr: 0.001 para:0.010869565419852734
2026-09-16 10:50:21,831 P687173 INFO Epoch 91/300, all_loss:0.03706 cls_loss:0.03707 rec_loss:0.03594 [12.31s]; best loss:0.00689, patience : 3
2026-09-16 10:50:25,554 P687173 INFO pr:0.9490  rc:0.9394  auc:0.9875 ap:0.9793 f1: 0.9442 pred_right: 38608 pred_wrong:392 actu_right: 38604 actu_wrong: 396
2026-09-16 10:50:27,017 P687173 INFO pr:0.8955  rc:0.9302  auc:0.9946 ap:0.9672 f1: 0.9125 pred_right: 16366 pred_wrong:134 actu_right: 16371 actu_wrong: 129
2026-09-16 10:50:27,018 P687173 INFO ----------------------------------------------------------------------------------------------------
2026-09-16 10:50:27,019 P687173 INFO 92/300 starting... lr: 0.001 para:0.01075268816202879
2026-09-16 10:50:38,228 P687173 INFO Epoch 92/300, all_loss:0.01448 cls_loss:0.01427 rec_loss:0.03430 [11.21s]; best loss:0.00689, patience : 3
2026-09-16 10:50:41,759 P687173 INFO pr:0.9418  rc:0.9394  auc:0.9875 ap:0.9761 f1: 0.9406 pred_right: 38605 pred_wrong:395 actu_right: 38604 actu_wrong: 396
2026-09-16 10:50:43,113 P687173 INFO pr:0.9030  rc:0.9380  auc:0.9923 ap:0.9693 f1: 0.9202 pred_right: 16366 pred_wrong:134 actu_right: 16371 actu_wrong: 129
2026-09-16 10:50:43,114 P687173 INFO ----------------------------------------------------------------------------------------------------
2026-09-16 10:50:43,114 P687173 INFO 93/300 starting... lr: 0.001 para:0.010638297535479069
2026-09-16 10:50:55,674 P687173 INFO Epoch 93/300, all_loss:0.00632 cls_loss:0.00599 rec_loss:0.03623 [12.55s]; best loss:0.00632, patience : 0
2026-09-16 10:50:58,236 P687173 INFO pr:0.9369  rc:0.9392  auc:0.9857 ap:0.9758 f1: 0.9381 pred_right: 38604 pred_wrong:396 actu_right: 38605 actu_wrong: 395
2026-09-16 10:50:59,349 P687173 INFO pr:0.9111  rc:0.9535  auc:0.9906 ap:0.9695 f1: 0.9318 pred_right: 16365 pred_wrong:135 actu_right: 16371 actu_wrong: 129
2026-09-16 10:50:59,350 P687173 INFO ----------------------------------------------------------------------------------------------------
2026-09-16 10:50:59,350 P687173 INFO 94/300 starting... lr: 0.001 para:0.010526316240429878
2026-09-16 10:51:08,902 P687173 INFO Epoch 94/300, all_loss:0.00897 cls_loss:0.00868 rec_loss:0.03694 [9.55s]; best loss:0.00632, patience : 1
2026-09-16 10:51:11,719 P687173 INFO pr:0.9439  rc:0.9320  auc:0.9867 ap:0.9772 f1: 0.9379 pred_right: 38608 pred_wrong:392 actu_right: 38603 actu_wrong: 397
2026-09-16 10:51:13,901 P687173 INFO pr:0.9037  rc:0.9457  auc:0.9918 ap:0.9690 f1: 0.9242 pred_right: 16365 pred_wrong:135 actu_right: 16371 actu_wrong: 129
2026-09-16 10:51:13,902 P687173 INFO ----------------------------------------------------------------------------------------------------
2026-09-16 10:51:13,903 P687173 INFO 95/300 starting... lr: 0.001 para:0.010416666977107525
2026-09-16 10:51:35,634 P687173 INFO Epoch 95/300, all_loss:0.00310 cls_loss:0.00274 rec_loss:0.03700 [21.72s]; best loss:0.00310, patience : 0
2026-09-16 10:51:39,397 P687173 INFO pr:0.8501  rc:0.9572  auc:0.9912 ap:0.9712 f1: 0.9005 pred_right: 38553 pred_wrong:447 actu_right: 38603 actu_wrong: 397
2026-09-16 10:51:40,803 P687173 INFO pr:0.7962  rc:0.9690  auc:0.9966 ap:0.9620 f1: 0.8741 pred_right: 16343 pred_wrong:157 actu_right: 16371 actu_wrong: 129
2026-09-16 10:51:40,804 P687173 INFO ----------------------------------------------------------------------------------------------------
2026-09-16 10:51:40,805 P687173 INFO 96/300 starting... lr: 0.001 para:0.010309278033673763
2026-09-16 10:51:51,769 P687173 INFO Epoch 96/300, all_loss:0.04764 cls_loss:0.04775 rec_loss:0.03682 [10.96s]; best loss:0.00310, patience : 1
2026-09-16 10:51:54,903 P687173 INFO pr:0.9142  rc:0.9419  auc:0.9858 ap:0.9712 f1: 0.9279 pred_right: 38592 pred_wrong:408 actu_right: 38604 actu_wrong: 396
2026-09-16 10:51:56,440 P687173 INFO pr:0.8897  rc:0.9380  auc:0.9950 ap:0.9603 f1: 0.9132 pred_right: 16364 pred_wrong:136 actu_right: 16371 actu_wrong: 129
2026-09-16 10:51:56,441 P687173 INFO ----------------------------------------------------------------------------------------------------
2026-09-16 10:51:56,441 P687173 INFO 97/300 starting... lr: 0.001 para:0.010204081423580647
2026-09-16 10:52:07,080 P687173 INFO Epoch 97/300, all_loss:0.13395 cls_loss:0.13492 rec_loss:0.03941 [10.64s]; best loss:0.00310, patience : 2
2026-09-16 10:52:10,162 P687173 INFO pr:0.9394  rc:0.9418  auc:0.9852 ap:0.9759 f1: 0.9406 pred_right: 38604 pred_wrong:396 actu_right: 38605 actu_wrong: 395
2026-09-16 10:52:11,327 P687173 INFO pr:0.9030  rc:0.9380  auc:0.9913 ap:0.9560 f1: 0.9202 pred_right: 16366 pred_wrong:134 actu_right: 16371 actu_wrong: 129
2026-09-16 10:52:11,327 P687173 INFO ----------------------------------------------------------------------------------------------------
2026-09-16 10:52:11,328 P687173 INFO 98/300 starting... lr: 0.001 para:0.010101010091602802
2026-09-16 10:52:24,781 P687173 INFO Epoch 98/300, all_loss:0.06974 cls_loss:0.07011 rec_loss:0.03369 [13.45s]; best loss:0.00310, patience : 2
2026-09-16 10:52:28,256 P687173 INFO pr:0.9302  rc:0.9443  auc:0.9886 ap:0.9783 f1: 0.9372 pred_right: 38599 pred_wrong:401 actu_right: 38605 actu_wrong: 395
2026-09-16 10:52:29,929 P687173 INFO pr:0.8714  rc:0.9457  auc:0.9953 ap:0.9679 f1: 0.9071 pred_right: 16360 pred_wrong:140 actu_right: 16371 actu_wrong: 129
2026-09-16 10:52:29,930 P687173 INFO ----------------------------------------------------------------------------------------------------
2026-09-16 10:52:29,931 P687173 INFO 99/300 starting... lr: 0.001 para:0.01
2026-09-16 10:52:44,633 P687173 INFO Epoch 99/300, all_loss:0.00612 cls_loss:0.00584 rec_loss:0.03335 [14.70s]; best loss:0.00310, patience : 2
2026-09-16 10:52:48,806 P687173 INFO pr:0.9443  rc:0.9395  auc:0.9866 ap:0.9772 f1: 0.9419 pred_right: 38605 pred_wrong:395 actu_right: 38603 actu_wrong: 397
2026-09-16 10:52:50,458 P687173 INFO pr:0.8824  rc:0.9302  auc:0.9926 ap:0.9650 f1: 0.9057 pred_right: 16364 pred_wrong:136 actu_right: 16371 actu_wrong: 129
2026-09-16 10:52:50,459 P687173 INFO ----------------------------------------------------------------------------------------------------
2026-09-16 10:52:50,459 P687173 INFO 100/300 starting... lr: 0.0009000000000000001 para:0.01
2026-09-16 10:53:05,833 P687173 INFO Epoch 100/300, all_loss:0.02216 cls_loss:0.02205 rec_loss:0.03401 [15.37s]; best loss:0.00310, patience : 3
2026-09-16 10:53:10,867 P687173 INFO pr:0.9468  rc:0.9444  auc:0.9865 ap:0.9771 f1: 0.9456 pred_right: 38605 pred_wrong:395 actu_right: 38604 actu_wrong: 396
2026-09-16 10:53:12,733 P687173 INFO pr:0.9091  rc:0.9302  auc:0.9920 ap:0.9685 f1: 0.9195 pred_right: 16368 pred_wrong:132 actu_right: 16371 actu_wrong: 129
2026-09-16 10:53:12,734 P687173 INFO ----------------------------------------------------------------------------------------------------
2026-09-16 10:53:12,734 P687173 INFO 101/300 starting... lr: 0.0009000000000000001 para:0.01
2026-09-16 10:53:28,446 P687173 INFO Epoch 101/300, all_loss:0.00384 cls_loss:0.00354 rec_loss:0.03331 [15.71s]; best loss:0.00310, patience : 3
2026-09-16 10:53:32,560 P687173 INFO pr:0.9377  rc:0.9471  auc:0.9862 ap:0.9756 f1: 0.9424 pred_right: 38599 pred_wrong:401 actu_right: 38603 actu_wrong: 397
2026-09-16 10:53:34,403 P687173 INFO pr:0.8963  rc:0.9380  auc:0.9912 ap:0.9683 f1: 0.9167 pred_right: 16365 pred_wrong:135 actu_right: 16371 actu_wrong: 129
2026-09-16 10:53:34,404 P687173 INFO ----------------------------------------------------------------------------------------------------
2026-09-16 10:53:34,405 P687173 INFO 102/300 starting... lr: 0.0009000000000000001 para:0.01
2026-09-16 10:53:50,660 P687173 INFO Epoch 102/300, all_loss:0.00645 cls_loss:0.00617 rec_loss:0.03399 [16.25s]; best loss:0.00310, patience : 4
2026-09-16 10:53:53,725 P687173 INFO pr:0.9130  rc:0.9521  auc:0.9858 ap:0.9707 f1: 0.9322 pred_right: 38586 pred_wrong:414 actu_right: 38603 actu_wrong: 397
2026-09-16 10:53:55,215 P687173 INFO pr:0.8662  rc:0.9535  auc:0.9906 ap:0.9642 f1: 0.9077 pred_right: 16358 pred_wrong:142 actu_right: 16371 actu_wrong: 129
2026-09-16 10:53:55,216 P687173 INFO ----------------------------------------------------------------------------------------------------
2026-09-16 10:53:55,216 P687173 INFO 103/300 starting... lr: 0.0009000000000000001 para:0.01
2026-09-16 10:54:12,734 P687173 INFO Epoch 103/300, all_loss:0.01296 cls_loss:0.01275 rec_loss:0.03403 [17.52s]; best loss:0.00310, patience : 5
2026-09-16 10:54:26,479 P687173 INFO pr:0.9242  rc:0.9545  auc:0.9889 ap:0.9749 f1: 0.9391 pred_right: 38591 pred_wrong:409 actu_right: 38604 actu_wrong: 396
2026-09-16 10:54:28,601 P687173 INFO pr:0.8714  rc:0.9457  auc:0.9908 ap:0.9604 f1: 0.9071 pred_right: 16360 pred_wrong:140 actu_right: 16371 actu_wrong: 129
2026-09-16 10:54:28,603 P687173 INFO ----------------------------------------------------------------------------------------------------
2026-09-16 10:54:28,603 P687173 INFO 104/300 starting... lr: 0.0009000000000000001 para:0.01
2026-09-16 10:54:48,406 P687173 INFO Epoch 104/300, all_loss:0.00145 cls_loss:0.00113 rec_loss:0.03338 [19.79s]; best loss:0.00145, patience : 0
2026-09-16 10:54:53,224 P687173 INFO pr:0.9332  rc:0.9496  auc:0.9883 ap:0.9750 f1: 0.9413 pred_right: 38596 pred_wrong:404 actu_right: 38603 actu_wrong: 397
2026-09-16 10:54:54,920 P687173 INFO pr:0.8768  rc:0.9380  auc:0.9909 ap:0.9641 f1: 0.9064 pred_right: 16362 pred_wrong:138 actu_right: 16371 actu_wrong: 129
2026-09-16 10:54:54,922 P687173 INFO ----------------------------------------------------------------------------------------------------
2026-09-16 10:54:54,923 P687173 INFO 105/300 starting... lr: 0.0009000000000000001 para:0.01
2026-09-16 10:55:12,168 P687173 INFO Epoch 105/300, all_loss:0.00108 cls_loss:0.00076 rec_loss:0.03365 [17.23s]; best loss:0.00108, patience : 0
2026-09-16 10:55:18,380 P687173 INFO pr:0.9310  rc:0.9521  auc:0.9889 ap:0.9752 f1: 0.9415 pred_right: 38594 pred_wrong:406 actu_right: 38603 actu_wrong: 397
2026-09-16 10:55:21,069 P687173 INFO pr:0.8705  rc:0.9380  auc:0.9909 ap:0.9645 f1: 0.9030 pred_right: 16361 pred_wrong:139 actu_right: 16371 actu_wrong: 129
2026-09-16 10:55:21,071 P687173 INFO ----------------------------------------------------------------------------------------------------
2026-09-16 10:55:21,071 P687173 INFO 106/300 starting... lr: 0.0009000000000000001 para:0.01
2026-09-16 10:55:39,096 P687173 INFO Epoch 106/300, all_loss:0.00087 cls_loss:0.00054 rec_loss:0.03373 [18.01s]; best loss:0.00087, patience : 0
2026-09-16 10:55:44,217 P687173 INFO pr:0.9355  rc:0.9520  auc:0.9882 ap:0.9761 f1: 0.9437 pred_right: 38597 pred_wrong:403 actu_right: 38604 actu_wrong: 396
2026-09-16 10:55:46,050 P687173 INFO pr:0.8897  rc:0.9380  auc:0.9891 ap:0.9681 f1: 0.9132 pred_right: 16364 pred_wrong:136 actu_right: 16371 actu_wrong: 129
2026-09-16 10:55:46,052 P687173 INFO ----------------------------------------------------------------------------------------------------
2026-09-16 10:55:46,052 P687173 INFO 107/300 starting... lr: 0.0009000000000000001 para:0.01
2026-09-16 10:56:04,193 P687173 INFO Epoch 107/300, all_loss:0.00086 cls_loss:0.00053 rec_loss:0.03382 [18.13s]; best loss:0.00086, patience : 0
2026-09-16 10:56:09,179 P687173 INFO pr:0.9310  rc:0.9521  auc:0.9883 ap:0.9752 f1: 0.9415 pred_right: 38594 pred_wrong:406 actu_right: 38603 actu_wrong: 397
2026-09-16 10:56:10,872 P687173 INFO pr:0.8832  rc:0.9380  auc:0.9911 ap:0.9647 f1: 0.9098 pred_right: 16363 pred_wrong:137 actu_right: 16371 actu_wrong: 129
2026-09-16 10:56:10,873 P687173 INFO ----------------------------------------------------------------------------------------------------
2026-09-16 10:56:10,873 P687173 INFO 108/300 starting... lr: 0.0009000000000000001 para:0.01
2026-09-16 10:56:28,598 P687173 INFO Epoch 108/300, all_loss:0.00059 cls_loss:0.00025 rec_loss:0.03424 [17.71s]; best loss:0.00059, patience : 0
2026-09-16 10:56:33,020 P687173 INFO pr:0.9332  rc:0.9496  auc:0.9875 ap:0.9761 f1: 0.9413 pred_right: 38596 pred_wrong:404 actu_right: 38603 actu_wrong: 397
2026-09-16 10:56:34,942 P687173 INFO pr:0.8897  rc:0.9380  auc:0.9891 ap:0.9682 f1: 0.9132 pred_right: 16364 pred_wrong:136 actu_right: 16371 actu_wrong: 129
2026-09-16 10:56:34,944 P687173 INFO ----------------------------------------------------------------------------------------------------
2026-09-16 10:56:34,945 P687173 INFO 109/300 starting... lr: 0.0009000000000000001 para:0.01
2026-09-16 10:56:52,709 P687173 INFO Epoch 109/300, all_loss:0.00056 cls_loss:0.00022 rec_loss:0.03392 [17.75s]; best loss:0.00056, patience : 0
2026-09-16 10:56:57,318 P687173 INFO pr:0.9286  rc:0.9520  auc:0.9883 ap:0.9752 f1: 0.9401 pred_right: 38594 pred_wrong:406 actu_right: 38604 actu_wrong: 396
2026-09-16 10:57:01,270 P687173 INFO pr:0.8832  rc:0.9380  auc:0.9910 ap:0.9614 f1: 0.9098 pred_right: 16363 pred_wrong:137 actu_right: 16371 actu_wrong: 129
2026-09-16 10:57:01,271 P687173 INFO ----------------------------------------------------------------------------------------------------
2026-09-16 10:57:01,271 P687173 INFO 110/300 starting... lr: 0.0009000000000000001 para:0.01
2026-09-16 10:57:16,013 P687173 INFO Epoch 110/300, all_loss:0.00044 cls_loss:0.00011 rec_loss:0.03359 [14.73s]; best loss:0.00044, patience : 0
2026-09-16 10:57:20,201 P687173 INFO pr:0.9310  rc:0.9521  auc:0.9875 ap:0.9750 f1: 0.9415 pred_right: 38594 pred_wrong:406 actu_right: 38603 actu_wrong: 397
2026-09-16 10:57:24,740 P687173 INFO pr:0.8832  rc:0.9380  auc:0.9909 ap:0.9649 f1: 0.9098 pred_right: 16363 pred_wrong:137 actu_right: 16371 actu_wrong: 129
2026-09-16 10:57:24,745 P687173 INFO ----------------------------------------------------------------------------------------------------
2026-09-16 10:57:24,745 P687173 INFO 111/300 starting... lr: 0.0009000000000000001 para:0.01
2026-09-16 10:57:53,258 P687173 INFO Epoch 111/300, all_loss:0.00041 cls_loss:0.00007 rec_loss:0.03333 [28.50s]; best loss:0.00041, patience : 0
2026-09-16 10:57:57,464 P687173 INFO pr:0.9333  rc:0.9521  auc:0.9873 ap:0.9749 f1: 0.9426 pred_right: 38595 pred_wrong:405 actu_right: 38603 actu_wrong: 397
2026-09-16 10:57:59,478 P687173 INFO pr:0.8832  rc:0.9380  auc:0.9908 ap:0.9649 f1: 0.9098 pred_right: 16363 pred_wrong:137 actu_right: 16371 actu_wrong: 129
2026-09-16 10:57:59,479 P687173 INFO ----------------------------------------------------------------------------------------------------
2026-09-16 10:57:59,479 P687173 INFO 112/300 starting... lr: 0.0009000000000000001 para:0.01
2026-09-16 10:58:15,914 P687173 INFO Epoch 112/300, all_loss:0.00039 cls_loss:0.00006 rec_loss:0.03298 [16.42s]; best loss:0.00039, patience : 0
2026-09-16 10:58:20,139 P687173 INFO pr:0.9356  rc:0.9521  auc:0.9872 ap:0.9749 f1: 0.9438 pred_right: 38596 pred_wrong:404 actu_right: 38603 actu_wrong: 397
2026-09-16 10:58:22,466 P687173 INFO pr:0.8897  rc:0.9380  auc:0.9908 ap:0.9649 f1: 0.9132 pred_right: 16364 pred_wrong:136 actu_right: 16371 actu_wrong: 129
2026-09-16 10:58:22,468 P687173 INFO ----------------------------------------------------------------------------------------------------
2026-09-16 10:58:22,468 P687173 INFO 113/300 starting... lr: 0.0009000000000000001 para:0.01
2026-09-16 10:58:42,375 P687173 INFO Epoch 113/300, all_loss:0.00037 cls_loss:0.00005 rec_loss:0.03248 [19.89s]; best loss:0.00037, patience : 0
2026-09-16 10:58:47,946 P687173 INFO pr:0.9333  rc:0.9521  auc:0.9872 ap:0.9749 f1: 0.9426 pred_right: 38595 pred_wrong:405 actu_right: 38603 actu_wrong: 397
2026-09-16 10:58:50,287 P687173 INFO pr:0.8897  rc:0.9380  auc:0.9907 ap:0.9649 f1: 0.9132 pred_right: 16364 pred_wrong:136 actu_right: 16371 actu_wrong: 129
2026-09-16 10:58:50,289 P687173 INFO ----------------------------------------------------------------------------------------------------
2026-09-16 10:58:50,289 P687173 INFO 114/300 starting... lr: 0.0009000000000000001 para:0.01
2026-09-16 10:59:08,147 P687173 INFO Epoch 114/300, all_loss:0.00036 cls_loss:0.00004 rec_loss:0.03213 [17.85s]; best loss:0.00036, patience : 0
2026-09-16 10:59:14,166 P687173 INFO pr:0.9333  rc:0.9521  auc:0.9871 ap:0.9750 f1: 0.9426 pred_right: 38595 pred_wrong:405 actu_right: 38603 actu_wrong: 397
2026-09-16 10:59:16,301 P687173 INFO pr:0.8905  rc:0.9457  auc:0.9907 ap:0.9651 f1: 0.9173 pred_right: 16363 pred_wrong:137 actu_right: 16371 actu_wrong: 129
2026-09-16 10:59:16,302 P687173 INFO ----------------------------------------------------------------------------------------------------
2026-09-16 10:59:16,302 P687173 INFO 115/300 starting... lr: 0.0009000000000000001 para:0.01
2026-09-16 10:59:36,428 P687173 INFO Epoch 115/300, all_loss:0.00035 cls_loss:0.00004 rec_loss:0.03176 [20.12s]; best loss:0.00035, patience : 0
2026-09-16 10:59:41,561 P687173 INFO pr:0.9333  rc:0.9521  auc:0.9871 ap:0.9761 f1: 0.9426 pred_right: 38595 pred_wrong:405 actu_right: 38603 actu_wrong: 397
2026-09-16 10:59:43,705 P687173 INFO pr:0.8905  rc:0.9457  auc:0.9906 ap:0.9650 f1: 0.9173 pred_right: 16363 pred_wrong:137 actu_right: 16371 actu_wrong: 129
2026-09-16 10:59:43,707 P687173 INFO ----------------------------------------------------------------------------------------------------
2026-09-16 10:59:43,708 P687173 INFO 116/300 starting... lr: 0.0009000000000000001 para:0.01
2026-09-16 11:00:01,405 P687173 INFO Epoch 116/300, all_loss:0.00035 cls_loss:0.00003 rec_loss:0.03137 [17.68s]; best loss:0.00035, patience : 0
2026-09-16 11:00:05,795 P687173 INFO pr:0.9286  rc:0.9520  auc:0.9870 ap:0.9737 f1: 0.9401 pred_right: 38594 pred_wrong:406 actu_right: 38604 actu_wrong: 396
2026-09-16 11:00:07,471 P687173 INFO pr:0.8905  rc:0.9457  auc:0.9906 ap:0.9617 f1: 0.9173 pred_right: 16363 pred_wrong:137 actu_right: 16371 actu_wrong: 129
2026-09-16 11:00:07,473 P687173 INFO ----------------------------------------------------------------------------------------------------
2026-09-16 11:00:07,474 P687173 INFO 117/300 starting... lr: 0.0009000000000000001 para:0.01
2026-09-16 11:00:26,468 P687173 INFO Epoch 117/300, all_loss:0.00034 cls_loss:0.00003 rec_loss:0.03094 [18.98s]; best loss:0.00034, patience : 0
2026-09-16 11:00:30,519 P687173 INFO pr:0.9310  rc:0.9521  auc:0.9870 ap:0.9738 f1: 0.9415 pred_right: 38594 pred_wrong:406 actu_right: 38603 actu_wrong: 397
2026-09-16 11:00:31,973 P687173 INFO pr:0.8905  rc:0.9457  auc:0.9906 ap:0.9617 f1: 0.9173 pred_right: 16363 pred_wrong:137 actu_right: 16371 actu_wrong: 129
2026-09-16 11:00:31,974 P687173 INFO ----------------------------------------------------------------------------------------------------
2026-09-16 11:00:31,975 P687173 INFO 118/300 starting... lr: 0.0009000000000000001 para:0.01
2026-09-16 11:00:53,894 P687173 INFO Epoch 118/300, all_loss:0.00034 cls_loss:0.00003 rec_loss:0.03065 [21.91s]; best loss:0.00034, patience : 0
2026-09-16 11:01:08,495 P687173 INFO pr:0.9333  rc:0.9521  auc:0.9869 ap:0.9750 f1: 0.9426 pred_right: 38595 pred_wrong:405 actu_right: 38603 actu_wrong: 397
2026-09-16 11:01:11,058 P687173 INFO pr:0.8905  rc:0.9457  auc:0.9905 ap:0.9617 f1: 0.9173 pred_right: 16363 pred_wrong:137 actu_right: 16371 actu_wrong: 129
2026-09-16 11:01:11,059 P687173 INFO ----------------------------------------------------------------------------------------------------
2026-09-16 11:01:11,060 P687173 INFO 119/300 starting... lr: 0.0009000000000000001 para:0.01
2026-09-16 11:01:29,117 P687173 INFO Epoch 119/300, all_loss:0.00033 cls_loss:0.00002 rec_loss:0.03028 [18.05s]; best loss:0.00033, patience : 0
2026-09-16 11:01:33,442 P687173 INFO pr:0.9310  rc:0.9521  auc:0.9869 ap:0.9750 f1: 0.9415 pred_right: 38594 pred_wrong:406 actu_right: 38603 actu_wrong: 397
2026-09-16 11:01:35,150 P687173 INFO pr:0.8905  rc:0.9457  auc:0.9905 ap:0.9617 f1: 0.9173 pred_right: 16363 pred_wrong:137 actu_right: 16371 actu_wrong: 129
2026-09-16 11:01:35,153 P687173 INFO ----------------------------------------------------------------------------------------------------
2026-09-16 11:01:35,153 P687173 INFO 120/300 starting... lr: 0.0009000000000000001 para:0.01
2026-09-16 11:01:52,680 P687173 INFO Epoch 120/300, all_loss:0.00032 cls_loss:0.00002 rec_loss:0.02989 [17.52s]; best loss:0.00032, patience : 0
2026-09-16 11:01:57,984 P687173 INFO pr:0.9356  rc:0.9545  auc:0.9874 ap:0.9757 f1: 0.9450 pred_right: 38596 pred_wrong:404 actu_right: 38604 actu_wrong: 396
2026-09-16 11:02:00,185 P687173 INFO pr:0.8905  rc:0.9457  auc:0.9905 ap:0.9652 f1: 0.9173 pred_right: 16363 pred_wrong:137 actu_right: 16371 actu_wrong: 129
2026-09-16 11:02:00,187 P687173 INFO ----------------------------------------------------------------------------------------------------
2026-09-16 11:02:00,188 P687173 INFO 121/300 starting... lr: 0.0009000000000000001 para:0.01
2026-09-16 11:02:18,507 P687173 INFO Epoch 121/300, all_loss:0.00032 cls_loss:0.00002 rec_loss:0.02946 [18.30s]; best loss:0.00032, patience : 0
2026-09-16 11:02:23,387 P687173 INFO pr:0.9333  rc:0.9521  auc:0.9867 ap:0.9750 f1: 0.9426 pred_right: 38595 pred_wrong:405 actu_right: 38603 actu_wrong: 397
2026-09-16 11:02:25,181 P687173 INFO pr:0.8905  rc:0.9457  auc:0.9905 ap:0.9618 f1: 0.9173 pred_right: 16363 pred_wrong:137 actu_right: 16371 actu_wrong: 129
2026-09-16 11:02:25,182 P687173 INFO ----------------------------------------------------------------------------------------------------
2026-09-16 11:02:25,183 P687173 INFO 122/300 starting... lr: 0.0009000000000000001 para:0.01
2026-09-16 11:02:43,421 P687173 INFO Epoch 122/300, all_loss:0.00031 cls_loss:0.00002 rec_loss:0.02908 [18.23s]; best loss:0.00031, patience : 0
2026-09-16 11:02:48,982 P687173 INFO pr:0.9333  rc:0.9521  auc:0.9866 ap:0.9750 f1: 0.9426 pred_right: 38595 pred_wrong:405 actu_right: 38603 actu_wrong: 397
2026-09-16 11:02:51,083 P687173 INFO pr:0.8905  rc:0.9457  auc:0.9904 ap:0.9618 f1: 0.9173 pred_right: 16363 pred_wrong:137 actu_right: 16371 actu_wrong: 129
2026-09-16 11:02:51,084 P687173 INFO ----------------------------------------------------------------------------------------------------
2026-09-16 11:02:51,084 P687173 INFO 123/300 starting... lr: 0.0009000000000000001 para:0.01
2026-09-16 11:03:10,224 P687173 INFO Epoch 123/300, all_loss:0.00031 cls_loss:0.00002 rec_loss:0.02870 [19.13s]; best loss:0.00031, patience : 0
2026-09-16 11:03:14,916 P687173 INFO pr:0.9309  rc:0.9520  auc:0.9866 ap:0.9738 f1: 0.9413 pred_right: 38595 pred_wrong:405 actu_right: 38604 actu_wrong: 396
2026-09-16 11:03:16,837 P687173 INFO pr:0.8905  rc:0.9457  auc:0.9904 ap:0.9619 f1: 0.9173 pred_right: 16363 pred_wrong:137 actu_right: 16371 actu_wrong: 129
2026-09-16 11:03:16,838 P687173 INFO ----------------------------------------------------------------------------------------------------
2026-09-16 11:03:16,838 P687173 INFO 124/300 starting... lr: 0.0009000000000000001 para:0.01
2026-09-16 11:03:35,607 P687173 INFO Epoch 124/300, all_loss:0.00030 cls_loss:0.00002 rec_loss:0.02827 [18.76s]; best loss:0.00030, patience : 0
2026-09-16 11:03:43,110 P687173 INFO pr:0.9287  rc:0.9521  auc:0.9866 ap:0.9739 f1: 0.9403 pred_right: 38593 pred_wrong:407 actu_right: 38603 actu_wrong: 397
2026-09-16 11:03:44,617 P687173 INFO pr:0.8905  rc:0.9457  auc:0.9904 ap:0.9620 f1: 0.9173 pred_right: 16363 pred_wrong:137 actu_right: 16371 actu_wrong: 129
2026-09-16 11:03:44,618 P687173 INFO ----------------------------------------------------------------------------------------------------
2026-09-16 11:03:44,619 P687173 INFO 125/300 starting... lr: 0.0009000000000000001 para:0.01
2026-09-16 11:03:59,739 P687173 INFO Epoch 125/300, all_loss:0.00030 cls_loss:0.00002 rec_loss:0.02786 [15.11s]; best loss:0.00030, patience : 0
2026-09-16 11:04:08,393 P687173 INFO pr:0.9310  rc:0.9521  auc:0.9865 ap:0.9738 f1: 0.9415 pred_right: 38594 pred_wrong:406 actu_right: 38603 actu_wrong: 397
2026-09-16 11:04:17,140 P687173 INFO pr:0.8905  rc:0.9457  auc:0.9904 ap:0.9618 f1: 0.9173 pred_right: 16363 pred_wrong:137 actu_right: 16371 actu_wrong: 129
2026-09-16 11:04:17,143 P687173 INFO ----------------------------------------------------------------------------------------------------
2026-09-16 11:04:17,143 P687173 INFO 126/300 starting... lr: 0.0009000000000000001 para:0.01
2026-09-16 11:04:40,892 P687173 INFO Epoch 126/300, all_loss:0.00029 cls_loss:0.00002 rec_loss:0.02744 [23.74s]; best loss:0.00029, patience : 0
2026-09-16 11:04:45,901 P687173 INFO pr:0.9332  rc:0.9520  auc:0.9864 ap:0.9738 f1: 0.9425 pred_right: 38596 pred_wrong:404 actu_right: 38604 actu_wrong: 396
2026-09-16 11:04:47,665 P687173 INFO pr:0.8905  rc:0.9457  auc:0.9904 ap:0.9618 f1: 0.9173 pred_right: 16363 pred_wrong:137 actu_right: 16371 actu_wrong: 129
2026-09-16 11:04:47,666 P687173 INFO ----------------------------------------------------------------------------------------------------
2026-09-16 11:04:47,666 P687173 INFO 127/300 starting... lr: 0.0009000000000000001 para:0.01
2026-09-16 11:05:05,801 P687173 INFO Epoch 127/300, all_loss:0.00029 cls_loss:0.00002 rec_loss:0.02699 [18.12s]; best loss:0.00029, patience : 0
2026-09-16 11:05:10,179 P687173 INFO pr:0.9333  rc:0.9521  auc:0.9864 ap:0.9739 f1: 0.9426 pred_right: 38595 pred_wrong:405 actu_right: 38603 actu_wrong: 397
2026-09-16 11:05:12,235 P687173 INFO pr:0.8905  rc:0.9457  auc:0.9904 ap:0.9618 f1: 0.9173 pred_right: 16363 pred_wrong:137 actu_right: 16371 actu_wrong: 129
2026-09-16 11:05:12,237 P687173 INFO ----------------------------------------------------------------------------------------------------
2026-09-16 11:05:12,238 P687173 INFO 128/300 starting... lr: 0.0009000000000000001 para:0.01
2026-09-16 11:05:31,243 P687173 INFO Epoch 128/300, all_loss:0.00028 cls_loss:0.00002 rec_loss:0.02656 [18.99s]; best loss:0.00028, patience : 0
2026-09-16 11:05:36,488 P687173 INFO pr:0.9307  rc:0.9519  auc:0.9861 ap:0.9738 f1: 0.9412 pred_right: 38596 pred_wrong:404 actu_right: 38605 actu_wrong: 395
2026-09-16 11:05:38,278 P687173 INFO pr:0.8905  rc:0.9457  auc:0.9904 ap:0.9618 f1: 0.9173 pred_right: 16363 pred_wrong:137 actu_right: 16371 actu_wrong: 129
2026-09-16 11:05:38,280 P687173 INFO ----------------------------------------------------------------------------------------------------
2026-09-16 11:05:38,280 P687173 INFO 129/300 starting... lr: 0.0009000000000000001 para:0.01
2026-09-16 11:05:56,706 P687173 INFO Epoch 129/300, all_loss:0.00028 cls_loss:0.00002 rec_loss:0.02610 [18.42s]; best loss:0.00028, patience : 0
2026-09-16 11:06:00,891 P687173 INFO pr:0.9332  rc:0.9496  auc:0.9863 ap:0.9739 f1: 0.9413 pred_right: 38596 pred_wrong:404 actu_right: 38603 actu_wrong: 397
2026-09-16 11:06:03,064 P687173 INFO pr:0.8905  rc:0.9457  auc:0.9904 ap:0.9619 f1: 0.9173 pred_right: 16363 pred_wrong:137 actu_right: 16371 actu_wrong: 129
2026-09-16 11:06:03,065 P687173 INFO ----------------------------------------------------------------------------------------------------
2026-09-16 11:06:03,065 P687173 INFO 130/300 starting... lr: 0.0009000000000000001 para:0.01
2026-09-16 11:06:21,538 P687173 INFO Epoch 130/300, all_loss:0.00027 cls_loss:0.00002 rec_loss:0.02567 [18.46s]; best loss:0.00027, patience : 0
2026-09-16 11:06:26,184 P687173 INFO pr:0.9242  rc:0.9521  auc:0.9862 ap:0.9739 f1: 0.9380 pred_right: 38591 pred_wrong:409 actu_right: 38603 actu_wrong: 397
2026-09-16 11:06:28,192 P687173 INFO pr:0.8905  rc:0.9457  auc:0.9904 ap:0.9616 f1: 0.9173 pred_right: 16363 pred_wrong:137 actu_right: 16371 actu_wrong: 129
2026-09-16 11:06:28,193 P687173 INFO ----------------------------------------------------------------------------------------------------
2026-09-16 11:06:28,194 P687173 INFO 131/300 starting... lr: 0.0009000000000000001 para:0.01
2026-09-16 11:06:46,797 P687173 INFO Epoch 131/300, all_loss:0.00027 cls_loss:0.00002 rec_loss:0.02516 [18.59s]; best loss:0.00027, patience : 0
2026-09-16 11:06:51,322 P687173 INFO pr:0.9242  rc:0.9521  auc:0.9861 ap:0.9740 f1: 0.9380 pred_right: 38591 pred_wrong:409 actu_right: 38603 actu_wrong: 397
2026-09-16 11:06:53,434 P687173 INFO pr:0.8905  rc:0.9457  auc:0.9904 ap:0.9619 f1: 0.9173 pred_right: 16363 pred_wrong:137 actu_right: 16371 actu_wrong: 129
2026-09-16 11:06:53,435 P687173 INFO ----------------------------------------------------------------------------------------------------
2026-09-16 11:06:53,435 P687173 INFO 132/300 starting... lr: 0.0009000000000000001 para:0.01
2026-09-16 11:07:11,365 P687173 INFO Epoch 132/300, all_loss:0.00026 cls_loss:0.00002 rec_loss:0.02470 [17.92s]; best loss:0.00026, patience : 0
2026-09-16 11:07:14,591 P687173 INFO pr:0.9242  rc:0.9521  auc:0.9861 ap:0.9740 f1: 0.9380 pred_right: 38591 pred_wrong:409 actu_right: 38603 actu_wrong: 397
2026-09-16 11:07:16,021 P687173 INFO pr:0.8905  rc:0.9457  auc:0.9904 ap:0.9620 f1: 0.9173 pred_right: 16363 pred_wrong:137 actu_right: 16371 actu_wrong: 129
2026-09-16 11:07:16,022 P687173 INFO ----------------------------------------------------------------------------------------------------
2026-09-16 11:07:16,023 P687173 INFO 133/300 starting... lr: 0.0009000000000000001 para:0.01
2026-09-16 11:07:37,262 P687173 INFO Epoch 133/300, all_loss:0.00026 cls_loss:0.00002 rec_loss:0.02428 [21.22s]; best loss:0.00026, patience : 0
2026-09-16 11:07:47,791 P687173 INFO pr:0.9309  rc:0.9520  auc:0.9859 ap:0.9738 f1: 0.9413 pred_right: 38595 pred_wrong:405 actu_right: 38604 actu_wrong: 396
2026-09-16 11:07:50,248 P687173 INFO pr:0.8905  rc:0.9457  auc:0.9904 ap:0.9617 f1: 0.9173 pred_right: 16363 pred_wrong:137 actu_right: 16371 actu_wrong: 129
2026-09-16 11:07:50,250 P687173 INFO ----------------------------------------------------------------------------------------------------
2026-09-16 11:07:50,250 P687173 INFO 134/300 starting... lr: 0.0009000000000000001 para:0.01
2026-09-16 11:08:05,754 P687173 INFO Epoch 134/300, all_loss:0.00025 cls_loss:0.00001 rec_loss:0.02376 [15.49s]; best loss:0.00025, patience : 0
2026-09-16 11:08:09,549 P687173 INFO pr:0.9287  rc:0.9521  auc:0.9861 ap:0.9740 f1: 0.9403 pred_right: 38593 pred_wrong:407 actu_right: 38603 actu_wrong: 397
2026-09-16 11:08:11,105 P687173 INFO pr:0.8913  rc:0.9535  auc:0.9904 ap:0.9619 f1: 0.9213 pred_right: 16362 pred_wrong:138 actu_right: 16371 actu_wrong: 129
2026-09-16 11:08:11,106 P687173 INFO ----------------------------------------------------------------------------------------------------
2026-09-16 11:08:11,106 P687173 INFO 135/300 starting... lr: 0.0009000000000000001 para:0.01
2026-09-16 11:08:26,123 P687173 INFO Epoch 135/300, all_loss:0.00025 cls_loss:0.00001 rec_loss:0.02325 [15.01s]; best loss:0.00025, patience : 0
2026-09-16 11:08:29,627 P687173 INFO pr:0.9355  rc:0.9496  auc:0.9859 ap:0.9738 f1: 0.9425 pred_right: 38597 pred_wrong:403 actu_right: 38603 actu_wrong: 397
2026-09-16 11:08:31,143 P687173 INFO pr:0.8905  rc:0.9457  auc:0.9904 ap:0.9616 f1: 0.9173 pred_right: 16363 pred_wrong:137 actu_right: 16371 actu_wrong: 129
2026-09-16 11:08:31,144 P687173 INFO ----------------------------------------------------------------------------------------------------
2026-09-16 11:08:31,144 P687173 INFO 136/300 starting... lr: 0.0009000000000000001 para:0.01
2026-09-16 11:08:46,304 P687173 INFO Epoch 136/300, all_loss:0.00024 cls_loss:0.00001 rec_loss:0.02280 [15.15s]; best loss:0.00024, patience : 0
2026-09-16 11:08:50,137 P687173 INFO pr:0.9263  rc:0.9520  auc:0.9858 ap:0.9739 f1: 0.9390 pred_right: 38593 pred_wrong:407 actu_right: 38604 actu_wrong: 396
2026-09-16 11:08:51,566 P687173 INFO pr:0.8905  rc:0.9457  auc:0.9904 ap:0.9619 f1: 0.9173 pred_right: 16363 pred_wrong:137 actu_right: 16371 actu_wrong: 129
2026-09-16 11:08:51,567 P687173 INFO ----------------------------------------------------------------------------------------------------
2026-09-16 11:08:51,568 P687173 INFO 137/300 starting... lr: 0.0009000000000000001 para:0.01
2026-09-16 11:09:06,954 P687173 INFO Epoch 137/300, all_loss:0.00024 cls_loss:0.00001 rec_loss:0.02238 [15.38s]; best loss:0.00024, patience : 0
2026-09-16 11:09:11,263 P687173 INFO pr:0.9400  rc:0.9495  auc:0.9858 ap:0.9739 f1: 0.9447 pred_right: 38600 pred_wrong:400 actu_right: 38604 actu_wrong: 396
2026-09-16 11:09:12,953 P687173 INFO pr:0.8905  rc:0.9457  auc:0.9904 ap:0.9616 f1: 0.9173 pred_right: 16363 pred_wrong:137 actu_right: 16371 actu_wrong: 129
2026-09-16 11:09:12,954 P687173 INFO ----------------------------------------------------------------------------------------------------
2026-09-16 11:09:12,955 P687173 INFO 138/300 starting... lr: 0.0009000000000000001 para:0.01
2026-09-16 11:09:29,057 P687173 INFO Epoch 138/300, all_loss:0.00023 cls_loss:0.00001 rec_loss:0.02192 [16.10s]; best loss:0.00023, patience : 0
2026-09-16 11:09:33,001 P687173 INFO pr:0.9332  rc:0.9496  auc:0.9858 ap:0.9739 f1: 0.9413 pred_right: 38596 pred_wrong:404 actu_right: 38603 actu_wrong: 397
2026-09-16 11:09:34,655 P687173 INFO pr:0.8913  rc:0.9535  auc:0.9904 ap:0.9617 f1: 0.9213 pred_right: 16362 pred_wrong:138 actu_right: 16371 actu_wrong: 129
2026-09-16 11:09:34,657 P687173 INFO ----------------------------------------------------------------------------------------------------
2026-09-16 11:09:34,657 P687173 INFO 139/300 starting... lr: 0.0009000000000000001 para:0.01
2026-09-16 11:09:50,447 P687173 INFO Epoch 139/300, all_loss:0.00023 cls_loss:0.00001 rec_loss:0.02140 [15.78s]; best loss:0.00023, patience : 0
2026-09-16 11:09:54,507 P687173 INFO pr:0.9378  rc:0.9496  auc:0.9858 ap:0.9738 f1: 0.9437 pred_right: 38598 pred_wrong:402 actu_right: 38603 actu_wrong: 397
2026-09-16 11:09:56,200 P687173 INFO pr:0.8913  rc:0.9535  auc:0.9904 ap:0.9614 f1: 0.9213 pred_right: 16362 pred_wrong:138 actu_right: 16371 actu_wrong: 129
2026-09-16 11:09:56,203 P687173 INFO ----------------------------------------------------------------------------------------------------
2026-09-16 11:09:56,203 P687173 INFO 140/300 starting... lr: 0.0009000000000000001 para:0.01
2026-09-16 11:10:12,882 P687173 INFO Epoch 140/300, all_loss:0.00022 cls_loss:0.00001 rec_loss:0.02091 [16.67s]; best loss:0.00022, patience : 0
2026-09-16 11:10:15,825 P687173 INFO pr:0.9449  rc:0.9496  auc:0.9857 ap:0.9737 f1: 0.9472 pred_right: 38601 pred_wrong:399 actu_right: 38603 actu_wrong: 397
2026-09-16 11:10:17,156 P687173 INFO pr:0.8905  rc:0.9457  auc:0.9904 ap:0.9614 f1: 0.9173 pred_right: 16363 pred_wrong:137 actu_right: 16371 actu_wrong: 129
2026-09-16 11:10:17,157 P687173 INFO ----------------------------------------------------------------------------------------------------
2026-09-16 11:10:17,158 P687173 INFO 141/300 starting... lr: 0.0009000000000000001 para:0.01
2026-09-16 11:10:33,175 P687173 INFO Epoch 141/300, all_loss:0.00022 cls_loss:0.00001 rec_loss:0.02034 [16.00s]; best loss:0.00022, patience : 0
2026-09-16 11:10:48,865 P687173 INFO pr:0.9401  rc:0.9496  auc:0.9856 ap:0.9739 f1: 0.9449 pred_right: 38599 pred_wrong:401 actu_right: 38603 actu_wrong: 397
2026-09-16 11:10:52,799 P687173 INFO pr:0.8913  rc:0.9535  auc:0.9904 ap:0.9618 f1: 0.9213 pred_right: 16362 pred_wrong:138 actu_right: 16371 actu_wrong: 129
2026-09-16 11:10:52,800 P687173 INFO ----------------------------------------------------------------------------------------------------
2026-09-16 11:10:52,801 P687173 INFO 142/300 starting... lr: 0.0009000000000000001 para:0.01
2026-09-16 11:11:09,145 P687173 INFO Epoch 142/300, all_loss:0.00021 cls_loss:0.00002 rec_loss:0.02000 [16.33s]; best loss:0.00021, patience : 0
2026-09-16 11:11:12,549 P687173 INFO pr:0.9425  rc:0.9496  auc:0.9857 ap:0.9738 f1: 0.9460 pred_right: 38600 pred_wrong:400 actu_right: 38603 actu_wrong: 397
2026-09-16 11:11:14,009 P687173 INFO pr:0.8905  rc:0.9457  auc:0.9904 ap:0.9618 f1: 0.9173 pred_right: 16363 pred_wrong:137 actu_right: 16371 actu_wrong: 129
2026-09-16 11:11:14,010 P687173 INFO ----------------------------------------------------------------------------------------------------
2026-09-16 11:11:14,011 P687173 INFO 143/300 starting... lr: 0.0009000000000000001 para:0.01
2026-09-16 11:11:28,588 P687173 INFO Epoch 143/300, all_loss:0.00021 cls_loss:0.00001 rec_loss:0.01966 [14.57s]; best loss:0.00021, patience : 0
2026-09-16 11:11:32,758 P687173 INFO pr:0.9355  rc:0.9496  auc:0.9858 ap:0.9738 f1: 0.9425 pred_right: 38597 pred_wrong:403 actu_right: 38603 actu_wrong: 397
2026-09-16 11:11:34,516 P687173 INFO pr:0.8913  rc:0.9535  auc:0.9904 ap:0.9618 f1: 0.9213 pred_right: 16362 pred_wrong:138 actu_right: 16371 actu_wrong: 129
2026-09-16 11:11:34,518 P687173 INFO ----------------------------------------------------------------------------------------------------
2026-09-16 11:11:34,519 P687173 INFO 144/300 starting... lr: 0.0009000000000000001 para:0.01
2026-09-16 11:11:50,705 P687173 INFO Epoch 144/300, all_loss:0.00020 cls_loss:0.00001 rec_loss:0.01915 [16.18s]; best loss:0.00020, patience : 0
2026-09-16 11:11:54,786 P687173 INFO pr:0.9375  rc:0.9470  auc:0.9855 ap:0.9738 f1: 0.9422 pred_right: 38600 pred_wrong:400 actu_right: 38604 actu_wrong: 396
2026-09-16 11:11:56,548 P687173 INFO pr:0.8905  rc:0.9457  auc:0.9904 ap:0.9622 f1: 0.9173 pred_right: 16363 pred_wrong:137 actu_right: 16371 actu_wrong: 129
2026-09-16 11:11:56,550 P687173 INFO ----------------------------------------------------------------------------------------------------
2026-09-16 11:11:56,551 P687173 INFO 145/300 starting... lr: 0.0009000000000000001 para:0.01
2026-09-16 11:12:11,662 P687173 INFO Epoch 145/300, all_loss:0.00020 cls_loss:0.00001 rec_loss:0.01872 [15.10s]; best loss:0.00020, patience : 0
2026-09-16 11:12:15,568 P687173 INFO pr:0.9401  rc:0.9496  auc:0.9854 ap:0.9740 f1: 0.9449 pred_right: 38599 pred_wrong:401 actu_right: 38603 actu_wrong: 397
2026-09-16 11:12:17,592 P687173 INFO pr:0.8905  rc:0.9457  auc:0.9905 ap:0.9626 f1: 0.9173 pred_right: 16363 pred_wrong:137 actu_right: 16371 actu_wrong: 129
2026-09-16 11:12:17,593 P687173 INFO ----------------------------------------------------------------------------------------------------
2026-09-16 11:12:17,593 P687173 INFO 146/300 starting... lr: 0.0009000000000000001 para:0.01
2026-09-16 11:12:34,295 P687173 INFO Epoch 146/300, all_loss:0.00019 cls_loss:0.00001 rec_loss:0.01810 [16.69s]; best loss:0.00019, patience : 0
2026-09-16 11:12:38,899 P687173 INFO pr:0.9470  rc:0.9446  auc:0.9847 ap:0.9736 f1: 0.9458 pred_right: 38604 pred_wrong:396 actu_right: 38603 actu_wrong: 397
2026-09-16 11:12:41,202 P687173 INFO pr:0.8905  rc:0.9457  auc:0.9905 ap:0.9688 f1: 0.9173 pred_right: 16363 pred_wrong:137 actu_right: 16371 actu_wrong: 129
2026-09-16 11:12:41,205 P687173 INFO ----------------------------------------------------------------------------------------------------
2026-09-16 11:12:41,207 P687173 INFO 147/300 starting... lr: 0.0009000000000000001 para:0.01
2026-09-16 11:12:58,199 P687173 INFO Epoch 147/300, all_loss:0.02961 cls_loss:0.02972 rec_loss:0.01842 [16.99s]; best loss:0.00019, patience : 1
2026-09-16 11:13:02,594 P687173 INFO pr:0.9838  rc:0.7652  auc:0.9637 ap:0.9569 f1: 0.8608 pred_right: 38692 pred_wrong:308 actu_right: 38604 actu_wrong: 396
2026-09-16 11:13:04,391 P687173 INFO pr:0.9787  rc:0.7132  auc:0.9634 ap:0.9441 f1: 0.8251 pred_right: 16406 pred_wrong:94 actu_right: 16371 actu_wrong: 129
2026-09-16 11:13:04,393 P687173 INFO ----------------------------------------------------------------------------------------------------
2026-09-16 11:13:04,395 P687173 INFO 148/300 starting... lr: 0.0009000000000000001 para:0.01
2026-09-16 11:13:19,303 P687173 INFO Epoch 148/300, all_loss:3.11150 cls_loss:3.14265 rec_loss:0.02767 [14.91s]; best loss:0.00019, patience : 2
2026-09-16 11:13:24,636 P687173 INFO pr:0.9518  rc:0.9446  auc:0.9852 ap:0.9730 f1: 0.9482 pred_right: 38606 pred_wrong:394 actu_right: 38603 actu_wrong: 397
2026-09-16 11:13:25,914 P687173 INFO pr:0.8986  rc:0.9612  auc:0.9931 ap:0.9494 f1: 0.9288 pred_right: 16362 pred_wrong:138 actu_right: 16371 actu_wrong: 129
2026-09-16 11:13:25,921 P687173 INFO ----------------------------------------------------------------------------------------------------
2026-09-16 11:13:25,921 P687173 INFO 149/300 starting... lr: 0.0009000000000000001 para:0.01
2026-09-16 11:13:39,206 P687173 INFO Epoch 149/300, all_loss:0.09434 cls_loss:0.09506 rec_loss:0.02308 [13.28s]; best loss:0.00019, patience : 2
2026-09-16 11:13:45,751 P687173 INFO pr:0.9355  rc:0.9496  auc:0.9852 ap:0.9727 f1: 0.9425 pred_right: 38597 pred_wrong:403 actu_right: 38603 actu_wrong: 397
2026-09-16 11:13:52,364 P687173 INFO pr:0.8794  rc:0.9612  auc:0.9933 ap:0.9622 f1: 0.9185 pred_right: 16359 pred_wrong:141 actu_right: 16371 actu_wrong: 129
2026-09-16 11:13:52,370 P687173 INFO ----------------------------------------------------------------------------------------------------
2026-09-16 11:13:52,370 P687173 INFO 150/300 starting... lr: 0.0009000000000000001 para:0.01
2026-09-16 11:14:14,544 P687173 INFO Epoch 150/300, all_loss:0.04105 cls_loss:0.04125 rec_loss:0.02191 [22.17s]; best loss:0.00019, patience : 2
2026-09-16 11:14:18,080 P687173 INFO pr:0.9563  rc:0.8816  auc:0.9842 ap:0.9717 f1: 0.9174 pred_right: 38634 pred_wrong:366 actu_right: 38603 actu_wrong: 397
2026-09-16 11:14:19,837 P687173 INFO pr:0.8864  rc:0.9070  auc:0.9916 ap:0.9522 f1: 0.8966 pred_right: 16368 pred_wrong:132 actu_right: 16371 actu_wrong: 129
2026-09-16 11:14:19,839 P687173 INFO ----------------------------------------------------------------------------------------------------
2026-09-16 11:14:19,839 P687173 INFO 151/300 starting... lr: 0.0009000000000000001 para:0.01
2026-09-16 11:14:35,384 P687173 INFO Epoch 151/300, all_loss:0.01934 cls_loss:0.01928 rec_loss:0.02569 [15.54s]; best loss:0.00019, patience : 2
2026-09-16 11:14:38,930 P687173 INFO pr:0.9300  rc:0.9394  auc:0.9871 ap:0.9715 f1: 0.9347 pred_right: 38600 pred_wrong:400 actu_right: 38604 actu_wrong: 396
2026-09-16 11:14:40,448 P687173 INFO pr:0.8542  rc:0.9535  auc:0.9926 ap:0.9537 f1: 0.9011 pred_right: 16356 pred_wrong:144 actu_right: 16371 actu_wrong: 129
2026-09-16 11:14:40,450 P687173 INFO ----------------------------------------------------------------------------------------------------
2026-09-16 11:14:40,450 P687173 INFO 152/300 starting... lr: 0.0009000000000000001 para:0.01
2026-09-16 11:14:56,084 P687173 INFO Epoch 152/300, all_loss:0.04889 cls_loss:0.04914 rec_loss:0.02448 [15.63s]; best loss:0.00019, patience : 3
2026-09-16 11:15:00,736 P687173 INFO pr:0.9240  rc:0.9520  auc:0.9894 ap:0.9738 f1: 0.9378 pred_right: 38592 pred_wrong:408 actu_right: 38604 actu_wrong: 396
2026-09-16 11:15:02,238 P687173 INFO pr:0.8378  rc:0.9612  auc:0.9953 ap:0.9582 f1: 0.8953 pred_right: 16352 pred_wrong:148 actu_right: 16371 actu_wrong: 129
2026-09-16 11:15:02,240 P687173 INFO ----------------------------------------------------------------------------------------------------
2026-09-16 11:15:02,240 P687173 INFO 153/300 starting... lr: 0.0009000000000000001 para:0.01
2026-09-16 11:15:18,340 P687173 INFO Epoch 153/300, all_loss:0.04152 cls_loss:0.04166 rec_loss:0.02769 [16.10s]; best loss:0.00019, patience : 3
2026-09-16 11:15:22,526 P687173 INFO pr:0.9286  rc:0.9544  auc:0.9896 ap:0.9729 f1: 0.9413 pred_right: 38594 pred_wrong:406 actu_right: 38605 actu_wrong: 395
2026-09-16 11:15:24,244 P687173 INFO pr:0.8493  rc:0.9612  auc:0.9933 ap:0.9507 f1: 0.9018 pred_right: 16354 pred_wrong:146 actu_right: 16371 actu_wrong: 129
2026-09-16 11:15:24,245 P687173 INFO ----------------------------------------------------------------------------------------------------
2026-09-16 11:15:24,246 P687173 INFO 154/300 starting... lr: 0.0009000000000000001 para:0.01
2026-09-16 11:15:40,951 P687173 INFO Epoch 154/300, all_loss:0.01456 cls_loss:0.01438 rec_loss:0.03150 [16.70s]; best loss:0.00019, patience : 3
2026-09-16 11:15:45,174 P687173 INFO pr:0.9261  rc:0.9471  auc:0.9887 ap:0.9721 f1: 0.9365 pred_right: 38594 pred_wrong:406 actu_right: 38603 actu_wrong: 397
2026-09-16 11:15:46,979 P687173 INFO pr:0.8723  rc:0.9535  auc:0.9936 ap:0.9652 f1: 0.9111 pred_right: 16359 pred_wrong:141 actu_right: 16371 actu_wrong: 129
2026-09-16 11:15:46,981 P687173 INFO ----------------------------------------------------------------------------------------------------
2026-09-16 11:15:46,981 P687173 INFO 155/300 starting... lr: 0.0009000000000000001 para:0.01
2026-09-16 11:16:02,847 P687173 INFO Epoch 155/300, all_loss:0.01414 cls_loss:0.01398 rec_loss:0.03020 [15.87s]; best loss:0.00019, patience : 3
2026-09-16 11:16:06,525 P687173 INFO pr:0.9050  rc:0.9597  auc:0.9876 ap:0.9691 f1: 0.9315 pred_right: 38579 pred_wrong:421 actu_right: 38603 actu_wrong: 397
2026-09-16 11:16:08,099 P687173 INFO pr:0.8322  rc:0.9612  auc:0.9956 ap:0.9704 f1: 0.8921 pred_right: 16351 pred_wrong:149 actu_right: 16371 actu_wrong: 129
2026-09-16 11:16:08,108 P687173 INFO ----------------------------------------------------------------------------------------------------
2026-09-16 11:16:08,108 P687173 INFO 156/300 starting... lr: 0.0009000000000000001 para:0.01
2026-09-16 11:16:23,507 P687173 INFO Epoch 156/300, all_loss:0.00630 cls_loss:0.00606 rec_loss:0.03076 [15.40s]; best loss:0.00019, patience : 3
2026-09-16 11:16:29,229 P687173 INFO pr:0.9425  rc:0.9496  auc:0.9875 ap:0.9777 f1: 0.9460 pred_right: 38600 pred_wrong:400 actu_right: 38603 actu_wrong: 397
2026-09-16 11:16:30,666 P687173 INFO pr:0.8652  rc:0.9457  auc:0.9935 ap:0.9658 f1: 0.9037 pred_right: 16359 pred_wrong:141 actu_right: 16371 actu_wrong: 129
2026-09-16 11:16:30,668 P687173 INFO ----------------------------------------------------------------------------------------------------
2026-09-16 11:16:30,669 P687173 INFO 157/300 starting... lr: 0.0009000000000000001 para:0.01
2026-09-16 11:16:43,843 P687173 INFO Epoch 157/300, all_loss:0.00122 cls_loss:0.00092 rec_loss:0.03072 [13.17s]; best loss:0.00019, patience : 3
2026-09-16 11:16:47,273 P687173 INFO pr:0.9470  rc:0.9446  auc:0.9870 ap:0.9781 f1: 0.9458 pred_right: 38604 pred_wrong:396 actu_right: 38603 actu_wrong: 397
2026-09-16 11:16:48,974 P687173 INFO pr:0.8832  rc:0.9380  auc:0.9935 ap:0.9661 f1: 0.9098 pred_right: 16363 pred_wrong:137 actu_right: 16371 actu_wrong: 129
2026-09-16 11:16:48,977 P687173 INFO ----------------------------------------------------------------------------------------------------
2026-09-16 11:16:48,977 P687173 INFO 158/300 starting... lr: 0.0009000000000000001 para:0.01
2026-09-16 11:17:16,549 P687173 INFO Epoch 158/300, all_loss:0.00077 cls_loss:0.00047 rec_loss:0.03099 [27.57s]; best loss:0.00019, patience : 3
2026-09-16 11:17:20,534 P687173 INFO pr:0.9377  rc:0.9495  auc:0.9884 ap:0.9774 f1: 0.9435 pred_right: 38599 pred_wrong:401 actu_right: 38604 actu_wrong: 396
2026-09-16 11:17:22,168 P687173 INFO pr:0.8652  rc:0.9457  auc:0.9934 ap:0.9591 f1: 0.9037 pred_right: 16359 pred_wrong:141 actu_right: 16371 actu_wrong: 129
2026-09-16 11:17:22,170 P687173 INFO ----------------------------------------------------------------------------------------------------
2026-09-16 11:17:22,174 P687173 INFO 159/300 starting... lr: 0.0009000000000000001 para:0.01
2026-09-16 11:17:37,233 P687173 INFO Epoch 159/300, all_loss:0.00070 cls_loss:0.00040 rec_loss:0.02980 [15.06s]; best loss:0.00019, patience : 3
2026-09-16 11:17:41,314 P687173 INFO pr:0.9425  rc:0.9496  auc:0.9883 ap:0.9786 f1: 0.9460 pred_right: 38600 pred_wrong:400 actu_right: 38603 actu_wrong: 397
2026-09-16 11:17:42,830 P687173 INFO pr:0.8777  rc:0.9457  auc:0.9935 ap:0.9593 f1: 0.9104 pred_right: 16361 pred_wrong:139 actu_right: 16371 actu_wrong: 129
2026-09-16 11:17:42,831 P687173 INFO ----------------------------------------------------------------------------------------------------
2026-09-16 11:17:42,831 P687173 INFO 160/300 starting... lr: 0.0009000000000000001 para:0.01
2026-09-16 11:17:58,705 P687173 INFO Epoch 160/300, all_loss:0.00043 cls_loss:0.00014 rec_loss:0.02931 [15.87s]; best loss:0.00019, patience : 3
2026-09-16 11:18:03,273 P687173 INFO pr:0.9401  rc:0.9496  auc:0.9884 ap:0.9787 f1: 0.9449 pred_right: 38599 pred_wrong:401 actu_right: 38603 actu_wrong: 397
2026-09-16 11:18:05,156 P687173 INFO pr:0.8777  rc:0.9457  auc:0.9935 ap:0.9593 f1: 0.9104 pred_right: 16361 pred_wrong:139 actu_right: 16371 actu_wrong: 129
2026-09-16 11:18:05,157 P687173 INFO ----------------------------------------------------------------------------------------------------
2026-09-16 11:18:05,158 P687173 INFO 161/300 starting... lr: 0.0009000000000000001 para:0.01
2026-09-16 11:18:21,171 P687173 INFO Epoch 161/300, all_loss:0.00039 cls_loss:0.00011 rec_loss:0.02890 [16.01s]; best loss:0.00019, patience : 3
2026-09-16 11:18:25,405 P687173 INFO pr:0.9401  rc:0.9496  auc:0.9883 ap:0.9776 f1: 0.9449 pred_right: 38599 pred_wrong:401 actu_right: 38603 actu_wrong: 397
2026-09-16 11:18:27,072 P687173 INFO pr:0.8777  rc:0.9457  auc:0.9935 ap:0.9594 f1: 0.9104 pred_right: 16361 pred_wrong:139 actu_right: 16371 actu_wrong: 129
2026-09-16 11:18:27,073 P687173 INFO ----------------------------------------------------------------------------------------------------
2026-09-16 11:18:27,074 P687173 INFO 162/300 starting... lr: 0.0009000000000000001 para:0.01
2026-09-16 11:18:42,519 P687173 INFO Epoch 162/300, all_loss:0.00037 cls_loss:0.00008 rec_loss:0.02841 [15.44s]; best loss:0.00019, patience : 3
2026-09-16 11:18:46,735 P687173 INFO pr:0.9425  rc:0.9496  auc:0.9883 ap:0.9776 f1: 0.9460 pred_right: 38600 pred_wrong:400 actu_right: 38603 actu_wrong: 397
2026-09-16 11:18:48,416 P687173 INFO pr:0.8777  rc:0.9457  auc:0.9935 ap:0.9594 f1: 0.9104 pred_right: 16361 pred_wrong:139 actu_right: 16371 actu_wrong: 129
2026-09-16 11:18:48,417 P687173 INFO ----------------------------------------------------------------------------------------------------
2026-09-16 11:18:48,418 P687173 INFO 163/300 starting... lr: 0.0009000000000000001 para:0.01
2026-09-16 11:19:04,328 P687173 INFO Epoch 163/300, all_loss:0.00035 cls_loss:0.00007 rec_loss:0.02806 [15.91s]; best loss:0.00019, patience : 3
2026-09-16 11:19:08,041 P687173 INFO pr:0.9425  rc:0.9496  auc:0.9883 ap:0.9776 f1: 0.9460 pred_right: 38600 pred_wrong:400 actu_right: 38603 actu_wrong: 397
2026-09-16 11:19:09,934 P687173 INFO pr:0.8777  rc:0.9457  auc:0.9935 ap:0.9594 f1: 0.9104 pred_right: 16361 pred_wrong:139 actu_right: 16371 actu_wrong: 129
2026-09-16 11:19:09,936 P687173 INFO ----------------------------------------------------------------------------------------------------
2026-09-16 11:19:09,936 P687173 INFO 164/300 starting... lr: 0.0009000000000000001 para:0.01
2026-09-16 11:19:26,377 P687173 INFO Epoch 164/300, all_loss:0.00033 cls_loss:0.00006 rec_loss:0.02765 [16.44s]; best loss:0.00019, patience : 3
2026-09-16 11:19:30,171 P687173 INFO pr:0.9422  rc:0.9470  auc:0.9882 ap:0.9776 f1: 0.9446 pred_right: 38602 pred_wrong:398 actu_right: 38604 actu_wrong: 396
2026-09-16 11:19:31,940 P687173 INFO pr:0.8777  rc:0.9457  auc:0.9935 ap:0.9594 f1: 0.9104 pred_right: 16361 pred_wrong:139 actu_right: 16371 actu_wrong: 129
2026-09-16 11:19:31,949 P687173 INFO ----------------------------------------------------------------------------------------------------
2026-09-16 11:19:31,949 P687173 INFO 165/300 starting... lr: 0.0009000000000000001 para:0.01
2026-09-16 11:19:46,451 P687173 INFO Epoch 165/300, all_loss:0.00032 cls_loss:0.00005 rec_loss:0.02715 [14.50s]; best loss:0.00019, patience : 3
2026-09-16 11:19:49,996 P687173 INFO pr:0.9425  rc:0.9496  auc:0.9876 ap:0.9776 f1: 0.9460 pred_right: 38600 pred_wrong:400 actu_right: 38603 actu_wrong: 397
2026-09-16 11:19:51,384 P687173 INFO pr:0.8777  rc:0.9457  auc:0.9935 ap:0.9596 f1: 0.9104 pred_right: 16361 pred_wrong:139 actu_right: 16371 actu_wrong: 129
2026-09-16 11:19:51,385 P687173 INFO ----------------------------------------------------------------------------------------------------
2026-09-16 11:19:51,386 P687173 INFO 166/300 starting... lr: 0.0009000000000000001 para:0.01
2026-09-16 11:20:18,195 P687173 INFO Epoch 166/300, all_loss:0.00031 cls_loss:0.00004 rec_loss:0.02674 [26.81s]; best loss:0.00019, patience : 3
2026-09-16 11:20:23,072 P687173 INFO pr:0.9397  rc:0.9468  auc:0.9875 ap:0.9775 f1: 0.9433 pred_right: 38602 pred_wrong:398 actu_right: 38605 actu_wrong: 395
2026-09-16 11:20:24,879 P687173 INFO pr:0.8777  rc:0.9457  auc:0.9935 ap:0.9595 f1: 0.9104 pred_right: 16361 pred_wrong:139 actu_right: 16371 actu_wrong: 129
2026-09-16 11:20:24,880 P687173 INFO ----------------------------------------------------------------------------------------------------
2026-09-16 11:20:24,880 P687173 INFO 167/300 starting... lr: 0.0009000000000000001 para:0.01
2026-09-16 11:20:39,936 P687173 INFO Epoch 167/300, all_loss:0.00030 cls_loss:0.00004 rec_loss:0.02637 [15.05s]; best loss:0.00019, patience : 3
2026-09-16 11:20:43,641 P687173 INFO pr:0.9355  rc:0.9496  auc:0.9875 ap:0.9776 f1: 0.9425 pred_right: 38597 pred_wrong:403 actu_right: 38603 actu_wrong: 397
2026-09-16 11:20:45,259 P687173 INFO pr:0.8777  rc:0.9457  auc:0.9935 ap:0.9596 f1: 0.9104 pred_right: 16361 pred_wrong:139 actu_right: 16371 actu_wrong: 129
2026-09-16 11:20:45,260 P687173 INFO ----------------------------------------------------------------------------------------------------
2026-09-16 11:20:45,261 P687173 INFO 168/300 starting... lr: 0.0009000000000000001 para:0.01
2026-09-16 11:21:00,021 P687173 INFO Epoch 168/300, all_loss:0.00029 cls_loss:0.00003 rec_loss:0.02590 [14.76s]; best loss:0.00019, patience : 3
2026-09-16 11:21:03,822 P687173 INFO pr:0.9400  rc:0.9471  auc:0.9875 ap:0.9776 f1: 0.9435 pred_right: 38600 pred_wrong:400 actu_right: 38603 actu_wrong: 397
2026-09-16 11:21:05,757 P687173 INFO pr:0.8777  rc:0.9457  auc:0.9935 ap:0.9595 f1: 0.9104 pred_right: 16361 pred_wrong:139 actu_right: 16371 actu_wrong: 129
2026-09-16 11:21:05,759 P687173 INFO ----------------------------------------------------------------------------------------------------
2026-09-16 11:21:05,760 P687173 INFO 169/300 starting... lr: 0.0009000000000000001 para:0.01
2026-09-16 11:21:21,806 P687173 INFO Epoch 169/300, all_loss:0.00028 cls_loss:0.00003 rec_loss:0.02550 [16.04s]; best loss:0.00019, patience : 3
2026-09-16 11:21:25,706 P687173 INFO pr:0.9377  rc:0.9471  auc:0.9875 ap:0.9776 f1: 0.9424 pred_right: 38599 pred_wrong:401 actu_right: 38603 actu_wrong: 397
2026-09-16 11:21:27,198 P687173 INFO pr:0.8777  rc:0.9457  auc:0.9935 ap:0.9595 f1: 0.9104 pred_right: 16361 pred_wrong:139 actu_right: 16371 actu_wrong: 129
2026-09-16 11:21:27,199 P687173 INFO ----------------------------------------------------------------------------------------------------
2026-09-16 11:21:27,201 P687173 INFO 170/300 starting... lr: 0.0009000000000000001 para:0.01
2026-09-16 11:21:43,363 P687173 INFO Epoch 170/300, all_loss:0.00028 cls_loss:0.00003 rec_loss:0.02507 [16.16s]; best loss:0.00019, patience : 3
2026-09-16 11:21:47,243 P687173 INFO pr:0.9377  rc:0.9471  auc:0.9868 ap:0.9776 f1: 0.9424 pred_right: 38599 pred_wrong:401 actu_right: 38603 actu_wrong: 397
2026-09-16 11:21:48,992 P687173 INFO pr:0.8777  rc:0.9457  auc:0.9934 ap:0.9595 f1: 0.9104 pred_right: 16361 pred_wrong:139 actu_right: 16371 actu_wrong: 129
2026-09-16 11:21:48,993 P687173 INFO ----------------------------------------------------------------------------------------------------
2026-09-16 11:21:48,993 P687173 INFO 171/300 starting... lr: 0.0009000000000000001 para:0.01
2026-09-16 11:22:05,011 P687173 INFO Epoch 171/300, all_loss:0.00027 cls_loss:0.00002 rec_loss:0.02466 [16.02s]; best loss:0.00019, patience : 3
2026-09-16 11:22:09,153 P687173 INFO pr:0.9377  rc:0.9471  auc:0.9868 ap:0.9776 f1: 0.9424 pred_right: 38599 pred_wrong:401 actu_right: 38603 actu_wrong: 397
2026-09-16 11:22:10,838 P687173 INFO pr:0.8768  rc:0.9380  auc:0.9934 ap:0.9594 f1: 0.9064 pred_right: 16362 pred_wrong:138 actu_right: 16371 actu_wrong: 129
2026-09-16 11:22:10,839 P687173 INFO ----------------------------------------------------------------------------------------------------
2026-09-16 11:22:10,840 P687173 INFO 172/300 starting... lr: 0.0009000000000000001 para:0.01
2026-09-16 11:22:25,808 P687173 INFO Epoch 172/300, all_loss:0.00027 cls_loss:0.00002 rec_loss:0.02426 [14.97s]; best loss:0.00019, patience : 3
2026-09-16 11:22:30,158 P687173 INFO pr:0.9355  rc:0.9496  auc:0.9868 ap:0.9776 f1: 0.9425 pred_right: 38597 pred_wrong:403 actu_right: 38603 actu_wrong: 397
2026-09-16 11:22:32,062 P687173 INFO pr:0.8768  rc:0.9380  auc:0.9934 ap:0.9595 f1: 0.9064 pred_right: 16362 pred_wrong:138 actu_right: 16371 actu_wrong: 129
2026-09-16 11:22:32,063 P687173 INFO ----------------------------------------------------------------------------------------------------
2026-09-16 11:22:32,063 P687173 INFO 173/300 starting... lr: 0.0009000000000000001 para:0.01
2026-09-16 11:22:47,416 P687173 INFO Epoch 173/300, all_loss:0.00026 cls_loss:0.00002 rec_loss:0.02382 [15.35s]; best loss:0.00019, patience : 3
2026-09-16 11:22:50,542 P687173 INFO pr:0.9332  rc:0.9496  auc:0.9874 ap:0.9776 f1: 0.9413 pred_right: 38596 pred_wrong:404 actu_right: 38603 actu_wrong: 397
2026-09-16 11:22:52,022 P687173 INFO pr:0.8768  rc:0.9380  auc:0.9934 ap:0.9598 f1: 0.9064 pred_right: 16362 pred_wrong:138 actu_right: 16371 actu_wrong: 129
2026-09-16 11:22:52,023 P687173 INFO ----------------------------------------------------------------------------------------------------
2026-09-16 11:22:52,023 P687173 INFO 174/300 starting... lr: 0.0009000000000000001 para:0.01
2026-09-16 11:23:13,643 P687173 INFO Epoch 174/300, all_loss:0.00025 cls_loss:0.00002 rec_loss:0.02339 [21.62s]; best loss:0.00019, patience : 3
2026-09-16 11:23:24,151 P687173 INFO pr:0.9353  rc:0.9495  auc:0.9867 ap:0.9775 f1: 0.9424 pred_right: 38598 pred_wrong:402 actu_right: 38604 actu_wrong: 396
2026-09-16 11:23:26,327 P687173 INFO pr:0.8768  rc:0.9380  auc:0.9934 ap:0.9598 f1: 0.9064 pred_right: 16362 pred_wrong:138 actu_right: 16371 actu_wrong: 129
2026-09-16 11:23:26,329 P687173 INFO ----------------------------------------------------------------------------------------------------
2026-09-16 11:23:26,329 P687173 INFO 175/300 starting... lr: 0.0009000000000000001 para:0.01
2026-09-16 11:23:42,078 P687173 INFO Epoch 175/300, all_loss:0.00025 cls_loss:0.00002 rec_loss:0.02303 [15.75s]; best loss:0.00019, patience : 3
2026-09-16 11:23:45,908 P687173 INFO pr:0.9355  rc:0.9496  auc:0.9867 ap:0.9776 f1: 0.9425 pred_right: 38597 pred_wrong:403 actu_right: 38603 actu_wrong: 397
2026-09-16 11:23:47,623 P687173 INFO pr:0.8768  rc:0.9380  auc:0.9934 ap:0.9598 f1: 0.9064 pred_right: 16362 pred_wrong:138 actu_right: 16371 actu_wrong: 129
2026-09-16 11:23:47,624 P687173 INFO ----------------------------------------------------------------------------------------------------
2026-09-16 11:23:47,625 P687173 INFO 176/300 starting... lr: 0.0009000000000000001 para:0.01
2026-09-16 11:24:03,035 P687173 INFO Epoch 176/300, all_loss:0.00024 cls_loss:0.00002 rec_loss:0.02263 [15.41s]; best loss:0.00019, patience : 3
2026-09-16 11:24:07,302 P687173 INFO pr:0.9355  rc:0.9496  auc:0.9867 ap:0.9776 f1: 0.9425 pred_right: 38597 pred_wrong:403 actu_right: 38603 actu_wrong: 397
2026-09-16 11:24:09,349 P687173 INFO pr:0.8768  rc:0.9380  auc:0.9934 ap:0.9599 f1: 0.9064 pred_right: 16362 pred_wrong:138 actu_right: 16371 actu_wrong: 129
2026-09-16 11:24:09,357 P687173 INFO ----------------------------------------------------------------------------------------------------
2026-09-16 11:24:09,358 P687173 INFO 177/300 starting... lr: 0.0009000000000000001 para:0.01
2026-09-16 11:24:24,786 P687173 INFO Epoch 177/300, all_loss:0.00024 cls_loss:0.00002 rec_loss:0.02226 [15.43s]; best loss:0.00019, patience : 3
2026-09-16 11:24:29,536 P687173 INFO pr:0.9330  rc:0.9495  auc:0.9867 ap:0.9775 f1: 0.9412 pred_right: 38597 pred_wrong:403 actu_right: 38604 actu_wrong: 396
2026-09-16 11:24:31,542 P687173 INFO pr:0.8777  rc:0.9457  auc:0.9934 ap:0.9598 f1: 0.9104 pred_right: 16361 pred_wrong:139 actu_right: 16371 actu_wrong: 129
2026-09-16 11:24:31,544 P687173 INFO ----------------------------------------------------------------------------------------------------
2026-09-16 11:24:31,546 P687173 INFO 178/300 starting... lr: 0.0009000000000000001 para:0.01
2026-09-16 11:24:46,608 P687173 INFO Epoch 178/300, all_loss:0.00023 cls_loss:0.00002 rec_loss:0.02186 [15.06s]; best loss:0.00019, patience : 3
2026-09-16 11:24:50,612 P687173 INFO pr:0.9355  rc:0.9496  auc:0.9867 ap:0.9776 f1: 0.9425 pred_right: 38597 pred_wrong:403 actu_right: 38603 actu_wrong: 397
2026-09-16 11:24:52,296 P687173 INFO pr:0.8777  rc:0.9457  auc:0.9934 ap:0.9598 f1: 0.9104 pred_right: 16361 pred_wrong:139 actu_right: 16371 actu_wrong: 129
2026-09-16 11:24:52,297 P687173 INFO ----------------------------------------------------------------------------------------------------
2026-09-16 11:24:52,297 P687173 INFO 179/300 starting... lr: 0.0009000000000000001 para:0.01
2026-09-16 11:25:08,570 P687173 INFO Epoch 179/300, all_loss:0.00023 cls_loss:0.00001 rec_loss:0.02149 [16.27s]; best loss:0.00019, patience : 3
2026-09-16 11:25:13,067 P687173 INFO pr:0.9352  rc:0.9470  auc:0.9866 ap:0.9775 f1: 0.9410 pred_right: 38599 pred_wrong:401 actu_right: 38604 actu_wrong: 396
2026-09-16 11:25:14,846 P687173 INFO pr:0.8777  rc:0.9457  auc:0.9933 ap:0.9597 f1: 0.9104 pred_right: 16361 pred_wrong:139 actu_right: 16371 actu_wrong: 129
2026-09-16 11:25:14,849 P687173 INFO ----------------------------------------------------------------------------------------------------
2026-09-16 11:25:14,850 P687173 INFO 180/300 starting... lr: 0.0009000000000000001 para:0.01
2026-09-16 11:25:29,875 P687173 INFO Epoch 180/300, all_loss:0.00023 cls_loss:0.00001 rec_loss:0.02114 [15.02s]; best loss:0.00019, patience : 3
2026-09-16 11:25:33,592 P687173 INFO pr:0.9353  rc:0.9471  auc:0.9867 ap:0.9776 f1: 0.9412 pred_right: 38598 pred_wrong:402 actu_right: 38603 actu_wrong: 397
2026-09-16 11:25:35,244 P687173 INFO pr:0.8777  rc:0.9457  auc:0.9933 ap:0.9597 f1: 0.9104 pred_right: 16361 pred_wrong:139 actu_right: 16371 actu_wrong: 129
2026-09-16 11:25:35,245 P687173 INFO ----------------------------------------------------------------------------------------------------
2026-09-16 11:25:35,245 P687173 INFO 181/300 starting... lr: 0.0009000000000000001 para:0.01
2026-09-16 11:25:52,377 P687173 INFO Epoch 181/300, all_loss:0.00022 cls_loss:0.00001 rec_loss:0.02072 [17.13s]; best loss:0.00019, patience : 3
2026-09-16 11:25:55,345 P687173 INFO pr:0.9356  rc:0.9521  auc:0.9873 ap:0.9776 f1: 0.9438 pred_right: 38596 pred_wrong:404 actu_right: 38603 actu_wrong: 397
2026-09-16 11:25:56,733 P687173 INFO pr:0.8786  rc:0.9535  auc:0.9933 ap:0.9599 f1: 0.9145 pred_right: 16360 pred_wrong:140 actu_right: 16371 actu_wrong: 129
2026-09-16 11:25:56,734 P687173 INFO ----------------------------------------------------------------------------------------------------
2026-09-16 11:25:56,734 P687173 INFO 182/300 starting... lr: 0.0009000000000000001 para:0.01
2026-09-16 11:26:10,590 P687173 INFO Epoch 182/300, all_loss:0.00022 cls_loss:0.00001 rec_loss:0.02038 [13.85s]; best loss:0.00019, patience : 3
2026-09-16 11:26:27,917 P687173 INFO pr:0.9358  rc:0.9547  auc:0.9873 ap:0.9777 f1: 0.9451 pred_right: 38595 pred_wrong:405 actu_right: 38603 actu_wrong: 397
2026-09-16 11:26:32,432 P687173 INFO pr:0.8786  rc:0.9535  auc:0.9933 ap:0.9599 f1: 0.9145 pred_right: 16360 pred_wrong:140 actu_right: 16371 actu_wrong: 129
2026-09-16 11:26:32,433 P687173 INFO ----------------------------------------------------------------------------------------------------
2026-09-16 11:26:32,433 P687173 INFO 183/300 starting... lr: 0.0009000000000000001 para:0.01
2026-09-16 11:26:48,022 P687173 INFO Epoch 183/300, all_loss:0.00021 cls_loss:0.00001 rec_loss:0.02003 [15.59s]; best loss:0.00019, patience : 3
2026-09-16 11:26:51,943 P687173 INFO pr:0.9356  rc:0.9521  auc:0.9873 ap:0.9776 f1: 0.9438 pred_right: 38596 pred_wrong:404 actu_right: 38603 actu_wrong: 397
2026-09-16 11:26:53,482 P687173 INFO pr:0.8786  rc:0.9535  auc:0.9933 ap:0.9599 f1: 0.9145 pred_right: 16360 pred_wrong:140 actu_right: 16371 actu_wrong: 129
2026-09-16 11:26:53,483 P687173 INFO ----------------------------------------------------------------------------------------------------
2026-09-16 11:26:53,484 P687173 INFO 184/300 starting... lr: 0.0009000000000000001 para:0.01
2026-09-16 11:27:08,407 P687173 INFO Epoch 184/300, all_loss:0.00021 cls_loss:0.00001 rec_loss:0.01962 [14.92s]; best loss:0.00019, patience : 3
2026-09-16 11:27:12,882 P687173 INFO pr:0.9356  rc:0.9521  auc:0.9872 ap:0.9777 f1: 0.9438 pred_right: 38596 pred_wrong:404 actu_right: 38603 actu_wrong: 397
2026-09-16 11:27:14,916 P687173 INFO pr:0.8786  rc:0.9535  auc:0.9933 ap:0.9599 f1: 0.9145 pred_right: 16360 pred_wrong:140 actu_right: 16371 actu_wrong: 129
2026-09-16 11:27:14,918 P687173 INFO ----------------------------------------------------------------------------------------------------
2026-09-16 11:27:14,918 P687173 INFO 185/300 starting... lr: 0.0009000000000000001 para:0.01
2026-09-16 11:27:30,155 P687173 INFO Epoch 185/300, all_loss:0.00020 cls_loss:0.00001 rec_loss:0.01929 [15.24s]; best loss:0.00019, patience : 3
2026-09-16 11:27:34,321 P687173 INFO pr:0.9356  rc:0.9521  auc:0.9872 ap:0.9777 f1: 0.9438 pred_right: 38596 pred_wrong:404 actu_right: 38603 actu_wrong: 397
2026-09-16 11:27:35,954 P687173 INFO pr:0.8794  rc:0.9612  auc:0.9932 ap:0.9599 f1: 0.9185 pred_right: 16359 pred_wrong:141 actu_right: 16371 actu_wrong: 129
2026-09-16 11:27:35,957 P687173 INFO ----------------------------------------------------------------------------------------------------
2026-09-16 11:27:35,958 P687173 INFO 186/300 starting... lr: 0.0009000000000000001 para:0.01
2026-09-16 11:27:53,139 P687173 INFO Epoch 186/300, all_loss:0.00020 cls_loss:0.00001 rec_loss:0.01889 [17.18s]; best loss:0.00019, patience : 3
2026-09-16 11:27:57,821 P687173 INFO pr:0.9333  rc:0.9521  auc:0.9872 ap:0.9777 f1: 0.9426 pred_right: 38595 pred_wrong:405 actu_right: 38603 actu_wrong: 397
2026-09-16 11:27:59,673 P687173 INFO pr:0.8794  rc:0.9612  auc:0.9932 ap:0.9599 f1: 0.9185 pred_right: 16359 pred_wrong:141 actu_right: 16371 actu_wrong: 129
2026-09-16 11:27:59,674 P687173 INFO ----------------------------------------------------------------------------------------------------
2026-09-16 11:27:59,674 P687173 INFO 187/300 starting... lr: 0.0009000000000000001 para:0.01
2026-09-16 11:28:15,663 P687173 INFO Epoch 187/300, all_loss:0.00020 cls_loss:0.00001 rec_loss:0.01856 [15.99s]; best loss:0.00019, patience : 3
2026-09-16 11:28:20,269 P687173 INFO pr:0.9378  rc:0.9520  auc:0.9871 ap:0.9777 f1: 0.9449 pred_right: 38598 pred_wrong:402 actu_right: 38604 actu_wrong: 396
2026-09-16 11:28:22,267 P687173 INFO pr:0.8794  rc:0.9612  auc:0.9932 ap:0.9602 f1: 0.9185 pred_right: 16359 pred_wrong:141 actu_right: 16371 actu_wrong: 129
2026-09-16 11:28:22,268 P687173 INFO ----------------------------------------------------------------------------------------------------
2026-09-16 11:28:22,269 P687173 INFO 188/300 starting... lr: 0.0009000000000000001 para:0.01
2026-09-16 11:28:37,548 P687173 INFO Epoch 188/300, all_loss:0.00019 cls_loss:0.00001 rec_loss:0.01822 [15.27s]; best loss:0.00019, patience : 0
2026-09-16 11:28:41,329 P687173 INFO pr:0.9333  rc:0.9521  auc:0.9872 ap:0.9766 f1: 0.9426 pred_right: 38595 pred_wrong:405 actu_right: 38603 actu_wrong: 397
2026-09-16 11:28:42,940 P687173 INFO pr:0.8857  rc:0.9612  auc:0.9931 ap:0.9600 f1: 0.9219 pred_right: 16360 pred_wrong:140 actu_right: 16371 actu_wrong: 129
2026-09-16 11:28:42,941 P687173 INFO ----------------------------------------------------------------------------------------------------
2026-09-16 11:28:42,942 P687173 INFO 189/300 starting... lr: 0.0009000000000000001 para:0.01
2026-09-16 11:28:59,676 P687173 INFO Epoch 189/300, all_loss:0.00019 cls_loss:0.00001 rec_loss:0.01785 [16.72s]; best loss:0.00019, patience : 0
2026-09-16 11:29:05,101 P687173 INFO pr:0.9378  rc:0.9520  auc:0.9871 ap:0.9764 f1: 0.9449 pred_right: 38598 pred_wrong:402 actu_right: 38604 actu_wrong: 396
2026-09-16 11:29:06,370 P687173 INFO pr:0.8857  rc:0.9612  auc:0.9930 ap:0.9599 f1: 0.9219 pred_right: 16360 pred_wrong:140 actu_right: 16371 actu_wrong: 129
2026-09-16 11:29:06,371 P687173 INFO ----------------------------------------------------------------------------------------------------
2026-09-16 11:29:06,372 P687173 INFO 190/300 starting... lr: 0.0009000000000000001 para:0.01
2026-09-16 11:29:19,402 P687173 INFO Epoch 190/300, all_loss:0.00019 cls_loss:0.00001 rec_loss:0.01756 [13.02s]; best loss:0.00019, patience : 0
2026-09-16 11:29:27,777 P687173 INFO pr:0.9378  rc:0.9520  auc:0.9871 ap:0.9765 f1: 0.9449 pred_right: 38598 pred_wrong:402 actu_right: 38604 actu_wrong: 396
2026-09-16 11:29:35,205 P687173 INFO pr:0.8857  rc:0.9612  auc:0.9930 ap:0.9600 f1: 0.9219 pred_right: 16360 pred_wrong:140 actu_right: 16371 actu_wrong: 129
2026-09-16 11:29:35,210 P687173 INFO ----------------------------------------------------------------------------------------------------
2026-09-16 11:29:35,211 P687173 INFO 191/300 starting... lr: 0.0009000000000000001 para:0.01
2026-09-16 11:29:55,843 P687173 INFO Epoch 191/300, all_loss:0.00018 cls_loss:0.00001 rec_loss:0.01718 [20.62s]; best loss:0.00018, patience : 0
2026-09-16 11:30:00,206 P687173 INFO pr:0.9380  rc:0.9521  auc:0.9871 ap:0.9765 f1: 0.9450 pred_right: 38597 pred_wrong:403 actu_right: 38603 actu_wrong: 397
2026-09-16 11:30:02,176 P687173 INFO pr:0.8857  rc:0.9612  auc:0.9930 ap:0.9600 f1: 0.9219 pred_right: 16360 pred_wrong:140 actu_right: 16371 actu_wrong: 129
2026-09-16 11:30:02,177 P687173 INFO ----------------------------------------------------------------------------------------------------
2026-09-16 11:30:02,178 P687173 INFO 192/300 starting... lr: 0.0009000000000000001 para:0.01
2026-09-16 11:30:16,910 P687173 INFO Epoch 192/300, all_loss:0.00018 cls_loss:0.00001 rec_loss:0.01684 [14.72s]; best loss:0.00018, patience : 0
2026-09-16 11:30:20,381 P687173 INFO pr:0.9378  rc:0.9520  auc:0.9870 ap:0.9764 f1: 0.9449 pred_right: 38598 pred_wrong:402 actu_right: 38604 actu_wrong: 396
2026-09-16 11:30:21,843 P687173 INFO pr:0.8857  rc:0.9612  auc:0.9929 ap:0.9599 f1: 0.9219 pred_right: 16360 pred_wrong:140 actu_right: 16371 actu_wrong: 129
2026-09-16 11:30:21,845 P687173 INFO ----------------------------------------------------------------------------------------------------
2026-09-16 11:30:21,846 P687173 INFO 193/300 starting... lr: 0.0009000000000000001 para:0.01
2026-09-16 11:30:37,269 P687173 INFO Epoch 193/300, all_loss:0.00017 cls_loss:0.00001 rec_loss:0.01652 [15.41s]; best loss:0.00017, patience : 0
2026-09-16 11:30:41,666 P687173 INFO pr:0.9358  rc:0.9571  auc:0.9869 ap:0.9765 f1: 0.9463 pred_right: 38595 pred_wrong:405 actu_right: 38604 actu_wrong: 396
2026-09-16 11:30:43,307 P687173 INFO pr:0.8865  rc:0.9690  auc:0.9929 ap:0.9603 f1: 0.9259 pred_right: 16359 pred_wrong:141 actu_right: 16371 actu_wrong: 129
2026-09-16 11:30:43,308 P687173 INFO ----------------------------------------------------------------------------------------------------
2026-09-16 11:30:43,309 P687173 INFO 194/300 starting... lr: 0.0009000000000000001 para:0.01
2026-09-16 11:30:58,616 P687173 INFO Epoch 194/300, all_loss:0.00017 cls_loss:0.00001 rec_loss:0.01619 [15.30s]; best loss:0.00017, patience : 0
2026-09-16 11:31:03,130 P687173 INFO pr:0.9358  rc:0.9547  auc:0.9870 ap:0.9765 f1: 0.9451 pred_right: 38595 pred_wrong:405 actu_right: 38603 actu_wrong: 397
2026-09-16 11:31:04,689 P687173 INFO pr:0.8865  rc:0.9690  auc:0.9928 ap:0.9602 f1: 0.9259 pred_right: 16359 pred_wrong:141 actu_right: 16371 actu_wrong: 129
2026-09-16 11:31:04,691 P687173 INFO ----------------------------------------------------------------------------------------------------
2026-09-16 11:31:04,691 P687173 INFO 195/300 starting... lr: 0.0009000000000000001 para:0.01
2026-09-16 11:31:20,602 P687173 INFO Epoch 195/300, all_loss:0.00017 cls_loss:0.00001 rec_loss:0.01586 [15.90s]; best loss:0.00017, patience : 0
2026-09-16 11:31:24,520 P687173 INFO pr:0.9383  rc:0.9572  auc:0.9869 ap:0.9765 f1: 0.9476 pred_right: 38595 pred_wrong:405 actu_right: 38603 actu_wrong: 397
2026-09-16 11:31:26,223 P687173 INFO pr:0.8865  rc:0.9690  auc:0.9928 ap:0.9603 f1: 0.9259 pred_right: 16359 pred_wrong:141 actu_right: 16371 actu_wrong: 129
2026-09-16 11:31:26,225 P687173 INFO ----------------------------------------------------------------------------------------------------
2026-09-16 11:31:26,226 P687173 INFO 196/300 starting... lr: 0.0009000000000000001 para:0.01
2026-09-16 11:31:41,854 P687173 INFO Epoch 196/300, all_loss:0.00016 cls_loss:0.00001 rec_loss:0.01551 [15.61s]; best loss:0.00016, patience : 0
2026-09-16 11:31:45,785 P687173 INFO pr:0.9360  rc:0.9572  auc:0.9874 ap:0.9765 f1: 0.9465 pred_right: 38594 pred_wrong:406 actu_right: 38603 actu_wrong: 397
2026-09-16 11:31:47,597 P687173 INFO pr:0.8865  rc:0.9690  auc:0.9928 ap:0.9608 f1: 0.9259 pred_right: 16359 pred_wrong:141 actu_right: 16371 actu_wrong: 129
2026-09-16 11:31:47,597 P687173 INFO ----------------------------------------------------------------------------------------------------
2026-09-16 11:31:47,598 P687173 INFO 197/300 starting... lr: 0.0009000000000000001 para:0.01
2026-09-16 11:32:04,022 P687173 INFO Epoch 197/300, all_loss:0.00016 cls_loss:0.00001 rec_loss:0.01517 [16.42s]; best loss:0.00016, patience : 0
2026-09-16 11:32:08,400 P687173 INFO pr:0.9358  rc:0.9547  auc:0.9874 ap:0.9753 f1: 0.9451 pred_right: 38595 pred_wrong:405 actu_right: 38603 actu_wrong: 397
2026-09-16 11:32:12,427 P687173 INFO pr:0.8865  rc:0.9690  auc:0.9927 ap:0.9607 f1: 0.9259 pred_right: 16359 pred_wrong:141 actu_right: 16371 actu_wrong: 129
2026-09-16 11:32:12,428 P687173 INFO ----------------------------------------------------------------------------------------------------
2026-09-16 11:32:12,428 P687173 INFO 198/300 starting... lr: 0.0009000000000000001 para:0.01
2026-09-16 11:32:25,477 P687173 INFO Epoch 198/300, all_loss:0.00016 cls_loss:0.00001 rec_loss:0.01487 [13.04s]; best loss:0.00016, patience : 0
2026-09-16 11:32:28,964 P687173 INFO pr:0.9404  rc:0.9547  auc:0.9860 ap:0.9765 f1: 0.9475 pred_right: 38597 pred_wrong:403 actu_right: 38603 actu_wrong: 397
2026-09-16 11:32:30,448 P687173 INFO pr:0.8929  rc:0.9690  auc:0.9927 ap:0.9606 f1: 0.9294 pred_right: 16360 pred_wrong:140 actu_right: 16371 actu_wrong: 129
2026-09-16 11:32:30,450 P687173 INFO ----------------------------------------------------------------------------------------------------
2026-09-16 11:32:30,451 P687173 INFO 199/300 starting... lr: 0.0009000000000000001 para:0.01
2026-09-16 11:32:57,653 P687173 INFO Epoch 199/300, all_loss:0.00015 cls_loss:0.00001 rec_loss:0.01457 [27.19s]; best loss:0.00015, patience : 0
2026-09-16 11:33:01,745 P687173 INFO pr:0.9381  rc:0.9547  auc:0.9860 ap:0.9764 f1: 0.9463 pred_right: 38596 pred_wrong:404 actu_right: 38603 actu_wrong: 397
2026-09-16 11:33:03,277 P687173 INFO pr:0.8929  rc:0.9690  auc:0.9926 ap:0.9608 f1: 0.9294 pred_right: 16360 pred_wrong:140 actu_right: 16371 actu_wrong: 129
2026-09-16 11:33:03,278 P687173 INFO ----------------------------------------------------------------------------------------------------
2026-09-16 11:33:03,278 P687173 INFO 200/300 starting... lr: 0.0008100000000000001 para:0.01
2026-09-16 11:33:18,301 P687173 INFO Epoch 200/300, all_loss:0.00015 cls_loss:0.00001 rec_loss:0.01424 [15.01s]; best loss:0.00015, patience : 0
2026-09-16 11:33:21,970 P687173 INFO pr:0.9381  rc:0.9547  auc:0.9860 ap:0.9752 f1: 0.9463 pred_right: 38596 pred_wrong:404 actu_right: 38603 actu_wrong: 397
2026-09-16 11:33:23,601 P687173 INFO pr:0.8865  rc:0.9690  auc:0.9926 ap:0.9608 f1: 0.9259 pred_right: 16359 pred_wrong:141 actu_right: 16371 actu_wrong: 129
2026-09-16 11:33:23,602 P687173 INFO ----------------------------------------------------------------------------------------------------
2026-09-16 11:33:23,602 P687173 INFO 201/300 starting... lr: 0.0008100000000000001 para:0.01
2026-09-16 11:33:38,575 P687173 INFO Epoch 201/300, all_loss:0.00015 cls_loss:0.00001 rec_loss:0.01397 [14.96s]; best loss:0.00015, patience : 0
2026-09-16 11:33:42,529 P687173 INFO pr:0.9404  rc:0.9547  auc:0.9857 ap:0.9764 f1: 0.9475 pred_right: 38597 pred_wrong:403 actu_right: 38603 actu_wrong: 397
2026-09-16 11:33:44,309 P687173 INFO pr:0.8865  rc:0.9690  auc:0.9928 ap:0.9609 f1: 0.9259 pred_right: 16359 pred_wrong:141 actu_right: 16371 actu_wrong: 129
2026-09-16 11:33:44,311 P687173 INFO ----------------------------------------------------------------------------------------------------
2026-09-16 11:33:44,311 P687173 INFO 202/300 starting... lr: 0.0008100000000000001 para:0.01
2026-09-16 11:33:59,615 P687173 INFO Epoch 202/300, all_loss:0.00014 cls_loss:0.00001 rec_loss:0.01370 [15.29s]; best loss:0.00014, patience : 0
2026-09-16 11:34:03,848 P687173 INFO pr:0.9404  rc:0.9547  auc:0.9857 ap:0.9763 f1: 0.9475 pred_right: 38597 pred_wrong:403 actu_right: 38603 actu_wrong: 397
2026-09-16 11:34:05,786 P687173 INFO pr:0.8865  rc:0.9690  auc:0.9927 ap:0.9609 f1: 0.9259 pred_right: 16359 pred_wrong:141 actu_right: 16371 actu_wrong: 129
2026-09-16 11:34:05,787 P687173 INFO ----------------------------------------------------------------------------------------------------
2026-09-16 11:34:05,787 P687173 INFO 203/300 starting... lr: 0.0008100000000000001 para:0.01
2026-09-16 11:34:21,361 P687173 INFO Epoch 203/300, all_loss:0.00014 cls_loss:0.00001 rec_loss:0.01338 [15.56s]; best loss:0.00014, patience : 0
2026-09-16 11:34:25,824 P687173 INFO pr:0.9381  rc:0.9547  auc:0.9857 ap:0.9751 f1: 0.9463 pred_right: 38596 pred_wrong:404 actu_right: 38603 actu_wrong: 397
2026-09-16 11:34:27,648 P687173 INFO pr:0.8865  rc:0.9690  auc:0.9925 ap:0.9610 f1: 0.9259 pred_right: 16359 pred_wrong:141 actu_right: 16371 actu_wrong: 129
2026-09-16 11:34:27,649 P687173 INFO ----------------------------------------------------------------------------------------------------
2026-09-16 11:34:27,650 P687173 INFO 204/300 starting... lr: 0.0008100000000000001 para:0.01
2026-09-16 11:34:43,419 P687173 INFO Epoch 204/300, all_loss:0.00014 cls_loss:0.00001 rec_loss:0.01307 [15.76s]; best loss:0.00014, patience : 0
2026-09-16 11:34:47,911 P687173 INFO pr:0.9338  rc:0.9597  auc:0.9852 ap:0.9764 f1: 0.9466 pred_right: 38592 pred_wrong:408 actu_right: 38603 actu_wrong: 397
2026-09-16 11:34:49,707 P687173 INFO pr:0.8865  rc:0.9690  auc:0.9929 ap:0.9613 f1: 0.9259 pred_right: 16359 pred_wrong:141 actu_right: 16371 actu_wrong: 129
2026-09-16 11:34:49,709 P687173 INFO ----------------------------------------------------------------------------------------------------
2026-09-16 11:34:49,711 P687173 INFO 205/300 starting... lr: 0.0008100000000000001 para:0.01
2026-09-16 11:35:05,508 P687173 INFO Epoch 205/300, all_loss:0.00014 cls_loss:0.00001 rec_loss:0.01282 [15.78s]; best loss:0.00014, patience : 0
2026-09-16 11:35:09,769 P687173 INFO pr:0.9356  rc:0.9545  auc:0.9852 ap:0.9750 f1: 0.9450 pred_right: 38596 pred_wrong:404 actu_right: 38604 actu_wrong: 396
2026-09-16 11:35:11,654 P687173 INFO pr:0.8929  rc:0.9690  auc:0.9925 ap:0.9612 f1: 0.9294 pred_right: 16360 pred_wrong:140 actu_right: 16371 actu_wrong: 129
2026-09-16 11:35:11,656 P687173 INFO ----------------------------------------------------------------------------------------------------
2026-09-16 11:35:11,656 P687173 INFO 206/300 starting... lr: 0.0008100000000000001 para:0.01
2026-09-16 11:35:26,930 P687173 INFO Epoch 206/300, all_loss:0.00013 cls_loss:0.00001 rec_loss:0.01252 [15.27s]; best loss:0.00013, patience : 0
2026-09-16 11:35:30,609 P687173 INFO pr:0.9403  rc:0.9521  auc:0.9851 ap:0.9763 f1: 0.9462 pred_right: 38598 pred_wrong:402 actu_right: 38603 actu_wrong: 397
2026-09-16 11:35:32,004 P687173 INFO pr:0.8993  rc:0.9690  auc:0.9925 ap:0.9609 f1: 0.9328 pred_right: 16361 pred_wrong:139 actu_right: 16371 actu_wrong: 129
2026-09-16 11:35:32,005 P687173 INFO ----------------------------------------------------------------------------------------------------
2026-09-16 11:35:32,005 P687173 INFO 207/300 starting... lr: 0.0008100000000000001 para:0.01
2026-09-16 11:35:54,615 P687173 INFO Epoch 207/300, all_loss:0.00013 cls_loss:0.00001 rec_loss:0.01222 [22.59s]; best loss:0.00013, patience : 0
2026-09-16 11:36:03,361 P687173 INFO pr:0.9337  rc:0.9596  auc:0.9846 ap:0.9763 f1: 0.9465 pred_right: 38593 pred_wrong:407 actu_right: 38604 actu_wrong: 396
2026-09-16 11:36:05,110 P687173 INFO pr:0.8929  rc:0.9690  auc:0.9934 ap:0.9618 f1: 0.9294 pred_right: 16360 pred_wrong:140 actu_right: 16371 actu_wrong: 129
2026-09-16 11:36:05,111 P687173 INFO ----------------------------------------------------------------------------------------------------
2026-09-16 11:36:05,111 P687173 INFO 208/300 starting... lr: 0.0008100000000000001 para:0.01
2026-09-16 11:36:20,354 P687173 INFO Epoch 208/300, all_loss:0.00013 cls_loss:0.00001 rec_loss:0.01202 [15.23s]; best loss:0.00013, patience : 0
2026-09-16 11:36:24,690 P687173 INFO pr:0.9381  rc:0.9547  auc:0.9844 ap:0.9750 f1: 0.9463 pred_right: 38596 pred_wrong:404 actu_right: 38603 actu_wrong: 397
2026-09-16 11:36:26,468 P687173 INFO pr:0.8865  rc:0.9690  auc:0.9931 ap:0.9616 f1: 0.9259 pred_right: 16359 pred_wrong:141 actu_right: 16371 actu_wrong: 129
2026-09-16 11:36:26,469 P687173 INFO ----------------------------------------------------------------------------------------------------
2026-09-16 11:36:26,470 P687173 INFO 209/300 starting... lr: 0.0008100000000000001 para:0.01
2026-09-16 11:36:41,855 P687173 INFO Epoch 209/300, all_loss:0.00012 cls_loss:0.00001 rec_loss:0.01158 [15.38s]; best loss:0.00012, patience : 0
2026-09-16 11:36:45,963 P687173 INFO pr:0.9403  rc:0.9545  auc:0.9837 ap:0.9762 f1: 0.9474 pred_right: 38598 pred_wrong:402 actu_right: 38604 actu_wrong: 396
2026-09-16 11:36:47,610 P687173 INFO pr:0.8929  rc:0.9690  auc:0.9933 ap:0.9618 f1: 0.9294 pred_right: 16360 pred_wrong:140 actu_right: 16371 actu_wrong: 129
2026-09-16 11:36:47,611 P687173 INFO ----------------------------------------------------------------------------------------------------
2026-09-16 11:36:47,612 P687173 INFO 210/300 starting... lr: 0.0008100000000000001 para:0.01
2026-09-16 11:37:03,198 P687173 INFO Epoch 210/300, all_loss:0.00012 cls_loss:0.00001 rec_loss:0.01125 [15.58s]; best loss:0.00012, patience : 0
2026-09-16 11:37:07,343 P687173 INFO pr:0.9426  rc:0.9521  auc:0.9836 ap:0.9750 f1: 0.9474 pred_right: 38599 pred_wrong:401 actu_right: 38603 actu_wrong: 397
2026-09-16 11:37:08,940 P687173 INFO pr:0.8803  rc:0.9690  auc:0.9929 ap:0.9615 f1: 0.9225 pred_right: 16358 pred_wrong:142 actu_right: 16371 actu_wrong: 129
2026-09-16 11:37:08,941 P687173 INFO ----------------------------------------------------------------------------------------------------
2026-09-16 11:37:08,941 P687173 INFO 211/300 starting... lr: 0.0008100000000000001 para:0.01
2026-09-16 11:37:24,342 P687173 INFO Epoch 211/300, all_loss:0.00012 cls_loss:0.00001 rec_loss:0.01098 [15.39s]; best loss:0.00012, patience : 0
2026-09-16 11:37:29,296 P687173 INFO pr:0.9449  rc:0.9496  auc:0.9835 ap:0.9762 f1: 0.9472 pred_right: 38601 pred_wrong:399 actu_right: 38603 actu_wrong: 397
2026-09-16 11:37:31,447 P687173 INFO pr:0.8865  rc:0.9690  auc:0.9933 ap:0.9651 f1: 0.9259 pred_right: 16359 pred_wrong:141 actu_right: 16371 actu_wrong: 129
2026-09-16 11:37:31,450 P687173 INFO ----------------------------------------------------------------------------------------------------
2026-09-16 11:37:31,451 P687173 INFO 212/300 starting... lr: 0.0008100000000000001 para:0.01
2026-09-16 11:37:47,090 P687173 INFO Epoch 212/300, all_loss:0.00011 cls_loss:0.00001 rec_loss:0.01063 [15.63s]; best loss:0.00011, patience : 0
2026-09-16 11:37:51,257 P687173 INFO pr:0.9291  rc:0.9572  auc:0.9850 ap:0.9751 f1: 0.9429 pred_right: 38591 pred_wrong:409 actu_right: 38603 actu_wrong: 397
2026-09-16 11:37:52,757 P687173 INFO pr:0.8803  rc:0.9690  auc:0.9935 ap:0.9624 f1: 0.9225 pred_right: 16358 pred_wrong:142 actu_right: 16371 actu_wrong: 129
2026-09-16 11:37:52,758 P687173 INFO ----------------------------------------------------------------------------------------------------
2026-09-16 11:37:52,758 P687173 INFO 213/300 starting... lr: 0.0008100000000000001 para:0.01
2026-09-16 11:38:08,681 P687173 INFO Epoch 213/300, all_loss:0.00011 cls_loss:0.00001 rec_loss:0.01037 [15.91s]; best loss:0.00011, patience : 0
2026-09-16 11:38:12,793 P687173 INFO pr:0.9317  rc:0.9622  auc:0.9839 ap:0.9754 f1: 0.9467 pred_right: 38590 pred_wrong:410 actu_right: 38603 actu_wrong: 397
2026-09-16 11:38:14,590 P687173 INFO pr:0.8690  rc:0.9767  auc:0.9937 ap:0.9633 f1: 0.9197 pred_right: 16355 pred_wrong:145 actu_right: 16371 actu_wrong: 129
2026-09-16 11:38:14,591 P687173 INFO ----------------------------------------------------------------------------------------------------
2026-09-16 11:38:14,598 P687173 INFO 214/300 starting... lr: 0.0008100000000000001 para:0.01
2026-09-16 11:38:30,633 P687173 INFO Epoch 214/300, all_loss:0.23897 cls_loss:0.24123 rec_loss:0.01454 [16.03s]; best loss:0.00011, patience : 1
2026-09-16 11:38:33,697 P687173 INFO pr:0.8936  rc:0.9521  auc:0.9878 ap:0.9714 f1: 0.9220 pred_right: 38577 pred_wrong:423 actu_right: 38603 actu_wrong: 397
2026-09-16 11:38:35,132 P687173 INFO pr:0.8333  rc:0.9690  auc:0.9957 ap:0.9569 f1: 0.8961 pred_right: 16350 pred_wrong:150 actu_right: 16371 actu_wrong: 129
2026-09-16 11:38:35,133 P687173 INFO ----------------------------------------------------------------------------------------------------
2026-09-16 11:38:35,133 P687173 INFO 215/300 starting... lr: 0.0008100000000000001 para:0.01
2026-09-16 11:38:52,078 P687173 INFO Epoch 215/300, all_loss:0.11487 cls_loss:0.11583 rec_loss:0.02063 [16.94s]; best loss:0.00011, patience : 1
2026-09-16 11:39:08,530 P687173 INFO pr:0.9584  rc:0.9295  auc:0.9832 ap:0.9755 f1: 0.9437 pred_right: 38615 pred_wrong:385 actu_right: 38603 actu_wrong: 397
2026-09-16 11:39:10,684 P687173 INFO pr:0.9457  rc:0.9457  auc:0.9899 ap:0.9778 f1: 0.9457 pred_right: 16371 pred_wrong:129 actu_right: 16371 actu_wrong: 129
2026-09-16 11:39:10,686 P687173 INFO ----------------------------------------------------------------------------------------------------
2026-09-16 11:39:10,686 P687173 INFO 216/300 starting... lr: 0.0008100000000000001 para:0.01
2026-09-16 11:39:26,600 P687173 INFO Epoch 216/300, all_loss:0.06481 cls_loss:0.06526 rec_loss:0.01975 [15.91s]; best loss:0.00011, patience : 1
2026-09-16 11:39:30,797 P687173 INFO pr:0.9686  rc:0.9320  auc:0.9864 ap:0.9786 f1: 0.9499 pred_right: 38618 pred_wrong:382 actu_right: 38603 actu_wrong: 397
2026-09-16 11:39:32,380 P687173 INFO pr:0.9037  rc:0.9457  auc:0.9932 ap:0.9696 f1: 0.9242 pred_right: 16365 pred_wrong:135 actu_right: 16371 actu_wrong: 129
2026-09-16 11:39:32,390 P687173 INFO ----------------------------------------------------------------------------------------------------
2026-09-16 11:39:32,390 P687173 INFO 217/300 starting... lr: 0.0008100000000000001 para:0.01
2026-09-16 11:39:47,625 P687173 INFO Epoch 217/300, all_loss:0.02734 cls_loss:0.02741 rec_loss:0.02078 [15.23s]; best loss:0.00011, patience : 1
2026-09-16 11:39:51,323 P687173 INFO pr:0.9672  rc:0.8962  auc:0.9847 ap:0.9770 f1: 0.9304 pred_right: 38634 pred_wrong:366 actu_right: 38605 actu_wrong: 395
2026-09-16 11:39:52,991 P687173 INFO pr:0.9077  rc:0.9147  auc:0.9930 ap:0.9669 f1: 0.9112 pred_right: 16370 pred_wrong:130 actu_right: 16371 actu_wrong: 129
2026-09-16 11:39:52,992 P687173 INFO ----------------------------------------------------------------------------------------------------
2026-09-16 11:39:52,993 P687173 INFO 218/300 starting... lr: 0.0008100000000000001 para:0.01
2026-09-16 11:40:08,619 P687173 INFO Epoch 218/300, all_loss:0.00797 cls_loss:0.00786 rec_loss:0.01896 [15.62s]; best loss:0.00011, patience : 1
2026-09-16 11:40:12,783 P687173 INFO pr:0.8983  rc:0.9572  auc:0.9877 ap:0.9751 f1: 0.9268 pred_right: 38577 pred_wrong:423 actu_right: 38603 actu_wrong: 397
2026-09-16 11:40:14,356 P687173 INFO pr:0.8013  rc:0.9690  auc:0.9974 ap:0.9672 f1: 0.8772 pred_right: 16344 pred_wrong:156 actu_right: 16371 actu_wrong: 129
2026-09-16 11:40:14,358 P687173 INFO ----------------------------------------------------------------------------------------------------
2026-09-16 11:40:14,358 P687173 INFO 219/300 starting... lr: 0.0008100000000000001 para:0.01
2026-09-16 11:40:30,326 P687173 INFO Epoch 219/300, all_loss:0.01189 cls_loss:0.01181 rec_loss:0.02025 [15.97s]; best loss:0.00011, patience : 2
2026-09-16 11:40:35,100 P687173 INFO pr:0.9012  rc:0.9421  auc:0.9850 ap:0.9701 f1: 0.9212 pred_right: 38585 pred_wrong:415 actu_right: 38603 actu_wrong: 397
2026-09-16 11:40:36,902 P687173 INFO pr:0.8531  rc:0.9457  auc:0.9933 ap:0.9732 f1: 0.8971 pred_right: 16357 pred_wrong:143 actu_right: 16371 actu_wrong: 129
2026-09-16 11:40:36,903 P687173 INFO ----------------------------------------------------------------------------------------------------
2026-09-16 11:40:36,903 P687173 INFO 220/300 starting... lr: 0.0008100000000000001 para:0.01
2026-09-16 11:40:52,543 P687173 INFO Epoch 220/300, all_loss:0.00387 cls_loss:0.00370 rec_loss:0.02138 [15.64s]; best loss:0.00011, patience : 2
2026-09-16 11:40:56,772 P687173 INFO pr:0.9330  rc:0.9471  auc:0.9882 ap:0.9790 f1: 0.9400 pred_right: 38597 pred_wrong:403 actu_right: 38603 actu_wrong: 397
2026-09-16 11:40:58,696 P687173 INFO pr:0.8723  rc:0.9535  auc:0.9952 ap:0.9688 f1: 0.9111 pred_right: 16359 pred_wrong:141 actu_right: 16371 actu_wrong: 129
2026-09-16 11:40:58,698 P687173 INFO ----------------------------------------------------------------------------------------------------
2026-09-16 11:40:58,700 P687173 INFO 221/300 starting... lr: 0.0008100000000000001 para:0.01
2026-09-16 11:41:15,178 P687173 INFO Epoch 221/300, all_loss:0.00038 cls_loss:0.00018 rec_loss:0.02069 [16.47s]; best loss:0.00011, patience : 2
2026-09-16 11:41:19,609 P687173 INFO pr:0.9446  rc:0.9446  auc:0.9875 ap:0.9789 f1: 0.9446 pred_right: 38603 pred_wrong:397 actu_right: 38603 actu_wrong: 397
2026-09-16 11:41:21,094 P687173 INFO pr:0.8905  rc:0.9457  auc:0.9950 ap:0.9718 f1: 0.9173 pred_right: 16363 pred_wrong:137 actu_right: 16371 actu_wrong: 129
2026-09-16 11:41:21,096 P687173 INFO ----------------------------------------------------------------------------------------------------
2026-09-16 11:41:21,097 P687173 INFO 222/300 starting... lr: 0.0008100000000000001 para:0.01
2026-09-16 11:41:36,783 P687173 INFO Epoch 222/300, all_loss:0.00033 cls_loss:0.00012 rec_loss:0.02063 [15.68s]; best loss:0.00011, patience : 2
2026-09-16 11:41:42,023 P687173 INFO pr:0.9446  rc:0.9446  auc:0.9874 ap:0.9788 f1: 0.9446 pred_right: 38603 pred_wrong:397 actu_right: 38603 actu_wrong: 397
2026-09-16 11:41:43,312 P687173 INFO pr:0.8905  rc:0.9457  auc:0.9950 ap:0.9718 f1: 0.9173 pred_right: 16363 pred_wrong:137 actu_right: 16371 actu_wrong: 129
2026-09-16 11:41:43,313 P687173 INFO ----------------------------------------------------------------------------------------------------
2026-09-16 11:41:43,313 P687173 INFO 223/300 starting... lr: 0.0008100000000000001 para:0.01
2026-09-16 11:41:56,439 P687173 INFO Epoch 223/300, all_loss:0.00030 cls_loss:0.00009 rec_loss:0.02035 [13.13s]; best loss:0.00011, patience : 2
2026-09-16 11:42:05,279 P687173 INFO pr:0.9443  rc:0.9443  auc:0.9874 ap:0.9788 f1: 0.9443 pred_right: 38605 pred_wrong:395 actu_right: 38605 actu_wrong: 395
2026-09-16 11:42:12,378 P687173 INFO pr:0.8905  rc:0.9457  auc:0.9950 ap:0.9719 f1: 0.9173 pred_right: 16363 pred_wrong:137 actu_right: 16371 actu_wrong: 129
2026-09-16 11:42:12,380 P687173 INFO ----------------------------------------------------------------------------------------------------
2026-09-16 11:42:12,380 P687173 INFO 224/300 starting... lr: 0.0008100000000000001 para:0.01
2026-09-16 11:42:32,819 P687173 INFO Epoch 224/300, all_loss:0.00028 cls_loss:0.00008 rec_loss:0.02003 [20.44s]; best loss:0.00011, patience : 2
2026-09-16 11:42:37,670 P687173 INFO pr:0.9444  rc:0.9444  auc:0.9874 ap:0.9788 f1: 0.9444 pred_right: 38604 pred_wrong:396 actu_right: 38604 actu_wrong: 396
2026-09-16 11:42:39,578 P687173 INFO pr:0.8905  rc:0.9457  auc:0.9950 ap:0.9719 f1: 0.9173 pred_right: 16363 pred_wrong:137 actu_right: 16371 actu_wrong: 129
2026-09-16 11:42:39,579 P687173 INFO ----------------------------------------------------------------------------------------------------
2026-09-16 11:42:39,579 P687173 INFO 225/300 starting... lr: 0.0008100000000000001 para:0.01
2026-09-16 11:42:53,911 P687173 INFO Epoch 225/300, all_loss:0.00027 cls_loss:0.00007 rec_loss:0.01972 [14.33s]; best loss:0.00011, patience : 2
2026-09-16 11:42:57,515 P687173 INFO pr:0.9422  rc:0.9446  auc:0.9874 ap:0.9789 f1: 0.9434 pred_right: 38602 pred_wrong:398 actu_right: 38603 actu_wrong: 397
2026-09-16 11:42:59,200 P687173 INFO pr:0.8905  rc:0.9457  auc:0.9950 ap:0.9721 f1: 0.9173 pred_right: 16363 pred_wrong:137 actu_right: 16371 actu_wrong: 129
2026-09-16 11:42:59,202 P687173 INFO ----------------------------------------------------------------------------------------------------
2026-09-16 11:42:59,202 P687173 INFO 226/300 starting... lr: 0.0008100000000000001 para:0.01
2026-09-16 11:43:15,440 P687173 INFO Epoch 226/300, all_loss:0.00026 cls_loss:0.00006 rec_loss:0.01942 [16.24s]; best loss:0.00011, patience : 2
2026-09-16 11:43:19,326 P687173 INFO pr:0.9398  rc:0.9446  auc:0.9873 ap:0.9789 f1: 0.9422 pred_right: 38601 pred_wrong:399 actu_right: 38603 actu_wrong: 397
2026-09-16 11:43:20,983 P687173 INFO pr:0.8971  rc:0.9457  auc:0.9950 ap:0.9722 f1: 0.9208 pred_right: 16364 pred_wrong:136 actu_right: 16371 actu_wrong: 129
2026-09-16 11:43:20,986 P687173 INFO ----------------------------------------------------------------------------------------------------
2026-09-16 11:43:20,987 P687173 INFO 227/300 starting... lr: 0.0008100000000000001 para:0.01
2026-09-16 11:43:36,478 P687173 INFO Epoch 227/300, all_loss:0.00024 cls_loss:0.00005 rec_loss:0.01920 [15.49s]; best loss:0.00011, patience : 2
2026-09-16 11:43:40,678 P687173 INFO pr:0.9398  rc:0.9446  auc:0.9873 ap:0.9789 f1: 0.9422 pred_right: 38601 pred_wrong:399 actu_right: 38603 actu_wrong: 397
2026-09-16 11:43:42,740 P687173 INFO pr:0.8971  rc:0.9457  auc:0.9950 ap:0.9722 f1: 0.9208 pred_right: 16364 pred_wrong:136 actu_right: 16371 actu_wrong: 129
2026-09-16 11:43:42,742 P687173 INFO ----------------------------------------------------------------------------------------------------
2026-09-16 11:43:42,743 P687173 INFO 228/300 starting... lr: 0.0008100000000000001 para:0.01
2026-09-16 11:43:58,971 P687173 INFO Epoch 228/300, all_loss:0.00024 cls_loss:0.00005 rec_loss:0.01893 [16.23s]; best loss:0.00011, patience : 2
2026-09-16 11:44:02,831 P687173 INFO pr:0.9375  rc:0.9446  auc:0.9873 ap:0.9789 f1: 0.9410 pred_right: 38600 pred_wrong:400 actu_right: 38603 actu_wrong: 397
2026-09-16 11:44:04,444 P687173 INFO pr:0.8971  rc:0.9457  auc:0.9950 ap:0.9722 f1: 0.9208 pred_right: 16364 pred_wrong:136 actu_right: 16371 actu_wrong: 129
2026-09-16 11:44:04,447 P687173 INFO ----------------------------------------------------------------------------------------------------
2026-09-16 11:44:04,448 P687173 INFO 229/300 starting... lr: 0.0008100000000000001 para:0.01
2026-09-16 11:44:19,454 P687173 INFO Epoch 229/300, all_loss:0.00023 cls_loss:0.00004 rec_loss:0.01865 [15.00s]; best loss:0.00011, patience : 2
2026-09-16 11:44:23,522 P687173 INFO pr:0.9375  rc:0.9446  auc:0.9873 ap:0.9789 f1: 0.9410 pred_right: 38600 pred_wrong:400 actu_right: 38603 actu_wrong: 397
2026-09-16 11:44:25,513 P687173 INFO pr:0.8971  rc:0.9457  auc:0.9950 ap:0.9722 f1: 0.9208 pred_right: 16364 pred_wrong:136 actu_right: 16371 actu_wrong: 129
2026-09-16 11:44:25,514 P687173 INFO ----------------------------------------------------------------------------------------------------
2026-09-16 11:44:25,515 P687173 INFO 230/300 starting... lr: 0.0008100000000000001 para:0.01
2026-09-16 11:44:40,695 P687173 INFO Epoch 230/300, all_loss:0.00022 cls_loss:0.00004 rec_loss:0.01841 [15.18s]; best loss:0.00011, patience : 2
2026-09-16 11:44:47,132 P687173 INFO pr:0.9375  rc:0.9446  auc:0.9873 ap:0.9789 f1: 0.9410 pred_right: 38600 pred_wrong:400 actu_right: 38603 actu_wrong: 397
2026-09-16 11:44:48,392 P687173 INFO pr:0.8905  rc:0.9457  auc:0.9950 ap:0.9723 f1: 0.9173 pred_right: 16363 pred_wrong:137 actu_right: 16371 actu_wrong: 129
2026-09-16 11:44:48,393 P687173 INFO ----------------------------------------------------------------------------------------------------
2026-09-16 11:44:48,393 P687173 INFO 231/300 starting... lr: 0.0008100000000000001 para:0.01
2026-09-16 11:45:01,484 P687173 INFO Epoch 231/300, all_loss:0.00022 cls_loss:0.00004 rec_loss:0.01813 [13.09s]; best loss:0.00011, patience : 2
2026-09-16 11:45:04,489 P687173 INFO pr:0.9375  rc:0.9446  auc:0.9872 ap:0.9789 f1: 0.9410 pred_right: 38600 pred_wrong:400 actu_right: 38603 actu_wrong: 397
2026-09-16 11:45:06,633 P687173 INFO pr:0.8905  rc:0.9457  auc:0.9950 ap:0.9723 f1: 0.9173 pred_right: 16363 pred_wrong:137 actu_right: 16371 actu_wrong: 129
2026-09-16 11:45:06,640 P687173 INFO ----------------------------------------------------------------------------------------------------
2026-09-16 11:45:06,642 P687173 INFO 232/300 starting... lr: 0.0008100000000000001 para:0.01
2026-09-16 11:45:34,522 P687173 INFO Epoch 232/300, all_loss:0.00021 cls_loss:0.00004 rec_loss:0.01790 [27.88s]; best loss:0.00011, patience : 2
2026-09-16 11:45:38,956 P687173 INFO pr:0.9373  rc:0.9444  auc:0.9872 ap:0.9788 f1: 0.9409 pred_right: 38601 pred_wrong:399 actu_right: 38604 actu_wrong: 396
2026-09-16 11:45:40,642 P687173 INFO pr:0.8905  rc:0.9457  auc:0.9950 ap:0.9722 f1: 0.9173 pred_right: 16363 pred_wrong:137 actu_right: 16371 actu_wrong: 129
2026-09-16 11:45:40,644 P687173 INFO ----------------------------------------------------------------------------------------------------
2026-09-16 11:45:40,644 P687173 INFO 233/300 starting... lr: 0.0008100000000000001 para:0.01
2026-09-16 11:45:55,526 P687173 INFO Epoch 233/300, all_loss:0.00021 cls_loss:0.00003 rec_loss:0.01766 [14.88s]; best loss:0.00011, patience : 2
2026-09-16 11:45:59,234 P687173 INFO pr:0.9375  rc:0.9446  auc:0.9872 ap:0.9789 f1: 0.9410 pred_right: 38600 pred_wrong:400 actu_right: 38603 actu_wrong: 397
2026-09-16 11:46:00,748 P687173 INFO pr:0.8971  rc:0.9457  auc:0.9950 ap:0.9722 f1: 0.9208 pred_right: 16364 pred_wrong:136 actu_right: 16371 actu_wrong: 129
2026-09-16 11:46:00,749 P687173 INFO ----------------------------------------------------------------------------------------------------
2026-09-16 11:46:00,749 P687173 INFO 234/300 starting... lr: 0.0008100000000000001 para:0.01
2026-09-16 11:46:15,537 P687173 INFO Epoch 234/300, all_loss:0.00020 cls_loss:0.00003 rec_loss:0.01744 [14.79s]; best loss:0.00011, patience : 2
2026-09-16 11:46:19,807 P687173 INFO pr:0.9377  rc:0.9471  auc:0.9872 ap:0.9789 f1: 0.9424 pred_right: 38599 pred_wrong:401 actu_right: 38603 actu_wrong: 397
2026-09-16 11:46:21,275 P687173 INFO pr:0.8905  rc:0.9457  auc:0.9950 ap:0.9721 f1: 0.9173 pred_right: 16363 pred_wrong:137 actu_right: 16371 actu_wrong: 129
2026-09-16 11:46:21,276 P687173 INFO ----------------------------------------------------------------------------------------------------
2026-09-16 11:46:21,277 P687173 INFO 235/300 starting... lr: 0.0008100000000000001 para:0.01
2026-09-16 11:46:37,721 P687173 INFO Epoch 235/300, all_loss:0.00020 cls_loss:0.00003 rec_loss:0.01717 [16.44s]; best loss:0.00011, patience : 2
2026-09-16 11:46:41,662 P687173 INFO pr:0.9375  rc:0.9446  auc:0.9865 ap:0.9789 f1: 0.9410 pred_right: 38600 pred_wrong:400 actu_right: 38603 actu_wrong: 397
2026-09-16 11:46:43,570 P687173 INFO pr:0.8971  rc:0.9457  auc:0.9949 ap:0.9721 f1: 0.9208 pred_right: 16364 pred_wrong:136 actu_right: 16371 actu_wrong: 129
2026-09-16 11:46:43,572 P687173 INFO ----------------------------------------------------------------------------------------------------
2026-09-16 11:46:43,574 P687173 INFO 236/300 starting... lr: 0.0008100000000000001 para:0.01
2026-09-16 11:46:58,813 P687173 INFO Epoch 236/300, all_loss:0.00019 cls_loss:0.00002 rec_loss:0.01697 [15.24s]; best loss:0.00011, patience : 2
2026-09-16 11:47:03,897 P687173 INFO pr:0.9375  rc:0.9470  auc:0.9864 ap:0.9789 f1: 0.9422 pred_right: 38600 pred_wrong:400 actu_right: 38604 actu_wrong: 396
2026-09-16 11:47:06,120 P687173 INFO pr:0.8905  rc:0.9457  auc:0.9949 ap:0.9723 f1: 0.9173 pred_right: 16363 pred_wrong:137 actu_right: 16371 actu_wrong: 129
2026-09-16 11:47:06,121 P687173 INFO ----------------------------------------------------------------------------------------------------
2026-09-16 11:47:06,121 P687173 INFO 237/300 starting... lr: 0.0008100000000000001 para:0.01
2026-09-16 11:47:21,677 P687173 INFO Epoch 237/300, all_loss:0.00019 cls_loss:0.00002 rec_loss:0.01675 [15.55s]; best loss:0.00011, patience : 2
2026-09-16 11:47:26,358 P687173 INFO pr:0.9377  rc:0.9471  auc:0.9864 ap:0.9777 f1: 0.9424 pred_right: 38599 pred_wrong:401 actu_right: 38603 actu_wrong: 397
2026-09-16 11:47:27,957 P687173 INFO pr:0.8971  rc:0.9457  auc:0.9949 ap:0.9723 f1: 0.9208 pred_right: 16364 pred_wrong:136 actu_right: 16371 actu_wrong: 129
2026-09-16 11:47:27,969 P687173 INFO ----------------------------------------------------------------------------------------------------
2026-09-16 11:47:27,969 P687173 INFO 238/300 starting... lr: 0.0008100000000000001 para:0.01
2026-09-16 11:47:43,067 P687173 INFO Epoch 238/300, all_loss:0.00019 cls_loss:0.00002 rec_loss:0.01649 [15.10s]; best loss:0.00011, patience : 2
2026-09-16 11:47:47,450 P687173 INFO pr:0.9377  rc:0.9471  auc:0.9864 ap:0.9777 f1: 0.9424 pred_right: 38599 pred_wrong:401 actu_right: 38603 actu_wrong: 397
2026-09-16 11:47:49,017 P687173 INFO pr:0.8905  rc:0.9457  auc:0.9949 ap:0.9687 f1: 0.9173 pred_right: 16363 pred_wrong:137 actu_right: 16371 actu_wrong: 129
2026-09-16 11:47:49,018 P687173 INFO ----------------------------------------------------------------------------------------------------
2026-09-16 11:47:49,019 P687173 INFO 239/300 starting... lr: 0.0008100000000000001 para:0.01
2026-09-16 11:48:03,288 P687173 INFO Epoch 239/300, all_loss:0.00018 cls_loss:0.00002 rec_loss:0.01629 [14.27s]; best loss:0.00011, patience : 2
2026-09-16 11:48:06,888 P687173 INFO pr:0.9353  rc:0.9471  auc:0.9864 ap:0.9778 f1: 0.9412 pred_right: 38598 pred_wrong:402 actu_right: 38603 actu_wrong: 397
2026-09-16 11:48:08,525 P687173 INFO pr:0.8905  rc:0.9457  auc:0.9949 ap:0.9690 f1: 0.9173 pred_right: 16363 pred_wrong:137 actu_right: 16371 actu_wrong: 129
2026-09-16 11:48:08,526 P687173 INFO ----------------------------------------------------------------------------------------------------
2026-09-16 11:48:08,526 P687173 INFO 240/300 starting... lr: 0.0008100000000000001 para:0.01
2026-09-16 11:48:34,328 P687173 INFO Epoch 240/300, all_loss:0.00018 cls_loss:0.00002 rec_loss:0.01609 [25.80s]; best loss:0.00011, patience : 2
2026-09-16 11:48:39,271 P687173 INFO pr:0.9353  rc:0.9471  auc:0.9864 ap:0.9778 f1: 0.9412 pred_right: 38598 pred_wrong:402 actu_right: 38603 actu_wrong: 397
2026-09-16 11:48:41,329 P687173 INFO pr:0.8905  rc:0.9457  auc:0.9948 ap:0.9690 f1: 0.9173 pred_right: 16363 pred_wrong:137 actu_right: 16371 actu_wrong: 129
2026-09-16 11:48:41,331 P687173 INFO ----------------------------------------------------------------------------------------------------
2026-09-16 11:48:41,333 P687173 INFO 241/300 starting... lr: 0.0008100000000000001 para:0.01
2026-09-16 11:48:55,978 P687173 INFO Epoch 241/300, all_loss:0.00018 cls_loss:0.00002 rec_loss:0.01584 [14.64s]; best loss:0.00011, patience : 2
2026-09-16 11:48:59,502 P687173 INFO pr:0.9353  rc:0.9471  auc:0.9864 ap:0.9778 f1: 0.9412 pred_right: 38598 pred_wrong:402 actu_right: 38603 actu_wrong: 397
2026-09-16 11:49:01,110 P687173 INFO pr:0.8905  rc:0.9457  auc:0.9947 ap:0.9656 f1: 0.9173 pred_right: 16363 pred_wrong:137 actu_right: 16371 actu_wrong: 129
2026-09-16 11:49:01,111 P687173 INFO ----------------------------------------------------------------------------------------------------
2026-09-16 11:49:01,118 P687173 INFO 242/300 starting... lr: 0.0008100000000000001 para:0.01
2026-09-16 11:49:16,645 P687173 INFO Epoch 242/300, all_loss:0.00017 cls_loss:0.00002 rec_loss:0.01559 [15.53s]; best loss:0.00011, patience : 2
2026-09-16 11:49:21,074 P687173 INFO pr:0.9353  rc:0.9495  auc:0.9863 ap:0.9778 f1: 0.9424 pred_right: 38598 pred_wrong:402 actu_right: 38604 actu_wrong: 396
2026-09-16 11:49:22,663 P687173 INFO pr:0.8905  rc:0.9457  auc:0.9947 ap:0.9691 f1: 0.9173 pred_right: 16363 pred_wrong:137 actu_right: 16371 actu_wrong: 129
2026-09-16 11:49:22,665 P687173 INFO ----------------------------------------------------------------------------------------------------
2026-09-16 11:49:22,665 P687173 INFO 243/300 starting... lr: 0.0008100000000000001 para:0.01
2026-09-16 11:49:39,484 P687173 INFO Epoch 243/300, all_loss:0.00017 cls_loss:0.00001 rec_loss:0.01541 [16.82s]; best loss:0.00011, patience : 2
2026-09-16 11:49:43,767 P687173 INFO pr:0.9378  rc:0.9496  auc:0.9863 ap:0.9779 f1: 0.9437 pred_right: 38598 pred_wrong:402 actu_right: 38603 actu_wrong: 397
2026-09-16 11:49:45,492 P687173 INFO pr:0.8905  rc:0.9457  auc:0.9946 ap:0.9690 f1: 0.9173 pred_right: 16363 pred_wrong:137 actu_right: 16371 actu_wrong: 129
2026-09-16 11:49:45,494 P687173 INFO ----------------------------------------------------------------------------------------------------
2026-09-16 11:49:45,495 P687173 INFO 244/300 starting... lr: 0.0008100000000000001 para:0.01
2026-09-16 11:50:01,446 P687173 INFO Epoch 244/300, all_loss:0.00017 cls_loss:0.00001 rec_loss:0.01515 [15.95s]; best loss:0.00011, patience : 2
2026-09-16 11:50:05,312 P687173 INFO pr:0.9355  rc:0.9496  auc:0.9863 ap:0.9778 f1: 0.9425 pred_right: 38597 pred_wrong:403 actu_right: 38603 actu_wrong: 397
2026-09-16 11:50:06,935 P687173 INFO pr:0.8905  rc:0.9457  auc:0.9945 ap:0.9621 f1: 0.9173 pred_right: 16363 pred_wrong:137 actu_right: 16371 actu_wrong: 129
2026-09-16 11:50:06,936 P687173 INFO ----------------------------------------------------------------------------------------------------
2026-09-16 11:50:06,937 P687173 INFO 245/300 starting... lr: 0.0008100000000000001 para:0.01
2026-09-16 11:50:22,787 P687173 INFO Epoch 245/300, all_loss:0.00016 cls_loss:0.00001 rec_loss:0.01491 [15.85s]; best loss:0.00011, patience : 2
2026-09-16 11:50:27,268 P687173 INFO pr:0.9355  rc:0.9496  auc:0.9863 ap:0.9779 f1: 0.9425 pred_right: 38597 pred_wrong:403 actu_right: 38603 actu_wrong: 397
2026-09-16 11:50:29,261 P687173 INFO pr:0.8841  rc:0.9457  auc:0.9945 ap:0.9621 f1: 0.9139 pred_right: 16362 pred_wrong:138 actu_right: 16371 actu_wrong: 129
2026-09-16 11:50:29,262 P687173 INFO ----------------------------------------------------------------------------------------------------
2026-09-16 11:50:29,262 P687173 INFO 246/300 starting... lr: 0.0008100000000000001 para:0.01
2026-09-16 11:50:44,772 P687173 INFO Epoch 246/300, all_loss:0.00016 cls_loss:0.00001 rec_loss:0.01469 [15.51s]; best loss:0.00011, patience : 2
2026-09-16 11:50:49,135 P687173 INFO pr:0.9378  rc:0.9496  auc:0.9863 ap:0.9779 f1: 0.9437 pred_right: 38598 pred_wrong:402 actu_right: 38603 actu_wrong: 397
2026-09-16 11:50:50,814 P687173 INFO pr:0.8905  rc:0.9457  auc:0.9942 ap:0.9621 f1: 0.9173 pred_right: 16363 pred_wrong:137 actu_right: 16371 actu_wrong: 129
2026-09-16 11:50:50,816 P687173 INFO ----------------------------------------------------------------------------------------------------
2026-09-16 11:50:50,818 P687173 INFO 247/300 starting... lr: 0.0008100000000000001 para:0.01
2026-09-16 11:51:07,153 P687173 INFO Epoch 247/300, all_loss:0.00016 cls_loss:0.00001 rec_loss:0.01448 [16.33s]; best loss:0.00011, patience : 2
2026-09-16 11:51:10,509 P687173 INFO pr:0.9355  rc:0.9496  auc:0.9863 ap:0.9779 f1: 0.9425 pred_right: 38597 pred_wrong:403 actu_right: 38603 actu_wrong: 397
2026-09-16 11:51:12,129 P687173 INFO pr:0.8849  rc:0.9535  auc:0.9943 ap:0.9621 f1: 0.9179 pred_right: 16361 pred_wrong:139 actu_right: 16371 actu_wrong: 129
2026-09-16 11:51:12,130 P687173 INFO ----------------------------------------------------------------------------------------------------
2026-09-16 11:51:12,130 P687173 INFO 248/300 starting... lr: 0.0008100000000000001 para:0.01
2026-09-16 11:51:31,470 P687173 INFO Epoch 248/300, all_loss:0.00015 cls_loss:0.00001 rec_loss:0.01420 [19.34s]; best loss:0.00011, patience : 2
2026-09-16 11:51:45,142 P687173 INFO pr:0.9355  rc:0.9496  auc:0.9862 ap:0.9779 f1: 0.9425 pred_right: 38597 pred_wrong:403 actu_right: 38603 actu_wrong: 397
2026-09-16 11:51:47,301 P687173 INFO pr:0.8849  rc:0.9535  auc:0.9941 ap:0.9621 f1: 0.9179 pred_right: 16361 pred_wrong:139 actu_right: 16371 actu_wrong: 129
2026-09-16 11:51:47,303 P687173 INFO ----------------------------------------------------------------------------------------------------
2026-09-16 11:51:47,305 P687173 INFO 249/300 starting... lr: 0.0008100000000000001 para:0.01
2026-09-16 11:52:03,379 P687173 INFO Epoch 249/300, all_loss:0.00015 cls_loss:0.00001 rec_loss:0.01401 [16.07s]; best loss:0.00011, patience : 2
2026-09-16 11:52:07,345 P687173 INFO pr:0.9355  rc:0.9496  auc:0.9862 ap:0.9767 f1: 0.9425 pred_right: 38597 pred_wrong:403 actu_right: 38603 actu_wrong: 397
2026-09-16 11:52:09,089 P687173 INFO pr:0.8849  rc:0.9535  auc:0.9941 ap:0.9622 f1: 0.9179 pred_right: 16361 pred_wrong:139 actu_right: 16371 actu_wrong: 129
2026-09-16 11:52:09,090 P687173 INFO ----------------------------------------------------------------------------------------------------
2026-09-16 11:52:09,091 P687173 INFO 250/300 starting... lr: 0.0008100000000000001 para:0.01
2026-09-16 11:52:24,166 P687173 INFO Epoch 250/300, all_loss:0.00015 cls_loss:0.00001 rec_loss:0.01373 [15.07s]; best loss:0.00011, patience : 2
2026-09-16 11:52:28,039 P687173 INFO pr:0.9333  rc:0.9521  auc:0.9862 ap:0.9757 f1: 0.9426 pred_right: 38595 pred_wrong:405 actu_right: 38603 actu_wrong: 397
2026-09-16 11:52:29,835 P687173 INFO pr:0.8849  rc:0.9535  auc:0.9941 ap:0.9623 f1: 0.9179 pred_right: 16361 pred_wrong:139 actu_right: 16371 actu_wrong: 129
2026-09-16 11:52:29,837 P687173 INFO ----------------------------------------------------------------------------------------------------
2026-09-16 11:52:29,838 P687173 INFO 251/300 starting... lr: 0.0008100000000000001 para:0.01
2026-09-16 11:52:44,660 P687173 INFO Epoch 251/300, all_loss:0.00014 cls_loss:0.00001 rec_loss:0.01350 [14.82s]; best loss:0.00011, patience : 2
2026-09-16 11:52:48,991 P687173 INFO pr:0.9328  rc:0.9494  auc:0.9860 ap:0.9754 f1: 0.9410 pred_right: 38598 pred_wrong:402 actu_right: 38605 actu_wrong: 395
2026-09-16 11:52:50,628 P687173 INFO pr:0.8849  rc:0.9535  auc:0.9939 ap:0.9623 f1: 0.9179 pred_right: 16361 pred_wrong:139 actu_right: 16371 actu_wrong: 129
2026-09-16 11:52:50,630 P687173 INFO ----------------------------------------------------------------------------------------------------
2026-09-16 11:52:50,632 P687173 INFO 252/300 starting... lr: 0.0008100000000000001 para:0.01
2026-09-16 11:53:06,224 P687173 INFO Epoch 252/300, all_loss:0.00014 cls_loss:0.00001 rec_loss:0.01325 [15.59s]; best loss:0.00011, patience : 2
2026-09-16 11:53:10,666 P687173 INFO pr:0.9353  rc:0.9495  auc:0.9860 ap:0.9768 f1: 0.9424 pred_right: 38598 pred_wrong:402 actu_right: 38604 actu_wrong: 396
2026-09-16 11:53:12,479 P687173 INFO pr:0.8849  rc:0.9535  auc:0.9938 ap:0.9623 f1: 0.9179 pred_right: 16361 pred_wrong:139 actu_right: 16371 actu_wrong: 129
2026-09-16 11:53:12,482 P687173 INFO ----------------------------------------------------------------------------------------------------
2026-09-16 11:53:12,484 P687173 INFO 253/300 starting... lr: 0.0008100000000000001 para:0.01
2026-09-16 11:53:28,769 P687173 INFO Epoch 253/300, all_loss:0.00014 cls_loss:0.00001 rec_loss:0.01300 [16.28s]; best loss:0.00011, patience : 2
2026-09-16 11:53:33,703 P687173 INFO pr:0.9353  rc:0.9471  auc:0.9859 ap:0.9768 f1: 0.9412 pred_right: 38598 pred_wrong:402 actu_right: 38603 actu_wrong: 397
2026-09-16 11:53:35,453 P687173 INFO pr:0.8849  rc:0.9535  auc:0.9938 ap:0.9622 f1: 0.9179 pred_right: 16361 pred_wrong:139 actu_right: 16371 actu_wrong: 129
2026-09-16 11:53:35,454 P687173 INFO ----------------------------------------------------------------------------------------------------
2026-09-16 11:53:35,455 P687173 INFO 254/300 starting... lr: 0.0008100000000000001 para:0.01
2026-09-16 11:53:50,800 P687173 INFO Epoch 254/300, all_loss:0.00014 cls_loss:0.00001 rec_loss:0.01277 [15.34s]; best loss:0.00011, patience : 2
2026-09-16 11:53:54,296 P687173 INFO pr:0.9309  rc:0.9520  auc:0.9858 ap:0.9755 f1: 0.9413 pred_right: 38595 pred_wrong:405 actu_right: 38604 actu_wrong: 396
2026-09-16 11:53:55,731 P687173 INFO pr:0.8857  rc:0.9612  auc:0.9937 ap:0.9623 f1: 0.9219 pred_right: 16360 pred_wrong:140 actu_right: 16371 actu_wrong: 129
2026-09-16 11:53:55,733 P687173 INFO ----------------------------------------------------------------------------------------------------
2026-09-16 11:53:55,734 P687173 INFO 255/300 starting... lr: 0.0008100000000000001 para:0.01
2026-09-16 11:54:11,376 P687173 INFO Epoch 255/300, all_loss:0.00013 cls_loss:0.00001 rec_loss:0.01250 [15.64s]; best loss:0.00011, patience : 2
2026-09-16 11:54:14,632 P687173 INFO pr:0.9287  rc:0.9521  auc:0.9857 ap:0.9756 f1: 0.9403 pred_right: 38593 pred_wrong:407 actu_right: 38603 actu_wrong: 397
2026-09-16 11:54:16,318 P687173 INFO pr:0.8794  rc:0.9612  auc:0.9937 ap:0.9623 f1: 0.9185 pred_right: 16359 pred_wrong:141 actu_right: 16371 actu_wrong: 129
2026-09-16 11:54:16,319 P687173 INFO ----------------------------------------------------------------------------------------------------
2026-09-16 11:54:16,319 P687173 INFO 256/300 starting... lr: 0.0008100000000000001 para:0.01
2026-09-16 11:54:34,334 P687173 INFO Epoch 256/300, all_loss:0.00013 cls_loss:0.00001 rec_loss:0.01219 [18.01s]; best loss:0.00011, patience : 2
2026-09-16 11:54:49,435 P687173 INFO pr:0.9284  rc:0.9471  auc:0.9851 ap:0.9755 f1: 0.9377 pred_right: 38595 pred_wrong:405 actu_right: 38603 actu_wrong: 397
2026-09-16 11:54:51,541 P687173 INFO pr:0.8857  rc:0.9612  auc:0.9934 ap:0.9622 f1: 0.9219 pred_right: 16360 pred_wrong:140 actu_right: 16371 actu_wrong: 129
2026-09-16 11:54:51,544 P687173 INFO ----------------------------------------------------------------------------------------------------
2026-09-16 11:54:51,544 P687173 INFO 257/300 starting... lr: 0.0008100000000000001 para:0.01
2026-09-16 11:55:07,609 P687173 INFO Epoch 257/300, all_loss:0.00013 cls_loss:0.00001 rec_loss:0.01201 [16.06s]; best loss:0.00011, patience : 2
2026-09-16 11:55:11,585 P687173 INFO pr:0.9307  rc:0.9471  auc:0.9849 ap:0.9755 f1: 0.9388 pred_right: 38596 pred_wrong:404 actu_right: 38603 actu_wrong: 397
2026-09-16 11:55:13,376 P687173 INFO pr:0.8857  rc:0.9612  auc:0.9933 ap:0.9623 f1: 0.9219 pred_right: 16360 pred_wrong:140 actu_right: 16371 actu_wrong: 129
2026-09-16 11:55:13,378 P687173 INFO ----------------------------------------------------------------------------------------------------
2026-09-16 11:55:13,379 P687173 INFO 258/300 starting... lr: 0.0008100000000000001 para:0.01
2026-09-16 11:55:27,991 P687173 INFO Epoch 258/300, all_loss:0.00012 cls_loss:0.00001 rec_loss:0.01174 [14.61s]; best loss:0.00011, patience : 2
2026-09-16 11:55:31,821 P687173 INFO pr:0.9286  rc:0.9496  auc:0.9848 ap:0.9756 f1: 0.9390 pred_right: 38594 pred_wrong:406 actu_right: 38603 actu_wrong: 397
2026-09-16 11:55:33,334 P687173 INFO pr:0.8857  rc:0.9612  auc:0.9933 ap:0.9623 f1: 0.9219 pred_right: 16360 pred_wrong:140 actu_right: 16371 actu_wrong: 129
2026-09-16 11:55:33,336 P687173 INFO ----------------------------------------------------------------------------------------------------
2026-09-16 11:55:33,337 P687173 INFO 259/300 starting... lr: 0.0008100000000000001 para:0.01
2026-09-16 11:55:49,106 P687173 INFO Epoch 259/300, all_loss:0.00012 cls_loss:0.00001 rec_loss:0.01149 [15.77s]; best loss:0.00011, patience : 2
2026-09-16 11:55:53,164 P687173 INFO pr:0.9265  rc:0.9521  auc:0.9847 ap:0.9743 f1: 0.9391 pred_right: 38592 pred_wrong:408 actu_right: 38603 actu_wrong: 397
2026-09-16 11:55:55,069 P687173 INFO pr:0.8857  rc:0.9612  auc:0.9930 ap:0.9622 f1: 0.9219 pred_right: 16360 pred_wrong:140 actu_right: 16371 actu_wrong: 129
2026-09-16 11:55:55,071 P687173 INFO ----------------------------------------------------------------------------------------------------
2026-09-16 11:55:55,071 P687173 INFO 260/300 starting... lr: 0.0008100000000000001 para:0.01
2026-09-16 11:56:10,321 P687173 INFO Epoch 260/300, all_loss:0.00012 cls_loss:0.00001 rec_loss:0.01123 [15.25s]; best loss:0.00011, patience : 2
2026-09-16 11:56:14,763 P687173 INFO pr:0.9284  rc:0.9471  auc:0.9845 ap:0.9755 f1: 0.9377 pred_right: 38595 pred_wrong:405 actu_right: 38603 actu_wrong: 397
2026-09-16 11:56:16,608 P687173 INFO pr:0.8857  rc:0.9612  auc:0.9928 ap:0.9623 f1: 0.9219 pred_right: 16360 pred_wrong:140 actu_right: 16371 actu_wrong: 129
2026-09-16 11:56:16,609 P687173 INFO ----------------------------------------------------------------------------------------------------
2026-09-16 11:56:16,611 P687173 INFO 261/300 starting... lr: 0.0008100000000000001 para:0.01
2026-09-16 11:56:32,601 P687173 INFO Epoch 261/300, all_loss:0.00012 cls_loss:0.00001 rec_loss:0.01099 [15.99s]; best loss:0.00011, patience : 2
2026-09-16 11:56:36,459 P687173 INFO pr:0.9265  rc:0.9521  auc:0.9844 ap:0.9743 f1: 0.9391 pred_right: 38592 pred_wrong:408 actu_right: 38603 actu_wrong: 397
2026-09-16 11:56:37,967 P687173 INFO pr:0.8794  rc:0.9612  auc:0.9928 ap:0.9622 f1: 0.9185 pred_right: 16359 pred_wrong:141 actu_right: 16371 actu_wrong: 129
2026-09-16 11:56:37,968 P687173 INFO ----------------------------------------------------------------------------------------------------
2026-09-16 11:56:37,968 P687173 INFO 262/300 starting... lr: 0.0008100000000000001 para:0.01
2026-09-16 11:56:54,663 P687173 INFO Epoch 262/300, all_loss:0.00011 cls_loss:0.00001 rec_loss:0.01075 [16.69s]; best loss:0.00011, patience : 2
2026-09-16 11:56:58,544 P687173 INFO pr:0.9265  rc:0.9521  auc:0.9842 ap:0.9743 f1: 0.9391 pred_right: 38592 pred_wrong:408 actu_right: 38603 actu_wrong: 397
2026-09-16 11:57:00,303 P687173 INFO pr:0.8794  rc:0.9612  auc:0.9928 ap:0.9623 f1: 0.9185 pred_right: 16359 pred_wrong:141 actu_right: 16371 actu_wrong: 129
2026-09-16 11:57:00,305 P687173 INFO ----------------------------------------------------------------------------------------------------
2026-09-16 11:57:00,306 P687173 INFO 263/300 starting... lr: 0.0008100000000000001 para:0.01
2026-09-16 11:57:17,206 P687173 INFO Epoch 263/300, all_loss:0.00011 cls_loss:0.00001 rec_loss:0.01051 [16.90s]; best loss:0.00011, patience : 2
2026-09-16 11:57:20,062 P687173 INFO pr:0.9287  rc:0.9521  auc:0.9839 ap:0.9743 f1: 0.9403 pred_right: 38593 pred_wrong:407 actu_right: 38603 actu_wrong: 397
2026-09-16 11:57:21,379 P687173 INFO pr:0.8794  rc:0.9612  auc:0.9928 ap:0.9623 f1: 0.9185 pred_right: 16359 pred_wrong:141 actu_right: 16371 actu_wrong: 129
2026-09-16 11:57:21,380 P687173 INFO ----------------------------------------------------------------------------------------------------
2026-09-16 11:57:21,380 P687173 INFO 264/300 starting... lr: 0.0008100000000000001 para:0.01
2026-09-16 11:57:35,750 P687173 INFO Epoch 264/300, all_loss:0.00011 cls_loss:0.00001 rec_loss:0.01026 [14.37s]; best loss:0.00011, patience : 2
2026-09-16 11:57:51,016 P687173 INFO pr:0.9263  rc:0.9496  auc:0.9839 ap:0.9742 f1: 0.9378 pred_right: 38593 pred_wrong:407 actu_right: 38603 actu_wrong: 397
2026-09-16 11:57:56,098 P687173 INFO pr:0.8794  rc:0.9612  auc:0.9927 ap:0.9623 f1: 0.9185 pred_right: 16359 pred_wrong:141 actu_right: 16371 actu_wrong: 129
2026-09-16 11:57:56,100 P687173 INFO ----------------------------------------------------------------------------------------------------
2026-09-16 11:57:56,102 P687173 INFO 265/300 starting... lr: 0.0008100000000000001 para:0.01
2026-09-16 11:58:12,585 P687173 INFO Epoch 265/300, all_loss:0.00011 cls_loss:0.00001 rec_loss:0.00997 [16.47s]; best loss:0.00011, patience : 0
2026-09-16 11:58:16,219 P687173 INFO pr:0.9240  rc:0.9496  auc:0.9837 ap:0.9741 f1: 0.9366 pred_right: 38592 pred_wrong:408 actu_right: 38603 actu_wrong: 397
2026-09-16 11:58:17,599 P687173 INFO pr:0.8794  rc:0.9612  auc:0.9927 ap:0.9623 f1: 0.9185 pred_right: 16359 pred_wrong:141 actu_right: 16371 actu_wrong: 129
2026-09-16 11:58:17,600 P687173 INFO ----------------------------------------------------------------------------------------------------
2026-09-16 11:58:17,601 P687173 INFO 266/300 starting... lr: 0.0008100000000000001 para:0.01
2026-09-16 11:58:32,465 P687173 INFO Epoch 266/300, all_loss:0.00010 cls_loss:0.00001 rec_loss:0.00978 [14.85s]; best loss:0.00010, patience : 0
2026-09-16 11:58:36,960 P687173 INFO pr:0.9240  rc:0.9496  auc:0.9841 ap:0.9740 f1: 0.9366 pred_right: 38592 pred_wrong:408 actu_right: 38603 actu_wrong: 397
2026-09-16 11:58:38,799 P687173 INFO pr:0.8803  rc:0.9690  auc:0.9927 ap:0.9625 f1: 0.9225 pred_right: 16358 pred_wrong:142 actu_right: 16371 actu_wrong: 129
2026-09-16 11:58:38,802 P687173 INFO ----------------------------------------------------------------------------------------------------
2026-09-16 11:58:38,804 P687173 INFO 267/300 starting... lr: 0.0008100000000000001 para:0.01
2026-09-16 11:58:54,700 P687173 INFO Epoch 267/300, all_loss:0.00010 cls_loss:0.00001 rec_loss:0.00960 [15.89s]; best loss:0.00010, patience : 0
2026-09-16 11:58:59,216 P687173 INFO pr:0.9263  rc:0.9496  auc:0.9839 ap:0.9740 f1: 0.9378 pred_right: 38593 pred_wrong:407 actu_right: 38603 actu_wrong: 397
2026-09-16 11:59:00,689 P687173 INFO pr:0.8803  rc:0.9690  auc:0.9927 ap:0.9626 f1: 0.9225 pred_right: 16358 pred_wrong:142 actu_right: 16371 actu_wrong: 129
2026-09-16 11:59:00,691 P687173 INFO ----------------------------------------------------------------------------------------------------
2026-09-16 11:59:00,693 P687173 INFO 268/300 starting... lr: 0.0008100000000000001 para:0.01
2026-09-16 11:59:16,675 P687173 INFO Epoch 268/300, all_loss:0.00010 cls_loss:0.00001 rec_loss:0.00932 [15.97s]; best loss:0.00010, patience : 0
2026-09-16 11:59:20,920 P687173 INFO pr:0.9263  rc:0.9496  auc:0.9837 ap:0.9741 f1: 0.9378 pred_right: 38593 pred_wrong:407 actu_right: 38603 actu_wrong: 397
2026-09-16 11:59:22,805 P687173 INFO pr:0.8803  rc:0.9690  auc:0.9928 ap:0.9629 f1: 0.9225 pred_right: 16358 pred_wrong:142 actu_right: 16371 actu_wrong: 129
2026-09-16 11:59:22,807 P687173 INFO ----------------------------------------------------------------------------------------------------
2026-09-16 11:59:22,807 P687173 INFO 269/300 starting... lr: 0.0008100000000000001 para:0.01
2026-09-16 11:59:38,858 P687173 INFO Epoch 269/300, all_loss:0.00010 cls_loss:0.00000 rec_loss:0.00918 [16.04s]; best loss:0.00010, patience : 0
2026-09-16 11:59:42,655 P687173 INFO pr:0.9309  rc:0.9496  auc:0.9837 ap:0.9752 f1: 0.9401 pred_right: 38595 pred_wrong:405 actu_right: 38603 actu_wrong: 397
2026-09-16 11:59:44,518 P687173 INFO pr:0.8865  rc:0.9690  auc:0.9928 ap:0.9627 f1: 0.9259 pred_right: 16359 pred_wrong:141 actu_right: 16371 actu_wrong: 129
2026-09-16 11:59:44,520 P687173 INFO ----------------------------------------------------------------------------------------------------
2026-09-16 11:59:44,520 P687173 INFO 270/300 starting... lr: 0.0008100000000000001 para:0.01
2026-09-16 12:00:00,232 P687173 INFO Epoch 270/300, all_loss:0.00009 cls_loss:0.00000 rec_loss:0.00897 [15.70s]; best loss:0.00009, patience : 0
2026-09-16 12:00:04,478 P687173 INFO pr:0.9261  rc:0.9495  auc:0.9836 ap:0.9740 f1: 0.9377 pred_right: 38594 pred_wrong:406 actu_right: 38604 actu_wrong: 396
2026-09-16 12:00:06,136 P687173 INFO pr:0.8803  rc:0.9690  auc:0.9930 ap:0.9631 f1: 0.9225 pred_right: 16358 pred_wrong:142 actu_right: 16371 actu_wrong: 129
2026-09-16 12:00:06,138 P687173 INFO ----------------------------------------------------------------------------------------------------
2026-09-16 12:00:06,138 P687173 INFO 271/300 starting... lr: 0.0008100000000000001 para:0.01
2026-09-16 12:00:21,868 P687173 INFO Epoch 271/300, all_loss:0.00009 cls_loss:0.00000 rec_loss:0.00872 [15.72s]; best loss:0.00009, patience : 0
2026-09-16 12:00:25,638 P687173 INFO pr:0.9240  rc:0.9496  auc:0.9837 ap:0.9739 f1: 0.9366 pred_right: 38592 pred_wrong:408 actu_right: 38603 actu_wrong: 397
2026-09-16 12:00:28,408 P687173 INFO pr:0.8741  rc:0.9690  auc:0.9930 ap:0.9630 f1: 0.9191 pred_right: 16357 pred_wrong:143 actu_right: 16371 actu_wrong: 129
2026-09-16 12:00:28,409 P687173 INFO ----------------------------------------------------------------------------------------------------
2026-09-16 12:00:28,409 P687173 INFO 272/300 starting... lr: 0.0008100000000000001 para:0.01
2026-09-16 12:00:42,097 P687173 INFO Epoch 272/300, all_loss:0.00009 cls_loss:0.00001 rec_loss:0.00857 [13.68s]; best loss:0.00009, patience : 0
2026-09-16 12:00:45,729 P687173 INFO pr:0.9216  rc:0.9495  auc:0.9837 ap:0.9749 f1: 0.9353 pred_right: 38592 pred_wrong:408 actu_right: 38604 actu_wrong: 396
2026-09-16 12:00:47,294 P687173 INFO pr:0.8681  rc:0.9690  auc:0.9931 ap:0.9628 f1: 0.9158 pred_right: 16356 pred_wrong:144 actu_right: 16371 actu_wrong: 129
2026-09-16 12:00:47,296 P687173 INFO ----------------------------------------------------------------------------------------------------
2026-09-16 12:00:47,296 P687173 INFO 273/300 starting... lr: 0.0008100000000000001 para:0.01
2026-09-16 12:01:13,913 P687173 INFO Epoch 273/300, all_loss:0.00009 cls_loss:0.00000 rec_loss:0.00839 [26.61s]; best loss:0.00009, patience : 0
2026-09-16 12:01:18,335 P687173 INFO pr:0.9287  rc:0.9521  auc:0.9836 ap:0.9740 f1: 0.9403 pred_right: 38593 pred_wrong:407 actu_right: 38603 actu_wrong: 397
2026-09-16 12:01:19,928 P687173 INFO pr:0.8741  rc:0.9690  auc:0.9941 ap:0.9631 f1: 0.9191 pred_right: 16357 pred_wrong:143 actu_right: 16371 actu_wrong: 129
2026-09-16 12:01:19,929 P687173 INFO ----------------------------------------------------------------------------------------------------
2026-09-16 12:01:19,929 P687173 INFO 274/300 starting... lr: 0.0008100000000000001 para:0.01
2026-09-16 12:01:35,158 P687173 INFO Epoch 274/300, all_loss:0.00009 cls_loss:0.00000 rec_loss:0.00823 [15.22s]; best loss:0.00009, patience : 0
2026-09-16 12:01:39,794 P687173 INFO pr:0.9240  rc:0.9496  auc:0.9836 ap:0.9738 f1: 0.9366 pred_right: 38592 pred_wrong:408 actu_right: 38603 actu_wrong: 397
2026-09-16 12:01:41,653 P687173 INFO pr:0.8741  rc:0.9690  auc:0.9937 ap:0.9629 f1: 0.9191 pred_right: 16357 pred_wrong:143 actu_right: 16371 actu_wrong: 129
2026-09-16 12:01:41,654 P687173 INFO ----------------------------------------------------------------------------------------------------
2026-09-16 12:01:41,654 P687173 INFO 275/300 starting... lr: 0.0008100000000000001 para:0.01
2026-09-16 12:01:56,531 P687173 INFO Epoch 275/300, all_loss:0.00008 cls_loss:0.00000 rec_loss:0.00803 [14.87s]; best loss:0.00008, patience : 0
2026-09-16 12:02:00,802 P687173 INFO pr:0.9242  rc:0.9521  auc:0.9836 ap:0.9737 f1: 0.9380 pred_right: 38591 pred_wrong:409 actu_right: 38603 actu_wrong: 397
2026-09-16 12:02:02,491 P687173 INFO pr:0.8741  rc:0.9690  auc:0.9939 ap:0.9630 f1: 0.9191 pred_right: 16357 pred_wrong:143 actu_right: 16371 actu_wrong: 129
2026-09-16 12:02:02,492 P687173 INFO ----------------------------------------------------------------------------------------------------
2026-09-16 12:02:02,493 P687173 INFO 276/300 starting... lr: 0.0008100000000000001 para:0.01
2026-09-16 12:02:18,004 P687173 INFO Epoch 276/300, all_loss:0.00008 cls_loss:0.00000 rec_loss:0.00785 [15.50s]; best loss:0.00008, patience : 0
2026-09-16 12:02:22,629 P687173 INFO pr:0.9261  rc:0.9471  auc:0.9836 ap:0.9747 f1: 0.9365 pred_right: 38594 pred_wrong:406 actu_right: 38603 actu_wrong: 397
2026-09-16 12:02:24,320 P687173 INFO pr:0.8741  rc:0.9690  auc:0.9934 ap:0.9627 f1: 0.9191 pred_right: 16357 pred_wrong:143 actu_right: 16371 actu_wrong: 129
2026-09-16 12:02:24,321 P687173 INFO ----------------------------------------------------------------------------------------------------
2026-09-16 12:02:24,321 P687173 INFO 277/300 starting... lr: 0.0008100000000000001 para:0.01
2026-09-16 12:02:40,241 P687173 INFO Epoch 277/300, all_loss:0.00008 cls_loss:0.00000 rec_loss:0.00765 [15.91s]; best loss:0.00008, patience : 0
2026-09-16 12:02:44,641 P687173 INFO pr:0.9216  rc:0.9471  auc:0.9836 ap:0.9745 f1: 0.9342 pred_right: 38592 pred_wrong:408 actu_right: 38603 actu_wrong: 397
2026-09-16 12:02:46,542 P687173 INFO pr:0.8794  rc:0.9612  auc:0.9936 ap:0.9626 f1: 0.9185 pred_right: 16359 pred_wrong:141 actu_right: 16371 actu_wrong: 129
2026-09-16 12:02:46,544 P687173 INFO ----------------------------------------------------------------------------------------------------
2026-09-16 12:02:46,545 P687173 INFO 278/300 starting... lr: 0.0008100000000000001 para:0.01
2026-09-16 12:03:02,434 P687173 INFO Epoch 278/300, all_loss:0.00008 cls_loss:0.00000 rec_loss:0.00754 [15.88s]; best loss:0.00008, patience : 0
2026-09-16 12:03:06,578 P687173 INFO pr:0.9240  rc:0.9496  auc:0.9836 ap:0.9747 f1: 0.9366 pred_right: 38592 pred_wrong:408 actu_right: 38603 actu_wrong: 397
2026-09-16 12:03:08,177 P687173 INFO pr:0.8741  rc:0.9690  auc:0.9942 ap:0.9627 f1: 0.9191 pred_right: 16357 pred_wrong:143 actu_right: 16371 actu_wrong: 129
2026-09-16 12:03:08,178 P687173 INFO ----------------------------------------------------------------------------------------------------
2026-09-16 12:03:08,178 P687173 INFO 279/300 starting... lr: 0.0008100000000000001 para:0.01
2026-09-16 12:03:24,113 P687173 INFO Epoch 279/300, all_loss:0.00008 cls_loss:0.00000 rec_loss:0.00740 [15.92s]; best loss:0.00008, patience : 0
2026-09-16 12:03:28,013 P687173 INFO pr:0.9263  rc:0.9496  auc:0.9835 ap:0.9747 f1: 0.9378 pred_right: 38593 pred_wrong:407 actu_right: 38603 actu_wrong: 397
2026-09-16 12:03:29,614 P687173 INFO pr:0.8741  rc:0.9690  auc:0.9946 ap:0.9627 f1: 0.9191 pred_right: 16357 pred_wrong:143 actu_right: 16371 actu_wrong: 129
2026-09-16 12:03:29,616 P687173 INFO ----------------------------------------------------------------------------------------------------
2026-09-16 12:03:29,616 P687173 INFO 280/300 starting... lr: 0.0008100000000000001 para:0.01
2026-09-16 12:03:45,420 P687173 INFO Epoch 280/300, all_loss:0.00008 cls_loss:0.00000 rec_loss:0.00731 [15.80s]; best loss:0.00008, patience : 0
2026-09-16 12:03:48,884 P687173 INFO pr:0.9284  rc:0.9471  auc:0.9826 ap:0.9743 f1: 0.9377 pred_right: 38595 pred_wrong:405 actu_right: 38603 actu_wrong: 397
2026-09-16 12:03:50,268 P687173 INFO pr:0.8865  rc:0.9690  auc:0.9945 ap:0.9627 f1: 0.9259 pred_right: 16359 pred_wrong:141 actu_right: 16371 actu_wrong: 129
2026-09-16 12:03:50,269 P687173 INFO ----------------------------------------------------------------------------------------------------
2026-09-16 12:03:50,270 P687173 INFO 281/300 starting... lr: 0.0008100000000000001 para:0.01
2026-09-16 12:04:09,497 P687173 INFO Epoch 281/300, all_loss:0.00007 cls_loss:0.00000 rec_loss:0.00712 [19.21s]; best loss:0.00007, patience : 0
2026-09-16 12:04:22,138 P687173 INFO pr:0.9345  rc:0.9345  auc:0.9814 ap:0.9737 f1: 0.9345 pred_right: 38603 pred_wrong:397 actu_right: 38603 actu_wrong: 397
2026-09-16 12:04:24,220 P687173 INFO pr:0.8913  rc:0.9535  auc:0.9938 ap:0.9619 f1: 0.9213 pred_right: 16362 pred_wrong:138 actu_right: 16371 actu_wrong: 129
2026-09-16 12:04:24,221 P687173 INFO ----------------------------------------------------------------------------------------------------
2026-09-16 12:04:24,221 P687173 INFO 282/300 starting... lr: 0.0008100000000000001 para:0.01
2026-09-16 12:04:40,046 P687173 INFO Epoch 282/300, all_loss:0.00008 cls_loss:0.00001 rec_loss:0.00735 [15.82s]; best loss:0.00007, patience : 1
2026-09-16 12:04:43,898 P687173 INFO pr:0.9280  rc:0.9444  auc:0.9829 ap:0.9703 f1: 0.9362 pred_right: 38597 pred_wrong:403 actu_right: 38604 actu_wrong: 396
2026-09-16 12:04:45,607 P687173 INFO pr:0.8741  rc:0.9690  auc:0.9926 ap:0.9590 f1: 0.9191 pred_right: 16357 pred_wrong:143 actu_right: 16371 actu_wrong: 129
2026-09-16 12:04:45,609 P687173 INFO ----------------------------------------------------------------------------------------------------
2026-09-16 12:04:45,610 P687173 INFO 283/300 starting... lr: 0.0008100000000000001 para:0.01
2026-09-16 12:05:01,050 P687173 INFO Epoch 283/300, all_loss:0.00008 cls_loss:0.00000 rec_loss:0.00721 [15.44s]; best loss:0.00007, patience : 1
2026-09-16 12:05:04,610 P687173 INFO pr:0.9352  rc:0.9446  auc:0.9817 ap:0.9739 f1: 0.9398 pred_right: 38599 pred_wrong:401 actu_right: 38603 actu_wrong: 397
2026-09-16 12:05:06,175 P687173 INFO pr:0.8865  rc:0.9690  auc:0.9927 ap:0.9626 f1: 0.9259 pred_right: 16359 pred_wrong:141 actu_right: 16371 actu_wrong: 129
2026-09-16 12:05:06,176 P687173 INFO ----------------------------------------------------------------------------------------------------
2026-09-16 12:05:06,177 P687173 INFO 284/300 starting... lr: 0.0008100000000000001 para:0.01
2026-09-16 12:05:21,877 P687173 INFO Epoch 284/300, all_loss:0.71801 cls_loss:0.72515 rec_loss:0.01128 [15.70s]; best loss:0.00007, patience : 2
2026-09-16 12:05:26,228 P687173 INFO pr:0.9501  rc:0.9118  auc:0.9736 ap:0.9665 f1: 0.9306 pred_right: 38619 pred_wrong:381 actu_right: 38603 actu_wrong: 397
2026-09-16 12:05:27,888 P687173 INFO pr:0.9385  rc:0.9457  auc:0.9854 ap:0.9579 f1: 0.9421 pred_right: 16370 pred_wrong:130 actu_right: 16371 actu_wrong: 129
2026-09-16 12:05:27,890 P687173 INFO ----------------------------------------------------------------------------------------------------
2026-09-16 12:05:27,890 P687173 INFO 285/300 starting... lr: 0.0008100000000000001 para:0.01
2026-09-16 12:05:42,741 P687173 INFO Epoch 285/300, all_loss:0.27633 cls_loss:0.27895 rec_loss:0.01631 [14.85s]; best loss:0.00007, patience : 2
2026-09-16 12:05:46,640 P687173 INFO pr:0.9451  rc:0.9547  auc:0.9827 ap:0.9716 f1: 0.9499 pred_right: 38599 pred_wrong:401 actu_right: 38603 actu_wrong: 397
2026-09-16 12:05:48,718 P687173 INFO pr:0.9185  rc:0.9612  auc:0.9934 ap:0.9638 f1: 0.9394 pred_right: 16365 pred_wrong:135 actu_right: 16371 actu_wrong: 129
2026-09-16 12:05:48,719 P687173 INFO ----------------------------------------------------------------------------------------------------
2026-09-16 12:05:48,719 P687173 INFO 286/300 starting... lr: 0.0008100000000000001 para:0.01
2026-09-16 12:06:04,955 P687173 INFO Epoch 286/300, all_loss:0.07750 cls_loss:0.07815 rec_loss:0.01322 [16.23s]; best loss:0.00007, patience : 2
2026-09-16 12:06:09,747 P687173 INFO pr:0.9273  rc:0.9320  auc:0.9841 ap:0.9683 f1: 0.9296 pred_right: 38601 pred_wrong:399 actu_right: 38603 actu_wrong: 397
2026-09-16 12:06:11,729 P687173 INFO pr:0.8592  rc:0.9457  auc:0.9912 ap:0.9513 f1: 0.9004 pred_right: 16358 pred_wrong:142 actu_right: 16371 actu_wrong: 129
2026-09-16 12:06:11,731 P687173 INFO ----------------------------------------------------------------------------------------------------
2026-09-16 12:06:11,731 P687173 INFO 287/300 starting... lr: 0.0008100000000000001 para:0.01
2026-09-16 12:06:27,517 P687173 INFO Epoch 287/300, all_loss:0.05920 cls_loss:0.05967 rec_loss:0.01247 [15.79s]; best loss:0.00007, patience : 2
2026-09-16 12:06:31,058 P687173 INFO pr:0.9634  rc:0.9270  auc:0.9784 ap:0.9766 f1: 0.9448 pred_right: 38618 pred_wrong:382 actu_right: 38603 actu_wrong: 397
2026-09-16 12:06:32,617 P687173 INFO pr:0.9160  rc:0.9302  auc:0.9833 ap:0.9681 f1: 0.9231 pred_right: 16369 pred_wrong:131 actu_right: 16371 actu_wrong: 129
2026-09-16 12:06:32,626 P687173 INFO ----------------------------------------------------------------------------------------------------
2026-09-16 12:06:32,626 P687173 INFO 288/300 starting... lr: 0.0008100000000000001 para:0.01
2026-09-16 12:06:49,055 P687173 INFO Epoch 288/300, all_loss:0.00459 cls_loss:0.00451 rec_loss:0.01277 [16.43s]; best loss:0.00007, patience : 2
2026-09-16 12:06:53,447 P687173 INFO pr:0.8926  rc:0.9421  auc:0.9806 ap:0.9625 f1: 0.9167 pred_right: 38581 pred_wrong:419 actu_right: 38603 actu_wrong: 397
2026-09-16 12:06:54,721 P687173 INFO pr:0.8311  rc:0.9535  auc:0.9946 ap:0.9474 f1: 0.8881 pred_right: 16352 pred_wrong:148 actu_right: 16371 actu_wrong: 129
2026-09-16 12:06:54,722 P687173 INFO ----------------------------------------------------------------------------------------------------
2026-09-16 12:06:54,723 P687173 INFO 289/300 starting... lr: 0.0008100000000000001 para:0.01
2026-09-16 12:07:08,025 P687173 INFO Epoch 289/300, all_loss:0.00138 cls_loss:0.00126 rec_loss:0.01296 [13.30s]; best loss:0.00007, patience : 2
2026-09-16 12:07:18,597 P687173 INFO pr:0.9422  rc:0.9446  auc:0.9830 ap:0.9770 f1: 0.9434 pred_right: 38602 pred_wrong:398 actu_right: 38603 actu_wrong: 397
2026-09-16 12:07:24,694 P687173 INFO pr:0.8671  rc:0.9612  auc:0.9901 ap:0.9464 f1: 0.9118 pred_right: 16357 pred_wrong:143 actu_right: 16371 actu_wrong: 129
2026-09-16 12:07:24,702 P687173 INFO ----------------------------------------------------------------------------------------------------
2026-09-16 12:07:24,702 P687173 INFO 290/300 starting... lr: 0.0008100000000000001 para:0.01
2026-09-16 12:07:44,136 P687173 INFO Epoch 290/300, all_loss:0.00049 cls_loss:0.00037 rec_loss:0.01292 [19.43s]; best loss:0.00007, patience : 2
2026-09-16 12:07:48,215 P687173 INFO pr:0.9133  rc:0.9547  auc:0.9859 ap:0.9681 f1: 0.9335 pred_right: 38585 pred_wrong:415 actu_right: 38603 actu_wrong: 397
2026-09-16 12:07:49,835 P687173 INFO pr:0.8322  rc:0.9612  auc:0.9930 ap:0.9414 f1: 0.8921 pred_right: 16351 pred_wrong:149 actu_right: 16371 actu_wrong: 129
2026-09-16 12:07:49,836 P687173 INFO ----------------------------------------------------------------------------------------------------
2026-09-16 12:07:49,837 P687173 INFO 291/300 starting... lr: 0.0008100000000000001 para:0.01
2026-09-16 12:08:04,749 P687173 INFO Epoch 291/300, all_loss:0.01166 cls_loss:0.01166 rec_loss:0.01233 [14.91s]; best loss:0.00007, patience : 3
2026-09-16 12:08:08,477 P687173 INFO pr:0.9472  rc:0.9496  auc:0.9822 ap:0.9733 f1: 0.9484 pred_right: 38602 pred_wrong:398 actu_right: 38603 actu_wrong: 397
2026-09-16 12:08:10,253 P687173 INFO pr:0.8786  rc:0.9535  auc:0.9877 ap:0.9591 f1: 0.9145 pred_right: 16360 pred_wrong:140 actu_right: 16371 actu_wrong: 129
2026-09-16 12:08:10,254 P687173 INFO ----------------------------------------------------------------------------------------------------
2026-09-16 12:08:10,255 P687173 INFO 292/300 starting... lr: 0.0008100000000000001 para:0.01
2026-09-16 12:08:26,154 P687173 INFO Epoch 292/300, all_loss:0.00026 cls_loss:0.00014 rec_loss:0.01247 [15.90s]; best loss:0.00007, patience : 3
2026-09-16 12:08:30,380 P687173 INFO pr:0.9472  rc:0.9496  auc:0.9823 ap:0.9736 f1: 0.9484 pred_right: 38602 pred_wrong:398 actu_right: 38603 actu_wrong: 397
2026-09-16 12:08:32,227 P687173 INFO pr:0.8786  rc:0.9535  auc:0.9877 ap:0.9561 f1: 0.9145 pred_right: 16360 pred_wrong:140 actu_right: 16371 actu_wrong: 129
2026-09-16 12:08:32,228 P687173 INFO ----------------------------------------------------------------------------------------------------
2026-09-16 12:08:32,229 P687173 INFO 293/300 starting... lr: 0.0008100000000000001 para:0.01
2026-09-16 12:08:48,124 P687173 INFO Epoch 293/300, all_loss:0.00022 cls_loss:0.00010 rec_loss:0.01245 [15.89s]; best loss:0.00007, patience : 3
2026-09-16 12:08:52,160 P687173 INFO pr:0.9471  rc:0.9495  auc:0.9822 ap:0.9739 f1: 0.9483 pred_right: 38603 pred_wrong:397 actu_right: 38604 actu_wrong: 396
2026-09-16 12:08:53,757 P687173 INFO pr:0.8723  rc:0.9535  auc:0.9877 ap:0.9531 f1: 0.9111 pred_right: 16359 pred_wrong:141 actu_right: 16371 actu_wrong: 129
2026-09-16 12:08:53,759 P687173 INFO ----------------------------------------------------------------------------------------------------
2026-09-16 12:08:53,760 P687173 INFO 294/300 starting... lr: 0.0008100000000000001 para:0.01
2026-09-16 12:09:09,646 P687173 INFO Epoch 294/300, all_loss:0.00019 cls_loss:0.00007 rec_loss:0.01236 [15.88s]; best loss:0.00007, patience : 3
2026-09-16 12:09:13,842 P687173 INFO pr:0.9422  rc:0.9494  auc:0.9828 ap:0.9740 f1: 0.9458 pred_right: 38602 pred_wrong:398 actu_right: 38605 actu_wrong: 395
2026-09-16 12:09:15,299 P687173 INFO pr:0.8723  rc:0.9535  auc:0.9878 ap:0.9533 f1: 0.9111 pred_right: 16359 pred_wrong:141 actu_right: 16371 actu_wrong: 129
2026-09-16 12:09:15,301 P687173 INFO ----------------------------------------------------------------------------------------------------
2026-09-16 12:09:15,302 P687173 INFO 295/300 starting... lr: 0.0008100000000000001 para:0.01
2026-09-16 12:09:30,928 P687173 INFO Epoch 295/300, all_loss:0.00018 cls_loss:0.00006 rec_loss:0.01230 [15.62s]; best loss:0.00007, patience : 3
2026-09-16 12:09:35,083 P687173 INFO pr:0.9425  rc:0.9496  auc:0.9830 ap:0.9743 f1: 0.9460 pred_right: 38600 pred_wrong:400 actu_right: 38603 actu_wrong: 397
2026-09-16 12:09:36,830 P687173 INFO pr:0.8723  rc:0.9535  auc:0.9878 ap:0.9533 f1: 0.9111 pred_right: 16359 pred_wrong:141 actu_right: 16371 actu_wrong: 129
2026-09-16 12:09:36,831 P687173 INFO ----------------------------------------------------------------------------------------------------
2026-09-16 12:09:36,832 P687173 INFO 296/300 starting... lr: 0.0008100000000000001 para:0.01
2026-09-16 12:09:52,807 P687173 INFO Epoch 296/300, all_loss:0.00017 cls_loss:0.00005 rec_loss:0.01225 [15.97s]; best loss:0.00007, patience : 3
2026-09-16 12:09:58,876 P687173 INFO pr:0.9447  rc:0.9495  auc:0.9829 ap:0.9743 f1: 0.9471 pred_right: 38602 pred_wrong:398 actu_right: 38604 actu_wrong: 396
2026-09-16 12:10:00,136 P687173 INFO pr:0.8732  rc:0.9612  auc:0.9879 ap:0.9533 f1: 0.9151 pred_right: 16358 pred_wrong:142 actu_right: 16371 actu_wrong: 129
2026-09-16 12:10:00,137 P687173 INFO ----------------------------------------------------------------------------------------------------
2026-09-16 12:10:00,137 P687173 INFO 297/300 starting... lr: 0.0008100000000000001 para:0.01
2026-09-16 12:10:13,374 P687173 INFO Epoch 297/300, all_loss:0.00017 cls_loss:0.00005 rec_loss:0.01216 [13.24s]; best loss:0.00007, patience : 4
2026-09-16 12:10:16,380 P687173 INFO pr:0.9400  rc:0.9495  auc:0.9830 ap:0.9744 f1: 0.9447 pred_right: 38600 pred_wrong:400 actu_right: 38604 actu_wrong: 396
2026-09-16 12:10:18,309 P687173 INFO pr:0.8732  rc:0.9612  auc:0.9880 ap:0.9534 f1: 0.9151 pred_right: 16358 pred_wrong:142 actu_right: 16371 actu_wrong: 129
2026-09-16 12:10:18,312 P687173 INFO ----------------------------------------------------------------------------------------------------
2026-09-16 12:10:18,313 P687173 INFO 298/300 starting... lr: 0.0008100000000000001 para:0.01
2026-09-16 12:10:45,785 P687173 INFO Epoch 298/300, all_loss:0.00016 cls_loss:0.00003 rec_loss:0.01208 [27.47s]; best loss:0.00007, patience : 4
2026-09-16 12:10:50,022 P687173 INFO pr:0.9425  rc:0.9496  auc:0.9830 ap:0.9746 f1: 0.9460 pred_right: 38600 pred_wrong:400 actu_right: 38603 actu_wrong: 397
2026-09-16 12:10:51,912 P687173 INFO pr:0.8732  rc:0.9612  auc:0.9880 ap:0.9536 f1: 0.9151 pred_right: 16358 pred_wrong:142 actu_right: 16371 actu_wrong: 129
2026-09-16 12:10:51,914 P687173 INFO ----------------------------------------------------------------------------------------------------
2026-09-16 12:10:51,914 P687173 INFO 299/300 starting... lr: 0.0008100000000000001 para:0.01
2026-09-16 12:11:06,691 P687173 INFO Epoch 299/300, all_loss:0.00015 cls_loss:0.00003 rec_loss:0.01201 [14.78s]; best loss:0.00007, patience : 4
2026-09-16 12:11:10,422 P687173 INFO pr:0.9424  rc:0.9495  auc:0.9830 ap:0.9745 f1: 0.9459 pred_right: 38601 pred_wrong:399 actu_right: 38604 actu_wrong: 396
2026-09-16 12:11:12,092 P687173 INFO pr:0.8732  rc:0.9612  auc:0.9881 ap:0.9539 f1: 0.9151 pred_right: 16358 pred_wrong:142 actu_right: 16371 actu_wrong: 129
2026-09-16 12:11:12,094 P687173 INFO saving model...
2026-09-16 12:11:12,095 P687173 INFO FITS_Legendre - loss  best score:7.475924212485552e-05 at epoch 281
2026-09-16 12:11:12,112 P687173 INFO FITS_Legendre - f1  best score:0.9499358151476252 at epoch 216
2026-09-16 12:11:12,122 P687173 INFO Average training time per epoch: 15.14 seconds
2026-09-16 12:11:12,123 P687173 INFO calculate scores...
2026-09-16 12:11:12,124 P687173 INFO calculate label with loss...
2026-09-16 12:11:12,124 P687173 INFO FITS_Legendre on ./result/server_only_exps/Ablations_updatedFreDF/FITS_Legendre-MSDS-Epochs300-Seed2-ExpNameRQ2z5_basis_degree_comparison-LPFLPF-Attnlinear_attn-NormLinTrue-RecLambda1.0-AuxiLambda0.0-lowshow-simplegraph-Degree3-BasisTypehermite loading...
2026-09-16 12:11:13,580 P687173 INFO pr:0.8913  rc:0.9535  auc:0.9938 ap:0.9619 f1: 0.9213 pred_right: 16362 pred_wrong:138 actu_right: 16371 actu_wrong: 129
2026-09-16 12:11:15,592 P687173 INFO pr:0.8913  rc:0.9535  auc:0.9938 ap:0.9619 f1: 0.9213 pred_right: 16362 pred_wrong:138 actu_right: 16371 actu_wrong: 129
2026-09-16 12:11:15,594 P687173 INFO Performance Summary:
{'GPU': {'inference_time_per_sample_ms': 0.4139392987312276, 'throughput_samples_per_sec': 2415.813147157366, 'peak_memory_mb': 37.0380859375, 'energy_per_sample_joules': 0.01941396008014394}, 'CPU': {'inference_time_per_sample_ms': 0.582905779038798, 'throughput_samples_per_sec': 1715.5431219930317, 'peak_memory_mb': 2903.79296875, 'energy_per_sample_joules': 0.03788887563752188}}
2026-09-16 12:11:15,595 P687173 INFO Starting clean-room hardware benchmarking...
2026-09-16 12:11:16,837 P687173 INFO Performance with loss: pr:0.8913  rc:0.9535  auc:0.9938 ap:0.9619 f1: 0.9213 pred_right: 16362 pred_wrong:138 actu_right: 16371 actu_wrong: 129
2026-09-16 12:11:16,837 P687173 INFO calculate label with f1...
2026-09-16 12:11:16,837 P687173 INFO FITS_Legendre on ./result/server_only_exps/Ablations_updatedFreDF/FITS_Legendre-MSDS-Epochs300-Seed2-ExpNameRQ2z5_basis_degree_comparison-LPFLPF-Attnlinear_attn-NormLinTrue-RecLambda1.0-AuxiLambda0.0-lowshow-simplegraph-Degree3-BasisTypehermite loading...
2026-09-16 12:11:18,579 P687173 INFO pr:0.9037  rc:0.9457  auc:0.9932 ap:0.9696 f1: 0.9242 pred_right: 16365 pred_wrong:135 actu_right: 16371 actu_wrong: 129
2026-09-16 12:11:20,937 P687173 INFO pr:0.9037  rc:0.9457  auc:0.9932 ap:0.9696 f1: 0.9242 pred_right: 16365 pred_wrong:135 actu_right: 16371 actu_wrong: 129
2026-09-16 12:11:20,939 P687173 INFO Performance Summary:
{'GPU': {'inference_time_per_sample_ms': 0.4983060828811454, 'throughput_samples_per_sec': 2006.7987013486193, 'peak_memory_mb': 36.4921875, 'energy_per_sample_joules': 0.023250712674192806}, 'CPU': {'inference_time_per_sample_ms': 0.6834021315771309, 'throughput_samples_per_sec': 1463.2673118713221, 'peak_memory_mb': 2908.07421875, 'energy_per_sample_joules': 0.04442113855251351}}
2026-09-16 12:11:20,941 P687173 INFO Starting clean-room hardware benchmarking...
2026-09-16 12:11:22,114 P687173 INFO Performance with f1: pr:0.9037  rc:0.9457  auc:0.9932 ap:0.9696 f1: 0.9242 pred_right: 16365 pred_wrong:135 actu_right: 16371 actu_wrong: 129
