2026-07-12 13:35:22,092 P4091889 INFO ---- Model: ----MSTGAD-a2764947----random_seed : 1----req_loss_approach : Legendre-style----rec_lambda : 1.0----auxi_lambda : 0.0----Freq Domain : FITS_Legendre----Multi Fits : false----train : True----evaluate : False
2026-07-12 13:35:22,093 P4091889 INFO read Tranform data
2026-07-12 13:35:23,283 P4091889 INFO read Graph edge data
2026-07-12 13:35:23,283 P4091889 INFO Fewshot: training with 1.0 of the 70% of the data
2026-07-12 13:35:24,964 P4091889 INFO Trainable Parameters Breakdown:
2026-07-12 13:35:24,964 P4091889 INFO --------------------------------------------------------------------------------
2026-07-12 13:35:24,964 P4091889 INFO Reconstruction-Specific Parameters:
2026-07-12 13:35:24,965 P4091889 INFO linear_attn.Wq.weight                    | shape: (10, 10)                  | params: 100
2026-07-12 13:35:24,965 P4091889 INFO linear_attn.Wk.weight                    | shape: (10, 10)                  | params: 100
2026-07-12 13:35:24,965 P4091889 INFO linear_attn.Wv.weight                    | shape: (10, 10)                  | params: 100
2026-07-12 13:35:24,965 P4091889 INFO linear_attn.out.weight                   | shape: (10, 10)                  | params: 100
2026-07-12 13:35:24,965 P4091889 INFO linear_attn.out.bias                     | shape: (10,)                     | params: 10
2026-07-12 13:35:24,965 P4091889 INFO linear_attn.norm.weight                  | shape: (10,)                     | params: 10
2026-07-12 13:35:24,965 P4091889 INFO linear_attn.norm.bias                    | shape: (10,)                     | params: 10
2026-07-12 13:35:24,965 P4091889 INFO shared_fits.normlin_W                    | shape: (5, 5)                    | params: 25
2026-07-12 13:35:24,965 P4091889 INFO shared_fits.freq_upsampler.weight        | shape: (5, 5)                    | params: 25
2026-07-12 13:35:24,965 P4091889 INFO shared_fits.freq_upsampler.bias          | shape: (5,)                      | params: 5
2026-07-12 13:35:24,965 P4091889 INFO modality_proj.node.weight                | shape: (10, 4)                   | params: 40
2026-07-12 13:35:24,965 P4091889 INFO modality_proj.node.bias                  | shape: (10,)                     | params: 10
2026-07-12 13:35:24,965 P4091889 INFO modality_proj.log.weight                 | shape: (10, 16)                  | params: 160
2026-07-12 13:35:24,965 P4091889 INFO modality_proj.log.bias                   | shape: (10,)                     | params: 10
2026-07-12 13:35:24,965 P4091889 INFO modality_proj.edge.weight                | shape: (10, 4)                   | params: 40
2026-07-12 13:35:24,965 P4091889 INFO modality_proj.edge.bias                  | shape: (10,)                     | params: 10
2026-07-12 13:35:24,965 P4091889 INFO modality_proj_out.node.weight            | shape: (4, 10)                   | params: 40
2026-07-12 13:35:24,965 P4091889 INFO modality_proj_out.node.bias              | shape: (4,)                      | params: 4
2026-07-12 13:35:24,965 P4091889 INFO modality_proj_out.log.weight             | shape: (16, 10)                  | params: 160
2026-07-12 13:35:24,965 P4091889 INFO modality_proj_out.log.bias               | shape: (16,)                     | params: 16
2026-07-12 13:35:24,965 P4091889 INFO modality_proj_out.edge.weight            | shape: (4, 10)                   | params: 40
2026-07-12 13:35:24,965 P4091889 INFO modality_proj_out.edge.bias              | shape: (4,)                      | params: 4
2026-07-12 13:35:24,966 P4091889 INFO Subtotal: 1,019
2026-07-12 13:35:24,966 P4091889 INFO --------------------------------------------------------------------------------
2026-07-12 13:35:24,966 P4091889 INFO Common Parameters:
2026-07-12 13:35:24,966 P4091889 INFO node_emb.linear.weight                   | shape: (4, 3)                    | params: 12
2026-07-12 13:35:24,966 P4091889 INFO node_emb.linear.bias                     | shape: (4,)                      | params: 4
2026-07-12 13:35:24,966 P4091889 INFO log_emb.linear.weight                    | shape: (16, 256)                 | params: 4,096
2026-07-12 13:35:24,966 P4091889 INFO log_emb.linear.bias                      | shape: (16,)                     | params: 16
2026-07-12 13:35:24,966 P4091889 INFO egde_emb.linear.weight                   | shape: (4, 7)                    | params: 28
2026-07-12 13:35:24,966 P4091889 INFO egde_emb.linear.bias                     | shape: (4,)                      | params: 4
2026-07-12 13:35:24,966 P4091889 INFO dense_node.weight                        | shape: (3, 4)                    | params: 12
2026-07-12 13:35:24,966 P4091889 INFO dense_node.bias                          | shape: (3,)                      | params: 3
2026-07-12 13:35:24,966 P4091889 INFO dense_log.weight                         | shape: (256, 16)                 | params: 4,096
2026-07-12 13:35:24,966 P4091889 INFO dense_log.bias                           | shape: (256,)                    | params: 256
2026-07-12 13:35:24,966 P4091889 INFO dense_edge.weight                        | shape: (7, 4)                    | params: 28
2026-07-12 13:35:24,966 P4091889 INFO dense_edge.bias                          | shape: (7,)                      | params: 7
2026-07-12 13:35:24,966 P4091889 INFO show.0.weight                            | shape: (128, 266)                | params: 34,048
2026-07-12 13:35:24,966 P4091889 INFO show.0.bias                              | shape: (128,)                    | params: 128
2026-07-12 13:35:24,966 P4091889 INFO show.2.weight                            | shape: (2, 128)                  | params: 256
2026-07-12 13:35:24,966 P4091889 INFO show.2.bias                              | shape: (2,)                      | params: 2
2026-07-12 13:35:24,966 P4091889 INFO Subtotal: 42,996
2026-07-12 13:35:24,966 P4091889 INFO --------------------------------------------------------------------------------
2026-07-12 13:35:24,966 P4091889 INFO Total Trainable Parameters: 44,015

2026-07-12 13:35:24,967 P4091889 INFO Trainable Parameters: 44015, reconstruction: 1019, common: 42996
2026-07-12 13:35:24,967 P4091889 INFO model : init weight
2026-07-12 13:35:24,967 P4091889 INFO Using GPU...
2026-07-12 13:35:24,971 P4091889 INFO optimizer : using AdaBelief
2026-07-12 13:35:24,971 P4091889 INFO ----------------------------------------------------------------------------------------------------
2026-07-12 13:35:24,972 P4091889 INFO 0/300 starting... lr: 0.001 para:1.0
2026-07-12 13:35:31,897 P4091889 INFO Epoch 0/300, all_loss:0.19791 cls_loss:127.39979 rec_loss:0.19791 [6.92s]; best loss:0.19791, patience : 0
2026-07-12 13:35:31,897 P4091889 INFO ----------------------------------------------------------------------------------------------------
2026-07-12 13:35:31,897 P4091889 INFO 1/300 starting... lr: 0.001 para:0.5
2026-07-12 13:35:37,894 P4091889 INFO Epoch 1/300, all_loss:23.51267 cls_loss:46.81911 rec_loss:0.20623 [5.99s]; best loss:23.51267, patience : 0
2026-07-12 13:35:37,895 P4091889 INFO ----------------------------------------------------------------------------------------------------
2026-07-12 13:35:37,895 P4091889 INFO 2/300 starting... lr: 0.001 para:0.3333333432674408
2026-07-12 13:35:43,873 P4091889 INFO Epoch 2/300, all_loss:22.85092 cls_loss:34.15357 rec_loss:0.24563 [5.97s]; best loss:22.85092, patience : 0
2026-07-12 13:35:46,169 P4091889 INFO pr:0.9396  rc:0.6288  auc:0.9433 ap:0.9122 f1: 0.7534 pred_right: 38735 pred_wrong:265 actu_right: 38604 actu_wrong: 396
2026-07-12 13:35:47,024 P4091889 INFO pr:0.9222  rc:0.6434  auc:0.9346 ap:0.9103 f1: 0.7580 pred_right: 16410 pred_wrong:90 actu_right: 16371 actu_wrong: 129
2026-07-12 13:35:47,028 P4091889 INFO ----------------------------------------------------------------------------------------------------
2026-07-12 13:35:47,028 P4091889 INFO 3/300 starting... lr: 0.001 para:0.25
2026-07-12 13:35:53,714 P4091889 INFO Epoch 3/300, all_loss:0.62600 cls_loss:0.74858 rec_loss:0.25828 [6.68s]; best loss:0.62600, patience : 0
2026-07-12 13:35:55,314 P4091889 INFO pr:0.9774  rc:0.7652  auc:0.9635 ap:0.9468 f1: 0.8584 pred_right: 38690 pred_wrong:310 actu_right: 38604 actu_wrong: 396
2026-07-12 13:35:56,000 P4091889 INFO pr:0.9554  rc:0.8295  auc:0.9628 ap:0.9485 f1: 0.8880 pred_right: 16388 pred_wrong:112 actu_right: 16371 actu_wrong: 129
2026-07-12 13:35:56,004 P4091889 INFO ----------------------------------------------------------------------------------------------------
2026-07-12 13:35:56,004 P4091889 INFO 4/300 starting... lr: 0.001 para:0.20000000298023224
2026-07-12 13:36:01,385 P4091889 INFO Epoch 4/300, all_loss:0.65597 cls_loss:0.75704 rec_loss:0.25167 [5.38s]; best loss:0.62600, patience : 1
2026-07-12 13:36:03,643 P4091889 INFO pr:0.9732  rc:0.8258  auc:0.9787 ap:0.9603 f1: 0.8934 pred_right: 38664 pred_wrong:336 actu_right: 38604 actu_wrong: 396
2026-07-12 13:36:05,104 P4091889 INFO pr:0.9661  rc:0.8837  auc:0.9793 ap:0.9625 f1: 0.9231 pred_right: 16382 pred_wrong:118 actu_right: 16371 actu_wrong: 129
2026-07-12 13:36:05,110 P4091889 INFO ----------------------------------------------------------------------------------------------------
2026-07-12 13:36:05,110 P4091889 INFO 5/300 starting... lr: 0.001 para:0.1666666716337204
2026-07-12 13:36:17,497 P4091889 INFO Epoch 5/300, all_loss:21.26713 cls_loss:25.47192 rec_loss:0.24315 [12.39s]; best loss:0.62600, patience : 2
2026-07-12 13:36:20,088 P4091889 INFO pr:0.9738  rc:0.8438  auc:0.9864 ap:0.9652 f1: 0.9042 pred_right: 38656 pred_wrong:344 actu_right: 38603 actu_wrong: 397
2026-07-12 13:36:21,008 P4091889 INFO pr:0.9658  rc:0.8760  auc:0.9818 ap:0.9643 f1: 0.9187 pred_right: 16383 pred_wrong:117 actu_right: 16371 actu_wrong: 129
2026-07-12 13:36:21,012 P4091889 INFO ----------------------------------------------------------------------------------------------------
2026-07-12 13:36:21,013 P4091889 INFO 6/300 starting... lr: 0.001 para:0.1428571492433548
2026-07-12 13:36:27,242 P4091889 INFO Epoch 6/300, all_loss:0.58986 cls_loss:0.64832 rec_loss:0.23908 [6.23s]; best loss:0.58986, patience : 0
2026-07-12 13:36:29,375 P4091889 INFO pr:0.9897  rc:0.7254  auc:0.9801 ap:0.9700 f1: 0.8372 pred_right: 38709 pred_wrong:291 actu_right: 38603 actu_wrong: 397
2026-07-12 13:36:30,299 P4091889 INFO pr:0.9820  rc:0.8450  auc:0.9839 ap:0.9704 f1: 0.9083 pred_right: 16389 pred_wrong:111 actu_right: 16371 actu_wrong: 129
2026-07-12 13:36:30,299 P4091889 INFO ----------------------------------------------------------------------------------------------------
2026-07-12 13:36:30,299 P4091889 INFO 7/300 starting... lr: 0.001 para:0.125
2026-07-12 13:36:36,562 P4091889 INFO Epoch 7/300, all_loss:33.35586 cls_loss:38.08839 rec_loss:0.22811 [6.26s]; best loss:0.58986, patience : 1
2026-07-12 13:36:39,021 P4091889 INFO pr:0.9720  rc:0.8741  auc:0.9845 ap:0.9679 f1: 0.9204 pred_right: 38643 pred_wrong:357 actu_right: 38603 actu_wrong: 397
2026-07-12 13:36:40,086 P4091889 INFO pr:0.9672  rc:0.9147  auc:0.9860 ap:0.9701 f1: 0.9402 pred_right: 16378 pred_wrong:122 actu_right: 16371 actu_wrong: 129
2026-07-12 13:36:40,091 P4091889 INFO ----------------------------------------------------------------------------------------------------
2026-07-12 13:36:40,092 P4091889 INFO 8/300 starting... lr: 0.001 para:0.1111111119389534
2026-07-12 13:36:46,297 P4091889 INFO Epoch 8/300, all_loss:31.81979 cls_loss:35.76985 rec_loss:0.21927 [6.20s]; best loss:0.58986, patience : 1
2026-07-12 13:36:48,445 P4091889 INFO pr:0.9777  rc:0.8838  auc:0.9738 ap:0.9666 f1: 0.9284 pred_right: 38642 pred_wrong:358 actu_right: 38604 actu_wrong: 396
2026-07-12 13:36:49,317 P4091889 INFO pr:0.9675  rc:0.9225  auc:0.9840 ap:0.9736 f1: 0.9444 pred_right: 16377 pred_wrong:123 actu_right: 16371 actu_wrong: 129
2026-07-12 13:36:49,322 P4091889 INFO ----------------------------------------------------------------------------------------------------
2026-07-12 13:36:49,322 P4091889 INFO 9/300 starting... lr: 0.001 para:0.10000000149011612
2026-07-12 13:36:55,613 P4091889 INFO Epoch 9/300, all_loss:0.28010 cls_loss:0.28686 rec_loss:0.21922 [6.29s]; best loss:0.28010, patience : 0
2026-07-12 13:36:57,858 P4091889 INFO pr:0.9721  rc:0.8791  auc:0.9792 ap:0.9679 f1: 0.9233 pred_right: 38641 pred_wrong:359 actu_right: 38603 actu_wrong: 397
2026-07-12 13:36:58,846 P4091889 INFO pr:0.9590  rc:0.9070  auc:0.9884 ap:0.9685 f1: 0.9323 pred_right: 16378 pred_wrong:122 actu_right: 16371 actu_wrong: 129
2026-07-12 13:36:58,846 P4091889 INFO ----------------------------------------------------------------------------------------------------
2026-07-12 13:36:58,854 P4091889 INFO 10/300 starting... lr: 0.001 para:0.09090909361839294
2026-07-12 13:37:04,949 P4091889 INFO Epoch 10/300, all_loss:0.26453 cls_loss:0.27037 rec_loss:0.20610 [6.09s]; best loss:0.26453, patience : 0
2026-07-12 13:37:07,222 P4091889 INFO pr:0.9751  rc:0.8892  auc:0.9840 ap:0.9713 f1: 0.9302 pred_right: 38638 pred_wrong:362 actu_right: 38603 actu_wrong: 397
2026-07-12 13:37:08,185 P4091889 INFO pr:0.9603  rc:0.9380  auc:0.9995 ap:0.9843 f1: 0.9490 pred_right: 16374 pred_wrong:126 actu_right: 16371 actu_wrong: 129
2026-07-12 13:37:08,190 P4091889 INFO ----------------------------------------------------------------------------------------------------
2026-07-12 13:37:08,191 P4091889 INFO 11/300 starting... lr: 0.001 para:0.0833333358168602
2026-07-12 13:37:14,230 P4091889 INFO Epoch 11/300, all_loss:0.41192 cls_loss:0.43131 rec_loss:0.19858 [6.04s]; best loss:0.26453, patience : 1
2026-07-12 13:37:16,460 P4091889 INFO pr:0.9251  rc:0.9018  auc:0.9761 ap:0.9644 f1: 0.9133 pred_right: 38613 pred_wrong:387 actu_right: 38603 actu_wrong: 397
2026-07-12 13:37:17,296 P4091889 INFO pr:0.9030  rc:0.9380  auc:0.9757 ap:0.9601 f1: 0.9202 pred_right: 16366 pred_wrong:134 actu_right: 16371 actu_wrong: 129
2026-07-12 13:37:17,297 P4091889 INFO ----------------------------------------------------------------------------------------------------
2026-07-12 13:37:17,297 P4091889 INFO 12/300 starting... lr: 0.001 para:0.07692307978868484
2026-07-12 13:37:24,074 P4091889 INFO Epoch 12/300, all_loss:0.53825 cls_loss:0.56672 rec_loss:0.19668 [6.78s]; best loss:0.26453, patience : 2
2026-07-12 13:37:25,677 P4091889 INFO pr:0.9641  rc:0.8791  auc:0.9729 ap:0.9626 f1: 0.9196 pred_right: 38638 pred_wrong:362 actu_right: 38603 actu_wrong: 397
2026-07-12 13:37:26,377 P4091889 INFO pr:0.9440  rc:0.9147  auc:0.9642 ap:0.9562 f1: 0.9291 pred_right: 16375 pred_wrong:125 actu_right: 16371 actu_wrong: 129
2026-07-12 13:37:26,378 P4091889 INFO ----------------------------------------------------------------------------------------------------
2026-07-12 13:37:26,378 P4091889 INFO 13/300 starting... lr: 0.001 para:0.0714285746216774
2026-07-12 13:37:31,799 P4091889 INFO Epoch 13/300, all_loss:0.34423 cls_loss:0.35568 rec_loss:0.19539 [5.42s]; best loss:0.26453, patience : 2
2026-07-12 13:37:33,618 P4091889 INFO pr:0.9530  rc:0.8690  auc:0.9759 ap:0.9465 f1: 0.9091 pred_right: 38638 pred_wrong:362 actu_right: 38603 actu_wrong: 397
2026-07-12 13:37:34,872 P4091889 INFO pr:0.9365  rc:0.9147  auc:0.9914 ap:0.9446 f1: 0.9255 pred_right: 16374 pred_wrong:126 actu_right: 16371 actu_wrong: 129
2026-07-12 13:37:34,873 P4091889 INFO ----------------------------------------------------------------------------------------------------
2026-07-12 13:37:34,873 P4091889 INFO 14/300 starting... lr: 0.001 para:0.06666667014360428
2026-07-12 13:37:46,785 P4091889 INFO Epoch 14/300, all_loss:3.83799 cls_loss:4.09856 rec_loss:0.19008 [11.91s]; best loss:0.26453, patience : 3
2026-07-12 13:37:49,455 P4091889 INFO pr:0.9652  rc:0.9116  auc:0.9836 ap:0.9724 f1: 0.9377 pred_right: 38626 pred_wrong:374 actu_right: 38604 actu_wrong: 396
2026-07-12 13:37:50,518 P4091889 INFO pr:0.9457  rc:0.9457  auc:0.9982 ap:0.9704 f1: 0.9457 pred_right: 16371 pred_wrong:129 actu_right: 16371 actu_wrong: 129
2026-07-12 13:37:50,522 P4091889 INFO ----------------------------------------------------------------------------------------------------
2026-07-12 13:37:50,522 P4091889 INFO 15/300 starting... lr: 0.001 para:0.0625
2026-07-12 13:37:56,849 P4091889 INFO Epoch 15/300, all_loss:3.02241 cls_loss:3.21193 rec_loss:0.17968 [6.33s]; best loss:0.26453, patience : 3
2026-07-12 13:37:58,862 P4091889 INFO pr:0.9603  rc:0.9144  auc:0.9781 ap:0.9679 f1: 0.9368 pred_right: 38622 pred_wrong:378 actu_right: 38603 actu_wrong: 397
2026-07-12 13:37:59,688 P4091889 INFO pr:0.9313  rc:0.9457  auc:0.9862 ap:0.9695 f1: 0.9385 pred_right: 16369 pred_wrong:131 actu_right: 16371 actu_wrong: 129
2026-07-12 13:37:59,689 P4091889 INFO ----------------------------------------------------------------------------------------------------
2026-07-12 13:37:59,689 P4091889 INFO 16/300 starting... lr: 0.001 para:0.05882352963089943
2026-07-12 13:38:05,828 P4091889 INFO Epoch 16/300, all_loss:16.55208 cls_loss:17.57553 rec_loss:0.17683 [6.14s]; best loss:0.26453, patience : 4
2026-07-12 13:38:07,878 P4091889 INFO pr:0.9577  rc:0.9141  auc:0.9865 ap:0.9760 f1: 0.9354 pred_right: 38622 pred_wrong:378 actu_right: 38604 actu_wrong: 396
2026-07-12 13:38:08,755 P4091889 INFO pr:0.8971  rc:0.9457  auc:0.9992 ap:0.9770 f1: 0.9208 pred_right: 16364 pred_wrong:136 actu_right: 16371 actu_wrong: 129
2026-07-12 13:38:08,755 P4091889 INFO ----------------------------------------------------------------------------------------------------
2026-07-12 13:38:08,755 P4091889 INFO 17/300 starting... lr: 0.001 para:0.0555555559694767
2026-07-12 13:38:14,890 P4091889 INFO Epoch 17/300, all_loss:0.32073 cls_loss:0.32900 rec_loss:0.18004 [6.13s]; best loss:0.26453, patience : 4
2026-07-12 13:38:17,319 P4091889 INFO pr:0.9767  rc:0.8463  auc:0.9860 ap:0.9742 f1: 0.9069 pred_right: 38656 pred_wrong:344 actu_right: 38603 actu_wrong: 397
2026-07-12 13:38:18,266 P4091889 INFO pr:0.9516  rc:0.9147  auc:0.9939 ap:0.9734 f1: 0.9328 pred_right: 16376 pred_wrong:124 actu_right: 16371 actu_wrong: 129
2026-07-12 13:38:18,266 P4091889 INFO ----------------------------------------------------------------------------------------------------
2026-07-12 13:38:18,273 P4091889 INFO 18/300 starting... lr: 0.001 para:0.05263157933950424
2026-07-12 13:38:24,343 P4091889 INFO Epoch 18/300, all_loss:0.28061 cls_loss:0.28650 rec_loss:0.17457 [6.07s]; best loss:0.26453, patience : 4
2026-07-12 13:38:26,649 P4091889 INFO pr:0.9369  rc:0.9345  auc:0.9836 ap:0.9734 f1: 0.9357 pred_right: 38604 pred_wrong:396 actu_right: 38603 actu_wrong: 397
2026-07-12 13:38:27,515 P4091889 INFO pr:0.8857  rc:0.9612  auc:0.9923 ap:0.9732 f1: 0.9219 pred_right: 16360 pred_wrong:140 actu_right: 16371 actu_wrong: 129
2026-07-12 13:38:27,515 P4091889 INFO ----------------------------------------------------------------------------------------------------
2026-07-12 13:38:27,515 P4091889 INFO 19/300 starting... lr: 0.001 para:0.05000000074505806
2026-07-12 13:38:33,499 P4091889 INFO Epoch 19/300, all_loss:50.04906 cls_loss:52.67439 rec_loss:0.16779 [5.98s]; best loss:0.26453, patience : 5
2026-07-12 13:38:35,733 P4091889 INFO pr:0.9778  rc:0.8914  auc:0.9831 ap:0.9718 f1: 0.9326 pred_right: 38639 pred_wrong:361 actu_right: 38604 actu_wrong: 396
2026-07-12 13:38:36,603 P4091889 INFO pr:0.9603  rc:0.9380  auc:0.9950 ap:0.9751 f1: 0.9490 pred_right: 16374 pred_wrong:126 actu_right: 16371 actu_wrong: 129
2026-07-12 13:38:36,603 P4091889 INFO ----------------------------------------------------------------------------------------------------
2026-07-12 13:38:36,603 P4091889 INFO 20/300 starting... lr: 0.001 para:0.0476190485060215
2026-07-12 13:38:42,568 P4091889 INFO Epoch 20/300, all_loss:0.24719 cls_loss:0.25122 rec_loss:0.16645 [5.96s]; best loss:0.24719, patience : 0
2026-07-12 13:38:44,916 P4091889 INFO pr:0.9757  rc:0.9118  auc:0.9868 ap:0.9750 f1: 0.9427 pred_right: 38629 pred_wrong:371 actu_right: 38603 actu_wrong: 397
2026-07-12 13:38:45,926 P4091889 INFO pr:0.9609  rc:0.9535  auc:0.9972 ap:0.9756 f1: 0.9572 pred_right: 16372 pred_wrong:128 actu_right: 16371 actu_wrong: 129
2026-07-12 13:38:45,931 P4091889 INFO ----------------------------------------------------------------------------------------------------
2026-07-12 13:38:45,931 P4091889 INFO 21/300 starting... lr: 0.001 para:0.04545454680919647
2026-07-12 13:38:52,967 P4091889 INFO Epoch 21/300, all_loss:0.62780 cls_loss:0.64967 rec_loss:0.16851 [7.04s]; best loss:0.24719, patience : 1
2026-07-12 13:38:54,942 P4091889 INFO pr:0.9462  rc:0.9318  auc:0.9819 ap:0.9728 f1: 0.9389 pred_right: 38610 pred_wrong:390 actu_right: 38604 actu_wrong: 396
2026-07-12 13:38:55,633 P4091889 INFO pr:0.9118  rc:0.9612  auc:0.9825 ap:0.9737 f1: 0.9358 pred_right: 16364 pred_wrong:136 actu_right: 16371 actu_wrong: 129
2026-07-12 13:38:55,633 P4091889 INFO ----------------------------------------------------------------------------------------------------
2026-07-12 13:38:55,634 P4091889 INFO 22/300 starting... lr: 0.001 para:0.043478261679410934
2026-07-12 13:39:00,558 P4091889 INFO Epoch 22/300, all_loss:0.23575 cls_loss:0.23924 rec_loss:0.15892 [4.92s]; best loss:0.23575, patience : 0
2026-07-12 13:39:02,427 P4091889 INFO pr:0.9913  rc:0.8564  auc:0.9835 ap:0.9726 f1: 0.9189 pred_right: 38657 pred_wrong:343 actu_right: 38603 actu_wrong: 397
2026-07-12 13:39:03,258 P4091889 INFO pr:0.9677  rc:0.9302  auc:0.9958 ap:0.9741 f1: 0.9486 pred_right: 16376 pred_wrong:124 actu_right: 16371 actu_wrong: 129
2026-07-12 13:39:03,259 P4091889 INFO ----------------------------------------------------------------------------------------------------
2026-07-12 13:39:03,259 P4091889 INFO 23/300 starting... lr: 0.001 para:0.0416666679084301
2026-07-12 13:39:13,197 P4091889 INFO Epoch 23/300, all_loss:0.46534 cls_loss:0.47882 rec_loss:0.15536 [9.94s]; best loss:0.23575, patience : 1
2026-07-12 13:39:16,955 P4091889 INFO pr:0.9858  rc:0.8766  auc:0.9804 ap:0.9759 f1: 0.9280 pred_right: 38647 pred_wrong:353 actu_right: 38603 actu_wrong: 397
2026-07-12 13:39:18,408 P4091889 INFO pr:0.9758  rc:0.9380  auc:0.9959 ap:0.9835 f1: 0.9565 pred_right: 16376 pred_wrong:124 actu_right: 16371 actu_wrong: 129
2026-07-12 13:39:18,408 P4091889 INFO ----------------------------------------------------------------------------------------------------
2026-07-12 13:39:18,408 P4091889 INFO 24/300 starting... lr: 0.001 para:0.03999999910593033
2026-07-12 13:39:25,331 P4091889 INFO Epoch 24/300, all_loss:0.20459 cls_loss:0.20635 rec_loss:0.16225 [6.92s]; best loss:0.20459, patience : 0
2026-07-12 13:39:27,420 P4091889 INFO pr:0.9861  rc:0.8942  auc:0.9812 ap:0.9738 f1: 0.9379 pred_right: 38640 pred_wrong:360 actu_right: 38603 actu_wrong: 397
2026-07-12 13:39:28,361 P4091889 INFO pr:0.9680  rc:0.9380  auc:0.9958 ap:0.9777 f1: 0.9528 pred_right: 16375 pred_wrong:125 actu_right: 16371 actu_wrong: 129
2026-07-12 13:39:28,362 P4091889 INFO ----------------------------------------------------------------------------------------------------
2026-07-12 13:39:28,362 P4091889 INFO 25/300 starting... lr: 0.001 para:0.03846153989434242
2026-07-12 13:39:34,590 P4091889 INFO Epoch 25/300, all_loss:0.17136 cls_loss:0.17184 rec_loss:0.15924 [6.22s]; best loss:0.17136, patience : 0
2026-07-12 13:39:36,957 P4091889 INFO pr:0.9757  rc:0.9118  auc:0.9824 ap:0.9719 f1: 0.9427 pred_right: 38629 pred_wrong:371 actu_right: 38603 actu_wrong: 397
2026-07-12 13:39:38,001 P4091889 INFO pr:0.9470  rc:0.9690  auc:0.9978 ap:0.9769 f1: 0.9579 pred_right: 16368 pred_wrong:132 actu_right: 16371 actu_wrong: 129
2026-07-12 13:39:38,006 P4091889 INFO ----------------------------------------------------------------------------------------------------
2026-07-12 13:39:38,006 P4091889 INFO 26/300 starting... lr: 0.001 para:0.03703703731298447
2026-07-12 13:39:44,169 P4091889 INFO Epoch 26/300, all_loss:0.21761 cls_loss:0.22029 rec_loss:0.14782 [6.16s]; best loss:0.17136, patience : 1
2026-07-12 13:39:46,179 P4091889 INFO pr:0.9735  rc:0.9244  auc:0.9849 ap:0.9735 f1: 0.9483 pred_right: 38623 pred_wrong:377 actu_right: 38603 actu_wrong: 397
2026-07-12 13:39:47,238 P4091889 INFO pr:0.9248  rc:0.9535  auc:0.9978 ap:0.9775 f1: 0.9389 pred_right: 16367 pred_wrong:133 actu_right: 16371 actu_wrong: 129
2026-07-12 13:39:47,243 P4091889 INFO ----------------------------------------------------------------------------------------------------
2026-07-12 13:39:47,243 P4091889 INFO 27/300 starting... lr: 0.001 para:0.0357142873108387
2026-07-12 13:39:53,306 P4091889 INFO Epoch 27/300, all_loss:0.25081 cls_loss:0.25478 rec_loss:0.14372 [6.06s]; best loss:0.17136, patience : 2
2026-07-12 13:39:55,323 P4091889 INFO pr:0.9736  rc:0.9318  auc:0.9851 ap:0.9750 f1: 0.9523 pred_right: 38621 pred_wrong:379 actu_right: 38604 actu_wrong: 396
2026-07-12 13:39:56,182 P4091889 INFO pr:0.9394  rc:0.9612  auc:0.9879 ap:0.9719 f1: 0.9502 pred_right: 16368 pred_wrong:132 actu_right: 16371 actu_wrong: 129
2026-07-12 13:39:56,186 P4091889 INFO ----------------------------------------------------------------------------------------------------
2026-07-12 13:39:56,186 P4091889 INFO 28/300 starting... lr: 0.001 para:0.03448275849223137
2026-07-12 13:40:02,333 P4091889 INFO Epoch 28/300, all_loss:0.20081 cls_loss:0.20288 rec_loss:0.14304 [6.15s]; best loss:0.17136, patience : 2
2026-07-12 13:40:04,834 P4091889 INFO pr:0.9779  rc:0.8917  auc:0.9809 ap:0.9725 f1: 0.9328 pred_right: 38638 pred_wrong:362 actu_right: 38603 actu_wrong: 397
2026-07-12 13:40:05,685 P4091889 INFO pr:0.9606  rc:0.9457  auc:0.9979 ap:0.9838 f1: 0.9531 pred_right: 16373 pred_wrong:127 actu_right: 16371 actu_wrong: 129
2026-07-12 13:40:05,685 P4091889 INFO ----------------------------------------------------------------------------------------------------
2026-07-12 13:40:05,686 P4091889 INFO 29/300 starting... lr: 0.001 para:0.03333333507180214
2026-07-12 13:40:11,918 P4091889 INFO Epoch 29/300, all_loss:0.29859 cls_loss:0.30343 rec_loss:0.15841 [6.23s]; best loss:0.17136, patience : 3
2026-07-12 13:40:14,328 P4091889 INFO pr:0.9786  rc:0.9219  auc:0.9794 ap:0.9770 f1: 0.9494 pred_right: 38626 pred_wrong:374 actu_right: 38603 actu_wrong: 397
2026-07-12 13:40:15,265 P4091889 INFO pr:0.9535  rc:0.9535  auc:0.9959 ap:0.9841 f1: 0.9535 pred_right: 16371 pred_wrong:129 actu_right: 16371 actu_wrong: 129
2026-07-12 13:40:15,265 P4091889 INFO ----------------------------------------------------------------------------------------------------
2026-07-12 13:40:15,266 P4091889 INFO 30/300 starting... lr: 0.001 para:0.032258063554763794
2026-07-12 13:40:21,319 P4091889 INFO Epoch 30/300, all_loss:0.25946 cls_loss:0.26351 rec_loss:0.13794 [6.05s]; best loss:0.17136, patience : 3
2026-07-12 13:40:24,656 P4091889 INFO pr:0.9860  rc:0.8866  auc:0.9787 ap:0.9761 f1: 0.9337 pred_right: 38643 pred_wrong:357 actu_right: 38603 actu_wrong: 397
2026-07-12 13:40:25,354 P4091889 INFO pr:0.9683  rc:0.9457  auc:0.9958 ap:0.9812 f1: 0.9569 pred_right: 16374 pred_wrong:126 actu_right: 16371 actu_wrong: 129
2026-07-12 13:40:25,356 P4091889 INFO ----------------------------------------------------------------------------------------------------
2026-07-12 13:40:25,356 P4091889 INFO 31/300 starting... lr: 0.001 para:0.03125
2026-07-12 13:40:29,969 P4091889 INFO Epoch 31/300, all_loss:0.13834 cls_loss:0.13793 rec_loss:0.15104 [4.61s]; best loss:0.13834, patience : 0
2026-07-12 13:40:31,755 P4091889 INFO pr:0.9864  rc:0.9118  auc:0.9757 ap:0.9746 f1: 0.9476 pred_right: 38633 pred_wrong:367 actu_right: 38603 actu_wrong: 397
2026-07-12 13:40:32,609 P4091889 INFO pr:0.9609  rc:0.9535  auc:0.9912 ap:0.9776 f1: 0.9572 pred_right: 16372 pred_wrong:128 actu_right: 16371 actu_wrong: 129
2026-07-12 13:40:32,609 P4091889 INFO ----------------------------------------------------------------------------------------------------
2026-07-12 13:40:32,609 P4091889 INFO 32/300 starting... lr: 0.001 para:0.03030303120613098
2026-07-12 13:40:39,795 P4091889 INFO Epoch 32/300, all_loss:0.13656 cls_loss:0.13646 rec_loss:0.13967 [7.18s]; best loss:0.13656, patience : 0
2026-07-12 13:40:43,277 P4091889 INFO pr:0.9840  rc:0.9270  auc:0.9808 ap:0.9775 f1: 0.9546 pred_right: 38626 pred_wrong:374 actu_right: 38603 actu_wrong: 397
2026-07-12 13:40:44,868 P4091889 INFO pr:0.9685  rc:0.9535  auc:0.9976 ap:0.9813 f1: 0.9609 pred_right: 16373 pred_wrong:127 actu_right: 16371 actu_wrong: 129
2026-07-12 13:40:44,874 P4091889 INFO ----------------------------------------------------------------------------------------------------
2026-07-12 13:40:44,874 P4091889 INFO 33/300 starting... lr: 0.001 para:0.029411764815449715
2026-07-12 13:40:54,385 P4091889 INFO Epoch 33/300, all_loss:0.12993 cls_loss:0.12955 rec_loss:0.14247 [9.51s]; best loss:0.12993, patience : 0
2026-07-12 13:40:56,587 P4091889 INFO pr:0.9886  rc:0.8785  auc:0.9773 ap:0.9761 f1: 0.9303 pred_right: 38649 pred_wrong:351 actu_right: 38605 actu_wrong: 395
2026-07-12 13:40:57,501 P4091889 INFO pr:0.9680  rc:0.9380  auc:0.9918 ap:0.9798 f1: 0.9528 pred_right: 16375 pred_wrong:125 actu_right: 16371 actu_wrong: 129
2026-07-12 13:40:57,502 P4091889 INFO ----------------------------------------------------------------------------------------------------
2026-07-12 13:40:57,502 P4091889 INFO 34/300 starting... lr: 0.001 para:0.02857142873108387
2026-07-12 13:41:03,711 P4091889 INFO Epoch 34/300, all_loss:0.09749 cls_loss:0.09638 rec_loss:0.13505 [6.21s]; best loss:0.09749, patience : 0
2026-07-12 13:41:05,809 P4091889 INFO pr:0.9736  rc:0.9318  auc:0.9853 ap:0.9779 f1: 0.9523 pred_right: 38621 pred_wrong:379 actu_right: 38604 actu_wrong: 396
2026-07-12 13:41:06,891 P4091889 INFO pr:0.9466  rc:0.9612  auc:0.9959 ap:0.9849 f1: 0.9538 pred_right: 16369 pred_wrong:131 actu_right: 16371 actu_wrong: 129
2026-07-12 13:41:06,892 P4091889 INFO ----------------------------------------------------------------------------------------------------
2026-07-12 13:41:06,892 P4091889 INFO 35/300 starting... lr: 0.001 para:0.02777777798473835
2026-07-12 13:41:13,087 P4091889 INFO Epoch 35/300, all_loss:0.07684 cls_loss:0.07521 rec_loss:0.13400 [6.19s]; best loss:0.07684, patience : 0
2026-07-12 13:41:15,337 P4091889 INFO pr:0.9969  rc:0.8060  auc:0.9665 ap:0.9706 f1: 0.8914 pred_right: 38679 pred_wrong:321 actu_right: 38603 actu_wrong: 397
2026-07-12 13:41:16,263 P4091889 INFO pr:0.9818  rc:0.8372  auc:0.9818 ap:0.9730 f1: 0.9038 pred_right: 16390 pred_wrong:110 actu_right: 16371 actu_wrong: 129
2026-07-12 13:41:16,263 P4091889 INFO ----------------------------------------------------------------------------------------------------
2026-07-12 13:41:16,263 P4091889 INFO 36/300 starting... lr: 0.001 para:0.027027027681469917
2026-07-12 13:41:22,435 P4091889 INFO Epoch 36/300, all_loss:0.35431 cls_loss:0.36068 rec_loss:0.12515 [6.17s]; best loss:0.07684, patience : 1
2026-07-12 13:41:24,586 P4091889 INFO pr:0.9257  rc:0.9468  auc:0.9816 ap:0.9769 f1: 0.9362 pred_right: 38596 pred_wrong:404 actu_right: 38605 actu_wrong: 395
2026-07-12 13:41:25,507 P4091889 INFO pr:0.8542  rc:0.9535  auc:0.9918 ap:0.9753 f1: 0.9011 pred_right: 16356 pred_wrong:144 actu_right: 16371 actu_wrong: 129
2026-07-12 13:41:25,507 P4091889 INFO ----------------------------------------------------------------------------------------------------
2026-07-12 13:41:25,507 P4091889 INFO 37/300 starting... lr: 0.001 para:0.02631578966975212
2026-07-12 13:41:31,647 P4091889 INFO Epoch 37/300, all_loss:0.19780 cls_loss:0.19956 rec_loss:0.13244 [6.14s]; best loss:0.07684, patience : 1
2026-07-12 13:41:34,075 P4091889 INFO pr:0.9542  rc:0.9446  auc:0.9879 ap:0.9838 f1: 0.9494 pred_right: 38607 pred_wrong:393 actu_right: 38603 actu_wrong: 397
2026-07-12 13:41:35,066 P4091889 INFO pr:0.9254  rc:0.9612  auc:0.9978 ap:0.9809 f1: 0.9430 pred_right: 16366 pred_wrong:134 actu_right: 16371 actu_wrong: 129
2026-07-12 13:41:35,066 P4091889 INFO ----------------------------------------------------------------------------------------------------
2026-07-12 13:41:35,067 P4091889 INFO 38/300 starting... lr: 0.001 para:0.025641025975346565
2026-07-12 13:41:41,383 P4091889 INFO Epoch 38/300, all_loss:0.16983 cls_loss:0.17085 rec_loss:0.13100 [6.32s]; best loss:0.07684, patience : 1
2026-07-12 13:41:43,708 P4091889 INFO pr:0.9887  rc:0.8841  auc:0.9844 ap:0.9836 f1: 0.9335 pred_right: 38645 pred_wrong:355 actu_right: 38603 actu_wrong: 397
2026-07-12 13:41:44,691 P4091889 INFO pr:0.9764  rc:0.9612  auc:0.9940 ap:0.9846 f1: 0.9688 pred_right: 16373 pred_wrong:127 actu_right: 16371 actu_wrong: 129
2026-07-12 13:41:44,692 P4091889 INFO ----------------------------------------------------------------------------------------------------
2026-07-12 13:41:44,692 P4091889 INFO 39/300 starting... lr: 0.001 para:0.02500000037252903
2026-07-12 13:41:50,909 P4091889 INFO Epoch 39/300, all_loss:0.11231 cls_loss:0.11203 rec_loss:0.12307 [6.22s]; best loss:0.07684, patience : 1
2026-07-12 13:41:53,000 P4091889 INFO pr:0.9970  rc:0.8287  auc:0.9774 ap:0.9818 f1: 0.9051 pred_right: 38670 pred_wrong:330 actu_right: 38603 actu_wrong: 397
2026-07-12 13:41:54,726 P4091889 INFO pr:0.9750  rc:0.9070  auc:0.9876 ap:0.9837 f1: 0.9398 pred_right: 16380 pred_wrong:120 actu_right: 16371 actu_wrong: 129
2026-07-12 13:41:54,727 P4091889 INFO ----------------------------------------------------------------------------------------------------
2026-07-12 13:41:54,727 P4091889 INFO 40/300 starting... lr: 0.001 para:0.024390242993831635
2026-07-12 13:41:59,302 P4091889 INFO Epoch 40/300, all_loss:0.70768 cls_loss:0.72237 rec_loss:0.12006 [4.57s]; best loss:0.07684, patience : 2
2026-07-12 13:42:01,109 P4091889 INFO pr:0.9735  rc:0.9270  auc:0.9871 ap:0.9797 f1: 0.9497 pred_right: 38622 pred_wrong:378 actu_right: 38603 actu_wrong: 397
2026-07-12 13:42:01,929 P4091889 INFO pr:0.9615  rc:0.9690  auc:0.9945 ap:0.9819 f1: 0.9653 pred_right: 16370 pred_wrong:130 actu_right: 16371 actu_wrong: 129
2026-07-12 13:42:01,929 P4091889 INFO ----------------------------------------------------------------------------------------------------
2026-07-12 13:42:01,929 P4091889 INFO 41/300 starting... lr: 0.001 para:0.02380952425301075
2026-07-12 13:42:07,308 P4091889 INFO Epoch 41/300, all_loss:0.12042 cls_loss:0.12021 rec_loss:0.12903 [5.38s]; best loss:0.07684, patience : 2
2026-07-12 13:42:10,838 P4091889 INFO pr:0.9710  rc:0.9293  auc:0.9889 ap:0.9803 f1: 0.9497 pred_right: 38621 pred_wrong:379 actu_right: 38604 actu_wrong: 396
2026-07-12 13:42:12,726 P4091889 INFO pr:0.9470  rc:0.9690  auc:0.9978 ap:0.9842 f1: 0.9579 pred_right: 16368 pred_wrong:132 actu_right: 16371 actu_wrong: 129
2026-07-12 13:42:12,726 P4091889 INFO ----------------------------------------------------------------------------------------------------
2026-07-12 13:42:12,727 P4091889 INFO 42/300 starting... lr: 0.001 para:0.023255813866853714
2026-07-12 13:42:22,659 P4091889 INFO Epoch 42/300, all_loss:0.08159 cls_loss:0.08066 rec_loss:0.12067 [9.93s]; best loss:0.07684, patience : 2
2026-07-12 13:42:24,971 P4091889 INFO pr:0.9612  rc:0.9370  auc:0.9868 ap:0.9799 f1: 0.9490 pred_right: 38613 pred_wrong:387 actu_right: 38603 actu_wrong: 397
2026-07-12 13:42:25,866 P4091889 INFO pr:0.9191  rc:0.9690  auc:0.9998 ap:0.9846 f1: 0.9434 pred_right: 16364 pred_wrong:136 actu_right: 16371 actu_wrong: 129
2026-07-12 13:42:25,867 P4091889 INFO ----------------------------------------------------------------------------------------------------
2026-07-12 13:42:25,867 P4091889 INFO 43/300 starting... lr: 0.001 para:0.022727273404598236
2026-07-12 13:42:32,167 P4091889 INFO Epoch 43/300, all_loss:0.06652 cls_loss:0.06534 rec_loss:0.11739 [6.30s]; best loss:0.06652, patience : 0
2026-07-12 13:42:34,611 P4091889 INFO pr:0.9917  rc:0.9091  auc:0.9830 ap:0.9784 f1: 0.9486 pred_right: 38637 pred_wrong:363 actu_right: 38604 actu_wrong: 396
2026-07-12 13:42:35,654 P4091889 INFO pr:0.9688  rc:0.9612  auc:0.9978 ap:0.9859 f1: 0.9650 pred_right: 16372 pred_wrong:128 actu_right: 16371 actu_wrong: 129
2026-07-12 13:42:35,655 P4091889 INFO ----------------------------------------------------------------------------------------------------
2026-07-12 13:42:35,662 P4091889 INFO 44/300 starting... lr: 0.001 para:0.02222222276031971
2026-07-12 13:42:41,895 P4091889 INFO Epoch 44/300, all_loss:0.06760 cls_loss:0.06647 rec_loss:0.11716 [6.23s]; best loss:0.06652, patience : 1
2026-07-12 13:42:44,299 P4091889 INFO pr:0.9888  rc:0.8939  auc:0.9830 ap:0.9750 f1: 0.9390 pred_right: 38642 pred_wrong:358 actu_right: 38604 actu_wrong: 396
2026-07-12 13:42:45,173 P4091889 INFO pr:0.9683  rc:0.9457  auc:0.9940 ap:0.9839 f1: 0.9569 pred_right: 16374 pred_wrong:126 actu_right: 16371 actu_wrong: 129
2026-07-12 13:42:45,174 P4091889 INFO ----------------------------------------------------------------------------------------------------
2026-07-12 13:42:45,174 P4091889 INFO 45/300 starting... lr: 0.001 para:0.021739130839705467
2026-07-12 13:42:51,393 P4091889 INFO Epoch 45/300, all_loss:0.04532 cls_loss:0.04372 rec_loss:0.11716 [6.21s]; best loss:0.04532, patience : 0
2026-07-12 13:42:53,496 P4091889 INFO pr:0.9892  rc:0.9244  auc:0.9810 ap:0.9774 f1: 0.9557 pred_right: 38629 pred_wrong:371 actu_right: 38603 actu_wrong: 397
2026-07-12 13:42:54,399 P4091889 INFO pr:0.9688  rc:0.9612  auc:0.9959 ap:0.9809 f1: 0.9650 pred_right: 16372 pred_wrong:128 actu_right: 16371 actu_wrong: 129
2026-07-12 13:42:54,403 P4091889 INFO ----------------------------------------------------------------------------------------------------
2026-07-12 13:42:54,404 P4091889 INFO 46/300 starting... lr: 0.001 para:0.021276595070958138
2026-07-12 13:43:00,569 P4091889 INFO Epoch 46/300, all_loss:0.09322 cls_loss:0.09267 rec_loss:0.11896 [6.16s]; best loss:0.04532, patience : 1
2026-07-12 13:43:02,922 P4091889 INFO pr:0.9787  rc:0.9270  auc:0.9846 ap:0.9774 f1: 0.9521 pred_right: 38624 pred_wrong:376 actu_right: 38603 actu_wrong: 397
2026-07-12 13:43:03,885 P4091889 INFO pr:0.9398  rc:0.9690  auc:0.9920 ap:0.9792 f1: 0.9542 pred_right: 16367 pred_wrong:133 actu_right: 16371 actu_wrong: 129
2026-07-12 13:43:03,886 P4091889 INFO ----------------------------------------------------------------------------------------------------
2026-07-12 13:43:03,886 P4091889 INFO 47/300 starting... lr: 0.001 para:0.02083333395421505
2026-07-12 13:43:10,098 P4091889 INFO Epoch 47/300, all_loss:0.61807 cls_loss:0.62849 rec_loss:0.12827 [6.21s]; best loss:0.04532, patience : 2
2026-07-12 13:43:12,414 P4091889 INFO pr:0.9971  rc:0.8564  auc:0.9743 ap:0.9799 f1: 0.9214 pred_right: 38659 pred_wrong:341 actu_right: 38603 actu_wrong: 397
2026-07-12 13:43:13,304 P4091889 INFO pr:0.9739  rc:0.8682  auc:0.9868 ap:0.9771 f1: 0.9180 pred_right: 16385 pred_wrong:115 actu_right: 16371 actu_wrong: 129
2026-07-12 13:43:13,305 P4091889 INFO ----------------------------------------------------------------------------------------------------
2026-07-12 13:43:13,305 P4091889 INFO 48/300 starting... lr: 0.001 para:0.020408162847161293
2026-07-12 13:43:19,580 P4091889 INFO Epoch 48/300, all_loss:0.11755 cls_loss:0.11749 rec_loss:0.12013 [6.27s]; best loss:0.04532, patience : 2
2026-07-12 13:43:21,912 P4091889 INFO pr:0.8993  rc:0.9446  auc:0.9904 ap:0.9811 f1: 0.9214 pred_right: 38583 pred_wrong:417 actu_right: 38603 actu_wrong: 397
2026-07-12 13:43:22,924 P4091889 INFO pr:0.8235  rc:0.9767  auc:0.9996 ap:0.9807 f1: 0.8936 pred_right: 16347 pred_wrong:153 actu_right: 16371 actu_wrong: 129
2026-07-12 13:43:22,925 P4091889 INFO ----------------------------------------------------------------------------------------------------
2026-07-12 13:43:22,925 P4091889 INFO 49/300 starting... lr: 0.001 para:0.019999999552965164
2026-07-12 13:43:29,007 P4091889 INFO Epoch 49/300, all_loss:0.05069 cls_loss:0.04943 rec_loss:0.11250 [6.08s]; best loss:0.04532, patience : 2
2026-07-12 13:43:30,754 P4091889 INFO pr:0.9815  rc:0.9370  auc:0.9879 ap:0.9808 f1: 0.9588 pred_right: 38621 pred_wrong:379 actu_right: 38603 actu_wrong: 397
2026-07-12 13:43:31,595 P4091889 INFO pr:0.9692  rc:0.9767  auc:0.9978 ap:0.9819 f1: 0.9730 pred_right: 16370 pred_wrong:130 actu_right: 16371 actu_wrong: 129
2026-07-12 13:43:31,600 P4091889 INFO ----------------------------------------------------------------------------------------------------
2026-07-12 13:43:31,600 P4091889 INFO 50/300 starting... lr: 0.001 para:0.019607843831181526
2026-07-12 13:43:37,251 P4091889 INFO Epoch 50/300, all_loss:0.05161 cls_loss:0.05012 rec_loss:0.12595 [5.65s]; best loss:0.04532, patience : 3
2026-07-12 13:43:40,826 P4091889 INFO pr:0.9841  rc:0.9370  auc:0.9800 ap:0.9794 f1: 0.9600 pred_right: 38622 pred_wrong:378 actu_right: 38603 actu_wrong: 397
2026-07-12 13:43:42,922 P4091889 INFO pr:0.9688  rc:0.9612  auc:0.9980 ap:0.9941 f1: 0.9650 pred_right: 16372 pred_wrong:128 actu_right: 16371 actu_wrong: 129
2026-07-12 13:43:42,930 P4091889 INFO ----------------------------------------------------------------------------------------------------
2026-07-12 13:43:42,931 P4091889 INFO 51/300 starting... lr: 0.001 para:0.01923076994717121
2026-07-12 13:43:53,294 P4091889 INFO Epoch 51/300, all_loss:0.28791 cls_loss:0.29084 rec_loss:0.13864 [10.36s]; best loss:0.04532, patience : 4
2026-07-12 13:43:55,714 P4091889 INFO pr:0.9864  rc:0.9144  auc:0.9826 ap:0.9833 f1: 0.9490 pred_right: 38632 pred_wrong:368 actu_right: 38603 actu_wrong: 397
2026-07-12 13:43:56,745 P4091889 INFO pr:0.9680  rc:0.9380  auc:0.9900 ap:0.9808 f1: 0.9528 pred_right: 16375 pred_wrong:125 actu_right: 16371 actu_wrong: 129
2026-07-12 13:43:56,746 P4091889 INFO ----------------------------------------------------------------------------------------------------
2026-07-12 13:43:56,746 P4091889 INFO 52/300 starting... lr: 0.001 para:0.01886792480945587
2026-07-12 13:44:03,066 P4091889 INFO Epoch 52/300, all_loss:0.16132 cls_loss:0.16221 rec_loss:0.11481 [6.32s]; best loss:0.04532, patience : 4
2026-07-12 13:44:05,389 P4091889 INFO pr:0.9716  rc:0.9496  auc:0.9854 ap:0.9796 f1: 0.9605 pred_right: 38612 pred_wrong:388 actu_right: 38603 actu_wrong: 397
2026-07-12 13:44:06,303 P4091889 INFO pr:0.9130  rc:0.9767  auc:0.9999 ap:0.9880 f1: 0.9438 pred_right: 16362 pred_wrong:138 actu_right: 16371 actu_wrong: 129
2026-07-12 13:44:06,308 P4091889 INFO ----------------------------------------------------------------------------------------------------
2026-07-12 13:44:06,311 P4091889 INFO 53/300 starting... lr: 0.001 para:0.018518518656492233
2026-07-12 13:44:12,456 P4091889 INFO Epoch 53/300, all_loss:0.02309 cls_loss:0.02160 rec_loss:0.10256 [6.14s]; best loss:0.02309, patience : 0
2026-07-12 13:44:14,782 P4091889 INFO pr:0.9816  rc:0.9395  auc:0.9860 ap:0.9839 f1: 0.9601 pred_right: 38620 pred_wrong:380 actu_right: 38603 actu_wrong: 397
2026-07-12 13:44:15,806 P4091889 INFO pr:0.9688  rc:0.9612  auc:0.9999 ap:0.9848 f1: 0.9650 pred_right: 16372 pred_wrong:128 actu_right: 16371 actu_wrong: 129
2026-07-12 13:44:15,807 P4091889 INFO ----------------------------------------------------------------------------------------------------
2026-07-12 13:44:15,807 P4091889 INFO 54/300 starting... lr: 0.001 para:0.0181818176060915
2026-07-12 13:44:21,902 P4091889 INFO Epoch 54/300, all_loss:0.04666 cls_loss:0.04558 rec_loss:0.10499 [6.09s]; best loss:0.02309, patience : 1
2026-07-12 13:44:24,178 P4091889 INFO pr:0.9888  rc:0.8866  auc:0.9823 ap:0.9787 f1: 0.9349 pred_right: 38644 pred_wrong:356 actu_right: 38603 actu_wrong: 397
2026-07-12 13:44:25,072 P4091889 INFO pr:0.9760  rc:0.9457  auc:0.9921 ap:0.9805 f1: 0.9606 pred_right: 16375 pred_wrong:125 actu_right: 16371 actu_wrong: 129
2026-07-12 13:44:25,072 P4091889 INFO ----------------------------------------------------------------------------------------------------
2026-07-12 13:44:25,072 P4091889 INFO 55/300 starting... lr: 0.001 para:0.01785714365541935
2026-07-12 13:44:31,346 P4091889 INFO Epoch 55/300, all_loss:0.03636 cls_loss:0.03504 rec_loss:0.10930 [6.27s]; best loss:0.02309, patience : 1
2026-07-12 13:44:33,723 P4091889 INFO pr:0.9791  rc:0.9421  auc:0.9869 ap:0.9830 f1: 0.9602 pred_right: 38618 pred_wrong:382 actu_right: 38603 actu_wrong: 397
2026-07-12 13:44:34,767 P4091889 INFO pr:0.9542  rc:0.9690  auc:0.9999 ap:0.9853 f1: 0.9615 pred_right: 16369 pred_wrong:131 actu_right: 16371 actu_wrong: 129
2026-07-12 13:44:34,767 P4091889 INFO ----------------------------------------------------------------------------------------------------
2026-07-12 13:44:34,774 P4091889 INFO 56/300 starting... lr: 0.001 para:0.017543859779834747
2026-07-12 13:44:40,920 P4091889 INFO Epoch 56/300, all_loss:0.04362 cls_loss:0.04231 rec_loss:0.11694 [6.15s]; best loss:0.02309, patience : 2
2026-07-12 13:44:43,319 P4091889 INFO pr:0.9690  rc:0.9446  auc:0.9839 ap:0.9821 f1: 0.9566 pred_right: 38613 pred_wrong:387 actu_right: 38603 actu_wrong: 397
2026-07-12 13:44:44,170 P4091889 INFO pr:0.9466  rc:0.9612  auc:0.9977 ap:0.9812 f1: 0.9538 pred_right: 16369 pred_wrong:131 actu_right: 16371 actu_wrong: 129
2026-07-12 13:44:44,171 P4091889 INFO ----------------------------------------------------------------------------------------------------
2026-07-12 13:44:44,171 P4091889 INFO 57/300 starting... lr: 0.001 para:0.017241379246115685
2026-07-12 13:44:50,139 P4091889 INFO Epoch 57/300, all_loss:0.04793 cls_loss:0.04685 rec_loss:0.10970 [5.97s]; best loss:0.02309, patience : 3
2026-07-12 13:44:52,583 P4091889 INFO pr:0.9815  rc:0.9394  auc:0.9826 ap:0.9838 f1: 0.9600 pred_right: 38621 pred_wrong:379 actu_right: 38604 actu_wrong: 396
2026-07-12 13:44:53,409 P4091889 INFO pr:0.9615  rc:0.9690  auc:0.9999 ap:0.9843 f1: 0.9653 pred_right: 16370 pred_wrong:130 actu_right: 16371 actu_wrong: 129
2026-07-12 13:44:53,409 P4091889 INFO ----------------------------------------------------------------------------------------------------
2026-07-12 13:44:53,410 P4091889 INFO 58/300 starting... lr: 0.001 para:0.016949152573943138
2026-07-12 13:44:59,810 P4091889 INFO Epoch 58/300, all_loss:0.03785 cls_loss:0.03684 rec_loss:0.09678 [6.40s]; best loss:0.02309, patience : 3
2026-07-12 13:45:01,427 P4091889 INFO pr:0.9892  rc:0.9194  auc:0.9812 ap:0.9808 f1: 0.9530 pred_right: 38631 pred_wrong:369 actu_right: 38603 actu_wrong: 397
2026-07-12 13:45:02,106 P4091889 INFO pr:0.9688  rc:0.9612  auc:0.9980 ap:0.9857 f1: 0.9650 pred_right: 16372 pred_wrong:128 actu_right: 16371 actu_wrong: 129
2026-07-12 13:45:02,107 P4091889 INFO ----------------------------------------------------------------------------------------------------
2026-07-12 13:45:02,107 P4091889 INFO 59/300 starting... lr: 0.001 para:0.01666666753590107
2026-07-12 13:45:07,886 P4091889 INFO Epoch 59/300, all_loss:0.02855 cls_loss:0.02736 rec_loss:0.09878 [5.78s]; best loss:0.02309, patience : 3
2026-07-12 13:45:09,954 P4091889 INFO pr:0.9866  rc:0.9270  auc:0.9841 ap:0.9799 f1: 0.9558 pred_right: 38627 pred_wrong:373 actu_right: 38603 actu_wrong: 397
2026-07-12 13:45:12,151 P4091889 INFO pr:0.9538  rc:0.9612  auc:0.9941 ap:0.9815 f1: 0.9575 pred_right: 16370 pred_wrong:130 actu_right: 16371 actu_wrong: 129
2026-07-12 13:45:12,152 P4091889 INFO ----------------------------------------------------------------------------------------------------
2026-07-12 13:45:12,152 P4091889 INFO 60/300 starting... lr: 0.001 para:0.016393441706895828
2026-07-12 13:45:23,764 P4091889 INFO Epoch 60/300, all_loss:0.01080 cls_loss:0.00943 rec_loss:0.09268 [11.61s]; best loss:0.01080, patience : 0
2026-07-12 13:45:26,204 P4091889 INFO pr:0.9783  rc:0.9068  auc:0.9814 ap:0.9783 f1: 0.9412 pred_right: 38632 pred_wrong:368 actu_right: 38603 actu_wrong: 397
2026-07-12 13:45:27,136 P4091889 INFO pr:0.9612  rc:0.9612  auc:0.9969 ap:0.9806 f1: 0.9612 pred_right: 16371 pred_wrong:129 actu_right: 16371 actu_wrong: 129
2026-07-12 13:45:27,136 P4091889 INFO ----------------------------------------------------------------------------------------------------
2026-07-12 13:45:27,136 P4091889 INFO 61/300 starting... lr: 0.001 para:0.016129031777381897
2026-07-12 13:45:33,154 P4091889 INFO Epoch 61/300, all_loss:0.01157 cls_loss:0.01014 rec_loss:0.09831 [6.02s]; best loss:0.01080, patience : 1
2026-07-12 13:45:35,309 P4091889 INFO pr:0.9891  rc:0.9144  auc:0.9792 ap:0.9807 f1: 0.9503 pred_right: 38633 pred_wrong:367 actu_right: 38603 actu_wrong: 397
2026-07-12 13:45:36,208 P4091889 INFO pr:0.9609  rc:0.9535  auc:0.9956 ap:0.9826 f1: 0.9572 pred_right: 16372 pred_wrong:128 actu_right: 16371 actu_wrong: 129
2026-07-12 13:45:36,208 P4091889 INFO ----------------------------------------------------------------------------------------------------
2026-07-12 13:45:36,209 P4091889 INFO 62/300 starting... lr: 0.001 para:0.01587301678955555
2026-07-12 13:45:42,349 P4091889 INFO Epoch 62/300, all_loss:0.03950 cls_loss:0.03848 rec_loss:0.10257 [6.14s]; best loss:0.01080, patience : 2
2026-07-12 13:45:44,466 P4091889 INFO pr:0.9688  rc:0.9395  auc:0.9842 ap:0.9805 f1: 0.9540 pred_right: 38615 pred_wrong:385 actu_right: 38603 actu_wrong: 397
2026-07-12 13:45:45,364 P4091889 INFO pr:0.9328  rc:0.9690  auc:0.9975 ap:0.9818 f1: 0.9506 pred_right: 16366 pred_wrong:134 actu_right: 16371 actu_wrong: 129
2026-07-12 13:45:45,364 P4091889 INFO ----------------------------------------------------------------------------------------------------
2026-07-12 13:45:45,365 P4091889 INFO 63/300 starting... lr: 0.001 para:0.015625
2026-07-12 13:45:51,241 P4091889 INFO Epoch 63/300, all_loss:0.00389 cls_loss:0.00249 rec_loss:0.09192 [5.87s]; best loss:0.00389, patience : 0
2026-07-12 13:45:53,570 P4091889 INFO pr:0.9541  rc:0.9421  auc:0.9848 ap:0.9787 f1: 0.9480 pred_right: 38608 pred_wrong:392 actu_right: 38603 actu_wrong: 397
2026-07-12 13:45:54,428 P4091889 INFO pr:0.8993  rc:0.9690  auc:0.9974 ap:0.9820 f1: 0.9328 pred_right: 16361 pred_wrong:139 actu_right: 16371 actu_wrong: 129
2026-07-12 13:45:54,429 P4091889 INFO ----------------------------------------------------------------------------------------------------
2026-07-12 13:45:54,429 P4091889 INFO 64/300 starting... lr: 0.001 para:0.015384615398943424
2026-07-12 13:46:00,641 P4091889 INFO Epoch 64/300, all_loss:0.00230 cls_loss:0.00090 rec_loss:0.09147 [6.21s]; best loss:0.00230, patience : 0
2026-07-12 13:46:02,815 P4091889 INFO pr:0.9764  rc:0.9419  auc:0.9824 ap:0.9795 f1: 0.9589 pred_right: 38618 pred_wrong:382 actu_right: 38604 actu_wrong: 396
2026-07-12 13:46:03,695 P4091889 INFO pr:0.9265  rc:0.9767  auc:0.9959 ap:0.9792 f1: 0.9509 pred_right: 16364 pred_wrong:136 actu_right: 16371 actu_wrong: 129
2026-07-12 13:46:03,696 P4091889 INFO ----------------------------------------------------------------------------------------------------
2026-07-12 13:46:03,696 P4091889 INFO 65/300 starting... lr: 0.001 para:0.01515151560306549
2026-07-12 13:46:09,809 P4091889 INFO Epoch 65/300, all_loss:0.03267 cls_loss:0.03176 rec_loss:0.09192 [6.11s]; best loss:0.00230, patience : 1
2026-07-12 13:46:11,853 P4091889 INFO pr:0.9863  rc:0.9068  auc:0.9820 ap:0.9752 f1: 0.9449 pred_right: 38635 pred_wrong:365 actu_right: 38603 actu_wrong: 397
2026-07-12 13:46:12,773 P4091889 INFO pr:0.9535  rc:0.9535  auc:0.9921 ap:0.9789 f1: 0.9535 pred_right: 16371 pred_wrong:129 actu_right: 16371 actu_wrong: 129
2026-07-12 13:46:12,773 P4091889 INFO ----------------------------------------------------------------------------------------------------
2026-07-12 13:46:12,773 P4091889 INFO 66/300 starting... lr: 0.001 para:0.014925372786819935
2026-07-12 13:46:18,828 P4091889 INFO Epoch 66/300, all_loss:0.05626 cls_loss:0.05564 rec_loss:0.09731 [6.05s]; best loss:0.00230, patience : 2
2026-07-12 13:46:21,256 P4091889 INFO pr:0.9915  rc:0.8813  auc:0.9813 ap:0.9795 f1: 0.9332 pred_right: 38648 pred_wrong:352 actu_right: 38604 actu_wrong: 396
2026-07-12 13:46:22,309 P4091889 INFO pr:0.9760  rc:0.9457  auc:0.9902 ap:0.9813 f1: 0.9606 pred_right: 16375 pred_wrong:125 actu_right: 16371 actu_wrong: 129
2026-07-12 13:46:22,310 P4091889 INFO ----------------------------------------------------------------------------------------------------
2026-07-12 13:46:22,310 P4091889 INFO 67/300 starting... lr: 0.001 para:0.014705882407724857
2026-07-12 13:46:28,851 P4091889 INFO Epoch 67/300, all_loss:0.02049 cls_loss:0.01938 rec_loss:0.09455 [6.54s]; best loss:0.00230, patience : 2
2026-07-12 13:46:30,461 P4091889 INFO pr:0.9839  rc:0.9219  auc:0.9818 ap:0.9779 f1: 0.9519 pred_right: 38628 pred_wrong:372 actu_right: 38603 actu_wrong: 397
2026-07-12 13:46:31,146 P4091889 INFO pr:0.9618  rc:0.9767  auc:0.9999 ap:0.9858 f1: 0.9692 pred_right: 16369 pred_wrong:131 actu_right: 16371 actu_wrong: 129
2026-07-12 13:46:31,146 P4091889 INFO ----------------------------------------------------------------------------------------------------
2026-07-12 13:46:31,146 P4091889 INFO 68/300 starting... lr: 0.001 para:0.014492753893136978
2026-07-12 13:46:36,522 P4091889 INFO Epoch 68/300, all_loss:0.01899 cls_loss:0.01797 rec_loss:0.08811 [5.38s]; best loss:0.00230, patience : 2
2026-07-12 13:46:38,319 P4091889 INFO pr:0.9889  rc:0.8992  auc:0.9751 ap:0.9752 f1: 0.9420 pred_right: 38639 pred_wrong:361 actu_right: 38603 actu_wrong: 397
2026-07-12 13:46:39,545 P4091889 INFO pr:0.9685  rc:0.9535  auc:0.9902 ap:0.9803 f1: 0.9609 pred_right: 16373 pred_wrong:127 actu_right: 16371 actu_wrong: 129
2026-07-12 13:46:39,546 P4091889 INFO ----------------------------------------------------------------------------------------------------
2026-07-12 13:46:39,546 P4091889 INFO 69/300 starting... lr: 0.001 para:0.014285714365541935
2026-07-12 13:46:51,973 P4091889 INFO Epoch 69/300, all_loss:0.15546 cls_loss:0.15630 rec_loss:0.09778 [12.43s]; best loss:0.00230, patience : 3
2026-07-12 13:46:54,276 P4091889 INFO pr:0.9836  rc:0.9068  auc:0.9802 ap:0.9786 f1: 0.9436 pred_right: 38634 pred_wrong:366 actu_right: 38603 actu_wrong: 397
2026-07-12 13:46:55,391 P4091889 INFO pr:0.9606  rc:0.9457  auc:0.9937 ap:0.9798 f1: 0.9531 pred_right: 16373 pred_wrong:127 actu_right: 16371 actu_wrong: 129
2026-07-12 13:46:55,391 P4091889 INFO ----------------------------------------------------------------------------------------------------
2026-07-12 13:46:55,392 P4091889 INFO 70/300 starting... lr: 0.001 para:0.014084506779909134
2026-07-12 13:47:01,863 P4091889 INFO Epoch 70/300, all_loss:0.02835 cls_loss:0.02742 rec_loss:0.09357 [6.47s]; best loss:0.00230, patience : 3
2026-07-12 13:47:04,069 P4091889 INFO pr:0.9890  rc:0.9068  auc:0.9810 ap:0.9795 f1: 0.9461 pred_right: 38636 pred_wrong:364 actu_right: 38603 actu_wrong: 397
2026-07-12 13:47:04,986 P4091889 INFO pr:0.9680  rc:0.9380  auc:0.9918 ap:0.9790 f1: 0.9528 pred_right: 16375 pred_wrong:125 actu_right: 16371 actu_wrong: 129
2026-07-12 13:47:04,986 P4091889 INFO ----------------------------------------------------------------------------------------------------
2026-07-12 13:47:04,987 P4091889 INFO 71/300 starting... lr: 0.001 para:0.013888888992369175
2026-07-12 13:47:11,049 P4091889 INFO Epoch 71/300, all_loss:0.00805 cls_loss:0.00686 rec_loss:0.09262 [6.06s]; best loss:0.00230, patience : 3
2026-07-12 13:47:13,167 P4091889 INFO pr:0.9890  rc:0.9093  auc:0.9811 ap:0.9809 f1: 0.9475 pred_right: 38635 pred_wrong:365 actu_right: 38603 actu_wrong: 397
2026-07-12 13:47:14,180 P4091889 INFO pr:0.9685  rc:0.9535  auc:0.9917 ap:0.9810 f1: 0.9609 pred_right: 16373 pred_wrong:127 actu_right: 16371 actu_wrong: 129
2026-07-12 13:47:14,181 P4091889 INFO ----------------------------------------------------------------------------------------------------
2026-07-12 13:47:14,181 P4091889 INFO 72/300 starting... lr: 0.001 para:0.013698630034923553
2026-07-12 13:47:20,300 P4091889 INFO Epoch 72/300, all_loss:0.00266 cls_loss:0.00148 rec_loss:0.08799 [6.12s]; best loss:0.00230, patience : 3
2026-07-12 13:47:22,367 P4091889 INFO pr:0.9468  rc:0.9421  auc:0.9828 ap:0.9792 f1: 0.9444 pred_right: 38605 pred_wrong:395 actu_right: 38603 actu_wrong: 397
2026-07-12 13:47:23,380 P4091889 INFO pr:0.8662  rc:0.9535  auc:0.9920 ap:0.9787 f1: 0.9077 pred_right: 16358 pred_wrong:142 actu_right: 16371 actu_wrong: 129
2026-07-12 13:47:23,381 P4091889 INFO ----------------------------------------------------------------------------------------------------
2026-07-12 13:47:23,382 P4091889 INFO 73/300 starting... lr: 0.001 para:0.013513513840734959
2026-07-12 13:47:29,430 P4091889 INFO Epoch 73/300, all_loss:0.07515 cls_loss:0.07498 rec_loss:0.08741 [6.05s]; best loss:0.00230, patience : 4
2026-07-12 13:47:31,851 P4091889 INFO pr:0.9640  rc:0.9446  auc:0.9880 ap:0.9778 f1: 0.9542 pred_right: 38611 pred_wrong:389 actu_right: 38603 actu_wrong: 397
2026-07-12 13:47:32,922 P4091889 INFO pr:0.9203  rc:0.9845  auc:0.9999 ap:0.9868 f1: 0.9513 pred_right: 16362 pred_wrong:138 actu_right: 16371 actu_wrong: 129
2026-07-12 13:47:32,922 P4091889 INFO ----------------------------------------------------------------------------------------------------
2026-07-12 13:47:32,923 P4091889 INFO 74/300 starting... lr: 0.001 para:0.013333333656191826
2026-07-12 13:47:38,923 P4091889 INFO Epoch 74/300, all_loss:0.06508 cls_loss:0.06479 rec_loss:0.08696 [6.00s]; best loss:0.00230, patience : 4
2026-07-12 13:47:41,276 P4091889 INFO pr:0.9915  rc:0.8864  auc:0.9736 ap:0.9712 f1: 0.9360 pred_right: 38646 pred_wrong:354 actu_right: 38604 actu_wrong: 396
2026-07-12 13:47:42,176 P4091889 INFO pr:0.9741  rc:0.8760  auc:0.9898 ap:0.9757 f1: 0.9224 pred_right: 16384 pred_wrong:116 actu_right: 16371 actu_wrong: 129
2026-07-12 13:47:42,177 P4091889 INFO ----------------------------------------------------------------------------------------------------
2026-07-12 13:47:42,177 P4091889 INFO 75/300 starting... lr: 0.001 para:0.01315789483487606
2026-07-12 13:47:48,328 P4091889 INFO Epoch 75/300, all_loss:0.05855 cls_loss:0.05815 rec_loss:0.08903 [6.15s]; best loss:0.00230, patience : 4
2026-07-12 13:47:50,451 P4091889 INFO pr:0.9425  rc:0.9520  auc:0.9873 ap:0.9783 f1: 0.9472 pred_right: 38600 pred_wrong:400 actu_right: 38604 actu_wrong: 396
2026-07-12 13:47:51,417 P4091889 INFO pr:0.8819  rc:0.9845  auc:0.9999 ap:0.9818 f1: 0.9304 pred_right: 16356 pred_wrong:144 actu_right: 16371 actu_wrong: 129
2026-07-12 13:47:51,417 P4091889 INFO ----------------------------------------------------------------------------------------------------
2026-07-12 13:47:51,418 P4091889 INFO 76/300 starting... lr: 0.001 para:0.012987012974917889
2026-07-12 13:47:58,828 P4091889 INFO Epoch 76/300, all_loss:0.02177 cls_loss:0.02087 rec_loss:0.09049 [7.41s]; best loss:0.00230, patience : 4
2026-07-12 13:48:00,486 P4091889 INFO pr:0.9400  rc:0.9471  auc:0.9864 ap:0.9783 f1: 0.9435 pred_right: 38600 pred_wrong:400 actu_right: 38603 actu_wrong: 397
2026-07-12 13:48:01,216 P4091889 INFO pr:0.8873  rc:0.9767  auc:0.9979 ap:0.9767 f1: 0.9299 pred_right: 16358 pred_wrong:142 actu_right: 16371 actu_wrong: 129
2026-07-12 13:48:01,217 P4091889 INFO ----------------------------------------------------------------------------------------------------
2026-07-12 13:48:01,217 P4091889 INFO 77/300 starting... lr: 0.001 para:0.012820512987673283
2026-07-12 13:48:06,119 P4091889 INFO Epoch 77/300, all_loss:0.04486 cls_loss:0.04430 rec_loss:0.08739 [4.90s]; best loss:0.00230, patience : 5
2026-07-12 13:48:08,151 P4091889 INFO pr:0.8832  rc:0.9521  auc:0.9888 ap:0.9766 f1: 0.9164 pred_right: 38572 pred_wrong:428 actu_right: 38603 actu_wrong: 397
2026-07-12 13:48:08,937 P4091889 INFO pr:0.7987  rc:0.9845  auc:0.9998 ap:0.9714 f1: 0.8819 pred_right: 16341 pred_wrong:159 actu_right: 16371 actu_wrong: 129
2026-07-12 13:48:08,937 P4091889 INFO ----------------------------------------------------------------------------------------------------
2026-07-12 13:48:08,937 P4091889 INFO 78/300 starting... lr: 0.001 para:0.012658228166401386
2026-07-12 13:48:18,956 P4091889 INFO Epoch 78/300, all_loss:0.07988 cls_loss:0.07973 rec_loss:0.09160 [10.02s]; best loss:0.00230, patience : 6
2026-07-12 13:48:24,039 P4091889 INFO pr:0.9917  rc:0.9066  auc:0.9727 ap:0.9693 f1: 0.9472 pred_right: 38638 pred_wrong:362 actu_right: 38604 actu_wrong: 396
2026-07-12 13:48:25,254 P4091889 INFO pr:0.9764  rc:0.9612  auc:0.9941 ap:0.9860 f1: 0.9688 pred_right: 16373 pred_wrong:127 actu_right: 16371 actu_wrong: 129
2026-07-12 13:48:25,255 P4091889 INFO ----------------------------------------------------------------------------------------------------
2026-07-12 13:48:25,255 P4091889 INFO 79/300 starting... lr: 0.001 para:0.012500000186264515
2026-07-12 13:48:31,575 P4091889 INFO Epoch 79/300, all_loss:0.02987 cls_loss:0.02904 rec_loss:0.09486 [6.32s]; best loss:0.00230, patience : 6
2026-07-12 13:48:33,924 P4091889 INFO pr:0.9812  rc:0.9219  auc:0.9767 ap:0.9707 f1: 0.9506 pred_right: 38627 pred_wrong:373 actu_right: 38603 actu_wrong: 397
2026-07-12 13:48:34,931 P4091889 INFO pr:0.9313  rc:0.9457  auc:0.9935 ap:0.9782 f1: 0.9385 pred_right: 16369 pred_wrong:131 actu_right: 16371 actu_wrong: 129
2026-07-12 13:48:34,932 P4091889 INFO ----------------------------------------------------------------------------------------------------
2026-07-12 13:48:34,939 P4091889 INFO 80/300 starting... lr: 0.001 para:0.012345679104328156
2026-07-12 13:48:41,116 P4091889 INFO Epoch 80/300, all_loss:0.00278 cls_loss:0.00166 rec_loss:0.09198 [6.18s]; best loss:0.00230, patience : 6
2026-07-12 13:48:43,248 P4091889 INFO pr:0.9837  rc:0.9144  auc:0.9770 ap:0.9755 f1: 0.9478 pred_right: 38631 pred_wrong:369 actu_right: 38603 actu_wrong: 397
2026-07-12 13:48:44,096 P4091889 INFO pr:0.9762  rc:0.9535  auc:0.9898 ap:0.9789 f1: 0.9647 pred_right: 16374 pred_wrong:126 actu_right: 16371 actu_wrong: 129
2026-07-12 13:48:44,097 P4091889 INFO ----------------------------------------------------------------------------------------------------
2026-07-12 13:48:44,097 P4091889 INFO 81/300 starting... lr: 0.001 para:0.012195121496915817
2026-07-12 13:48:50,339 P4091889 INFO Epoch 81/300, all_loss:0.00816 cls_loss:0.00717 rec_loss:0.08798 [6.24s]; best loss:0.00230, patience : 7
2026-07-12 13:48:52,680 P4091889 INFO pr:0.9611  rc:0.9345  auc:0.9779 ap:0.9711 f1: 0.9476 pred_right: 38614 pred_wrong:386 actu_right: 38603 actu_wrong: 397
2026-07-12 13:48:53,661 P4091889 INFO pr:0.9394  rc:0.9612  auc:0.9979 ap:0.9813 f1: 0.9502 pred_right: 16368 pred_wrong:132 actu_right: 16371 actu_wrong: 129
2026-07-12 13:48:53,661 P4091889 INFO ----------------------------------------------------------------------------------------------------
2026-07-12 13:48:53,661 P4091889 INFO 82/300 starting... lr: 0.001 para:0.012048192322254181
2026-07-12 13:48:59,736 P4091889 INFO Epoch 82/300, all_loss:0.00347 cls_loss:0.00242 rec_loss:0.08932 [6.07s]; best loss:0.00230, patience : 7
2026-07-12 13:49:02,095 P4091889 INFO pr:0.8821  rc:0.9421  auc:0.9843 ap:0.9664 f1: 0.9111 pred_right: 38576 pred_wrong:424 actu_right: 38603 actu_wrong: 397
2026-07-12 13:49:03,118 P4091889 INFO pr:0.8129  rc:0.9767  auc:0.9947 ap:0.9590 f1: 0.8873 pred_right: 16345 pred_wrong:155 actu_right: 16371 actu_wrong: 129
2026-07-12 13:49:03,119 P4091889 INFO ----------------------------------------------------------------------------------------------------
2026-07-12 13:49:03,119 P4091889 INFO 83/300 starting... lr: 0.001 para:0.011904762126505375
2026-07-12 13:49:09,206 P4091889 INFO Epoch 83/300, all_loss:0.26136 cls_loss:0.26338 rec_loss:0.09421 [6.09s]; best loss:0.00230, patience : 8
2026-07-12 13:49:11,517 P4091889 INFO pr:0.9660  rc:0.9295  auc:0.9786 ap:0.9736 f1: 0.9474 pred_right: 38618 pred_wrong:382 actu_right: 38603 actu_wrong: 397
2026-07-12 13:49:12,605 P4091889 INFO pr:0.9104  rc:0.9457  auc:0.9939 ap:0.9724 f1: 0.9278 pred_right: 16366 pred_wrong:134 actu_right: 16371 actu_wrong: 129
2026-07-12 13:49:12,605 P4091889 INFO ----------------------------------------------------------------------------------------------------
2026-07-12 13:49:12,606 P4091889 INFO 84/300 starting... lr: 0.001 para:0.0117647061124444
2026-07-12 13:49:18,702 P4091889 INFO Epoch 84/300, all_loss:0.00445 cls_loss:0.00338 rec_loss:0.09413 [6.10s]; best loss:0.00230, patience : 8
2026-07-12 13:49:21,067 P4091889 INFO pr:0.9332  rc:0.9496  auc:0.9832 ap:0.9718 f1: 0.9413 pred_right: 38596 pred_wrong:404 actu_right: 38603 actu_wrong: 397
2026-07-12 13:49:22,030 P4091889 INFO pr:0.8777  rc:0.9457  auc:0.9950 ap:0.9661 f1: 0.9104 pred_right: 16361 pred_wrong:139 actu_right: 16371 actu_wrong: 129
2026-07-12 13:49:22,030 P4091889 INFO ----------------------------------------------------------------------------------------------------
2026-07-12 13:49:22,038 P4091889 INFO 85/300 starting... lr: 0.001 para:0.011627906933426857
2026-07-12 13:49:28,817 P4091889 INFO Epoch 85/300, all_loss:0.03282 cls_loss:0.03210 rec_loss:0.09403 [6.78s]; best loss:0.00230, patience : 9
2026-07-12 13:49:30,384 P4091889 INFO pr:0.9787  rc:0.9270  auc:0.9815 ap:0.9768 f1: 0.9521 pred_right: 38624 pred_wrong:376 actu_right: 38603 actu_wrong: 397
2026-07-12 13:49:31,060 P4091889 INFO pr:0.9606  rc:0.9457  auc:0.9901 ap:0.9809 f1: 0.9531 pred_right: 16373 pred_wrong:127 actu_right: 16371 actu_wrong: 129
2026-07-12 13:49:31,060 P4091889 INFO ----------------------------------------------------------------------------------------------------
2026-07-12 13:49:31,061 P4091889 INFO 86/300 starting... lr: 0.001 para:0.01149425283074379
2026-07-12 13:49:36,426 P4091889 INFO Epoch 86/300, all_loss:0.09996 cls_loss:0.09996 rec_loss:0.10046 [5.36s]; best loss:0.00230, patience : 10
2026-07-12 13:49:38,363 P4091889 INFO pr:0.9567  rc:0.9471  auc:0.9848 ap:0.9769 f1: 0.9519 pred_right: 38607 pred_wrong:393 actu_right: 38603 actu_wrong: 397
2026-07-12 13:49:39,114 P4091889 INFO pr:0.9071  rc:0.9845  auc:0.9979 ap:0.9790 f1: 0.9442 pred_right: 16360 pred_wrong:140 actu_right: 16371 actu_wrong: 129
2026-07-12 13:49:39,114 P4091889 INFO ----------------------------------------------------------------------------------------------------
2026-07-12 13:49:39,114 P4091889 INFO 87/300 starting... lr: 0.001 para:0.011363636702299118
2026-07-12 13:49:52,121 P4091889 INFO Epoch 87/300, all_loss:0.08719 cls_loss:0.08718 rec_loss:0.08806 [13.01s]; best loss:0.00230, patience : 10
2026-07-12 13:49:55,127 P4091889 INFO pr:0.9692  rc:0.9496  auc:0.9849 ap:0.9810 f1: 0.9593 pred_right: 38611 pred_wrong:389 actu_right: 38603 actu_wrong: 397
2026-07-12 13:49:56,321 P4091889 INFO pr:0.9118  rc:0.9612  auc:0.9884 ap:0.9756 f1: 0.9358 pred_right: 16364 pred_wrong:136 actu_right: 16371 actu_wrong: 129
2026-07-12 13:49:56,322 P4091889 INFO ----------------------------------------------------------------------------------------------------
2026-07-12 13:49:56,322 P4091889 INFO 88/300 starting... lr: 0.001 para:0.01123595517128706
2026-07-12 13:50:02,923 P4091889 INFO Epoch 88/300, all_loss:0.01043 cls_loss:0.00961 rec_loss:0.08250 [6.60s]; best loss:0.00230, patience : 10
2026-07-12 13:50:05,435 P4091889 INFO pr:0.9888  rc:0.8917  auc:0.9787 ap:0.9830 f1: 0.9377 pred_right: 38642 pred_wrong:358 actu_right: 38603 actu_wrong: 397
2026-07-12 13:50:06,419 P4091889 INFO pr:0.9752  rc:0.9147  auc:0.9849 ap:0.9813 f1: 0.9440 pred_right: 16379 pred_wrong:121 actu_right: 16371 actu_wrong: 129
2026-07-12 13:50:06,420 P4091889 INFO ----------------------------------------------------------------------------------------------------
2026-07-12 13:50:06,420 P4091889 INFO 89/300 starting... lr: 0.001 para:0.011111111380159855
2026-07-12 13:50:12,959 P4091889 INFO Epoch 89/300, all_loss:0.00891 cls_loss:0.00811 rec_loss:0.08077 [6.54s]; best loss:0.00230, patience : 10
2026-07-12 13:50:15,264 P4091889 INFO pr:0.9813  rc:0.9270  auc:0.9812 ap:0.9819 f1: 0.9534 pred_right: 38625 pred_wrong:375 actu_right: 38603 actu_wrong: 397
2026-07-12 13:50:16,227 P4091889 INFO pr:0.9685  rc:0.9535  auc:0.9941 ap:0.9879 f1: 0.9609 pred_right: 16373 pred_wrong:127 actu_right: 16371 actu_wrong: 129
2026-07-12 13:50:16,227 P4091889 INFO ----------------------------------------------------------------------------------------------------
2026-07-12 13:50:16,228 P4091889 INFO 90/300 starting... lr: 0.001 para:0.010989011265337467
2026-07-12 13:50:22,539 P4091889 INFO Epoch 90/300, all_loss:0.00103 cls_loss:0.00015 rec_loss:0.08011 [6.31s]; best loss:0.00103, patience : 0
2026-07-12 13:50:24,967 P4091889 INFO pr:0.9764  rc:0.9370  auc:0.9828 ap:0.9822 f1: 0.9563 pred_right: 38619 pred_wrong:381 actu_right: 38603 actu_wrong: 397
2026-07-12 13:50:25,902 P4091889 INFO pr:0.9549  rc:0.9845  auc:0.9960 ap:0.9864 f1: 0.9695 pred_right: 16367 pred_wrong:133 actu_right: 16371 actu_wrong: 129
2026-07-12 13:50:25,903 P4091889 INFO ----------------------------------------------------------------------------------------------------
2026-07-12 13:50:25,903 P4091889 INFO 91/300 starting... lr: 0.001 para:0.010869565419852734
2026-07-12 13:50:32,401 P4091889 INFO Epoch 91/300, all_loss:0.00085 cls_loss:0.00001 rec_loss:0.07652 [6.49s]; best loss:0.00085, patience : 0
2026-07-12 13:50:34,853 P4091889 INFO pr:0.9764  rc:0.9394  auc:0.9834 ap:0.9822 f1: 0.9575 pred_right: 38619 pred_wrong:381 actu_right: 38604 actu_wrong: 396
2026-07-12 13:50:35,874 P4091889 INFO pr:0.9478  rc:0.9845  auc:0.9960 ap:0.9865 f1: 0.9658 pred_right: 16366 pred_wrong:134 actu_right: 16371 actu_wrong: 129
2026-07-12 13:50:35,875 P4091889 INFO ----------------------------------------------------------------------------------------------------
2026-07-12 13:50:35,875 P4091889 INFO 92/300 starting... lr: 0.001 para:0.01075268816202879
2026-07-12 13:50:42,552 P4091889 INFO Epoch 92/300, all_loss:0.00081 cls_loss:0.00001 rec_loss:0.07389 [6.67s]; best loss:0.00081, patience : 0
2026-07-12 13:50:45,132 P4091889 INFO pr:0.9764  rc:0.9394  auc:0.9834 ap:0.9822 f1: 0.9575 pred_right: 38619 pred_wrong:381 actu_right: 38604 actu_wrong: 396
2026-07-12 13:50:46,071 P4091889 INFO pr:0.9478  rc:0.9845  auc:0.9980 ap:0.9865 f1: 0.9658 pred_right: 16366 pred_wrong:134 actu_right: 16371 actu_wrong: 129
2026-07-12 13:50:46,071 P4091889 INFO ----------------------------------------------------------------------------------------------------
2026-07-12 13:50:46,072 P4091889 INFO 93/300 starting... lr: 0.001 para:0.010638297535479069
2026-07-12 13:50:52,256 P4091889 INFO Epoch 93/300, all_loss:0.00078 cls_loss:0.00002 rec_loss:0.07140 [6.18s]; best loss:0.00078, patience : 0
2026-07-12 13:50:54,444 P4091889 INFO pr:0.9764  rc:0.9395  auc:0.9826 ap:0.9822 f1: 0.9576 pred_right: 38618 pred_wrong:382 actu_right: 38603 actu_wrong: 397
2026-07-12 13:50:55,554 P4091889 INFO pr:0.9545  rc:0.9767  auc:0.9980 ap:0.9864 f1: 0.9655 pred_right: 16368 pred_wrong:132 actu_right: 16371 actu_wrong: 129
2026-07-12 13:50:55,555 P4091889 INFO ----------------------------------------------------------------------------------------------------
2026-07-12 13:50:55,555 P4091889 INFO 94/300 starting... lr: 0.001 para:0.010526316240429878
2026-07-12 13:51:02,499 P4091889 INFO Epoch 94/300, all_loss:0.00075 cls_loss:0.00002 rec_loss:0.06933 [6.94s]; best loss:0.00075, patience : 0
2026-07-12 13:51:04,198 P4091889 INFO pr:0.9764  rc:0.9395  auc:0.9829 ap:0.9823 f1: 0.9576 pred_right: 38618 pred_wrong:382 actu_right: 38603 actu_wrong: 397
2026-07-12 13:51:04,931 P4091889 INFO pr:0.9545  rc:0.9767  auc:0.9980 ap:0.9864 f1: 0.9655 pred_right: 16368 pred_wrong:132 actu_right: 16371 actu_wrong: 129
2026-07-12 13:51:04,932 P4091889 INFO ----------------------------------------------------------------------------------------------------
2026-07-12 13:51:04,932 P4091889 INFO 95/300 starting... lr: 0.001 para:0.010416666977107525
2026-07-12 13:51:10,886 P4091889 INFO Epoch 95/300, all_loss:0.00072 cls_loss:0.00002 rec_loss:0.06732 [5.95s]; best loss:0.00072, patience : 0
2026-07-12 13:51:13,627 P4091889 INFO pr:0.9764  rc:0.9395  auc:0.9827 ap:0.9822 f1: 0.9576 pred_right: 38618 pred_wrong:382 actu_right: 38603 actu_wrong: 397
2026-07-12 13:51:15,843 P4091889 INFO pr:0.9545  rc:0.9767  auc:0.9980 ap:0.9828 f1: 0.9655 pred_right: 16368 pred_wrong:132 actu_right: 16371 actu_wrong: 129
2026-07-12 13:51:15,844 P4091889 INFO ----------------------------------------------------------------------------------------------------
2026-07-12 13:51:15,844 P4091889 INFO 96/300 starting... lr: 0.001 para:0.010309278033673763
2026-07-12 13:51:28,321 P4091889 INFO Epoch 96/300, all_loss:0.00069 cls_loss:0.00002 rec_loss:0.06540 [12.47s]; best loss:0.00069, patience : 0
2026-07-12 13:51:30,890 P4091889 INFO pr:0.9764  rc:0.9394  auc:0.9826 ap:0.9822 f1: 0.9575 pred_right: 38619 pred_wrong:381 actu_right: 38604 actu_wrong: 396
2026-07-12 13:51:32,023 P4091889 INFO pr:0.9545  rc:0.9767  auc:0.9980 ap:0.9828 f1: 0.9655 pred_right: 16368 pred_wrong:132 actu_right: 16371 actu_wrong: 129
2026-07-12 13:51:32,024 P4091889 INFO ----------------------------------------------------------------------------------------------------
2026-07-12 13:51:32,024 P4091889 INFO 97/300 starting... lr: 0.001 para:0.010204081423580647
2026-07-12 13:51:38,748 P4091889 INFO Epoch 97/300, all_loss:0.00067 cls_loss:0.00002 rec_loss:0.06357 [6.72s]; best loss:0.00067, patience : 0
2026-07-12 13:51:40,946 P4091889 INFO pr:0.9764  rc:0.9395  auc:0.9826 ap:0.9823 f1: 0.9576 pred_right: 38618 pred_wrong:382 actu_right: 38603 actu_wrong: 397
2026-07-12 13:51:42,015 P4091889 INFO pr:0.9545  rc:0.9767  auc:0.9980 ap:0.9862 f1: 0.9655 pred_right: 16368 pred_wrong:132 actu_right: 16371 actu_wrong: 129
2026-07-12 13:51:42,016 P4091889 INFO ----------------------------------------------------------------------------------------------------
2026-07-12 13:51:42,016 P4091889 INFO 98/300 starting... lr: 0.001 para:0.010101010091602802
2026-07-12 13:51:48,573 P4091889 INFO Epoch 98/300, all_loss:0.00065 cls_loss:0.00002 rec_loss:0.06202 [6.55s]; best loss:0.00065, patience : 0
2026-07-12 13:51:51,037 P4091889 INFO pr:0.9764  rc:0.9395  auc:0.9825 ap:0.9823 f1: 0.9576 pred_right: 38618 pred_wrong:382 actu_right: 38603 actu_wrong: 397
2026-07-12 13:51:52,115 P4091889 INFO pr:0.9545  rc:0.9767  auc:0.9980 ap:0.9861 f1: 0.9655 pred_right: 16368 pred_wrong:132 actu_right: 16371 actu_wrong: 129
2026-07-12 13:51:52,116 P4091889 INFO ----------------------------------------------------------------------------------------------------
2026-07-12 13:51:52,119 P4091889 INFO 99/300 starting... lr: 0.001 para:0.01
2026-07-12 13:51:58,846 P4091889 INFO Epoch 99/300, all_loss:0.00063 cls_loss:0.00002 rec_loss:0.06046 [6.72s]; best loss:0.00063, patience : 0
2026-07-12 13:52:01,328 P4091889 INFO pr:0.9764  rc:0.9395  auc:0.9825 ap:0.9823 f1: 0.9576 pred_right: 38618 pred_wrong:382 actu_right: 38603 actu_wrong: 397
2026-07-12 13:52:02,237 P4091889 INFO pr:0.9545  rc:0.9767  auc:0.9980 ap:0.9861 f1: 0.9655 pred_right: 16368 pred_wrong:132 actu_right: 16371 actu_wrong: 129
2026-07-12 13:52:02,238 P4091889 INFO ----------------------------------------------------------------------------------------------------
2026-07-12 13:52:02,238 P4091889 INFO 100/300 starting... lr: 0.0009000000000000001 para:0.01
2026-07-12 13:52:08,725 P4091889 INFO Epoch 100/300, all_loss:0.00061 cls_loss:0.00002 rec_loss:0.05913 [6.48s]; best loss:0.00061, patience : 0
2026-07-12 13:52:11,129 P4091889 INFO pr:0.9790  rc:0.9395  auc:0.9818 ap:0.9822 f1: 0.9589 pred_right: 38619 pred_wrong:381 actu_right: 38603 actu_wrong: 397
2026-07-12 13:52:12,058 P4091889 INFO pr:0.9545  rc:0.9767  auc:0.9980 ap:0.9861 f1: 0.9655 pred_right: 16368 pred_wrong:132 actu_right: 16371 actu_wrong: 129
2026-07-12 13:52:12,058 P4091889 INFO ----------------------------------------------------------------------------------------------------
2026-07-12 13:52:12,058 P4091889 INFO 101/300 starting... lr: 0.0009000000000000001 para:0.01
2026-07-12 13:52:18,533 P4091889 INFO Epoch 101/300, all_loss:0.00060 cls_loss:0.00002 rec_loss:0.05777 [6.47s]; best loss:0.00060, patience : 0
2026-07-12 13:52:20,990 P4091889 INFO pr:0.9764  rc:0.9395  auc:0.9824 ap:0.9823 f1: 0.9576 pred_right: 38618 pred_wrong:382 actu_right: 38603 actu_wrong: 397
2026-07-12 13:52:21,950 P4091889 INFO pr:0.9545  rc:0.9767  auc:0.9999 ap:0.9862 f1: 0.9655 pred_right: 16368 pred_wrong:132 actu_right: 16371 actu_wrong: 129
2026-07-12 13:52:21,950 P4091889 INFO ----------------------------------------------------------------------------------------------------
2026-07-12 13:52:21,951 P4091889 INFO 102/300 starting... lr: 0.0009000000000000001 para:0.01
2026-07-12 13:52:28,504 P4091889 INFO Epoch 102/300, all_loss:0.00059 cls_loss:0.00002 rec_loss:0.05667 [6.55s]; best loss:0.00059, patience : 0
2026-07-12 13:52:31,910 P4091889 INFO pr:0.9790  rc:0.9395  auc:0.9815 ap:0.9822 f1: 0.9589 pred_right: 38619 pred_wrong:381 actu_right: 38603 actu_wrong: 397
2026-07-12 13:52:32,644 P4091889 INFO pr:0.9545  rc:0.9767  auc:0.9960 ap:0.9859 f1: 0.9655 pred_right: 16368 pred_wrong:132 actu_right: 16371 actu_wrong: 129
2026-07-12 13:52:32,644 P4091889 INFO ----------------------------------------------------------------------------------------------------
2026-07-12 13:52:32,644 P4091889 INFO 103/300 starting... lr: 0.0009000000000000001 para:0.01
2026-07-12 13:52:37,613 P4091889 INFO Epoch 103/300, all_loss:0.00058 cls_loss:0.00002 rec_loss:0.05555 [4.96s]; best loss:0.00058, patience : 0
2026-07-12 13:52:39,629 P4091889 INFO pr:0.9790  rc:0.9395  auc:0.9813 ap:0.9822 f1: 0.9589 pred_right: 38619 pred_wrong:381 actu_right: 38603 actu_wrong: 397
2026-07-12 13:52:40,552 P4091889 INFO pr:0.9618  rc:0.9767  auc:0.9960 ap:0.9857 f1: 0.9692 pred_right: 16369 pred_wrong:131 actu_right: 16371 actu_wrong: 129
2026-07-12 13:52:40,552 P4091889 INFO ----------------------------------------------------------------------------------------------------
2026-07-12 13:52:40,553 P4091889 INFO 104/300 starting... lr: 0.0009000000000000001 para:0.01
2026-07-12 13:52:49,739 P4091889 INFO Epoch 104/300, all_loss:0.00057 cls_loss:0.00002 rec_loss:0.05441 [9.18s]; best loss:0.00057, patience : 0
2026-07-12 13:52:55,201 P4091889 INFO pr:0.9790  rc:0.9395  auc:0.9812 ap:0.9822 f1: 0.9589 pred_right: 38619 pred_wrong:381 actu_right: 38603 actu_wrong: 397
2026-07-12 13:52:57,026 P4091889 INFO pr:0.9545  rc:0.9767  auc:0.9960 ap:0.9858 f1: 0.9655 pred_right: 16368 pred_wrong:132 actu_right: 16371 actu_wrong: 129
2026-07-12 13:52:57,027 P4091889 INFO ----------------------------------------------------------------------------------------------------
2026-07-12 13:52:57,027 P4091889 INFO 105/300 starting... lr: 0.0009000000000000001 para:0.01
2026-07-12 13:53:04,636 P4091889 INFO Epoch 105/300, all_loss:0.00055 cls_loss:0.00002 rec_loss:0.05320 [7.60s]; best loss:0.00055, patience : 0
2026-07-12 13:53:07,188 P4091889 INFO pr:0.9790  rc:0.9395  auc:0.9811 ap:0.9822 f1: 0.9589 pred_right: 38619 pred_wrong:381 actu_right: 38603 actu_wrong: 397
2026-07-12 13:53:08,330 P4091889 INFO pr:0.9545  rc:0.9767  auc:0.9960 ap:0.9858 f1: 0.9655 pred_right: 16368 pred_wrong:132 actu_right: 16371 actu_wrong: 129
2026-07-12 13:53:08,331 P4091889 INFO ----------------------------------------------------------------------------------------------------
2026-07-12 13:53:08,331 P4091889 INFO 106/300 starting... lr: 0.0009000000000000001 para:0.01
2026-07-12 13:53:14,928 P4091889 INFO Epoch 106/300, all_loss:0.00054 cls_loss:0.00002 rec_loss:0.05211 [6.59s]; best loss:0.00054, patience : 0
2026-07-12 13:53:17,449 P4091889 INFO pr:0.9764  rc:0.9395  auc:0.9811 ap:0.9821 f1: 0.9576 pred_right: 38618 pred_wrong:382 actu_right: 38603 actu_wrong: 397
2026-07-12 13:53:18,517 P4091889 INFO pr:0.9545  rc:0.9767  auc:0.9960 ap:0.9857 f1: 0.9655 pred_right: 16368 pred_wrong:132 actu_right: 16371 actu_wrong: 129
2026-07-12 13:53:18,517 P4091889 INFO ----------------------------------------------------------------------------------------------------
2026-07-12 13:53:18,517 P4091889 INFO 107/300 starting... lr: 0.0009000000000000001 para:0.01
2026-07-12 13:53:25,163 P4091889 INFO Epoch 107/300, all_loss:0.00053 cls_loss:0.00002 rec_loss:0.05106 [6.64s]; best loss:0.00053, patience : 0
2026-07-12 13:53:27,558 P4091889 INFO pr:0.9764  rc:0.9394  auc:0.9816 ap:0.9820 f1: 0.9575 pred_right: 38619 pred_wrong:381 actu_right: 38604 actu_wrong: 396
2026-07-12 13:53:28,683 P4091889 INFO pr:0.9545  rc:0.9767  auc:0.9960 ap:0.9854 f1: 0.9655 pred_right: 16368 pred_wrong:132 actu_right: 16371 actu_wrong: 129
2026-07-12 13:53:28,684 P4091889 INFO ----------------------------------------------------------------------------------------------------
2026-07-12 13:53:28,684 P4091889 INFO 108/300 starting... lr: 0.0009000000000000001 para:0.01
2026-07-12 13:53:35,160 P4091889 INFO Epoch 108/300, all_loss:0.00052 cls_loss:0.00002 rec_loss:0.05028 [6.47s]; best loss:0.00052, patience : 0
2026-07-12 13:53:37,588 P4091889 INFO pr:0.9764  rc:0.9395  auc:0.9816 ap:0.9820 f1: 0.9576 pred_right: 38618 pred_wrong:382 actu_right: 38603 actu_wrong: 397
2026-07-12 13:53:38,600 P4091889 INFO pr:0.9618  rc:0.9767  auc:0.9960 ap:0.9852 f1: 0.9692 pred_right: 16369 pred_wrong:131 actu_right: 16371 actu_wrong: 129
2026-07-12 13:53:38,601 P4091889 INFO ----------------------------------------------------------------------------------------------------
2026-07-12 13:53:38,601 P4091889 INFO 109/300 starting... lr: 0.0009000000000000001 para:0.01
2026-07-12 13:53:45,155 P4091889 INFO Epoch 109/300, all_loss:0.00051 cls_loss:0.00002 rec_loss:0.04919 [6.55s]; best loss:0.00051, patience : 0
2026-07-12 13:53:47,487 P4091889 INFO pr:0.9764  rc:0.9394  auc:0.9816 ap:0.9819 f1: 0.9575 pred_right: 38619 pred_wrong:381 actu_right: 38604 actu_wrong: 396
2026-07-12 13:53:48,525 P4091889 INFO pr:0.9618  rc:0.9767  auc:0.9960 ap:0.9852 f1: 0.9692 pred_right: 16369 pred_wrong:131 actu_right: 16371 actu_wrong: 129
2026-07-12 13:53:48,526 P4091889 INFO ----------------------------------------------------------------------------------------------------
2026-07-12 13:53:48,526 P4091889 INFO 110/300 starting... lr: 0.0009000000000000001 para:0.01
2026-07-12 13:53:54,941 P4091889 INFO Epoch 110/300, all_loss:0.00051 cls_loss:0.00002 rec_loss:0.04851 [6.41s]; best loss:0.00051, patience : 0
2026-07-12 13:53:57,389 P4091889 INFO pr:0.9789  rc:0.9394  auc:0.9809 ap:0.9818 f1: 0.9588 pred_right: 38620 pred_wrong:380 actu_right: 38604 actu_wrong: 396
2026-07-12 13:53:58,431 P4091889 INFO pr:0.9618  rc:0.9767  auc:0.9960 ap:0.9810 f1: 0.9692 pred_right: 16369 pred_wrong:131 actu_right: 16371 actu_wrong: 129
2026-07-12 13:53:58,432 P4091889 INFO ----------------------------------------------------------------------------------------------------
2026-07-12 13:53:58,432 P4091889 INFO 111/300 starting... lr: 0.0009000000000000001 para:0.01
2026-07-12 13:54:05,763 P4091889 INFO Epoch 111/300, all_loss:0.00049 cls_loss:0.00002 rec_loss:0.04740 [7.33s]; best loss:0.00049, patience : 0
2026-07-12 13:54:07,626 P4091889 INFO pr:0.9790  rc:0.9395  auc:0.9809 ap:0.9819 f1: 0.9589 pred_right: 38619 pred_wrong:381 actu_right: 38603 actu_wrong: 397
2026-07-12 13:54:08,370 P4091889 INFO pr:0.9692  rc:0.9767  auc:0.9956 ap:0.9832 f1: 0.9730 pred_right: 16370 pred_wrong:130 actu_right: 16371 actu_wrong: 129
2026-07-12 13:54:08,370 P4091889 INFO ----------------------------------------------------------------------------------------------------
2026-07-12 13:54:08,371 P4091889 INFO 112/300 starting... lr: 0.0009000000000000001 para:0.01
2026-07-12 13:54:14,336 P4091889 INFO Epoch 112/300, all_loss:0.00048 cls_loss:0.00002 rec_loss:0.04644 [5.96s]; best loss:0.00048, patience : 0
2026-07-12 13:54:16,568 P4091889 INFO pr:0.9816  rc:0.9395  auc:0.9808 ap:0.9831 f1: 0.9601 pred_right: 38620 pred_wrong:380 actu_right: 38603 actu_wrong: 397
2026-07-12 13:54:18,047 P4091889 INFO pr:0.9692  rc:0.9767  auc:0.9931 ap:0.9831 f1: 0.9730 pred_right: 16370 pred_wrong:130 actu_right: 16371 actu_wrong: 129
2026-07-12 13:54:18,048 P4091889 INFO ----------------------------------------------------------------------------------------------------
2026-07-12 13:54:18,048 P4091889 INFO 113/300 starting... lr: 0.0009000000000000001 para:0.01
2026-07-12 13:54:30,786 P4091889 INFO Epoch 113/300, all_loss:0.00048 cls_loss:0.00002 rec_loss:0.04564 [12.73s]; best loss:0.00048, patience : 0
2026-07-12 13:54:33,369 P4091889 INFO pr:0.9816  rc:0.9395  auc:0.9808 ap:0.9817 f1: 0.9601 pred_right: 38620 pred_wrong:380 actu_right: 38603 actu_wrong: 397
2026-07-12 13:54:34,527 P4091889 INFO pr:0.9618  rc:0.9767  auc:0.9956 ap:0.9796 f1: 0.9692 pred_right: 16369 pred_wrong:131 actu_right: 16371 actu_wrong: 129
2026-07-12 13:54:34,528 P4091889 INFO ----------------------------------------------------------------------------------------------------
2026-07-12 13:54:34,528 P4091889 INFO 114/300 starting... lr: 0.0009000000000000001 para:0.01
2026-07-12 13:54:41,197 P4091889 INFO Epoch 114/300, all_loss:0.00047 cls_loss:0.00002 rec_loss:0.04507 [6.67s]; best loss:0.00047, patience : 0
2026-07-12 13:54:43,757 P4091889 INFO pr:0.9816  rc:0.9395  auc:0.9808 ap:0.9830 f1: 0.9601 pred_right: 38620 pred_wrong:380 actu_right: 38603 actu_wrong: 397
2026-07-12 13:54:44,878 P4091889 INFO pr:0.9618  rc:0.9767  auc:0.9927 ap:0.9832 f1: 0.9692 pred_right: 16369 pred_wrong:131 actu_right: 16371 actu_wrong: 129
2026-07-12 13:54:44,879 P4091889 INFO ----------------------------------------------------------------------------------------------------
2026-07-12 13:54:44,879 P4091889 INFO 115/300 starting... lr: 0.0009000000000000001 para:0.01
2026-07-12 13:54:51,428 P4091889 INFO Epoch 115/300, all_loss:0.00046 cls_loss:0.00002 rec_loss:0.04420 [6.55s]; best loss:0.00046, patience : 0
2026-07-12 13:54:53,773 P4091889 INFO pr:0.9816  rc:0.9395  auc:0.9808 ap:0.9829 f1: 0.9601 pred_right: 38620 pred_wrong:380 actu_right: 38603 actu_wrong: 397
2026-07-12 13:54:54,754 P4091889 INFO pr:0.9618  rc:0.9767  auc:0.9926 ap:0.9830 f1: 0.9692 pred_right: 16369 pred_wrong:131 actu_right: 16371 actu_wrong: 129
2026-07-12 13:54:54,755 P4091889 INFO ----------------------------------------------------------------------------------------------------
2026-07-12 13:54:54,755 P4091889 INFO 116/300 starting... lr: 0.0009000000000000001 para:0.01
2026-07-12 13:55:01,145 P4091889 INFO Epoch 116/300, all_loss:0.00044 cls_loss:0.00001 rec_loss:0.04307 [6.39s]; best loss:0.00044, patience : 0
2026-07-12 13:55:03,694 P4091889 INFO pr:0.9816  rc:0.9395  auc:0.9808 ap:0.9828 f1: 0.9601 pred_right: 38620 pred_wrong:380 actu_right: 38603 actu_wrong: 397
2026-07-12 13:55:04,735 P4091889 INFO pr:0.9692  rc:0.9767  auc:0.9925 ap:0.9831 f1: 0.9730 pred_right: 16370 pred_wrong:130 actu_right: 16371 actu_wrong: 129
2026-07-12 13:55:04,736 P4091889 INFO ----------------------------------------------------------------------------------------------------
2026-07-12 13:55:04,736 P4091889 INFO 117/300 starting... lr: 0.0009000000000000001 para:0.01
2026-07-12 13:55:11,149 P4091889 INFO Epoch 117/300, all_loss:0.00044 cls_loss:0.00001 rec_loss:0.04245 [6.41s]; best loss:0.00044, patience : 0
2026-07-12 13:55:13,547 P4091889 INFO pr:0.9841  rc:0.9370  auc:0.9801 ap:0.9826 f1: 0.9600 pred_right: 38622 pred_wrong:378 actu_right: 38603 actu_wrong: 397
2026-07-12 13:55:14,546 P4091889 INFO pr:0.9692  rc:0.9767  auc:0.9923 ap:0.9831 f1: 0.9730 pred_right: 16370 pred_wrong:130 actu_right: 16371 actu_wrong: 129
2026-07-12 13:55:14,547 P4091889 INFO ----------------------------------------------------------------------------------------------------
2026-07-12 13:55:14,547 P4091889 INFO 118/300 starting... lr: 0.0009000000000000001 para:0.01
2026-07-12 13:55:20,990 P4091889 INFO Epoch 118/300, all_loss:0.00044 cls_loss:0.00001 rec_loss:0.04212 [6.44s]; best loss:0.00044, patience : 0
2026-07-12 13:55:23,408 P4091889 INFO pr:0.9842  rc:0.9395  auc:0.9800 ap:0.9827 f1: 0.9613 pred_right: 38621 pred_wrong:379 actu_right: 38603 actu_wrong: 397
2026-07-12 13:55:24,527 P4091889 INFO pr:0.9692  rc:0.9767  auc:0.9922 ap:0.9832 f1: 0.9730 pred_right: 16370 pred_wrong:130 actu_right: 16371 actu_wrong: 129
2026-07-12 13:55:24,533 P4091889 INFO ----------------------------------------------------------------------------------------------------
2026-07-12 13:55:24,533 P4091889 INFO 119/300 starting... lr: 0.0009000000000000001 para:0.01
2026-07-12 13:55:31,078 P4091889 INFO Epoch 119/300, all_loss:0.00043 cls_loss:0.00002 rec_loss:0.04128 [6.54s]; best loss:0.00043, patience : 0
2026-07-12 13:55:33,384 P4091889 INFO pr:0.9841  rc:0.9394  auc:0.9806 ap:0.9826 f1: 0.9612 pred_right: 38622 pred_wrong:378 actu_right: 38604 actu_wrong: 396
2026-07-12 13:55:34,346 P4091889 INFO pr:0.9692  rc:0.9767  auc:0.9922 ap:0.9830 f1: 0.9730 pred_right: 16370 pred_wrong:130 actu_right: 16371 actu_wrong: 129
2026-07-12 13:55:34,347 P4091889 INFO ----------------------------------------------------------------------------------------------------
2026-07-12 13:55:34,347 P4091889 INFO 120/300 starting... lr: 0.0009000000000000001 para:0.01
2026-07-12 13:55:41,296 P4091889 INFO Epoch 120/300, all_loss:0.00042 cls_loss:0.00001 rec_loss:0.04072 [6.95s]; best loss:0.00042, patience : 0
2026-07-12 13:55:43,037 P4091889 INFO pr:0.9842  rc:0.9395  auc:0.9795 ap:0.9826 f1: 0.9613 pred_right: 38621 pred_wrong:379 actu_right: 38603 actu_wrong: 397
2026-07-12 13:55:43,820 P4091889 INFO pr:0.9618  rc:0.9767  auc:0.9922 ap:0.9793 f1: 0.9692 pred_right: 16369 pred_wrong:131 actu_right: 16371 actu_wrong: 129
2026-07-12 13:55:43,824 P4091889 INFO ----------------------------------------------------------------------------------------------------
2026-07-12 13:55:43,824 P4091889 INFO 121/300 starting... lr: 0.0009000000000000001 para:0.01
2026-07-12 13:55:49,713 P4091889 INFO Epoch 121/300, all_loss:0.00041 cls_loss:0.00001 rec_loss:0.04005 [5.89s]; best loss:0.00041, patience : 0
2026-07-12 13:55:52,438 P4091889 INFO pr:0.9842  rc:0.9395  auc:0.9794 ap:0.9823 f1: 0.9613 pred_right: 38621 pred_wrong:379 actu_right: 38603 actu_wrong: 397
2026-07-12 13:55:55,002 P4091889 INFO pr:0.9692  rc:0.9767  auc:0.9902 ap:0.9831 f1: 0.9730 pred_right: 16370 pred_wrong:130 actu_right: 16371 actu_wrong: 129
2026-07-12 13:55:55,013 P4091889 INFO ----------------------------------------------------------------------------------------------------
2026-07-12 13:55:55,013 P4091889 INFO 122/300 starting... lr: 0.0009000000000000001 para:0.01
2026-07-12 13:56:06,562 P4091889 INFO Epoch 122/300, all_loss:0.00041 cls_loss:0.00002 rec_loss:0.03905 [11.54s]; best loss:0.00041, patience : 0
2026-07-12 13:56:08,975 P4091889 INFO pr:0.9841  rc:0.9394  auc:0.9801 ap:0.9822 f1: 0.9612 pred_right: 38622 pred_wrong:378 actu_right: 38604 actu_wrong: 396
2026-07-12 13:56:09,922 P4091889 INFO pr:0.9692  rc:0.9767  auc:0.9902 ap:0.9830 f1: 0.9730 pred_right: 16370 pred_wrong:130 actu_right: 16371 actu_wrong: 129
2026-07-12 13:56:09,922 P4091889 INFO ----------------------------------------------------------------------------------------------------
2026-07-12 13:56:09,922 P4091889 INFO 123/300 starting... lr: 0.0009000000000000001 para:0.01
2026-07-12 13:56:16,488 P4091889 INFO Epoch 123/300, all_loss:0.00040 cls_loss:0.00001 rec_loss:0.03919 [6.56s]; best loss:0.00040, patience : 0
2026-07-12 13:56:19,130 P4091889 INFO pr:0.9842  rc:0.9395  auc:0.9800 ap:0.9821 f1: 0.9613 pred_right: 38621 pred_wrong:379 actu_right: 38603 actu_wrong: 397
2026-07-12 13:56:20,052 P4091889 INFO pr:0.9618  rc:0.9767  auc:0.9902 ap:0.9828 f1: 0.9692 pred_right: 16369 pred_wrong:131 actu_right: 16371 actu_wrong: 129
2026-07-12 13:56:20,056 P4091889 INFO ----------------------------------------------------------------------------------------------------
2026-07-12 13:56:20,056 P4091889 INFO 124/300 starting... lr: 0.0009000000000000001 para:0.01
2026-07-12 13:56:26,358 P4091889 INFO Epoch 124/300, all_loss:0.00040 cls_loss:0.00001 rec_loss:0.03901 [6.30s]; best loss:0.00040, patience : 0
2026-07-12 13:56:28,611 P4091889 INFO pr:0.9841  rc:0.9370  auc:0.9781 ap:0.9817 f1: 0.9600 pred_right: 38622 pred_wrong:378 actu_right: 38603 actu_wrong: 397
2026-07-12 13:56:29,586 P4091889 INFO pr:0.9692  rc:0.9767  auc:0.9902 ap:0.9829 f1: 0.9730 pred_right: 16370 pred_wrong:130 actu_right: 16371 actu_wrong: 129
2026-07-12 13:56:29,587 P4091889 INFO ----------------------------------------------------------------------------------------------------
2026-07-12 13:56:29,587 P4091889 INFO 125/300 starting... lr: 0.0009000000000000001 para:0.01
2026-07-12 13:56:35,721 P4091889 INFO Epoch 125/300, all_loss:0.00039 cls_loss:0.00001 rec_loss:0.03729 [6.13s]; best loss:0.00039, patience : 0
2026-07-12 13:56:38,059 P4091889 INFO pr:0.9842  rc:0.9395  auc:0.9781 ap:0.9818 f1: 0.9613 pred_right: 38621 pred_wrong:379 actu_right: 38603 actu_wrong: 397
2026-07-12 13:56:39,049 P4091889 INFO pr:0.9618  rc:0.9767  auc:0.9902 ap:0.9791 f1: 0.9692 pred_right: 16369 pred_wrong:131 actu_right: 16371 actu_wrong: 129
2026-07-12 13:56:39,053 P4091889 INFO ----------------------------------------------------------------------------------------------------
2026-07-12 13:56:39,053 P4091889 INFO 126/300 starting... lr: 0.0009000000000000001 para:0.01
2026-07-12 13:56:45,523 P4091889 INFO Epoch 126/300, all_loss:0.00038 cls_loss:0.00001 rec_loss:0.03706 [6.47s]; best loss:0.00038, patience : 0
2026-07-12 13:56:47,923 P4091889 INFO pr:0.9893  rc:0.9369  auc:0.9778 ap:0.9807 f1: 0.9624 pred_right: 38625 pred_wrong:375 actu_right: 38604 actu_wrong: 396
2026-07-12 13:56:48,854 P4091889 INFO pr:0.9692  rc:0.9767  auc:0.9902 ap:0.9829 f1: 0.9730 pred_right: 16370 pred_wrong:130 actu_right: 16371 actu_wrong: 129
2026-07-12 13:56:48,858 P4091889 INFO ----------------------------------------------------------------------------------------------------
2026-07-12 13:56:48,858 P4091889 INFO 127/300 starting... lr: 0.0009000000000000001 para:0.01
2026-07-12 13:56:55,102 P4091889 INFO Epoch 127/300, all_loss:0.00038 cls_loss:0.00001 rec_loss:0.03723 [6.24s]; best loss:0.00038, patience : 1
2026-07-12 13:56:57,485 P4091889 INFO pr:0.9842  rc:0.9395  auc:0.9780 ap:0.9815 f1: 0.9613 pred_right: 38621 pred_wrong:379 actu_right: 38603 actu_wrong: 397
2026-07-12 13:56:58,437 P4091889 INFO pr:0.9692  rc:0.9767  auc:0.9902 ap:0.9792 f1: 0.9730 pred_right: 16370 pred_wrong:130 actu_right: 16371 actu_wrong: 129
2026-07-12 13:56:58,437 P4091889 INFO ----------------------------------------------------------------------------------------------------
2026-07-12 13:56:58,438 P4091889 INFO 128/300 starting... lr: 0.0009000000000000001 para:0.01
2026-07-12 13:57:04,749 P4091889 INFO Epoch 128/300, all_loss:0.00037 cls_loss:0.00001 rec_loss:0.03678 [6.31s]; best loss:0.00037, patience : 0
2026-07-12 13:57:06,930 P4091889 INFO pr:0.9842  rc:0.9395  auc:0.9780 ap:0.9815 f1: 0.9613 pred_right: 38621 pred_wrong:379 actu_right: 38603 actu_wrong: 397
2026-07-12 13:57:07,863 P4091889 INFO pr:0.9692  rc:0.9767  auc:0.9902 ap:0.9827 f1: 0.9730 pred_right: 16370 pred_wrong:130 actu_right: 16371 actu_wrong: 129
2026-07-12 13:57:07,863 P4091889 INFO ----------------------------------------------------------------------------------------------------
2026-07-12 13:57:07,863 P4091889 INFO 129/300 starting... lr: 0.0009000000000000001 para:0.01
2026-07-12 13:57:14,542 P4091889 INFO Epoch 129/300, all_loss:0.00037 cls_loss:0.00001 rec_loss:0.03569 [6.68s]; best loss:0.00037, patience : 0
2026-07-12 13:57:16,358 P4091889 INFO pr:0.9867  rc:0.9370  auc:0.9757 ap:0.9803 f1: 0.9612 pred_right: 38623 pred_wrong:377 actu_right: 38603 actu_wrong: 397
2026-07-12 13:57:17,269 P4091889 INFO pr:0.9692  rc:0.9767  auc:0.9902 ap:0.9825 f1: 0.9730 pred_right: 16370 pred_wrong:130 actu_right: 16371 actu_wrong: 129
2026-07-12 13:57:17,269 P4091889 INFO ----------------------------------------------------------------------------------------------------
2026-07-12 13:57:17,270 P4091889 INFO 130/300 starting... lr: 0.0009000000000000001 para:0.01
2026-07-12 13:57:23,187 P4091889 INFO Epoch 130/300, all_loss:0.00035 cls_loss:0.00001 rec_loss:0.03442 [5.91s]; best loss:0.00035, patience : 0
2026-07-12 13:57:27,603 P4091889 INFO pr:0.9815  rc:0.9394  auc:0.9786 ap:0.9815 f1: 0.9600 pred_right: 38621 pred_wrong:379 actu_right: 38604 actu_wrong: 396
2026-07-12 13:57:29,182 P4091889 INFO pr:0.9474  rc:0.9767  auc:0.9903 ap:0.9789 f1: 0.9618 pred_right: 16367 pred_wrong:133 actu_right: 16371 actu_wrong: 129
2026-07-12 13:57:29,183 P4091889 INFO ----------------------------------------------------------------------------------------------------
2026-07-12 13:57:29,183 P4091889 INFO 131/300 starting... lr: 0.0009000000000000001 para:0.01
2026-07-12 13:57:39,960 P4091889 INFO Epoch 131/300, all_loss:0.00036 cls_loss:0.00000 rec_loss:0.03572 [10.78s]; best loss:0.00035, patience : 1
2026-07-12 13:57:42,518 P4091889 INFO pr:0.9841  rc:0.9394  auc:0.9777 ap:0.9811 f1: 0.9612 pred_right: 38622 pred_wrong:378 actu_right: 38604 actu_wrong: 396
2026-07-12 13:57:43,475 P4091889 INFO pr:0.9692  rc:0.9767  auc:0.9902 ap:0.9826 f1: 0.9730 pred_right: 16370 pred_wrong:130 actu_right: 16371 actu_wrong: 129
2026-07-12 13:57:43,476 P4091889 INFO ----------------------------------------------------------------------------------------------------
2026-07-12 13:57:43,476 P4091889 INFO 132/300 starting... lr: 0.0009000000000000001 para:0.01
2026-07-12 13:57:49,680 P4091889 INFO Epoch 132/300, all_loss:0.00035 cls_loss:0.00001 rec_loss:0.03429 [6.20s]; best loss:0.00035, patience : 0
2026-07-12 13:57:51,913 P4091889 INFO pr:0.9842  rc:0.9395  auc:0.9774 ap:0.9808 f1: 0.9613 pred_right: 38621 pred_wrong:379 actu_right: 38603 actu_wrong: 397
2026-07-12 13:57:52,850 P4091889 INFO pr:0.9692  rc:0.9767  auc:0.9902 ap:0.9826 f1: 0.9730 pred_right: 16370 pred_wrong:130 actu_right: 16371 actu_wrong: 129
2026-07-12 13:57:52,851 P4091889 INFO ----------------------------------------------------------------------------------------------------
2026-07-12 13:57:52,858 P4091889 INFO 133/300 starting... lr: 0.0009000000000000001 para:0.01
2026-07-12 13:57:59,193 P4091889 INFO Epoch 133/300, all_loss:0.00035 cls_loss:0.00001 rec_loss:0.03433 [6.33s]; best loss:0.00035, patience : 0
2026-07-12 13:58:01,606 P4091889 INFO pr:0.9790  rc:0.9395  auc:0.9786 ap:0.9809 f1: 0.9589 pred_right: 38619 pred_wrong:381 actu_right: 38603 actu_wrong: 397
2026-07-12 13:58:02,689 P4091889 INFO pr:0.9545  rc:0.9767  auc:0.9902 ap:0.9827 f1: 0.9655 pred_right: 16368 pred_wrong:132 actu_right: 16371 actu_wrong: 129
2026-07-12 13:58:02,689 P4091889 INFO ----------------------------------------------------------------------------------------------------
2026-07-12 13:58:02,690 P4091889 INFO 134/300 starting... lr: 0.0009000000000000001 para:0.01
2026-07-12 13:58:08,861 P4091889 INFO Epoch 134/300, all_loss:0.00032 cls_loss:0.00000 rec_loss:0.03178 [6.17s]; best loss:0.00032, patience : 0
2026-07-12 13:58:10,954 P4091889 INFO pr:0.9842  rc:0.9395  auc:0.9778 ap:0.9805 f1: 0.9613 pred_right: 38621 pred_wrong:379 actu_right: 38603 actu_wrong: 397
2026-07-12 13:58:11,846 P4091889 INFO pr:0.9618  rc:0.9767  auc:0.9902 ap:0.9824 f1: 0.9692 pred_right: 16369 pred_wrong:131 actu_right: 16371 actu_wrong: 129
2026-07-12 13:58:11,846 P4091889 INFO ----------------------------------------------------------------------------------------------------
2026-07-12 13:58:11,847 P4091889 INFO 135/300 starting... lr: 0.0009000000000000001 para:0.01
2026-07-12 13:58:18,287 P4091889 INFO Epoch 135/300, all_loss:0.00036 cls_loss:0.00001 rec_loss:0.03538 [6.44s]; best loss:0.00032, patience : 1
2026-07-12 13:58:20,684 P4091889 INFO pr:0.9894  rc:0.9370  auc:0.9749 ap:0.9795 f1: 0.9625 pred_right: 38624 pred_wrong:376 actu_right: 38603 actu_wrong: 397
2026-07-12 13:58:21,742 P4091889 INFO pr:0.9692  rc:0.9767  auc:0.9902 ap:0.9826 f1: 0.9730 pred_right: 16370 pred_wrong:130 actu_right: 16371 actu_wrong: 129
2026-07-12 13:58:21,747 P4091889 INFO ----------------------------------------------------------------------------------------------------
2026-07-12 13:58:21,747 P4091889 INFO 136/300 starting... lr: 0.0009000000000000001 para:0.01
2026-07-12 13:58:27,819 P4091889 INFO Epoch 136/300, all_loss:0.42028 cls_loss:0.42398 rec_loss:0.05303 [6.07s]; best loss:0.00032, patience : 2
2026-07-12 13:58:30,237 P4091889 INFO pr:0.9815  rc:0.9370  auc:0.9779 ap:0.9753 f1: 0.9588 pred_right: 38621 pred_wrong:379 actu_right: 38603 actu_wrong: 397
2026-07-12 13:58:31,274 P4091889 INFO pr:0.9385  rc:0.9457  auc:0.9824 ap:0.9735 f1: 0.9421 pred_right: 16370 pred_wrong:130 actu_right: 16371 actu_wrong: 129
2026-07-12 13:58:31,275 P4091889 INFO ----------------------------------------------------------------------------------------------------
2026-07-12 13:58:31,275 P4091889 INFO 137/300 starting... lr: 0.0009000000000000001 para:0.01
2026-07-12 13:58:37,401 P4091889 INFO Epoch 137/300, all_loss:0.37355 cls_loss:0.37657 rec_loss:0.07464 [6.13s]; best loss:0.00032, patience : 2
2026-07-12 13:58:39,710 P4091889 INFO pr:0.9866  rc:0.9295  auc:0.9841 ap:0.9791 f1: 0.9572 pred_right: 38626 pred_wrong:374 actu_right: 38603 actu_wrong: 397
2026-07-12 13:58:40,545 P4091889 INFO pr:0.9688  rc:0.9612  auc:0.9922 ap:0.9845 f1: 0.9650 pred_right: 16372 pred_wrong:128 actu_right: 16371 actu_wrong: 129
2026-07-12 13:58:40,546 P4091889 INFO ----------------------------------------------------------------------------------------------------
2026-07-12 13:58:40,546 P4091889 INFO 138/300 starting... lr: 0.0009000000000000001 para:0.01
2026-07-12 13:58:46,890 P4091889 INFO Epoch 138/300, all_loss:0.01619 cls_loss:0.01568 rec_loss:0.06684 [6.34s]; best loss:0.00032, patience : 2
2026-07-12 13:58:48,555 P4091889 INFO pr:0.9666  rc:0.9471  auc:0.9856 ap:0.9807 f1: 0.9567 pred_right: 38611 pred_wrong:389 actu_right: 38603 actu_wrong: 397
2026-07-12 13:58:49,333 P4091889 INFO pr:0.9333  rc:0.9767  auc:0.9975 ap:0.9730 f1: 0.9545 pred_right: 16365 pred_wrong:135 actu_right: 16371 actu_wrong: 129
2026-07-12 13:58:49,333 P4091889 INFO ----------------------------------------------------------------------------------------------------
2026-07-12 13:58:49,333 P4091889 INFO 139/300 starting... lr: 0.0009000000000000001 para:0.01
2026-07-12 13:58:55,091 P4091889 INFO Epoch 139/300, all_loss:0.02196 cls_loss:0.02150 rec_loss:0.06745 [5.76s]; best loss:0.00032, patience : 3
2026-07-12 13:58:58,764 P4091889 INFO pr:0.9814  rc:0.9295  auc:0.9828 ap:0.9770 f1: 0.9547 pred_right: 38624 pred_wrong:376 actu_right: 38603 actu_wrong: 397
2026-07-12 13:59:00,904 P4091889 INFO pr:0.9185  rc:0.9612  auc:0.9863 ap:0.9744 f1: 0.9394 pred_right: 16365 pred_wrong:135 actu_right: 16371 actu_wrong: 129
2026-07-12 13:59:00,905 P4091889 INFO ----------------------------------------------------------------------------------------------------
2026-07-12 13:59:00,906 P4091889 INFO 140/300 starting... lr: 0.0009000000000000001 para:0.01
2026-07-12 13:59:11,401 P4091889 INFO Epoch 140/300, all_loss:0.00145 cls_loss:0.00078 rec_loss:0.06684 [10.49s]; best loss:0.00032, patience : 3
2026-07-12 13:59:13,854 P4091889 INFO pr:0.9840  rc:0.9270  auc:0.9816 ap:0.9806 f1: 0.9546 pred_right: 38626 pred_wrong:374 actu_right: 38603 actu_wrong: 397
2026-07-12 13:59:14,859 P4091889 INFO pr:0.9612  rc:0.9612  auc:0.9844 ap:0.9740 f1: 0.9612 pred_right: 16371 pred_wrong:129 actu_right: 16371 actu_wrong: 129
2026-07-12 13:59:14,860 P4091889 INFO ----------------------------------------------------------------------------------------------------
2026-07-12 13:59:14,860 P4091889 INFO 141/300 starting... lr: 0.0009000000000000001 para:0.01
2026-07-12 13:59:21,273 P4091889 INFO Epoch 141/300, all_loss:0.00323 cls_loss:0.00263 rec_loss:0.06314 [6.41s]; best loss:0.00032, patience : 4
2026-07-12 13:59:23,697 P4091889 INFO pr:0.9916  rc:0.8917  auc:0.9744 ap:0.9782 f1: 0.9390 pred_right: 38643 pred_wrong:357 actu_right: 38603 actu_wrong: 397
2026-07-12 13:59:24,710 P4091889 INFO pr:0.9667  rc:0.8992  auc:0.9825 ap:0.9762 f1: 0.9317 pred_right: 16380 pred_wrong:120 actu_right: 16371 actu_wrong: 129
2026-07-12 13:59:24,710 P4091889 INFO ----------------------------------------------------------------------------------------------------
2026-07-12 13:59:24,710 P4091889 INFO 142/300 starting... lr: 0.0009000000000000001 para:0.01
2026-07-12 13:59:31,126 P4091889 INFO Epoch 142/300, all_loss:0.04775 cls_loss:0.04762 rec_loss:0.05996 [6.42s]; best loss:0.00032, patience : 5
2026-07-12 13:59:33,260 P4091889 INFO pr:0.9444  rc:0.9468  auc:0.9876 ap:0.9768 f1: 0.9456 pred_right: 38604 pred_wrong:396 actu_right: 38605 actu_wrong: 395
2026-07-12 13:59:34,351 P4091889 INFO pr:0.8803  rc:0.9690  auc:0.9882 ap:0.9683 f1: 0.9225 pred_right: 16358 pred_wrong:142 actu_right: 16371 actu_wrong: 129
2026-07-12 13:59:34,351 P4091889 INFO ----------------------------------------------------------------------------------------------------
2026-07-12 13:59:34,352 P4091889 INFO 143/300 starting... lr: 0.0009000000000000001 para:0.01
2026-07-12 13:59:40,331 P4091889 INFO Epoch 143/300, all_loss:0.00312 cls_loss:0.00257 rec_loss:0.05785 [5.98s]; best loss:0.00032, patience : 5
2026-07-12 13:59:42,652 P4091889 INFO pr:0.9789  rc:0.9370  auc:0.9818 ap:0.9773 f1: 0.9575 pred_right: 38620 pred_wrong:380 actu_right: 38603 actu_wrong: 397
2026-07-12 13:59:43,614 P4091889 INFO pr:0.9398  rc:0.9690  auc:0.9863 ap:0.9714 f1: 0.9542 pred_right: 16367 pred_wrong:133 actu_right: 16371 actu_wrong: 129
2026-07-12 13:59:43,615 P4091889 INFO ----------------------------------------------------------------------------------------------------
2026-07-12 13:59:43,615 P4091889 INFO 144/300 starting... lr: 0.0009000000000000001 para:0.01
2026-07-12 13:59:50,179 P4091889 INFO Epoch 144/300, all_loss:0.35124 cls_loss:0.35406 rec_loss:0.07242 [6.56s]; best loss:0.00032, patience : 6
2026-07-12 13:59:52,659 P4091889 INFO pr:0.9660  rc:0.9318  auc:0.9822 ap:0.9758 f1: 0.9486 pred_right: 38618 pred_wrong:382 actu_right: 38604 actu_wrong: 396
2026-07-12 13:59:53,675 P4091889 INFO pr:0.9398  rc:0.9690  auc:0.9863 ap:0.9657 f1: 0.9542 pred_right: 16367 pred_wrong:133 actu_right: 16371 actu_wrong: 129
2026-07-12 13:59:53,676 P4091889 INFO ----------------------------------------------------------------------------------------------------
2026-07-12 13:59:53,676 P4091889 INFO 145/300 starting... lr: 0.0009000000000000001 para:0.01
2026-07-12 14:00:00,103 P4091889 INFO Epoch 145/300, all_loss:0.00295 cls_loss:0.00228 rec_loss:0.06877 [6.43s]; best loss:0.00032, patience : 6
2026-07-12 14:00:02,485 P4091889 INFO pr:0.9738  rc:0.9394  auc:0.9840 ap:0.9793 f1: 0.9563 pred_right: 38618 pred_wrong:382 actu_right: 38604 actu_wrong: 396
2026-07-12 14:00:03,469 P4091889 INFO pr:0.9259  rc:0.9690  auc:0.9883 ap:0.9713 f1: 0.9470 pred_right: 16365 pred_wrong:135 actu_right: 16371 actu_wrong: 129
2026-07-12 14:00:03,469 P4091889 INFO ----------------------------------------------------------------------------------------------------
2026-07-12 14:00:03,469 P4091889 INFO 146/300 starting... lr: 0.0009000000000000001 para:0.01
2026-07-12 14:00:09,979 P4091889 INFO Epoch 146/300, all_loss:0.00070 cls_loss:0.00005 rec_loss:0.06501 [6.51s]; best loss:0.00032, patience : 6
2026-07-12 14:00:12,682 P4091889 INFO pr:0.9763  rc:0.9345  auc:0.9827 ap:0.9792 f1: 0.9550 pred_right: 38620 pred_wrong:380 actu_right: 38603 actu_wrong: 397
2026-07-12 14:00:13,861 P4091889 INFO pr:0.9398  rc:0.9690  auc:0.9883 ap:0.9711 f1: 0.9542 pred_right: 16367 pred_wrong:133 actu_right: 16371 actu_wrong: 129
2026-07-12 14:00:13,862 P4091889 INFO ----------------------------------------------------------------------------------------------------
2026-07-12 14:00:13,863 P4091889 INFO 147/300 starting... lr: 0.0009000000000000001 para:0.01
2026-07-12 14:00:20,677 P4091889 INFO Epoch 147/300, all_loss:0.00066 cls_loss:0.00003 rec_loss:0.06241 [6.81s]; best loss:0.00032, patience : 6
2026-07-12 14:00:22,694 P4091889 INFO pr:0.9763  rc:0.9345  auc:0.9815 ap:0.9791 f1: 0.9550 pred_right: 38620 pred_wrong:380 actu_right: 38603 actu_wrong: 397
2026-07-12 14:00:23,550 P4091889 INFO pr:0.9470  rc:0.9690  auc:0.9883 ap:0.9712 f1: 0.9579 pred_right: 16368 pred_wrong:132 actu_right: 16371 actu_wrong: 129
2026-07-12 14:00:23,551 P4091889 INFO ----------------------------------------------------------------------------------------------------
2026-07-12 14:00:23,551 P4091889 INFO 148/300 starting... lr: 0.0009000000000000001 para:0.01
2026-07-12 14:00:30,307 P4091889 INFO Epoch 148/300, all_loss:0.00063 cls_loss:0.00003 rec_loss:0.05956 [6.76s]; best loss:0.00032, patience : 6
2026-07-12 14:00:34,924 P4091889 INFO pr:0.9788  rc:0.9320  auc:0.9815 ap:0.9792 f1: 0.9548 pred_right: 38622 pred_wrong:378 actu_right: 38603 actu_wrong: 397
2026-07-12 14:00:36,941 P4091889 INFO pr:0.9470  rc:0.9690  auc:0.9883 ap:0.9712 f1: 0.9579 pred_right: 16368 pred_wrong:132 actu_right: 16371 actu_wrong: 129
2026-07-12 14:00:36,942 P4091889 INFO ----------------------------------------------------------------------------------------------------
2026-07-12 14:00:36,942 P4091889 INFO 149/300 starting... lr: 0.0009000000000000001 para:0.01
2026-07-12 14:00:47,068 P4091889 INFO Epoch 149/300, all_loss:0.00060 cls_loss:0.00003 rec_loss:0.05710 [10.13s]; best loss:0.00032, patience : 6
2026-07-12 14:00:49,772 P4091889 INFO pr:0.9788  rc:0.9320  auc:0.9815 ap:0.9792 f1: 0.9548 pred_right: 38622 pred_wrong:378 actu_right: 38603 actu_wrong: 397
2026-07-12 14:00:50,924 P4091889 INFO pr:0.9470  rc:0.9690  auc:0.9883 ap:0.9712 f1: 0.9579 pred_right: 16368 pred_wrong:132 actu_right: 16371 actu_wrong: 129
2026-07-12 14:00:50,925 P4091889 INFO ----------------------------------------------------------------------------------------------------
2026-07-12 14:00:50,925 P4091889 INFO 150/300 starting... lr: 0.0009000000000000001 para:0.01
2026-07-12 14:00:57,702 P4091889 INFO Epoch 150/300, all_loss:0.00057 cls_loss:0.00003 rec_loss:0.05466 [6.78s]; best loss:0.00032, patience : 6
2026-07-12 14:01:00,008 P4091889 INFO pr:0.9788  rc:0.9320  auc:0.9814 ap:0.9792 f1: 0.9548 pred_right: 38622 pred_wrong:378 actu_right: 38603 actu_wrong: 397
2026-07-12 14:01:01,031 P4091889 INFO pr:0.9470  rc:0.9690  auc:0.9883 ap:0.9712 f1: 0.9579 pred_right: 16368 pred_wrong:132 actu_right: 16371 actu_wrong: 129
2026-07-12 14:01:01,032 P4091889 INFO ----------------------------------------------------------------------------------------------------
2026-07-12 14:01:01,032 P4091889 INFO 151/300 starting... lr: 0.0009000000000000001 para:0.01
2026-07-12 14:01:07,526 P4091889 INFO Epoch 151/300, all_loss:0.00055 cls_loss:0.00002 rec_loss:0.05242 [6.49s]; best loss:0.00032, patience : 6
2026-07-12 14:01:10,005 P4091889 INFO pr:0.9788  rc:0.9318  auc:0.9814 ap:0.9792 f1: 0.9547 pred_right: 38623 pred_wrong:377 actu_right: 38604 actu_wrong: 396
2026-07-12 14:01:11,026 P4091889 INFO pr:0.9542  rc:0.9690  auc:0.9883 ap:0.9712 f1: 0.9615 pred_right: 16369 pred_wrong:131 actu_right: 16371 actu_wrong: 129
2026-07-12 14:01:11,026 P4091889 INFO ----------------------------------------------------------------------------------------------------
2026-07-12 14:01:11,026 P4091889 INFO 152/300 starting... lr: 0.0009000000000000001 para:0.01
2026-07-12 14:01:17,345 P4091889 INFO Epoch 152/300, all_loss:0.00053 cls_loss:0.00002 rec_loss:0.05035 [6.32s]; best loss:0.00032, patience : 6
2026-07-12 14:01:19,717 P4091889 INFO pr:0.9788  rc:0.9320  auc:0.9814 ap:0.9793 f1: 0.9548 pred_right: 38622 pred_wrong:378 actu_right: 38603 actu_wrong: 397
2026-07-12 14:01:20,724 P4091889 INFO pr:0.9542  rc:0.9690  auc:0.9883 ap:0.9712 f1: 0.9615 pred_right: 16369 pred_wrong:131 actu_right: 16371 actu_wrong: 129
2026-07-12 14:01:20,725 P4091889 INFO ----------------------------------------------------------------------------------------------------
2026-07-12 14:01:20,725 P4091889 INFO 153/300 starting... lr: 0.0009000000000000001 para:0.01
2026-07-12 14:01:26,868 P4091889 INFO Epoch 153/300, all_loss:0.00049 cls_loss:0.00002 rec_loss:0.04663 [6.14s]; best loss:0.00032, patience : 6
2026-07-12 14:01:29,219 P4091889 INFO pr:0.9788  rc:0.9320  auc:0.9814 ap:0.9793 f1: 0.9548 pred_right: 38622 pred_wrong:378 actu_right: 38603 actu_wrong: 397
2026-07-12 14:01:30,125 P4091889 INFO pr:0.9542  rc:0.9690  auc:0.9883 ap:0.9712 f1: 0.9615 pred_right: 16369 pred_wrong:131 actu_right: 16371 actu_wrong: 129
2026-07-12 14:01:30,125 P4091889 INFO ----------------------------------------------------------------------------------------------------
2026-07-12 14:01:30,125 P4091889 INFO 154/300 starting... lr: 0.0009000000000000001 para:0.01
2026-07-12 14:01:36,196 P4091889 INFO Epoch 154/300, all_loss:0.00049 cls_loss:0.00002 rec_loss:0.04689 [6.07s]; best loss:0.00032, patience : 7
2026-07-12 14:01:38,635 P4091889 INFO pr:0.9788  rc:0.9320  auc:0.9820 ap:0.9794 f1: 0.9548 pred_right: 38622 pred_wrong:378 actu_right: 38603 actu_wrong: 397
2026-07-12 14:01:39,724 P4091889 INFO pr:0.9542  rc:0.9690  auc:0.9883 ap:0.9711 f1: 0.9615 pred_right: 16369 pred_wrong:131 actu_right: 16371 actu_wrong: 129
2026-07-12 14:01:39,724 P4091889 INFO ----------------------------------------------------------------------------------------------------
2026-07-12 14:01:39,724 P4091889 INFO 155/300 starting... lr: 0.0009000000000000001 para:0.01
2026-07-12 14:01:46,036 P4091889 INFO Epoch 155/300, all_loss:0.00047 cls_loss:0.00002 rec_loss:0.04529 [6.31s]; best loss:0.00032, patience : 7
2026-07-12 14:01:48,085 P4091889 INFO pr:0.9788  rc:0.9320  auc:0.9820 ap:0.9794 f1: 0.9548 pred_right: 38622 pred_wrong:378 actu_right: 38603 actu_wrong: 397
2026-07-12 14:01:49,883 P4091889 INFO pr:0.9542  rc:0.9690  auc:0.9883 ap:0.9711 f1: 0.9615 pred_right: 16369 pred_wrong:131 actu_right: 16371 actu_wrong: 129
2026-07-12 14:01:49,883 P4091889 INFO ----------------------------------------------------------------------------------------------------
2026-07-12 14:01:49,884 P4091889 INFO 156/300 starting... lr: 0.0009000000000000001 para:0.01
2026-07-12 14:01:55,296 P4091889 INFO Epoch 156/300, all_loss:0.00045 cls_loss:0.00002 rec_loss:0.04375 [5.41s]; best loss:0.00032, patience : 7
2026-07-12 14:01:57,072 P4091889 INFO pr:0.9788  rc:0.9343  auc:0.9820 ap:0.9794 f1: 0.9561 pred_right: 38622 pred_wrong:378 actu_right: 38604 actu_wrong: 396
2026-07-12 14:01:57,857 P4091889 INFO pr:0.9542  rc:0.9690  auc:0.9883 ap:0.9711 f1: 0.9615 pred_right: 16369 pred_wrong:131 actu_right: 16371 actu_wrong: 129
2026-07-12 14:01:57,857 P4091889 INFO ----------------------------------------------------------------------------------------------------
2026-07-12 14:01:57,857 P4091889 INFO 157/300 starting... lr: 0.0009000000000000001 para:0.01
2026-07-12 14:02:03,566 P4091889 INFO Epoch 157/300, all_loss:0.00044 cls_loss:0.00002 rec_loss:0.04259 [5.71s]; best loss:0.00032, patience : 7
2026-07-12 14:02:07,468 P4091889 INFO pr:0.9789  rc:0.9345  auc:0.9820 ap:0.9795 f1: 0.9562 pred_right: 38621 pred_wrong:379 actu_right: 38603 actu_wrong: 397
2026-07-12 14:02:09,440 P4091889 INFO pr:0.9542  rc:0.9690  auc:0.9883 ap:0.9711 f1: 0.9615 pred_right: 16369 pred_wrong:131 actu_right: 16371 actu_wrong: 129
2026-07-12 14:02:09,441 P4091889 INFO ----------------------------------------------------------------------------------------------------
2026-07-12 14:02:09,441 P4091889 INFO 158/300 starting... lr: 0.0009000000000000001 para:0.01
2026-07-12 14:02:19,889 P4091889 INFO Epoch 158/300, all_loss:0.00043 cls_loss:0.00002 rec_loss:0.04136 [10.45s]; best loss:0.00032, patience : 7
2026-07-12 14:02:22,410 P4091889 INFO pr:0.9788  rc:0.9343  auc:0.9819 ap:0.9794 f1: 0.9561 pred_right: 38622 pred_wrong:378 actu_right: 38604 actu_wrong: 396
2026-07-12 14:02:23,567 P4091889 INFO pr:0.9542  rc:0.9690  auc:0.9883 ap:0.9712 f1: 0.9615 pred_right: 16369 pred_wrong:131 actu_right: 16371 actu_wrong: 129
2026-07-12 14:02:23,568 P4091889 INFO ----------------------------------------------------------------------------------------------------
2026-07-12 14:02:23,568 P4091889 INFO 159/300 starting... lr: 0.0009000000000000001 para:0.01
2026-07-12 14:02:29,954 P4091889 INFO Epoch 159/300, all_loss:0.00042 cls_loss:0.00001 rec_loss:0.04031 [6.39s]; best loss:0.00032, patience : 7
2026-07-12 14:02:32,183 P4091889 INFO pr:0.9789  rc:0.9345  auc:0.9820 ap:0.9794 f1: 0.9562 pred_right: 38621 pred_wrong:379 actu_right: 38603 actu_wrong: 397
2026-07-12 14:02:33,079 P4091889 INFO pr:0.9542  rc:0.9690  auc:0.9863 ap:0.9711 f1: 0.9615 pred_right: 16369 pred_wrong:131 actu_right: 16371 actu_wrong: 129
2026-07-12 14:02:33,079 P4091889 INFO ----------------------------------------------------------------------------------------------------
2026-07-12 14:02:33,079 P4091889 INFO 160/300 starting... lr: 0.0009000000000000001 para:0.01
2026-07-12 14:02:39,297 P4091889 INFO Epoch 160/300, all_loss:0.00041 cls_loss:0.00001 rec_loss:0.03918 [6.22s]; best loss:0.00032, patience : 7
2026-07-12 14:02:41,699 P4091889 INFO pr:0.9789  rc:0.9345  auc:0.9813 ap:0.9793 f1: 0.9562 pred_right: 38621 pred_wrong:379 actu_right: 38603 actu_wrong: 397
2026-07-12 14:02:42,759 P4091889 INFO pr:0.9542  rc:0.9690  auc:0.9863 ap:0.9711 f1: 0.9615 pred_right: 16369 pred_wrong:131 actu_right: 16371 actu_wrong: 129
2026-07-12 14:02:42,760 P4091889 INFO ----------------------------------------------------------------------------------------------------
2026-07-12 14:02:42,760 P4091889 INFO 161/300 starting... lr: 0.0009000000000000001 para:0.01
2026-07-12 14:02:48,923 P4091889 INFO Epoch 161/300, all_loss:0.00040 cls_loss:0.00001 rec_loss:0.03838 [6.16s]; best loss:0.00032, patience : 7
2026-07-12 14:02:51,020 P4091889 INFO pr:0.9789  rc:0.9345  auc:0.9813 ap:0.9804 f1: 0.9562 pred_right: 38621 pred_wrong:379 actu_right: 38603 actu_wrong: 397
2026-07-12 14:02:52,112 P4091889 INFO pr:0.9542  rc:0.9690  auc:0.9863 ap:0.9711 f1: 0.9615 pred_right: 16369 pred_wrong:131 actu_right: 16371 actu_wrong: 129
2026-07-12 14:02:52,113 P4091889 INFO ----------------------------------------------------------------------------------------------------
2026-07-12 14:02:52,113 P4091889 INFO 162/300 starting... lr: 0.0009000000000000001 para:0.01
2026-07-12 14:02:58,507 P4091889 INFO Epoch 162/300, all_loss:0.00039 cls_loss:0.00001 rec_loss:0.03746 [6.39s]; best loss:0.00032, patience : 7
2026-07-12 14:03:00,869 P4091889 INFO pr:0.9789  rc:0.9345  auc:0.9813 ap:0.9803 f1: 0.9562 pred_right: 38621 pred_wrong:379 actu_right: 38603 actu_wrong: 397
2026-07-12 14:03:01,754 P4091889 INFO pr:0.9542  rc:0.9690  auc:0.9863 ap:0.9711 f1: 0.9615 pred_right: 16369 pred_wrong:131 actu_right: 16371 actu_wrong: 129
2026-07-12 14:03:01,754 P4091889 INFO ----------------------------------------------------------------------------------------------------
2026-07-12 14:03:01,754 P4091889 INFO 163/300 starting... lr: 0.0009000000000000001 para:0.01
2026-07-12 14:03:07,887 P4091889 INFO Epoch 163/300, all_loss:0.00038 cls_loss:0.00001 rec_loss:0.03673 [6.13s]; best loss:0.00032, patience : 7
2026-07-12 14:03:10,330 P4091889 INFO pr:0.9789  rc:0.9345  auc:0.9812 ap:0.9800 f1: 0.9562 pred_right: 38621 pred_wrong:379 actu_right: 38603 actu_wrong: 397
2026-07-12 14:03:11,421 P4091889 INFO pr:0.9542  rc:0.9690  auc:0.9864 ap:0.9711 f1: 0.9615 pred_right: 16369 pred_wrong:131 actu_right: 16371 actu_wrong: 129
2026-07-12 14:03:11,422 P4091889 INFO ----------------------------------------------------------------------------------------------------
2026-07-12 14:03:11,422 P4091889 INFO 164/300 starting... lr: 0.0009000000000000001 para:0.01
2026-07-12 14:03:17,867 P4091889 INFO Epoch 164/300, all_loss:0.00037 cls_loss:0.00001 rec_loss:0.03593 [6.44s]; best loss:0.00032, patience : 7
2026-07-12 14:03:20,023 P4091889 INFO pr:0.9789  rc:0.9369  auc:0.9815 ap:0.9807 f1: 0.9574 pred_right: 38621 pred_wrong:379 actu_right: 38604 actu_wrong: 396
2026-07-12 14:03:20,954 P4091889 INFO pr:0.9542  rc:0.9690  auc:0.9864 ap:0.9711 f1: 0.9615 pred_right: 16369 pred_wrong:131 actu_right: 16371 actu_wrong: 129
2026-07-12 14:03:20,954 P4091889 INFO ----------------------------------------------------------------------------------------------------
2026-07-12 14:03:20,962 P4091889 INFO 165/300 starting... lr: 0.0009000000000000001 para:0.01
2026-07-12 14:03:27,247 P4091889 INFO Epoch 165/300, all_loss:0.00036 cls_loss:0.00001 rec_loss:0.03516 [6.29s]; best loss:0.00032, patience : 7
2026-07-12 14:03:29,167 P4091889 INFO pr:0.9788  rc:0.9343  auc:0.9806 ap:0.9797 f1: 0.9561 pred_right: 38622 pred_wrong:378 actu_right: 38604 actu_wrong: 396
2026-07-12 14:03:30,047 P4091889 INFO pr:0.9542  rc:0.9690  auc:0.9864 ap:0.9710 f1: 0.9615 pred_right: 16369 pred_wrong:131 actu_right: 16371 actu_wrong: 129
2026-07-12 14:03:30,047 P4091889 INFO ----------------------------------------------------------------------------------------------------
2026-07-12 14:03:30,048 P4091889 INFO 166/300 starting... lr: 0.0009000000000000001 para:0.01
2026-07-12 14:03:36,000 P4091889 INFO Epoch 166/300, all_loss:0.00036 cls_loss:0.00001 rec_loss:0.03449 [5.95s]; best loss:0.00032, patience : 7
2026-07-12 14:03:39,738 P4091889 INFO pr:0.9789  rc:0.9345  auc:0.9806 ap:0.9796 f1: 0.9562 pred_right: 38621 pred_wrong:379 actu_right: 38603 actu_wrong: 397
2026-07-12 14:03:41,494 P4091889 INFO pr:0.9542  rc:0.9690  auc:0.9863 ap:0.9675 f1: 0.9615 pred_right: 16369 pred_wrong:131 actu_right: 16371 actu_wrong: 129
2026-07-12 14:03:41,495 P4091889 INFO ----------------------------------------------------------------------------------------------------
2026-07-12 14:03:41,495 P4091889 INFO 167/300 starting... lr: 0.0009000000000000001 para:0.01
2026-07-12 14:03:52,022 P4091889 INFO Epoch 167/300, all_loss:0.00035 cls_loss:0.00001 rec_loss:0.03374 [10.53s]; best loss:0.00032, patience : 7
2026-07-12 14:03:54,317 P4091889 INFO pr:0.9789  rc:0.9345  auc:0.9796 ap:0.9795 f1: 0.9562 pred_right: 38621 pred_wrong:379 actu_right: 38603 actu_wrong: 397
2026-07-12 14:03:55,444 P4091889 INFO pr:0.9542  rc:0.9690  auc:0.9864 ap:0.9710 f1: 0.9615 pred_right: 16369 pred_wrong:131 actu_right: 16371 actu_wrong: 129
2026-07-12 14:03:55,445 P4091889 INFO ----------------------------------------------------------------------------------------------------
2026-07-12 14:03:55,445 P4091889 INFO 168/300 starting... lr: 0.0009000000000000001 para:0.01
2026-07-12 14:04:01,832 P4091889 INFO Epoch 168/300, all_loss:0.00034 cls_loss:0.00001 rec_loss:0.03345 [6.39s]; best loss:0.00032, patience : 7
2026-07-12 14:04:03,998 P4091889 INFO pr:0.9789  rc:0.9345  auc:0.9794 ap:0.9795 f1: 0.9562 pred_right: 38621 pred_wrong:379 actu_right: 38603 actu_wrong: 397
2026-07-12 14:04:04,974 P4091889 INFO pr:0.9542  rc:0.9690  auc:0.9864 ap:0.9711 f1: 0.9615 pred_right: 16369 pred_wrong:131 actu_right: 16371 actu_wrong: 129
2026-07-12 14:04:04,975 P4091889 INFO ----------------------------------------------------------------------------------------------------
2026-07-12 14:04:04,982 P4091889 INFO 169/300 starting... lr: 0.0009000000000000001 para:0.01
2026-07-12 14:04:11,258 P4091889 INFO Epoch 169/300, all_loss:0.00034 cls_loss:0.00001 rec_loss:0.03279 [6.28s]; best loss:0.00032, patience : 7
2026-07-12 14:04:13,405 P4091889 INFO pr:0.9789  rc:0.9345  auc:0.9794 ap:0.9794 f1: 0.9562 pred_right: 38621 pred_wrong:379 actu_right: 38603 actu_wrong: 397
2026-07-12 14:04:14,371 P4091889 INFO pr:0.9542  rc:0.9690  auc:0.9864 ap:0.9675 f1: 0.9615 pred_right: 16369 pred_wrong:131 actu_right: 16371 actu_wrong: 129
2026-07-12 14:04:14,372 P4091889 INFO ----------------------------------------------------------------------------------------------------
2026-07-12 14:04:14,372 P4091889 INFO 170/300 starting... lr: 0.0009000000000000001 para:0.01
2026-07-12 14:04:20,455 P4091889 INFO Epoch 170/300, all_loss:0.00033 cls_loss:0.00001 rec_loss:0.03240 [6.08s]; best loss:0.00032, patience : 7
2026-07-12 14:04:22,771 P4091889 INFO pr:0.9814  rc:0.9343  auc:0.9791 ap:0.9792 f1: 0.9573 pred_right: 38623 pred_wrong:377 actu_right: 38604 actu_wrong: 396
2026-07-12 14:04:23,750 P4091889 INFO pr:0.9542  rc:0.9690  auc:0.9864 ap:0.9711 f1: 0.9615 pred_right: 16369 pred_wrong:131 actu_right: 16371 actu_wrong: 129
2026-07-12 14:04:23,751 P4091889 INFO ----------------------------------------------------------------------------------------------------
2026-07-12 14:04:23,751 P4091889 INFO 171/300 starting... lr: 0.0009000000000000001 para:0.01
2026-07-12 14:04:29,843 P4091889 INFO Epoch 171/300, all_loss:0.00033 cls_loss:0.00001 rec_loss:0.03222 [6.09s]; best loss:0.00032, patience : 7
2026-07-12 14:04:32,280 P4091889 INFO pr:0.9814  rc:0.9343  auc:0.9786 ap:0.9793 f1: 0.9573 pred_right: 38623 pred_wrong:377 actu_right: 38604 actu_wrong: 396
2026-07-12 14:04:33,343 P4091889 INFO pr:0.9542  rc:0.9690  auc:0.9864 ap:0.9747 f1: 0.9615 pred_right: 16369 pred_wrong:131 actu_right: 16371 actu_wrong: 129
2026-07-12 14:04:33,343 P4091889 INFO ----------------------------------------------------------------------------------------------------
2026-07-12 14:04:33,350 P4091889 INFO 172/300 starting... lr: 0.0009000000000000001 para:0.01
2026-07-12 14:04:39,716 P4091889 INFO Epoch 172/300, all_loss:0.00032 cls_loss:0.00001 rec_loss:0.03118 [6.36s]; best loss:0.00032, patience : 0
2026-07-12 14:04:41,908 P4091889 INFO pr:0.9815  rc:0.9345  auc:0.9785 ap:0.9793 f1: 0.9574 pred_right: 38622 pred_wrong:378 actu_right: 38603 actu_wrong: 397
2026-07-12 14:04:42,839 P4091889 INFO pr:0.9542  rc:0.9690  auc:0.9864 ap:0.9711 f1: 0.9615 pred_right: 16369 pred_wrong:131 actu_right: 16371 actu_wrong: 129
2026-07-12 14:04:42,839 P4091889 INFO ----------------------------------------------------------------------------------------------------
2026-07-12 14:04:42,839 P4091889 INFO 173/300 starting... lr: 0.0009000000000000001 para:0.01
2026-07-12 14:04:49,108 P4091889 INFO Epoch 173/300, all_loss:0.00032 cls_loss:0.00001 rec_loss:0.03099 [6.26s]; best loss:0.00032, patience : 0
2026-07-12 14:04:51,580 P4091889 INFO pr:0.9789  rc:0.9345  auc:0.9781 ap:0.9793 f1: 0.9562 pred_right: 38621 pred_wrong:379 actu_right: 38603 actu_wrong: 397
2026-07-12 14:04:52,589 P4091889 INFO pr:0.9542  rc:0.9690  auc:0.9865 ap:0.9710 f1: 0.9615 pred_right: 16369 pred_wrong:131 actu_right: 16371 actu_wrong: 129
2026-07-12 14:04:52,590 P4091889 INFO ----------------------------------------------------------------------------------------------------
2026-07-12 14:04:52,590 P4091889 INFO 174/300 starting... lr: 0.0009000000000000001 para:0.01
2026-07-12 14:04:59,087 P4091889 INFO Epoch 174/300, all_loss:0.00031 cls_loss:0.00001 rec_loss:0.03061 [6.49s]; best loss:0.00031, patience : 0
2026-07-12 14:05:00,754 P4091889 INFO pr:0.9814  rc:0.9343  auc:0.9778 ap:0.9792 f1: 0.9573 pred_right: 38623 pred_wrong:377 actu_right: 38604 actu_wrong: 396
2026-07-12 14:05:01,567 P4091889 INFO pr:0.9542  rc:0.9690  auc:0.9864 ap:0.9711 f1: 0.9615 pred_right: 16369 pred_wrong:131 actu_right: 16371 actu_wrong: 129
2026-07-12 14:05:01,567 P4091889 INFO ----------------------------------------------------------------------------------------------------
2026-07-12 14:05:01,567 P4091889 INFO 175/300 starting... lr: 0.0009000000000000001 para:0.01
2026-07-12 14:05:07,306 P4091889 INFO Epoch 175/300, all_loss:0.00031 cls_loss:0.00001 rec_loss:0.03034 [5.73s]; best loss:0.00031, patience : 0
2026-07-12 14:05:09,971 P4091889 INFO pr:0.9815  rc:0.9345  auc:0.9783 ap:0.9792 f1: 0.9574 pred_right: 38622 pred_wrong:378 actu_right: 38603 actu_wrong: 397
2026-07-12 14:05:11,995 P4091889 INFO pr:0.9538  rc:0.9612  auc:0.9864 ap:0.9713 f1: 0.9575 pred_right: 16370 pred_wrong:130 actu_right: 16371 actu_wrong: 129
2026-07-12 14:05:11,996 P4091889 INFO ----------------------------------------------------------------------------------------------------
2026-07-12 14:05:11,996 P4091889 INFO 176/300 starting... lr: 0.0009000000000000001 para:0.01
2026-07-12 14:05:23,645 P4091889 INFO Epoch 176/300, all_loss:0.00031 cls_loss:0.00001 rec_loss:0.02997 [11.64s]; best loss:0.00031, patience : 0
2026-07-12 14:05:26,225 P4091889 INFO pr:0.9815  rc:0.9345  auc:0.9783 ap:0.9791 f1: 0.9574 pred_right: 38622 pred_wrong:378 actu_right: 38603 actu_wrong: 397
2026-07-12 14:05:27,118 P4091889 INFO pr:0.9538  rc:0.9612  auc:0.9865 ap:0.9712 f1: 0.9575 pred_right: 16370 pred_wrong:130 actu_right: 16371 actu_wrong: 129
2026-07-12 14:05:27,119 P4091889 INFO ----------------------------------------------------------------------------------------------------
2026-07-12 14:05:27,119 P4091889 INFO 177/300 starting... lr: 0.0009000000000000001 para:0.01
2026-07-12 14:05:33,500 P4091889 INFO Epoch 177/300, all_loss:0.00031 cls_loss:0.00001 rec_loss:0.02985 [6.38s]; best loss:0.00031, patience : 0
2026-07-12 14:05:35,901 P4091889 INFO pr:0.9815  rc:0.9345  auc:0.9783 ap:0.9792 f1: 0.9574 pred_right: 38622 pred_wrong:378 actu_right: 38603 actu_wrong: 397
2026-07-12 14:05:36,917 P4091889 INFO pr:0.9538  rc:0.9612  auc:0.9868 ap:0.9711 f1: 0.9575 pred_right: 16370 pred_wrong:130 actu_right: 16371 actu_wrong: 129
2026-07-12 14:05:36,917 P4091889 INFO ----------------------------------------------------------------------------------------------------
2026-07-12 14:05:36,918 P4091889 INFO 178/300 starting... lr: 0.0009000000000000001 para:0.01
2026-07-12 14:05:43,174 P4091889 INFO Epoch 178/300, all_loss:0.00030 cls_loss:0.00001 rec_loss:0.02902 [6.25s]; best loss:0.00030, patience : 0
2026-07-12 14:05:45,437 P4091889 INFO pr:0.9815  rc:0.9345  auc:0.9782 ap:0.9791 f1: 0.9574 pred_right: 38622 pred_wrong:378 actu_right: 38603 actu_wrong: 397
2026-07-12 14:05:46,341 P4091889 INFO pr:0.9538  rc:0.9612  auc:0.9868 ap:0.9711 f1: 0.9575 pred_right: 16370 pred_wrong:130 actu_right: 16371 actu_wrong: 129
2026-07-12 14:05:46,342 P4091889 INFO ----------------------------------------------------------------------------------------------------
2026-07-12 14:05:46,342 P4091889 INFO 179/300 starting... lr: 0.0009000000000000001 para:0.01
2026-07-12 14:05:52,708 P4091889 INFO Epoch 179/300, all_loss:0.00030 cls_loss:0.00001 rec_loss:0.02954 [6.37s]; best loss:0.00030, patience : 1
2026-07-12 14:05:55,177 P4091889 INFO pr:0.9815  rc:0.9345  auc:0.9780 ap:0.9791 f1: 0.9574 pred_right: 38622 pred_wrong:378 actu_right: 38603 actu_wrong: 397
2026-07-12 14:05:56,218 P4091889 INFO pr:0.9538  rc:0.9612  auc:0.9867 ap:0.9712 f1: 0.9575 pred_right: 16370 pred_wrong:130 actu_right: 16371 actu_wrong: 129
2026-07-12 14:05:56,219 P4091889 INFO ----------------------------------------------------------------------------------------------------
2026-07-12 14:05:56,219 P4091889 INFO 180/300 starting... lr: 0.0009000000000000001 para:0.01
2026-07-12 14:06:02,798 P4091889 INFO Epoch 180/300, all_loss:0.00029 cls_loss:0.00001 rec_loss:0.02886 [6.58s]; best loss:0.00029, patience : 0
2026-07-12 14:06:05,291 P4091889 INFO pr:0.9815  rc:0.9345  auc:0.9780 ap:0.9791 f1: 0.9574 pred_right: 38622 pred_wrong:378 actu_right: 38603 actu_wrong: 397
2026-07-12 14:06:06,324 P4091889 INFO pr:0.9538  rc:0.9612  auc:0.9867 ap:0.9710 f1: 0.9575 pred_right: 16370 pred_wrong:130 actu_right: 16371 actu_wrong: 129
2026-07-12 14:06:06,325 P4091889 INFO ----------------------------------------------------------------------------------------------------
2026-07-12 14:06:06,325 P4091889 INFO 181/300 starting... lr: 0.0009000000000000001 para:0.01
2026-07-12 14:06:12,371 P4091889 INFO Epoch 181/300, all_loss:0.00028 cls_loss:0.00001 rec_loss:0.02785 [6.04s]; best loss:0.00028, patience : 0
2026-07-12 14:06:14,606 P4091889 INFO pr:0.9815  rc:0.9345  auc:0.9780 ap:0.9790 f1: 0.9574 pred_right: 38622 pred_wrong:378 actu_right: 38603 actu_wrong: 397
2026-07-12 14:06:15,536 P4091889 INFO pr:0.9538  rc:0.9612  auc:0.9902 ap:0.9727 f1: 0.9575 pred_right: 16370 pred_wrong:130 actu_right: 16371 actu_wrong: 129
2026-07-12 14:06:15,537 P4091889 INFO ----------------------------------------------------------------------------------------------------
2026-07-12 14:06:15,537 P4091889 INFO 182/300 starting... lr: 0.0009000000000000001 para:0.01
2026-07-12 14:06:21,635 P4091889 INFO Epoch 182/300, all_loss:0.00029 cls_loss:0.00000 rec_loss:0.02900 [6.10s]; best loss:0.00028, patience : 1
2026-07-12 14:06:24,002 P4091889 INFO pr:0.9815  rc:0.9345  auc:0.9779 ap:0.9790 f1: 0.9574 pred_right: 38622 pred_wrong:378 actu_right: 38603 actu_wrong: 397
2026-07-12 14:06:24,900 P4091889 INFO pr:0.9612  rc:0.9612  auc:0.9869 ap:0.9711 f1: 0.9612 pred_right: 16371 pred_wrong:129 actu_right: 16371 actu_wrong: 129
2026-07-12 14:06:24,901 P4091889 INFO ----------------------------------------------------------------------------------------------------
2026-07-12 14:06:24,901 P4091889 INFO 183/300 starting... lr: 0.0009000000000000001 para:0.01
2026-07-12 14:06:31,294 P4091889 INFO Epoch 183/300, all_loss:0.00028 cls_loss:0.00001 rec_loss:0.02796 [6.39s]; best loss:0.00028, patience : 1
2026-07-12 14:06:33,215 P4091889 INFO pr:0.9787  rc:0.9340  auc:0.9777 ap:0.9788 f1: 0.9558 pred_right: 38624 pred_wrong:376 actu_right: 38606 actu_wrong: 394
2026-07-12 14:06:34,020 P4091889 INFO pr:0.9538  rc:0.9612  auc:0.9902 ap:0.9736 f1: 0.9575 pred_right: 16370 pred_wrong:130 actu_right: 16371 actu_wrong: 129
2026-07-12 14:06:34,021 P4091889 INFO ----------------------------------------------------------------------------------------------------
2026-07-12 14:06:34,021 P4091889 INFO 184/300 starting... lr: 0.0009000000000000001 para:0.01
2026-07-12 14:06:39,824 P4091889 INFO Epoch 184/300, all_loss:0.00028 cls_loss:0.00000 rec_loss:0.02769 [5.80s]; best loss:0.00028, patience : 0
2026-07-12 14:06:43,483 P4091889 INFO pr:0.9788  rc:0.9343  auc:0.9778 ap:0.9788 f1: 0.9561 pred_right: 38622 pred_wrong:378 actu_right: 38604 actu_wrong: 396
2026-07-12 14:06:45,053 P4091889 INFO pr:0.9538  rc:0.9612  auc:0.9902 ap:0.9746 f1: 0.9575 pred_right: 16370 pred_wrong:130 actu_right: 16371 actu_wrong: 129
2026-07-12 14:06:45,054 P4091889 INFO ----------------------------------------------------------------------------------------------------
2026-07-12 14:06:45,054 P4091889 INFO 185/300 starting... lr: 0.0009000000000000001 para:0.01
2026-07-12 14:06:56,465 P4091889 INFO Epoch 185/300, all_loss:0.00027 cls_loss:0.00000 rec_loss:0.02655 [11.41s]; best loss:0.00027, patience : 0
2026-07-12 14:06:58,733 P4091889 INFO pr:0.9788  rc:0.9343  auc:0.9771 ap:0.9788 f1: 0.9561 pred_right: 38622 pred_wrong:378 actu_right: 38604 actu_wrong: 396
2026-07-12 14:06:59,709 P4091889 INFO pr:0.9538  rc:0.9612  auc:0.9902 ap:0.9743 f1: 0.9575 pred_right: 16370 pred_wrong:130 actu_right: 16371 actu_wrong: 129
2026-07-12 14:06:59,709 P4091889 INFO ----------------------------------------------------------------------------------------------------
2026-07-12 14:06:59,709 P4091889 INFO 186/300 starting... lr: 0.0009000000000000001 para:0.01
2026-07-12 14:07:05,984 P4091889 INFO Epoch 186/300, all_loss:0.00029 cls_loss:0.00001 rec_loss:0.02831 [6.27s]; best loss:0.00027, patience : 1
2026-07-12 14:07:08,362 P4091889 INFO pr:0.9789  rc:0.9345  auc:0.9785 ap:0.9791 f1: 0.9562 pred_right: 38621 pred_wrong:379 actu_right: 38603 actu_wrong: 397
2026-07-12 14:07:09,421 P4091889 INFO pr:0.9538  rc:0.9612  auc:0.9921 ap:0.9749 f1: 0.9575 pred_right: 16370 pred_wrong:130 actu_right: 16371 actu_wrong: 129
2026-07-12 14:07:09,422 P4091889 INFO ----------------------------------------------------------------------------------------------------
2026-07-12 14:07:09,422 P4091889 INFO 187/300 starting... lr: 0.0009000000000000001 para:0.01
2026-07-12 14:07:15,693 P4091889 INFO Epoch 187/300, all_loss:0.00027 cls_loss:0.00000 rec_loss:0.02653 [6.27s]; best loss:0.00027, patience : 1
2026-07-12 14:07:18,033 P4091889 INFO pr:0.9763  rc:0.9345  auc:0.9771 ap:0.9789 f1: 0.9550 pred_right: 38620 pred_wrong:380 actu_right: 38603 actu_wrong: 397
2026-07-12 14:07:19,036 P4091889 INFO pr:0.9542  rc:0.9690  auc:0.9902 ap:0.9747 f1: 0.9615 pred_right: 16369 pred_wrong:131 actu_right: 16371 actu_wrong: 129
2026-07-12 14:07:19,036 P4091889 INFO ----------------------------------------------------------------------------------------------------
2026-07-12 14:07:19,037 P4091889 INFO 188/300 starting... lr: 0.0009000000000000001 para:0.01
2026-07-12 14:07:25,173 P4091889 INFO Epoch 188/300, all_loss:0.00027 cls_loss:0.00000 rec_loss:0.02642 [6.13s]; best loss:0.00027, patience : 0
2026-07-12 14:07:27,642 P4091889 INFO pr:0.9763  rc:0.9345  auc:0.9771 ap:0.9788 f1: 0.9550 pred_right: 38620 pred_wrong:380 actu_right: 38603 actu_wrong: 397
2026-07-12 14:07:28,577 P4091889 INFO pr:0.9542  rc:0.9690  auc:0.9921 ap:0.9751 f1: 0.9615 pred_right: 16369 pred_wrong:131 actu_right: 16371 actu_wrong: 129
2026-07-12 14:07:28,577 P4091889 INFO ----------------------------------------------------------------------------------------------------
2026-07-12 14:07:28,577 P4091889 INFO 189/300 starting... lr: 0.0009000000000000001 para:0.01
2026-07-12 14:07:34,691 P4091889 INFO Epoch 189/300, all_loss:0.00026 cls_loss:0.00000 rec_loss:0.02567 [6.11s]; best loss:0.00026, patience : 0
2026-07-12 14:07:36,934 P4091889 INFO pr:0.9763  rc:0.9345  auc:0.9768 ap:0.9787 f1: 0.9550 pred_right: 38620 pred_wrong:380 actu_right: 38603 actu_wrong: 397
2026-07-12 14:07:37,871 P4091889 INFO pr:0.9542  rc:0.9690  auc:0.9902 ap:0.9709 f1: 0.9615 pred_right: 16369 pred_wrong:131 actu_right: 16371 actu_wrong: 129
2026-07-12 14:07:37,871 P4091889 INFO ----------------------------------------------------------------------------------------------------
2026-07-12 14:07:37,871 P4091889 INFO 190/300 starting... lr: 0.0009000000000000001 para:0.01
2026-07-12 14:07:44,125 P4091889 INFO Epoch 190/300, all_loss:0.00027 cls_loss:0.00000 rec_loss:0.02632 [6.25s]; best loss:0.00026, patience : 1
2026-07-12 14:07:46,415 P4091889 INFO pr:0.9788  rc:0.9367  auc:0.9766 ap:0.9786 f1: 0.9573 pred_right: 38622 pred_wrong:378 actu_right: 38605 actu_wrong: 395
2026-07-12 14:07:47,560 P4091889 INFO pr:0.9542  rc:0.9690  auc:0.9902 ap:0.9780 f1: 0.9615 pred_right: 16369 pred_wrong:131 actu_right: 16371 actu_wrong: 129
2026-07-12 14:07:47,561 P4091889 INFO ----------------------------------------------------------------------------------------------------
2026-07-12 14:07:47,561 P4091889 INFO 191/300 starting... lr: 0.0009000000000000001 para:0.01
2026-07-12 14:07:53,642 P4091889 INFO Epoch 191/300, all_loss:0.00026 cls_loss:0.00000 rec_loss:0.02543 [6.08s]; best loss:0.00026, patience : 0
2026-07-12 14:07:56,088 P4091889 INFO pr:0.9789  rc:0.9370  auc:0.9778 ap:0.9786 f1: 0.9575 pred_right: 38620 pred_wrong:380 actu_right: 38603 actu_wrong: 397
2026-07-12 14:07:56,969 P4091889 INFO pr:0.9542  rc:0.9690  auc:0.9902 ap:0.9753 f1: 0.9615 pred_right: 16369 pred_wrong:131 actu_right: 16371 actu_wrong: 129
2026-07-12 14:07:56,969 P4091889 INFO ----------------------------------------------------------------------------------------------------
2026-07-12 14:07:56,969 P4091889 INFO 192/300 starting... lr: 0.0009000000000000001 para:0.01
2026-07-12 14:08:02,887 P4091889 INFO Epoch 192/300, all_loss:0.00024 cls_loss:0.00000 rec_loss:0.02382 [5.91s]; best loss:0.00024, patience : 0
2026-07-12 14:08:04,510 P4091889 INFO pr:0.9764  rc:0.9370  auc:0.9767 ap:0.9788 f1: 0.9563 pred_right: 38619 pred_wrong:381 actu_right: 38603 actu_wrong: 397
2026-07-12 14:08:05,347 P4091889 INFO pr:0.9542  rc:0.9690  auc:0.9870 ap:0.9718 f1: 0.9615 pred_right: 16369 pred_wrong:131 actu_right: 16371 actu_wrong: 129
2026-07-12 14:08:05,347 P4091889 INFO ----------------------------------------------------------------------------------------------------
2026-07-12 14:08:05,347 P4091889 INFO 193/300 starting... lr: 0.0009000000000000001 para:0.01
2026-07-12 14:08:11,123 P4091889 INFO Epoch 193/300, all_loss:0.00029 cls_loss:0.00000 rec_loss:0.02855 [5.78s]; best loss:0.00024, patience : 1
2026-07-12 14:08:13,981 P4091889 INFO pr:0.9789  rc:0.9345  auc:0.9766 ap:0.9783 f1: 0.9562 pred_right: 38621 pred_wrong:379 actu_right: 38603 actu_wrong: 397
2026-07-12 14:08:15,949 P4091889 INFO pr:0.9615  rc:0.9690  auc:0.9902 ap:0.9779 f1: 0.9653 pred_right: 16370 pred_wrong:130 actu_right: 16371 actu_wrong: 129
2026-07-12 14:08:15,950 P4091889 INFO ----------------------------------------------------------------------------------------------------
2026-07-12 14:08:15,950 P4091889 INFO 194/300 starting... lr: 0.0009000000000000001 para:0.01
2026-07-12 14:08:26,712 P4091889 INFO Epoch 194/300, all_loss:0.00026 cls_loss:0.00000 rec_loss:0.02536 [10.76s]; best loss:0.00024, patience : 1
2026-07-12 14:08:29,084 P4091889 INFO pr:0.9789  rc:0.9370  auc:0.9758 ap:0.9783 f1: 0.9575 pred_right: 38620 pred_wrong:380 actu_right: 38603 actu_wrong: 397
2026-07-12 14:08:30,252 P4091889 INFO pr:0.9542  rc:0.9690  auc:0.9867 ap:0.9752 f1: 0.9615 pred_right: 16369 pred_wrong:131 actu_right: 16371 actu_wrong: 129
2026-07-12 14:08:30,253 P4091889 INFO ----------------------------------------------------------------------------------------------------
2026-07-12 14:08:30,253 P4091889 INFO 195/300 starting... lr: 0.0009000000000000001 para:0.01
2026-07-12 14:08:36,568 P4091889 INFO Epoch 195/300, all_loss:0.00024 cls_loss:0.00000 rec_loss:0.02409 [6.31s]; best loss:0.00024, patience : 1
2026-07-12 14:08:39,182 P4091889 INFO pr:0.9789  rc:0.9370  auc:0.9768 ap:0.9782 f1: 0.9575 pred_right: 38620 pred_wrong:380 actu_right: 38603 actu_wrong: 397
2026-07-12 14:08:40,261 P4091889 INFO pr:0.9542  rc:0.9690  auc:0.9902 ap:0.9755 f1: 0.9615 pred_right: 16369 pred_wrong:131 actu_right: 16371 actu_wrong: 129
2026-07-12 14:08:40,261 P4091889 INFO ----------------------------------------------------------------------------------------------------
2026-07-12 14:08:40,261 P4091889 INFO 196/300 starting... lr: 0.0009000000000000001 para:0.01
2026-07-12 14:08:46,588 P4091889 INFO Epoch 196/300, all_loss:0.00024 cls_loss:0.00000 rec_loss:0.02346 [6.32s]; best loss:0.00024, patience : 0
2026-07-12 14:08:48,996 P4091889 INFO pr:0.9789  rc:0.9370  auc:0.9753 ap:0.9782 f1: 0.9575 pred_right: 38620 pred_wrong:380 actu_right: 38603 actu_wrong: 397
2026-07-12 14:08:50,025 P4091889 INFO pr:0.9542  rc:0.9690  auc:0.9868 ap:0.9755 f1: 0.9615 pred_right: 16369 pred_wrong:131 actu_right: 16371 actu_wrong: 129
2026-07-12 14:08:50,026 P4091889 INFO ----------------------------------------------------------------------------------------------------
2026-07-12 14:08:50,026 P4091889 INFO 197/300 starting... lr: 0.0009000000000000001 para:0.01
2026-07-12 14:08:56,186 P4091889 INFO Epoch 197/300, all_loss:0.00023 cls_loss:0.00000 rec_loss:0.02247 [6.16s]; best loss:0.00023, patience : 0
2026-07-12 14:08:58,483 P4091889 INFO pr:0.9789  rc:0.9369  auc:0.9751 ap:0.9783 f1: 0.9574 pred_right: 38621 pred_wrong:379 actu_right: 38604 actu_wrong: 396
2026-07-12 14:08:59,432 P4091889 INFO pr:0.9542  rc:0.9690  auc:0.9864 ap:0.9755 f1: 0.9615 pred_right: 16369 pred_wrong:131 actu_right: 16371 actu_wrong: 129
2026-07-12 14:08:59,432 P4091889 INFO ----------------------------------------------------------------------------------------------------
2026-07-12 14:08:59,432 P4091889 INFO 198/300 starting... lr: 0.0009000000000000001 para:0.01
2026-07-12 14:09:05,669 P4091889 INFO Epoch 198/300, all_loss:0.00022 cls_loss:0.00000 rec_loss:0.02197 [6.23s]; best loss:0.00022, patience : 0
2026-07-12 14:09:07,801 P4091889 INFO pr:0.9764  rc:0.9370  auc:0.9767 ap:0.9781 f1: 0.9563 pred_right: 38619 pred_wrong:381 actu_right: 38603 actu_wrong: 397
2026-07-12 14:09:08,753 P4091889 INFO pr:0.9398  rc:0.9690  auc:0.9868 ap:0.9685 f1: 0.9542 pred_right: 16367 pred_wrong:133 actu_right: 16371 actu_wrong: 129
2026-07-12 14:09:08,753 P4091889 INFO ----------------------------------------------------------------------------------------------------
2026-07-12 14:09:08,753 P4091889 INFO 199/300 starting... lr: 0.0009000000000000001 para:0.01
2026-07-12 14:09:15,103 P4091889 INFO Epoch 199/300, all_loss:0.00023 cls_loss:0.00000 rec_loss:0.02278 [6.35s]; best loss:0.00022, patience : 1
2026-07-12 14:09:17,272 P4091889 INFO pr:0.9841  rc:0.9370  auc:0.9742 ap:0.9781 f1: 0.9600 pred_right: 38622 pred_wrong:378 actu_right: 38603 actu_wrong: 397
2026-07-12 14:09:18,162 P4091889 INFO pr:0.9615  rc:0.9690  auc:0.9864 ap:0.9754 f1: 0.9653 pred_right: 16370 pred_wrong:130 actu_right: 16371 actu_wrong: 129
2026-07-12 14:09:18,163 P4091889 INFO ----------------------------------------------------------------------------------------------------
2026-07-12 14:09:18,163 P4091889 INFO 200/300 starting... lr: 0.0008100000000000001 para:0.01
2026-07-12 14:09:24,512 P4091889 INFO Epoch 200/300, all_loss:0.00021 cls_loss:0.00000 rec_loss:0.02053 [6.35s]; best loss:0.00021, patience : 0
2026-07-12 14:09:26,857 P4091889 INFO pr:0.9815  rc:0.9394  auc:0.9763 ap:0.9796 f1: 0.9600 pred_right: 38621 pred_wrong:379 actu_right: 38604 actu_wrong: 396
2026-07-12 14:09:27,852 P4091889 INFO pr:0.9470  rc:0.9690  auc:0.9863 ap:0.9719 f1: 0.9579 pred_right: 16368 pred_wrong:132 actu_right: 16371 actu_wrong: 129
2026-07-12 14:09:27,853 P4091889 INFO ----------------------------------------------------------------------------------------------------
2026-07-12 14:09:27,853 P4091889 INFO 201/300 starting... lr: 0.0008100000000000001 para:0.01
2026-07-12 14:09:34,589 P4091889 INFO Epoch 201/300, all_loss:0.11569 cls_loss:0.11661 rec_loss:0.02517 [6.74s]; best loss:0.00021, patience : 1
2026-07-12 14:09:36,345 P4091889 INFO pr:0.9355  rc:0.9496  auc:0.9834 ap:0.9718 f1: 0.9425 pred_right: 38597 pred_wrong:403 actu_right: 38603 actu_wrong: 397
2026-07-12 14:09:37,129 P4091889 INFO pr:0.9007  rc:0.9845  auc:0.9963 ap:0.9728 f1: 0.9407 pred_right: 16359 pred_wrong:141 actu_right: 16371 actu_wrong: 129
2026-07-12 14:09:37,130 P4091889 INFO ----------------------------------------------------------------------------------------------------
2026-07-12 14:09:37,130 P4091889 INFO 202/300 starting... lr: 0.0008100000000000001 para:0.01
2026-07-12 14:09:43,134 P4091889 INFO Epoch 202/300, all_loss:0.19671 cls_loss:0.19820 rec_loss:0.04946 [6.00s]; best loss:0.00021, patience : 2
2026-07-12 14:09:45,893 P4091889 INFO pr:0.9835  rc:0.8992  auc:0.9751 ap:0.9725 f1: 0.9395 pred_right: 38637 pred_wrong:363 actu_right: 38603 actu_wrong: 397
2026-07-12 14:09:47,822 P4091889 INFO pr:0.9435  rc:0.9070  auc:0.9782 ap:0.9657 f1: 0.9249 pred_right: 16376 pred_wrong:124 actu_right: 16371 actu_wrong: 129
2026-07-12 14:09:47,823 P4091889 INFO ----------------------------------------------------------------------------------------------------
2026-07-12 14:09:47,823 P4091889 INFO 203/300 starting... lr: 0.0008100000000000001 para:0.01
2026-07-12 14:09:59,212 P4091889 INFO Epoch 203/300, all_loss:0.11635 cls_loss:0.11695 rec_loss:0.05674 [11.39s]; best loss:0.00021, patience : 2
2026-07-12 14:10:01,664 P4091889 INFO pr:0.9816  rc:0.9395  auc:0.9833 ap:0.9793 f1: 0.9601 pred_right: 38620 pred_wrong:380 actu_right: 38603 actu_wrong: 397
2026-07-12 14:10:02,681 P4091889 INFO pr:0.9328  rc:0.9690  auc:0.9883 ap:0.9753 f1: 0.9506 pred_right: 16366 pred_wrong:134 actu_right: 16371 actu_wrong: 129
2026-07-12 14:10:02,681 P4091889 INFO ----------------------------------------------------------------------------------------------------
2026-07-12 14:10:02,681 P4091889 INFO 204/300 starting... lr: 0.0008100000000000001 para:0.01
2026-07-12 14:10:09,089 P4091889 INFO Epoch 204/300, all_loss:0.06584 cls_loss:0.06613 rec_loss:0.03733 [6.41s]; best loss:0.00021, patience : 2
2026-07-12 14:10:11,279 P4091889 INFO pr:0.9816  rc:0.9421  auc:0.9837 ap:0.9802 f1: 0.9614 pred_right: 38619 pred_wrong:381 actu_right: 38603 actu_wrong: 397
2026-07-12 14:10:12,328 P4091889 INFO pr:0.9394  rc:0.9612  auc:0.9826 ap:0.9708 f1: 0.9502 pred_right: 16368 pred_wrong:132 actu_right: 16371 actu_wrong: 129
2026-07-12 14:10:12,329 P4091889 INFO ----------------------------------------------------------------------------------------------------
2026-07-12 14:10:12,329 P4091889 INFO 205/300 starting... lr: 0.0008100000000000001 para:0.01
2026-07-12 14:10:18,574 P4091889 INFO Epoch 205/300, all_loss:0.00266 cls_loss:0.00230 rec_loss:0.03801 [6.24s]; best loss:0.00021, patience : 2
2026-07-12 14:10:20,699 P4091889 INFO pr:0.9765  rc:0.9421  auc:0.9818 ap:0.9759 f1: 0.9590 pred_right: 38617 pred_wrong:383 actu_right: 38603 actu_wrong: 397
2026-07-12 14:10:21,647 P4091889 INFO pr:0.9130  rc:0.9767  auc:0.9959 ap:0.9756 f1: 0.9438 pred_right: 16362 pred_wrong:138 actu_right: 16371 actu_wrong: 129
2026-07-12 14:10:21,648 P4091889 INFO ----------------------------------------------------------------------------------------------------
2026-07-12 14:10:21,648 P4091889 INFO 206/300 starting... lr: 0.0008100000000000001 para:0.01
2026-07-12 14:10:27,970 P4091889 INFO Epoch 206/300, all_loss:0.00095 cls_loss:0.00056 rec_loss:0.03941 [6.32s]; best loss:0.00021, patience : 2
2026-07-12 14:10:30,168 P4091889 INFO pr:0.9790  rc:0.9395  auc:0.9811 ap:0.9773 f1: 0.9589 pred_right: 38619 pred_wrong:381 actu_right: 38603 actu_wrong: 397
2026-07-12 14:10:31,101 P4091889 INFO pr:0.9328  rc:0.9690  auc:0.9902 ap:0.9727 f1: 0.9506 pred_right: 16366 pred_wrong:134 actu_right: 16371 actu_wrong: 129
2026-07-12 14:10:31,102 P4091889 INFO ----------------------------------------------------------------------------------------------------
2026-07-12 14:10:31,102 P4091889 INFO 207/300 starting... lr: 0.0008100000000000001 para:0.01
2026-07-12 14:10:37,473 P4091889 INFO Epoch 207/300, all_loss:0.00047 cls_loss:0.00009 rec_loss:0.03750 [6.37s]; best loss:0.00021, patience : 2
2026-07-12 14:10:39,589 P4091889 INFO pr:0.9815  rc:0.9370  auc:0.9801 ap:0.9770 f1: 0.9588 pred_right: 38621 pred_wrong:379 actu_right: 38603 actu_wrong: 397
2026-07-12 14:10:40,520 P4091889 INFO pr:0.9470  rc:0.9690  auc:0.9882 ap:0.9718 f1: 0.9579 pred_right: 16368 pred_wrong:132 actu_right: 16371 actu_wrong: 129
2026-07-12 14:10:40,521 P4091889 INFO ----------------------------------------------------------------------------------------------------
2026-07-12 14:10:40,521 P4091889 INFO 208/300 starting... lr: 0.0008100000000000001 para:0.01
2026-07-12 14:10:46,874 P4091889 INFO Epoch 208/300, all_loss:0.00043 cls_loss:0.00007 rec_loss:0.03662 [6.35s]; best loss:0.00021, patience : 2
2026-07-12 14:10:49,558 P4091889 INFO pr:0.9815  rc:0.9370  auc:0.9801 ap:0.9772 f1: 0.9588 pred_right: 38621 pred_wrong:379 actu_right: 38603 actu_wrong: 397
2026-07-12 14:10:50,433 P4091889 INFO pr:0.9470  rc:0.9690  auc:0.9902 ap:0.9726 f1: 0.9579 pred_right: 16368 pred_wrong:132 actu_right: 16371 actu_wrong: 129
2026-07-12 14:10:50,434 P4091889 INFO ----------------------------------------------------------------------------------------------------
2026-07-12 14:10:50,434 P4091889 INFO 209/300 starting... lr: 0.0008100000000000001 para:0.01
2026-07-12 14:10:56,647 P4091889 INFO Epoch 209/300, all_loss:0.00041 cls_loss:0.00005 rec_loss:0.03582 [6.21s]; best loss:0.00021, patience : 2
2026-07-12 14:10:58,782 P4091889 INFO pr:0.9815  rc:0.9370  auc:0.9800 ap:0.9771 f1: 0.9588 pred_right: 38621 pred_wrong:379 actu_right: 38603 actu_wrong: 397
2026-07-12 14:10:59,772 P4091889 INFO pr:0.9470  rc:0.9690  auc:0.9882 ap:0.9725 f1: 0.9579 pred_right: 16368 pred_wrong:132 actu_right: 16371 actu_wrong: 129
2026-07-12 14:10:59,772 P4091889 INFO ----------------------------------------------------------------------------------------------------
2026-07-12 14:10:59,773 P4091889 INFO 210/300 starting... lr: 0.0008100000000000001 para:0.01
2026-07-12 14:11:06,209 P4091889 INFO Epoch 210/300, all_loss:0.00039 cls_loss:0.00004 rec_loss:0.03496 [6.44s]; best loss:0.00021, patience : 2
2026-07-12 14:11:07,955 P4091889 INFO pr:0.9815  rc:0.9370  auc:0.9800 ap:0.9772 f1: 0.9588 pred_right: 38621 pred_wrong:379 actu_right: 38603 actu_wrong: 397
2026-07-12 14:11:08,703 P4091889 INFO pr:0.9470  rc:0.9690  auc:0.9902 ap:0.9727 f1: 0.9579 pred_right: 16368 pred_wrong:132 actu_right: 16371 actu_wrong: 129
2026-07-12 14:11:08,704 P4091889 INFO ----------------------------------------------------------------------------------------------------
2026-07-12 14:11:08,704 P4091889 INFO 211/300 starting... lr: 0.0008100000000000001 para:0.01
2026-07-12 14:11:14,232 P4091889 INFO Epoch 211/300, all_loss:0.00038 cls_loss:0.00004 rec_loss:0.03407 [5.53s]; best loss:0.00021, patience : 2
2026-07-12 14:11:16,207 P4091889 INFO pr:0.9815  rc:0.9370  auc:0.9799 ap:0.9773 f1: 0.9588 pred_right: 38621 pred_wrong:379 actu_right: 38603 actu_wrong: 397
2026-07-12 14:11:17,518 P4091889 INFO pr:0.9470  rc:0.9690  auc:0.9902 ap:0.9728 f1: 0.9579 pred_right: 16368 pred_wrong:132 actu_right: 16371 actu_wrong: 129
2026-07-12 14:11:17,522 P4091889 INFO ----------------------------------------------------------------------------------------------------
2026-07-12 14:11:17,522 P4091889 INFO 212/300 starting... lr: 0.0008100000000000001 para:0.01
2026-07-12 14:11:30,062 P4091889 INFO Epoch 212/300, all_loss:0.00037 cls_loss:0.00003 rec_loss:0.03316 [12.54s]; best loss:0.00021, patience : 2
2026-07-12 14:11:32,714 P4091889 INFO pr:0.9815  rc:0.9370  auc:0.9798 ap:0.9774 f1: 0.9588 pred_right: 38621 pred_wrong:379 actu_right: 38603 actu_wrong: 397
2026-07-12 14:11:33,833 P4091889 INFO pr:0.9470  rc:0.9690  auc:0.9902 ap:0.9729 f1: 0.9579 pred_right: 16368 pred_wrong:132 actu_right: 16371 actu_wrong: 129
2026-07-12 14:11:33,834 P4091889 INFO ----------------------------------------------------------------------------------------------------
2026-07-12 14:11:33,834 P4091889 INFO 213/300 starting... lr: 0.0008100000000000001 para:0.01
2026-07-12 14:11:40,315 P4091889 INFO Epoch 213/300, all_loss:0.00035 cls_loss:0.00003 rec_loss:0.03225 [6.48s]; best loss:0.00021, patience : 2
2026-07-12 14:11:42,527 P4091889 INFO pr:0.9815  rc:0.9369  auc:0.9797 ap:0.9773 f1: 0.9587 pred_right: 38622 pred_wrong:378 actu_right: 38604 actu_wrong: 396
2026-07-12 14:11:43,477 P4091889 INFO pr:0.9470  rc:0.9690  auc:0.9902 ap:0.9730 f1: 0.9579 pred_right: 16368 pred_wrong:132 actu_right: 16371 actu_wrong: 129
2026-07-12 14:11:43,477 P4091889 INFO ----------------------------------------------------------------------------------------------------
2026-07-12 14:11:43,477 P4091889 INFO 214/300 starting... lr: 0.0008100000000000001 para:0.01
2026-07-12 14:11:49,762 P4091889 INFO Epoch 214/300, all_loss:0.00034 cls_loss:0.00003 rec_loss:0.03163 [6.28s]; best loss:0.00021, patience : 2
2026-07-12 14:11:52,082 P4091889 INFO pr:0.9815  rc:0.9370  auc:0.9797 ap:0.9775 f1: 0.9588 pred_right: 38621 pred_wrong:379 actu_right: 38603 actu_wrong: 397
2026-07-12 14:11:53,124 P4091889 INFO pr:0.9470  rc:0.9690  auc:0.9902 ap:0.9730 f1: 0.9579 pred_right: 16368 pred_wrong:132 actu_right: 16371 actu_wrong: 129
2026-07-12 14:11:53,124 P4091889 INFO ----------------------------------------------------------------------------------------------------
2026-07-12 14:11:53,124 P4091889 INFO 215/300 starting... lr: 0.0008100000000000001 para:0.01
2026-07-12 14:11:59,323 P4091889 INFO Epoch 215/300, all_loss:0.00033 cls_loss:0.00003 rec_loss:0.03086 [6.20s]; best loss:0.00021, patience : 2
2026-07-12 14:12:01,518 P4091889 INFO pr:0.9815  rc:0.9370  auc:0.9796 ap:0.9775 f1: 0.9588 pred_right: 38621 pred_wrong:379 actu_right: 38603 actu_wrong: 397
2026-07-12 14:12:02,595 P4091889 INFO pr:0.9470  rc:0.9690  auc:0.9902 ap:0.9731 f1: 0.9579 pred_right: 16368 pred_wrong:132 actu_right: 16371 actu_wrong: 129
2026-07-12 14:12:02,596 P4091889 INFO ----------------------------------------------------------------------------------------------------
2026-07-12 14:12:02,596 P4091889 INFO 216/300 starting... lr: 0.0008100000000000001 para:0.01
2026-07-12 14:12:09,048 P4091889 INFO Epoch 216/300, all_loss:0.00032 cls_loss:0.00002 rec_loss:0.03015 [6.45s]; best loss:0.00021, patience : 2
2026-07-12 14:12:11,424 P4091889 INFO pr:0.9815  rc:0.9369  auc:0.9794 ap:0.9775 f1: 0.9587 pred_right: 38622 pred_wrong:378 actu_right: 38604 actu_wrong: 396
2026-07-12 14:12:12,460 P4091889 INFO pr:0.9470  rc:0.9690  auc:0.9902 ap:0.9731 f1: 0.9579 pred_right: 16368 pred_wrong:132 actu_right: 16371 actu_wrong: 129
2026-07-12 14:12:12,461 P4091889 INFO ----------------------------------------------------------------------------------------------------
2026-07-12 14:12:12,461 P4091889 INFO 217/300 starting... lr: 0.0008100000000000001 para:0.01
2026-07-12 14:12:18,755 P4091889 INFO Epoch 217/300, all_loss:0.00032 cls_loss:0.00002 rec_loss:0.02948 [6.29s]; best loss:0.00021, patience : 2
2026-07-12 14:12:21,078 P4091889 INFO pr:0.9815  rc:0.9370  auc:0.9794 ap:0.9777 f1: 0.9588 pred_right: 38621 pred_wrong:379 actu_right: 38603 actu_wrong: 397
2026-07-12 14:12:22,080 P4091889 INFO pr:0.9470  rc:0.9690  auc:0.9902 ap:0.9736 f1: 0.9579 pred_right: 16368 pred_wrong:132 actu_right: 16371 actu_wrong: 129
2026-07-12 14:12:22,080 P4091889 INFO ----------------------------------------------------------------------------------------------------
2026-07-12 14:12:22,080 P4091889 INFO 218/300 starting... lr: 0.0008100000000000001 para:0.01
2026-07-12 14:12:28,535 P4091889 INFO Epoch 218/300, all_loss:0.00031 cls_loss:0.00002 rec_loss:0.02878 [6.45s]; best loss:0.00021, patience : 2
2026-07-12 14:12:30,967 P4091889 INFO pr:0.9815  rc:0.9369  auc:0.9793 ap:0.9777 f1: 0.9587 pred_right: 38622 pred_wrong:378 actu_right: 38604 actu_wrong: 396
2026-07-12 14:12:32,664 P4091889 INFO pr:0.9470  rc:0.9690  auc:0.9902 ap:0.9735 f1: 0.9579 pred_right: 16368 pred_wrong:132 actu_right: 16371 actu_wrong: 129
2026-07-12 14:12:32,666 P4091889 INFO ----------------------------------------------------------------------------------------------------
2026-07-12 14:12:32,666 P4091889 INFO 219/300 starting... lr: 0.0008100000000000001 para:0.01
2026-07-12 14:12:37,818 P4091889 INFO Epoch 219/300, all_loss:0.00030 cls_loss:0.00002 rec_loss:0.02811 [5.15s]; best loss:0.00021, patience : 2
2026-07-12 14:12:39,816 P4091889 INFO pr:0.9815  rc:0.9369  auc:0.9792 ap:0.9777 f1: 0.9587 pred_right: 38622 pred_wrong:378 actu_right: 38604 actu_wrong: 396
2026-07-12 14:12:40,737 P4091889 INFO pr:0.9470  rc:0.9690  auc:0.9902 ap:0.9737 f1: 0.9579 pred_right: 16368 pred_wrong:132 actu_right: 16371 actu_wrong: 129
2026-07-12 14:12:40,738 P4091889 INFO ----------------------------------------------------------------------------------------------------
2026-07-12 14:12:40,738 P4091889 INFO 220/300 starting... lr: 0.0008100000000000001 para:0.01
2026-07-12 14:12:46,845 P4091889 INFO Epoch 220/300, all_loss:0.00029 cls_loss:0.00002 rec_loss:0.02748 [6.11s]; best loss:0.00021, patience : 2
2026-07-12 14:12:52,178 P4091889 INFO pr:0.9815  rc:0.9369  auc:0.9792 ap:0.9778 f1: 0.9587 pred_right: 38622 pred_wrong:378 actu_right: 38604 actu_wrong: 396
2026-07-12 14:12:54,206 P4091889 INFO pr:0.9470  rc:0.9690  auc:0.9902 ap:0.9737 f1: 0.9579 pred_right: 16368 pred_wrong:132 actu_right: 16371 actu_wrong: 129
2026-07-12 14:12:54,207 P4091889 INFO ----------------------------------------------------------------------------------------------------
2026-07-12 14:12:54,207 P4091889 INFO 221/300 starting... lr: 0.0008100000000000001 para:0.01
2026-07-12 14:13:03,942 P4091889 INFO Epoch 221/300, all_loss:0.00029 cls_loss:0.00002 rec_loss:0.02706 [9.73s]; best loss:0.00021, patience : 2
2026-07-12 14:13:06,351 P4091889 INFO pr:0.9815  rc:0.9369  auc:0.9792 ap:0.9778 f1: 0.9587 pred_right: 38622 pred_wrong:378 actu_right: 38604 actu_wrong: 396
2026-07-12 14:13:07,394 P4091889 INFO pr:0.9470  rc:0.9690  auc:0.9902 ap:0.9738 f1: 0.9579 pred_right: 16368 pred_wrong:132 actu_right: 16371 actu_wrong: 129
2026-07-12 14:13:07,395 P4091889 INFO ----------------------------------------------------------------------------------------------------
2026-07-12 14:13:07,395 P4091889 INFO 222/300 starting... lr: 0.0008100000000000001 para:0.01
2026-07-12 14:13:13,569 P4091889 INFO Epoch 222/300, all_loss:0.00028 cls_loss:0.00001 rec_loss:0.02654 [6.17s]; best loss:0.00021, patience : 2
2026-07-12 14:13:15,986 P4091889 INFO pr:0.9815  rc:0.9370  auc:0.9792 ap:0.9780 f1: 0.9588 pred_right: 38621 pred_wrong:379 actu_right: 38603 actu_wrong: 397
2026-07-12 14:13:17,028 P4091889 INFO pr:0.9470  rc:0.9690  auc:0.9902 ap:0.9738 f1: 0.9579 pred_right: 16368 pred_wrong:132 actu_right: 16371 actu_wrong: 129
2026-07-12 14:13:17,029 P4091889 INFO ----------------------------------------------------------------------------------------------------
2026-07-12 14:13:17,029 P4091889 INFO 223/300 starting... lr: 0.0008100000000000001 para:0.01
2026-07-12 14:13:23,166 P4091889 INFO Epoch 223/300, all_loss:0.00027 cls_loss:0.00001 rec_loss:0.02592 [6.14s]; best loss:0.00021, patience : 2
2026-07-12 14:13:25,492 P4091889 INFO pr:0.9815  rc:0.9370  auc:0.9792 ap:0.9780 f1: 0.9588 pred_right: 38621 pred_wrong:379 actu_right: 38603 actu_wrong: 397
2026-07-12 14:13:26,467 P4091889 INFO pr:0.9470  rc:0.9690  auc:0.9903 ap:0.9739 f1: 0.9579 pred_right: 16368 pred_wrong:132 actu_right: 16371 actu_wrong: 129
2026-07-12 14:13:26,468 P4091889 INFO ----------------------------------------------------------------------------------------------------
2026-07-12 14:13:26,468 P4091889 INFO 224/300 starting... lr: 0.0008100000000000001 para:0.01
2026-07-12 14:13:32,908 P4091889 INFO Epoch 224/300, all_loss:0.00027 cls_loss:0.00001 rec_loss:0.02555 [6.44s]; best loss:0.00021, patience : 2
2026-07-12 14:13:35,270 P4091889 INFO pr:0.9815  rc:0.9370  auc:0.9792 ap:0.9781 f1: 0.9588 pred_right: 38621 pred_wrong:379 actu_right: 38603 actu_wrong: 397
2026-07-12 14:13:36,292 P4091889 INFO pr:0.9470  rc:0.9690  auc:0.9902 ap:0.9740 f1: 0.9579 pred_right: 16368 pred_wrong:132 actu_right: 16371 actu_wrong: 129
2026-07-12 14:13:36,293 P4091889 INFO ----------------------------------------------------------------------------------------------------
2026-07-12 14:13:36,293 P4091889 INFO 225/300 starting... lr: 0.0008100000000000001 para:0.01
2026-07-12 14:13:42,547 P4091889 INFO Epoch 225/300, all_loss:0.00026 cls_loss:0.00001 rec_loss:0.02511 [6.25s]; best loss:0.00021, patience : 2
2026-07-12 14:13:44,857 P4091889 INFO pr:0.9815  rc:0.9370  auc:0.9792 ap:0.9781 f1: 0.9588 pred_right: 38621 pred_wrong:379 actu_right: 38603 actu_wrong: 397
2026-07-12 14:13:45,849 P4091889 INFO pr:0.9470  rc:0.9690  auc:0.9902 ap:0.9741 f1: 0.9579 pred_right: 16368 pred_wrong:132 actu_right: 16371 actu_wrong: 129
2026-07-12 14:13:45,850 P4091889 INFO ----------------------------------------------------------------------------------------------------
2026-07-12 14:13:45,850 P4091889 INFO 226/300 starting... lr: 0.0008100000000000001 para:0.01
2026-07-12 14:13:52,311 P4091889 INFO Epoch 226/300, all_loss:0.00026 cls_loss:0.00001 rec_loss:0.02474 [6.46s]; best loss:0.00021, patience : 2
2026-07-12 14:13:55,005 P4091889 INFO pr:0.9815  rc:0.9370  auc:0.9792 ap:0.9782 f1: 0.9588 pred_right: 38621 pred_wrong:379 actu_right: 38603 actu_wrong: 397
2026-07-12 14:13:55,961 P4091889 INFO pr:0.9470  rc:0.9690  auc:0.9902 ap:0.9741 f1: 0.9579 pred_right: 16368 pred_wrong:132 actu_right: 16371 actu_wrong: 129
2026-07-12 14:13:55,961 P4091889 INFO ----------------------------------------------------------------------------------------------------
2026-07-12 14:13:55,961 P4091889 INFO 227/300 starting... lr: 0.0008100000000000001 para:0.01
2026-07-12 14:14:02,194 P4091889 INFO Epoch 227/300, all_loss:0.00025 cls_loss:0.00001 rec_loss:0.02435 [6.23s]; best loss:0.00021, patience : 2
2026-07-12 14:14:04,991 P4091889 INFO pr:0.9815  rc:0.9370  auc:0.9792 ap:0.9782 f1: 0.9588 pred_right: 38621 pred_wrong:379 actu_right: 38603 actu_wrong: 397
2026-07-12 14:14:05,679 P4091889 INFO pr:0.9474  rc:0.9767  auc:0.9902 ap:0.9744 f1: 0.9618 pred_right: 16367 pred_wrong:133 actu_right: 16371 actu_wrong: 129
2026-07-12 14:14:05,679 P4091889 INFO ----------------------------------------------------------------------------------------------------
2026-07-12 14:14:05,679 P4091889 INFO 228/300 starting... lr: 0.0008100000000000001 para:0.01
2026-07-12 14:14:10,477 P4091889 INFO Epoch 228/300, all_loss:0.00025 cls_loss:0.00001 rec_loss:0.02399 [4.80s]; best loss:0.00021, patience : 2
2026-07-12 14:14:12,435 P4091889 INFO pr:0.9815  rc:0.9370  auc:0.9792 ap:0.9783 f1: 0.9588 pred_right: 38621 pred_wrong:379 actu_right: 38603 actu_wrong: 397
2026-07-12 14:14:13,294 P4091889 INFO pr:0.9474  rc:0.9767  auc:0.9902 ap:0.9744 f1: 0.9618 pred_right: 16367 pred_wrong:133 actu_right: 16371 actu_wrong: 129
2026-07-12 14:14:13,295 P4091889 INFO ----------------------------------------------------------------------------------------------------
2026-07-12 14:14:13,295 P4091889 INFO 229/300 starting... lr: 0.0008100000000000001 para:0.01
2026-07-12 14:14:21,399 P4091889 INFO Epoch 229/300, all_loss:0.00025 cls_loss:0.00001 rec_loss:0.02368 [8.10s]; best loss:0.00021, patience : 2
2026-07-12 14:14:25,547 P4091889 INFO pr:0.9815  rc:0.9370  auc:0.9791 ap:0.9783 f1: 0.9588 pred_right: 38621 pred_wrong:379 actu_right: 38603 actu_wrong: 397
2026-07-12 14:14:27,149 P4091889 INFO pr:0.9474  rc:0.9767  auc:0.9902 ap:0.9744 f1: 0.9618 pred_right: 16367 pred_wrong:133 actu_right: 16371 actu_wrong: 129
2026-07-12 14:14:27,150 P4091889 INFO ----------------------------------------------------------------------------------------------------
2026-07-12 14:14:27,150 P4091889 INFO 230/300 starting... lr: 0.0008100000000000001 para:0.01
2026-07-12 14:14:35,257 P4091889 INFO Epoch 230/300, all_loss:0.00024 cls_loss:0.00001 rec_loss:0.02321 [8.11s]; best loss:0.00021, patience : 2
2026-07-12 14:14:37,773 P4091889 INFO pr:0.9815  rc:0.9370  auc:0.9790 ap:0.9783 f1: 0.9588 pred_right: 38621 pred_wrong:379 actu_right: 38603 actu_wrong: 397
2026-07-12 14:14:38,722 P4091889 INFO pr:0.9474  rc:0.9767  auc:0.9902 ap:0.9745 f1: 0.9618 pred_right: 16367 pred_wrong:133 actu_right: 16371 actu_wrong: 129
2026-07-12 14:14:38,722 P4091889 INFO ----------------------------------------------------------------------------------------------------
2026-07-12 14:14:38,722 P4091889 INFO 231/300 starting... lr: 0.0008100000000000001 para:0.01
2026-07-12 14:14:45,072 P4091889 INFO Epoch 231/300, all_loss:0.00024 cls_loss:0.00001 rec_loss:0.02304 [6.35s]; best loss:0.00021, patience : 2
2026-07-12 14:14:47,225 P4091889 INFO pr:0.9789  rc:0.9370  auc:0.9789 ap:0.9783 f1: 0.9575 pred_right: 38620 pred_wrong:380 actu_right: 38603 actu_wrong: 397
2026-07-12 14:14:48,315 P4091889 INFO pr:0.9474  rc:0.9767  auc:0.9902 ap:0.9745 f1: 0.9618 pred_right: 16367 pred_wrong:133 actu_right: 16371 actu_wrong: 129
2026-07-12 14:14:48,316 P4091889 INFO ----------------------------------------------------------------------------------------------------
2026-07-12 14:14:48,316 P4091889 INFO 232/300 starting... lr: 0.0008100000000000001 para:0.01
2026-07-12 14:14:54,620 P4091889 INFO Epoch 232/300, all_loss:0.00024 cls_loss:0.00001 rec_loss:0.02275 [6.30s]; best loss:0.00021, patience : 2
2026-07-12 14:14:56,924 P4091889 INFO pr:0.9789  rc:0.9370  auc:0.9787 ap:0.9783 f1: 0.9575 pred_right: 38620 pred_wrong:380 actu_right: 38603 actu_wrong: 397
2026-07-12 14:14:57,970 P4091889 INFO pr:0.9474  rc:0.9767  auc:0.9903 ap:0.9745 f1: 0.9618 pred_right: 16367 pred_wrong:133 actu_right: 16371 actu_wrong: 129
2026-07-12 14:14:57,970 P4091889 INFO ----------------------------------------------------------------------------------------------------
2026-07-12 14:14:57,970 P4091889 INFO 233/300 starting... lr: 0.0008100000000000001 para:0.01
2026-07-12 14:15:04,338 P4091889 INFO Epoch 233/300, all_loss:0.00023 cls_loss:0.00001 rec_loss:0.02244 [6.37s]; best loss:0.00021, patience : 2
2026-07-12 14:15:06,381 P4091889 INFO pr:0.9789  rc:0.9369  auc:0.9785 ap:0.9783 f1: 0.9574 pred_right: 38621 pred_wrong:379 actu_right: 38604 actu_wrong: 396
2026-07-12 14:15:07,269 P4091889 INFO pr:0.9403  rc:0.9767  auc:0.9903 ap:0.9747 f1: 0.9582 pred_right: 16366 pred_wrong:134 actu_right: 16371 actu_wrong: 129
2026-07-12 14:15:07,270 P4091889 INFO ----------------------------------------------------------------------------------------------------
2026-07-12 14:15:07,270 P4091889 INFO 234/300 starting... lr: 0.0008100000000000001 para:0.01
2026-07-12 14:15:13,566 P4091889 INFO Epoch 234/300, all_loss:0.00023 cls_loss:0.00001 rec_loss:0.02200 [6.30s]; best loss:0.00021, patience : 2
2026-07-12 14:15:16,105 P4091889 INFO pr:0.9789  rc:0.9369  auc:0.9784 ap:0.9783 f1: 0.9574 pred_right: 38621 pred_wrong:379 actu_right: 38604 actu_wrong: 396
2026-07-12 14:15:17,182 P4091889 INFO pr:0.9403  rc:0.9767  auc:0.9903 ap:0.9747 f1: 0.9582 pred_right: 16366 pred_wrong:134 actu_right: 16371 actu_wrong: 129
2026-07-12 14:15:17,183 P4091889 INFO ----------------------------------------------------------------------------------------------------
2026-07-12 14:15:17,183 P4091889 INFO 235/300 starting... lr: 0.0008100000000000001 para:0.01
2026-07-12 14:15:23,499 P4091889 INFO Epoch 235/300, all_loss:0.00023 cls_loss:0.00001 rec_loss:0.02194 [6.32s]; best loss:0.00021, patience : 2
2026-07-12 14:15:25,772 P4091889 INFO pr:0.9789  rc:0.9370  auc:0.9784 ap:0.9784 f1: 0.9575 pred_right: 38620 pred_wrong:380 actu_right: 38603 actu_wrong: 397
2026-07-12 14:15:26,691 P4091889 INFO pr:0.9403  rc:0.9767  auc:0.9904 ap:0.9749 f1: 0.9582 pred_right: 16366 pred_wrong:134 actu_right: 16371 actu_wrong: 129
2026-07-12 14:15:26,691 P4091889 INFO ----------------------------------------------------------------------------------------------------
2026-07-12 14:15:26,691 P4091889 INFO 236/300 starting... lr: 0.0008100000000000001 para:0.01
2026-07-12 14:15:32,970 P4091889 INFO Epoch 236/300, all_loss:0.00022 cls_loss:0.00001 rec_loss:0.02168 [6.28s]; best loss:0.00021, patience : 2
2026-07-12 14:15:35,282 P4091889 INFO pr:0.9789  rc:0.9370  auc:0.9783 ap:0.9783 f1: 0.9575 pred_right: 38620 pred_wrong:380 actu_right: 38603 actu_wrong: 397
2026-07-12 14:15:36,651 P4091889 INFO pr:0.9403  rc:0.9767  auc:0.9904 ap:0.9749 f1: 0.9582 pred_right: 16366 pred_wrong:134 actu_right: 16371 actu_wrong: 129
2026-07-12 14:15:36,651 P4091889 INFO ----------------------------------------------------------------------------------------------------
2026-07-12 14:15:36,651 P4091889 INFO 237/300 starting... lr: 0.0008100000000000001 para:0.01
2026-07-12 14:15:42,064 P4091889 INFO Epoch 237/300, all_loss:0.00022 cls_loss:0.00001 rec_loss:0.02133 [5.41s]; best loss:0.00021, patience : 2
2026-07-12 14:15:43,986 P4091889 INFO pr:0.9789  rc:0.9369  auc:0.9781 ap:0.9782 f1: 0.9574 pred_right: 38621 pred_wrong:379 actu_right: 38604 actu_wrong: 396
2026-07-12 14:15:44,937 P4091889 INFO pr:0.9403  rc:0.9767  auc:0.9903 ap:0.9750 f1: 0.9582 pred_right: 16366 pred_wrong:134 actu_right: 16371 actu_wrong: 129
2026-07-12 14:15:44,938 P4091889 INFO ----------------------------------------------------------------------------------------------------
2026-07-12 14:15:44,938 P4091889 INFO 238/300 starting... lr: 0.0008100000000000001 para:0.01
2026-07-12 14:15:51,727 P4091889 INFO Epoch 238/300, all_loss:0.00022 cls_loss:0.00001 rec_loss:0.02144 [6.79s]; best loss:0.00021, patience : 3
2026-07-12 14:15:57,358 P4091889 INFO pr:0.9789  rc:0.9370  auc:0.9779 ap:0.9782 f1: 0.9575 pred_right: 38620 pred_wrong:380 actu_right: 38603 actu_wrong: 397
2026-07-12 14:15:59,418 P4091889 INFO pr:0.9403  rc:0.9767  auc:0.9904 ap:0.9751 f1: 0.9582 pred_right: 16366 pred_wrong:134 actu_right: 16371 actu_wrong: 129
2026-07-12 14:15:59,419 P4091889 INFO ----------------------------------------------------------------------------------------------------
2026-07-12 14:15:59,419 P4091889 INFO 239/300 starting... lr: 0.0008100000000000001 para:0.01
2026-07-12 14:16:08,616 P4091889 INFO Epoch 239/300, all_loss:0.00021 cls_loss:0.00000 rec_loss:0.02099 [9.20s]; best loss:0.00021, patience : 3
2026-07-12 14:16:11,032 P4091889 INFO pr:0.9789  rc:0.9370  auc:0.9776 ap:0.9782 f1: 0.9575 pred_right: 38620 pred_wrong:380 actu_right: 38603 actu_wrong: 397
2026-07-12 14:16:11,956 P4091889 INFO pr:0.9474  rc:0.9767  auc:0.9904 ap:0.9749 f1: 0.9618 pred_right: 16367 pred_wrong:133 actu_right: 16371 actu_wrong: 129
2026-07-12 14:16:11,956 P4091889 INFO ----------------------------------------------------------------------------------------------------
2026-07-12 14:16:11,956 P4091889 INFO 240/300 starting... lr: 0.0008100000000000001 para:0.01
2026-07-12 14:16:18,318 P4091889 INFO Epoch 240/300, all_loss:0.00022 cls_loss:0.00000 rec_loss:0.02117 [6.36s]; best loss:0.00021, patience : 4
2026-07-12 14:16:20,827 P4091889 INFO pr:0.9789  rc:0.9394  auc:0.9773 ap:0.9781 f1: 0.9588 pred_right: 38620 pred_wrong:380 actu_right: 38604 actu_wrong: 396
2026-07-12 14:16:21,901 P4091889 INFO pr:0.9474  rc:0.9767  auc:0.9905 ap:0.9750 f1: 0.9618 pred_right: 16367 pred_wrong:133 actu_right: 16371 actu_wrong: 129
2026-07-12 14:16:21,901 P4091889 INFO ----------------------------------------------------------------------------------------------------
2026-07-12 14:16:21,901 P4091889 INFO 241/300 starting... lr: 0.0008100000000000001 para:0.01
2026-07-12 14:16:28,294 P4091889 INFO Epoch 241/300, all_loss:0.00021 cls_loss:0.00000 rec_loss:0.02077 [6.39s]; best loss:0.00021, patience : 4
2026-07-12 14:16:30,405 P4091889 INFO pr:0.9789  rc:0.9370  auc:0.9771 ap:0.9782 f1: 0.9575 pred_right: 38620 pred_wrong:380 actu_right: 38603 actu_wrong: 397
2026-07-12 14:16:31,332 P4091889 INFO pr:0.9403  rc:0.9767  auc:0.9906 ap:0.9753 f1: 0.9582 pred_right: 16366 pred_wrong:134 actu_right: 16371 actu_wrong: 129
2026-07-12 14:16:31,332 P4091889 INFO ----------------------------------------------------------------------------------------------------
2026-07-12 14:16:31,332 P4091889 INFO 242/300 starting... lr: 0.0008100000000000001 para:0.01
2026-07-12 14:16:37,667 P4091889 INFO Epoch 242/300, all_loss:0.00021 cls_loss:0.00000 rec_loss:0.02050 [6.33s]; best loss:0.00021, patience : 4
2026-07-12 14:16:40,035 P4091889 INFO pr:0.9789  rc:0.9369  auc:0.9769 ap:0.9781 f1: 0.9574 pred_right: 38621 pred_wrong:379 actu_right: 38604 actu_wrong: 396
2026-07-12 14:16:40,925 P4091889 INFO pr:0.9403  rc:0.9767  auc:0.9906 ap:0.9753 f1: 0.9582 pred_right: 16366 pred_wrong:134 actu_right: 16371 actu_wrong: 129
2026-07-12 14:16:40,926 P4091889 INFO ----------------------------------------------------------------------------------------------------
2026-07-12 14:16:40,926 P4091889 INFO 243/300 starting... lr: 0.0008100000000000001 para:0.01
2026-07-12 14:16:47,245 P4091889 INFO Epoch 243/300, all_loss:0.00021 cls_loss:0.00000 rec_loss:0.02039 [6.32s]; best loss:0.00021, patience : 4
2026-07-12 14:16:49,374 P4091889 INFO pr:0.9789  rc:0.9370  auc:0.9768 ap:0.9781 f1: 0.9575 pred_right: 38620 pred_wrong:380 actu_right: 38603 actu_wrong: 397
2026-07-12 14:16:50,270 P4091889 INFO pr:0.9474  rc:0.9767  auc:0.9906 ap:0.9753 f1: 0.9618 pred_right: 16367 pred_wrong:133 actu_right: 16371 actu_wrong: 129
2026-07-12 14:16:50,271 P4091889 INFO ----------------------------------------------------------------------------------------------------
2026-07-12 14:16:50,271 P4091889 INFO 244/300 starting... lr: 0.0008100000000000001 para:0.01
2026-07-12 14:16:56,313 P4091889 INFO Epoch 244/300, all_loss:0.00021 cls_loss:0.00000 rec_loss:0.02068 [6.04s]; best loss:0.00021, patience : 5
2026-07-12 14:16:58,526 P4091889 INFO pr:0.9789  rc:0.9370  auc:0.9767 ap:0.9781 f1: 0.9575 pred_right: 38620 pred_wrong:380 actu_right: 38603 actu_wrong: 397
2026-07-12 14:16:59,414 P4091889 INFO pr:0.9403  rc:0.9767  auc:0.9907 ap:0.9753 f1: 0.9582 pred_right: 16366 pred_wrong:134 actu_right: 16371 actu_wrong: 129
2026-07-12 14:16:59,415 P4091889 INFO ----------------------------------------------------------------------------------------------------
2026-07-12 14:16:59,415 P4091889 INFO 245/300 starting... lr: 0.0008100000000000001 para:0.01
2026-07-12 14:17:05,679 P4091889 INFO Epoch 245/300, all_loss:0.00021 cls_loss:0.00000 rec_loss:0.02019 [6.26s]; best loss:0.00021, patience : 0
2026-07-12 14:17:08,109 P4091889 INFO pr:0.9789  rc:0.9370  auc:0.9767 ap:0.9781 f1: 0.9575 pred_right: 38620 pred_wrong:380 actu_right: 38603 actu_wrong: 397
2026-07-12 14:17:09,440 P4091889 INFO pr:0.9403  rc:0.9767  auc:0.9908 ap:0.9756 f1: 0.9582 pred_right: 16366 pred_wrong:134 actu_right: 16371 actu_wrong: 129
2026-07-12 14:17:09,441 P4091889 INFO ----------------------------------------------------------------------------------------------------
2026-07-12 14:17:09,441 P4091889 INFO 246/300 starting... lr: 0.0008100000000000001 para:0.01
2026-07-12 14:17:15,042 P4091889 INFO Epoch 246/300, all_loss:0.00020 cls_loss:0.00000 rec_loss:0.02003 [5.60s]; best loss:0.00020, patience : 0
2026-07-12 14:17:16,776 P4091889 INFO pr:0.9789  rc:0.9369  auc:0.9766 ap:0.9780 f1: 0.9574 pred_right: 38621 pred_wrong:379 actu_right: 38604 actu_wrong: 396
2026-07-12 14:17:17,585 P4091889 INFO pr:0.9403  rc:0.9767  auc:0.9912 ap:0.9756 f1: 0.9582 pred_right: 16366 pred_wrong:134 actu_right: 16371 actu_wrong: 129
2026-07-12 14:17:17,585 P4091889 INFO ----------------------------------------------------------------------------------------------------
2026-07-12 14:17:17,585 P4091889 INFO 247/300 starting... lr: 0.0008100000000000001 para:0.01
2026-07-12 14:17:23,591 P4091889 INFO Epoch 247/300, all_loss:0.00020 cls_loss:0.00000 rec_loss:0.01987 [6.00s]; best loss:0.00020, patience : 0
2026-07-12 14:17:27,069 P4091889 INFO pr:0.9789  rc:0.9345  auc:0.9766 ap:0.9780 f1: 0.9562 pred_right: 38621 pred_wrong:379 actu_right: 38603 actu_wrong: 397
2026-07-12 14:17:29,262 P4091889 INFO pr:0.9403  rc:0.9767  auc:0.9908 ap:0.9756 f1: 0.9582 pred_right: 16366 pred_wrong:134 actu_right: 16371 actu_wrong: 129
2026-07-12 14:17:29,263 P4091889 INFO ----------------------------------------------------------------------------------------------------
2026-07-12 14:17:29,263 P4091889 INFO 248/300 starting... lr: 0.0008100000000000001 para:0.01
2026-07-12 14:17:39,656 P4091889 INFO Epoch 248/300, all_loss:0.00020 cls_loss:0.00000 rec_loss:0.01986 [10.39s]; best loss:0.00020, patience : 0
2026-07-12 14:17:42,309 P4091889 INFO pr:0.9789  rc:0.9370  auc:0.9766 ap:0.9781 f1: 0.9575 pred_right: 38620 pred_wrong:380 actu_right: 38603 actu_wrong: 397
2026-07-12 14:17:43,279 P4091889 INFO pr:0.9403  rc:0.9767  auc:0.9940 ap:0.9768 f1: 0.9582 pred_right: 16366 pred_wrong:134 actu_right: 16371 actu_wrong: 129
2026-07-12 14:17:43,280 P4091889 INFO ----------------------------------------------------------------------------------------------------
2026-07-12 14:17:43,280 P4091889 INFO 249/300 starting... lr: 0.0008100000000000001 para:0.01
2026-07-12 14:17:49,551 P4091889 INFO Epoch 249/300, all_loss:0.00020 cls_loss:0.00000 rec_loss:0.01990 [6.27s]; best loss:0.00020, patience : 1
2026-07-12 14:17:51,696 P4091889 INFO pr:0.9789  rc:0.9370  auc:0.9765 ap:0.9781 f1: 0.9575 pred_right: 38620 pred_wrong:380 actu_right: 38603 actu_wrong: 397
2026-07-12 14:17:52,624 P4091889 INFO pr:0.9403  rc:0.9767  auc:0.9940 ap:0.9771 f1: 0.9582 pred_right: 16366 pred_wrong:134 actu_right: 16371 actu_wrong: 129
2026-07-12 14:17:52,624 P4091889 INFO ----------------------------------------------------------------------------------------------------
2026-07-12 14:17:52,624 P4091889 INFO 250/300 starting... lr: 0.0008100000000000001 para:0.01
2026-07-12 14:17:58,832 P4091889 INFO Epoch 250/300, all_loss:0.00020 cls_loss:0.00000 rec_loss:0.01927 [6.20s]; best loss:0.00020, patience : 0
2026-07-12 14:18:01,198 P4091889 INFO pr:0.9789  rc:0.9345  auc:0.9765 ap:0.9780 f1: 0.9562 pred_right: 38621 pred_wrong:379 actu_right: 38603 actu_wrong: 397
2026-07-12 14:18:02,281 P4091889 INFO pr:0.9403  rc:0.9767  auc:0.9939 ap:0.9763 f1: 0.9582 pred_right: 16366 pred_wrong:134 actu_right: 16371 actu_wrong: 129
2026-07-12 14:18:02,281 P4091889 INFO ----------------------------------------------------------------------------------------------------
2026-07-12 14:18:02,282 P4091889 INFO 251/300 starting... lr: 0.0008100000000000001 para:0.01
2026-07-12 14:18:08,545 P4091889 INFO Epoch 251/300, all_loss:0.00019 cls_loss:0.00000 rec_loss:0.01923 [6.26s]; best loss:0.00019, patience : 0
2026-07-12 14:18:10,793 P4091889 INFO pr:0.9789  rc:0.9369  auc:0.9764 ap:0.9780 f1: 0.9574 pred_right: 38621 pred_wrong:379 actu_right: 38604 actu_wrong: 396
2026-07-12 14:18:11,868 P4091889 INFO pr:0.9403  rc:0.9767  auc:0.9940 ap:0.9783 f1: 0.9582 pred_right: 16366 pred_wrong:134 actu_right: 16371 actu_wrong: 129
2026-07-12 14:18:11,868 P4091889 INFO ----------------------------------------------------------------------------------------------------
2026-07-12 14:18:11,868 P4091889 INFO 252/300 starting... lr: 0.0008100000000000001 para:0.01
2026-07-12 14:18:18,136 P4091889 INFO Epoch 252/300, all_loss:0.00020 cls_loss:0.00000 rec_loss:0.01936 [6.27s]; best loss:0.00019, patience : 1
2026-07-12 14:18:20,366 P4091889 INFO pr:0.9789  rc:0.9370  auc:0.9764 ap:0.9780 f1: 0.9575 pred_right: 38620 pred_wrong:380 actu_right: 38603 actu_wrong: 397
2026-07-12 14:18:21,281 P4091889 INFO pr:0.9403  rc:0.9767  auc:0.9940 ap:0.9778 f1: 0.9582 pred_right: 16366 pred_wrong:134 actu_right: 16371 actu_wrong: 129
2026-07-12 14:18:21,282 P4091889 INFO ----------------------------------------------------------------------------------------------------
2026-07-12 14:18:21,282 P4091889 INFO 253/300 starting... lr: 0.0008100000000000001 para:0.01
2026-07-12 14:18:27,655 P4091889 INFO Epoch 253/300, all_loss:0.00019 cls_loss:0.00000 rec_loss:0.01875 [6.37s]; best loss:0.00019, patience : 0
2026-07-12 14:18:30,158 P4091889 INFO pr:0.9789  rc:0.9370  auc:0.9756 ap:0.9779 f1: 0.9575 pred_right: 38620 pred_wrong:380 actu_right: 38603 actu_wrong: 397
2026-07-12 14:18:31,270 P4091889 INFO pr:0.9403  rc:0.9767  auc:0.9940 ap:0.9779 f1: 0.9582 pred_right: 16366 pred_wrong:134 actu_right: 16371 actu_wrong: 129
2026-07-12 14:18:31,270 P4091889 INFO ----------------------------------------------------------------------------------------------------
2026-07-12 14:18:31,270 P4091889 INFO 254/300 starting... lr: 0.0008100000000000001 para:0.01
2026-07-12 14:18:37,639 P4091889 INFO Epoch 254/300, all_loss:0.00019 cls_loss:0.00000 rec_loss:0.01837 [6.36s]; best loss:0.00019, patience : 0
2026-07-12 14:18:39,847 P4091889 INFO pr:0.9789  rc:0.9370  auc:0.9756 ap:0.9780 f1: 0.9575 pred_right: 38620 pred_wrong:380 actu_right: 38603 actu_wrong: 397
2026-07-12 14:18:40,739 P4091889 INFO pr:0.9403  rc:0.9767  auc:0.9940 ap:0.9784 f1: 0.9582 pred_right: 16366 pred_wrong:134 actu_right: 16371 actu_wrong: 129
2026-07-12 14:18:40,740 P4091889 INFO ----------------------------------------------------------------------------------------------------
2026-07-12 14:18:40,740 P4091889 INFO 255/300 starting... lr: 0.0008100000000000001 para:0.01
2026-07-12 14:18:46,971 P4091889 INFO Epoch 255/300, all_loss:0.00018 cls_loss:0.00000 rec_loss:0.01811 [6.23s]; best loss:0.00018, patience : 0
2026-07-12 14:18:48,848 P4091889 INFO pr:0.9789  rc:0.9370  auc:0.9754 ap:0.9780 f1: 0.9575 pred_right: 38620 pred_wrong:380 actu_right: 38603 actu_wrong: 397
2026-07-12 14:18:49,726 P4091889 INFO pr:0.9403  rc:0.9767  auc:0.9940 ap:0.9790 f1: 0.9582 pred_right: 16366 pred_wrong:134 actu_right: 16371 actu_wrong: 129
2026-07-12 14:18:49,727 P4091889 INFO ----------------------------------------------------------------------------------------------------
2026-07-12 14:18:49,727 P4091889 INFO 256/300 starting... lr: 0.0008100000000000001 para:0.01
2026-07-12 14:18:55,441 P4091889 INFO Epoch 256/300, all_loss:0.00020 cls_loss:0.00000 rec_loss:0.01988 [5.71s]; best loss:0.00018, patience : 1
2026-07-12 14:18:59,116 P4091889 INFO pr:0.9841  rc:0.9370  auc:0.9747 ap:0.9781 f1: 0.9600 pred_right: 38622 pred_wrong:378 actu_right: 38603 actu_wrong: 397
2026-07-12 14:19:00,853 P4091889 INFO pr:0.9403  rc:0.9767  auc:0.9960 ap:0.9828 f1: 0.9582 pred_right: 16366 pred_wrong:134 actu_right: 16371 actu_wrong: 129
2026-07-12 14:19:00,854 P4091889 INFO ----------------------------------------------------------------------------------------------------
2026-07-12 14:19:00,854 P4091889 INFO 257/300 starting... lr: 0.0008100000000000001 para:0.01
2026-07-12 14:19:12,096 P4091889 INFO Epoch 257/300, all_loss:0.00018 cls_loss:0.00000 rec_loss:0.01758 [11.24s]; best loss:0.00018, patience : 0
2026-07-12 14:19:14,539 P4091889 INFO pr:0.9815  rc:0.9345  auc:0.9747 ap:0.9780 f1: 0.9574 pred_right: 38622 pred_wrong:378 actu_right: 38603 actu_wrong: 397
2026-07-12 14:19:15,698 P4091889 INFO pr:0.9403  rc:0.9767  auc:0.9940 ap:0.9783 f1: 0.9582 pred_right: 16366 pred_wrong:134 actu_right: 16371 actu_wrong: 129
2026-07-12 14:19:15,698 P4091889 INFO ----------------------------------------------------------------------------------------------------
2026-07-12 14:19:15,698 P4091889 INFO 258/300 starting... lr: 0.0008100000000000001 para:0.01
2026-07-12 14:19:21,939 P4091889 INFO Epoch 258/300, all_loss:0.00026 cls_loss:0.00000 rec_loss:0.02597 [6.24s]; best loss:0.00018, patience : 1
2026-07-12 14:19:24,413 P4091889 INFO pr:0.9815  rc:0.9370  auc:0.9747 ap:0.9782 f1: 0.9588 pred_right: 38621 pred_wrong:379 actu_right: 38603 actu_wrong: 397
2026-07-12 14:19:25,453 P4091889 INFO pr:0.9403  rc:0.9767  auc:0.9960 ap:0.9830 f1: 0.9582 pred_right: 16366 pred_wrong:134 actu_right: 16371 actu_wrong: 129
2026-07-12 14:19:25,454 P4091889 INFO ----------------------------------------------------------------------------------------------------
2026-07-12 14:19:25,454 P4091889 INFO 259/300 starting... lr: 0.0008100000000000001 para:0.01
2026-07-12 14:19:31,680 P4091889 INFO Epoch 259/300, all_loss:0.00018 cls_loss:0.00000 rec_loss:0.01832 [6.23s]; best loss:0.00018, patience : 1
2026-07-12 14:19:34,068 P4091889 INFO pr:0.9789  rc:0.9370  auc:0.9746 ap:0.9782 f1: 0.9575 pred_right: 38620 pred_wrong:380 actu_right: 38603 actu_wrong: 397
2026-07-12 14:19:35,090 P4091889 INFO pr:0.9403  rc:0.9767  auc:0.9960 ap:0.9793 f1: 0.9582 pred_right: 16366 pred_wrong:134 actu_right: 16371 actu_wrong: 129
2026-07-12 14:19:35,090 P4091889 INFO ----------------------------------------------------------------------------------------------------
2026-07-12 14:19:35,091 P4091889 INFO 260/300 starting... lr: 0.0008100000000000001 para:0.01
2026-07-12 14:19:41,049 P4091889 INFO Epoch 260/300, all_loss:0.00017 cls_loss:0.00000 rec_loss:0.01732 [5.96s]; best loss:0.00017, patience : 0
2026-07-12 14:19:43,394 P4091889 INFO pr:0.9815  rc:0.9345  auc:0.9746 ap:0.9781 f1: 0.9574 pred_right: 38622 pred_wrong:378 actu_right: 38603 actu_wrong: 397
2026-07-12 14:19:44,376 P4091889 INFO pr:0.9403  rc:0.9767  auc:0.9960 ap:0.9791 f1: 0.9582 pred_right: 16366 pred_wrong:134 actu_right: 16371 actu_wrong: 129
2026-07-12 14:19:44,377 P4091889 INFO ----------------------------------------------------------------------------------------------------
2026-07-12 14:19:44,377 P4091889 INFO 261/300 starting... lr: 0.0008100000000000001 para:0.01
2026-07-12 14:19:50,699 P4091889 INFO Epoch 261/300, all_loss:0.00017 cls_loss:0.00000 rec_loss:0.01647 [6.32s]; best loss:0.00017, patience : 0
2026-07-12 14:19:52,745 P4091889 INFO pr:0.9815  rc:0.9369  auc:0.9745 ap:0.9781 f1: 0.9587 pred_right: 38622 pred_wrong:378 actu_right: 38604 actu_wrong: 396
2026-07-12 14:19:53,807 P4091889 INFO pr:0.9403  rc:0.9767  auc:0.9960 ap:0.9791 f1: 0.9582 pred_right: 16366 pred_wrong:134 actu_right: 16371 actu_wrong: 129
2026-07-12 14:19:53,807 P4091889 INFO ----------------------------------------------------------------------------------------------------
2026-07-12 14:19:53,807 P4091889 INFO 262/300 starting... lr: 0.0008100000000000001 para:0.01
2026-07-12 14:19:59,980 P4091889 INFO Epoch 262/300, all_loss:0.00019 cls_loss:0.00000 rec_loss:0.01868 [6.17s]; best loss:0.00017, patience : 1
2026-07-12 14:20:02,542 P4091889 INFO pr:0.9815  rc:0.9370  auc:0.9745 ap:0.9783 f1: 0.9588 pred_right: 38621 pred_wrong:379 actu_right: 38603 actu_wrong: 397
2026-07-12 14:20:03,471 P4091889 INFO pr:0.9403  rc:0.9767  auc:0.9960 ap:0.9791 f1: 0.9582 pred_right: 16366 pred_wrong:134 actu_right: 16371 actu_wrong: 129
2026-07-12 14:20:03,471 P4091889 INFO ----------------------------------------------------------------------------------------------------
2026-07-12 14:20:03,471 P4091889 INFO 263/300 starting... lr: 0.0008100000000000001 para:0.01
2026-07-12 14:20:09,650 P4091889 INFO Epoch 263/300, all_loss:0.00018 cls_loss:0.00000 rec_loss:0.01749 [6.18s]; best loss:0.00017, patience : 1
2026-07-12 14:20:11,817 P4091889 INFO pr:0.9815  rc:0.9370  auc:0.9745 ap:0.9783 f1: 0.9588 pred_right: 38621 pred_wrong:379 actu_right: 38603 actu_wrong: 397
2026-07-12 14:20:12,782 P4091889 INFO pr:0.9403  rc:0.9767  auc:0.9960 ap:0.9791 f1: 0.9582 pred_right: 16366 pred_wrong:134 actu_right: 16371 actu_wrong: 129
2026-07-12 14:20:12,783 P4091889 INFO ----------------------------------------------------------------------------------------------------
2026-07-12 14:20:12,783 P4091889 INFO 264/300 starting... lr: 0.0008100000000000001 para:0.01
2026-07-12 14:20:19,129 P4091889 INFO Epoch 264/300, all_loss:0.00019 cls_loss:0.00000 rec_loss:0.01917 [6.35s]; best loss:0.00017, patience : 2
2026-07-12 14:20:20,866 P4091889 INFO pr:0.9841  rc:0.9345  auc:0.9745 ap:0.9783 f1: 0.9587 pred_right: 38623 pred_wrong:377 actu_right: 38603 actu_wrong: 397
2026-07-12 14:20:21,649 P4091889 INFO pr:0.9407  rc:0.9845  auc:0.9960 ap:0.9831 f1: 0.9621 pred_right: 16365 pred_wrong:135 actu_right: 16371 actu_wrong: 129
2026-07-12 14:20:21,650 P4091889 INFO ----------------------------------------------------------------------------------------------------
2026-07-12 14:20:21,650 P4091889 INFO 265/300 starting... lr: 0.0008100000000000001 para:0.01
2026-07-12 14:20:27,093 P4091889 INFO Epoch 265/300, all_loss:0.00018 cls_loss:0.00000 rec_loss:0.01753 [5.44s]; best loss:0.00017, patience : 2
2026-07-12 14:20:31,006 P4091889 INFO pr:0.9841  rc:0.9370  auc:0.9745 ap:0.9784 f1: 0.9600 pred_right: 38622 pred_wrong:378 actu_right: 38603 actu_wrong: 397
2026-07-12 14:20:33,001 P4091889 INFO pr:0.9407  rc:0.9845  auc:0.9960 ap:0.9792 f1: 0.9621 pred_right: 16365 pred_wrong:135 actu_right: 16371 actu_wrong: 129
2026-07-12 14:20:33,001 P4091889 INFO ----------------------------------------------------------------------------------------------------
2026-07-12 14:20:33,002 P4091889 INFO 266/300 starting... lr: 0.0008100000000000001 para:0.01
2026-07-12 14:20:43,247 P4091889 INFO Epoch 266/300, all_loss:0.00020 cls_loss:0.00000 rec_loss:0.01950 [10.25s]; best loss:0.00017, patience : 3
2026-07-12 14:20:45,806 P4091889 INFO pr:0.9815  rc:0.9370  auc:0.9745 ap:0.9784 f1: 0.9588 pred_right: 38621 pred_wrong:379 actu_right: 38603 actu_wrong: 397
2026-07-12 14:20:46,876 P4091889 INFO pr:0.9407  rc:0.9845  auc:0.9960 ap:0.9832 f1: 0.9621 pred_right: 16365 pred_wrong:135 actu_right: 16371 actu_wrong: 129
2026-07-12 14:20:46,877 P4091889 INFO ----------------------------------------------------------------------------------------------------
2026-07-12 14:20:46,877 P4091889 INFO 267/300 starting... lr: 0.0008100000000000001 para:0.01
2026-07-12 14:20:53,346 P4091889 INFO Epoch 267/300, all_loss:0.00016 cls_loss:0.00000 rec_loss:0.01577 [6.47s]; best loss:0.00016, patience : 0
2026-07-12 14:20:55,527 P4091889 INFO pr:0.9841  rc:0.9370  auc:0.9738 ap:0.9784 f1: 0.9600 pred_right: 38622 pred_wrong:378 actu_right: 38603 actu_wrong: 397
2026-07-12 14:20:56,452 P4091889 INFO pr:0.9398  rc:0.9690  auc:0.9960 ap:0.9827 f1: 0.9542 pred_right: 16367 pred_wrong:133 actu_right: 16371 actu_wrong: 129
2026-07-12 14:20:56,453 P4091889 INFO ----------------------------------------------------------------------------------------------------
2026-07-12 14:20:56,453 P4091889 INFO 268/300 starting... lr: 0.0008100000000000001 para:0.01
2026-07-12 14:21:02,674 P4091889 INFO Epoch 268/300, all_loss:0.00018 cls_loss:0.00000 rec_loss:0.01790 [6.22s]; best loss:0.00016, patience : 1
2026-07-12 14:21:05,052 P4091889 INFO pr:0.9815  rc:0.9370  auc:0.9745 ap:0.9785 f1: 0.9588 pred_right: 38621 pred_wrong:379 actu_right: 38603 actu_wrong: 397
2026-07-12 14:21:06,070 P4091889 INFO pr:0.9407  rc:0.9845  auc:0.9960 ap:0.9792 f1: 0.9621 pred_right: 16365 pred_wrong:135 actu_right: 16371 actu_wrong: 129
2026-07-12 14:21:06,070 P4091889 INFO ----------------------------------------------------------------------------------------------------
2026-07-12 14:21:06,071 P4091889 INFO 269/300 starting... lr: 0.0008100000000000001 para:0.01
2026-07-12 14:21:12,339 P4091889 INFO Epoch 269/300, all_loss:0.00017 cls_loss:0.00000 rec_loss:0.01676 [6.27s]; best loss:0.00016, patience : 1
2026-07-12 14:21:14,636 P4091889 INFO pr:0.9840  rc:0.9343  auc:0.9736 ap:0.9783 f1: 0.9585 pred_right: 38624 pred_wrong:376 actu_right: 38604 actu_wrong: 396
2026-07-12 14:21:15,677 P4091889 INFO pr:0.9403  rc:0.9767  auc:0.9960 ap:0.9828 f1: 0.9582 pred_right: 16366 pred_wrong:134 actu_right: 16371 actu_wrong: 129
2026-07-12 14:21:15,678 P4091889 INFO ----------------------------------------------------------------------------------------------------
2026-07-12 14:21:15,678 P4091889 INFO 270/300 starting... lr: 0.0008100000000000001 para:0.01
2026-07-12 14:21:22,147 P4091889 INFO Epoch 270/300, all_loss:0.00016 cls_loss:0.00000 rec_loss:0.01619 [6.47s]; best loss:0.00016, patience : 1
2026-07-12 14:21:24,532 P4091889 INFO pr:0.9841  rc:0.9370  auc:0.9738 ap:0.9785 f1: 0.9600 pred_right: 38622 pred_wrong:378 actu_right: 38603 actu_wrong: 397
2026-07-12 14:21:25,567 P4091889 INFO pr:0.9403  rc:0.9767  auc:0.9960 ap:0.9829 f1: 0.9582 pred_right: 16366 pred_wrong:134 actu_right: 16371 actu_wrong: 129
2026-07-12 14:21:25,568 P4091889 INFO ----------------------------------------------------------------------------------------------------
2026-07-12 14:21:25,568 P4091889 INFO 271/300 starting... lr: 0.0008100000000000001 para:0.01
2026-07-12 14:21:31,755 P4091889 INFO Epoch 271/300, all_loss:0.00017 cls_loss:0.00000 rec_loss:0.01705 [6.19s]; best loss:0.00016, patience : 2
2026-07-12 14:21:33,991 P4091889 INFO pr:0.9814  rc:0.9367  auc:0.9742 ap:0.9785 f1: 0.9585 pred_right: 38623 pred_wrong:377 actu_right: 38605 actu_wrong: 395
2026-07-12 14:21:34,907 P4091889 INFO pr:0.9407  rc:0.9845  auc:0.9960 ap:0.9866 f1: 0.9621 pred_right: 16365 pred_wrong:135 actu_right: 16371 actu_wrong: 129
2026-07-12 14:21:34,908 P4091889 INFO ----------------------------------------------------------------------------------------------------
2026-07-12 14:21:34,908 P4091889 INFO 272/300 starting... lr: 0.0008100000000000001 para:0.01
2026-07-12 14:21:41,343 P4091889 INFO Epoch 272/300, all_loss:0.00016 cls_loss:0.00000 rec_loss:0.01575 [6.43s]; best loss:0.00016, patience : 0
2026-07-12 14:21:43,737 P4091889 INFO pr:0.9841  rc:0.9370  auc:0.9737 ap:0.9786 f1: 0.9600 pred_right: 38622 pred_wrong:378 actu_right: 38603 actu_wrong: 397
2026-07-12 14:21:44,623 P4091889 INFO pr:0.9403  rc:0.9767  auc:0.9941 ap:0.9825 f1: 0.9582 pred_right: 16366 pred_wrong:134 actu_right: 16371 actu_wrong: 129
2026-07-12 14:21:44,624 P4091889 INFO ----------------------------------------------------------------------------------------------------
2026-07-12 14:21:44,624 P4091889 INFO 273/300 starting... lr: 0.0008100000000000001 para:0.01
2026-07-12 14:21:50,835 P4091889 INFO Epoch 273/300, all_loss:0.00019 cls_loss:0.00000 rec_loss:0.01891 [6.21s]; best loss:0.00016, patience : 1
2026-07-12 14:21:52,532 P4091889 INFO pr:0.9840  rc:0.9343  auc:0.9736 ap:0.9784 f1: 0.9585 pred_right: 38624 pred_wrong:376 actu_right: 38604 actu_wrong: 396
2026-07-12 14:21:53,427 P4091889 INFO pr:0.9474  rc:0.9767  auc:0.9941 ap:0.9826 f1: 0.9618 pred_right: 16367 pred_wrong:133 actu_right: 16371 actu_wrong: 129
2026-07-12 14:21:53,428 P4091889 INFO ----------------------------------------------------------------------------------------------------
2026-07-12 14:21:53,428 P4091889 INFO 274/300 starting... lr: 0.0008100000000000001 para:0.01
2026-07-12 14:21:59,332 P4091889 INFO Epoch 274/300, all_loss:0.00014 cls_loss:0.00000 rec_loss:0.01393 [5.90s]; best loss:0.00014, patience : 0
2026-07-12 14:22:02,735 P4091889 INFO pr:0.9841  rc:0.9345  auc:0.9737 ap:0.9784 f1: 0.9587 pred_right: 38623 pred_wrong:377 actu_right: 38603 actu_wrong: 397
2026-07-12 14:22:04,476 P4091889 INFO pr:0.9474  rc:0.9767  auc:0.9941 ap:0.9819 f1: 0.9618 pred_right: 16367 pred_wrong:133 actu_right: 16371 actu_wrong: 129
2026-07-12 14:22:04,477 P4091889 INFO ----------------------------------------------------------------------------------------------------
2026-07-12 14:22:04,477 P4091889 INFO 275/300 starting... lr: 0.0008100000000000001 para:0.01
2026-07-12 14:22:16,170 P4091889 INFO Epoch 275/300, all_loss:0.00015 cls_loss:0.00000 rec_loss:0.01472 [11.69s]; best loss:0.00014, patience : 1
2026-07-12 14:22:18,671 P4091889 INFO pr:0.9841  rc:0.9345  auc:0.9737 ap:0.9784 f1: 0.9587 pred_right: 38623 pred_wrong:377 actu_right: 38603 actu_wrong: 397
2026-07-12 14:22:19,657 P4091889 INFO pr:0.9474  rc:0.9767  auc:0.9941 ap:0.9821 f1: 0.9618 pred_right: 16367 pred_wrong:133 actu_right: 16371 actu_wrong: 129
2026-07-12 14:22:19,657 P4091889 INFO ----------------------------------------------------------------------------------------------------
2026-07-12 14:22:19,657 P4091889 INFO 276/300 starting... lr: 0.0008100000000000001 para:0.01
2026-07-12 14:22:25,878 P4091889 INFO Epoch 276/300, all_loss:0.00013 cls_loss:0.00000 rec_loss:0.01324 [6.22s]; best loss:0.00013, patience : 0
2026-07-12 14:22:28,113 P4091889 INFO pr:0.9841  rc:0.9369  auc:0.9736 ap:0.9783 f1: 0.9599 pred_right: 38623 pred_wrong:377 actu_right: 38604 actu_wrong: 396
2026-07-12 14:22:29,045 P4091889 INFO pr:0.9474  rc:0.9767  auc:0.9906 ap:0.9791 f1: 0.9618 pred_right: 16367 pred_wrong:133 actu_right: 16371 actu_wrong: 129
2026-07-12 14:22:29,046 P4091889 INFO ----------------------------------------------------------------------------------------------------
2026-07-12 14:22:29,046 P4091889 INFO 277/300 starting... lr: 0.0008100000000000001 para:0.01
2026-07-12 14:22:35,265 P4091889 INFO Epoch 277/300, all_loss:0.00015 cls_loss:0.00000 rec_loss:0.01538 [6.22s]; best loss:0.00013, patience : 1
2026-07-12 14:22:37,371 P4091889 INFO pr:0.9841  rc:0.9370  auc:0.9737 ap:0.9784 f1: 0.9600 pred_right: 38622 pred_wrong:378 actu_right: 38603 actu_wrong: 397
2026-07-12 14:22:38,297 P4091889 INFO pr:0.9474  rc:0.9767  auc:0.9941 ap:0.9861 f1: 0.9618 pred_right: 16367 pred_wrong:133 actu_right: 16371 actu_wrong: 129
2026-07-12 14:22:38,298 P4091889 INFO ----------------------------------------------------------------------------------------------------
2026-07-12 14:22:38,298 P4091889 INFO 278/300 starting... lr: 0.0008100000000000001 para:0.01
2026-07-12 14:22:44,561 P4091889 INFO Epoch 278/300, all_loss:0.00013 cls_loss:0.00000 rec_loss:0.01266 [6.26s]; best loss:0.00013, patience : 0
2026-07-12 14:22:46,703 P4091889 INFO pr:0.9841  rc:0.9370  auc:0.9736 ap:0.9783 f1: 0.9600 pred_right: 38622 pred_wrong:378 actu_right: 38603 actu_wrong: 397
2026-07-12 14:22:47,575 P4091889 INFO pr:0.9474  rc:0.9767  auc:0.9902 ap:0.9788 f1: 0.9618 pred_right: 16367 pred_wrong:133 actu_right: 16371 actu_wrong: 129
2026-07-12 14:22:47,576 P4091889 INFO ----------------------------------------------------------------------------------------------------
2026-07-12 14:22:47,576 P4091889 INFO 279/300 starting... lr: 0.0008100000000000001 para:0.01
2026-07-12 14:22:53,983 P4091889 INFO Epoch 279/300, all_loss:0.00017 cls_loss:0.00000 rec_loss:0.01659 [6.41s]; best loss:0.00013, patience : 1
2026-07-12 14:22:56,123 P4091889 INFO pr:0.9840  rc:0.9318  auc:0.9736 ap:0.9782 f1: 0.9572 pred_right: 38625 pred_wrong:375 actu_right: 38604 actu_wrong: 396
2026-07-12 14:22:57,076 P4091889 INFO pr:0.9545  rc:0.9767  auc:0.9960 ap:0.9866 f1: 0.9655 pred_right: 16368 pred_wrong:132 actu_right: 16371 actu_wrong: 129
2026-07-12 14:22:57,077 P4091889 INFO ----------------------------------------------------------------------------------------------------
2026-07-12 14:22:57,077 P4091889 INFO 280/300 starting... lr: 0.0008100000000000001 para:0.01
2026-07-12 14:23:03,409 P4091889 INFO Epoch 280/300, all_loss:0.00015 cls_loss:0.00000 rec_loss:0.01479 [6.33s]; best loss:0.00013, patience : 1
2026-07-12 14:23:05,748 P4091889 INFO pr:0.9867  rc:0.9369  auc:0.9726 ap:0.9777 f1: 0.9611 pred_right: 38624 pred_wrong:376 actu_right: 38604 actu_wrong: 396
2026-07-12 14:23:06,764 P4091889 INFO pr:0.9618  rc:0.9767  auc:0.9902 ap:0.9784 f1: 0.9692 pred_right: 16369 pred_wrong:131 actu_right: 16371 actu_wrong: 129
2026-07-12 14:23:06,764 P4091889 INFO ----------------------------------------------------------------------------------------------------
2026-07-12 14:23:06,764 P4091889 INFO 281/300 starting... lr: 0.0008100000000000001 para:0.01
2026-07-12 14:23:12,905 P4091889 INFO Epoch 281/300, all_loss:0.00017 cls_loss:0.00000 rec_loss:0.01738 [6.14s]; best loss:0.00013, patience : 2
2026-07-12 14:23:15,130 P4091889 INFO pr:0.9841  rc:0.9370  auc:0.9733 ap:0.9781 f1: 0.9600 pred_right: 38622 pred_wrong:378 actu_right: 38603 actu_wrong: 397
2026-07-12 14:23:15,966 P4091889 INFO pr:0.9474  rc:0.9767  auc:0.9913 ap:0.9829 f1: 0.9618 pred_right: 16367 pred_wrong:133 actu_right: 16371 actu_wrong: 129
2026-07-12 14:23:15,966 P4091889 INFO ----------------------------------------------------------------------------------------------------
2026-07-12 14:23:15,967 P4091889 INFO 282/300 starting... lr: 0.0008100000000000001 para:0.01
2026-07-12 14:23:22,737 P4091889 INFO Epoch 282/300, all_loss:0.01643 cls_loss:0.01646 rec_loss:0.01404 [6.77s]; best loss:0.00013, patience : 3
2026-07-12 14:23:24,411 P4091889 INFO pr:0.9916  rc:0.8942  auc:0.9530 ap:0.9624 f1: 0.9404 pred_right: 38642 pred_wrong:358 actu_right: 38603 actu_wrong: 397
2026-07-12 14:23:25,138 P4091889 INFO pr:0.9609  rc:0.9535  auc:0.9734 ap:0.9694 f1: 0.9572 pred_right: 16372 pred_wrong:128 actu_right: 16371 actu_wrong: 129
2026-07-12 14:23:25,139 P4091889 INFO ----------------------------------------------------------------------------------------------------
2026-07-12 14:23:25,139 P4091889 INFO 283/300 starting... lr: 0.0008100000000000001 para:0.01
2026-07-12 14:23:30,939 P4091889 INFO Epoch 283/300, all_loss:0.51469 cls_loss:0.51965 rec_loss:0.02410 [5.80s]; best loss:0.00013, patience : 4
2026-07-12 14:23:33,185 P4091889 INFO pr:0.9891  rc:0.9167  auc:0.9694 ap:0.9677 f1: 0.9515 pred_right: 38633 pred_wrong:367 actu_right: 38604 actu_wrong: 396
2026-07-12 14:23:34,935 P4091889 INFO pr:0.9690  rc:0.9690  auc:0.9924 ap:0.9837 f1: 0.9690 pred_right: 16371 pred_wrong:129 actu_right: 16371 actu_wrong: 129
2026-07-12 14:23:34,936 P4091889 INFO ----------------------------------------------------------------------------------------------------
2026-07-12 14:23:34,936 P4091889 INFO 284/300 starting... lr: 0.0008100000000000001 para:0.01
2026-07-12 14:23:47,150 P4091889 INFO Epoch 284/300, all_loss:0.13782 cls_loss:0.13889 rec_loss:0.03201 [12.21s]; best loss:0.00013, patience : 4
2026-07-12 14:23:49,649 P4091889 INFO pr:0.9616  rc:0.9471  auc:0.9833 ap:0.9792 f1: 0.9543 pred_right: 38609 pred_wrong:391 actu_right: 38603 actu_wrong: 397
2026-07-12 14:23:50,741 P4091889 INFO pr:0.9248  rc:0.9535  auc:0.9865 ap:0.9685 f1: 0.9389 pred_right: 16367 pred_wrong:133 actu_right: 16371 actu_wrong: 129
2026-07-12 14:23:50,742 P4091889 INFO ----------------------------------------------------------------------------------------------------
2026-07-12 14:23:50,742 P4091889 INFO 285/300 starting... lr: 0.0008100000000000001 para:0.01
2026-07-12 14:23:57,120 P4091889 INFO Epoch 285/300, all_loss:0.06704 cls_loss:0.06736 rec_loss:0.03572 [6.38s]; best loss:0.00013, patience : 4
2026-07-12 14:23:59,382 P4091889 INFO pr:0.9917  rc:0.9040  auc:0.9721 ap:0.9758 f1: 0.9458 pred_right: 38639 pred_wrong:361 actu_right: 38604 actu_wrong: 396
2026-07-12 14:24:00,259 P4091889 INFO pr:0.9600  rc:0.9302  auc:0.9810 ap:0.9678 f1: 0.9449 pred_right: 16375 pred_wrong:125 actu_right: 16371 actu_wrong: 129
2026-07-12 14:24:00,259 P4091889 INFO ----------------------------------------------------------------------------------------------------
2026-07-12 14:24:00,266 P4091889 INFO 286/300 starting... lr: 0.0008100000000000001 para:0.01
2026-07-12 14:24:06,517 P4091889 INFO Epoch 286/300, all_loss:0.04036 cls_loss:0.04044 rec_loss:0.03262 [6.25s]; best loss:0.00013, patience : 4
2026-07-12 14:24:08,968 P4091889 INFO pr:0.9943  rc:0.8741  auc:0.9605 ap:0.9643 f1: 0.9303 pred_right: 38651 pred_wrong:349 actu_right: 38603 actu_wrong: 397
2026-07-12 14:24:09,922 P4091889 INFO pr:0.9658  rc:0.8760  auc:0.9734 ap:0.9604 f1: 0.9187 pred_right: 16383 pred_wrong:117 actu_right: 16371 actu_wrong: 129
2026-07-12 14:24:09,923 P4091889 INFO ----------------------------------------------------------------------------------------------------
2026-07-12 14:24:09,923 P4091889 INFO 287/300 starting... lr: 0.0008100000000000001 para:0.01
2026-07-12 14:24:16,069 P4091889 INFO Epoch 287/300, all_loss:0.01925 cls_loss:0.01911 rec_loss:0.03238 [6.15s]; best loss:0.00013, patience : 4
2026-07-12 14:24:18,367 P4091889 INFO pr:0.9686  rc:0.9343  auc:0.9747 ap:0.9743 f1: 0.9512 pred_right: 38618 pred_wrong:382 actu_right: 38604 actu_wrong: 396
2026-07-12 14:24:19,400 P4091889 INFO pr:0.9124  rc:0.9690  auc:0.9868 ap:0.9699 f1: 0.9398 pred_right: 16363 pred_wrong:137 actu_right: 16371 actu_wrong: 129
2026-07-12 14:24:19,401 P4091889 INFO ----------------------------------------------------------------------------------------------------
2026-07-12 14:24:19,401 P4091889 INFO 288/300 starting... lr: 0.0008100000000000001 para:0.01
2026-07-12 14:24:25,625 P4091889 INFO Epoch 288/300, all_loss:0.00118 cls_loss:0.00088 rec_loss:0.03098 [6.22s]; best loss:0.00013, patience : 4
2026-07-12 14:24:27,895 P4091889 INFO pr:0.9739  rc:0.9395  auc:0.9762 ap:0.9744 f1: 0.9564 pred_right: 38617 pred_wrong:383 actu_right: 38603 actu_wrong: 397
2026-07-12 14:24:28,802 P4091889 INFO pr:0.9191  rc:0.9690  auc:0.9871 ap:0.9714 f1: 0.9434 pred_right: 16364 pred_wrong:136 actu_right: 16371 actu_wrong: 129
2026-07-12 14:24:28,802 P4091889 INFO ----------------------------------------------------------------------------------------------------
2026-07-12 14:24:28,802 P4091889 INFO 289/300 starting... lr: 0.0008100000000000001 para:0.01
2026-07-12 14:24:35,205 P4091889 INFO Epoch 289/300, all_loss:0.01069 cls_loss:0.01048 rec_loss:0.03144 [6.40s]; best loss:0.00013, patience : 5
2026-07-12 14:24:37,667 P4091889 INFO pr:0.9890  rc:0.9043  auc:0.9687 ap:0.9735 f1: 0.9447 pred_right: 38637 pred_wrong:363 actu_right: 38603 actu_wrong: 397
2026-07-12 14:24:38,559 P4091889 INFO pr:0.9600  rc:0.9302  auc:0.9802 ap:0.9673 f1: 0.9449 pred_right: 16375 pred_wrong:125 actu_right: 16371 actu_wrong: 129
2026-07-12 14:24:38,559 P4091889 INFO ----------------------------------------------------------------------------------------------------
2026-07-12 14:24:38,559 P4091889 INFO 290/300 starting... lr: 0.0008100000000000001 para:0.01
2026-07-12 14:24:45,015 P4091889 INFO Epoch 290/300, all_loss:0.00613 cls_loss:0.00587 rec_loss:0.03162 [6.46s]; best loss:0.00013, patience : 5
2026-07-12 14:24:47,561 P4091889 INFO pr:0.9564  rc:0.9419  auc:0.9770 ap:0.9736 f1: 0.9491 pred_right: 38610 pred_wrong:390 actu_right: 38604 actu_wrong: 396
2026-07-12 14:24:48,605 P4091889 INFO pr:0.9058  rc:0.9690  auc:0.9881 ap:0.9711 f1: 0.9363 pred_right: 16362 pred_wrong:138 actu_right: 16371 actu_wrong: 129
2026-07-12 14:24:48,605 P4091889 INFO ----------------------------------------------------------------------------------------------------
2026-07-12 14:24:48,605 P4091889 INFO 291/300 starting... lr: 0.0008100000000000001 para:0.01
2026-07-12 14:24:55,660 P4091889 INFO Epoch 291/300, all_loss:0.01709 cls_loss:0.01694 rec_loss:0.03182 [7.05s]; best loss:0.00013, patience : 6
2026-07-12 14:24:57,387 P4091889 INFO pr:0.9841  rc:0.9394  auc:0.9712 ap:0.9743 f1: 0.9612 pred_right: 38622 pred_wrong:378 actu_right: 38604 actu_wrong: 396
2026-07-12 14:24:58,130 P4091889 INFO pr:0.9470  rc:0.9690  auc:0.9873 ap:0.9716 f1: 0.9579 pred_right: 16368 pred_wrong:132 actu_right: 16371 actu_wrong: 129
2026-07-12 14:24:58,131 P4091889 INFO ----------------------------------------------------------------------------------------------------
2026-07-12 14:24:58,138 P4091889 INFO 292/300 starting... lr: 0.0008100000000000001 para:0.01
2026-07-12 14:25:03,660 P4091889 INFO Epoch 292/300, all_loss:0.00086 cls_loss:0.00056 rec_loss:0.03131 [5.52s]; best loss:0.00013, patience : 6
2026-07-12 14:25:05,790 P4091889 INFO pr:0.9816  rc:0.9395  auc:0.9740 ap:0.9747 f1: 0.9601 pred_right: 38620 pred_wrong:380 actu_right: 38603 actu_wrong: 397
2026-07-12 14:25:06,812 P4091889 INFO pr:0.9328  rc:0.9690  auc:0.9899 ap:0.9721 f1: 0.9506 pred_right: 16366 pred_wrong:134 actu_right: 16371 actu_wrong: 129
2026-07-12 14:25:06,813 P4091889 INFO ----------------------------------------------------------------------------------------------------
2026-07-12 14:25:06,813 P4091889 INFO 293/300 starting... lr: 0.0008100000000000001 para:0.01
2026-07-12 14:25:20,063 P4091889 INFO Epoch 293/300, all_loss:0.00311 cls_loss:0.00284 rec_loss:0.02993 [13.25s]; best loss:0.00013, patience : 7
2026-07-12 14:25:22,575 P4091889 INFO pr:0.9838  rc:0.9194  auc:0.9721 ap:0.9746 f1: 0.9505 pred_right: 38629 pred_wrong:371 actu_right: 38603 actu_wrong: 397
2026-07-12 14:25:23,608 P4091889 INFO pr:0.9612  rc:0.9612  auc:0.9868 ap:0.9690 f1: 0.9612 pred_right: 16371 pred_wrong:129 actu_right: 16371 actu_wrong: 129
2026-07-12 14:25:23,609 P4091889 INFO ----------------------------------------------------------------------------------------------------
2026-07-12 14:25:23,616 P4091889 INFO 294/300 starting... lr: 0.0008100000000000001 para:0.01
2026-07-12 14:25:30,008 P4091889 INFO Epoch 294/300, all_loss:0.00031 cls_loss:0.00002 rec_loss:0.02873 [6.39s]; best loss:0.00013, patience : 7
2026-07-12 14:25:32,350 P4091889 INFO pr:0.9838  rc:0.9194  auc:0.9721 ap:0.9747 f1: 0.9505 pred_right: 38629 pred_wrong:371 actu_right: 38603 actu_wrong: 397
2026-07-12 14:25:33,251 P4091889 INFO pr:0.9612  rc:0.9612  auc:0.9869 ap:0.9691 f1: 0.9612 pred_right: 16371 pred_wrong:129 actu_right: 16371 actu_wrong: 129
2026-07-12 14:25:33,251 P4091889 INFO ----------------------------------------------------------------------------------------------------
2026-07-12 14:25:33,251 P4091889 INFO 295/300 starting... lr: 0.0008100000000000001 para:0.01
2026-07-12 14:25:39,444 P4091889 INFO Epoch 295/300, all_loss:0.00029 cls_loss:0.00002 rec_loss:0.02708 [6.19s]; best loss:0.00013, patience : 7
2026-07-12 14:25:42,047 P4091889 INFO pr:0.9838  rc:0.9192  auc:0.9720 ap:0.9746 f1: 0.9504 pred_right: 38630 pred_wrong:370 actu_right: 38604 actu_wrong: 396
2026-07-12 14:25:43,057 P4091889 INFO pr:0.9612  rc:0.9612  auc:0.9869 ap:0.9692 f1: 0.9612 pred_right: 16371 pred_wrong:129 actu_right: 16371 actu_wrong: 129
2026-07-12 14:25:43,058 P4091889 INFO ----------------------------------------------------------------------------------------------------
2026-07-12 14:25:43,058 P4091889 INFO 296/300 starting... lr: 0.0008100000000000001 para:0.01
2026-07-12 14:25:49,346 P4091889 INFO Epoch 296/300, all_loss:0.00027 cls_loss:0.00002 rec_loss:0.02567 [6.29s]; best loss:0.00013, patience : 7
2026-07-12 14:25:51,511 P4091889 INFO pr:0.9838  rc:0.9192  auc:0.9720 ap:0.9747 f1: 0.9504 pred_right: 38630 pred_wrong:370 actu_right: 38604 actu_wrong: 396
2026-07-12 14:25:52,571 P4091889 INFO pr:0.9612  rc:0.9612  auc:0.9869 ap:0.9729 f1: 0.9612 pred_right: 16371 pred_wrong:129 actu_right: 16371 actu_wrong: 129
2026-07-12 14:25:52,572 P4091889 INFO ----------------------------------------------------------------------------------------------------
2026-07-12 14:25:52,572 P4091889 INFO 297/300 starting... lr: 0.0008100000000000001 para:0.01
2026-07-12 14:25:58,726 P4091889 INFO Epoch 297/300, all_loss:0.00026 cls_loss:0.00002 rec_loss:0.02442 [6.15s]; best loss:0.00013, patience : 7
2026-07-12 14:26:01,077 P4091889 INFO pr:0.9838  rc:0.9194  auc:0.9720 ap:0.9748 f1: 0.9505 pred_right: 38629 pred_wrong:371 actu_right: 38603 actu_wrong: 397
2026-07-12 14:26:02,074 P4091889 INFO pr:0.9615  rc:0.9690  auc:0.9870 ap:0.9730 f1: 0.9653 pred_right: 16370 pred_wrong:130 actu_right: 16371 actu_wrong: 129
2026-07-12 14:26:02,075 P4091889 INFO ----------------------------------------------------------------------------------------------------
2026-07-12 14:26:02,075 P4091889 INFO 298/300 starting... lr: 0.0008100000000000001 para:0.01
2026-07-12 14:26:08,210 P4091889 INFO Epoch 298/300, all_loss:0.00025 cls_loss:0.00002 rec_loss:0.02344 [6.13s]; best loss:0.00013, patience : 7
2026-07-12 14:26:10,573 P4091889 INFO pr:0.9865  rc:0.9194  auc:0.9720 ap:0.9749 f1: 0.9518 pred_right: 38630 pred_wrong:370 actu_right: 38603 actu_wrong: 397
2026-07-12 14:26:11,592 P4091889 INFO pr:0.9615  rc:0.9690  auc:0.9870 ap:0.9731 f1: 0.9653 pred_right: 16370 pred_wrong:130 actu_right: 16371 actu_wrong: 129
2026-07-12 14:26:11,592 P4091889 INFO ----------------------------------------------------------------------------------------------------
2026-07-12 14:26:11,592 P4091889 INFO 299/300 starting... lr: 0.0008100000000000001 para:0.01
2026-07-12 14:26:17,853 P4091889 INFO Epoch 299/300, all_loss:0.00024 cls_loss:0.00002 rec_loss:0.02256 [6.26s]; best loss:0.00013, patience : 7
2026-07-12 14:26:20,281 P4091889 INFO pr:0.9865  rc:0.9219  auc:0.9720 ap:0.9750 f1: 0.9531 pred_right: 38629 pred_wrong:371 actu_right: 38603 actu_wrong: 397
2026-07-12 14:26:21,251 P4091889 INFO pr:0.9615  rc:0.9690  auc:0.9871 ap:0.9733 f1: 0.9653 pred_right: 16370 pred_wrong:130 actu_right: 16371 actu_wrong: 129
2026-07-12 14:26:21,252 P4091889 INFO saving model...
2026-07-12 14:26:21,252 P4091889 INFO FITS_Legendre - loss  best score:0.00012703664833679795 at epoch 278
2026-07-12 14:26:21,258 P4091889 INFO FITS_Legendre - f1  best score:0.96248382923674 at epoch 135
2026-07-12 14:26:21,262 P4091889 INFO Average training time per epoch: 6.76 seconds
2026-07-12 14:26:21,263 P4091889 INFO calculate scores...
2026-07-12 14:26:21,263 P4091889 INFO calculate label with loss...
2026-07-12 14:26:21,263 P4091889 INFO FITS_Legendre on ./result/FITS_Legendre-MSDS-Epochs300-Seed1ExpNameRQ1_main loading...
2026-07-12 14:26:22,295 P4091889 INFO pr:0.9474  rc:0.9767  auc:0.9902 ap:0.9788 f1: 0.9618 pred_right: 16367 pred_wrong:133 actu_right: 16371 actu_wrong: 129
2026-07-12 14:26:23,677 P4091889 INFO pr:0.9474  rc:0.9767  auc:0.9902 ap:0.9788 f1: 0.9618 pred_right: 16367 pred_wrong:133 actu_right: 16371 actu_wrong: 129
2026-07-12 14:26:23,677 P4091889 INFO Performance Summary:
{'GPU': {'inference_time_per_sample_ms': 0.2964617631710438, 'throughput_samples_per_sec': 3373.1162808441145, 'peak_memory_mb': 40.93603515625, 'energy_per_sample_joules': 0.014744081098667107}, 'CPU': {'inference_time_per_sample_ms': 0.401879311747987, 'throughput_samples_per_sec': 2488.3092280875762, 'peak_memory_mb': 2928.3984375, 'energy_per_sample_joules': 0.02612215526361916}}
2026-07-12 14:26:23,677 P4091889 INFO Starting clean-room hardware benchmarking...
2026-07-12 14:26:24,544 P4091889 INFO Performance with loss: pr:0.9474  rc:0.9767  auc:0.9902 ap:0.9788 f1: 0.9618 pred_right: 16367 pred_wrong:133 actu_right: 16371 actu_wrong: 129
2026-07-12 14:26:24,544 P4091889 INFO calculate label with f1...
2026-07-12 14:26:24,544 P4091889 INFO FITS_Legendre on ./result/FITS_Legendre-MSDS-Epochs300-Seed1ExpNameRQ1_main loading...
2026-07-12 14:26:25,891 P4091889 INFO pr:0.9692  rc:0.9767  auc:0.9902 ap:0.9826 f1: 0.9730 pred_right: 16370 pred_wrong:130 actu_right: 16371 actu_wrong: 129
2026-07-12 14:26:27,368 P4091889 INFO pr:0.9692  rc:0.9767  auc:0.9902 ap:0.9826 f1: 0.9730 pred_right: 16370 pred_wrong:130 actu_right: 16371 actu_wrong: 129
2026-07-12 14:26:27,368 P4091889 INFO Performance Summary:
{'GPU': {'inference_time_per_sample_ms': 0.3835850160989801, 'throughput_samples_per_sec': 2606.984001017288, 'peak_memory_mb': 40.38720703125, 'energy_per_sample_joules': 0.0186917142494872}, 'CPU': {'inference_time_per_sample_ms': 0.43128859262871155, 'throughput_samples_per_sec': 2318.63308487939, 'peak_memory_mb': 2930.4375, 'energy_per_sample_joules': 0.028033758520866252}}
2026-07-12 14:26:27,368 P4091889 INFO Starting clean-room hardware benchmarking...
2026-07-12 14:26:27,944 P4091889 INFO Performance with f1: pr:0.9692  rc:0.9767  auc:0.9902 ap:0.9826 f1: 0.9730 pred_right: 16370 pred_wrong:130 actu_right: 16371 actu_wrong: 129
2026-07-16 03:35:32,934 P2627372 INFO ---- Model: ----MSTGAD-a2764947----random_seed : 1----req_loss_approach : Legendre-style----rec_lambda : 1.0----auxi_lambda : 0.0----Freq Domain : FITS_Legendre----Multi Fits : false----train : True----evaluate : False
2026-07-16 03:35:32,935 P2627372 INFO read Tranform data
2026-07-16 03:35:34,212 P2627372 INFO read Graph edge data
2026-07-16 03:35:34,212 P2627372 INFO Fewshot: training with 1.0 of the 70% of the data
2026-07-16 03:35:34,449 P2627372 INFO Trainable Parameters Breakdown:
2026-07-16 03:35:34,450 P2627372 INFO --------------------------------------------------------------------------------
2026-07-16 03:35:34,450 P2627372 INFO Reconstruction-Specific Parameters:
2026-07-16 03:35:34,450 P2627372 INFO linear_attn.Wq.weight                    | shape: (10, 10)                  | params: 100
2026-07-16 03:35:34,450 P2627372 INFO linear_attn.Wk.weight                    | shape: (10, 10)                  | params: 100
2026-07-16 03:35:34,450 P2627372 INFO linear_attn.Wv.weight                    | shape: (10, 10)                  | params: 100
2026-07-16 03:35:34,450 P2627372 INFO linear_attn.out.weight                   | shape: (10, 10)                  | params: 100
2026-07-16 03:35:34,450 P2627372 INFO linear_attn.out.bias                     | shape: (10,)                     | params: 10
2026-07-16 03:35:34,450 P2627372 INFO linear_attn.norm.weight                  | shape: (10,)                     | params: 10
2026-07-16 03:35:34,450 P2627372 INFO linear_attn.norm.bias                    | shape: (10,)                     | params: 10
2026-07-16 03:35:34,450 P2627372 INFO shared_fits.normlin_W                    | shape: (5, 5)                    | params: 25
2026-07-16 03:35:34,450 P2627372 INFO shared_fits.freq_upsampler.weight        | shape: (5, 5)                    | params: 25
2026-07-16 03:35:34,450 P2627372 INFO shared_fits.freq_upsampler.bias          | shape: (5,)                      | params: 5
2026-07-16 03:35:34,450 P2627372 INFO modality_proj.node.weight                | shape: (10, 4)                   | params: 40
2026-07-16 03:35:34,450 P2627372 INFO modality_proj.node.bias                  | shape: (10,)                     | params: 10
2026-07-16 03:35:34,450 P2627372 INFO modality_proj.log.weight                 | shape: (10, 16)                  | params: 160
2026-07-16 03:35:34,450 P2627372 INFO modality_proj.log.bias                   | shape: (10,)                     | params: 10
2026-07-16 03:35:34,450 P2627372 INFO modality_proj.edge.weight                | shape: (10, 4)                   | params: 40
2026-07-16 03:35:34,450 P2627372 INFO modality_proj.edge.bias                  | shape: (10,)                     | params: 10
2026-07-16 03:35:34,451 P2627372 INFO modality_proj_out.node.weight            | shape: (4, 10)                   | params: 40
2026-07-16 03:35:34,451 P2627372 INFO modality_proj_out.node.bias              | shape: (4,)                      | params: 4
2026-07-16 03:35:34,451 P2627372 INFO modality_proj_out.log.weight             | shape: (16, 10)                  | params: 160
2026-07-16 03:35:34,451 P2627372 INFO modality_proj_out.log.bias               | shape: (16,)                     | params: 16
2026-07-16 03:35:34,451 P2627372 INFO modality_proj_out.edge.weight            | shape: (4, 10)                   | params: 40
2026-07-16 03:35:34,451 P2627372 INFO modality_proj_out.edge.bias              | shape: (4,)                      | params: 4
2026-07-16 03:35:34,451 P2627372 INFO Subtotal: 1,019
2026-07-16 03:35:34,451 P2627372 INFO --------------------------------------------------------------------------------
2026-07-16 03:35:34,451 P2627372 INFO Common Parameters:
2026-07-16 03:35:34,451 P2627372 INFO node_emb.linear.weight                   | shape: (4, 3)                    | params: 12
2026-07-16 03:35:34,451 P2627372 INFO node_emb.linear.bias                     | shape: (4,)                      | params: 4
2026-07-16 03:35:34,451 P2627372 INFO log_emb.linear.weight                    | shape: (16, 256)                 | params: 4,096
2026-07-16 03:35:34,451 P2627372 INFO log_emb.linear.bias                      | shape: (16,)                     | params: 16
2026-07-16 03:35:34,451 P2627372 INFO egde_emb.linear.weight                   | shape: (4, 7)                    | params: 28
2026-07-16 03:35:34,451 P2627372 INFO egde_emb.linear.bias                     | shape: (4,)                      | params: 4
2026-07-16 03:35:34,451 P2627372 INFO dense_node.weight                        | shape: (3, 4)                    | params: 12
2026-07-16 03:35:34,451 P2627372 INFO dense_node.bias                          | shape: (3,)                      | params: 3
2026-07-16 03:35:34,451 P2627372 INFO dense_log.weight                         | shape: (256, 16)                 | params: 4,096
2026-07-16 03:35:34,451 P2627372 INFO dense_log.bias                           | shape: (256,)                    | params: 256
2026-07-16 03:35:34,451 P2627372 INFO dense_edge.weight                        | shape: (7, 4)                    | params: 28
2026-07-16 03:35:34,451 P2627372 INFO dense_edge.bias                          | shape: (7,)                      | params: 7
2026-07-16 03:35:34,451 P2627372 INFO show.0.weight                            | shape: (128, 266)                | params: 34,048
2026-07-16 03:35:34,452 P2627372 INFO show.0.bias                              | shape: (128,)                    | params: 128
2026-07-16 03:35:34,452 P2627372 INFO show.2.weight                            | shape: (2, 128)                  | params: 256
2026-07-16 03:35:34,452 P2627372 INFO show.2.bias                              | shape: (2,)                      | params: 2
2026-07-16 03:35:34,452 P2627372 INFO Subtotal: 42,996
2026-07-16 03:35:34,452 P2627372 INFO --------------------------------------------------------------------------------
2026-07-16 03:35:34,452 P2627372 INFO Total Trainable Parameters: 44,015

2026-07-16 03:35:34,452 P2627372 INFO Trainable Parameters: 44015, reconstruction: 1019, common: 42996
2026-07-16 03:35:34,452 P2627372 INFO model : init weight
2026-07-16 03:35:34,453 P2627372 INFO Using GPU...
2026-07-16 03:35:34,458 P2627372 INFO optimizer : using AdaBelief
2026-07-16 03:35:34,458 P2627372 INFO ----------------------------------------------------------------------------------------------------
2026-07-16 03:35:34,458 P2627372 INFO 0/300 starting... lr: 0.001 para:1.0
2026-07-16 03:35:41,493 P2627372 INFO Epoch 0/300, all_loss:0.19789 cls_loss:127.39393 rec_loss:0.19789 [7.03s]; best loss:0.19789, patience : 0
2026-07-16 03:35:41,493 P2627372 INFO ----------------------------------------------------------------------------------------------------
2026-07-16 03:35:41,493 P2627372 INFO 1/300 starting... lr: 0.001 para:0.5
2026-07-16 03:35:47,779 P2627372 INFO Epoch 1/300, all_loss:23.45244 cls_loss:46.69865 rec_loss:0.20623 [6.28s]; best loss:23.45244, patience : 0
2026-07-16 03:35:47,780 P2627372 INFO ----------------------------------------------------------------------------------------------------
2026-07-16 03:35:47,780 P2627372 INFO 2/300 starting... lr: 0.001 para:0.3333333432674408
2026-07-16 03:35:54,211 P2627372 INFO Epoch 2/300, all_loss:22.74307 cls_loss:33.99207 rec_loss:0.24506 [6.43s]; best loss:22.74307, patience : 0
2026-07-16 03:35:56,565 P2627372 INFO pr:0.9394  rc:0.6263  auc:0.9435 ap:0.9124 f1: 0.7515 pred_right: 38736 pred_wrong:264 actu_right: 38604 actu_wrong: 396
2026-07-16 03:35:57,590 P2627372 INFO pr:0.9222  rc:0.6434  auc:0.9352 ap:0.9100 f1: 0.7580 pred_right: 16410 pred_wrong:90 actu_right: 16371 actu_wrong: 129
2026-07-16 03:35:57,594 P2627372 INFO ----------------------------------------------------------------------------------------------------
2026-07-16 03:35:57,594 P2627372 INFO 3/300 starting... lr: 0.001 para:0.25
2026-07-16 03:36:04,140 P2627372 INFO Epoch 3/300, all_loss:0.63213 cls_loss:0.75707 rec_loss:0.25730 [6.54s]; best loss:0.63213, patience : 0
2026-07-16 03:36:06,464 P2627372 INFO pr:0.9774  rc:0.7652  auc:0.9634 ap:0.9471 f1: 0.8584 pred_right: 38690 pred_wrong:310 actu_right: 38604 actu_wrong: 396
2026-07-16 03:36:07,611 P2627372 INFO pr:0.9558  rc:0.8372  auc:0.9642 ap:0.9495 f1: 0.8926 pred_right: 16387 pred_wrong:113 actu_right: 16371 actu_wrong: 129
2026-07-16 03:36:07,617 P2627372 INFO ----------------------------------------------------------------------------------------------------
2026-07-16 03:36:07,617 P2627372 INFO 4/300 starting... lr: 0.001 para:0.20000000298023224
2026-07-16 03:36:13,724 P2627372 INFO Epoch 4/300, all_loss:0.68617 cls_loss:0.79488 rec_loss:0.25134 [6.11s]; best loss:0.63213, patience : 1
2026-07-16 03:36:15,528 P2627372 INFO pr:0.9729  rc:0.8157  auc:0.9798 ap:0.9607 f1: 0.8874 pred_right: 38668 pred_wrong:332 actu_right: 38604 actu_wrong: 396
2026-07-16 03:36:16,407 P2627372 INFO pr:0.9658  rc:0.8760  auc:0.9799 ap:0.9698 f1: 0.9187 pred_right: 16383 pred_wrong:117 actu_right: 16371 actu_wrong: 129
2026-07-16 03:36:16,411 P2627372 INFO ----------------------------------------------------------------------------------------------------
2026-07-16 03:36:16,411 P2627372 INFO 5/300 starting... lr: 0.001 para:0.1666666716337204
2026-07-16 03:36:22,604 P2627372 INFO Epoch 5/300, all_loss:18.46740 cls_loss:22.11218 rec_loss:0.24352 [6.19s]; best loss:0.63213, patience : 2
2026-07-16 03:36:26,911 P2627372 INFO pr:0.9791  rc:0.8262  auc:0.9848 ap:0.9641 f1: 0.8962 pred_right: 38665 pred_wrong:335 actu_right: 38603 actu_wrong: 397
2026-07-16 03:36:28,895 P2627372 INFO pr:0.9652  rc:0.8605  auc:0.9813 ap:0.9657 f1: 0.9098 pred_right: 16385 pred_wrong:115 actu_right: 16371 actu_wrong: 129
2026-07-16 03:36:28,902 P2627372 INFO ----------------------------------------------------------------------------------------------------
2026-07-16 03:36:28,902 P2627372 INFO 6/300 starting... lr: 0.001 para:0.1428571492433548
2026-07-16 03:36:39,357 P2627372 INFO Epoch 6/300, all_loss:0.39700 cls_loss:0.42336 rec_loss:0.23884 [10.45s]; best loss:0.39700, patience : 0
2026-07-16 03:36:41,755 P2627372 INFO pr:0.9865  rc:0.7380  auc:0.9805 ap:0.9702 f1: 0.8444 pred_right: 38703 pred_wrong:297 actu_right: 38603 actu_wrong: 397
2026-07-16 03:36:42,689 P2627372 INFO pr:0.9737  rc:0.8605  auc:0.9975 ap:0.9745 f1: 0.9136 pred_right: 16386 pred_wrong:114 actu_right: 16371 actu_wrong: 129
2026-07-16 03:36:42,690 P2627372 INFO ----------------------------------------------------------------------------------------------------
2026-07-16 03:36:42,690 P2627372 INFO 7/300 starting... lr: 0.001 para:0.125
2026-07-16 03:36:49,097 P2627372 INFO Epoch 7/300, all_loss:3.66581 cls_loss:4.15748 rec_loss:0.22414 [6.41s]; best loss:0.39700, patience : 1
2026-07-16 03:36:51,382 P2627372 INFO pr:0.9493  rc:0.8967  auc:0.9869 ap:0.9724 f1: 0.9223 pred_right: 38625 pred_wrong:375 actu_right: 38603 actu_wrong: 397
2026-07-16 03:36:52,352 P2627372 INFO pr:0.9603  rc:0.9380  auc:0.9953 ap:0.9748 f1: 0.9490 pred_right: 16374 pred_wrong:126 actu_right: 16371 actu_wrong: 129
2026-07-16 03:36:52,356 P2627372 INFO ----------------------------------------------------------------------------------------------------
2026-07-16 03:36:52,356 P2627372 INFO 8/300 starting... lr: 0.001 para:0.1111111119389534
2026-07-16 03:36:58,447 P2627372 INFO Epoch 8/300, all_loss:47.95465 cls_loss:53.92160 rec_loss:0.21906 [6.09s]; best loss:0.39700, patience : 2
2026-07-16 03:37:00,774 P2627372 INFO pr:0.9778  rc:0.8914  auc:0.9829 ap:0.9704 f1: 0.9326 pred_right: 38639 pred_wrong:361 actu_right: 38604 actu_wrong: 396
2026-07-16 03:37:01,792 P2627372 INFO pr:0.9675  rc:0.9225  auc:0.9939 ap:0.9788 f1: 0.9444 pred_right: 16377 pred_wrong:123 actu_right: 16371 actu_wrong: 129
2026-07-16 03:37:01,799 P2627372 INFO ----------------------------------------------------------------------------------------------------
2026-07-16 03:37:01,799 P2627372 INFO 9/300 starting... lr: 0.001 para:0.10000000149011612
2026-07-16 03:37:08,092 P2627372 INFO Epoch 9/300, all_loss:0.41529 cls_loss:0.43744 rec_loss:0.21590 [6.29s]; best loss:0.39700, patience : 2
2026-07-16 03:37:10,571 P2627372 INFO pr:0.9455  rc:0.8741  auc:0.9802 ap:0.9477 f1: 0.9084 pred_right: 38633 pred_wrong:367 actu_right: 38603 actu_wrong: 397
2026-07-16 03:37:11,644 P2627372 INFO pr:0.9291  rc:0.9147  auc:0.9818 ap:0.9404 f1: 0.9219 pred_right: 16373 pred_wrong:127 actu_right: 16371 actu_wrong: 129
2026-07-16 03:37:11,645 P2627372 INFO ----------------------------------------------------------------------------------------------------
2026-07-16 03:37:11,645 P2627372 INFO 10/300 starting... lr: 0.001 para:0.09090909361839294
2026-07-16 03:37:17,950 P2627372 INFO Epoch 10/300, all_loss:0.35093 cls_loss:0.36526 rec_loss:0.20764 [6.30s]; best loss:0.35093, patience : 0
2026-07-16 03:37:20,118 P2627372 INFO pr:0.9745  rc:0.8665  auc:0.9804 ap:0.9704 f1: 0.9173 pred_right: 38647 pred_wrong:353 actu_right: 38603 actu_wrong: 397
2026-07-16 03:37:21,039 P2627372 INFO pr:0.9680  rc:0.9380  auc:0.9977 ap:0.9866 f1: 0.9528 pred_right: 16375 pred_wrong:125 actu_right: 16371 actu_wrong: 129
2026-07-16 03:37:21,040 P2627372 INFO ----------------------------------------------------------------------------------------------------
2026-07-16 03:37:21,040 P2627372 INFO 11/300 starting... lr: 0.001 para:0.0833333358168602
2026-07-16 03:37:27,267 P2627372 INFO Epoch 11/300, all_loss:21.21905 cls_loss:23.12995 rec_loss:0.19909 [6.23s]; best loss:0.35093, patience : 1
2026-07-16 03:37:29,334 P2627372 INFO pr:0.9367  rc:0.8942  auc:0.9774 ap:0.9659 f1: 0.9149 pred_right: 38621 pred_wrong:379 actu_right: 38603 actu_wrong: 397
2026-07-16 03:37:30,400 P2627372 INFO pr:0.9077  rc:0.9147  auc:0.9797 ap:0.9580 f1: 0.9112 pred_right: 16370 pred_wrong:130 actu_right: 16371 actu_wrong: 129
2026-07-16 03:37:30,400 P2627372 INFO ----------------------------------------------------------------------------------------------------
2026-07-16 03:37:30,400 P2627372 INFO 12/300 starting... lr: 0.001 para:0.07692307978868484
2026-07-16 03:37:36,812 P2627372 INFO Epoch 12/300, all_loss:0.42754 cls_loss:0.44688 rec_loss:0.19555 [6.41s]; best loss:0.35093, patience : 1
2026-07-16 03:37:39,118 P2627372 INFO pr:0.9651  rc:0.9043  auc:0.9882 ap:0.9729 f1: 0.9337 pred_right: 38628 pred_wrong:372 actu_right: 38603 actu_wrong: 397
2026-07-16 03:37:40,326 P2627372 INFO pr:0.9609  rc:0.9535  auc:0.9936 ap:0.9787 f1: 0.9572 pred_right: 16372 pred_wrong:128 actu_right: 16371 actu_wrong: 129
2026-07-16 03:37:40,332 P2627372 INFO ----------------------------------------------------------------------------------------------------
2026-07-16 03:37:40,332 P2627372 INFO 13/300 starting... lr: 0.001 para:0.0714285746216774
2026-07-16 03:37:46,388 P2627372 INFO Epoch 13/300, all_loss:0.30876 cls_loss:0.31787 rec_loss:0.19039 [6.05s]; best loss:0.30876, patience : 0
2026-07-16 03:37:48,127 P2627372 INFO pr:0.9701  rc:0.8992  auc:0.9866 ap:0.9743 f1: 0.9333 pred_right: 38632 pred_wrong:368 actu_right: 38603 actu_wrong: 397
2026-07-16 03:37:48,977 P2627372 INFO pr:0.9462  rc:0.9535  auc:0.9978 ap:0.9843 f1: 0.9498 pred_right: 16370 pred_wrong:130 actu_right: 16371 actu_wrong: 129
2026-07-16 03:37:48,977 P2627372 INFO ----------------------------------------------------------------------------------------------------
2026-07-16 03:37:48,978 P2627372 INFO 14/300 starting... lr: 0.001 para:0.06666667014360428
2026-07-16 03:37:54,847 P2627372 INFO Epoch 14/300, all_loss:51.48240 cls_loss:55.14636 rec_loss:0.18694 [5.87s]; best loss:0.30876, patience : 1
2026-07-16 03:37:57,926 P2627372 INFO pr:0.9677  rc:0.9066  auc:0.9906 ap:0.9758 f1: 0.9361 pred_right: 38629 pred_wrong:371 actu_right: 38604 actu_wrong: 396
2026-07-16 03:38:00,288 P2627372 INFO pr:0.9535  rc:0.9535  auc:0.9986 ap:0.9772 f1: 0.9535 pred_right: 16371 pred_wrong:129 actu_right: 16371 actu_wrong: 129
2026-07-16 03:38:00,294 P2627372 INFO ----------------------------------------------------------------------------------------------------
2026-07-16 03:38:00,295 P2627372 INFO 15/300 starting... lr: 0.001 para:0.0625
2026-07-16 03:38:11,664 P2627372 INFO Epoch 15/300, all_loss:64.43992 cls_loss:68.72355 rec_loss:0.18518 [11.37s]; best loss:0.30876, patience : 2
2026-07-16 03:38:14,337 P2627372 INFO pr:0.9536  rc:0.9320  auc:0.9907 ap:0.9747 f1: 0.9427 pred_right: 38612 pred_wrong:388 actu_right: 38603 actu_wrong: 397
2026-07-16 03:38:15,386 P2627372 INFO pr:0.9265  rc:0.9767  auc:0.9995 ap:0.9820 f1: 0.9509 pred_right: 16364 pred_wrong:136 actu_right: 16371 actu_wrong: 129
2026-07-16 03:38:15,391 P2627372 INFO ----------------------------------------------------------------------------------------------------
2026-07-16 03:38:15,391 P2627372 INFO 16/300 starting... lr: 0.001 para:0.05882352963089943
2026-07-16 03:38:21,831 P2627372 INFO Epoch 16/300, all_loss:49.07095 cls_loss:52.12686 rec_loss:0.17640 [6.44s]; best loss:0.30876, patience : 2
2026-07-16 03:38:24,136 P2627372 INFO pr:0.9783  rc:0.9091  auc:0.9843 ap:0.9748 f1: 0.9424 pred_right: 38632 pred_wrong:368 actu_right: 38604 actu_wrong: 396
2026-07-16 03:38:25,054 P2627372 INFO pr:0.9466  rc:0.9612  auc:0.9997 ap:0.9811 f1: 0.9538 pred_right: 16369 pred_wrong:131 actu_right: 16371 actu_wrong: 129
2026-07-16 03:38:25,055 P2627372 INFO ----------------------------------------------------------------------------------------------------
2026-07-16 03:38:25,055 P2627372 INFO 17/300 starting... lr: 0.001 para:0.0555555559694767
2026-07-16 03:38:31,181 P2627372 INFO Epoch 17/300, all_loss:0.31894 cls_loss:0.32719 rec_loss:0.17873 [6.13s]; best loss:0.30876, patience : 2
2026-07-16 03:38:33,240 P2627372 INFO pr:0.9881  rc:0.8363  auc:0.9770 ap:0.9726 f1: 0.9059 pred_right: 38664 pred_wrong:336 actu_right: 38603 actu_wrong: 397
2026-07-16 03:38:34,452 P2627372 INFO pr:0.9836  rc:0.9302  auc:0.9901 ap:0.9791 f1: 0.9562 pred_right: 16378 pred_wrong:122 actu_right: 16371 actu_wrong: 129
2026-07-16 03:38:34,453 P2627372 INFO ----------------------------------------------------------------------------------------------------
2026-07-16 03:38:34,453 P2627372 INFO 18/300 starting... lr: 0.001 para:0.05263157933950424
2026-07-16 03:38:40,540 P2627372 INFO Epoch 18/300, all_loss:6.56232 cls_loss:6.91745 rec_loss:0.17003 [6.09s]; best loss:0.30876, patience : 3
2026-07-16 03:38:42,857 P2627372 INFO pr:0.9563  rc:0.9370  auc:0.9863 ap:0.9699 f1: 0.9466 pred_right: 38611 pred_wrong:389 actu_right: 38603 actu_wrong: 397
2026-07-16 03:38:43,805 P2627372 INFO pr:0.9130  rc:0.9767  auc:0.9939 ap:0.9741 f1: 0.9438 pred_right: 16362 pred_wrong:138 actu_right: 16371 actu_wrong: 129
2026-07-16 03:38:43,810 P2627372 INFO ----------------------------------------------------------------------------------------------------
2026-07-16 03:38:43,810 P2627372 INFO 19/300 starting... lr: 0.001 para:0.05000000074505806
2026-07-16 03:38:50,317 P2627372 INFO Epoch 19/300, all_loss:30.93195 cls_loss:32.55107 rec_loss:0.16870 [6.51s]; best loss:0.30876, patience : 4
2026-07-16 03:38:52,634 P2627372 INFO pr:0.9831  rc:0.8788  auc:0.9747 ap:0.9706 f1: 0.9280 pred_right: 38646 pred_wrong:354 actu_right: 38604 actu_wrong: 396
2026-07-16 03:38:53,657 P2627372 INFO pr:0.9606  rc:0.9457  auc:0.9920 ap:0.9746 f1: 0.9531 pred_right: 16373 pred_wrong:127 actu_right: 16371 actu_wrong: 129
2026-07-16 03:38:53,658 P2627372 INFO ----------------------------------------------------------------------------------------------------
2026-07-16 03:38:53,658 P2627372 INFO 20/300 starting... lr: 0.001 para:0.0476190485060215
2026-07-16 03:39:00,049 P2627372 INFO Epoch 20/300, all_loss:0.20057 cls_loss:0.20244 rec_loss:0.16322 [6.39s]; best loss:0.20057, patience : 0
2026-07-16 03:39:02,111 P2627372 INFO pr:0.9782  rc:0.9043  auc:0.9736 ap:0.9697 f1: 0.9398 pred_right: 38633 pred_wrong:367 actu_right: 38603 actu_wrong: 397
2026-07-16 03:39:03,069 P2627372 INFO pr:0.9453  rc:0.9380  auc:0.9768 ap:0.9661 f1: 0.9416 pred_right: 16372 pred_wrong:128 actu_right: 16371 actu_wrong: 129
2026-07-16 03:39:03,069 P2627372 INFO ----------------------------------------------------------------------------------------------------
2026-07-16 03:39:03,069 P2627372 INFO 21/300 starting... lr: 0.001 para:0.04545454680919647
2026-07-16 03:39:09,570 P2627372 INFO Epoch 21/300, all_loss:0.34013 cls_loss:0.34854 rec_loss:0.16351 [6.50s]; best loss:0.20057, patience : 1
2026-07-16 03:39:11,848 P2627372 INFO pr:0.9677  rc:0.9066  auc:0.9674 ap:0.9656 f1: 0.9361 pred_right: 38629 pred_wrong:371 actu_right: 38604 actu_wrong: 396
2026-07-16 03:39:12,792 P2627372 INFO pr:0.9457  rc:0.9457  auc:0.9800 ap:0.9707 f1: 0.9457 pred_right: 16371 pred_wrong:129 actu_right: 16371 actu_wrong: 129
2026-07-16 03:39:12,793 P2627372 INFO ----------------------------------------------------------------------------------------------------
2026-07-16 03:39:12,793 P2627372 INFO 22/300 starting... lr: 0.001 para:0.043478261679410934
2026-07-16 03:39:19,867 P2627372 INFO Epoch 22/300, all_loss:0.38070 cls_loss:0.39040 rec_loss:0.16717 [7.07s]; best loss:0.20057, patience : 2
2026-07-16 03:39:21,526 P2627372 INFO pr:0.9648  rc:0.8287  auc:0.9770 ap:0.9722 f1: 0.8916 pred_right: 38659 pred_wrong:341 actu_right: 38603 actu_wrong: 397
2026-07-16 03:39:22,279 P2627372 INFO pr:0.9048  rc:0.8837  auc:0.9824 ap:0.9498 f1: 0.8941 pred_right: 16374 pred_wrong:126 actu_right: 16371 actu_wrong: 129
2026-07-16 03:39:22,279 P2627372 INFO ----------------------------------------------------------------------------------------------------
2026-07-16 03:39:22,279 P2627372 INFO 23/300 starting... lr: 0.001 para:0.0416666679084301
2026-07-16 03:39:28,011 P2627372 INFO Epoch 23/300, all_loss:0.36675 cls_loss:0.37581 rec_loss:0.15823 [5.73s]; best loss:0.20057, patience : 2
2026-07-16 03:39:30,717 P2627372 INFO pr:0.9594  rc:0.9521  auc:0.9909 ap:0.9807 f1: 0.9558 pred_right: 38606 pred_wrong:394 actu_right: 38603 actu_wrong: 397
2026-07-16 03:39:33,406 P2627372 INFO pr:0.8944  rc:0.9845  auc:0.9927 ap:0.9828 f1: 0.9373 pred_right: 16358 pred_wrong:142 actu_right: 16371 actu_wrong: 129
2026-07-16 03:39:33,413 P2627372 INFO ----------------------------------------------------------------------------------------------------
2026-07-16 03:39:33,414 P2627372 INFO 24/300 starting... lr: 0.001 para:0.03999999910593033
2026-07-16 03:39:44,781 P2627372 INFO Epoch 24/300, all_loss:0.12451 cls_loss:0.12344 rec_loss:0.15023 [11.36s]; best loss:0.12451, patience : 0
2026-07-16 03:39:47,212 P2627372 INFO pr:0.9913  rc:0.8564  auc:0.9707 ap:0.9712 f1: 0.9189 pred_right: 38657 pred_wrong:343 actu_right: 38603 actu_wrong: 397
2026-07-16 03:39:48,096 P2627372 INFO pr:0.9752  rc:0.9147  auc:0.9803 ap:0.9705 f1: 0.9440 pred_right: 16379 pred_wrong:121 actu_right: 16371 actu_wrong: 129
2026-07-16 03:39:48,096 P2627372 INFO ----------------------------------------------------------------------------------------------------
2026-07-16 03:39:48,096 P2627372 INFO 25/300 starting... lr: 0.001 para:0.03846153989434242
2026-07-16 03:39:54,611 P2627372 INFO Epoch 25/300, all_loss:0.20595 cls_loss:0.20796 rec_loss:0.15573 [6.51s]; best loss:0.12451, patience : 1
2026-07-16 03:39:56,998 P2627372 INFO pr:0.9832  rc:0.8841  auc:0.9842 ap:0.9780 f1: 0.9310 pred_right: 38643 pred_wrong:357 actu_right: 38603 actu_wrong: 397
2026-07-16 03:39:57,860 P2627372 INFO pr:0.9756  rc:0.9302  auc:0.9899 ap:0.9768 f1: 0.9524 pred_right: 16377 pred_wrong:123 actu_right: 16371 actu_wrong: 129
2026-07-16 03:39:57,861 P2627372 INFO ----------------------------------------------------------------------------------------------------
2026-07-16 03:39:57,861 P2627372 INFO 26/300 starting... lr: 0.001 para:0.03703703731298447
2026-07-16 03:40:04,177 P2627372 INFO Epoch 26/300, all_loss:0.16091 cls_loss:0.16121 rec_loss:0.15303 [6.32s]; best loss:0.12451, patience : 1
2026-07-16 03:40:06,277 P2627372 INFO pr:0.9736  rc:0.9295  auc:0.9866 ap:0.9775 f1: 0.9510 pred_right: 38621 pred_wrong:379 actu_right: 38603 actu_wrong: 397
2026-07-16 03:40:07,246 P2627372 INFO pr:0.9313  rc:0.9457  auc:0.9900 ap:0.9761 f1: 0.9385 pred_right: 16369 pred_wrong:131 actu_right: 16371 actu_wrong: 129
2026-07-16 03:40:07,246 P2627372 INFO ----------------------------------------------------------------------------------------------------
2026-07-16 03:40:07,246 P2627372 INFO 27/300 starting... lr: 0.001 para:0.0357142873108387
2026-07-16 03:40:13,553 P2627372 INFO Epoch 27/300, all_loss:0.25455 cls_loss:0.25824 rec_loss:0.15487 [6.31s]; best loss:0.12451, patience : 2
2026-07-16 03:40:16,088 P2627372 INFO pr:0.9835  rc:0.9040  auc:0.9810 ap:0.9740 f1: 0.9421 pred_right: 38636 pred_wrong:364 actu_right: 38604 actu_wrong: 396
2026-07-16 03:40:17,083 P2627372 INFO pr:0.9538  rc:0.9612  auc:0.9882 ap:0.9746 f1: 0.9575 pred_right: 16370 pred_wrong:130 actu_right: 16371 actu_wrong: 129
2026-07-16 03:40:17,083 P2627372 INFO ----------------------------------------------------------------------------------------------------
2026-07-16 03:40:17,083 P2627372 INFO 28/300 starting... lr: 0.001 para:0.03448275849223137
2026-07-16 03:40:23,598 P2627372 INFO Epoch 28/300, all_loss:0.23291 cls_loss:0.23571 rec_loss:0.15450 [6.51s]; best loss:0.12451, patience : 2
2026-07-16 03:40:25,608 P2627372 INFO pr:0.9861  rc:0.8917  auc:0.9838 ap:0.9747 f1: 0.9365 pred_right: 38641 pred_wrong:359 actu_right: 38603 actu_wrong: 397
2026-07-16 03:40:26,479 P2627372 INFO pr:0.9453  rc:0.9380  auc:0.9935 ap:0.9757 f1: 0.9416 pred_right: 16372 pred_wrong:128 actu_right: 16371 actu_wrong: 129
2026-07-16 03:40:26,479 P2627372 INFO ----------------------------------------------------------------------------------------------------
2026-07-16 03:40:26,479 P2627372 INFO 29/300 starting... lr: 0.001 para:0.03333333507180214
2026-07-16 03:40:33,276 P2627372 INFO Epoch 29/300, all_loss:0.51823 cls_loss:0.53127 rec_loss:0.13989 [6.80s]; best loss:0.12451, patience : 3
2026-07-16 03:40:35,710 P2627372 INFO pr:0.9759  rc:0.9169  auc:0.9848 ap:0.9787 f1: 0.9455 pred_right: 38627 pred_wrong:373 actu_right: 38603 actu_wrong: 397
2026-07-16 03:40:36,775 P2627372 INFO pr:0.9462  rc:0.9535  auc:0.9958 ap:0.9791 f1: 0.9498 pred_right: 16370 pred_wrong:130 actu_right: 16371 actu_wrong: 129
2026-07-16 03:40:36,776 P2627372 INFO ----------------------------------------------------------------------------------------------------
2026-07-16 03:40:36,776 P2627372 INFO 30/300 starting... lr: 0.001 para:0.032258063554763794
2026-07-16 03:40:43,266 P2627372 INFO Epoch 30/300, all_loss:0.28394 cls_loss:0.28862 rec_loss:0.14337 [6.49s]; best loss:0.12451, patience : 3
2026-07-16 03:40:45,532 P2627372 INFO pr:0.9885  rc:0.8665  auc:0.9827 ap:0.9777 f1: 0.9235 pred_right: 38652 pred_wrong:348 actu_right: 38603 actu_wrong: 397
2026-07-16 03:40:46,527 P2627372 INFO pr:0.9524  rc:0.9302  auc:0.9937 ap:0.9784 f1: 0.9412 pred_right: 16374 pred_wrong:126 actu_right: 16371 actu_wrong: 129
2026-07-16 03:40:46,527 P2627372 INFO ----------------------------------------------------------------------------------------------------
2026-07-16 03:40:46,528 P2627372 INFO 31/300 starting... lr: 0.001 para:0.03125
2026-07-16 03:40:53,481 P2627372 INFO Epoch 31/300, all_loss:0.14410 cls_loss:0.14419 rec_loss:0.14126 [6.95s]; best loss:0.12451, patience : 3
2026-07-16 03:40:55,237 P2627372 INFO pr:0.9813  rc:0.9270  auc:0.9834 ap:0.9776 f1: 0.9534 pred_right: 38625 pred_wrong:375 actu_right: 38603 actu_wrong: 397
2026-07-16 03:40:55,964 P2627372 INFO pr:0.9389  rc:0.9535  auc:0.9922 ap:0.9769 f1: 0.9462 pred_right: 16369 pred_wrong:131 actu_right: 16371 actu_wrong: 129
2026-07-16 03:40:55,965 P2627372 INFO ----------------------------------------------------------------------------------------------------
2026-07-16 03:40:55,965 P2627372 INFO 32/300 starting... lr: 0.001 para:0.03030303120613098
2026-07-16 03:41:01,746 P2627372 INFO Epoch 32/300, all_loss:0.13166 cls_loss:0.13156 rec_loss:0.13475 [5.78s]; best loss:0.12451, patience : 3
2026-07-16 03:41:04,499 P2627372 INFO pr:0.9813  rc:0.9244  auc:0.9858 ap:0.9782 f1: 0.9520 pred_right: 38626 pred_wrong:374 actu_right: 38603 actu_wrong: 397
2026-07-16 03:41:06,263 P2627372 INFO pr:0.9531  rc:0.9457  auc:0.9944 ap:0.9781 f1: 0.9494 pred_right: 16372 pred_wrong:128 actu_right: 16371 actu_wrong: 129
2026-07-16 03:41:06,264 P2627372 INFO ----------------------------------------------------------------------------------------------------
2026-07-16 03:41:06,264 P2627372 INFO 33/300 starting... lr: 0.001 para:0.029411764815449715
2026-07-16 03:41:18,755 P2627372 INFO Epoch 33/300, all_loss:0.12408 cls_loss:0.12362 rec_loss:0.13918 [12.49s]; best loss:0.12408, patience : 0
2026-07-16 03:41:21,060 P2627372 INFO pr:0.9938  rc:0.8076  auc:0.9710 ap:0.9729 f1: 0.8911 pred_right: 38679 pred_wrong:321 actu_right: 38605 actu_wrong: 395
2026-07-16 03:41:22,026 P2627372 INFO pr:0.9826  rc:0.8760  auc:0.9860 ap:0.9747 f1: 0.9262 pred_right: 16385 pred_wrong:115 actu_right: 16371 actu_wrong: 129
2026-07-16 03:41:22,026 P2627372 INFO ----------------------------------------------------------------------------------------------------
2026-07-16 03:41:22,026 P2627372 INFO 34/300 starting... lr: 0.001 para:0.02857142873108387
2026-07-16 03:41:28,557 P2627372 INFO Epoch 34/300, all_loss:0.15577 cls_loss:0.15628 rec_loss:0.13838 [6.53s]; best loss:0.12408, patience : 1
2026-07-16 03:41:30,736 P2627372 INFO pr:0.9788  rc:0.9343  auc:0.9876 ap:0.9817 f1: 0.9561 pred_right: 38622 pred_wrong:378 actu_right: 38604 actu_wrong: 396
2026-07-16 03:41:31,804 P2627372 INFO pr:0.9535  rc:0.9535  auc:0.9944 ap:0.9843 f1: 0.9535 pred_right: 16371 pred_wrong:129 actu_right: 16371 actu_wrong: 129
2026-07-16 03:41:31,808 P2627372 INFO ----------------------------------------------------------------------------------------------------
2026-07-16 03:41:31,808 P2627372 INFO 35/300 starting... lr: 0.001 para:0.02777777798473835
2026-07-16 03:41:38,095 P2627372 INFO Epoch 35/300, all_loss:0.12885 cls_loss:0.12858 rec_loss:0.13835 [6.29s]; best loss:0.12408, patience : 1
2026-07-16 03:41:40,209 P2627372 INFO pr:0.9913  rc:0.8564  auc:0.9744 ap:0.9738 f1: 0.9189 pred_right: 38657 pred_wrong:343 actu_right: 38603 actu_wrong: 397
2026-07-16 03:41:41,159 P2627372 INFO pr:0.9746  rc:0.8915  auc:0.9798 ap:0.9709 f1: 0.9312 pred_right: 16382 pred_wrong:118 actu_right: 16371 actu_wrong: 129
2026-07-16 03:41:41,159 P2627372 INFO ----------------------------------------------------------------------------------------------------
2026-07-16 03:41:41,159 P2627372 INFO 36/300 starting... lr: 0.001 para:0.027027027681469917
2026-07-16 03:41:47,575 P2627372 INFO Epoch 36/300, all_loss:0.16906 cls_loss:0.17004 rec_loss:0.13378 [6.42s]; best loss:0.12408, patience : 2
2026-07-16 03:41:49,745 P2627372 INFO pr:0.9634  rc:0.9342  auc:0.9829 ap:0.9769 f1: 0.9486 pred_right: 38617 pred_wrong:383 actu_right: 38605 actu_wrong: 395
2026-07-16 03:41:50,842 P2627372 INFO pr:0.9398  rc:0.9690  auc:0.9975 ap:0.9818 f1: 0.9542 pred_right: 16367 pred_wrong:133 actu_right: 16371 actu_wrong: 129
2026-07-16 03:41:50,842 P2627372 INFO ----------------------------------------------------------------------------------------------------
2026-07-16 03:41:50,842 P2627372 INFO 37/300 starting... lr: 0.001 para:0.02631578966975212
2026-07-16 03:41:57,136 P2627372 INFO Epoch 37/300, all_loss:0.10036 cls_loss:0.09931 rec_loss:0.13953 [6.29s]; best loss:0.10036, patience : 0
2026-07-16 03:41:59,474 P2627372 INFO pr:0.9475  rc:0.9547  auc:0.9895 ap:0.9833 f1: 0.9511 pred_right: 38600 pred_wrong:400 actu_right: 38603 actu_wrong: 397
2026-07-16 03:42:00,592 P2627372 INFO pr:0.8857  rc:0.9612  auc:0.9945 ap:0.9731 f1: 0.9219 pred_right: 16360 pred_wrong:140 actu_right: 16371 actu_wrong: 129
2026-07-16 03:42:00,592 P2627372 INFO ----------------------------------------------------------------------------------------------------
2026-07-16 03:42:00,592 P2627372 INFO 38/300 starting... lr: 0.001 para:0.025641025975346565
2026-07-16 03:42:07,120 P2627372 INFO Epoch 38/300, all_loss:0.11457 cls_loss:0.11387 rec_loss:0.14143 [6.53s]; best loss:0.10036, patience : 1
2026-07-16 03:42:09,585 P2627372 INFO pr:0.9860  rc:0.8892  auc:0.9839 ap:0.9778 f1: 0.9351 pred_right: 38642 pred_wrong:358 actu_right: 38603 actu_wrong: 397
2026-07-16 03:42:10,579 P2627372 INFO pr:0.9685  rc:0.9535  auc:0.9901 ap:0.9773 f1: 0.9609 pred_right: 16373 pred_wrong:127 actu_right: 16371 actu_wrong: 129
2026-07-16 03:42:10,579 P2627372 INFO ----------------------------------------------------------------------------------------------------
2026-07-16 03:42:10,580 P2627372 INFO 39/300 starting... lr: 0.001 para:0.02500000037252903
2026-07-16 03:42:17,140 P2627372 INFO Epoch 39/300, all_loss:0.12242 cls_loss:0.12219 rec_loss:0.13120 [6.56s]; best loss:0.10036, patience : 2
2026-07-16 03:42:19,521 P2627372 INFO pr:0.9866  rc:0.9270  auc:0.9822 ap:0.9800 f1: 0.9558 pred_right: 38627 pred_wrong:373 actu_right: 38603 actu_wrong: 397
2026-07-16 03:42:20,536 P2627372 INFO pr:0.9606  rc:0.9457  auc:0.9879 ap:0.9757 f1: 0.9531 pred_right: 16373 pred_wrong:127 actu_right: 16371 actu_wrong: 129
2026-07-16 03:42:20,537 P2627372 INFO ----------------------------------------------------------------------------------------------------
2026-07-16 03:42:20,537 P2627372 INFO 40/300 starting... lr: 0.001 para:0.024390242993831635
2026-07-16 03:42:27,544 P2627372 INFO Epoch 40/300, all_loss:0.10421 cls_loss:0.10318 rec_loss:0.14543 [7.01s]; best loss:0.10036, patience : 2
2026-07-16 03:42:29,132 P2627372 INFO pr:0.9916  rc:0.8967  auc:0.9832 ap:0.9779 f1: 0.9418 pred_right: 38641 pred_wrong:359 actu_right: 38603 actu_wrong: 397
2026-07-16 03:42:29,819 P2627372 INFO pr:0.9603  rc:0.9380  auc:0.9939 ap:0.9812 f1: 0.9490 pred_right: 16374 pred_wrong:126 actu_right: 16371 actu_wrong: 129
2026-07-16 03:42:29,820 P2627372 INFO ----------------------------------------------------------------------------------------------------
2026-07-16 03:42:29,820 P2627372 INFO 41/300 starting... lr: 0.001 para:0.02380952425301075
2026-07-16 03:42:35,567 P2627372 INFO Epoch 41/300, all_loss:0.14553 cls_loss:0.14545 rec_loss:0.14879 [5.75s]; best loss:0.10036, patience : 3
2026-07-16 03:42:37,954 P2627372 INFO pr:0.9943  rc:0.8788  auc:0.9836 ap:0.9775 f1: 0.9330 pred_right: 38650 pred_wrong:350 actu_right: 38604 actu_wrong: 396
2026-07-16 03:42:39,852 P2627372 INFO pr:0.9677  rc:0.9302  auc:0.9915 ap:0.9783 f1: 0.9486 pred_right: 16376 pred_wrong:124 actu_right: 16371 actu_wrong: 129
2026-07-16 03:42:39,853 P2627372 INFO ----------------------------------------------------------------------------------------------------
2026-07-16 03:42:39,853 P2627372 INFO 42/300 starting... lr: 0.001 para:0.023255813866853714
2026-07-16 03:42:52,363 P2627372 INFO Epoch 42/300, all_loss:0.06025 cls_loss:0.05853 rec_loss:0.13247 [12.51s]; best loss:0.06025, patience : 0
2026-07-16 03:42:54,864 P2627372 INFO pr:0.9841  rc:0.9345  auc:0.9859 ap:0.9795 f1: 0.9587 pred_right: 38623 pred_wrong:377 actu_right: 38603 actu_wrong: 397
2026-07-16 03:42:55,913 P2627372 INFO pr:0.9462  rc:0.9535  auc:0.9928 ap:0.9743 f1: 0.9498 pred_right: 16370 pred_wrong:130 actu_right: 16371 actu_wrong: 129
2026-07-16 03:42:55,917 P2627372 INFO ----------------------------------------------------------------------------------------------------
2026-07-16 03:42:55,917 P2627372 INFO 43/300 starting... lr: 0.001 para:0.022727273404598236
2026-07-16 03:43:02,209 P2627372 INFO Epoch 43/300, all_loss:0.08561 cls_loss:0.08474 rec_loss:0.12313 [6.29s]; best loss:0.06025, patience : 1
2026-07-16 03:43:04,495 P2627372 INFO pr:0.9892  rc:0.9268  auc:0.9818 ap:0.9799 f1: 0.9570 pred_right: 38629 pred_wrong:371 actu_right: 38604 actu_wrong: 396
2026-07-16 03:43:05,413 P2627372 INFO pr:0.9606  rc:0.9457  auc:0.9873 ap:0.9724 f1: 0.9531 pred_right: 16373 pred_wrong:127 actu_right: 16371 actu_wrong: 129
2026-07-16 03:43:05,414 P2627372 INFO ----------------------------------------------------------------------------------------------------
2026-07-16 03:43:05,414 P2627372 INFO 44/300 starting... lr: 0.001 para:0.02222222276031971
2026-07-16 03:43:11,756 P2627372 INFO Epoch 44/300, all_loss:0.03227 cls_loss:0.03015 rec_loss:0.12562 [6.34s]; best loss:0.03227, patience : 0
2026-07-16 03:43:14,016 P2627372 INFO pr:0.9782  rc:0.9066  auc:0.9851 ap:0.9754 f1: 0.9410 pred_right: 38633 pred_wrong:367 actu_right: 38604 actu_wrong: 396
2026-07-16 03:43:14,934 P2627372 INFO pr:0.9538  rc:0.9612  auc:0.9935 ap:0.9738 f1: 0.9575 pred_right: 16370 pred_wrong:130 actu_right: 16371 actu_wrong: 129
2026-07-16 03:43:14,935 P2627372 INFO ----------------------------------------------------------------------------------------------------
2026-07-16 03:43:14,935 P2627372 INFO 45/300 starting... lr: 0.001 para:0.021739130839705467
2026-07-16 03:43:21,238 P2627372 INFO Epoch 45/300, all_loss:0.06899 cls_loss:0.06777 rec_loss:0.12398 [6.30s]; best loss:0.03227, patience : 1
2026-07-16 03:43:23,385 P2627372 INFO pr:0.9865  rc:0.9219  auc:0.9838 ap:0.9770 f1: 0.9531 pred_right: 38629 pred_wrong:371 actu_right: 38603 actu_wrong: 397
2026-07-16 03:43:24,366 P2627372 INFO pr:0.9609  rc:0.9535  auc:0.9924 ap:0.9763 f1: 0.9572 pred_right: 16372 pred_wrong:128 actu_right: 16371 actu_wrong: 129
2026-07-16 03:43:24,367 P2627372 INFO ----------------------------------------------------------------------------------------------------
2026-07-16 03:43:24,367 P2627372 INFO 46/300 starting... lr: 0.001 para:0.021276595070958138
2026-07-16 03:43:30,948 P2627372 INFO Epoch 46/300, all_loss:0.09456 cls_loss:0.09384 rec_loss:0.12785 [6.58s]; best loss:0.03227, patience : 2
2026-07-16 03:43:33,345 P2627372 INFO pr:0.9867  rc:0.9320  auc:0.9821 ap:0.9783 f1: 0.9585 pred_right: 38625 pred_wrong:375 actu_right: 38603 actu_wrong: 397
2026-07-16 03:43:34,441 P2627372 INFO pr:0.9457  rc:0.9457  auc:0.9831 ap:0.9697 f1: 0.9457 pred_right: 16371 pred_wrong:129 actu_right: 16371 actu_wrong: 129
2026-07-16 03:43:34,442 P2627372 INFO ----------------------------------------------------------------------------------------------------
2026-07-16 03:43:34,442 P2627372 INFO 47/300 starting... lr: 0.001 para:0.02083333395421505
2026-07-16 03:43:40,949 P2627372 INFO Epoch 47/300, all_loss:0.02722 cls_loss:0.02526 rec_loss:0.11918 [6.50s]; best loss:0.02722, patience : 0
2026-07-16 03:43:43,356 P2627372 INFO pr:0.9942  rc:0.8690  auc:0.9757 ap:0.9743 f1: 0.9274 pred_right: 38653 pred_wrong:347 actu_right: 38603 actu_wrong: 397
2026-07-16 03:43:44,380 P2627372 INFO pr:0.9752  rc:0.9147  auc:0.9805 ap:0.9721 f1: 0.9440 pred_right: 16379 pred_wrong:121 actu_right: 16371 actu_wrong: 129
2026-07-16 03:43:44,381 P2627372 INFO ----------------------------------------------------------------------------------------------------
2026-07-16 03:43:44,381 P2627372 INFO 48/300 starting... lr: 0.001 para:0.020408162847161293
2026-07-16 03:43:50,966 P2627372 INFO Epoch 48/300, all_loss:0.11474 cls_loss:0.11450 rec_loss:0.12617 [6.58s]; best loss:0.02722, patience : 1
2026-07-16 03:43:53,364 P2627372 INFO pr:0.8936  rc:0.9521  auc:0.9901 ap:0.9759 f1: 0.9220 pred_right: 38577 pred_wrong:423 actu_right: 38603 actu_wrong: 397
2026-07-16 03:43:54,448 P2627372 INFO pr:0.8025  rc:0.9767  auc:0.9938 ap:0.9593 f1: 0.8811 pred_right: 16343 pred_wrong:157 actu_right: 16371 actu_wrong: 129
2026-07-16 03:43:54,449 P2627372 INFO ----------------------------------------------------------------------------------------------------
2026-07-16 03:43:54,449 P2627372 INFO 49/300 starting... lr: 0.001 para:0.019999999552965164
2026-07-16 03:44:01,444 P2627372 INFO Epoch 49/300, all_loss:0.37288 cls_loss:0.37816 rec_loss:0.11403 [6.99s]; best loss:0.02722, patience : 2
2026-07-16 03:44:03,145 P2627372 INFO pr:0.9661  rc:0.9345  auc:0.9898 ap:0.9815 f1: 0.9501 pred_right: 38616 pred_wrong:384 actu_right: 38603 actu_wrong: 397
2026-07-16 03:44:03,867 P2627372 INFO pr:0.9333  rc:0.9767  auc:0.9998 ap:0.9873 f1: 0.9545 pred_right: 16365 pred_wrong:135 actu_right: 16371 actu_wrong: 129
2026-07-16 03:44:03,868 P2627372 INFO ----------------------------------------------------------------------------------------------------
2026-07-16 03:44:03,868 P2627372 INFO 50/300 starting... lr: 0.001 para:0.019607843831181526
2026-07-16 03:44:09,560 P2627372 INFO Epoch 50/300, all_loss:0.04543 cls_loss:0.04394 rec_loss:0.11995 [5.69s]; best loss:0.02722, patience : 2
2026-07-16 03:44:11,592 P2627372 INFO pr:0.9640  rc:0.9446  auc:0.9881 ap:0.9817 f1: 0.9542 pred_right: 38611 pred_wrong:389 actu_right: 38603 actu_wrong: 397
2026-07-16 03:44:12,952 P2627372 INFO pr:0.9549  rc:0.9845  auc:0.9999 ap:0.9898 f1: 0.9695 pred_right: 16367 pred_wrong:133 actu_right: 16371 actu_wrong: 129
2026-07-16 03:44:12,953 P2627372 INFO ----------------------------------------------------------------------------------------------------
2026-07-16 03:44:12,953 P2627372 INFO 51/300 starting... lr: 0.001 para:0.01923076994717121
2026-07-16 03:44:24,930 P2627372 INFO Epoch 51/300, all_loss:0.07775 cls_loss:0.07706 rec_loss:0.11310 [11.98s]; best loss:0.02722, patience : 3
2026-07-16 03:44:27,821 P2627372 INFO pr:0.9944  rc:0.9018  auc:0.9862 ap:0.9824 f1: 0.9458 pred_right: 38640 pred_wrong:360 actu_right: 38603 actu_wrong: 397
2026-07-16 03:44:29,007 P2627372 INFO pr:0.9756  rc:0.9302  auc:0.9883 ap:0.9799 f1: 0.9524 pred_right: 16377 pred_wrong:123 actu_right: 16371 actu_wrong: 129
2026-07-16 03:44:29,007 P2627372 INFO ----------------------------------------------------------------------------------------------------
2026-07-16 03:44:29,008 P2627372 INFO 52/300 starting... lr: 0.001 para:0.01886792480945587
2026-07-16 03:44:35,475 P2627372 INFO Epoch 52/300, all_loss:0.05020 cls_loss:0.04921 rec_loss:0.10158 [6.47s]; best loss:0.02722, patience : 3
2026-07-16 03:44:37,750 P2627372 INFO pr:0.9240  rc:0.9496  auc:0.9883 ap:0.9831 f1: 0.9366 pred_right: 38592 pred_wrong:408 actu_right: 38603 actu_wrong: 397
2026-07-16 03:44:38,650 P2627372 INFO pr:0.8681  rc:0.9690  auc:0.9998 ap:0.9855 f1: 0.9158 pred_right: 16356 pred_wrong:144 actu_right: 16371 actu_wrong: 129
2026-07-16 03:44:38,650 P2627372 INFO ----------------------------------------------------------------------------------------------------
2026-07-16 03:44:38,651 P2627372 INFO 53/300 starting... lr: 0.001 para:0.018518518656492233
2026-07-16 03:44:44,859 P2627372 INFO Epoch 53/300, all_loss:0.01996 cls_loss:0.01833 rec_loss:0.10608 [6.20s]; best loss:0.01996, patience : 0
2026-07-16 03:44:46,943 P2627372 INFO pr:0.9867  rc:0.9320  auc:0.9857 ap:0.9838 f1: 0.9585 pred_right: 38625 pred_wrong:375 actu_right: 38603 actu_wrong: 397
2026-07-16 03:44:47,852 P2627372 INFO pr:0.9612  rc:0.9612  auc:0.9958 ap:0.9837 f1: 0.9612 pred_right: 16371 pred_wrong:129 actu_right: 16371 actu_wrong: 129
2026-07-16 03:44:47,853 P2627372 INFO ----------------------------------------------------------------------------------------------------
2026-07-16 03:44:47,853 P2627372 INFO 54/300 starting... lr: 0.001 para:0.0181818176060915
2026-07-16 03:44:53,945 P2627372 INFO Epoch 54/300, all_loss:0.05229 cls_loss:0.05123 rec_loss:0.10930 [6.09s]; best loss:0.01996, patience : 1
2026-07-16 03:44:55,938 P2627372 INFO pr:0.9917  rc:0.8992  auc:0.9828 ap:0.9783 f1: 0.9432 pred_right: 38640 pred_wrong:360 actu_right: 38603 actu_wrong: 397
2026-07-16 03:44:57,099 P2627372 INFO pr:0.9758  rc:0.9380  auc:0.9882 ap:0.9796 f1: 0.9565 pred_right: 16376 pred_wrong:124 actu_right: 16371 actu_wrong: 129
2026-07-16 03:44:57,100 P2627372 INFO ----------------------------------------------------------------------------------------------------
2026-07-16 03:44:57,107 P2627372 INFO 55/300 starting... lr: 0.001 para:0.01785714365541935
2026-07-16 03:45:03,653 P2627372 INFO Epoch 55/300, all_loss:0.11778 cls_loss:0.11798 rec_loss:0.10640 [6.55s]; best loss:0.01996, patience : 2
2026-07-16 03:45:06,179 P2627372 INFO pr:0.9866  rc:0.9270  auc:0.9850 ap:0.9835 f1: 0.9558 pred_right: 38627 pred_wrong:373 actu_right: 38603 actu_wrong: 397
2026-07-16 03:45:07,228 P2627372 INFO pr:0.9685  rc:0.9535  auc:0.9904 ap:0.9822 f1: 0.9609 pred_right: 16373 pred_wrong:127 actu_right: 16371 actu_wrong: 129
2026-07-16 03:45:07,228 P2627372 INFO ----------------------------------------------------------------------------------------------------
2026-07-16 03:45:07,229 P2627372 INFO 56/300 starting... lr: 0.001 para:0.017543859779834747
2026-07-16 03:45:13,708 P2627372 INFO Epoch 56/300, all_loss:0.03059 cls_loss:0.02921 rec_loss:0.10756 [6.48s]; best loss:0.01996, patience : 2
2026-07-16 03:45:16,226 P2627372 INFO pr:0.9943  rc:0.8791  auc:0.9818 ap:0.9813 f1: 0.9332 pred_right: 38649 pred_wrong:351 actu_right: 38603 actu_wrong: 397
2026-07-16 03:45:17,328 P2627372 INFO pr:0.9750  rc:0.9070  auc:0.9863 ap:0.9818 f1: 0.9398 pred_right: 16380 pred_wrong:120 actu_right: 16371 actu_wrong: 129
2026-07-16 03:45:17,329 P2627372 INFO ----------------------------------------------------------------------------------------------------
2026-07-16 03:45:17,329 P2627372 INFO 57/300 starting... lr: 0.001 para:0.017241379246115685
2026-07-16 03:45:23,604 P2627372 INFO Epoch 57/300, all_loss:0.05325 cls_loss:0.05241 rec_loss:0.10130 [6.27s]; best loss:0.01996, patience : 3
2026-07-16 03:45:26,214 P2627372 INFO pr:0.9915  rc:0.8838  auc:0.9809 ap:0.9813 f1: 0.9346 pred_right: 38647 pred_wrong:353 actu_right: 38604 actu_wrong: 396
2026-07-16 03:45:27,113 P2627372 INFO pr:0.9677  rc:0.9302  auc:0.9864 ap:0.9829 f1: 0.9486 pred_right: 16376 pred_wrong:124 actu_right: 16371 actu_wrong: 129
2026-07-16 03:45:27,114 P2627372 INFO ----------------------------------------------------------------------------------------------------
2026-07-16 03:45:27,114 P2627372 INFO 58/300 starting... lr: 0.001 para:0.016949152573943138
2026-07-16 03:45:34,004 P2627372 INFO Epoch 58/300, all_loss:0.06888 cls_loss:0.06818 rec_loss:0.10908 [6.89s]; best loss:0.01996, patience : 4
2026-07-16 03:45:35,671 P2627372 INFO pr:0.9812  rc:0.9219  auc:0.9868 ap:0.9816 f1: 0.9506 pred_right: 38627 pred_wrong:373 actu_right: 38603 actu_wrong: 397
2026-07-16 03:45:36,537 P2627372 INFO pr:0.9766  rc:0.9690  auc:0.9943 ap:0.9859 f1: 0.9728 pred_right: 16372 pred_wrong:128 actu_right: 16371 actu_wrong: 129
2026-07-16 03:45:36,537 P2627372 INFO ----------------------------------------------------------------------------------------------------
2026-07-16 03:45:36,537 P2627372 INFO 59/300 starting... lr: 0.001 para:0.01666666753590107
2026-07-16 03:45:42,540 P2627372 INFO Epoch 59/300, all_loss:0.05915 cls_loss:0.05840 rec_loss:0.10351 [6.00s]; best loss:0.01996, patience : 4
2026-07-16 03:45:45,180 P2627372 INFO pr:0.9689  rc:0.9421  auc:0.9906 ap:0.9832 f1: 0.9553 pred_right: 38614 pred_wrong:386 actu_right: 38603 actu_wrong: 397
2026-07-16 03:45:47,018 P2627372 INFO pr:0.9470  rc:0.9690  auc:0.9941 ap:0.9857 f1: 0.9579 pred_right: 16368 pred_wrong:132 actu_right: 16371 actu_wrong: 129
2026-07-16 03:45:47,019 P2627372 INFO ----------------------------------------------------------------------------------------------------
2026-07-16 03:45:47,019 P2627372 INFO 60/300 starting... lr: 0.001 para:0.016393441706895828
2026-07-16 03:45:59,269 P2627372 INFO Epoch 60/300, all_loss:0.00389 cls_loss:0.00235 rec_loss:0.09601 [12.25s]; best loss:0.00389, patience : 0
2026-07-16 03:46:01,760 P2627372 INFO pr:0.9891  rc:0.9169  auc:0.9843 ap:0.9809 f1: 0.9516 pred_right: 38632 pred_wrong:368 actu_right: 38603 actu_wrong: 397
2026-07-16 03:46:02,879 P2627372 INFO pr:0.9685  rc:0.9535  auc:0.9863 ap:0.9797 f1: 0.9609 pred_right: 16373 pred_wrong:127 actu_right: 16371 actu_wrong: 129
2026-07-16 03:46:02,879 P2627372 INFO ----------------------------------------------------------------------------------------------------
2026-07-16 03:46:02,880 P2627372 INFO 61/300 starting... lr: 0.001 para:0.016129031777381897
2026-07-16 03:46:09,485 P2627372 INFO Epoch 61/300, all_loss:0.03609 cls_loss:0.03482 rec_loss:0.11336 [6.60s]; best loss:0.00389, patience : 1
2026-07-16 03:46:11,614 P2627372 INFO pr:0.9714  rc:0.9421  auc:0.9858 ap:0.9831 f1: 0.9565 pred_right: 38615 pred_wrong:385 actu_right: 38603 actu_wrong: 397
2026-07-16 03:46:12,522 P2627372 INFO pr:0.9457  rc:0.9457  auc:0.9873 ap:0.9771 f1: 0.9457 pred_right: 16371 pred_wrong:129 actu_right: 16371 actu_wrong: 129
2026-07-16 03:46:12,522 P2627372 INFO ----------------------------------------------------------------------------------------------------
2026-07-16 03:46:12,522 P2627372 INFO 62/300 starting... lr: 0.001 para:0.01587301678955555
2026-07-16 03:46:19,028 P2627372 INFO Epoch 62/300, all_loss:0.07032 cls_loss:0.06956 rec_loss:0.11699 [6.51s]; best loss:0.00389, patience : 2
2026-07-16 03:46:21,582 P2627372 INFO pr:0.9612  rc:0.9370  auc:0.9863 ap:0.9793 f1: 0.9490 pred_right: 38613 pred_wrong:387 actu_right: 38603 actu_wrong: 397
2026-07-16 03:46:22,663 P2627372 INFO pr:0.9058  rc:0.9690  auc:0.9999 ap:0.9885 f1: 0.9363 pred_right: 16362 pred_wrong:138 actu_right: 16371 actu_wrong: 129
2026-07-16 03:46:22,664 P2627372 INFO ----------------------------------------------------------------------------------------------------
2026-07-16 03:46:22,664 P2627372 INFO 63/300 starting... lr: 0.001 para:0.015625
2026-07-16 03:46:29,233 P2627372 INFO Epoch 63/300, all_loss:0.03603 cls_loss:0.03499 rec_loss:0.10183 [6.57s]; best loss:0.00389, patience : 2
2026-07-16 03:46:31,749 P2627372 INFO pr:0.9789  rc:0.9345  auc:0.9851 ap:0.9826 f1: 0.9562 pred_right: 38621 pred_wrong:379 actu_right: 38603 actu_wrong: 397
2026-07-16 03:46:32,818 P2627372 INFO pr:0.9457  rc:0.9457  auc:0.9979 ap:0.9867 f1: 0.9457 pred_right: 16371 pred_wrong:129 actu_right: 16371 actu_wrong: 129
2026-07-16 03:46:32,819 P2627372 INFO ----------------------------------------------------------------------------------------------------
2026-07-16 03:46:32,819 P2627372 INFO 64/300 starting... lr: 0.001 para:0.015384615398943424
2026-07-16 03:46:39,131 P2627372 INFO Epoch 64/300, all_loss:0.06043 cls_loss:0.05988 rec_loss:0.09575 [6.31s]; best loss:0.00389, patience : 3
2026-07-16 03:46:41,632 P2627372 INFO pr:0.9816  rc:0.9419  auc:0.9863 ap:0.9835 f1: 0.9613 pred_right: 38620 pred_wrong:380 actu_right: 38604 actu_wrong: 396
2026-07-16 03:46:42,787 P2627372 INFO pr:0.9254  rc:0.9612  auc:0.9920 ap:0.9755 f1: 0.9430 pred_right: 16366 pred_wrong:134 actu_right: 16371 actu_wrong: 129
2026-07-16 03:46:42,793 P2627372 INFO ----------------------------------------------------------------------------------------------------
2026-07-16 03:46:42,793 P2627372 INFO 65/300 starting... lr: 0.001 para:0.01515151560306549
2026-07-16 03:46:49,201 P2627372 INFO Epoch 65/300, all_loss:0.04972 cls_loss:0.04898 rec_loss:0.09790 [6.41s]; best loss:0.00389, patience : 3
2026-07-16 03:46:51,516 P2627372 INFO pr:0.9866  rc:0.9244  auc:0.9816 ap:0.9831 f1: 0.9545 pred_right: 38628 pred_wrong:372 actu_right: 38603 actu_wrong: 397
2026-07-16 03:46:52,602 P2627372 INFO pr:0.9466  rc:0.9612  auc:0.9901 ap:0.9783 f1: 0.9538 pred_right: 16369 pred_wrong:131 actu_right: 16371 actu_wrong: 129
2026-07-16 03:46:52,603 P2627372 INFO ----------------------------------------------------------------------------------------------------
2026-07-16 03:46:52,603 P2627372 INFO 66/300 starting... lr: 0.001 para:0.014925372786819935
2026-07-16 03:46:59,151 P2627372 INFO Epoch 66/300, all_loss:0.01628 cls_loss:0.01509 rec_loss:0.09489 [6.55s]; best loss:0.00389, patience : 3
2026-07-16 03:47:01,668 P2627372 INFO pr:0.9918  rc:0.9116  auc:0.9815 ap:0.9812 f1: 0.9500 pred_right: 38636 pred_wrong:364 actu_right: 38604 actu_wrong: 396
2026-07-16 03:47:03,048 P2627372 INFO pr:0.9758  rc:0.9380  auc:0.9883 ap:0.9777 f1: 0.9565 pred_right: 16376 pred_wrong:124 actu_right: 16371 actu_wrong: 129
2026-07-16 03:47:03,049 P2627372 INFO ----------------------------------------------------------------------------------------------------
2026-07-16 03:47:03,049 P2627372 INFO 67/300 starting... lr: 0.001 para:0.014705882407724857
2026-07-16 03:47:09,148 P2627372 INFO Epoch 67/300, all_loss:0.04221 cls_loss:0.04137 rec_loss:0.09902 [6.10s]; best loss:0.00389, patience : 4
2026-07-16 03:47:10,952 P2627372 INFO pr:0.9816  rc:0.9421  auc:0.9847 ap:0.9832 f1: 0.9614 pred_right: 38619 pred_wrong:381 actu_right: 38603 actu_wrong: 397
2026-07-16 03:47:11,835 P2627372 INFO pr:0.9394  rc:0.9612  auc:0.9946 ap:0.9822 f1: 0.9502 pred_right: 16368 pred_wrong:132 actu_right: 16371 actu_wrong: 129
2026-07-16 03:47:11,839 P2627372 INFO ----------------------------------------------------------------------------------------------------
2026-07-16 03:47:11,839 P2627372 INFO 68/300 starting... lr: 0.001 para:0.014492753893136978
2026-07-16 03:47:17,657 P2627372 INFO Epoch 68/300, all_loss:0.06676 cls_loss:0.06638 rec_loss:0.09209 [5.82s]; best loss:0.00389, patience : 5
2026-07-16 03:47:21,761 P2627372 INFO pr:0.9892  rc:0.9270  auc:0.9818 ap:0.9827 f1: 0.9571 pred_right: 38628 pred_wrong:372 actu_right: 38603 actu_wrong: 397
2026-07-16 03:47:23,972 P2627372 INFO pr:0.9535  rc:0.9535  auc:0.9883 ap:0.9781 f1: 0.9535 pred_right: 16371 pred_wrong:129 actu_right: 16371 actu_wrong: 129
2026-07-16 03:47:23,973 P2627372 INFO ----------------------------------------------------------------------------------------------------
2026-07-16 03:47:23,973 P2627372 INFO 69/300 starting... lr: 0.001 para:0.014285714365541935
2026-07-16 03:47:35,412 P2627372 INFO Epoch 69/300, all_loss:0.00310 cls_loss:0.00192 rec_loss:0.08475 [11.43s]; best loss:0.00310, patience : 0
2026-07-16 03:47:37,837 P2627372 INFO pr:0.9789  rc:0.9370  auc:0.9853 ap:0.9829 f1: 0.9575 pred_right: 38620 pred_wrong:380 actu_right: 38603 actu_wrong: 397
2026-07-16 03:47:38,733 P2627372 INFO pr:0.9398  rc:0.9690  auc:0.9884 ap:0.9786 f1: 0.9542 pred_right: 16367 pred_wrong:133 actu_right: 16371 actu_wrong: 129
2026-07-16 03:47:38,734 P2627372 INFO ----------------------------------------------------------------------------------------------------
2026-07-16 03:47:38,734 P2627372 INFO 70/300 starting... lr: 0.001 para:0.014084506779909134
2026-07-16 03:47:45,131 P2627372 INFO Epoch 70/300, all_loss:0.00130 cls_loss:0.00012 rec_loss:0.08385 [6.39s]; best loss:0.00130, patience : 0
2026-07-16 03:47:47,441 P2627372 INFO pr:0.9814  rc:0.9295  auc:0.9835 ap:0.9827 f1: 0.9547 pred_right: 38624 pred_wrong:376 actu_right: 38603 actu_wrong: 397
2026-07-16 03:47:48,494 P2627372 INFO pr:0.9542  rc:0.9690  auc:0.9885 ap:0.9785 f1: 0.9615 pred_right: 16369 pred_wrong:131 actu_right: 16371 actu_wrong: 129
2026-07-16 03:47:48,494 P2627372 INFO ----------------------------------------------------------------------------------------------------
2026-07-16 03:47:48,494 P2627372 INFO 71/300 starting... lr: 0.001 para:0.013888888992369175
2026-07-16 03:47:55,148 P2627372 INFO Epoch 71/300, all_loss:0.00119 cls_loss:0.00009 rec_loss:0.07958 [6.65s]; best loss:0.00119, patience : 0
2026-07-16 03:47:57,539 P2627372 INFO pr:0.9840  rc:0.9295  auc:0.9835 ap:0.9827 f1: 0.9560 pred_right: 38625 pred_wrong:375 actu_right: 38603 actu_wrong: 397
2026-07-16 03:47:58,569 P2627372 INFO pr:0.9612  rc:0.9612  auc:0.9885 ap:0.9785 f1: 0.9612 pred_right: 16371 pred_wrong:129 actu_right: 16371 actu_wrong: 129
2026-07-16 03:47:58,570 P2627372 INFO ----------------------------------------------------------------------------------------------------
2026-07-16 03:47:58,570 P2627372 INFO 72/300 starting... lr: 0.001 para:0.013698630034923553
2026-07-16 03:48:04,952 P2627372 INFO Epoch 72/300, all_loss:0.00115 cls_loss:0.00008 rec_loss:0.07777 [6.38s]; best loss:0.00115, patience : 0
2026-07-16 03:48:07,255 P2627372 INFO pr:0.9814  rc:0.9320  auc:0.9835 ap:0.9827 f1: 0.9561 pred_right: 38623 pred_wrong:377 actu_right: 38603 actu_wrong: 397
2026-07-16 03:48:08,246 P2627372 INFO pr:0.9542  rc:0.9690  auc:0.9888 ap:0.9785 f1: 0.9615 pred_right: 16369 pred_wrong:131 actu_right: 16371 actu_wrong: 129
2026-07-16 03:48:08,246 P2627372 INFO ----------------------------------------------------------------------------------------------------
2026-07-16 03:48:08,246 P2627372 INFO 73/300 starting... lr: 0.001 para:0.013513513840734959
2026-07-16 03:48:14,406 P2627372 INFO Epoch 73/300, all_loss:0.00108 cls_loss:0.00007 rec_loss:0.07484 [6.16s]; best loss:0.00108, patience : 0
2026-07-16 03:48:16,685 P2627372 INFO pr:0.9815  rc:0.9345  auc:0.9833 ap:0.9827 f1: 0.9574 pred_right: 38622 pred_wrong:378 actu_right: 38603 actu_wrong: 397
2026-07-16 03:48:17,578 P2627372 INFO pr:0.9615  rc:0.9690  auc:0.9888 ap:0.9785 f1: 0.9653 pred_right: 16370 pred_wrong:130 actu_right: 16371 actu_wrong: 129
2026-07-16 03:48:17,579 P2627372 INFO ----------------------------------------------------------------------------------------------------
2026-07-16 03:48:17,579 P2627372 INFO 74/300 starting... lr: 0.001 para:0.013333333656191826
2026-07-16 03:48:24,197 P2627372 INFO Epoch 74/300, all_loss:0.00104 cls_loss:0.00007 rec_loss:0.07279 [6.61s]; best loss:0.00104, patience : 0
2026-07-16 03:48:26,573 P2627372 INFO pr:0.9815  rc:0.9369  auc:0.9832 ap:0.9827 f1: 0.9587 pred_right: 38622 pred_wrong:378 actu_right: 38604 actu_wrong: 396
2026-07-16 03:48:27,503 P2627372 INFO pr:0.9615  rc:0.9690  auc:0.9888 ap:0.9785 f1: 0.9653 pred_right: 16370 pred_wrong:130 actu_right: 16371 actu_wrong: 129
2026-07-16 03:48:27,504 P2627372 INFO ----------------------------------------------------------------------------------------------------
2026-07-16 03:48:27,504 P2627372 INFO 75/300 starting... lr: 0.001 para:0.01315789483487606
2026-07-16 03:48:34,102 P2627372 INFO Epoch 75/300, all_loss:0.00100 cls_loss:0.00006 rec_loss:0.07088 [6.59s]; best loss:0.00100, patience : 0
2026-07-16 03:48:36,343 P2627372 INFO pr:0.9840  rc:0.9318  auc:0.9831 ap:0.9826 f1: 0.9572 pred_right: 38625 pred_wrong:375 actu_right: 38604 actu_wrong: 396
2026-07-16 03:48:37,306 P2627372 INFO pr:0.9615  rc:0.9690  auc:0.9887 ap:0.9785 f1: 0.9653 pred_right: 16370 pred_wrong:130 actu_right: 16371 actu_wrong: 129
2026-07-16 03:48:37,307 P2627372 INFO ----------------------------------------------------------------------------------------------------
2026-07-16 03:48:37,307 P2627372 INFO 76/300 starting... lr: 0.001 para:0.012987012974917889
2026-07-16 03:48:43,729 P2627372 INFO Epoch 76/300, all_loss:0.00095 cls_loss:0.00006 rec_loss:0.06878 [6.42s]; best loss:0.00095, patience : 0
2026-07-16 03:48:45,562 P2627372 INFO pr:0.9840  rc:0.9320  auc:0.9830 ap:0.9826 f1: 0.9573 pred_right: 38624 pred_wrong:376 actu_right: 38603 actu_wrong: 397
2026-07-16 03:48:46,374 P2627372 INFO pr:0.9615  rc:0.9690  auc:0.9888 ap:0.9785 f1: 0.9653 pred_right: 16370 pred_wrong:130 actu_right: 16371 actu_wrong: 129
2026-07-16 03:48:46,374 P2627372 INFO ----------------------------------------------------------------------------------------------------
2026-07-16 03:48:46,374 P2627372 INFO 77/300 starting... lr: 0.001 para:0.012820512987673283
2026-07-16 03:48:52,193 P2627372 INFO Epoch 77/300, all_loss:0.00091 cls_loss:0.00006 rec_loss:0.06638 [5.82s]; best loss:0.00091, patience : 0
2026-07-16 03:48:55,651 P2627372 INFO pr:0.9841  rc:0.9370  auc:0.9829 ap:0.9826 f1: 0.9600 pred_right: 38622 pred_wrong:378 actu_right: 38603 actu_wrong: 397
2026-07-16 03:48:57,419 P2627372 INFO pr:0.9542  rc:0.9690  auc:0.9889 ap:0.9784 f1: 0.9615 pred_right: 16369 pred_wrong:131 actu_right: 16371 actu_wrong: 129
2026-07-16 03:48:57,420 P2627372 INFO ----------------------------------------------------------------------------------------------------
2026-07-16 03:48:57,421 P2627372 INFO 78/300 starting... lr: 0.001 para:0.012658228166401386
2026-07-16 03:49:08,492 P2627372 INFO Epoch 78/300, all_loss:0.00087 cls_loss:0.00005 rec_loss:0.06476 [11.07s]; best loss:0.00087, patience : 0
2026-07-16 03:49:11,037 P2627372 INFO pr:0.9840  rc:0.9318  auc:0.9827 ap:0.9824 f1: 0.9572 pred_right: 38625 pred_wrong:375 actu_right: 38604 actu_wrong: 396
2026-07-16 03:49:12,112 P2627372 INFO pr:0.9615  rc:0.9690  auc:0.9886 ap:0.9784 f1: 0.9653 pred_right: 16370 pred_wrong:130 actu_right: 16371 actu_wrong: 129
2026-07-16 03:49:12,112 P2627372 INFO ----------------------------------------------------------------------------------------------------
2026-07-16 03:49:12,112 P2627372 INFO 79/300 starting... lr: 0.001 para:0.012500000186264515
2026-07-16 03:49:18,739 P2627372 INFO Epoch 79/300, all_loss:0.00085 cls_loss:0.00006 rec_loss:0.06329 [6.62s]; best loss:0.00085, patience : 0
2026-07-16 03:49:21,289 P2627372 INFO pr:0.9840  rc:0.9320  auc:0.9826 ap:0.9825 f1: 0.9573 pred_right: 38624 pred_wrong:376 actu_right: 38603 actu_wrong: 397
2026-07-16 03:49:22,139 P2627372 INFO pr:0.9690  rc:0.9690  auc:0.9887 ap:0.9784 f1: 0.9690 pred_right: 16371 pred_wrong:129 actu_right: 16371 actu_wrong: 129
2026-07-16 03:49:22,139 P2627372 INFO ----------------------------------------------------------------------------------------------------
2026-07-16 03:49:22,140 P2627372 INFO 80/300 starting... lr: 0.001 para:0.012345679104328156
2026-07-16 03:49:28,550 P2627372 INFO Epoch 80/300, all_loss:0.00082 cls_loss:0.00006 rec_loss:0.06207 [6.41s]; best loss:0.00082, patience : 0
2026-07-16 03:49:30,958 P2627372 INFO pr:0.9840  rc:0.9295  auc:0.9818 ap:0.9824 f1: 0.9560 pred_right: 38625 pred_wrong:375 actu_right: 38603 actu_wrong: 397
2026-07-16 03:49:31,938 P2627372 INFO pr:0.9688  rc:0.9612  auc:0.9886 ap:0.9785 f1: 0.9650 pred_right: 16372 pred_wrong:128 actu_right: 16371 actu_wrong: 129
2026-07-16 03:49:31,938 P2627372 INFO ----------------------------------------------------------------------------------------------------
2026-07-16 03:49:31,938 P2627372 INFO 81/300 starting... lr: 0.001 para:0.012195121496915817
2026-07-16 03:49:38,304 P2627372 INFO Epoch 81/300, all_loss:0.00081 cls_loss:0.00006 rec_loss:0.06103 [6.36s]; best loss:0.00081, patience : 0
2026-07-16 03:49:40,819 P2627372 INFO pr:0.9816  rc:0.9395  auc:0.9823 ap:0.9823 f1: 0.9601 pred_right: 38620 pred_wrong:380 actu_right: 38603 actu_wrong: 397
2026-07-16 03:49:41,743 P2627372 INFO pr:0.9615  rc:0.9690  auc:0.9916 ap:0.9788 f1: 0.9653 pred_right: 16370 pred_wrong:130 actu_right: 16371 actu_wrong: 129
2026-07-16 03:49:41,744 P2627372 INFO ----------------------------------------------------------------------------------------------------
2026-07-16 03:49:41,744 P2627372 INFO 82/300 starting... lr: 0.001 para:0.012048192322254181
2026-07-16 03:49:48,199 P2627372 INFO Epoch 82/300, all_loss:0.00075 cls_loss:0.00004 rec_loss:0.05911 [6.45s]; best loss:0.00075, patience : 0
2026-07-16 03:49:50,638 P2627372 INFO pr:0.9840  rc:0.9320  auc:0.9821 ap:0.9823 f1: 0.9573 pred_right: 38624 pred_wrong:376 actu_right: 38603 actu_wrong: 397
2026-07-16 03:49:51,733 P2627372 INFO pr:0.9690  rc:0.9690  auc:0.9891 ap:0.9785 f1: 0.9690 pred_right: 16371 pred_wrong:129 actu_right: 16371 actu_wrong: 129
2026-07-16 03:49:51,734 P2627372 INFO ----------------------------------------------------------------------------------------------------
2026-07-16 03:49:51,734 P2627372 INFO 83/300 starting... lr: 0.001 para:0.011904762126505375
2026-07-16 03:49:58,168 P2627372 INFO Epoch 83/300, all_loss:0.00072 cls_loss:0.00004 rec_loss:0.05676 [6.43s]; best loss:0.00072, patience : 0
2026-07-16 03:50:00,463 P2627372 INFO pr:0.9840  rc:0.9320  auc:0.9820 ap:0.9823 f1: 0.9573 pred_right: 38624 pred_wrong:376 actu_right: 38603 actu_wrong: 397
2026-07-16 03:50:01,393 P2627372 INFO pr:0.9690  rc:0.9690  auc:0.9888 ap:0.9783 f1: 0.9690 pred_right: 16371 pred_wrong:129 actu_right: 16371 actu_wrong: 129
2026-07-16 03:50:01,394 P2627372 INFO ----------------------------------------------------------------------------------------------------
2026-07-16 03:50:01,394 P2627372 INFO 84/300 starting... lr: 0.001 para:0.0117647061124444
2026-07-16 03:50:07,706 P2627372 INFO Epoch 84/300, all_loss:0.00069 cls_loss:0.00004 rec_loss:0.05553 [6.31s]; best loss:0.00069, patience : 0
2026-07-16 03:50:10,244 P2627372 INFO pr:0.9816  rc:0.9395  auc:0.9819 ap:0.9822 f1: 0.9601 pred_right: 38620 pred_wrong:380 actu_right: 38603 actu_wrong: 397
2026-07-16 03:50:11,316 P2627372 INFO pr:0.9615  rc:0.9690  auc:0.9892 ap:0.9784 f1: 0.9653 pred_right: 16370 pred_wrong:130 actu_right: 16371 actu_wrong: 129
2026-07-16 03:50:11,317 P2627372 INFO ----------------------------------------------------------------------------------------------------
2026-07-16 03:50:11,317 P2627372 INFO 85/300 starting... lr: 0.001 para:0.011627906933426857
2026-07-16 03:50:17,689 P2627372 INFO Epoch 85/300, all_loss:0.00068 cls_loss:0.00004 rec_loss:0.05477 [6.37s]; best loss:0.00068, patience : 0
2026-07-16 03:50:19,387 P2627372 INFO pr:0.9840  rc:0.9320  auc:0.9818 ap:0.9823 f1: 0.9573 pred_right: 38624 pred_wrong:376 actu_right: 38603 actu_wrong: 397
2026-07-16 03:50:20,186 P2627372 INFO pr:0.9690  rc:0.9690  auc:0.9887 ap:0.9782 f1: 0.9690 pred_right: 16371 pred_wrong:129 actu_right: 16371 actu_wrong: 129
2026-07-16 03:50:20,186 P2627372 INFO ----------------------------------------------------------------------------------------------------
2026-07-16 03:50:20,186 P2627372 INFO 86/300 starting... lr: 0.001 para:0.01149425283074379
2026-07-16 03:50:26,030 P2627372 INFO Epoch 86/300, all_loss:0.00065 cls_loss:0.00004 rec_loss:0.05358 [5.84s]; best loss:0.00065, patience : 0
2026-07-16 03:50:30,286 P2627372 INFO pr:0.9842  rc:0.9395  auc:0.9816 ap:0.9822 f1: 0.9613 pred_right: 38621 pred_wrong:379 actu_right: 38603 actu_wrong: 397
2026-07-16 03:50:31,824 P2627372 INFO pr:0.9690  rc:0.9690  auc:0.9891 ap:0.9784 f1: 0.9690 pred_right: 16371 pred_wrong:129 actu_right: 16371 actu_wrong: 129
2026-07-16 03:50:31,825 P2627372 INFO ----------------------------------------------------------------------------------------------------
2026-07-16 03:50:31,826 P2627372 INFO 87/300 starting... lr: 0.001 para:0.011363636702299118
2026-07-16 03:50:42,774 P2627372 INFO Epoch 87/300, all_loss:0.00063 cls_loss:0.00003 rec_loss:0.05224 [10.94s]; best loss:0.00063, patience : 0
2026-07-16 03:50:45,454 P2627372 INFO pr:0.9842  rc:0.9395  auc:0.9814 ap:0.9822 f1: 0.9613 pred_right: 38621 pred_wrong:379 actu_right: 38603 actu_wrong: 397
2026-07-16 03:50:46,580 P2627372 INFO pr:0.9690  rc:0.9690  auc:0.9890 ap:0.9784 f1: 0.9690 pred_right: 16371 pred_wrong:129 actu_right: 16371 actu_wrong: 129
2026-07-16 03:50:46,580 P2627372 INFO ----------------------------------------------------------------------------------------------------
2026-07-16 03:50:46,580 P2627372 INFO 88/300 starting... lr: 0.001 para:0.01123595517128706
2026-07-16 03:50:53,294 P2627372 INFO Epoch 88/300, all_loss:0.00061 cls_loss:0.00003 rec_loss:0.05152 [6.71s]; best loss:0.00061, patience : 0
2026-07-16 03:50:55,640 P2627372 INFO pr:0.9816  rc:0.9395  auc:0.9813 ap:0.9822 f1: 0.9601 pred_right: 38620 pred_wrong:380 actu_right: 38603 actu_wrong: 397
2026-07-16 03:50:56,557 P2627372 INFO pr:0.9615  rc:0.9690  auc:0.9892 ap:0.9784 f1: 0.9653 pred_right: 16370 pred_wrong:130 actu_right: 16371 actu_wrong: 129
2026-07-16 03:50:56,558 P2627372 INFO ----------------------------------------------------------------------------------------------------
2026-07-16 03:50:56,558 P2627372 INFO 89/300 starting... lr: 0.001 para:0.011111111380159855
2026-07-16 03:51:02,925 P2627372 INFO Epoch 89/300, all_loss:0.00059 cls_loss:0.00003 rec_loss:0.05050 [6.36s]; best loss:0.00059, patience : 0
2026-07-16 03:51:05,150 P2627372 INFO pr:0.9842  rc:0.9395  auc:0.9812 ap:0.9822 f1: 0.9613 pred_right: 38621 pred_wrong:379 actu_right: 38603 actu_wrong: 397
2026-07-16 03:51:06,048 P2627372 INFO pr:0.9690  rc:0.9690  auc:0.9890 ap:0.9784 f1: 0.9690 pred_right: 16371 pred_wrong:129 actu_right: 16371 actu_wrong: 129
2026-07-16 03:51:06,049 P2627372 INFO ----------------------------------------------------------------------------------------------------
2026-07-16 03:51:06,049 P2627372 INFO 90/300 starting... lr: 0.001 para:0.010989011265337467
2026-07-16 03:51:12,437 P2627372 INFO Epoch 90/300, all_loss:0.00058 cls_loss:0.00003 rec_loss:0.04965 [6.38s]; best loss:0.00058, patience : 0
2026-07-16 03:51:14,646 P2627372 INFO pr:0.9816  rc:0.9395  auc:0.9813 ap:0.9819 f1: 0.9601 pred_right: 38620 pred_wrong:380 actu_right: 38603 actu_wrong: 397
2026-07-16 03:51:15,655 P2627372 INFO pr:0.9615  rc:0.9690  auc:0.9919 ap:0.9787 f1: 0.9653 pred_right: 16370 pred_wrong:130 actu_right: 16371 actu_wrong: 129
2026-07-16 03:51:15,656 P2627372 INFO ----------------------------------------------------------------------------------------------------
2026-07-16 03:51:15,656 P2627372 INFO 91/300 starting... lr: 0.001 para:0.010869565419852734
2026-07-16 03:51:22,117 P2627372 INFO Epoch 91/300, all_loss:0.00055 cls_loss:0.00002 rec_loss:0.04829 [6.46s]; best loss:0.00055, patience : 0
2026-07-16 03:51:24,724 P2627372 INFO pr:0.9815  rc:0.9394  auc:0.9811 ap:0.9820 f1: 0.9600 pred_right: 38621 pred_wrong:379 actu_right: 38604 actu_wrong: 396
2026-07-16 03:51:25,767 P2627372 INFO pr:0.9615  rc:0.9690  auc:0.9899 ap:0.9787 f1: 0.9653 pred_right: 16370 pred_wrong:130 actu_right: 16371 actu_wrong: 129
2026-07-16 03:51:25,767 P2627372 INFO ----------------------------------------------------------------------------------------------------
2026-07-16 03:51:25,767 P2627372 INFO 92/300 starting... lr: 0.001 para:0.01075268816202879
2026-07-16 03:51:32,307 P2627372 INFO Epoch 92/300, all_loss:0.00055 cls_loss:0.00002 rec_loss:0.04871 [6.54s]; best loss:0.00055, patience : 0
2026-07-16 03:51:34,436 P2627372 INFO pr:0.9815  rc:0.9394  auc:0.9810 ap:0.9818 f1: 0.9600 pred_right: 38621 pred_wrong:379 actu_right: 38604 actu_wrong: 396
2026-07-16 03:51:35,473 P2627372 INFO pr:0.9538  rc:0.9612  auc:0.9920 ap:0.9785 f1: 0.9575 pred_right: 16370 pred_wrong:130 actu_right: 16371 actu_wrong: 129
2026-07-16 03:51:35,473 P2627372 INFO ----------------------------------------------------------------------------------------------------
2026-07-16 03:51:35,474 P2627372 INFO 93/300 starting... lr: 0.001 para:0.010638297535479069
2026-07-16 03:51:42,063 P2627372 INFO Epoch 93/300, all_loss:0.00052 cls_loss:0.00002 rec_loss:0.04689 [6.59s]; best loss:0.00052, patience : 0
2026-07-16 03:51:44,550 P2627372 INFO pr:0.9841  rc:0.9370  auc:0.9809 ap:0.9819 f1: 0.9600 pred_right: 38622 pred_wrong:378 actu_right: 38603 actu_wrong: 397
2026-07-16 03:51:45,586 P2627372 INFO pr:0.9612  rc:0.9612  auc:0.9875 ap:0.9780 f1: 0.9612 pred_right: 16371 pred_wrong:129 actu_right: 16371 actu_wrong: 129
2026-07-16 03:51:45,587 P2627372 INFO ----------------------------------------------------------------------------------------------------
2026-07-16 03:51:45,587 P2627372 INFO 94/300 starting... lr: 0.001 para:0.010526316240429878
2026-07-16 03:51:51,795 P2627372 INFO Epoch 94/300, all_loss:0.00051 cls_loss:0.00003 rec_loss:0.04636 [6.21s]; best loss:0.00051, patience : 0
2026-07-16 03:51:53,478 P2627372 INFO pr:0.9841  rc:0.9345  auc:0.9803 ap:0.9818 f1: 0.9587 pred_right: 38623 pred_wrong:377 actu_right: 38603 actu_wrong: 397
2026-07-16 03:51:54,328 P2627372 INFO pr:0.9688  rc:0.9612  auc:0.9886 ap:0.9817 f1: 0.9650 pred_right: 16372 pred_wrong:128 actu_right: 16371 actu_wrong: 129
2026-07-16 03:51:54,329 P2627372 INFO ----------------------------------------------------------------------------------------------------
2026-07-16 03:51:54,329 P2627372 INFO 95/300 starting... lr: 0.001 para:0.010416666977107525
2026-07-16 03:51:59,935 P2627372 INFO Epoch 95/300, all_loss:0.00048 cls_loss:0.00002 rec_loss:0.04442 [5.60s]; best loss:0.00048, patience : 0
2026-07-16 03:52:02,937 P2627372 INFO pr:0.9841  rc:0.9370  auc:0.9804 ap:0.9819 f1: 0.9600 pred_right: 38622 pred_wrong:378 actu_right: 38603 actu_wrong: 397
2026-07-16 03:52:04,639 P2627372 INFO pr:0.9612  rc:0.9612  auc:0.9900 ap:0.9785 f1: 0.9612 pred_right: 16371 pred_wrong:129 actu_right: 16371 actu_wrong: 129
2026-07-16 03:52:04,640 P2627372 INFO ----------------------------------------------------------------------------------------------------
2026-07-16 03:52:04,640 P2627372 INFO 96/300 starting... lr: 0.001 para:0.010309278033673763
2026-07-16 03:52:16,384 P2627372 INFO Epoch 96/300, all_loss:0.00048 cls_loss:0.00002 rec_loss:0.04517 [11.74s]; best loss:0.00048, patience : 1
2026-07-16 03:52:18,965 P2627372 INFO pr:0.9815  rc:0.9369  auc:0.9803 ap:0.9817 f1: 0.9587 pred_right: 38622 pred_wrong:378 actu_right: 38604 actu_wrong: 396
2026-07-16 03:52:19,966 P2627372 INFO pr:0.9612  rc:0.9612  auc:0.9901 ap:0.9784 f1: 0.9612 pred_right: 16371 pred_wrong:129 actu_right: 16371 actu_wrong: 129
2026-07-16 03:52:19,966 P2627372 INFO ----------------------------------------------------------------------------------------------------
2026-07-16 03:52:19,967 P2627372 INFO 97/300 starting... lr: 0.001 para:0.010204081423580647
2026-07-16 03:52:26,446 P2627372 INFO Epoch 97/300, all_loss:0.00046 cls_loss:0.00002 rec_loss:0.04315 [6.48s]; best loss:0.00046, patience : 0
2026-07-16 03:52:28,626 P2627372 INFO pr:0.9841  rc:0.9345  auc:0.9802 ap:0.9820 f1: 0.9587 pred_right: 38623 pred_wrong:377 actu_right: 38603 actu_wrong: 397
2026-07-16 03:52:29,514 P2627372 INFO pr:0.9612  rc:0.9612  auc:0.9857 ap:0.9776 f1: 0.9612 pred_right: 16371 pred_wrong:129 actu_right: 16371 actu_wrong: 129
2026-07-16 03:52:29,515 P2627372 INFO ----------------------------------------------------------------------------------------------------
2026-07-16 03:52:29,515 P2627372 INFO 98/300 starting... lr: 0.001 para:0.010101010091602802
2026-07-16 03:52:35,672 P2627372 INFO Epoch 98/300, all_loss:0.00046 cls_loss:0.00002 rec_loss:0.04338 [6.15s]; best loss:0.00046, patience : 0
2026-07-16 03:52:37,737 P2627372 INFO pr:0.9789  rc:0.9370  auc:0.9802 ap:0.9817 f1: 0.9575 pred_right: 38620 pred_wrong:380 actu_right: 38603 actu_wrong: 397
2026-07-16 03:52:38,833 P2627372 INFO pr:0.9538  rc:0.9612  auc:0.9903 ap:0.9796 f1: 0.9575 pred_right: 16370 pred_wrong:130 actu_right: 16371 actu_wrong: 129
2026-07-16 03:52:38,834 P2627372 INFO ----------------------------------------------------------------------------------------------------
2026-07-16 03:52:38,834 P2627372 INFO 99/300 starting... lr: 0.001 para:0.01
2026-07-16 03:52:45,032 P2627372 INFO Epoch 99/300, all_loss:0.00044 cls_loss:0.00002 rec_loss:0.04203 [6.19s]; best loss:0.00044, patience : 0
2026-07-16 03:52:47,362 P2627372 INFO pr:0.9867  rc:0.9345  auc:0.9794 ap:0.9817 f1: 0.9599 pred_right: 38624 pred_wrong:376 actu_right: 38603 actu_wrong: 397
2026-07-16 03:52:48,444 P2627372 INFO pr:0.9538  rc:0.9612  auc:0.9863 ap:0.9785 f1: 0.9575 pred_right: 16370 pred_wrong:130 actu_right: 16371 actu_wrong: 129
2026-07-16 03:52:48,445 P2627372 INFO ----------------------------------------------------------------------------------------------------
2026-07-16 03:52:48,445 P2627372 INFO 100/300 starting... lr: 0.0009000000000000001 para:0.01
2026-07-16 03:52:54,909 P2627372 INFO Epoch 100/300, all_loss:0.00043 cls_loss:0.00002 rec_loss:0.04167 [6.46s]; best loss:0.00043, patience : 0
2026-07-16 03:52:57,385 P2627372 INFO pr:0.9867  rc:0.9320  auc:0.9794 ap:0.9815 f1: 0.9585 pred_right: 38625 pred_wrong:375 actu_right: 38603 actu_wrong: 397
2026-07-16 03:52:58,484 P2627372 INFO pr:0.9538  rc:0.9612  auc:0.9863 ap:0.9812 f1: 0.9575 pred_right: 16370 pred_wrong:130 actu_right: 16371 actu_wrong: 129
2026-07-16 03:52:58,484 P2627372 INFO ----------------------------------------------------------------------------------------------------
2026-07-16 03:52:58,484 P2627372 INFO 101/300 starting... lr: 0.0009000000000000001 para:0.01
2026-07-16 03:53:04,782 P2627372 INFO Epoch 101/300, all_loss:0.00042 cls_loss:0.00002 rec_loss:0.04015 [6.29s]; best loss:0.00042, patience : 0
2026-07-16 03:53:06,899 P2627372 INFO pr:0.9867  rc:0.9345  auc:0.9795 ap:0.9817 f1: 0.9599 pred_right: 38624 pred_wrong:376 actu_right: 38603 actu_wrong: 397
2026-07-16 03:53:07,761 P2627372 INFO pr:0.9538  rc:0.9612  auc:0.9837 ap:0.9805 f1: 0.9575 pred_right: 16370 pred_wrong:130 actu_right: 16371 actu_wrong: 129
2026-07-16 03:53:07,761 P2627372 INFO ----------------------------------------------------------------------------------------------------
2026-07-16 03:53:07,768 P2627372 INFO 102/300 starting... lr: 0.0009000000000000001 para:0.01
2026-07-16 03:53:14,270 P2627372 INFO Epoch 102/300, all_loss:0.00042 cls_loss:0.00002 rec_loss:0.04052 [6.50s]; best loss:0.00042, patience : 1
2026-07-16 03:53:16,700 P2627372 INFO pr:0.9841  rc:0.9370  auc:0.9799 ap:0.9815 f1: 0.9600 pred_right: 38622 pred_wrong:378 actu_right: 38603 actu_wrong: 397
2026-07-16 03:53:17,935 P2627372 INFO pr:0.9538  rc:0.9612  auc:0.9861 ap:0.9741 f1: 0.9575 pred_right: 16370 pred_wrong:130 actu_right: 16371 actu_wrong: 129
2026-07-16 03:53:17,936 P2627372 INFO ----------------------------------------------------------------------------------------------------
2026-07-16 03:53:17,936 P2627372 INFO 103/300 starting... lr: 0.0009000000000000001 para:0.01
2026-07-16 03:53:24,745 P2627372 INFO Epoch 103/300, all_loss:0.00041 cls_loss:0.00001 rec_loss:0.03946 [6.81s]; best loss:0.00041, patience : 0
2026-07-16 03:53:26,440 P2627372 INFO pr:0.9867  rc:0.9320  auc:0.9787 ap:0.9814 f1: 0.9585 pred_right: 38625 pred_wrong:375 actu_right: 38603 actu_wrong: 397
2026-07-16 03:53:27,151 P2627372 INFO pr:0.9538  rc:0.9612  auc:0.9828 ap:0.9791 f1: 0.9575 pred_right: 16370 pred_wrong:130 actu_right: 16371 actu_wrong: 129
2026-07-16 03:53:27,152 P2627372 INFO ----------------------------------------------------------------------------------------------------
2026-07-16 03:53:27,152 P2627372 INFO 104/300 starting... lr: 0.0009000000000000001 para:0.01
2026-07-16 03:53:33,163 P2627372 INFO Epoch 104/300, all_loss:0.10941 cls_loss:0.11011 rec_loss:0.04011 [6.01s]; best loss:0.00041, patience : 1
2026-07-16 03:53:35,415 P2627372 INFO pr:0.9945  rc:0.9068  auc:0.9770 ap:0.9784 f1: 0.9486 pred_right: 38638 pred_wrong:362 actu_right: 38603 actu_wrong: 397
2026-07-16 03:53:36,933 P2627372 INFO pr:0.9754  rc:0.9225  auc:0.9807 ap:0.9764 f1: 0.9482 pred_right: 16378 pred_wrong:122 actu_right: 16371 actu_wrong: 129
2026-07-16 03:53:36,934 P2627372 INFO ----------------------------------------------------------------------------------------------------
2026-07-16 03:53:36,934 P2627372 INFO 105/300 starting... lr: 0.0009000000000000001 para:0.01
2026-07-16 03:53:50,070 P2627372 INFO Epoch 105/300, all_loss:0.22808 cls_loss:0.22953 rec_loss:0.08488 [13.14s]; best loss:0.00041, patience : 2
2026-07-16 03:53:52,634 P2627372 INFO pr:0.9892  rc:0.9244  auc:0.9786 ap:0.9785 f1: 0.9557 pred_right: 38629 pred_wrong:371 actu_right: 38603 actu_wrong: 397
2026-07-16 03:53:53,689 P2627372 INFO pr:0.9597  rc:0.9225  auc:0.9824 ap:0.9687 f1: 0.9407 pred_right: 16376 pred_wrong:124 actu_right: 16371 actu_wrong: 129
2026-07-16 03:53:53,690 P2627372 INFO ----------------------------------------------------------------------------------------------------
2026-07-16 03:53:53,697 P2627372 INFO 106/300 starting... lr: 0.0009000000000000001 para:0.01
2026-07-16 03:54:00,198 P2627372 INFO Epoch 106/300, all_loss:0.14640 cls_loss:0.14706 rec_loss:0.08088 [6.50s]; best loss:0.00041, patience : 2
2026-07-16 03:54:02,606 P2627372 INFO pr:0.9941  rc:0.8514  auc:0.9728 ap:0.9821 f1: 0.9172 pred_right: 38660 pred_wrong:340 actu_right: 38603 actu_wrong: 397
2026-07-16 03:54:03,639 P2627372 INFO pr:0.9746  rc:0.8915  auc:0.9806 ap:0.9838 f1: 0.9312 pred_right: 16382 pred_wrong:118 actu_right: 16371 actu_wrong: 129
2026-07-16 03:54:03,640 P2627372 INFO ----------------------------------------------------------------------------------------------------
2026-07-16 03:54:03,640 P2627372 INFO 107/300 starting... lr: 0.0009000000000000001 para:0.01
2026-07-16 03:54:10,223 P2627372 INFO Epoch 107/300, all_loss:0.13344 cls_loss:0.13418 rec_loss:0.05942 [6.58s]; best loss:0.00041, patience : 2
2026-07-16 03:54:12,671 P2627372 INFO pr:0.9817  rc:0.9470  auc:0.9895 ap:0.9849 f1: 0.9640 pred_right: 38618 pred_wrong:382 actu_right: 38604 actu_wrong: 396
2026-07-16 03:54:13,690 P2627372 INFO pr:0.9398  rc:0.9690  auc:0.9892 ap:0.9832 f1: 0.9542 pred_right: 16367 pred_wrong:133 actu_right: 16371 actu_wrong: 129
2026-07-16 03:54:13,694 P2627372 INFO ----------------------------------------------------------------------------------------------------
2026-07-16 03:54:13,697 P2627372 INFO 108/300 starting... lr: 0.0009000000000000001 para:0.01
2026-07-16 03:54:20,125 P2627372 INFO Epoch 108/300, all_loss:0.01260 cls_loss:0.01209 rec_loss:0.06228 [6.43s]; best loss:0.00041, patience : 2
2026-07-16 03:54:22,594 P2627372 INFO pr:0.9841  rc:0.9345  auc:0.9846 ap:0.9831 f1: 0.9587 pred_right: 38623 pred_wrong:377 actu_right: 38603 actu_wrong: 397
2026-07-16 03:54:23,548 P2627372 INFO pr:0.9612  rc:0.9612  auc:0.9883 ap:0.9827 f1: 0.9612 pred_right: 16371 pred_wrong:129 actu_right: 16371 actu_wrong: 129
2026-07-16 03:54:23,548 P2627372 INFO ----------------------------------------------------------------------------------------------------
2026-07-16 03:54:23,548 P2627372 INFO 109/300 starting... lr: 0.0009000000000000001 para:0.01
2026-07-16 03:54:29,889 P2627372 INFO Epoch 109/300, all_loss:0.00299 cls_loss:0.00242 rec_loss:0.05929 [6.34s]; best loss:0.00041, patience : 2
2026-07-16 03:54:31,946 P2627372 INFO pr:0.9842  rc:0.9419  auc:0.9858 ap:0.9840 f1: 0.9626 pred_right: 38621 pred_wrong:379 actu_right: 38604 actu_wrong: 396
2026-07-16 03:54:33,106 P2627372 INFO pr:0.9685  rc:0.9535  auc:0.9864 ap:0.9804 f1: 0.9609 pred_right: 16373 pred_wrong:127 actu_right: 16371 actu_wrong: 129
2026-07-16 03:54:33,107 P2627372 INFO ----------------------------------------------------------------------------------------------------
2026-07-16 03:54:33,107 P2627372 INFO 110/300 starting... lr: 0.0009000000000000001 para:0.01
2026-07-16 03:54:39,226 P2627372 INFO Epoch 110/300, all_loss:0.00081 cls_loss:0.00021 rec_loss:0.06062 [6.12s]; best loss:0.00041, patience : 2
2026-07-16 03:54:41,228 P2627372 INFO pr:0.9840  rc:0.9343  auc:0.9859 ap:0.9836 f1: 0.9585 pred_right: 38624 pred_wrong:376 actu_right: 38604 actu_wrong: 396
2026-07-16 03:54:42,083 P2627372 INFO pr:0.9685  rc:0.9535  auc:0.9844 ap:0.9801 f1: 0.9609 pred_right: 16373 pred_wrong:127 actu_right: 16371 actu_wrong: 129
2026-07-16 03:54:42,083 P2627372 INFO ----------------------------------------------------------------------------------------------------
2026-07-16 03:54:42,084 P2627372 INFO 111/300 starting... lr: 0.0009000000000000001 para:0.01
2026-07-16 03:54:48,529 P2627372 INFO Epoch 111/300, all_loss:0.00071 cls_loss:0.00012 rec_loss:0.05835 [6.44s]; best loss:0.00041, patience : 2
2026-07-16 03:54:50,548 P2627372 INFO pr:0.9816  rc:0.9395  auc:0.9860 ap:0.9837 f1: 0.9601 pred_right: 38620 pred_wrong:380 actu_right: 38603 actu_wrong: 397
2026-07-16 03:54:51,388 P2627372 INFO pr:0.9609  rc:0.9535  auc:0.9865 ap:0.9803 f1: 0.9572 pred_right: 16372 pred_wrong:128 actu_right: 16371 actu_wrong: 129
2026-07-16 03:54:51,388 P2627372 INFO ----------------------------------------------------------------------------------------------------
2026-07-16 03:54:51,388 P2627372 INFO 112/300 starting... lr: 0.0009000000000000001 para:0.01
2026-07-16 03:54:57,746 P2627372 INFO Epoch 112/300, all_loss:0.00063 cls_loss:0.00007 rec_loss:0.05610 [6.36s]; best loss:0.00041, patience : 2
2026-07-16 03:54:59,471 P2627372 INFO pr:0.9816  rc:0.9395  auc:0.9859 ap:0.9837 f1: 0.9601 pred_right: 38620 pred_wrong:380 actu_right: 38603 actu_wrong: 397
2026-07-16 03:55:00,280 P2627372 INFO pr:0.9685  rc:0.9535  auc:0.9864 ap:0.9804 f1: 0.9609 pred_right: 16373 pred_wrong:127 actu_right: 16371 actu_wrong: 129
2026-07-16 03:55:00,281 P2627372 INFO ----------------------------------------------------------------------------------------------------
2026-07-16 03:55:00,281 P2627372 INFO 113/300 starting... lr: 0.0009000000000000001 para:0.01
2026-07-16 03:55:06,125 P2627372 INFO Epoch 113/300, all_loss:0.00060 cls_loss:0.00006 rec_loss:0.05426 [5.84s]; best loss:0.00041, patience : 2
2026-07-16 03:55:09,057 P2627372 INFO pr:0.9816  rc:0.9395  auc:0.9859 ap:0.9836 f1: 0.9601 pred_right: 38620 pred_wrong:380 actu_right: 38603 actu_wrong: 397
2026-07-16 03:55:11,298 P2627372 INFO pr:0.9609  rc:0.9535  auc:0.9864 ap:0.9804 f1: 0.9572 pred_right: 16372 pred_wrong:128 actu_right: 16371 actu_wrong: 129
2026-07-16 03:55:11,298 P2627372 INFO ----------------------------------------------------------------------------------------------------
2026-07-16 03:55:11,299 P2627372 INFO 114/300 starting... lr: 0.0009000000000000001 para:0.01
2026-07-16 03:55:22,886 P2627372 INFO Epoch 114/300, all_loss:0.00057 cls_loss:0.00005 rec_loss:0.05251 [11.59s]; best loss:0.00041, patience : 2
2026-07-16 03:55:25,425 P2627372 INFO pr:0.9816  rc:0.9395  auc:0.9850 ap:0.9836 f1: 0.9601 pred_right: 38620 pred_wrong:380 actu_right: 38603 actu_wrong: 397
2026-07-16 03:55:26,401 P2627372 INFO pr:0.9685  rc:0.9535  auc:0.9864 ap:0.9805 f1: 0.9609 pred_right: 16373 pred_wrong:127 actu_right: 16371 actu_wrong: 129
2026-07-16 03:55:26,402 P2627372 INFO ----------------------------------------------------------------------------------------------------
2026-07-16 03:55:26,402 P2627372 INFO 115/300 starting... lr: 0.0009000000000000001 para:0.01
2026-07-16 03:55:32,991 P2627372 INFO Epoch 115/300, all_loss:0.00055 cls_loss:0.00005 rec_loss:0.05092 [6.59s]; best loss:0.00041, patience : 2
2026-07-16 03:55:35,103 P2627372 INFO pr:0.9816  rc:0.9395  auc:0.9849 ap:0.9836 f1: 0.9601 pred_right: 38620 pred_wrong:380 actu_right: 38603 actu_wrong: 397
2026-07-16 03:55:35,999 P2627372 INFO pr:0.9685  rc:0.9535  auc:0.9864 ap:0.9806 f1: 0.9609 pred_right: 16373 pred_wrong:127 actu_right: 16371 actu_wrong: 129
2026-07-16 03:55:35,999 P2627372 INFO ----------------------------------------------------------------------------------------------------
2026-07-16 03:55:36,000 P2627372 INFO 116/300 starting... lr: 0.0009000000000000001 para:0.01
2026-07-16 03:55:42,288 P2627372 INFO Epoch 116/300, all_loss:0.00053 cls_loss:0.00004 rec_loss:0.04940 [6.29s]; best loss:0.00041, patience : 2
2026-07-16 03:55:44,776 P2627372 INFO pr:0.9815  rc:0.9370  auc:0.9849 ap:0.9836 f1: 0.9588 pred_right: 38621 pred_wrong:379 actu_right: 38603 actu_wrong: 397
2026-07-16 03:55:45,866 P2627372 INFO pr:0.9685  rc:0.9535  auc:0.9864 ap:0.9807 f1: 0.9609 pred_right: 16373 pred_wrong:127 actu_right: 16371 actu_wrong: 129
2026-07-16 03:55:45,866 P2627372 INFO ----------------------------------------------------------------------------------------------------
2026-07-16 03:55:45,866 P2627372 INFO 117/300 starting... lr: 0.0009000000000000001 para:0.01
2026-07-16 03:55:52,377 P2627372 INFO Epoch 117/300, all_loss:0.00052 cls_loss:0.00004 rec_loss:0.04821 [6.51s]; best loss:0.00041, patience : 2
2026-07-16 03:55:54,531 P2627372 INFO pr:0.9841  rc:0.9345  auc:0.9847 ap:0.9837 f1: 0.9587 pred_right: 38623 pred_wrong:377 actu_right: 38603 actu_wrong: 397
2026-07-16 03:55:55,555 P2627372 INFO pr:0.9685  rc:0.9535  auc:0.9845 ap:0.9808 f1: 0.9609 pred_right: 16373 pred_wrong:127 actu_right: 16371 actu_wrong: 129
2026-07-16 03:55:55,556 P2627372 INFO ----------------------------------------------------------------------------------------------------
2026-07-16 03:55:55,556 P2627372 INFO 118/300 starting... lr: 0.0009000000000000001 para:0.01
2026-07-16 03:56:02,063 P2627372 INFO Epoch 118/300, all_loss:0.00051 cls_loss:0.00004 rec_loss:0.04733 [6.51s]; best loss:0.00041, patience : 2
2026-07-16 03:56:04,419 P2627372 INFO pr:0.9815  rc:0.9345  auc:0.9845 ap:0.9837 f1: 0.9574 pred_right: 38622 pred_wrong:378 actu_right: 38603 actu_wrong: 397
2026-07-16 03:56:05,396 P2627372 INFO pr:0.9685  rc:0.9535  auc:0.9864 ap:0.9810 f1: 0.9609 pred_right: 16373 pred_wrong:127 actu_right: 16371 actu_wrong: 129
2026-07-16 03:56:05,397 P2627372 INFO ----------------------------------------------------------------------------------------------------
2026-07-16 03:56:05,397 P2627372 INFO 119/300 starting... lr: 0.0009000000000000001 para:0.01
2026-07-16 03:56:11,737 P2627372 INFO Epoch 119/300, all_loss:0.00050 cls_loss:0.00004 rec_loss:0.04642 [6.34s]; best loss:0.00041, patience : 2
2026-07-16 03:56:13,933 P2627372 INFO pr:0.9815  rc:0.9369  auc:0.9844 ap:0.9836 f1: 0.9587 pred_right: 38622 pred_wrong:378 actu_right: 38604 actu_wrong: 396
2026-07-16 03:56:14,900 P2627372 INFO pr:0.9685  rc:0.9535  auc:0.9864 ap:0.9811 f1: 0.9609 pred_right: 16373 pred_wrong:127 actu_right: 16371 actu_wrong: 129
2026-07-16 03:56:14,900 P2627372 INFO ----------------------------------------------------------------------------------------------------
2026-07-16 03:56:14,900 P2627372 INFO 120/300 starting... lr: 0.0009000000000000001 para:0.01
2026-07-16 03:56:21,498 P2627372 INFO Epoch 120/300, all_loss:0.00049 cls_loss:0.00003 rec_loss:0.04554 [6.60s]; best loss:0.00041, patience : 2
2026-07-16 03:56:23,653 P2627372 INFO pr:0.9815  rc:0.9345  auc:0.9842 ap:0.9837 f1: 0.9574 pred_right: 38622 pred_wrong:378 actu_right: 38603 actu_wrong: 397
2026-07-16 03:56:24,539 P2627372 INFO pr:0.9685  rc:0.9535  auc:0.9864 ap:0.9813 f1: 0.9609 pred_right: 16373 pred_wrong:127 actu_right: 16371 actu_wrong: 129
2026-07-16 03:56:24,539 P2627372 INFO ----------------------------------------------------------------------------------------------------
2026-07-16 03:56:24,539 P2627372 INFO 121/300 starting... lr: 0.0009000000000000001 para:0.01
2026-07-16 03:56:31,386 P2627372 INFO Epoch 121/300, all_loss:0.00049 cls_loss:0.00004 rec_loss:0.04494 [6.85s]; best loss:0.00041, patience : 2
2026-07-16 03:56:33,081 P2627372 INFO pr:0.9841  rc:0.9345  auc:0.9841 ap:0.9837 f1: 0.9587 pred_right: 38623 pred_wrong:377 actu_right: 38603 actu_wrong: 397
2026-07-16 03:56:33,793 P2627372 INFO pr:0.9685  rc:0.9535  auc:0.9845 ap:0.9818 f1: 0.9609 pred_right: 16373 pred_wrong:127 actu_right: 16371 actu_wrong: 129
2026-07-16 03:56:33,793 P2627372 INFO ----------------------------------------------------------------------------------------------------
2026-07-16 03:56:33,793 P2627372 INFO 122/300 starting... lr: 0.0009000000000000001 para:0.01
2026-07-16 03:56:39,768 P2627372 INFO Epoch 122/300, all_loss:0.00047 cls_loss:0.00003 rec_loss:0.04421 [5.97s]; best loss:0.00041, patience : 2
2026-07-16 03:56:42,698 P2627372 INFO pr:0.9815  rc:0.9369  auc:0.9841 ap:0.9835 f1: 0.9587 pred_right: 38622 pred_wrong:378 actu_right: 38604 actu_wrong: 396
2026-07-16 03:56:44,869 P2627372 INFO pr:0.9685  rc:0.9535  auc:0.9865 ap:0.9820 f1: 0.9609 pred_right: 16373 pred_wrong:127 actu_right: 16371 actu_wrong: 129
2026-07-16 03:56:44,870 P2627372 INFO ----------------------------------------------------------------------------------------------------
2026-07-16 03:56:44,871 P2627372 INFO 123/300 starting... lr: 0.0009000000000000001 para:0.01
2026-07-16 03:56:56,820 P2627372 INFO Epoch 123/300, all_loss:0.00046 cls_loss:0.00003 rec_loss:0.04364 [11.95s]; best loss:0.00041, patience : 2
2026-07-16 03:56:59,411 P2627372 INFO pr:0.9815  rc:0.9370  auc:0.9839 ap:0.9836 f1: 0.9588 pred_right: 38621 pred_wrong:379 actu_right: 38603 actu_wrong: 397
2026-07-16 03:57:00,362 P2627372 INFO pr:0.9685  rc:0.9535  auc:0.9865 ap:0.9822 f1: 0.9609 pred_right: 16373 pred_wrong:127 actu_right: 16371 actu_wrong: 129
2026-07-16 03:57:00,362 P2627372 INFO ----------------------------------------------------------------------------------------------------
2026-07-16 03:57:00,362 P2627372 INFO 124/300 starting... lr: 0.0009000000000000001 para:0.01
2026-07-16 03:57:06,900 P2627372 INFO Epoch 124/300, all_loss:0.00046 cls_loss:0.00003 rec_loss:0.04303 [6.54s]; best loss:0.00041, patience : 2
2026-07-16 03:57:08,946 P2627372 INFO pr:0.9841  rc:0.9370  auc:0.9837 ap:0.9837 f1: 0.9600 pred_right: 38622 pred_wrong:378 actu_right: 38603 actu_wrong: 397
2026-07-16 03:57:09,840 P2627372 INFO pr:0.9685  rc:0.9535  auc:0.9845 ap:0.9823 f1: 0.9609 pred_right: 16373 pred_wrong:127 actu_right: 16371 actu_wrong: 129
2026-07-16 03:57:09,840 P2627372 INFO ----------------------------------------------------------------------------------------------------
2026-07-16 03:57:09,840 P2627372 INFO 125/300 starting... lr: 0.0009000000000000001 para:0.01
2026-07-16 03:57:16,243 P2627372 INFO Epoch 125/300, all_loss:0.00045 cls_loss:0.00003 rec_loss:0.04210 [6.40s]; best loss:0.00041, patience : 2
2026-07-16 03:57:18,525 P2627372 INFO pr:0.9815  rc:0.9370  auc:0.9837 ap:0.9836 f1: 0.9588 pred_right: 38621 pred_wrong:379 actu_right: 38603 actu_wrong: 397
2026-07-16 03:57:19,569 P2627372 INFO pr:0.9688  rc:0.9612  auc:0.9865 ap:0.9824 f1: 0.9650 pred_right: 16372 pred_wrong:128 actu_right: 16371 actu_wrong: 129
2026-07-16 03:57:19,570 P2627372 INFO ----------------------------------------------------------------------------------------------------
2026-07-16 03:57:19,570 P2627372 INFO 126/300 starting... lr: 0.0009000000000000001 para:0.01
2026-07-16 03:57:26,028 P2627372 INFO Epoch 126/300, all_loss:0.00044 cls_loss:0.00003 rec_loss:0.04185 [6.46s]; best loss:0.00041, patience : 2
2026-07-16 03:57:28,291 P2627372 INFO pr:0.9893  rc:0.9369  auc:0.9835 ap:0.9836 f1: 0.9624 pred_right: 38625 pred_wrong:375 actu_right: 38604 actu_wrong: 396
2026-07-16 03:57:29,284 P2627372 INFO pr:0.9685  rc:0.9535  auc:0.9865 ap:0.9827 f1: 0.9609 pred_right: 16373 pred_wrong:127 actu_right: 16371 actu_wrong: 129
2026-07-16 03:57:29,285 P2627372 INFO ----------------------------------------------------------------------------------------------------
2026-07-16 03:57:29,285 P2627372 INFO 127/300 starting... lr: 0.0009000000000000001 para:0.01
2026-07-16 03:57:35,747 P2627372 INFO Epoch 127/300, all_loss:0.00044 cls_loss:0.00002 rec_loss:0.04134 [6.46s]; best loss:0.00041, patience : 2
2026-07-16 03:57:37,965 P2627372 INFO pr:0.9841  rc:0.9370  auc:0.9834 ap:0.9836 f1: 0.9600 pred_right: 38622 pred_wrong:378 actu_right: 38603 actu_wrong: 397
2026-07-16 03:57:38,878 P2627372 INFO pr:0.9685  rc:0.9535  auc:0.9885 ap:0.9828 f1: 0.9609 pred_right: 16373 pred_wrong:127 actu_right: 16371 actu_wrong: 129
2026-07-16 03:57:38,878 P2627372 INFO ----------------------------------------------------------------------------------------------------
2026-07-16 03:57:38,878 P2627372 INFO 128/300 starting... lr: 0.0009000000000000001 para:0.01
2026-07-16 03:57:45,069 P2627372 INFO Epoch 128/300, all_loss:0.00043 cls_loss:0.00002 rec_loss:0.04084 [6.19s]; best loss:0.00041, patience : 2
2026-07-16 03:57:47,368 P2627372 INFO pr:0.9867  rc:0.9370  auc:0.9831 ap:0.9837 f1: 0.9612 pred_right: 38623 pred_wrong:377 actu_right: 38603 actu_wrong: 397
2026-07-16 03:57:48,355 P2627372 INFO pr:0.9685  rc:0.9535  auc:0.9865 ap:0.9828 f1: 0.9609 pred_right: 16373 pred_wrong:127 actu_right: 16371 actu_wrong: 129
2026-07-16 03:57:48,355 P2627372 INFO ----------------------------------------------------------------------------------------------------
2026-07-16 03:57:48,355 P2627372 INFO 129/300 starting... lr: 0.0009000000000000001 para:0.01
2026-07-16 03:57:54,911 P2627372 INFO Epoch 129/300, all_loss:0.00042 cls_loss:0.00002 rec_loss:0.04030 [6.55s]; best loss:0.00041, patience : 2
2026-07-16 03:57:57,359 P2627372 INFO pr:0.9841  rc:0.9370  auc:0.9830 ap:0.9836 f1: 0.9600 pred_right: 38622 pred_wrong:378 actu_right: 38603 actu_wrong: 397
2026-07-16 03:57:58,709 P2627372 INFO pr:0.9685  rc:0.9535  auc:0.9885 ap:0.9828 f1: 0.9609 pred_right: 16373 pred_wrong:127 actu_right: 16371 actu_wrong: 129
2026-07-16 03:57:58,710 P2627372 INFO ----------------------------------------------------------------------------------------------------
2026-07-16 03:57:58,710 P2627372 INFO 130/300 starting... lr: 0.0009000000000000001 para:0.01
2026-07-16 03:58:04,804 P2627372 INFO Epoch 130/300, all_loss:0.00042 cls_loss:0.00002 rec_loss:0.03970 [6.09s]; best loss:0.00041, patience : 2
2026-07-16 03:58:06,605 P2627372 INFO pr:0.9867  rc:0.9369  auc:0.9828 ap:0.9836 f1: 0.9611 pred_right: 38624 pred_wrong:376 actu_right: 38604 actu_wrong: 396
2026-07-16 03:58:07,428 P2627372 INFO pr:0.9685  rc:0.9535  auc:0.9865 ap:0.9830 f1: 0.9609 pred_right: 16373 pred_wrong:127 actu_right: 16371 actu_wrong: 129
2026-07-16 03:58:07,428 P2627372 INFO ----------------------------------------------------------------------------------------------------
2026-07-16 03:58:07,428 P2627372 INFO 131/300 starting... lr: 0.0009000000000000001 para:0.01
2026-07-16 03:58:13,432 P2627372 INFO Epoch 131/300, all_loss:0.00042 cls_loss:0.00002 rec_loss:0.03943 [6.00s]; best loss:0.00041, patience : 2
2026-07-16 03:58:17,725 P2627372 INFO pr:0.9841  rc:0.9369  auc:0.9828 ap:0.9835 f1: 0.9599 pred_right: 38623 pred_wrong:377 actu_right: 38604 actu_wrong: 396
2026-07-16 03:58:20,094 P2627372 INFO pr:0.9688  rc:0.9612  auc:0.9886 ap:0.9831 f1: 0.9650 pred_right: 16372 pred_wrong:128 actu_right: 16371 actu_wrong: 129
2026-07-16 03:58:20,095 P2627372 INFO ----------------------------------------------------------------------------------------------------
2026-07-16 03:58:20,095 P2627372 INFO 132/300 starting... lr: 0.0009000000000000001 para:0.01
2026-07-16 03:58:30,993 P2627372 INFO Epoch 132/300, all_loss:0.00041 cls_loss:0.00002 rec_loss:0.03890 [10.89s]; best loss:0.00041, patience : 0
2026-07-16 03:58:33,272 P2627372 INFO pr:0.9841  rc:0.9370  auc:0.9827 ap:0.9836 f1: 0.9600 pred_right: 38622 pred_wrong:378 actu_right: 38603 actu_wrong: 397
2026-07-16 03:58:34,215 P2627372 INFO pr:0.9685  rc:0.9535  auc:0.9886 ap:0.9831 f1: 0.9609 pred_right: 16373 pred_wrong:127 actu_right: 16371 actu_wrong: 129
2026-07-16 03:58:34,216 P2627372 INFO ----------------------------------------------------------------------------------------------------
2026-07-16 03:58:34,216 P2627372 INFO 133/300 starting... lr: 0.0009000000000000001 para:0.01
2026-07-16 03:58:40,609 P2627372 INFO Epoch 133/300, all_loss:0.00041 cls_loss:0.00002 rec_loss:0.03846 [6.39s]; best loss:0.00041, patience : 0
2026-07-16 03:58:42,792 P2627372 INFO pr:0.9841  rc:0.9370  auc:0.9828 ap:0.9835 f1: 0.9600 pred_right: 38622 pred_wrong:378 actu_right: 38603 actu_wrong: 397
2026-07-16 03:58:43,953 P2627372 INFO pr:0.9615  rc:0.9690  auc:0.9887 ap:0.9832 f1: 0.9653 pred_right: 16370 pred_wrong:130 actu_right: 16371 actu_wrong: 129
2026-07-16 03:58:43,953 P2627372 INFO ----------------------------------------------------------------------------------------------------
2026-07-16 03:58:43,953 P2627372 INFO 134/300 starting... lr: 0.0009000000000000001 para:0.01
2026-07-16 03:58:50,366 P2627372 INFO Epoch 134/300, all_loss:0.00040 cls_loss:0.00002 rec_loss:0.03791 [6.41s]; best loss:0.00040, patience : 0
2026-07-16 03:58:52,797 P2627372 INFO pr:0.9867  rc:0.9345  auc:0.9826 ap:0.9837 f1: 0.9599 pred_right: 38624 pred_wrong:376 actu_right: 38603 actu_wrong: 397
2026-07-16 03:58:53,798 P2627372 INFO pr:0.9688  rc:0.9612  auc:0.9866 ap:0.9830 f1: 0.9650 pred_right: 16372 pred_wrong:128 actu_right: 16371 actu_wrong: 129
2026-07-16 03:58:53,798 P2627372 INFO ----------------------------------------------------------------------------------------------------
2026-07-16 03:58:53,799 P2627372 INFO 135/300 starting... lr: 0.0009000000000000001 para:0.01
2026-07-16 03:59:00,001 P2627372 INFO Epoch 135/300, all_loss:0.00040 cls_loss:0.00002 rec_loss:0.03768 [6.20s]; best loss:0.00040, patience : 1
2026-07-16 03:59:02,028 P2627372 INFO pr:0.9867  rc:0.9345  auc:0.9826 ap:0.9837 f1: 0.9599 pred_right: 38624 pred_wrong:376 actu_right: 38603 actu_wrong: 397
2026-07-16 03:59:03,019 P2627372 INFO pr:0.9688  rc:0.9612  auc:0.9866 ap:0.9830 f1: 0.9650 pred_right: 16372 pred_wrong:128 actu_right: 16371 actu_wrong: 129
2026-07-16 03:59:03,020 P2627372 INFO ----------------------------------------------------------------------------------------------------
2026-07-16 03:59:03,020 P2627372 INFO 136/300 starting... lr: 0.0009000000000000001 para:0.01
2026-07-16 03:59:09,332 P2627372 INFO Epoch 136/300, all_loss:0.00038 cls_loss:0.00002 rec_loss:0.03698 [6.31s]; best loss:0.00038, patience : 0
2026-07-16 03:59:11,639 P2627372 INFO pr:0.9867  rc:0.9345  auc:0.9826 ap:0.9836 f1: 0.9599 pred_right: 38624 pred_wrong:376 actu_right: 38603 actu_wrong: 397
2026-07-16 03:59:12,829 P2627372 INFO pr:0.9688  rc:0.9612  auc:0.9867 ap:0.9830 f1: 0.9650 pred_right: 16372 pred_wrong:128 actu_right: 16371 actu_wrong: 129
2026-07-16 03:59:12,830 P2627372 INFO ----------------------------------------------------------------------------------------------------
2026-07-16 03:59:12,830 P2627372 INFO 137/300 starting... lr: 0.0009000000000000001 para:0.01
2026-07-16 03:59:19,149 P2627372 INFO Epoch 137/300, all_loss:0.00038 cls_loss:0.00002 rec_loss:0.03672 [6.32s]; best loss:0.00038, patience : 0
2026-07-16 03:59:21,275 P2627372 INFO pr:0.9841  rc:0.9370  auc:0.9826 ap:0.9836 f1: 0.9600 pred_right: 38622 pred_wrong:378 actu_right: 38603 actu_wrong: 397
2026-07-16 03:59:22,200 P2627372 INFO pr:0.9615  rc:0.9690  auc:0.9888 ap:0.9832 f1: 0.9653 pred_right: 16370 pred_wrong:130 actu_right: 16371 actu_wrong: 129
2026-07-16 03:59:22,201 P2627372 INFO ----------------------------------------------------------------------------------------------------
2026-07-16 03:59:22,201 P2627372 INFO 138/300 starting... lr: 0.0009000000000000001 para:0.01
2026-07-16 03:59:28,861 P2627372 INFO Epoch 138/300, all_loss:0.00037 cls_loss:0.00001 rec_loss:0.03606 [6.66s]; best loss:0.00037, patience : 0
2026-07-16 03:59:31,212 P2627372 INFO pr:0.9867  rc:0.9345  auc:0.9826 ap:0.9837 f1: 0.9599 pred_right: 38624 pred_wrong:376 actu_right: 38603 actu_wrong: 397
2026-07-16 03:59:32,272 P2627372 INFO pr:0.9688  rc:0.9612  auc:0.9886 ap:0.9831 f1: 0.9650 pred_right: 16372 pred_wrong:128 actu_right: 16371 actu_wrong: 129
2026-07-16 03:59:32,273 P2627372 INFO ----------------------------------------------------------------------------------------------------
2026-07-16 03:59:32,273 P2627372 INFO 139/300 starting... lr: 0.0009000000000000001 para:0.01
2026-07-16 03:59:39,145 P2627372 INFO Epoch 139/300, all_loss:0.00037 cls_loss:0.00001 rec_loss:0.03544 [6.87s]; best loss:0.00037, patience : 0
2026-07-16 03:59:40,846 P2627372 INFO pr:0.9867  rc:0.9370  auc:0.9826 ap:0.9838 f1: 0.9612 pred_right: 38623 pred_wrong:377 actu_right: 38603 actu_wrong: 397
2026-07-16 03:59:41,701 P2627372 INFO pr:0.9688  rc:0.9612  auc:0.9887 ap:0.9832 f1: 0.9650 pred_right: 16372 pred_wrong:128 actu_right: 16371 actu_wrong: 129
2026-07-16 03:59:41,701 P2627372 INFO ----------------------------------------------------------------------------------------------------
2026-07-16 03:59:41,701 P2627372 INFO 140/300 starting... lr: 0.0009000000000000001 para:0.01
2026-07-16 03:59:47,655 P2627372 INFO Epoch 140/300, all_loss:0.00037 cls_loss:0.00001 rec_loss:0.03530 [5.95s]; best loss:0.00037, patience : 0
2026-07-16 03:59:51,413 P2627372 INFO pr:0.9867  rc:0.9370  auc:0.9825 ap:0.9838 f1: 0.9612 pred_right: 38623 pred_wrong:377 actu_right: 38603 actu_wrong: 397
2026-07-16 03:59:53,317 P2627372 INFO pr:0.9688  rc:0.9612  auc:0.9887 ap:0.9833 f1: 0.9650 pred_right: 16372 pred_wrong:128 actu_right: 16371 actu_wrong: 129
2026-07-16 03:59:53,318 P2627372 INFO ----------------------------------------------------------------------------------------------------
2026-07-16 03:59:53,318 P2627372 INFO 141/300 starting... lr: 0.0009000000000000001 para:0.01
2026-07-16 04:00:04,463 P2627372 INFO Epoch 141/300, all_loss:0.00036 cls_loss:0.00001 rec_loss:0.03477 [11.14s]; best loss:0.00036, patience : 0
2026-07-16 04:00:06,777 P2627372 INFO pr:0.9867  rc:0.9345  auc:0.9825 ap:0.9837 f1: 0.9599 pred_right: 38624 pred_wrong:376 actu_right: 38603 actu_wrong: 397
2026-07-16 04:00:07,884 P2627372 INFO pr:0.9688  rc:0.9612  auc:0.9867 ap:0.9832 f1: 0.9650 pred_right: 16372 pred_wrong:128 actu_right: 16371 actu_wrong: 129
2026-07-16 04:00:07,885 P2627372 INFO ----------------------------------------------------------------------------------------------------
2026-07-16 04:00:07,885 P2627372 INFO 142/300 starting... lr: 0.0009000000000000001 para:0.01
2026-07-16 04:00:14,291 P2627372 INFO Epoch 142/300, all_loss:0.00036 cls_loss:0.00001 rec_loss:0.03463 [6.40s]; best loss:0.00036, patience : 0
2026-07-16 04:00:16,573 P2627372 INFO pr:0.9841  rc:0.9392  auc:0.9824 ap:0.9836 f1: 0.9611 pred_right: 38623 pred_wrong:377 actu_right: 38605 actu_wrong: 395
2026-07-16 04:00:17,479 P2627372 INFO pr:0.9615  rc:0.9690  auc:0.9889 ap:0.9797 f1: 0.9653 pred_right: 16370 pred_wrong:130 actu_right: 16371 actu_wrong: 129
2026-07-16 04:00:17,479 P2627372 INFO ----------------------------------------------------------------------------------------------------
2026-07-16 04:00:17,479 P2627372 INFO 143/300 starting... lr: 0.0009000000000000001 para:0.01
2026-07-16 04:00:23,672 P2627372 INFO Epoch 143/300, all_loss:0.00034 cls_loss:0.00001 rec_loss:0.03309 [6.19s]; best loss:0.00034, patience : 0
2026-07-16 04:00:26,334 P2627372 INFO pr:0.9894  rc:0.9370  auc:0.9824 ap:0.9836 f1: 0.9625 pred_right: 38624 pred_wrong:376 actu_right: 38603 actu_wrong: 397
2026-07-16 04:00:27,339 P2627372 INFO pr:0.9690  rc:0.9690  auc:0.9888 ap:0.9795 f1: 0.9690 pred_right: 16371 pred_wrong:129 actu_right: 16371 actu_wrong: 129
2026-07-16 04:00:27,339 P2627372 INFO ----------------------------------------------------------------------------------------------------
2026-07-16 04:00:27,339 P2627372 INFO 144/300 starting... lr: 0.0009000000000000001 para:0.01
2026-07-16 04:00:33,319 P2627372 INFO Epoch 144/300, all_loss:0.00035 cls_loss:0.00001 rec_loss:0.03410 [5.98s]; best loss:0.00034, patience : 1
2026-07-16 04:00:35,593 P2627372 INFO pr:0.9893  rc:0.9369  auc:0.9824 ap:0.9836 f1: 0.9624 pred_right: 38625 pred_wrong:375 actu_right: 38604 actu_wrong: 396
2026-07-16 04:00:36,478 P2627372 INFO pr:0.9688  rc:0.9612  auc:0.9888 ap:0.9796 f1: 0.9650 pred_right: 16372 pred_wrong:128 actu_right: 16371 actu_wrong: 129
2026-07-16 04:00:36,479 P2627372 INFO ----------------------------------------------------------------------------------------------------
2026-07-16 04:00:36,479 P2627372 INFO 145/300 starting... lr: 0.0009000000000000001 para:0.01
2026-07-16 04:00:42,802 P2627372 INFO Epoch 145/300, all_loss:0.00034 cls_loss:0.00001 rec_loss:0.03286 [6.32s]; best loss:0.00034, patience : 0
2026-07-16 04:00:45,179 P2627372 INFO pr:0.9893  rc:0.9369  auc:0.9823 ap:0.9837 f1: 0.9624 pred_right: 38625 pred_wrong:375 actu_right: 38604 actu_wrong: 396
2026-07-16 04:00:46,045 P2627372 INFO pr:0.9688  rc:0.9612  auc:0.9889 ap:0.9797 f1: 0.9650 pred_right: 16372 pred_wrong:128 actu_right: 16371 actu_wrong: 129
2026-07-16 04:00:46,046 P2627372 INFO ----------------------------------------------------------------------------------------------------
2026-07-16 04:00:46,046 P2627372 INFO 146/300 starting... lr: 0.0009000000000000001 para:0.01
2026-07-16 04:00:52,611 P2627372 INFO Epoch 146/300, all_loss:0.00033 cls_loss:0.00001 rec_loss:0.03252 [6.56s]; best loss:0.00033, patience : 0
2026-07-16 04:00:55,097 P2627372 INFO pr:0.9894  rc:0.9370  auc:0.9821 ap:0.9836 f1: 0.9625 pred_right: 38624 pred_wrong:376 actu_right: 38603 actu_wrong: 397
2026-07-16 04:00:56,126 P2627372 INFO pr:0.9688  rc:0.9612  auc:0.9888 ap:0.9795 f1: 0.9650 pred_right: 16372 pred_wrong:128 actu_right: 16371 actu_wrong: 129
2026-07-16 04:00:56,127 P2627372 INFO ----------------------------------------------------------------------------------------------------
2026-07-16 04:00:56,127 P2627372 INFO 147/300 starting... lr: 0.0009000000000000001 para:0.01
2026-07-16 04:01:02,671 P2627372 INFO Epoch 147/300, all_loss:0.00033 cls_loss:0.00001 rec_loss:0.03178 [6.54s]; best loss:0.00033, patience : 0
2026-07-16 04:01:05,162 P2627372 INFO pr:0.9894  rc:0.9370  auc:0.9819 ap:0.9837 f1: 0.9625 pred_right: 38624 pred_wrong:376 actu_right: 38603 actu_wrong: 397
2026-07-16 04:01:06,206 P2627372 INFO pr:0.9688  rc:0.9612  auc:0.9889 ap:0.9835 f1: 0.9650 pred_right: 16372 pred_wrong:128 actu_right: 16371 actu_wrong: 129
2026-07-16 04:01:06,207 P2627372 INFO ----------------------------------------------------------------------------------------------------
2026-07-16 04:01:06,214 P2627372 INFO 148/300 starting... lr: 0.0009000000000000001 para:0.01
2026-07-16 04:01:13,121 P2627372 INFO Epoch 148/300, all_loss:0.00034 cls_loss:0.00002 rec_loss:0.03151 [6.91s]; best loss:0.00033, patience : 1
2026-07-16 04:01:14,774 P2627372 INFO pr:0.9791  rc:0.9421  auc:0.9825 ap:0.9826 f1: 0.9602 pred_right: 38618 pred_wrong:382 actu_right: 38603 actu_wrong: 397
2026-07-16 04:01:15,480 P2627372 INFO pr:0.9470  rc:0.9690  auc:0.9921 ap:0.9781 f1: 0.9579 pred_right: 16368 pred_wrong:132 actu_right: 16371 actu_wrong: 129
2026-07-16 04:01:15,481 P2627372 INFO ----------------------------------------------------------------------------------------------------
2026-07-16 04:01:15,481 P2627372 INFO 149/300 starting... lr: 0.0009000000000000001 para:0.01
2026-07-16 04:01:21,404 P2627372 INFO Epoch 149/300, all_loss:0.32845 cls_loss:0.33135 rec_loss:0.04201 [5.92s]; best loss:0.00033, patience : 2
2026-07-16 04:01:24,014 P2627372 INFO pr:0.9917  rc:0.9068  auc:0.9784 ap:0.9827 f1: 0.9474 pred_right: 38637 pred_wrong:363 actu_right: 38603 actu_wrong: 397
2026-07-16 04:01:25,471 P2627372 INFO pr:0.9762  rc:0.9535  auc:0.9864 ap:0.9826 f1: 0.9647 pred_right: 16374 pred_wrong:126 actu_right: 16371 actu_wrong: 129
2026-07-16 04:01:25,472 P2627372 INFO ----------------------------------------------------------------------------------------------------
2026-07-16 04:01:25,473 P2627372 INFO 150/300 starting... lr: 0.0009000000000000001 para:0.01
2026-07-16 04:01:37,672 P2627372 INFO Epoch 150/300, all_loss:0.18259 cls_loss:0.18363 rec_loss:0.07995 [12.20s]; best loss:0.00033, patience : 2
2026-07-16 04:01:40,196 P2627372 INFO pr:0.9759  rc:0.9194  auc:0.9744 ap:0.9751 f1: 0.9468 pred_right: 38626 pred_wrong:374 actu_right: 38603 actu_wrong: 397
2026-07-16 04:01:41,243 P2627372 INFO pr:0.9531  rc:0.9457  auc:0.9883 ap:0.9806 f1: 0.9494 pred_right: 16372 pred_wrong:128 actu_right: 16371 actu_wrong: 129
2026-07-16 04:01:41,243 P2627372 INFO ----------------------------------------------------------------------------------------------------
2026-07-16 04:01:41,243 P2627372 INFO 151/300 starting... lr: 0.0009000000000000001 para:0.01
2026-07-16 04:01:47,656 P2627372 INFO Epoch 151/300, all_loss:0.16650 cls_loss:0.16747 rec_loss:0.07098 [6.41s]; best loss:0.00033, patience : 2
2026-07-16 04:01:50,211 P2627372 INFO pr:0.9356  rc:0.9545  auc:0.9840 ap:0.9764 f1: 0.9450 pred_right: 38596 pred_wrong:404 actu_right: 38604 actu_wrong: 396
2026-07-16 04:01:51,276 P2627372 INFO pr:0.8235  rc:0.9767  auc:0.9881 ap:0.9753 f1: 0.8936 pred_right: 16347 pred_wrong:153 actu_right: 16371 actu_wrong: 129
2026-07-16 04:01:51,276 P2627372 INFO ----------------------------------------------------------------------------------------------------
2026-07-16 04:01:51,276 P2627372 INFO 152/300 starting... lr: 0.0009000000000000001 para:0.01
2026-07-16 04:01:57,597 P2627372 INFO Epoch 152/300, all_loss:0.04748 cls_loss:0.04720 rec_loss:0.07532 [6.32s]; best loss:0.00033, patience : 2
2026-07-16 04:01:59,777 P2627372 INFO pr:0.9918  rc:0.9169  auc:0.9785 ap:0.9788 f1: 0.9529 pred_right: 38633 pred_wrong:367 actu_right: 38603 actu_wrong: 397
2026-07-16 04:02:00,842 P2627372 INFO pr:0.9685  rc:0.9535  auc:0.9883 ap:0.9816 f1: 0.9609 pred_right: 16373 pred_wrong:127 actu_right: 16371 actu_wrong: 129
2026-07-16 04:02:00,842 P2627372 INFO ----------------------------------------------------------------------------------------------------
2026-07-16 04:02:00,842 P2627372 INFO 153/300 starting... lr: 0.0009000000000000001 para:0.01
2026-07-16 04:02:07,243 P2627372 INFO Epoch 153/300, all_loss:0.01420 cls_loss:0.01371 rec_loss:0.06291 [6.40s]; best loss:0.00033, patience : 2
2026-07-16 04:02:09,416 P2627372 INFO pr:0.9449  rc:0.9496  auc:0.9825 ap:0.9793 f1: 0.9472 pred_right: 38601 pred_wrong:399 actu_right: 38603 actu_wrong: 397
2026-07-16 04:02:10,370 P2627372 INFO pr:0.8681  rc:0.9690  auc:0.9882 ap:0.9749 f1: 0.9158 pred_right: 16356 pred_wrong:144 actu_right: 16371 actu_wrong: 129
2026-07-16 04:02:10,371 P2627372 INFO ----------------------------------------------------------------------------------------------------
2026-07-16 04:02:10,371 P2627372 INFO 154/300 starting... lr: 0.0009000000000000001 para:0.01
2026-07-16 04:02:16,593 P2627372 INFO Epoch 154/300, all_loss:0.01878 cls_loss:0.01832 rec_loss:0.06432 [6.22s]; best loss:0.00033, patience : 3
2026-07-16 04:02:18,819 P2627372 INFO pr:0.9841  rc:0.9370  auc:0.9807 ap:0.9812 f1: 0.9600 pred_right: 38622 pred_wrong:378 actu_right: 38603 actu_wrong: 397
2026-07-16 04:02:19,835 P2627372 INFO pr:0.9462  rc:0.9535  auc:0.9883 ap:0.9782 f1: 0.9498 pred_right: 16370 pred_wrong:130 actu_right: 16371 actu_wrong: 129
2026-07-16 04:02:19,835 P2627372 INFO ----------------------------------------------------------------------------------------------------
2026-07-16 04:02:19,835 P2627372 INFO 155/300 starting... lr: 0.0009000000000000001 para:0.01
2026-07-16 04:02:26,395 P2627372 INFO Epoch 155/300, all_loss:0.00071 cls_loss:0.00009 rec_loss:0.06212 [6.56s]; best loss:0.00033, patience : 3
2026-07-16 04:02:28,742 P2627372 INFO pr:0.9841  rc:0.9370  auc:0.9806 ap:0.9812 f1: 0.9600 pred_right: 38622 pred_wrong:378 actu_right: 38603 actu_wrong: 397
2026-07-16 04:02:29,629 P2627372 INFO pr:0.9462  rc:0.9535  auc:0.9883 ap:0.9782 f1: 0.9498 pred_right: 16370 pred_wrong:130 actu_right: 16371 actu_wrong: 129
2026-07-16 04:02:29,629 P2627372 INFO ----------------------------------------------------------------------------------------------------
2026-07-16 04:02:29,629 P2627372 INFO 156/300 starting... lr: 0.0009000000000000001 para:0.01
2026-07-16 04:02:36,087 P2627372 INFO Epoch 156/300, all_loss:0.00065 cls_loss:0.00007 rec_loss:0.05774 [6.46s]; best loss:0.00033, patience : 3
2026-07-16 04:02:38,280 P2627372 INFO pr:0.9841  rc:0.9394  auc:0.9805 ap:0.9812 f1: 0.9612 pred_right: 38622 pred_wrong:378 actu_right: 38604 actu_wrong: 396
2026-07-16 04:02:39,162 P2627372 INFO pr:0.9462  rc:0.9535  auc:0.9883 ap:0.9782 f1: 0.9498 pred_right: 16370 pred_wrong:130 actu_right: 16371 actu_wrong: 129
2026-07-16 04:02:39,163 P2627372 INFO ----------------------------------------------------------------------------------------------------
2026-07-16 04:02:39,163 P2627372 INFO 157/300 starting... lr: 0.0009000000000000001 para:0.01
2026-07-16 04:02:46,384 P2627372 INFO Epoch 157/300, all_loss:0.00060 cls_loss:0.00006 rec_loss:0.05421 [7.22s]; best loss:0.00033, patience : 3
2026-07-16 04:02:48,056 P2627372 INFO pr:0.9842  rc:0.9395  auc:0.9805 ap:0.9813 f1: 0.9613 pred_right: 38621 pred_wrong:379 actu_right: 38603 actu_wrong: 397
2026-07-16 04:02:48,742 P2627372 INFO pr:0.9466  rc:0.9612  auc:0.9883 ap:0.9782 f1: 0.9538 pred_right: 16369 pred_wrong:131 actu_right: 16371 actu_wrong: 129
2026-07-16 04:02:48,742 P2627372 INFO ----------------------------------------------------------------------------------------------------
2026-07-16 04:02:48,742 P2627372 INFO 158/300 starting... lr: 0.0009000000000000001 para:0.01
2026-07-16 04:02:54,442 P2627372 INFO Epoch 158/300, all_loss:0.00057 cls_loss:0.00006 rec_loss:0.05114 [5.70s]; best loss:0.00033, patience : 3
2026-07-16 04:02:56,335 P2627372 INFO pr:0.9841  rc:0.9394  auc:0.9805 ap:0.9812 f1: 0.9612 pred_right: 38622 pred_wrong:378 actu_right: 38604 actu_wrong: 396
2026-07-16 04:02:57,369 P2627372 INFO pr:0.9462  rc:0.9535  auc:0.9883 ap:0.9782 f1: 0.9498 pred_right: 16370 pred_wrong:130 actu_right: 16371 actu_wrong: 129
2026-07-16 04:02:57,370 P2627372 INFO ----------------------------------------------------------------------------------------------------
2026-07-16 04:02:57,370 P2627372 INFO 159/300 starting... lr: 0.0009000000000000001 para:0.01
2026-07-16 04:03:10,395 P2627372 INFO Epoch 159/300, all_loss:0.00054 cls_loss:0.00005 rec_loss:0.04874 [13.02s]; best loss:0.00033, patience : 3
2026-07-16 04:03:13,055 P2627372 INFO pr:0.9842  rc:0.9395  auc:0.9805 ap:0.9813 f1: 0.9613 pred_right: 38621 pred_wrong:379 actu_right: 38603 actu_wrong: 397
2026-07-16 04:03:14,144 P2627372 INFO pr:0.9389  rc:0.9535  auc:0.9883 ap:0.9782 f1: 0.9462 pred_right: 16369 pred_wrong:131 actu_right: 16371 actu_wrong: 129
2026-07-16 04:03:14,145 P2627372 INFO ----------------------------------------------------------------------------------------------------
2026-07-16 04:03:14,145 P2627372 INFO 160/300 starting... lr: 0.0009000000000000001 para:0.01
2026-07-16 04:03:20,815 P2627372 INFO Epoch 160/300, all_loss:0.00051 cls_loss:0.00005 rec_loss:0.04668 [6.67s]; best loss:0.00033, patience : 3
2026-07-16 04:03:23,219 P2627372 INFO pr:0.9841  rc:0.9370  auc:0.9804 ap:0.9813 f1: 0.9600 pred_right: 38622 pred_wrong:378 actu_right: 38603 actu_wrong: 397
2026-07-16 04:03:24,198 P2627372 INFO pr:0.9462  rc:0.9535  auc:0.9883 ap:0.9783 f1: 0.9498 pred_right: 16370 pred_wrong:130 actu_right: 16371 actu_wrong: 129
2026-07-16 04:03:24,199 P2627372 INFO ----------------------------------------------------------------------------------------------------
2026-07-16 04:03:24,199 P2627372 INFO 161/300 starting... lr: 0.0009000000000000001 para:0.01
2026-07-16 04:03:30,529 P2627372 INFO Epoch 161/300, all_loss:0.00049 cls_loss:0.00004 rec_loss:0.04532 [6.33s]; best loss:0.00033, patience : 3
2026-07-16 04:03:33,021 P2627372 INFO pr:0.9842  rc:0.9395  auc:0.9804 ap:0.9814 f1: 0.9613 pred_right: 38621 pred_wrong:379 actu_right: 38603 actu_wrong: 397
2026-07-16 04:03:34,079 P2627372 INFO pr:0.9389  rc:0.9535  auc:0.9883 ap:0.9783 f1: 0.9462 pred_right: 16369 pred_wrong:131 actu_right: 16371 actu_wrong: 129
2026-07-16 04:03:34,080 P2627372 INFO ----------------------------------------------------------------------------------------------------
2026-07-16 04:03:34,080 P2627372 INFO 162/300 starting... lr: 0.0009000000000000001 para:0.01
2026-07-16 04:03:40,604 P2627372 INFO Epoch 162/300, all_loss:0.00048 cls_loss:0.00004 rec_loss:0.04393 [6.52s]; best loss:0.00033, patience : 3
2026-07-16 04:03:43,038 P2627372 INFO pr:0.9842  rc:0.9395  auc:0.9804 ap:0.9814 f1: 0.9613 pred_right: 38621 pred_wrong:379 actu_right: 38603 actu_wrong: 397
2026-07-16 04:03:44,048 P2627372 INFO pr:0.9389  rc:0.9535  auc:0.9883 ap:0.9783 f1: 0.9462 pred_right: 16369 pred_wrong:131 actu_right: 16371 actu_wrong: 129
2026-07-16 04:03:44,049 P2627372 INFO ----------------------------------------------------------------------------------------------------
2026-07-16 04:03:44,049 P2627372 INFO 163/300 starting... lr: 0.0009000000000000001 para:0.01
2026-07-16 04:03:50,484 P2627372 INFO Epoch 163/300, all_loss:0.00046 cls_loss:0.00003 rec_loss:0.04284 [6.43s]; best loss:0.00033, patience : 3
2026-07-16 04:03:52,985 P2627372 INFO pr:0.9842  rc:0.9395  auc:0.9804 ap:0.9814 f1: 0.9613 pred_right: 38621 pred_wrong:379 actu_right: 38603 actu_wrong: 397
2026-07-16 04:03:54,043 P2627372 INFO pr:0.9394  rc:0.9612  auc:0.9883 ap:0.9783 f1: 0.9502 pred_right: 16368 pred_wrong:132 actu_right: 16371 actu_wrong: 129
2026-07-16 04:03:54,043 P2627372 INFO ----------------------------------------------------------------------------------------------------
2026-07-16 04:03:54,044 P2627372 INFO 164/300 starting... lr: 0.0009000000000000001 para:0.01
2026-07-16 04:04:00,481 P2627372 INFO Epoch 164/300, all_loss:0.00045 cls_loss:0.00003 rec_loss:0.04173 [6.44s]; best loss:0.00033, patience : 3
2026-07-16 04:04:02,988 P2627372 INFO pr:0.9842  rc:0.9419  auc:0.9810 ap:0.9824 f1: 0.9626 pred_right: 38621 pred_wrong:379 actu_right: 38604 actu_wrong: 396
2026-07-16 04:04:04,085 P2627372 INFO pr:0.9394  rc:0.9612  auc:0.9883 ap:0.9783 f1: 0.9502 pred_right: 16368 pred_wrong:132 actu_right: 16371 actu_wrong: 129
2026-07-16 04:04:04,086 P2627372 INFO ----------------------------------------------------------------------------------------------------
2026-07-16 04:04:04,086 P2627372 INFO 165/300 starting... lr: 0.0009000000000000001 para:0.01
2026-07-16 04:04:10,519 P2627372 INFO Epoch 165/300, all_loss:0.00044 cls_loss:0.00003 rec_loss:0.04065 [6.43s]; best loss:0.00033, patience : 3
2026-07-16 04:04:12,954 P2627372 INFO pr:0.9841  rc:0.9394  auc:0.9803 ap:0.9815 f1: 0.9612 pred_right: 38622 pred_wrong:378 actu_right: 38604 actu_wrong: 396
2026-07-16 04:04:13,968 P2627372 INFO pr:0.9394  rc:0.9612  auc:0.9883 ap:0.9783 f1: 0.9502 pred_right: 16368 pred_wrong:132 actu_right: 16371 actu_wrong: 129
2026-07-16 04:04:13,969 P2627372 INFO ----------------------------------------------------------------------------------------------------
2026-07-16 04:04:13,970 P2627372 INFO 166/300 starting... lr: 0.0009000000000000001 para:0.01
2026-07-16 04:04:20,121 P2627372 INFO Epoch 166/300, all_loss:0.00043 cls_loss:0.00003 rec_loss:0.03978 [6.15s]; best loss:0.00033, patience : 3
2026-07-16 04:04:21,793 P2627372 INFO pr:0.9842  rc:0.9395  auc:0.9803 ap:0.9814 f1: 0.9613 pred_right: 38621 pred_wrong:379 actu_right: 38603 actu_wrong: 397
2026-07-16 04:04:22,577 P2627372 INFO pr:0.9389  rc:0.9535  auc:0.9883 ap:0.9783 f1: 0.9462 pred_right: 16369 pred_wrong:131 actu_right: 16371 actu_wrong: 129
2026-07-16 04:04:22,578 P2627372 INFO ----------------------------------------------------------------------------------------------------
2026-07-16 04:04:22,578 P2627372 INFO 167/300 starting... lr: 0.0009000000000000001 para:0.01
2026-07-16 04:04:28,355 P2627372 INFO Epoch 167/300, all_loss:0.00041 cls_loss:0.00002 rec_loss:0.03882 [5.78s]; best loss:0.00033, patience : 3
2026-07-16 04:04:31,531 P2627372 INFO pr:0.9842  rc:0.9395  auc:0.9803 ap:0.9815 f1: 0.9613 pred_right: 38621 pred_wrong:379 actu_right: 38603 actu_wrong: 397
2026-07-16 04:04:33,071 P2627372 INFO pr:0.9394  rc:0.9612  auc:0.9883 ap:0.9783 f1: 0.9502 pred_right: 16368 pred_wrong:132 actu_right: 16371 actu_wrong: 129
2026-07-16 04:04:33,072 P2627372 INFO ----------------------------------------------------------------------------------------------------
2026-07-16 04:04:33,072 P2627372 INFO 168/300 starting... lr: 0.0009000000000000001 para:0.01
2026-07-16 04:04:45,184 P2627372 INFO Epoch 168/300, all_loss:0.00041 cls_loss:0.00002 rec_loss:0.03826 [12.11s]; best loss:0.00033, patience : 3
2026-07-16 04:04:47,811 P2627372 INFO pr:0.9842  rc:0.9395  auc:0.9801 ap:0.9814 f1: 0.9613 pred_right: 38621 pred_wrong:379 actu_right: 38603 actu_wrong: 397
2026-07-16 04:04:48,795 P2627372 INFO pr:0.9389  rc:0.9535  auc:0.9883 ap:0.9783 f1: 0.9462 pred_right: 16369 pred_wrong:131 actu_right: 16371 actu_wrong: 129
2026-07-16 04:04:48,796 P2627372 INFO ----------------------------------------------------------------------------------------------------
2026-07-16 04:04:48,796 P2627372 INFO 169/300 starting... lr: 0.0009000000000000001 para:0.01
2026-07-16 04:04:55,132 P2627372 INFO Epoch 169/300, all_loss:0.00040 cls_loss:0.00002 rec_loss:0.03751 [6.33s]; best loss:0.00033, patience : 3
2026-07-16 04:04:57,682 P2627372 INFO pr:0.9842  rc:0.9395  auc:0.9800 ap:0.9815 f1: 0.9613 pred_right: 38621 pred_wrong:379 actu_right: 38603 actu_wrong: 397
2026-07-16 04:04:58,728 P2627372 INFO pr:0.9389  rc:0.9535  auc:0.9883 ap:0.9783 f1: 0.9462 pred_right: 16369 pred_wrong:131 actu_right: 16371 actu_wrong: 129
2026-07-16 04:04:58,729 P2627372 INFO ----------------------------------------------------------------------------------------------------
2026-07-16 04:04:58,736 P2627372 INFO 170/300 starting... lr: 0.0009000000000000001 para:0.01
2026-07-16 04:05:05,328 P2627372 INFO Epoch 170/300, all_loss:0.00039 cls_loss:0.00002 rec_loss:0.03677 [6.59s]; best loss:0.00033, patience : 3
2026-07-16 04:05:07,656 P2627372 INFO pr:0.9841  rc:0.9394  auc:0.9798 ap:0.9814 f1: 0.9612 pred_right: 38622 pred_wrong:378 actu_right: 38604 actu_wrong: 396
2026-07-16 04:05:08,573 P2627372 INFO pr:0.9389  rc:0.9535  auc:0.9883 ap:0.9783 f1: 0.9462 pred_right: 16369 pred_wrong:131 actu_right: 16371 actu_wrong: 129
2026-07-16 04:05:08,574 P2627372 INFO ----------------------------------------------------------------------------------------------------
2026-07-16 04:05:08,574 P2627372 INFO 171/300 starting... lr: 0.0009000000000000001 para:0.01
2026-07-16 04:05:14,899 P2627372 INFO Epoch 171/300, all_loss:0.00038 cls_loss:0.00002 rec_loss:0.03634 [6.32s]; best loss:0.00033, patience : 3
2026-07-16 04:05:17,263 P2627372 INFO pr:0.9841  rc:0.9394  auc:0.9797 ap:0.9815 f1: 0.9612 pred_right: 38622 pred_wrong:378 actu_right: 38604 actu_wrong: 396
2026-07-16 04:05:18,249 P2627372 INFO pr:0.9389  rc:0.9535  auc:0.9883 ap:0.9783 f1: 0.9462 pred_right: 16369 pred_wrong:131 actu_right: 16371 actu_wrong: 129
2026-07-16 04:05:18,250 P2627372 INFO ----------------------------------------------------------------------------------------------------
2026-07-16 04:05:18,250 P2627372 INFO 172/300 starting... lr: 0.0009000000000000001 para:0.01
2026-07-16 04:05:24,454 P2627372 INFO Epoch 172/300, all_loss:0.00037 cls_loss:0.00002 rec_loss:0.03531 [6.20s]; best loss:0.00033, patience : 3
2026-07-16 04:05:26,538 P2627372 INFO pr:0.9842  rc:0.9395  auc:0.9797 ap:0.9816 f1: 0.9613 pred_right: 38621 pred_wrong:379 actu_right: 38603 actu_wrong: 397
2026-07-16 04:05:27,676 P2627372 INFO pr:0.9389  rc:0.9535  auc:0.9883 ap:0.9783 f1: 0.9462 pred_right: 16369 pred_wrong:131 actu_right: 16371 actu_wrong: 129
2026-07-16 04:05:27,676 P2627372 INFO ----------------------------------------------------------------------------------------------------
2026-07-16 04:05:27,676 P2627372 INFO 173/300 starting... lr: 0.0009000000000000001 para:0.01
2026-07-16 04:05:33,881 P2627372 INFO Epoch 173/300, all_loss:0.00037 cls_loss:0.00002 rec_loss:0.03497 [6.20s]; best loss:0.00033, patience : 3
2026-07-16 04:05:36,077 P2627372 INFO pr:0.9842  rc:0.9395  auc:0.9796 ap:0.9816 f1: 0.9613 pred_right: 38621 pred_wrong:379 actu_right: 38603 actu_wrong: 397
2026-07-16 04:05:36,925 P2627372 INFO pr:0.9389  rc:0.9535  auc:0.9883 ap:0.9783 f1: 0.9462 pred_right: 16369 pred_wrong:131 actu_right: 16371 actu_wrong: 129
2026-07-16 04:05:36,925 P2627372 INFO ----------------------------------------------------------------------------------------------------
2026-07-16 04:05:36,932 P2627372 INFO 174/300 starting... lr: 0.0009000000000000001 para:0.01
2026-07-16 04:05:43,370 P2627372 INFO Epoch 174/300, all_loss:0.00036 cls_loss:0.00002 rec_loss:0.03429 [6.44s]; best loss:0.00033, patience : 3
2026-07-16 04:05:45,439 P2627372 INFO pr:0.9841  rc:0.9394  auc:0.9795 ap:0.9816 f1: 0.9612 pred_right: 38622 pred_wrong:378 actu_right: 38604 actu_wrong: 396
2026-07-16 04:05:46,412 P2627372 INFO pr:0.9394  rc:0.9612  auc:0.9883 ap:0.9783 f1: 0.9502 pred_right: 16368 pred_wrong:132 actu_right: 16371 actu_wrong: 129
2026-07-16 04:05:46,413 P2627372 INFO ----------------------------------------------------------------------------------------------------
2026-07-16 04:05:46,413 P2627372 INFO 175/300 starting... lr: 0.0009000000000000001 para:0.01
2026-07-16 04:05:53,607 P2627372 INFO Epoch 175/300, all_loss:0.00035 cls_loss:0.00002 rec_loss:0.03388 [7.19s]; best loss:0.00033, patience : 3
2026-07-16 04:05:55,262 P2627372 INFO pr:0.9842  rc:0.9395  auc:0.9795 ap:0.9816 f1: 0.9613 pred_right: 38621 pred_wrong:379 actu_right: 38603 actu_wrong: 397
2026-07-16 04:05:55,947 P2627372 INFO pr:0.9389  rc:0.9535  auc:0.9883 ap:0.9784 f1: 0.9462 pred_right: 16369 pred_wrong:131 actu_right: 16371 actu_wrong: 129
2026-07-16 04:05:55,948 P2627372 INFO ----------------------------------------------------------------------------------------------------
2026-07-16 04:05:55,948 P2627372 INFO 176/300 starting... lr: 0.0009000000000000001 para:0.01
2026-07-16 04:06:01,487 P2627372 INFO Epoch 176/300, all_loss:0.00035 cls_loss:0.00002 rec_loss:0.03342 [5.54s]; best loss:0.00033, patience : 3
2026-07-16 04:06:03,470 P2627372 INFO pr:0.9842  rc:0.9395  auc:0.9794 ap:0.9815 f1: 0.9613 pred_right: 38621 pred_wrong:379 actu_right: 38603 actu_wrong: 397
2026-07-16 04:06:04,269 P2627372 INFO pr:0.9389  rc:0.9535  auc:0.9863 ap:0.9783 f1: 0.9462 pred_right: 16369 pred_wrong:131 actu_right: 16371 actu_wrong: 129
2026-07-16 04:06:04,269 P2627372 INFO ----------------------------------------------------------------------------------------------------
2026-07-16 04:06:04,270 P2627372 INFO 177/300 starting... lr: 0.0009000000000000001 para:0.01
2026-07-16 04:06:16,924 P2627372 INFO Epoch 177/300, all_loss:0.00035 cls_loss:0.00001 rec_loss:0.03319 [12.65s]; best loss:0.00033, patience : 3
2026-07-16 04:06:19,633 P2627372 INFO pr:0.9842  rc:0.9395  auc:0.9794 ap:0.9816 f1: 0.9613 pred_right: 38621 pred_wrong:379 actu_right: 38603 actu_wrong: 397
2026-07-16 04:06:20,803 P2627372 INFO pr:0.9389  rc:0.9535  auc:0.9883 ap:0.9784 f1: 0.9462 pred_right: 16369 pred_wrong:131 actu_right: 16371 actu_wrong: 129
2026-07-16 04:06:20,804 P2627372 INFO ----------------------------------------------------------------------------------------------------
2026-07-16 04:06:20,804 P2627372 INFO 178/300 starting... lr: 0.0009000000000000001 para:0.01
2026-07-16 04:06:27,385 P2627372 INFO Epoch 178/300, all_loss:0.00034 cls_loss:0.00001 rec_loss:0.03241 [6.58s]; best loss:0.00033, patience : 3
2026-07-16 04:06:29,737 P2627372 INFO pr:0.9842  rc:0.9395  auc:0.9794 ap:0.9816 f1: 0.9613 pred_right: 38621 pred_wrong:379 actu_right: 38603 actu_wrong: 397
2026-07-16 04:06:30,637 P2627372 INFO pr:0.9389  rc:0.9535  auc:0.9883 ap:0.9784 f1: 0.9462 pred_right: 16369 pred_wrong:131 actu_right: 16371 actu_wrong: 129
2026-07-16 04:06:30,637 P2627372 INFO ----------------------------------------------------------------------------------------------------
2026-07-16 04:06:30,637 P2627372 INFO 179/300 starting... lr: 0.0009000000000000001 para:0.01
2026-07-16 04:06:36,699 P2627372 INFO Epoch 179/300, all_loss:0.00034 cls_loss:0.00001 rec_loss:0.03238 [6.06s]; best loss:0.00033, patience : 3
2026-07-16 04:06:38,943 P2627372 INFO pr:0.9842  rc:0.9395  auc:0.9794 ap:0.9816 f1: 0.9613 pred_right: 38621 pred_wrong:379 actu_right: 38603 actu_wrong: 397
2026-07-16 04:06:39,878 P2627372 INFO pr:0.9389  rc:0.9535  auc:0.9883 ap:0.9785 f1: 0.9462 pred_right: 16369 pred_wrong:131 actu_right: 16371 actu_wrong: 129
2026-07-16 04:06:39,878 P2627372 INFO ----------------------------------------------------------------------------------------------------
2026-07-16 04:06:39,879 P2627372 INFO 180/300 starting... lr: 0.0009000000000000001 para:0.01
2026-07-16 04:06:46,091 P2627372 INFO Epoch 180/300, all_loss:0.00033 cls_loss:0.00001 rec_loss:0.03184 [6.21s]; best loss:0.00033, patience : 3
2026-07-16 04:06:48,340 P2627372 INFO pr:0.9842  rc:0.9395  auc:0.9793 ap:0.9816 f1: 0.9613 pred_right: 38621 pred_wrong:379 actu_right: 38603 actu_wrong: 397
2026-07-16 04:06:49,305 P2627372 INFO pr:0.9389  rc:0.9535  auc:0.9883 ap:0.9785 f1: 0.9462 pred_right: 16369 pred_wrong:131 actu_right: 16371 actu_wrong: 129
2026-07-16 04:06:49,305 P2627372 INFO ----------------------------------------------------------------------------------------------------
2026-07-16 04:06:49,305 P2627372 INFO 181/300 starting... lr: 0.0009000000000000001 para:0.01
2026-07-16 04:06:55,402 P2627372 INFO Epoch 181/300, all_loss:0.00032 cls_loss:0.00001 rec_loss:0.03118 [6.09s]; best loss:0.00032, patience : 0
2026-07-16 04:06:57,412 P2627372 INFO pr:0.9842  rc:0.9395  auc:0.9793 ap:0.9816 f1: 0.9613 pred_right: 38621 pred_wrong:379 actu_right: 38603 actu_wrong: 397
2026-07-16 04:06:58,284 P2627372 INFO pr:0.9389  rc:0.9535  auc:0.9883 ap:0.9786 f1: 0.9462 pred_right: 16369 pred_wrong:131 actu_right: 16371 actu_wrong: 129
2026-07-16 04:06:58,285 P2627372 INFO ----------------------------------------------------------------------------------------------------
2026-07-16 04:06:58,285 P2627372 INFO 182/300 starting... lr: 0.0009000000000000001 para:0.01
2026-07-16 04:07:04,825 P2627372 INFO Epoch 182/300, all_loss:0.00032 cls_loss:0.00001 rec_loss:0.03142 [6.54s]; best loss:0.00032, patience : 1
2026-07-16 04:07:07,231 P2627372 INFO pr:0.9842  rc:0.9395  auc:0.9793 ap:0.9817 f1: 0.9613 pred_right: 38621 pred_wrong:379 actu_right: 38603 actu_wrong: 397
2026-07-16 04:07:08,310 P2627372 INFO pr:0.9389  rc:0.9535  auc:0.9883 ap:0.9786 f1: 0.9462 pred_right: 16369 pred_wrong:131 actu_right: 16371 actu_wrong: 129
2026-07-16 04:07:08,310 P2627372 INFO ----------------------------------------------------------------------------------------------------
2026-07-16 04:07:08,311 P2627372 INFO 183/300 starting... lr: 0.0009000000000000001 para:0.01
2026-07-16 04:07:14,939 P2627372 INFO Epoch 183/300, all_loss:0.00032 cls_loss:0.00001 rec_loss:0.03074 [6.62s]; best loss:0.00032, patience : 0
2026-07-16 04:07:17,447 P2627372 INFO pr:0.9840  rc:0.9391  auc:0.9791 ap:0.9815 f1: 0.9610 pred_right: 38624 pred_wrong:376 actu_right: 38606 actu_wrong: 394
2026-07-16 04:07:18,485 P2627372 INFO pr:0.9389  rc:0.9535  auc:0.9863 ap:0.9786 f1: 0.9462 pred_right: 16369 pred_wrong:131 actu_right: 16371 actu_wrong: 129
2026-07-16 04:07:18,485 P2627372 INFO ----------------------------------------------------------------------------------------------------
2026-07-16 04:07:18,486 P2627372 INFO 184/300 starting... lr: 0.0009000000000000001 para:0.01
2026-07-16 04:07:25,906 P2627372 INFO Epoch 184/300, all_loss:0.00031 cls_loss:0.00001 rec_loss:0.03051 [7.41s]; best loss:0.00031, patience : 0
2026-07-16 04:07:28,252 P2627372 INFO pr:0.9841  rc:0.9394  auc:0.9793 ap:0.9817 f1: 0.9612 pred_right: 38622 pred_wrong:378 actu_right: 38604 actu_wrong: 396
2026-07-16 04:07:28,970 P2627372 INFO pr:0.9394  rc:0.9612  auc:0.9883 ap:0.9788 f1: 0.9502 pred_right: 16368 pred_wrong:132 actu_right: 16371 actu_wrong: 129
2026-07-16 04:07:28,971 P2627372 INFO ----------------------------------------------------------------------------------------------------
2026-07-16 04:07:28,971 P2627372 INFO 185/300 starting... lr: 0.0009000000000000001 para:0.01
2026-07-16 04:07:34,210 P2627372 INFO Epoch 185/300, all_loss:0.00030 cls_loss:0.00001 rec_loss:0.02966 [5.24s]; best loss:0.00030, patience : 0
2026-07-16 04:07:36,241 P2627372 INFO pr:0.9841  rc:0.9394  auc:0.9792 ap:0.9816 f1: 0.9612 pred_right: 38622 pred_wrong:378 actu_right: 38604 actu_wrong: 396
2026-07-16 04:07:37,045 P2627372 INFO pr:0.9389  rc:0.9535  auc:0.9863 ap:0.9786 f1: 0.9462 pred_right: 16369 pred_wrong:131 actu_right: 16371 actu_wrong: 129
2026-07-16 04:07:37,045 P2627372 INFO ----------------------------------------------------------------------------------------------------
2026-07-16 04:07:37,046 P2627372 INFO 186/300 starting... lr: 0.0009000000000000001 para:0.01
2026-07-16 04:07:46,824 P2627372 INFO Epoch 186/300, all_loss:0.00031 cls_loss:0.00001 rec_loss:0.03037 [9.78s]; best loss:0.00030, patience : 1
2026-07-16 04:07:51,395 P2627372 INFO pr:0.9842  rc:0.9395  auc:0.9793 ap:0.9817 f1: 0.9613 pred_right: 38621 pred_wrong:379 actu_right: 38603 actu_wrong: 397
2026-07-16 04:07:53,051 P2627372 INFO pr:0.9389  rc:0.9535  auc:0.9883 ap:0.9788 f1: 0.9462 pred_right: 16369 pred_wrong:131 actu_right: 16371 actu_wrong: 129
2026-07-16 04:07:53,052 P2627372 INFO ----------------------------------------------------------------------------------------------------
2026-07-16 04:07:53,052 P2627372 INFO 187/300 starting... lr: 0.0009000000000000001 para:0.01
2026-07-16 04:07:59,951 P2627372 INFO Epoch 187/300, all_loss:0.00030 cls_loss:0.00001 rec_loss:0.02913 [6.89s]; best loss:0.00030, patience : 0
2026-07-16 04:08:02,215 P2627372 INFO pr:0.9868  rc:0.9395  auc:0.9793 ap:0.9816 f1: 0.9626 pred_right: 38622 pred_wrong:378 actu_right: 38603 actu_wrong: 397
2026-07-16 04:08:03,112 P2627372 INFO pr:0.9389  rc:0.9535  auc:0.9863 ap:0.9786 f1: 0.9462 pred_right: 16369 pred_wrong:131 actu_right: 16371 actu_wrong: 129
2026-07-16 04:08:03,113 P2627372 INFO ----------------------------------------------------------------------------------------------------
2026-07-16 04:08:03,113 P2627372 INFO 188/300 starting... lr: 0.0009000000000000001 para:0.01
2026-07-16 04:08:09,570 P2627372 INFO Epoch 188/300, all_loss:0.00030 cls_loss:0.00001 rec_loss:0.02905 [6.45s]; best loss:0.00030, patience : 0
2026-07-16 04:08:11,763 P2627372 INFO pr:0.9842  rc:0.9395  auc:0.9793 ap:0.9817 f1: 0.9613 pred_right: 38621 pred_wrong:379 actu_right: 38603 actu_wrong: 397
2026-07-16 04:08:12,612 P2627372 INFO pr:0.9389  rc:0.9535  auc:0.9863 ap:0.9788 f1: 0.9462 pred_right: 16369 pred_wrong:131 actu_right: 16371 actu_wrong: 129
2026-07-16 04:08:12,612 P2627372 INFO ----------------------------------------------------------------------------------------------------
2026-07-16 04:08:12,613 P2627372 INFO 189/300 starting... lr: 0.0009000000000000001 para:0.01
2026-07-16 04:08:18,689 P2627372 INFO Epoch 189/300, all_loss:0.00029 cls_loss:0.00001 rec_loss:0.02863 [6.07s]; best loss:0.00029, patience : 0
2026-07-16 04:08:20,841 P2627372 INFO pr:0.9868  rc:0.9395  auc:0.9792 ap:0.9816 f1: 0.9626 pred_right: 38622 pred_wrong:378 actu_right: 38603 actu_wrong: 397
2026-07-16 04:08:21,648 P2627372 INFO pr:0.9389  rc:0.9535  auc:0.9863 ap:0.9788 f1: 0.9462 pred_right: 16369 pred_wrong:131 actu_right: 16371 actu_wrong: 129
2026-07-16 04:08:21,649 P2627372 INFO ----------------------------------------------------------------------------------------------------
2026-07-16 04:08:21,649 P2627372 INFO 190/300 starting... lr: 0.0009000000000000001 para:0.01
2026-07-16 04:08:28,184 P2627372 INFO Epoch 190/300, all_loss:0.00029 cls_loss:0.00001 rec_loss:0.02884 [6.53s]; best loss:0.00029, patience : 1
2026-07-16 04:08:30,397 P2627372 INFO pr:0.9841  rc:0.9392  auc:0.9791 ap:0.9815 f1: 0.9611 pred_right: 38623 pred_wrong:377 actu_right: 38605 actu_wrong: 395
2026-07-16 04:08:31,493 P2627372 INFO pr:0.9389  rc:0.9535  auc:0.9863 ap:0.9788 f1: 0.9462 pred_right: 16369 pred_wrong:131 actu_right: 16371 actu_wrong: 129
2026-07-16 04:08:31,494 P2627372 INFO ----------------------------------------------------------------------------------------------------
2026-07-16 04:08:31,494 P2627372 INFO 191/300 starting... lr: 0.0009000000000000001 para:0.01
2026-07-16 04:08:37,966 P2627372 INFO Epoch 191/300, all_loss:0.00029 cls_loss:0.00001 rec_loss:0.02845 [6.47s]; best loss:0.00029, patience : 0
2026-07-16 04:08:40,091 P2627372 INFO pr:0.9842  rc:0.9395  auc:0.9792 ap:0.9817 f1: 0.9613 pred_right: 38621 pred_wrong:379 actu_right: 38603 actu_wrong: 397
2026-07-16 04:08:41,108 P2627372 INFO pr:0.9394  rc:0.9612  auc:0.9883 ap:0.9787 f1: 0.9502 pred_right: 16368 pred_wrong:132 actu_right: 16371 actu_wrong: 129
2026-07-16 04:08:41,108 P2627372 INFO ----------------------------------------------------------------------------------------------------
2026-07-16 04:08:41,109 P2627372 INFO 192/300 starting... lr: 0.0009000000000000001 para:0.01
2026-07-16 04:08:47,552 P2627372 INFO Epoch 192/300, all_loss:0.00028 cls_loss:0.00001 rec_loss:0.02702 [6.44s]; best loss:0.00028, patience : 0
2026-07-16 04:08:49,882 P2627372 INFO pr:0.9868  rc:0.9395  auc:0.9793 ap:0.9817 f1: 0.9626 pred_right: 38622 pred_wrong:378 actu_right: 38603 actu_wrong: 397
2026-07-16 04:08:50,775 P2627372 INFO pr:0.9389  rc:0.9535  auc:0.9863 ap:0.9788 f1: 0.9462 pred_right: 16369 pred_wrong:131 actu_right: 16371 actu_wrong: 129
2026-07-16 04:08:50,776 P2627372 INFO ----------------------------------------------------------------------------------------------------
2026-07-16 04:08:50,776 P2627372 INFO 193/300 starting... lr: 0.0009000000000000001 para:0.01
2026-07-16 04:08:56,973 P2627372 INFO Epoch 193/300, all_loss:0.00030 cls_loss:0.00001 rec_loss:0.02973 [6.20s]; best loss:0.00028, patience : 1
2026-07-16 04:08:59,136 P2627372 INFO pr:0.9867  rc:0.9370  auc:0.9787 ap:0.9814 f1: 0.9612 pred_right: 38623 pred_wrong:377 actu_right: 38603 actu_wrong: 397
2026-07-16 04:09:00,089 P2627372 INFO pr:0.9389  rc:0.9535  auc:0.9864 ap:0.9827 f1: 0.9462 pred_right: 16369 pred_wrong:131 actu_right: 16371 actu_wrong: 129
2026-07-16 04:09:00,089 P2627372 INFO ----------------------------------------------------------------------------------------------------
2026-07-16 04:09:00,090 P2627372 INFO 194/300 starting... lr: 0.0009000000000000001 para:0.01
2026-07-16 04:09:06,127 P2627372 INFO Epoch 194/300, all_loss:0.00028 cls_loss:0.00000 rec_loss:0.02800 [6.04s]; best loss:0.00028, patience : 1
2026-07-16 04:09:07,860 P2627372 INFO pr:0.9868  rc:0.9395  auc:0.9792 ap:0.9815 f1: 0.9626 pred_right: 38622 pred_wrong:378 actu_right: 38603 actu_wrong: 397
2026-07-16 04:09:08,624 P2627372 INFO pr:0.9389  rc:0.9535  auc:0.9863 ap:0.9788 f1: 0.9462 pred_right: 16369 pred_wrong:131 actu_right: 16371 actu_wrong: 129
2026-07-16 04:09:08,624 P2627372 INFO ----------------------------------------------------------------------------------------------------
2026-07-16 04:09:08,624 P2627372 INFO 195/300 starting... lr: 0.0009000000000000001 para:0.01
2026-07-16 04:09:14,433 P2627372 INFO Epoch 195/300, all_loss:0.00028 cls_loss:0.00000 rec_loss:0.02739 [5.81s]; best loss:0.00028, patience : 1
2026-07-16 04:09:18,013 P2627372 INFO pr:0.9841  rc:0.9370  auc:0.9789 ap:0.9815 f1: 0.9600 pred_right: 38622 pred_wrong:378 actu_right: 38603 actu_wrong: 397
2026-07-16 04:09:19,571 P2627372 INFO pr:0.9323  rc:0.9612  auc:0.9883 ap:0.9828 f1: 0.9466 pred_right: 16367 pred_wrong:133 actu_right: 16371 actu_wrong: 129
2026-07-16 04:09:19,572 P2627372 INFO ----------------------------------------------------------------------------------------------------
2026-07-16 04:09:19,572 P2627372 INFO 196/300 starting... lr: 0.0009000000000000001 para:0.01
2026-07-16 04:09:31,111 P2627372 INFO Epoch 196/300, all_loss:0.00027 cls_loss:0.00000 rec_loss:0.02686 [11.54s]; best loss:0.00027, patience : 0
2026-07-16 04:09:33,582 P2627372 INFO pr:0.9868  rc:0.9395  auc:0.9792 ap:0.9815 f1: 0.9626 pred_right: 38622 pred_wrong:378 actu_right: 38603 actu_wrong: 397
2026-07-16 04:09:34,551 P2627372 INFO pr:0.9389  rc:0.9535  auc:0.9863 ap:0.9789 f1: 0.9462 pred_right: 16369 pred_wrong:131 actu_right: 16371 actu_wrong: 129
2026-07-16 04:09:34,552 P2627372 INFO ----------------------------------------------------------------------------------------------------
2026-07-16 04:09:34,552 P2627372 INFO 197/300 starting... lr: 0.0009000000000000001 para:0.01
2026-07-16 04:09:40,959 P2627372 INFO Epoch 197/300, all_loss:0.00026 cls_loss:0.00000 rec_loss:0.02580 [6.40s]; best loss:0.00026, patience : 0
2026-07-16 04:09:43,226 P2627372 INFO pr:0.9867  rc:0.9394  auc:0.9791 ap:0.9815 f1: 0.9625 pred_right: 38623 pred_wrong:377 actu_right: 38604 actu_wrong: 396
2026-07-16 04:09:44,150 P2627372 INFO pr:0.9394  rc:0.9612  auc:0.9863 ap:0.9789 f1: 0.9502 pred_right: 16368 pred_wrong:132 actu_right: 16371 actu_wrong: 129
2026-07-16 04:09:44,150 P2627372 INFO ----------------------------------------------------------------------------------------------------
2026-07-16 04:09:44,150 P2627372 INFO 198/300 starting... lr: 0.0009000000000000001 para:0.01
2026-07-16 04:09:50,697 P2627372 INFO Epoch 198/300, all_loss:0.00027 cls_loss:0.00000 rec_loss:0.02673 [6.55s]; best loss:0.00026, patience : 1
2026-07-16 04:09:53,010 P2627372 INFO pr:0.9842  rc:0.9395  auc:0.9792 ap:0.9816 f1: 0.9613 pred_right: 38621 pred_wrong:379 actu_right: 38603 actu_wrong: 397
2026-07-16 04:09:54,068 P2627372 INFO pr:0.9254  rc:0.9612  auc:0.9863 ap:0.9790 f1: 0.9430 pred_right: 16366 pred_wrong:134 actu_right: 16371 actu_wrong: 129
2026-07-16 04:09:54,069 P2627372 INFO ----------------------------------------------------------------------------------------------------
2026-07-16 04:09:54,069 P2627372 INFO 199/300 starting... lr: 0.0009000000000000001 para:0.01
2026-07-16 04:10:00,444 P2627372 INFO Epoch 199/300, all_loss:0.00026 cls_loss:0.00000 rec_loss:0.02580 [6.37s]; best loss:0.00026, patience : 0
2026-07-16 04:10:02,819 P2627372 INFO pr:0.9867  rc:0.9370  auc:0.9784 ap:0.9813 f1: 0.9612 pred_right: 38623 pred_wrong:377 actu_right: 38603 actu_wrong: 397
2026-07-16 04:10:03,855 P2627372 INFO pr:0.9389  rc:0.9535  auc:0.9864 ap:0.9827 f1: 0.9462 pred_right: 16369 pred_wrong:131 actu_right: 16371 actu_wrong: 129
2026-07-16 04:10:03,855 P2627372 INFO ----------------------------------------------------------------------------------------------------
2026-07-16 04:10:03,855 P2627372 INFO 200/300 starting... lr: 0.0008100000000000001 para:0.01
2026-07-16 04:10:10,291 P2627372 INFO Epoch 200/300, all_loss:0.00024 cls_loss:0.00000 rec_loss:0.02394 [6.43s]; best loss:0.00024, patience : 0
2026-07-16 04:10:12,845 P2627372 INFO pr:0.9868  rc:0.9419  auc:0.9798 ap:0.9824 f1: 0.9638 pred_right: 38622 pred_wrong:378 actu_right: 38604 actu_wrong: 396
2026-07-16 04:10:13,910 P2627372 INFO pr:0.9389  rc:0.9535  auc:0.9863 ap:0.9790 f1: 0.9462 pred_right: 16369 pred_wrong:131 actu_right: 16371 actu_wrong: 129
2026-07-16 04:10:13,911 P2627372 INFO ----------------------------------------------------------------------------------------------------
2026-07-16 04:10:13,918 P2627372 INFO 201/300 starting... lr: 0.0008100000000000001 para:0.01
2026-07-16 04:10:20,192 P2627372 INFO Epoch 201/300, all_loss:0.00028 cls_loss:0.00000 rec_loss:0.02759 [6.27s]; best loss:0.00024, patience : 1
2026-07-16 04:10:22,271 P2627372 INFO pr:0.9868  rc:0.9395  auc:0.9790 ap:0.9814 f1: 0.9626 pred_right: 38622 pred_wrong:378 actu_right: 38603 actu_wrong: 397
2026-07-16 04:10:23,252 P2627372 INFO pr:0.9254  rc:0.9612  auc:0.9863 ap:0.9790 f1: 0.9430 pred_right: 16366 pred_wrong:134 actu_right: 16371 actu_wrong: 129
2026-07-16 04:10:23,253 P2627372 INFO ----------------------------------------------------------------------------------------------------
2026-07-16 04:10:23,253 P2627372 INFO 202/300 starting... lr: 0.0008100000000000001 para:0.01
2026-07-16 04:10:29,822 P2627372 INFO Epoch 202/300, all_loss:0.00025 cls_loss:0.00000 rec_loss:0.02425 [6.57s]; best loss:0.00024, patience : 1
2026-07-16 04:10:32,225 P2627372 INFO pr:0.9868  rc:0.9395  auc:0.9788 ap:0.9814 f1: 0.9626 pred_right: 38622 pred_wrong:378 actu_right: 38603 actu_wrong: 397
2026-07-16 04:10:33,338 P2627372 INFO pr:0.9323  rc:0.9612  auc:0.9863 ap:0.9790 f1: 0.9466 pred_right: 16367 pred_wrong:133 actu_right: 16371 actu_wrong: 129
2026-07-16 04:10:33,339 P2627372 INFO ----------------------------------------------------------------------------------------------------
2026-07-16 04:10:33,339 P2627372 INFO 203/300 starting... lr: 0.0008100000000000001 para:0.01
2026-07-16 04:10:39,574 P2627372 INFO Epoch 203/300, all_loss:0.00026 cls_loss:0.00000 rec_loss:0.02534 [6.23s]; best loss:0.00024, patience : 2
2026-07-16 04:10:41,348 P2627372 INFO pr:0.9867  rc:0.9370  auc:0.9784 ap:0.9811 f1: 0.9612 pred_right: 38623 pred_wrong:377 actu_right: 38603 actu_wrong: 397
2026-07-16 04:10:42,164 P2627372 INFO pr:0.9389  rc:0.9535  auc:0.9863 ap:0.9789 f1: 0.9462 pred_right: 16369 pred_wrong:131 actu_right: 16371 actu_wrong: 129
2026-07-16 04:10:42,165 P2627372 INFO ----------------------------------------------------------------------------------------------------
2026-07-16 04:10:42,165 P2627372 INFO 204/300 starting... lr: 0.0008100000000000001 para:0.01
2026-07-16 04:10:48,358 P2627372 INFO Epoch 204/300, all_loss:0.00024 cls_loss:0.00000 rec_loss:0.02389 [6.19s]; best loss:0.00024, patience : 0
2026-07-16 04:10:53,154 P2627372 INFO pr:0.9868  rc:0.9395  auc:0.9784 ap:0.9812 f1: 0.9626 pred_right: 38622 pred_wrong:378 actu_right: 38603 actu_wrong: 397
2026-07-16 04:10:54,820 P2627372 INFO pr:0.9318  rc:0.9535  auc:0.9863 ap:0.9790 f1: 0.9425 pred_right: 16368 pred_wrong:132 actu_right: 16371 actu_wrong: 129
2026-07-16 04:10:54,821 P2627372 INFO ----------------------------------------------------------------------------------------------------
2026-07-16 04:10:54,822 P2627372 INFO 205/300 starting... lr: 0.0008100000000000001 para:0.01
2026-07-16 04:11:04,893 P2627372 INFO Epoch 205/300, all_loss:0.00024 cls_loss:0.00000 rec_loss:0.02369 [10.07s]; best loss:0.00024, patience : 0
2026-07-16 04:11:07,092 P2627372 INFO pr:0.9867  rc:0.9370  auc:0.9782 ap:0.9811 f1: 0.9612 pred_right: 38623 pred_wrong:377 actu_right: 38603 actu_wrong: 397
2026-07-16 04:11:07,996 P2627372 INFO pr:0.9389  rc:0.9535  auc:0.9863 ap:0.9789 f1: 0.9462 pred_right: 16369 pred_wrong:131 actu_right: 16371 actu_wrong: 129
2026-07-16 04:11:07,997 P2627372 INFO ----------------------------------------------------------------------------------------------------
2026-07-16 04:11:07,997 P2627372 INFO 206/300 starting... lr: 0.0008100000000000001 para:0.01
2026-07-16 04:11:14,430 P2627372 INFO Epoch 206/300, all_loss:0.00025 cls_loss:0.00000 rec_loss:0.02434 [6.43s]; best loss:0.00024, patience : 1
2026-07-16 04:11:16,783 P2627372 INFO pr:0.9867  rc:0.9370  auc:0.9777 ap:0.9810 f1: 0.9612 pred_right: 38623 pred_wrong:377 actu_right: 38603 actu_wrong: 397
2026-07-16 04:11:17,640 P2627372 INFO pr:0.9389  rc:0.9535  auc:0.9864 ap:0.9829 f1: 0.9462 pred_right: 16369 pred_wrong:131 actu_right: 16371 actu_wrong: 129
2026-07-16 04:11:17,641 P2627372 INFO ----------------------------------------------------------------------------------------------------
2026-07-16 04:11:17,641 P2627372 INFO 207/300 starting... lr: 0.0008100000000000001 para:0.01
2026-07-16 04:11:23,768 P2627372 INFO Epoch 207/300, all_loss:0.00023 cls_loss:0.00000 rec_loss:0.02276 [6.12s]; best loss:0.00023, patience : 0
2026-07-16 04:11:26,121 P2627372 INFO pr:0.9868  rc:0.9395  auc:0.9791 ap:0.9814 f1: 0.9626 pred_right: 38622 pred_wrong:378 actu_right: 38603 actu_wrong: 397
2026-07-16 04:11:27,177 P2627372 INFO pr:0.9323  rc:0.9612  auc:0.9863 ap:0.9790 f1: 0.9466 pred_right: 16367 pred_wrong:133 actu_right: 16371 actu_wrong: 129
2026-07-16 04:11:27,178 P2627372 INFO ----------------------------------------------------------------------------------------------------
2026-07-16 04:11:27,178 P2627372 INFO 208/300 starting... lr: 0.0008100000000000001 para:0.01
2026-07-16 04:11:33,447 P2627372 INFO Epoch 208/300, all_loss:0.00025 cls_loss:0.00000 rec_loss:0.02438 [6.27s]; best loss:0.00023, patience : 1
2026-07-16 04:11:35,864 P2627372 INFO pr:0.9868  rc:0.9395  auc:0.9785 ap:0.9812 f1: 0.9626 pred_right: 38622 pred_wrong:378 actu_right: 38603 actu_wrong: 397
2026-07-16 04:11:36,743 P2627372 INFO pr:0.9389  rc:0.9535  auc:0.9863 ap:0.9790 f1: 0.9462 pred_right: 16369 pred_wrong:131 actu_right: 16371 actu_wrong: 129
2026-07-16 04:11:36,744 P2627372 INFO ----------------------------------------------------------------------------------------------------
2026-07-16 04:11:36,744 P2627372 INFO 209/300 starting... lr: 0.0008100000000000001 para:0.01
2026-07-16 04:11:43,354 P2627372 INFO Epoch 209/300, all_loss:0.00022 cls_loss:0.00000 rec_loss:0.02172 [6.61s]; best loss:0.00022, patience : 0
2026-07-16 04:11:45,634 P2627372 INFO pr:0.9867  rc:0.9370  auc:0.9769 ap:0.9810 f1: 0.9612 pred_right: 38623 pred_wrong:377 actu_right: 38603 actu_wrong: 397
2026-07-16 04:11:46,626 P2627372 INFO pr:0.9462  rc:0.9535  auc:0.9863 ap:0.9789 f1: 0.9498 pred_right: 16370 pred_wrong:130 actu_right: 16371 actu_wrong: 129
2026-07-16 04:11:46,627 P2627372 INFO ----------------------------------------------------------------------------------------------------
2026-07-16 04:11:46,627 P2627372 INFO 210/300 starting... lr: 0.0008100000000000001 para:0.01
2026-07-16 04:11:53,118 P2627372 INFO Epoch 210/300, all_loss:0.28953 cls_loss:0.29221 rec_loss:0.02389 [6.49s]; best loss:0.00022, patience : 1
2026-07-16 04:11:55,311 P2627372 INFO pr:0.9862  rc:0.8992  auc:0.9713 ap:0.9725 f1: 0.9407 pred_right: 38638 pred_wrong:362 actu_right: 38603 actu_wrong: 397
2026-07-16 04:11:56,260 P2627372 INFO pr:0.9313  rc:0.9457  auc:0.9790 ap:0.9593 f1: 0.9385 pred_right: 16369 pred_wrong:131 actu_right: 16371 actu_wrong: 129
2026-07-16 04:11:56,261 P2627372 INFO ----------------------------------------------------------------------------------------------------
2026-07-16 04:11:56,261 P2627372 INFO 211/300 starting... lr: 0.0008100000000000001 para:0.01
2026-07-16 04:12:02,768 P2627372 INFO Epoch 211/300, all_loss:0.55307 cls_loss:0.55802 rec_loss:0.06270 [6.51s]; best loss:0.00022, patience : 2
2026-07-16 04:12:05,332 P2627372 INFO pr:0.9521  rc:0.9521  auc:0.9838 ap:0.9694 f1: 0.9521 pred_right: 38603 pred_wrong:397 actu_right: 38603 actu_wrong: 397
2026-07-16 04:12:06,463 P2627372 INFO pr:0.8649  rc:0.9922  auc:0.9998 ap:0.9720 f1: 0.9242 pred_right: 16352 pred_wrong:148 actu_right: 16371 actu_wrong: 129
2026-07-16 04:12:06,463 P2627372 INFO ----------------------------------------------------------------------------------------------------
2026-07-16 04:12:06,463 P2627372 INFO 212/300 starting... lr: 0.0008100000000000001 para:0.01
2026-07-16 04:12:13,152 P2627372 INFO Epoch 212/300, all_loss:0.20076 cls_loss:0.20233 rec_loss:0.04607 [6.69s]; best loss:0.00022, patience : 2
2026-07-16 04:12:14,775 P2627372 INFO pr:0.9889  rc:0.8942  auc:0.9742 ap:0.9771 f1: 0.9392 pred_right: 38641 pred_wrong:359 actu_right: 38603 actu_wrong: 397
2026-07-16 04:12:15,513 P2627372 INFO pr:0.9597  rc:0.9225  auc:0.9843 ap:0.9709 f1: 0.9407 pred_right: 16376 pred_wrong:124 actu_right: 16371 actu_wrong: 129
2026-07-16 04:12:15,514 P2627372 INFO ----------------------------------------------------------------------------------------------------
2026-07-16 04:12:15,514 P2627372 INFO 213/300 starting... lr: 0.0008100000000000001 para:0.01
2026-07-16 04:12:21,280 P2627372 INFO Epoch 213/300, all_loss:0.04867 cls_loss:0.04868 rec_loss:0.04777 [5.77s]; best loss:0.00022, patience : 2
2026-07-16 04:12:23,871 P2627372 INFO pr:0.9866  rc:0.9293  auc:0.9789 ap:0.9790 f1: 0.9571 pred_right: 38627 pred_wrong:373 actu_right: 38604 actu_wrong: 396
2026-07-16 04:12:25,937 P2627372 INFO pr:0.9462  rc:0.9535  auc:0.9901 ap:0.9725 f1: 0.9498 pred_right: 16370 pred_wrong:130 actu_right: 16371 actu_wrong: 129
2026-07-16 04:12:25,938 P2627372 INFO ----------------------------------------------------------------------------------------------------
2026-07-16 04:12:25,939 P2627372 INFO 214/300 starting... lr: 0.0008100000000000001 para:0.01
2026-07-16 04:12:38,180 P2627372 INFO Epoch 214/300, all_loss:0.00073 cls_loss:0.00042 rec_loss:0.03120 [12.24s]; best loss:0.00022, patience : 2
2026-07-16 04:12:40,705 P2627372 INFO pr:0.9867  rc:0.9370  auc:0.9800 ap:0.9782 f1: 0.9612 pred_right: 38623 pred_wrong:377 actu_right: 38603 actu_wrong: 397
2026-07-16 04:12:41,736 P2627372 INFO pr:0.9389  rc:0.9535  auc:0.9921 ap:0.9743 f1: 0.9462 pred_right: 16369 pred_wrong:131 actu_right: 16371 actu_wrong: 129
2026-07-16 04:12:41,736 P2627372 INFO ----------------------------------------------------------------------------------------------------
2026-07-16 04:12:41,736 P2627372 INFO 215/300 starting... lr: 0.0008100000000000001 para:0.01
2026-07-16 04:12:48,195 P2627372 INFO Epoch 215/300, all_loss:0.00181 cls_loss:0.00152 rec_loss:0.03061 [6.46s]; best loss:0.00022, patience : 3
2026-07-16 04:12:50,433 P2627372 INFO pr:0.9593  rc:0.9496  auc:0.9813 ap:0.9753 f1: 0.9544 pred_right: 38607 pred_wrong:393 actu_right: 38603 actu_wrong: 397
2026-07-16 04:12:51,308 P2627372 INFO pr:0.8571  rc:0.9767  auc:0.9940 ap:0.9678 f1: 0.9130 pred_right: 16353 pred_wrong:147 actu_right: 16371 actu_wrong: 129
2026-07-16 04:12:51,309 P2627372 INFO ----------------------------------------------------------------------------------------------------
2026-07-16 04:12:51,309 P2627372 INFO 216/300 starting... lr: 0.0008100000000000001 para:0.01
2026-07-16 04:12:57,759 P2627372 INFO Epoch 216/300, all_loss:0.00065 cls_loss:0.00035 rec_loss:0.03098 [6.45s]; best loss:0.00022, patience : 3
2026-07-16 04:13:00,224 P2627372 INFO pr:0.9868  rc:0.9419  auc:0.9789 ap:0.9769 f1: 0.9638 pred_right: 38622 pred_wrong:378 actu_right: 38604 actu_wrong: 396
2026-07-16 04:13:01,294 P2627372 INFO pr:0.9328  rc:0.9690  auc:0.9921 ap:0.9716 f1: 0.9506 pred_right: 16366 pred_wrong:134 actu_right: 16371 actu_wrong: 129
2026-07-16 04:13:01,294 P2627372 INFO ----------------------------------------------------------------------------------------------------
2026-07-16 04:13:01,294 P2627372 INFO 217/300 starting... lr: 0.0008100000000000001 para:0.01
2026-07-16 04:13:07,728 P2627372 INFO Epoch 217/300, all_loss:0.00034 cls_loss:0.00004 rec_loss:0.03041 [6.43s]; best loss:0.00022, patience : 3
2026-07-16 04:13:10,070 P2627372 INFO pr:0.9867  rc:0.9345  auc:0.9782 ap:0.9767 f1: 0.9599 pred_right: 38624 pred_wrong:376 actu_right: 38603 actu_wrong: 397
2026-07-16 04:13:11,028 P2627372 INFO pr:0.9389  rc:0.9535  auc:0.9921 ap:0.9748 f1: 0.9462 pred_right: 16369 pred_wrong:131 actu_right: 16371 actu_wrong: 129
2026-07-16 04:13:11,029 P2627372 INFO ----------------------------------------------------------------------------------------------------
2026-07-16 04:13:11,029 P2627372 INFO 218/300 starting... lr: 0.0008100000000000001 para:0.01
2026-07-16 04:13:17,376 P2627372 INFO Epoch 218/300, all_loss:0.00033 cls_loss:0.00003 rec_loss:0.03021 [6.35s]; best loss:0.00022, patience : 3
2026-07-16 04:13:19,963 P2627372 INFO pr:0.9866  rc:0.9293  auc:0.9781 ap:0.9778 f1: 0.9571 pred_right: 38627 pred_wrong:373 actu_right: 38604 actu_wrong: 396
2026-07-16 04:13:21,077 P2627372 INFO pr:0.9389  rc:0.9535  auc:0.9921 ap:0.9744 f1: 0.9462 pred_right: 16369 pred_wrong:131 actu_right: 16371 actu_wrong: 129
2026-07-16 04:13:21,077 P2627372 INFO ----------------------------------------------------------------------------------------------------
2026-07-16 04:13:21,077 P2627372 INFO 219/300 starting... lr: 0.0008100000000000001 para:0.01
2026-07-16 04:13:27,513 P2627372 INFO Epoch 219/300, all_loss:0.00032 cls_loss:0.00003 rec_loss:0.02964 [6.44s]; best loss:0.00022, patience : 3
2026-07-16 04:13:30,035 P2627372 INFO pr:0.9866  rc:0.9318  auc:0.9782 ap:0.9766 f1: 0.9584 pred_right: 38626 pred_wrong:374 actu_right: 38604 actu_wrong: 396
2026-07-16 04:13:31,028 P2627372 INFO pr:0.9389  rc:0.9535  auc:0.9921 ap:0.9746 f1: 0.9462 pred_right: 16369 pred_wrong:131 actu_right: 16371 actu_wrong: 129
2026-07-16 04:13:31,029 P2627372 INFO ----------------------------------------------------------------------------------------------------
2026-07-16 04:13:31,029 P2627372 INFO 220/300 starting... lr: 0.0008100000000000001 para:0.01
2026-07-16 04:13:37,312 P2627372 INFO Epoch 220/300, all_loss:0.00032 cls_loss:0.00002 rec_loss:0.02929 [6.28s]; best loss:0.00022, patience : 3
2026-07-16 04:13:39,489 P2627372 INFO pr:0.9866  rc:0.9318  auc:0.9782 ap:0.9766 f1: 0.9584 pred_right: 38626 pred_wrong:374 actu_right: 38604 actu_wrong: 396
2026-07-16 04:13:40,378 P2627372 INFO pr:0.9389  rc:0.9535  auc:0.9921 ap:0.9748 f1: 0.9462 pred_right: 16369 pred_wrong:131 actu_right: 16371 actu_wrong: 129
2026-07-16 04:13:40,378 P2627372 INFO ----------------------------------------------------------------------------------------------------
2026-07-16 04:13:40,378 P2627372 INFO 221/300 starting... lr: 0.0008100000000000001 para:0.01
2026-07-16 04:13:47,495 P2627372 INFO Epoch 221/300, all_loss:0.00031 cls_loss:0.00002 rec_loss:0.02894 [7.12s]; best loss:0.00022, patience : 3
2026-07-16 04:13:49,098 P2627372 INFO pr:0.9866  rc:0.9318  auc:0.9782 ap:0.9766 f1: 0.9584 pred_right: 38626 pred_wrong:374 actu_right: 38604 actu_wrong: 396
2026-07-16 04:13:49,780 P2627372 INFO pr:0.9389  rc:0.9535  auc:0.9921 ap:0.9748 f1: 0.9462 pred_right: 16369 pred_wrong:131 actu_right: 16371 actu_wrong: 129
2026-07-16 04:13:49,780 P2627372 INFO ----------------------------------------------------------------------------------------------------
2026-07-16 04:13:49,780 P2627372 INFO 222/300 starting... lr: 0.0008100000000000001 para:0.01
2026-07-16 04:13:55,699 P2627372 INFO Epoch 222/300, all_loss:0.00031 cls_loss:0.00002 rec_loss:0.02851 [5.92s]; best loss:0.00022, patience : 3
2026-07-16 04:13:58,240 P2627372 INFO pr:0.9867  rc:0.9320  auc:0.9782 ap:0.9766 f1: 0.9585 pred_right: 38625 pred_wrong:375 actu_right: 38603 actu_wrong: 397
2026-07-16 04:13:59,763 P2627372 INFO pr:0.9389  rc:0.9535  auc:0.9921 ap:0.9748 f1: 0.9462 pred_right: 16369 pred_wrong:131 actu_right: 16371 actu_wrong: 129
2026-07-16 04:13:59,764 P2627372 INFO ----------------------------------------------------------------------------------------------------
2026-07-16 04:13:59,764 P2627372 INFO 223/300 starting... lr: 0.0008100000000000001 para:0.01
2026-07-16 04:14:11,680 P2627372 INFO Epoch 223/300, all_loss:0.00030 cls_loss:0.00002 rec_loss:0.02803 [11.91s]; best loss:0.00022, patience : 3
2026-07-16 04:14:14,122 P2627372 INFO pr:0.9867  rc:0.9320  auc:0.9783 ap:0.9766 f1: 0.9585 pred_right: 38625 pred_wrong:375 actu_right: 38603 actu_wrong: 397
2026-07-16 04:14:15,261 P2627372 INFO pr:0.9389  rc:0.9535  auc:0.9921 ap:0.9747 f1: 0.9462 pred_right: 16369 pred_wrong:131 actu_right: 16371 actu_wrong: 129
2026-07-16 04:14:15,262 P2627372 INFO ----------------------------------------------------------------------------------------------------
2026-07-16 04:14:15,262 P2627372 INFO 224/300 starting... lr: 0.0008100000000000001 para:0.01
2026-07-16 04:14:21,689 P2627372 INFO Epoch 224/300, all_loss:0.00029 cls_loss:0.00002 rec_loss:0.02766 [6.43s]; best loss:0.00022, patience : 3
2026-07-16 04:14:23,955 P2627372 INFO pr:0.9866  rc:0.9295  auc:0.9782 ap:0.9766 f1: 0.9572 pred_right: 38626 pred_wrong:374 actu_right: 38603 actu_wrong: 397
2026-07-16 04:14:25,000 P2627372 INFO pr:0.9389  rc:0.9535  auc:0.9921 ap:0.9745 f1: 0.9462 pred_right: 16369 pred_wrong:131 actu_right: 16371 actu_wrong: 129
2026-07-16 04:14:25,001 P2627372 INFO ----------------------------------------------------------------------------------------------------
2026-07-16 04:14:25,001 P2627372 INFO 225/300 starting... lr: 0.0008100000000000001 para:0.01
2026-07-16 04:14:31,426 P2627372 INFO Epoch 225/300, all_loss:0.00029 cls_loss:0.00002 rec_loss:0.02726 [6.43s]; best loss:0.00022, patience : 3
2026-07-16 04:14:33,983 P2627372 INFO pr:0.9867  rc:0.9320  auc:0.9783 ap:0.9766 f1: 0.9585 pred_right: 38625 pred_wrong:375 actu_right: 38603 actu_wrong: 397
2026-07-16 04:14:34,987 P2627372 INFO pr:0.9389  rc:0.9535  auc:0.9921 ap:0.9747 f1: 0.9462 pred_right: 16369 pred_wrong:131 actu_right: 16371 actu_wrong: 129
2026-07-16 04:14:34,988 P2627372 INFO ----------------------------------------------------------------------------------------------------
2026-07-16 04:14:34,988 P2627372 INFO 226/300 starting... lr: 0.0008100000000000001 para:0.01
2026-07-16 04:14:41,391 P2627372 INFO Epoch 226/300, all_loss:0.00028 cls_loss:0.00001 rec_loss:0.02688 [6.40s]; best loss:0.00022, patience : 3
2026-07-16 04:14:43,900 P2627372 INFO pr:0.9867  rc:0.9320  auc:0.9783 ap:0.9766 f1: 0.9585 pred_right: 38625 pred_wrong:375 actu_right: 38603 actu_wrong: 397
2026-07-16 04:14:44,918 P2627372 INFO pr:0.9389  rc:0.9535  auc:0.9921 ap:0.9747 f1: 0.9462 pred_right: 16369 pred_wrong:131 actu_right: 16371 actu_wrong: 129
2026-07-16 04:14:44,918 P2627372 INFO ----------------------------------------------------------------------------------------------------
2026-07-16 04:14:44,919 P2627372 INFO 227/300 starting... lr: 0.0008100000000000001 para:0.01
2026-07-16 04:14:51,315 P2627372 INFO Epoch 227/300, all_loss:0.00028 cls_loss:0.00002 rec_loss:0.02647 [6.40s]; best loss:0.00022, patience : 3
2026-07-16 04:14:53,532 P2627372 INFO pr:0.9866  rc:0.9295  auc:0.9783 ap:0.9766 f1: 0.9572 pred_right: 38626 pred_wrong:374 actu_right: 38603 actu_wrong: 397
2026-07-16 04:14:54,718 P2627372 INFO pr:0.9389  rc:0.9535  auc:0.9921 ap:0.9746 f1: 0.9462 pred_right: 16369 pred_wrong:131 actu_right: 16371 actu_wrong: 129
2026-07-16 04:14:54,718 P2627372 INFO ----------------------------------------------------------------------------------------------------
2026-07-16 04:14:54,718 P2627372 INFO 228/300 starting... lr: 0.0008100000000000001 para:0.01
2026-07-16 04:15:01,291 P2627372 INFO Epoch 228/300, all_loss:0.00027 cls_loss:0.00001 rec_loss:0.02602 [6.57s]; best loss:0.00022, patience : 3
2026-07-16 04:15:03,730 P2627372 INFO pr:0.9866  rc:0.9295  auc:0.9783 ap:0.9766 f1: 0.9572 pred_right: 38626 pred_wrong:374 actu_right: 38603 actu_wrong: 397
2026-07-16 04:15:04,796 P2627372 INFO pr:0.9389  rc:0.9535  auc:0.9921 ap:0.9746 f1: 0.9462 pred_right: 16369 pred_wrong:131 actu_right: 16371 actu_wrong: 129
2026-07-16 04:15:04,797 P2627372 INFO ----------------------------------------------------------------------------------------------------
2026-07-16 04:15:04,797 P2627372 INFO 229/300 starting... lr: 0.0008100000000000001 para:0.01
2026-07-16 04:15:11,269 P2627372 INFO Epoch 229/300, all_loss:0.00027 cls_loss:0.00001 rec_loss:0.02571 [6.47s]; best loss:0.00022, patience : 3
2026-07-16 04:15:13,706 P2627372 INFO pr:0.9866  rc:0.9295  auc:0.9783 ap:0.9778 f1: 0.9572 pred_right: 38626 pred_wrong:374 actu_right: 38603 actu_wrong: 397
2026-07-16 04:15:14,744 P2627372 INFO pr:0.9389  rc:0.9535  auc:0.9921 ap:0.9746 f1: 0.9462 pred_right: 16369 pred_wrong:131 actu_right: 16371 actu_wrong: 129
2026-07-16 04:15:14,744 P2627372 INFO ----------------------------------------------------------------------------------------------------
2026-07-16 04:15:14,745 P2627372 INFO 230/300 starting... lr: 0.0008100000000000001 para:0.01
2026-07-16 04:15:21,114 P2627372 INFO Epoch 230/300, all_loss:0.00026 cls_loss:0.00001 rec_loss:0.02524 [6.37s]; best loss:0.00022, patience : 3
2026-07-16 04:15:22,909 P2627372 INFO pr:0.9866  rc:0.9295  auc:0.9783 ap:0.9766 f1: 0.9572 pred_right: 38626 pred_wrong:374 actu_right: 38603 actu_wrong: 397
2026-07-16 04:15:23,779 P2627372 INFO pr:0.9389  rc:0.9535  auc:0.9921 ap:0.9746 f1: 0.9462 pred_right: 16369 pred_wrong:131 actu_right: 16371 actu_wrong: 129
2026-07-16 04:15:23,780 P2627372 INFO ----------------------------------------------------------------------------------------------------
2026-07-16 04:15:23,780 P2627372 INFO 231/300 starting... lr: 0.0008100000000000001 para:0.01
2026-07-16 04:15:29,888 P2627372 INFO Epoch 231/300, all_loss:0.00026 cls_loss:0.00001 rec_loss:0.02495 [6.11s]; best loss:0.00022, patience : 3
2026-07-16 04:15:34,483 P2627372 INFO pr:0.9867  rc:0.9320  auc:0.9783 ap:0.9779 f1: 0.9585 pred_right: 38625 pred_wrong:375 actu_right: 38603 actu_wrong: 397
2026-07-16 04:15:36,662 P2627372 INFO pr:0.9389  rc:0.9535  auc:0.9921 ap:0.9746 f1: 0.9462 pred_right: 16369 pred_wrong:131 actu_right: 16371 actu_wrong: 129
2026-07-16 04:15:36,663 P2627372 INFO ----------------------------------------------------------------------------------------------------
2026-07-16 04:15:36,663 P2627372 INFO 232/300 starting... lr: 0.0008100000000000001 para:0.01
2026-07-16 04:15:46,678 P2627372 INFO Epoch 232/300, all_loss:0.00026 cls_loss:0.00001 rec_loss:0.02461 [10.01s]; best loss:0.00022, patience : 3
2026-07-16 04:15:49,178 P2627372 INFO pr:0.9867  rc:0.9320  auc:0.9783 ap:0.9779 f1: 0.9585 pred_right: 38625 pred_wrong:375 actu_right: 38603 actu_wrong: 397
2026-07-16 04:15:50,115 P2627372 INFO pr:0.9389  rc:0.9535  auc:0.9921 ap:0.9746 f1: 0.9462 pred_right: 16369 pred_wrong:131 actu_right: 16371 actu_wrong: 129
2026-07-16 04:15:50,115 P2627372 INFO ----------------------------------------------------------------------------------------------------
2026-07-16 04:15:50,115 P2627372 INFO 233/300 starting... lr: 0.0008100000000000001 para:0.01
2026-07-16 04:15:56,518 P2627372 INFO Epoch 233/300, all_loss:0.00025 cls_loss:0.00001 rec_loss:0.02426 [6.40s]; best loss:0.00022, patience : 3
2026-07-16 04:15:58,950 P2627372 INFO pr:0.9866  rc:0.9318  auc:0.9783 ap:0.9778 f1: 0.9584 pred_right: 38626 pred_wrong:374 actu_right: 38604 actu_wrong: 396
2026-07-16 04:16:00,002 P2627372 INFO pr:0.9389  rc:0.9535  auc:0.9921 ap:0.9711 f1: 0.9462 pred_right: 16369 pred_wrong:131 actu_right: 16371 actu_wrong: 129
2026-07-16 04:16:00,002 P2627372 INFO ----------------------------------------------------------------------------------------------------
2026-07-16 04:16:00,010 P2627372 INFO 234/300 starting... lr: 0.0008100000000000001 para:0.01
2026-07-16 04:16:06,548 P2627372 INFO Epoch 234/300, all_loss:0.00025 cls_loss:0.00001 rec_loss:0.02381 [6.54s]; best loss:0.00022, patience : 3
2026-07-16 04:16:09,079 P2627372 INFO pr:0.9866  rc:0.9318  auc:0.9783 ap:0.9778 f1: 0.9584 pred_right: 38626 pred_wrong:374 actu_right: 38604 actu_wrong: 396
2026-07-16 04:16:10,088 P2627372 INFO pr:0.9389  rc:0.9535  auc:0.9921 ap:0.9746 f1: 0.9462 pred_right: 16369 pred_wrong:131 actu_right: 16371 actu_wrong: 129
2026-07-16 04:16:10,089 P2627372 INFO ----------------------------------------------------------------------------------------------------
2026-07-16 04:16:10,089 P2627372 INFO 235/300 starting... lr: 0.0008100000000000001 para:0.01
2026-07-16 04:16:16,491 P2627372 INFO Epoch 235/300, all_loss:0.00025 cls_loss:0.00001 rec_loss:0.02361 [6.40s]; best loss:0.00022, patience : 3
2026-07-16 04:16:18,705 P2627372 INFO pr:0.9867  rc:0.9320  auc:0.9784 ap:0.9779 f1: 0.9585 pred_right: 38625 pred_wrong:375 actu_right: 38603 actu_wrong: 397
2026-07-16 04:16:19,637 P2627372 INFO pr:0.9389  rc:0.9535  auc:0.9921 ap:0.9711 f1: 0.9462 pred_right: 16369 pred_wrong:131 actu_right: 16371 actu_wrong: 129
2026-07-16 04:16:19,638 P2627372 INFO ----------------------------------------------------------------------------------------------------
2026-07-16 04:16:19,638 P2627372 INFO 236/300 starting... lr: 0.0008100000000000001 para:0.01
2026-07-16 04:16:26,073 P2627372 INFO Epoch 236/300, all_loss:0.00024 cls_loss:0.00001 rec_loss:0.02329 [6.43s]; best loss:0.00022, patience : 3
2026-07-16 04:16:28,507 P2627372 INFO pr:0.9867  rc:0.9320  auc:0.9784 ap:0.9779 f1: 0.9585 pred_right: 38625 pred_wrong:375 actu_right: 38603 actu_wrong: 397
2026-07-16 04:16:29,446 P2627372 INFO pr:0.9389  rc:0.9535  auc:0.9921 ap:0.9711 f1: 0.9462 pred_right: 16369 pred_wrong:131 actu_right: 16371 actu_wrong: 129
2026-07-16 04:16:29,446 P2627372 INFO ----------------------------------------------------------------------------------------------------
2026-07-16 04:16:29,447 P2627372 INFO 237/300 starting... lr: 0.0008100000000000001 para:0.01
2026-07-16 04:16:35,797 P2627372 INFO Epoch 237/300, all_loss:0.00024 cls_loss:0.00001 rec_loss:0.02291 [6.35s]; best loss:0.00022, patience : 3
2026-07-16 04:16:37,960 P2627372 INFO pr:0.9866  rc:0.9318  auc:0.9783 ap:0.9778 f1: 0.9584 pred_right: 38626 pred_wrong:374 actu_right: 38604 actu_wrong: 396
2026-07-16 04:16:38,958 P2627372 INFO pr:0.9389  rc:0.9535  auc:0.9921 ap:0.9746 f1: 0.9462 pred_right: 16369 pred_wrong:131 actu_right: 16371 actu_wrong: 129
2026-07-16 04:16:38,959 P2627372 INFO ----------------------------------------------------------------------------------------------------
2026-07-16 04:16:38,959 P2627372 INFO 238/300 starting... lr: 0.0008100000000000001 para:0.01
2026-07-16 04:16:45,219 P2627372 INFO Epoch 238/300, all_loss:0.00024 cls_loss:0.00001 rec_loss:0.02281 [6.26s]; best loss:0.00022, patience : 3
2026-07-16 04:16:47,579 P2627372 INFO pr:0.9867  rc:0.9320  auc:0.9785 ap:0.9779 f1: 0.9585 pred_right: 38625 pred_wrong:375 actu_right: 38603 actu_wrong: 397
2026-07-16 04:16:48,432 P2627372 INFO pr:0.9389  rc:0.9535  auc:0.9921 ap:0.9711 f1: 0.9462 pred_right: 16369 pred_wrong:131 actu_right: 16371 actu_wrong: 129
2026-07-16 04:16:48,432 P2627372 INFO ----------------------------------------------------------------------------------------------------
2026-07-16 04:16:48,439 P2627372 INFO 239/300 starting... lr: 0.0008100000000000001 para:0.01
2026-07-16 04:16:55,313 P2627372 INFO Epoch 239/300, all_loss:0.00023 cls_loss:0.00001 rec_loss:0.02246 [6.87s]; best loss:0.00022, patience : 3
2026-07-16 04:16:56,958 P2627372 INFO pr:0.9867  rc:0.9320  auc:0.9784 ap:0.9779 f1: 0.9585 pred_right: 38625 pred_wrong:375 actu_right: 38603 actu_wrong: 397
2026-07-16 04:16:57,756 P2627372 INFO pr:0.9389  rc:0.9535  auc:0.9921 ap:0.9746 f1: 0.9462 pred_right: 16369 pred_wrong:131 actu_right: 16371 actu_wrong: 129
2026-07-16 04:16:57,757 P2627372 INFO ----------------------------------------------------------------------------------------------------
2026-07-16 04:16:57,757 P2627372 INFO 240/300 starting... lr: 0.0008100000000000001 para:0.01
2026-07-16 04:17:03,651 P2627372 INFO Epoch 240/300, all_loss:0.00023 cls_loss:0.00001 rec_loss:0.02238 [5.89s]; best loss:0.00022, patience : 3
2026-07-16 04:17:07,257 P2627372 INFO pr:0.9866  rc:0.9318  auc:0.9784 ap:0.9779 f1: 0.9584 pred_right: 38626 pred_wrong:374 actu_right: 38604 actu_wrong: 396
2026-07-16 04:17:08,782 P2627372 INFO pr:0.9389  rc:0.9535  auc:0.9921 ap:0.9746 f1: 0.9462 pred_right: 16369 pred_wrong:131 actu_right: 16371 actu_wrong: 129
2026-07-16 04:17:08,783 P2627372 INFO ----------------------------------------------------------------------------------------------------
2026-07-16 04:17:08,783 P2627372 INFO 241/300 starting... lr: 0.0008100000000000001 para:0.01
2026-07-16 04:17:20,344 P2627372 INFO Epoch 241/300, all_loss:0.00023 cls_loss:0.00001 rec_loss:0.02204 [11.56s]; best loss:0.00022, patience : 3
2026-07-16 04:17:22,573 P2627372 INFO pr:0.9867  rc:0.9320  auc:0.9785 ap:0.9780 f1: 0.9585 pred_right: 38625 pred_wrong:375 actu_right: 38603 actu_wrong: 397
2026-07-16 04:17:23,505 P2627372 INFO pr:0.9389  rc:0.9535  auc:0.9921 ap:0.9710 f1: 0.9462 pred_right: 16369 pred_wrong:131 actu_right: 16371 actu_wrong: 129
2026-07-16 04:17:23,505 P2627372 INFO ----------------------------------------------------------------------------------------------------
2026-07-16 04:17:23,506 P2627372 INFO 242/300 starting... lr: 0.0008100000000000001 para:0.01
2026-07-16 04:17:29,872 P2627372 INFO Epoch 242/300, all_loss:0.00022 cls_loss:0.00001 rec_loss:0.02174 [6.37s]; best loss:0.00022, patience : 3
2026-07-16 04:17:32,334 P2627372 INFO pr:0.9866  rc:0.9318  auc:0.9784 ap:0.9779 f1: 0.9584 pred_right: 38626 pred_wrong:374 actu_right: 38604 actu_wrong: 396
2026-07-16 04:17:33,386 P2627372 INFO pr:0.9462  rc:0.9535  auc:0.9921 ap:0.9709 f1: 0.9498 pred_right: 16370 pred_wrong:130 actu_right: 16371 actu_wrong: 129
2026-07-16 04:17:33,387 P2627372 INFO ----------------------------------------------------------------------------------------------------
2026-07-16 04:17:33,387 P2627372 INFO 243/300 starting... lr: 0.0008100000000000001 para:0.01
2026-07-16 04:17:39,688 P2627372 INFO Epoch 243/300, all_loss:0.00022 cls_loss:0.00001 rec_loss:0.02152 [6.30s]; best loss:0.00022, patience : 3
2026-07-16 04:17:42,028 P2627372 INFO pr:0.9867  rc:0.9320  auc:0.9785 ap:0.9780 f1: 0.9585 pred_right: 38625 pred_wrong:375 actu_right: 38603 actu_wrong: 397
2026-07-16 04:17:43,121 P2627372 INFO pr:0.9389  rc:0.9535  auc:0.9921 ap:0.9709 f1: 0.9462 pred_right: 16369 pred_wrong:131 actu_right: 16371 actu_wrong: 129
2026-07-16 04:17:43,122 P2627372 INFO ----------------------------------------------------------------------------------------------------
2026-07-16 04:17:43,122 P2627372 INFO 244/300 starting... lr: 0.0008100000000000001 para:0.01
2026-07-16 04:17:49,437 P2627372 INFO Epoch 244/300, all_loss:0.00022 cls_loss:0.00000 rec_loss:0.02142 [6.31s]; best loss:0.00022, patience : 3
2026-07-16 04:17:51,541 P2627372 INFO pr:0.9867  rc:0.9320  auc:0.9785 ap:0.9780 f1: 0.9585 pred_right: 38625 pred_wrong:375 actu_right: 38603 actu_wrong: 397
2026-07-16 04:17:52,530 P2627372 INFO pr:0.9462  rc:0.9535  auc:0.9901 ap:0.9708 f1: 0.9498 pred_right: 16370 pred_wrong:130 actu_right: 16371 actu_wrong: 129
2026-07-16 04:17:52,531 P2627372 INFO ----------------------------------------------------------------------------------------------------
2026-07-16 04:17:52,531 P2627372 INFO 245/300 starting... lr: 0.0008100000000000001 para:0.01
2026-07-16 04:17:59,109 P2627372 INFO Epoch 245/300, all_loss:0.00022 cls_loss:0.00001 rec_loss:0.02113 [6.57s]; best loss:0.00022, patience : 0
2026-07-16 04:18:01,358 P2627372 INFO pr:0.9867  rc:0.9320  auc:0.9785 ap:0.9781 f1: 0.9585 pred_right: 38625 pred_wrong:375 actu_right: 38603 actu_wrong: 397
2026-07-16 04:18:02,219 P2627372 INFO pr:0.9462  rc:0.9535  auc:0.9901 ap:0.9708 f1: 0.9498 pred_right: 16370 pred_wrong:130 actu_right: 16371 actu_wrong: 129
2026-07-16 04:18:02,219 P2627372 INFO ----------------------------------------------------------------------------------------------------
2026-07-16 04:18:02,219 P2627372 INFO 246/300 starting... lr: 0.0008100000000000001 para:0.01
2026-07-16 04:18:08,662 P2627372 INFO Epoch 246/300, all_loss:0.00021 cls_loss:0.00001 rec_loss:0.02090 [6.44s]; best loss:0.00021, patience : 0
2026-07-16 04:18:10,673 P2627372 INFO pr:0.9867  rc:0.9343  auc:0.9785 ap:0.9781 f1: 0.9598 pred_right: 38625 pred_wrong:375 actu_right: 38604 actu_wrong: 396
2026-07-16 04:18:11,720 P2627372 INFO pr:0.9389  rc:0.9535  auc:0.9921 ap:0.9709 f1: 0.9462 pred_right: 16369 pred_wrong:131 actu_right: 16371 actu_wrong: 129
2026-07-16 04:18:11,721 P2627372 INFO ----------------------------------------------------------------------------------------------------
2026-07-16 04:18:11,721 P2627372 INFO 247/300 starting... lr: 0.0008100000000000001 para:0.01
2026-07-16 04:18:18,095 P2627372 INFO Epoch 247/300, all_loss:0.00021 cls_loss:0.00000 rec_loss:0.02085 [6.37s]; best loss:0.00021, patience : 0
2026-07-16 04:18:20,517 P2627372 INFO pr:0.9867  rc:0.9320  auc:0.9786 ap:0.9794 f1: 0.9585 pred_right: 38625 pred_wrong:375 actu_right: 38603 actu_wrong: 397
2026-07-16 04:18:21,567 P2627372 INFO pr:0.9462  rc:0.9535  auc:0.9901 ap:0.9706 f1: 0.9498 pred_right: 16370 pred_wrong:130 actu_right: 16371 actu_wrong: 129
2026-07-16 04:18:21,568 P2627372 INFO ----------------------------------------------------------------------------------------------------
2026-07-16 04:18:21,568 P2627372 INFO 248/300 starting... lr: 0.0008100000000000001 para:0.01
2026-07-16 04:18:28,481 P2627372 INFO Epoch 248/300, all_loss:0.00021 cls_loss:0.00000 rec_loss:0.02045 [6.91s]; best loss:0.00021, patience : 0
2026-07-16 04:18:30,219 P2627372 INFO pr:0.9867  rc:0.9345  auc:0.9787 ap:0.9782 f1: 0.9599 pred_right: 38624 pred_wrong:376 actu_right: 38603 actu_wrong: 397
2026-07-16 04:18:30,943 P2627372 INFO pr:0.9462  rc:0.9535  auc:0.9901 ap:0.9708 f1: 0.9498 pred_right: 16370 pred_wrong:130 actu_right: 16371 actu_wrong: 129
2026-07-16 04:18:30,943 P2627372 INFO ----------------------------------------------------------------------------------------------------
2026-07-16 04:18:30,943 P2627372 INFO 249/300 starting... lr: 0.0008100000000000001 para:0.01
2026-07-16 04:18:36,737 P2627372 INFO Epoch 249/300, all_loss:0.00021 cls_loss:0.00000 rec_loss:0.02063 [5.79s]; best loss:0.00021, patience : 1
2026-07-16 04:18:38,784 P2627372 INFO pr:0.9867  rc:0.9345  auc:0.9788 ap:0.9782 f1: 0.9599 pred_right: 38624 pred_wrong:376 actu_right: 38603 actu_wrong: 397
2026-07-16 04:18:40,873 P2627372 INFO pr:0.9462  rc:0.9535  auc:0.9921 ap:0.9708 f1: 0.9498 pred_right: 16370 pred_wrong:130 actu_right: 16371 actu_wrong: 129
2026-07-16 04:18:40,873 P2627372 INFO ----------------------------------------------------------------------------------------------------
2026-07-16 04:18:40,874 P2627372 INFO 250/300 starting... lr: 0.0008100000000000001 para:0.01
2026-07-16 04:18:53,425 P2627372 INFO Epoch 250/300, all_loss:0.00021 cls_loss:0.00000 rec_loss:0.02021 [12.55s]; best loss:0.00021, patience : 0
2026-07-16 04:18:55,907 P2627372 INFO pr:0.9867  rc:0.9320  auc:0.9791 ap:0.9795 f1: 0.9585 pred_right: 38625 pred_wrong:375 actu_right: 38603 actu_wrong: 397
2026-07-16 04:18:56,825 P2627372 INFO pr:0.9462  rc:0.9535  auc:0.9901 ap:0.9705 f1: 0.9498 pred_right: 16370 pred_wrong:130 actu_right: 16371 actu_wrong: 129
2026-07-16 04:18:56,825 P2627372 INFO ----------------------------------------------------------------------------------------------------
2026-07-16 04:18:56,833 P2627372 INFO 251/300 starting... lr: 0.0008100000000000001 para:0.01
2026-07-16 04:19:03,132 P2627372 INFO Epoch 251/300, all_loss:0.00020 cls_loss:0.00000 rec_loss:0.02014 [6.30s]; best loss:0.00020, patience : 0
2026-07-16 04:19:05,360 P2627372 INFO pr:0.9866  rc:0.9318  auc:0.9791 ap:0.9783 f1: 0.9584 pred_right: 38626 pred_wrong:374 actu_right: 38604 actu_wrong: 396
2026-07-16 04:19:06,235 P2627372 INFO pr:0.9462  rc:0.9535  auc:0.9901 ap:0.9707 f1: 0.9498 pred_right: 16370 pred_wrong:130 actu_right: 16371 actu_wrong: 129
2026-07-16 04:19:06,236 P2627372 INFO ----------------------------------------------------------------------------------------------------
2026-07-16 04:19:06,236 P2627372 INFO 252/300 starting... lr: 0.0008100000000000001 para:0.01
2026-07-16 04:19:12,464 P2627372 INFO Epoch 252/300, all_loss:0.00020 cls_loss:0.00000 rec_loss:0.02011 [6.22s]; best loss:0.00020, patience : 0
2026-07-16 04:19:14,760 P2627372 INFO pr:0.9866  rc:0.9295  auc:0.9791 ap:0.9796 f1: 0.9572 pred_right: 38626 pred_wrong:374 actu_right: 38603 actu_wrong: 397
2026-07-16 04:19:15,794 P2627372 INFO pr:0.9462  rc:0.9535  auc:0.9901 ap:0.9705 f1: 0.9498 pred_right: 16370 pred_wrong:130 actu_right: 16371 actu_wrong: 129
2026-07-16 04:19:15,795 P2627372 INFO ----------------------------------------------------------------------------------------------------
2026-07-16 04:19:15,795 P2627372 INFO 253/300 starting... lr: 0.0008100000000000001 para:0.01
2026-07-16 04:19:22,130 P2627372 INFO Epoch 253/300, all_loss:0.00020 cls_loss:0.00000 rec_loss:0.01971 [6.33s]; best loss:0.00020, patience : 0
2026-07-16 04:19:24,487 P2627372 INFO pr:0.9867  rc:0.9320  auc:0.9792 ap:0.9784 f1: 0.9585 pred_right: 38625 pred_wrong:375 actu_right: 38603 actu_wrong: 397
2026-07-16 04:19:25,369 P2627372 INFO pr:0.9462  rc:0.9535  auc:0.9901 ap:0.9707 f1: 0.9498 pred_right: 16370 pred_wrong:130 actu_right: 16371 actu_wrong: 129
2026-07-16 04:19:25,369 P2627372 INFO ----------------------------------------------------------------------------------------------------
2026-07-16 04:19:25,369 P2627372 INFO 254/300 starting... lr: 0.0008100000000000001 para:0.01
2026-07-16 04:19:31,760 P2627372 INFO Epoch 254/300, all_loss:0.00020 cls_loss:0.00000 rec_loss:0.01921 [6.39s]; best loss:0.00020, patience : 0
2026-07-16 04:19:34,176 P2627372 INFO pr:0.9893  rc:0.9295  auc:0.9791 ap:0.9797 f1: 0.9584 pred_right: 38627 pred_wrong:373 actu_right: 38603 actu_wrong: 397
2026-07-16 04:19:35,209 P2627372 INFO pr:0.9462  rc:0.9535  auc:0.9901 ap:0.9702 f1: 0.9498 pred_right: 16370 pred_wrong:130 actu_right: 16371 actu_wrong: 129
2026-07-16 04:19:35,209 P2627372 INFO ----------------------------------------------------------------------------------------------------
2026-07-16 04:19:35,210 P2627372 INFO 255/300 starting... lr: 0.0008100000000000001 para:0.01
2026-07-16 04:19:41,621 P2627372 INFO Epoch 255/300, all_loss:0.00020 cls_loss:0.00000 rec_loss:0.01925 [6.41s]; best loss:0.00020, patience : 1
2026-07-16 04:19:43,782 P2627372 INFO pr:0.9867  rc:0.9320  auc:0.9792 ap:0.9785 f1: 0.9585 pred_right: 38625 pred_wrong:375 actu_right: 38603 actu_wrong: 397
2026-07-16 04:19:44,678 P2627372 INFO pr:0.9462  rc:0.9535  auc:0.9901 ap:0.9705 f1: 0.9498 pred_right: 16370 pred_wrong:130 actu_right: 16371 actu_wrong: 129
2026-07-16 04:19:44,679 P2627372 INFO ----------------------------------------------------------------------------------------------------
2026-07-16 04:19:44,679 P2627372 INFO 256/300 starting... lr: 0.0008100000000000001 para:0.01
2026-07-16 04:19:50,816 P2627372 INFO Epoch 256/300, all_loss:0.00020 cls_loss:0.00000 rec_loss:0.02015 [6.14s]; best loss:0.00020, patience : 2
2026-07-16 04:19:53,230 P2627372 INFO pr:0.9893  rc:0.9295  auc:0.9789 ap:0.9797 f1: 0.9584 pred_right: 38627 pred_wrong:373 actu_right: 38603 actu_wrong: 397
2026-07-16 04:19:54,292 P2627372 INFO pr:0.9462  rc:0.9535  auc:0.9901 ap:0.9702 f1: 0.9498 pred_right: 16370 pred_wrong:130 actu_right: 16371 actu_wrong: 129
2026-07-16 04:19:54,293 P2627372 INFO ----------------------------------------------------------------------------------------------------
2026-07-16 04:19:54,293 P2627372 INFO 257/300 starting... lr: 0.0008100000000000001 para:0.01
2026-07-16 04:20:01,681 P2627372 INFO Epoch 257/300, all_loss:0.00019 cls_loss:0.00000 rec_loss:0.01832 [7.38s]; best loss:0.00019, patience : 0
2026-07-16 04:20:03,464 P2627372 INFO pr:0.9893  rc:0.9295  auc:0.9790 ap:0.9797 f1: 0.9584 pred_right: 38627 pred_wrong:373 actu_right: 38603 actu_wrong: 397
2026-07-16 04:20:04,217 P2627372 INFO pr:0.9462  rc:0.9535  auc:0.9901 ap:0.9704 f1: 0.9498 pred_right: 16370 pred_wrong:130 actu_right: 16371 actu_wrong: 129
2026-07-16 04:20:04,217 P2627372 INFO ----------------------------------------------------------------------------------------------------
2026-07-16 04:20:04,218 P2627372 INFO 258/300 starting... lr: 0.0008100000000000001 para:0.01
2026-07-16 04:20:09,691 P2627372 INFO Epoch 258/300, all_loss:0.00022 cls_loss:0.00000 rec_loss:0.02172 [5.47s]; best loss:0.00019, patience : 1
2026-07-16 04:20:11,570 P2627372 INFO pr:0.9893  rc:0.9295  auc:0.9790 ap:0.9798 f1: 0.9584 pred_right: 38627 pred_wrong:373 actu_right: 38603 actu_wrong: 397
2026-07-16 04:20:12,353 P2627372 INFO pr:0.9462  rc:0.9535  auc:0.9901 ap:0.9705 f1: 0.9498 pred_right: 16370 pred_wrong:130 actu_right: 16371 actu_wrong: 129
2026-07-16 04:20:12,354 P2627372 INFO ----------------------------------------------------------------------------------------------------
2026-07-16 04:20:12,354 P2627372 INFO 259/300 starting... lr: 0.0008100000000000001 para:0.01
2026-07-16 04:20:25,306 P2627372 INFO Epoch 259/300, all_loss:0.00019 cls_loss:0.00000 rec_loss:0.01869 [12.95s]; best loss:0.00019, patience : 1
2026-07-16 04:20:27,969 P2627372 INFO pr:0.9893  rc:0.9295  auc:0.9789 ap:0.9799 f1: 0.9584 pred_right: 38627 pred_wrong:373 actu_right: 38603 actu_wrong: 397
2026-07-16 04:20:28,950 P2627372 INFO pr:0.9462  rc:0.9535  auc:0.9901 ap:0.9706 f1: 0.9498 pred_right: 16370 pred_wrong:130 actu_right: 16371 actu_wrong: 129
2026-07-16 04:20:28,951 P2627372 INFO ----------------------------------------------------------------------------------------------------
2026-07-16 04:20:28,951 P2627372 INFO 260/300 starting... lr: 0.0008100000000000001 para:0.01
2026-07-16 04:20:35,473 P2627372 INFO Epoch 260/300, all_loss:0.00018 cls_loss:0.00000 rec_loss:0.01797 [6.52s]; best loss:0.00018, patience : 0
2026-07-16 04:20:37,874 P2627372 INFO pr:0.9893  rc:0.9295  auc:0.9784 ap:0.9798 f1: 0.9584 pred_right: 38627 pred_wrong:373 actu_right: 38603 actu_wrong: 397
2026-07-16 04:20:38,802 P2627372 INFO pr:0.9462  rc:0.9535  auc:0.9901 ap:0.9703 f1: 0.9498 pred_right: 16370 pred_wrong:130 actu_right: 16371 actu_wrong: 129
2026-07-16 04:20:38,803 P2627372 INFO ----------------------------------------------------------------------------------------------------
2026-07-16 04:20:38,810 P2627372 INFO 261/300 starting... lr: 0.0008100000000000001 para:0.01
2026-07-16 04:20:45,108 P2627372 INFO Epoch 261/300, all_loss:0.00019 cls_loss:0.00000 rec_loss:0.01865 [6.30s]; best loss:0.00018, patience : 1
2026-07-16 04:20:47,501 P2627372 INFO pr:0.9892  rc:0.9293  auc:0.9780 ap:0.9798 f1: 0.9583 pred_right: 38628 pred_wrong:372 actu_right: 38604 actu_wrong: 396
2026-07-16 04:20:48,403 P2627372 INFO pr:0.9462  rc:0.9535  auc:0.9901 ap:0.9703 f1: 0.9498 pred_right: 16370 pred_wrong:130 actu_right: 16371 actu_wrong: 129
2026-07-16 04:20:48,403 P2627372 INFO ----------------------------------------------------------------------------------------------------
2026-07-16 04:20:48,403 P2627372 INFO 262/300 starting... lr: 0.0008100000000000001 para:0.01
2026-07-16 04:20:54,667 P2627372 INFO Epoch 262/300, all_loss:0.00019 cls_loss:0.00000 rec_loss:0.01921 [6.26s]; best loss:0.00018, patience : 2
2026-07-16 04:20:56,956 P2627372 INFO pr:0.9893  rc:0.9295  auc:0.9781 ap:0.9799 f1: 0.9584 pred_right: 38627 pred_wrong:373 actu_right: 38603 actu_wrong: 397
2026-07-16 04:20:57,938 P2627372 INFO pr:0.9462  rc:0.9535  auc:0.9901 ap:0.9703 f1: 0.9498 pred_right: 16370 pred_wrong:130 actu_right: 16371 actu_wrong: 129
2026-07-16 04:20:57,939 P2627372 INFO ----------------------------------------------------------------------------------------------------
2026-07-16 04:20:57,939 P2627372 INFO 263/300 starting... lr: 0.0008100000000000001 para:0.01
2026-07-16 04:21:04,593 P2627372 INFO Epoch 263/300, all_loss:0.00018 cls_loss:0.00000 rec_loss:0.01767 [6.65s]; best loss:0.00018, patience : 0
2026-07-16 04:21:07,027 P2627372 INFO pr:0.9893  rc:0.9295  auc:0.9781 ap:0.9800 f1: 0.9584 pred_right: 38627 pred_wrong:373 actu_right: 38603 actu_wrong: 397
2026-07-16 04:21:08,194 P2627372 INFO pr:0.9462  rc:0.9535  auc:0.9901 ap:0.9705 f1: 0.9498 pred_right: 16370 pred_wrong:130 actu_right: 16371 actu_wrong: 129
2026-07-16 04:21:08,195 P2627372 INFO ----------------------------------------------------------------------------------------------------
2026-07-16 04:21:08,195 P2627372 INFO 264/300 starting... lr: 0.0008100000000000001 para:0.01
2026-07-16 04:21:14,365 P2627372 INFO Epoch 264/300, all_loss:0.00019 cls_loss:0.00000 rec_loss:0.01914 [6.17s]; best loss:0.00018, patience : 1
2026-07-16 04:21:16,674 P2627372 INFO pr:0.9893  rc:0.9295  auc:0.9779 ap:0.9800 f1: 0.9584 pred_right: 38627 pred_wrong:373 actu_right: 38603 actu_wrong: 397
2026-07-16 04:21:17,687 P2627372 INFO pr:0.9462  rc:0.9535  auc:0.9901 ap:0.9706 f1: 0.9498 pred_right: 16370 pred_wrong:130 actu_right: 16371 actu_wrong: 129
2026-07-16 04:21:17,688 P2627372 INFO ----------------------------------------------------------------------------------------------------
2026-07-16 04:21:17,688 P2627372 INFO 265/300 starting... lr: 0.0008100000000000001 para:0.01
2026-07-16 04:21:24,013 P2627372 INFO Epoch 265/300, all_loss:0.00018 cls_loss:0.00000 rec_loss:0.01800 [6.32s]; best loss:0.00018, patience : 1
2026-07-16 04:21:26,507 P2627372 INFO pr:0.9893  rc:0.9295  auc:0.9772 ap:0.9800 f1: 0.9584 pred_right: 38627 pred_wrong:373 actu_right: 38603 actu_wrong: 397
2026-07-16 04:21:27,484 P2627372 INFO pr:0.9462  rc:0.9535  auc:0.9901 ap:0.9704 f1: 0.9498 pred_right: 16370 pred_wrong:130 actu_right: 16371 actu_wrong: 129
2026-07-16 04:21:27,485 P2627372 INFO ----------------------------------------------------------------------------------------------------
2026-07-16 04:21:27,485 P2627372 INFO 266/300 starting... lr: 0.0008100000000000001 para:0.01
2026-07-16 04:21:34,913 P2627372 INFO Epoch 266/300, all_loss:0.00021 cls_loss:0.00000 rec_loss:0.02080 [7.43s]; best loss:0.00018, patience : 2
2026-07-16 04:21:36,545 P2627372 INFO pr:0.9893  rc:0.9295  auc:0.9776 ap:0.9801 f1: 0.9584 pred_right: 38627 pred_wrong:373 actu_right: 38603 actu_wrong: 397
2026-07-16 04:21:37,260 P2627372 INFO pr:0.9462  rc:0.9535  auc:0.9902 ap:0.9741 f1: 0.9498 pred_right: 16370 pred_wrong:130 actu_right: 16371 actu_wrong: 129
2026-07-16 04:21:37,261 P2627372 INFO ----------------------------------------------------------------------------------------------------
2026-07-16 04:21:37,261 P2627372 INFO 267/300 starting... lr: 0.0008100000000000001 para:0.01
2026-07-16 04:21:42,470 P2627372 INFO Epoch 267/300, all_loss:0.00017 cls_loss:0.00000 rec_loss:0.01648 [5.21s]; best loss:0.00017, patience : 0
2026-07-16 04:21:44,579 P2627372 INFO pr:0.9893  rc:0.9295  auc:0.9771 ap:0.9800 f1: 0.9584 pred_right: 38627 pred_wrong:373 actu_right: 38603 actu_wrong: 397
2026-07-16 04:21:45,371 P2627372 INFO pr:0.9462  rc:0.9535  auc:0.9901 ap:0.9701 f1: 0.9498 pred_right: 16370 pred_wrong:130 actu_right: 16371 actu_wrong: 129
2026-07-16 04:21:45,372 P2627372 INFO ----------------------------------------------------------------------------------------------------
2026-07-16 04:21:45,372 P2627372 INFO 268/300 starting... lr: 0.0008100000000000001 para:0.01
2026-07-16 04:21:55,555 P2627372 INFO Epoch 268/300, all_loss:0.00020 cls_loss:0.00000 rec_loss:0.01953 [10.18s]; best loss:0.00017, patience : 1
2026-07-16 04:22:00,143 P2627372 INFO pr:0.9893  rc:0.9295  auc:0.9776 ap:0.9801 f1: 0.9584 pred_right: 38627 pred_wrong:373 actu_right: 38603 actu_wrong: 397
2026-07-16 04:22:01,257 P2627372 INFO pr:0.9462  rc:0.9535  auc:0.9901 ap:0.9702 f1: 0.9498 pred_right: 16370 pred_wrong:130 actu_right: 16371 actu_wrong: 129
2026-07-16 04:22:01,257 P2627372 INFO ----------------------------------------------------------------------------------------------------
2026-07-16 04:22:01,257 P2627372 INFO 269/300 starting... lr: 0.0008100000000000001 para:0.01
2026-07-16 04:22:08,155 P2627372 INFO Epoch 269/300, all_loss:0.00017 cls_loss:0.00000 rec_loss:0.01641 [6.89s]; best loss:0.00017, patience : 0
2026-07-16 04:22:10,660 P2627372 INFO pr:0.9892  rc:0.9293  auc:0.9769 ap:0.9800 f1: 0.9583 pred_right: 38628 pred_wrong:372 actu_right: 38604 actu_wrong: 396
2026-07-16 04:22:11,589 P2627372 INFO pr:0.9462  rc:0.9535  auc:0.9901 ap:0.9694 f1: 0.9498 pred_right: 16370 pred_wrong:130 actu_right: 16371 actu_wrong: 129
2026-07-16 04:22:11,589 P2627372 INFO ----------------------------------------------------------------------------------------------------
2026-07-16 04:22:11,589 P2627372 INFO 270/300 starting... lr: 0.0008100000000000001 para:0.01
2026-07-16 04:22:18,049 P2627372 INFO Epoch 270/300, all_loss:0.35398 cls_loss:0.35737 rec_loss:0.01850 [6.46s]; best loss:0.00017, patience : 1
2026-07-16 04:22:20,453 P2627372 INFO pr:0.9830  rc:0.8715  auc:0.9752 ap:0.9683 f1: 0.9239 pred_right: 38648 pred_wrong:352 actu_right: 38603 actu_wrong: 397
2026-07-16 04:22:21,377 P2627372 INFO pr:0.9496  rc:0.8760  auc:0.9851 ap:0.9646 f1: 0.9113 pred_right: 16381 pred_wrong:119 actu_right: 16371 actu_wrong: 129
2026-07-16 04:22:21,378 P2627372 INFO ----------------------------------------------------------------------------------------------------
2026-07-16 04:22:21,378 P2627372 INFO 271/300 starting... lr: 0.0008100000000000001 para:0.01
2026-07-16 04:22:27,747 P2627372 INFO Epoch 271/300, all_loss:0.17830 cls_loss:0.17952 rec_loss:0.05715 [6.37s]; best loss:0.00017, patience : 1
2026-07-16 04:22:29,986 P2627372 INFO pr:0.9912  rc:0.8557  auc:0.9645 ap:0.9699 f1: 0.9185 pred_right: 38659 pred_wrong:341 actu_right: 38605 actu_wrong: 395
2026-07-16 04:22:31,136 P2627372 INFO pr:0.9737  rc:0.8605  auc:0.9708 ap:0.9668 f1: 0.9136 pred_right: 16386 pred_wrong:114 actu_right: 16371 actu_wrong: 129
2026-07-16 04:22:31,137 P2627372 INFO ----------------------------------------------------------------------------------------------------
2026-07-16 04:22:31,137 P2627372 INFO 272/300 starting... lr: 0.0008100000000000001 para:0.01
2026-07-16 04:22:37,537 P2627372 INFO Epoch 272/300, all_loss:0.05812 cls_loss:0.05816 rec_loss:0.05427 [6.40s]; best loss:0.00017, patience : 1
2026-07-16 04:22:39,948 P2627372 INFO pr:0.9765  rc:0.9421  auc:0.9841 ap:0.9817 f1: 0.9590 pred_right: 38617 pred_wrong:383 actu_right: 38603 actu_wrong: 397
2026-07-16 04:22:40,794 P2627372 INFO pr:0.9542  rc:0.9690  auc:0.9883 ap:0.9757 f1: 0.9615 pred_right: 16369 pred_wrong:131 actu_right: 16371 actu_wrong: 129
2026-07-16 04:22:40,795 P2627372 INFO ----------------------------------------------------------------------------------------------------
2026-07-16 04:22:40,795 P2627372 INFO 273/300 starting... lr: 0.0008100000000000001 para:0.01
2026-07-16 04:22:47,383 P2627372 INFO Epoch 273/300, all_loss:0.01969 cls_loss:0.01936 rec_loss:0.05242 [6.59s]; best loss:0.00017, patience : 1
2026-07-16 04:22:49,634 P2627372 INFO pr:0.9891  rc:0.9167  auc:0.9824 ap:0.9808 f1: 0.9515 pred_right: 38633 pred_wrong:367 actu_right: 38604 actu_wrong: 396
2026-07-16 04:22:50,671 P2627372 INFO pr:0.9609  rc:0.9535  auc:0.9873 ap:0.9787 f1: 0.9572 pred_right: 16372 pred_wrong:128 actu_right: 16371 actu_wrong: 129
2026-07-16 04:22:50,672 P2627372 INFO ----------------------------------------------------------------------------------------------------
2026-07-16 04:22:50,672 P2627372 INFO 274/300 starting... lr: 0.0008100000000000001 para:0.01
2026-07-16 04:22:57,061 P2627372 INFO Epoch 274/300, all_loss:0.02036 cls_loss:0.02017 rec_loss:0.03918 [6.39s]; best loss:0.00017, patience : 2
2026-07-16 04:22:59,371 P2627372 INFO pr:0.9917  rc:0.9068  auc:0.9793 ap:0.9781 f1: 0.9474 pred_right: 38637 pred_wrong:363 actu_right: 38603 actu_wrong: 397
2026-07-16 04:23:00,455 P2627372 INFO pr:0.9685  rc:0.9535  auc:0.9863 ap:0.9777 f1: 0.9609 pred_right: 16373 pred_wrong:127 actu_right: 16371 actu_wrong: 129
2026-07-16 04:23:00,455 P2627372 INFO ----------------------------------------------------------------------------------------------------
2026-07-16 04:23:00,455 P2627372 INFO 275/300 starting... lr: 0.0008100000000000001 para:0.01
2026-07-16 04:23:07,094 P2627372 INFO Epoch 275/300, all_loss:0.10763 cls_loss:0.10832 rec_loss:0.03917 [6.64s]; best loss:0.00017, patience : 3
2026-07-16 04:23:10,235 P2627372 INFO pr:0.9867  rc:0.9320  auc:0.9823 ap:0.9793 f1: 0.9585 pred_right: 38625 pred_wrong:375 actu_right: 38603 actu_wrong: 397
2026-07-16 04:23:11,035 P2627372 INFO pr:0.9542  rc:0.9690  auc:0.9901 ap:0.9751 f1: 0.9615 pred_right: 16369 pred_wrong:131 actu_right: 16371 actu_wrong: 129
2026-07-16 04:23:11,036 P2627372 INFO ----------------------------------------------------------------------------------------------------
2026-07-16 04:23:11,036 P2627372 INFO 276/300 starting... lr: 0.0008100000000000001 para:0.01
2026-07-16 04:23:15,966 P2627372 INFO Epoch 276/300, all_loss:0.00044 cls_loss:0.00007 rec_loss:0.03768 [4.93s]; best loss:0.00017, patience : 3
2026-07-16 04:23:18,231 P2627372 INFO pr:0.9866  rc:0.9318  auc:0.9822 ap:0.9794 f1: 0.9584 pred_right: 38626 pred_wrong:374 actu_right: 38604 actu_wrong: 396
2026-07-16 04:23:19,128 P2627372 INFO pr:0.9542  rc:0.9690  auc:0.9901 ap:0.9753 f1: 0.9615 pred_right: 16369 pred_wrong:131 actu_right: 16371 actu_wrong: 129
2026-07-16 04:23:19,129 P2627372 INFO ----------------------------------------------------------------------------------------------------
2026-07-16 04:23:19,129 P2627372 INFO 277/300 starting... lr: 0.0008100000000000001 para:0.01
2026-07-16 04:23:27,235 P2627372 INFO Epoch 277/300, all_loss:0.00041 cls_loss:0.00005 rec_loss:0.03600 [8.11s]; best loss:0.00017, patience : 3
2026-07-16 04:23:31,940 P2627372 INFO pr:0.9867  rc:0.9320  auc:0.9823 ap:0.9795 f1: 0.9585 pred_right: 38625 pred_wrong:375 actu_right: 38603 actu_wrong: 397
2026-07-16 04:23:34,176 P2627372 INFO pr:0.9542  rc:0.9690  auc:0.9902 ap:0.9761 f1: 0.9615 pred_right: 16369 pred_wrong:131 actu_right: 16371 actu_wrong: 129
2026-07-16 04:23:34,177 P2627372 INFO ----------------------------------------------------------------------------------------------------
2026-07-16 04:23:34,177 P2627372 INFO 278/300 starting... lr: 0.0008100000000000001 para:0.01
2026-07-16 04:23:42,259 P2627372 INFO Epoch 278/300, all_loss:0.00039 cls_loss:0.00005 rec_loss:0.03414 [8.08s]; best loss:0.00017, patience : 3
2026-07-16 04:23:44,820 P2627372 INFO pr:0.9867  rc:0.9320  auc:0.9823 ap:0.9795 f1: 0.9585 pred_right: 38625 pred_wrong:375 actu_right: 38603 actu_wrong: 397
2026-07-16 04:23:45,823 P2627372 INFO pr:0.9470  rc:0.9690  auc:0.9902 ap:0.9764 f1: 0.9579 pred_right: 16368 pred_wrong:132 actu_right: 16371 actu_wrong: 129
2026-07-16 04:23:45,823 P2627372 INFO ----------------------------------------------------------------------------------------------------
2026-07-16 04:23:45,823 P2627372 INFO 279/300 starting... lr: 0.0008100000000000001 para:0.01
2026-07-16 04:23:52,289 P2627372 INFO Epoch 279/300, all_loss:0.00037 cls_loss:0.00004 rec_loss:0.03268 [6.47s]; best loss:0.00017, patience : 3
2026-07-16 04:23:54,540 P2627372 INFO pr:0.9866  rc:0.9318  auc:0.9822 ap:0.9795 f1: 0.9584 pred_right: 38626 pred_wrong:374 actu_right: 38604 actu_wrong: 396
2026-07-16 04:23:55,492 P2627372 INFO pr:0.9470  rc:0.9690  auc:0.9902 ap:0.9767 f1: 0.9579 pred_right: 16368 pred_wrong:132 actu_right: 16371 actu_wrong: 129
2026-07-16 04:23:55,493 P2627372 INFO ----------------------------------------------------------------------------------------------------
2026-07-16 04:23:55,493 P2627372 INFO 280/300 starting... lr: 0.0008100000000000001 para:0.01
2026-07-16 04:24:01,831 P2627372 INFO Epoch 280/300, all_loss:0.00035 cls_loss:0.00003 rec_loss:0.03106 [6.34s]; best loss:0.00017, patience : 3
2026-07-16 04:24:04,058 P2627372 INFO pr:0.9866  rc:0.9318  auc:0.9822 ap:0.9796 f1: 0.9584 pred_right: 38626 pred_wrong:374 actu_right: 38604 actu_wrong: 396
2026-07-16 04:24:05,142 P2627372 INFO pr:0.9542  rc:0.9690  auc:0.9902 ap:0.9765 f1: 0.9615 pred_right: 16369 pred_wrong:131 actu_right: 16371 actu_wrong: 129
2026-07-16 04:24:05,142 P2627372 INFO ----------------------------------------------------------------------------------------------------
2026-07-16 04:24:05,142 P2627372 INFO 281/300 starting... lr: 0.0008100000000000001 para:0.01
2026-07-16 04:24:11,805 P2627372 INFO Epoch 281/300, all_loss:0.00033 cls_loss:0.00003 rec_loss:0.02979 [6.66s]; best loss:0.00017, patience : 3
2026-07-16 04:24:14,274 P2627372 INFO pr:0.9867  rc:0.9345  auc:0.9823 ap:0.9797 f1: 0.9599 pred_right: 38624 pred_wrong:376 actu_right: 38603 actu_wrong: 397
2026-07-16 04:24:15,312 P2627372 INFO pr:0.9470  rc:0.9690  auc:0.9902 ap:0.9768 f1: 0.9579 pred_right: 16368 pred_wrong:132 actu_right: 16371 actu_wrong: 129
2026-07-16 04:24:15,313 P2627372 INFO ----------------------------------------------------------------------------------------------------
2026-07-16 04:24:15,313 P2627372 INFO 282/300 starting... lr: 0.0008100000000000001 para:0.01
2026-07-16 04:24:21,860 P2627372 INFO Epoch 282/300, all_loss:0.00031 cls_loss:0.00003 rec_loss:0.02846 [6.55s]; best loss:0.00017, patience : 3
2026-07-16 04:24:24,302 P2627372 INFO pr:0.9867  rc:0.9345  auc:0.9823 ap:0.9797 f1: 0.9599 pred_right: 38624 pred_wrong:376 actu_right: 38603 actu_wrong: 397
2026-07-16 04:24:25,246 P2627372 INFO pr:0.9470  rc:0.9690  auc:0.9902 ap:0.9768 f1: 0.9579 pred_right: 16368 pred_wrong:132 actu_right: 16371 actu_wrong: 129
2026-07-16 04:24:25,247 P2627372 INFO ----------------------------------------------------------------------------------------------------
2026-07-16 04:24:25,247 P2627372 INFO 283/300 starting... lr: 0.0008100000000000001 para:0.01
2026-07-16 04:24:31,648 P2627372 INFO Epoch 283/300, all_loss:0.00030 cls_loss:0.00003 rec_loss:0.02758 [6.40s]; best loss:0.00017, patience : 3
2026-07-16 04:24:34,131 P2627372 INFO pr:0.9867  rc:0.9343  auc:0.9822 ap:0.9797 f1: 0.9598 pred_right: 38625 pred_wrong:375 actu_right: 38604 actu_wrong: 396
2026-07-16 04:24:35,156 P2627372 INFO pr:0.9470  rc:0.9690  auc:0.9902 ap:0.9770 f1: 0.9579 pred_right: 16368 pred_wrong:132 actu_right: 16371 actu_wrong: 129
2026-07-16 04:24:35,157 P2627372 INFO ----------------------------------------------------------------------------------------------------
2026-07-16 04:24:35,157 P2627372 INFO 284/300 starting... lr: 0.0008100000000000001 para:0.01
2026-07-16 04:24:42,753 P2627372 INFO Epoch 284/300, all_loss:0.00030 cls_loss:0.00003 rec_loss:0.02684 [7.60s]; best loss:0.00017, patience : 3
2026-07-16 04:24:44,466 P2627372 INFO pr:0.9867  rc:0.9345  auc:0.9823 ap:0.9797 f1: 0.9599 pred_right: 38624 pred_wrong:376 actu_right: 38603 actu_wrong: 397
2026-07-16 04:24:45,191 P2627372 INFO pr:0.9470  rc:0.9690  auc:0.9902 ap:0.9772 f1: 0.9579 pred_right: 16368 pred_wrong:132 actu_right: 16371 actu_wrong: 129
2026-07-16 04:24:45,191 P2627372 INFO ----------------------------------------------------------------------------------------------------
2026-07-16 04:24:45,191 P2627372 INFO 285/300 starting... lr: 0.0008100000000000001 para:0.01
2026-07-16 04:24:50,656 P2627372 INFO Epoch 285/300, all_loss:0.00028 cls_loss:0.00002 rec_loss:0.02592 [5.46s]; best loss:0.00017, patience : 3
2026-07-16 04:24:52,590 P2627372 INFO pr:0.9867  rc:0.9343  auc:0.9822 ap:0.9797 f1: 0.9598 pred_right: 38625 pred_wrong:375 actu_right: 38604 actu_wrong: 396
2026-07-16 04:24:53,390 P2627372 INFO pr:0.9470  rc:0.9690  auc:0.9902 ap:0.9772 f1: 0.9579 pred_right: 16368 pred_wrong:132 actu_right: 16371 actu_wrong: 129
2026-07-16 04:24:53,390 P2627372 INFO ----------------------------------------------------------------------------------------------------
2026-07-16 04:24:53,390 P2627372 INFO 286/300 starting... lr: 0.0008100000000000001 para:0.01
2026-07-16 04:25:05,104 P2627372 INFO Epoch 286/300, all_loss:0.00028 cls_loss:0.00002 rec_loss:0.02529 [11.71s]; best loss:0.00017, patience : 3
2026-07-16 04:25:09,082 P2627372 INFO pr:0.9867  rc:0.9345  auc:0.9823 ap:0.9798 f1: 0.9599 pred_right: 38624 pred_wrong:376 actu_right: 38603 actu_wrong: 397
2026-07-16 04:25:10,267 P2627372 INFO pr:0.9470  rc:0.9690  auc:0.9902 ap:0.9774 f1: 0.9579 pred_right: 16368 pred_wrong:132 actu_right: 16371 actu_wrong: 129
2026-07-16 04:25:10,268 P2627372 INFO ----------------------------------------------------------------------------------------------------
2026-07-16 04:25:10,268 P2627372 INFO 287/300 starting... lr: 0.0008100000000000001 para:0.01
2026-07-16 04:25:16,795 P2627372 INFO Epoch 287/300, all_loss:0.00027 cls_loss:0.00002 rec_loss:0.02463 [6.53s]; best loss:0.00017, patience : 3
2026-07-16 04:25:19,233 P2627372 INFO pr:0.9867  rc:0.9343  auc:0.9822 ap:0.9798 f1: 0.9598 pred_right: 38625 pred_wrong:375 actu_right: 38604 actu_wrong: 396
2026-07-16 04:25:20,155 P2627372 INFO pr:0.9470  rc:0.9690  auc:0.9902 ap:0.9774 f1: 0.9579 pred_right: 16368 pred_wrong:132 actu_right: 16371 actu_wrong: 129
2026-07-16 04:25:20,155 P2627372 INFO ----------------------------------------------------------------------------------------------------
2026-07-16 04:25:20,156 P2627372 INFO 288/300 starting... lr: 0.0008100000000000001 para:0.01
2026-07-16 04:25:26,480 P2627372 INFO Epoch 288/300, all_loss:0.00026 cls_loss:0.00002 rec_loss:0.02414 [6.32s]; best loss:0.00017, patience : 3
2026-07-16 04:25:28,886 P2627372 INFO pr:0.9867  rc:0.9345  auc:0.9822 ap:0.9799 f1: 0.9599 pred_right: 38624 pred_wrong:376 actu_right: 38603 actu_wrong: 397
2026-07-16 04:25:29,828 P2627372 INFO pr:0.9470  rc:0.9690  auc:0.9902 ap:0.9772 f1: 0.9579 pred_right: 16368 pred_wrong:132 actu_right: 16371 actu_wrong: 129
2026-07-16 04:25:29,829 P2627372 INFO ----------------------------------------------------------------------------------------------------
2026-07-16 04:25:29,836 P2627372 INFO 289/300 starting... lr: 0.0008100000000000001 para:0.01
2026-07-16 04:25:36,112 P2627372 INFO Epoch 289/300, all_loss:0.00026 cls_loss:0.00002 rec_loss:0.02364 [6.28s]; best loss:0.00017, patience : 3
2026-07-16 04:25:38,797 P2627372 INFO pr:0.9867  rc:0.9345  auc:0.9822 ap:0.9799 f1: 0.9599 pred_right: 38624 pred_wrong:376 actu_right: 38603 actu_wrong: 397
2026-07-16 04:25:39,724 P2627372 INFO pr:0.9470  rc:0.9690  auc:0.9902 ap:0.9772 f1: 0.9579 pred_right: 16368 pred_wrong:132 actu_right: 16371 actu_wrong: 129
2026-07-16 04:25:39,725 P2627372 INFO ----------------------------------------------------------------------------------------------------
2026-07-16 04:25:39,725 P2627372 INFO 290/300 starting... lr: 0.0008100000000000001 para:0.01
2026-07-16 04:25:46,216 P2627372 INFO Epoch 290/300, all_loss:0.00025 cls_loss:0.00002 rec_loss:0.02330 [6.49s]; best loss:0.00017, patience : 3
2026-07-16 04:25:48,543 P2627372 INFO pr:0.9867  rc:0.9343  auc:0.9822 ap:0.9798 f1: 0.9598 pred_right: 38625 pred_wrong:375 actu_right: 38604 actu_wrong: 396
2026-07-16 04:25:49,554 P2627372 INFO pr:0.9470  rc:0.9690  auc:0.9902 ap:0.9774 f1: 0.9579 pred_right: 16368 pred_wrong:132 actu_right: 16371 actu_wrong: 129
2026-07-16 04:25:49,554 P2627372 INFO ----------------------------------------------------------------------------------------------------
2026-07-16 04:25:49,554 P2627372 INFO 291/300 starting... lr: 0.0008100000000000001 para:0.01
2026-07-16 04:25:55,976 P2627372 INFO Epoch 291/300, all_loss:0.00024 cls_loss:0.00002 rec_loss:0.02264 [6.42s]; best loss:0.00017, patience : 3
2026-07-16 04:25:58,224 P2627372 INFO pr:0.9867  rc:0.9343  auc:0.9821 ap:0.9798 f1: 0.9598 pred_right: 38625 pred_wrong:375 actu_right: 38604 actu_wrong: 396
2026-07-16 04:25:59,183 P2627372 INFO pr:0.9470  rc:0.9690  auc:0.9902 ap:0.9774 f1: 0.9579 pred_right: 16368 pred_wrong:132 actu_right: 16371 actu_wrong: 129
2026-07-16 04:25:59,184 P2627372 INFO ----------------------------------------------------------------------------------------------------
2026-07-16 04:25:59,184 P2627372 INFO 292/300 starting... lr: 0.0008100000000000001 para:0.01
2026-07-16 04:26:05,686 P2627372 INFO Epoch 292/300, all_loss:0.00024 cls_loss:0.00002 rec_loss:0.02232 [6.50s]; best loss:0.00017, patience : 3
2026-07-16 04:26:08,150 P2627372 INFO pr:0.9867  rc:0.9345  auc:0.9821 ap:0.9799 f1: 0.9599 pred_right: 38624 pred_wrong:376 actu_right: 38603 actu_wrong: 397
2026-07-16 04:26:09,033 P2627372 INFO pr:0.9470  rc:0.9690  auc:0.9902 ap:0.9772 f1: 0.9579 pred_right: 16368 pred_wrong:132 actu_right: 16371 actu_wrong: 129
2026-07-16 04:26:09,033 P2627372 INFO ----------------------------------------------------------------------------------------------------
2026-07-16 04:26:09,033 P2627372 INFO 293/300 starting... lr: 0.0008100000000000001 para:0.01
2026-07-16 04:26:16,497 P2627372 INFO Epoch 293/300, all_loss:0.00023 cls_loss:0.00001 rec_loss:0.02194 [7.46s]; best loss:0.00017, patience : 3
2026-07-16 04:26:18,081 P2627372 INFO pr:0.9867  rc:0.9345  auc:0.9819 ap:0.9799 f1: 0.9599 pred_right: 38624 pred_wrong:376 actu_right: 38603 actu_wrong: 397
2026-07-16 04:26:18,764 P2627372 INFO pr:0.9470  rc:0.9690  auc:0.9902 ap:0.9773 f1: 0.9579 pred_right: 16368 pred_wrong:132 actu_right: 16371 actu_wrong: 129
2026-07-16 04:26:18,765 P2627372 INFO ----------------------------------------------------------------------------------------------------
2026-07-16 04:26:18,765 P2627372 INFO 294/300 starting... lr: 0.0008100000000000001 para:0.01
2026-07-16 04:26:24,185 P2627372 INFO Epoch 294/300, all_loss:0.00023 cls_loss:0.00001 rec_loss:0.02167 [5.42s]; best loss:0.00017, patience : 3
2026-07-16 04:26:26,237 P2627372 INFO pr:0.9867  rc:0.9345  auc:0.9817 ap:0.9799 f1: 0.9599 pred_right: 38624 pred_wrong:376 actu_right: 38603 actu_wrong: 397
2026-07-16 04:26:27,051 P2627372 INFO pr:0.9470  rc:0.9690  auc:0.9902 ap:0.9777 f1: 0.9579 pred_right: 16368 pred_wrong:132 actu_right: 16371 actu_wrong: 129
2026-07-16 04:26:27,051 P2627372 INFO ----------------------------------------------------------------------------------------------------
2026-07-16 04:26:27,051 P2627372 INFO 295/300 starting... lr: 0.0008100000000000001 para:0.01
2026-07-16 04:26:39,924 P2627372 INFO Epoch 295/300, all_loss:0.00023 cls_loss:0.00001 rec_loss:0.02116 [12.87s]; best loss:0.00017, patience : 3
2026-07-16 04:26:42,819 P2627372 INFO pr:0.9867  rc:0.9343  auc:0.9814 ap:0.9798 f1: 0.9598 pred_right: 38625 pred_wrong:375 actu_right: 38604 actu_wrong: 396
2026-07-16 04:26:43,888 P2627372 INFO pr:0.9470  rc:0.9690  auc:0.9902 ap:0.9769 f1: 0.9579 pred_right: 16368 pred_wrong:132 actu_right: 16371 actu_wrong: 129
2026-07-16 04:26:43,888 P2627372 INFO ----------------------------------------------------------------------------------------------------
2026-07-16 04:26:43,889 P2627372 INFO 296/300 starting... lr: 0.0008100000000000001 para:0.01
2026-07-16 04:26:50,427 P2627372 INFO Epoch 296/300, all_loss:0.00022 cls_loss:0.00001 rec_loss:0.02081 [6.54s]; best loss:0.00017, patience : 3
2026-07-16 04:26:52,780 P2627372 INFO pr:0.9867  rc:0.9343  auc:0.9810 ap:0.9799 f1: 0.9598 pred_right: 38625 pred_wrong:375 actu_right: 38604 actu_wrong: 396
2026-07-16 04:26:53,713 P2627372 INFO pr:0.9470  rc:0.9690  auc:0.9902 ap:0.9774 f1: 0.9579 pred_right: 16368 pred_wrong:132 actu_right: 16371 actu_wrong: 129
2026-07-16 04:26:53,714 P2627372 INFO ----------------------------------------------------------------------------------------------------
2026-07-16 04:26:53,714 P2627372 INFO 297/300 starting... lr: 0.0008100000000000001 para:0.01
2026-07-16 04:26:59,913 P2627372 INFO Epoch 297/300, all_loss:0.00022 cls_loss:0.00001 rec_loss:0.02045 [6.20s]; best loss:0.00017, patience : 3
2026-07-16 04:27:02,484 P2627372 INFO pr:0.9867  rc:0.9345  auc:0.9808 ap:0.9799 f1: 0.9599 pred_right: 38624 pred_wrong:376 actu_right: 38603 actu_wrong: 397
2026-07-16 04:27:03,440 P2627372 INFO pr:0.9470  rc:0.9690  auc:0.9902 ap:0.9773 f1: 0.9579 pred_right: 16368 pred_wrong:132 actu_right: 16371 actu_wrong: 129
2026-07-16 04:27:03,441 P2627372 INFO ----------------------------------------------------------------------------------------------------
2026-07-16 04:27:03,441 P2627372 INFO 298/300 starting... lr: 0.0008100000000000001 para:0.01
2026-07-16 04:27:09,634 P2627372 INFO Epoch 298/300, all_loss:0.00021 cls_loss:0.00001 rec_loss:0.02019 [6.19s]; best loss:0.00017, patience : 3
2026-07-16 04:27:11,988 P2627372 INFO pr:0.9867  rc:0.9345  auc:0.9807 ap:0.9799 f1: 0.9599 pred_right: 38624 pred_wrong:376 actu_right: 38603 actu_wrong: 397
2026-07-16 04:27:13,019 P2627372 INFO pr:0.9470  rc:0.9690  auc:0.9902 ap:0.9768 f1: 0.9579 pred_right: 16368 pred_wrong:132 actu_right: 16371 actu_wrong: 129
2026-07-16 04:27:13,019 P2627372 INFO ----------------------------------------------------------------------------------------------------
2026-07-16 04:27:13,019 P2627372 INFO 299/300 starting... lr: 0.0008100000000000001 para:0.01
2026-07-16 04:27:19,315 P2627372 INFO Epoch 299/300, all_loss:0.00021 cls_loss:0.00001 rec_loss:0.01979 [6.30s]; best loss:0.00017, patience : 3
2026-07-16 04:27:21,402 P2627372 INFO pr:0.9867  rc:0.9345  auc:0.9806 ap:0.9800 f1: 0.9599 pred_right: 38624 pred_wrong:376 actu_right: 38603 actu_wrong: 397
2026-07-16 04:27:22,269 P2627372 INFO pr:0.9470  rc:0.9690  auc:0.9901 ap:0.9767 f1: 0.9579 pred_right: 16368 pred_wrong:132 actu_right: 16371 actu_wrong: 129
2026-07-16 04:27:22,269 P2627372 INFO saving model...
2026-07-16 04:27:22,270 P2627372 INFO FITS_Legendre - loss  best score:0.00016531787696294487 at epoch 269
2026-07-16 04:27:22,276 P2627372 INFO FITS_Legendre - f1  best score:0.9640102827763496 at epoch 107
2026-07-16 04:27:22,280 P2627372 INFO Average training time per epoch: 6.95 seconds
2026-07-16 04:27:22,281 P2627372 INFO calculate scores...
2026-07-16 04:27:22,281 P2627372 INFO calculate label with loss...
2026-07-16 04:27:22,281 P2627372 INFO FITS_Legendre on ./result/FITS_Legendre-MSDS-Epochs300-Seed1ExpNameRQ1_main loading...
2026-07-16 04:27:23,413 P2627372 INFO pr:0.9462  rc:0.9535  auc:0.9901 ap:0.9694 f1: 0.9498 pred_right: 16370 pred_wrong:130 actu_right: 16371 actu_wrong: 129
2026-07-16 04:27:25,020 P2627372 INFO pr:0.9462  rc:0.9535  auc:0.9901 ap:0.9694 f1: 0.9498 pred_right: 16370 pred_wrong:130 actu_right: 16371 actu_wrong: 129
2026-07-16 04:27:25,020 P2627372 INFO Performance Summary:
{'GPU': {'inference_time_per_sample_ms': 0.32623856493761205, 'throughput_samples_per_sec': 3065.2415363316536, 'peak_memory_mb': 38.2392578125, 'energy_per_sample_joules': 0.016272942738370558}, 'CPU': {'inference_time_per_sample_ms': 0.468520368563509, 'throughput_samples_per_sec': 2134.3789237296473, 'peak_memory_mb': 3074.80078125, 'energy_per_sample_joules': 0.030453823956628084}}
2026-07-16 04:27:25,020 P2627372 INFO Starting clean-room hardware benchmarking...
2026-07-16 04:27:25,808 P2627372 INFO Performance with loss: pr:0.9462  rc:0.9535  auc:0.9901 ap:0.9694 f1: 0.9498 pred_right: 16370 pred_wrong:130 actu_right: 16371 actu_wrong: 129
2026-07-16 04:27:25,808 P2627372 INFO calculate label with f1...
2026-07-16 04:27:25,808 P2627372 INFO FITS_Legendre on ./result/FITS_Legendre-MSDS-Epochs300-Seed1ExpNameRQ1_main loading...
2026-07-16 04:27:26,727 P2627372 INFO pr:0.9398  rc:0.9690  auc:0.9892 ap:0.9832 f1: 0.9542 pred_right: 16367 pred_wrong:133 actu_right: 16371 actu_wrong: 129
2026-07-16 04:27:28,137 P2627372 INFO pr:0.9398  rc:0.9690  auc:0.9892 ap:0.9832 f1: 0.9542 pred_right: 16367 pred_wrong:133 actu_right: 16371 actu_wrong: 129
2026-07-16 04:27:28,137 P2627372 INFO Performance Summary:
{'GPU': {'inference_time_per_sample_ms': 0.2639630779989166, 'throughput_samples_per_sec': 3788.408619799866, 'peak_memory_mb': 37.693359375, 'energy_per_sample_joules': 0.012876514889404148}, 'CPU': {'inference_time_per_sample_ms': 0.409278410747959, 'throughput_samples_per_sec': 2443.324577449598, 'peak_memory_mb': 3076.65234375, 'energy_per_sample_joules': 0.026603096698617337}}
2026-07-16 04:27:28,138 P2627372 INFO Starting clean-room hardware benchmarking...
2026-07-16 04:27:28,896 P2627372 INFO Performance with f1: pr:0.9398  rc:0.9690  auc:0.9892 ap:0.9832 f1: 0.9542 pred_right: 16367 pred_wrong:133 actu_right: 16371 actu_wrong: 129
