2026-07-20 20:58:25,768 P2017787 INFO ---- Model: ----MSTGAD-bea37417----random_seed : 2----req_loss_approach : Normal-Recreation----rec_lambda : 1.0----auxi_lambda : 0.5----Freq Domain : Eadro----Multi Fits : false----train : True----evaluate : False
2026-07-20 20:58:25,768 P2017787 INFO Load from /home/db2003/Desktop/Amr/Tests/Eadro/codes/chunks/SN
2026-07-20 20:58:26,656 P2017787 INFO Fewshot: training with 1.0 of the 70% of the data
2026-07-20 20:58:26,796 P2017787 INFO Trainable Parameters Breakdown:
2026-07-20 20:58:26,796 P2017787 INFO --------------------------------------------------------------------------------
2026-07-20 20:58:26,796 P2017787 INFO Reconstruction-Specific Parameters:
2026-07-20 20:58:26,796 P2017787 INFO Eadro_Model.encoder.trace_model.net.network.0.weight | shape: (20, 2, 3)                | params: 120
2026-07-20 20:58:26,796 P2017787 INFO Eadro_Model.encoder.trace_model.net.network.0.bias | shape: (20,)                     | params: 20
2026-07-20 20:58:26,796 P2017787 INFO Eadro_Model.encoder.trace_model.net.network.1.weight | shape: (20,)                     | params: 20
2026-07-20 20:58:26,796 P2017787 INFO Eadro_Model.encoder.trace_model.net.network.1.bias | shape: (20,)                     | params: 20
2026-07-20 20:58:26,796 P2017787 INFO Eadro_Model.encoder.trace_model.net.network.4.weight | shape: (50, 20, 3)               | params: 3,000
2026-07-20 20:58:26,796 P2017787 INFO Eadro_Model.encoder.trace_model.net.network.4.bias | shape: (50,)                     | params: 50
2026-07-20 20:58:26,796 P2017787 INFO Eadro_Model.encoder.trace_model.net.network.5.weight | shape: (50,)                     | params: 50
2026-07-20 20:58:26,796 P2017787 INFO Eadro_Model.encoder.trace_model.net.network.5.bias | shape: (50,)                     | params: 50
2026-07-20 20:58:26,796 P2017787 INFO Eadro_Model.encoder.log_model.embedder.weight | shape: (64, 7)                   | params: 448
2026-07-20 20:58:26,796 P2017787 INFO Eadro_Model.encoder.log_model.embedder.bias | shape: (64,)                     | params: 64
2026-07-20 20:58:26,796 P2017787 INFO Eadro_Model.encoder.metric_model.net.network.0.weight | shape: (64, 7, 3)                | params: 1,344
2026-07-20 20:58:26,796 P2017787 INFO Eadro_Model.encoder.metric_model.net.network.0.bias | shape: (64,)                     | params: 64
2026-07-20 20:58:26,796 P2017787 INFO Eadro_Model.encoder.metric_model.net.network.1.weight | shape: (64,)                     | params: 64
2026-07-20 20:58:26,796 P2017787 INFO Eadro_Model.encoder.metric_model.net.network.1.bias | shape: (64,)                     | params: 64
2026-07-20 20:58:26,796 P2017787 INFO Eadro_Model.encoder.metric_model.net.network.4.weight | shape: (128, 64, 3)              | params: 24,576
2026-07-20 20:58:26,796 P2017787 INFO Eadro_Model.encoder.metric_model.net.network.4.bias | shape: (128,)                    | params: 128
2026-07-20 20:58:26,796 P2017787 INFO Eadro_Model.encoder.metric_model.net.network.5.weight | shape: (128,)                    | params: 128
2026-07-20 20:58:26,796 P2017787 INFO Eadro_Model.encoder.metric_model.net.network.5.bias | shape: (128,)                    | params: 128
2026-07-20 20:58:26,796 P2017787 INFO Eadro_Model.encoder.fuse.weight          | shape: (64, 242)                 | params: 15,488
2026-07-20 20:58:26,796 P2017787 INFO Eadro_Model.encoder.fuse.bias            | shape: (64,)                     | params: 64
2026-07-20 20:58:26,796 P2017787 INFO Eadro_Model.encoder.status_model.layers.0.att | shape: (1, 4, 64)                | params: 256
2026-07-20 20:58:26,797 P2017787 INFO Eadro_Model.encoder.status_model.layers.0.bias | shape: (64,)                     | params: 64
2026-07-20 20:58:26,797 P2017787 INFO Eadro_Model.encoder.status_model.layers.0.lin_l.weight | shape: (256, 32)                 | params: 8,192
2026-07-20 20:58:26,797 P2017787 INFO Eadro_Model.encoder.status_model.layers.0.lin_l.bias | shape: (256,)                    | params: 256
2026-07-20 20:58:26,797 P2017787 INFO Eadro_Model.encoder.status_model.layers.0.lin_r.weight | shape: (256, 32)                 | params: 8,192
2026-07-20 20:58:26,797 P2017787 INFO Eadro_Model.encoder.status_model.layers.0.lin_r.bias | shape: (256,)                    | params: 256
2026-07-20 20:58:26,797 P2017787 INFO Eadro_Model.encoder.status_model.layers.1.att | shape: (1, 4, 128)               | params: 512
2026-07-20 20:58:26,797 P2017787 INFO Eadro_Model.encoder.status_model.layers.1.bias | shape: (128,)                    | params: 128
2026-07-20 20:58:26,797 P2017787 INFO Eadro_Model.encoder.status_model.layers.1.lin_l.weight | shape: (512, 64)                 | params: 32,768
2026-07-20 20:58:26,797 P2017787 INFO Eadro_Model.encoder.status_model.layers.1.lin_l.bias | shape: (512,)                    | params: 512
2026-07-20 20:58:26,797 P2017787 INFO Eadro_Model.encoder.status_model.layers.1.lin_r.weight | shape: (512, 64)                 | params: 32,768
2026-07-20 20:58:26,797 P2017787 INFO Eadro_Model.encoder.status_model.layers.1.lin_r.bias | shape: (512,)                    | params: 512
2026-07-20 20:58:26,797 P2017787 INFO Eadro_Model.reconstructor.0.weight       | shape: (128, 128)                | params: 16,384
2026-07-20 20:58:26,797 P2017787 INFO Eadro_Model.reconstructor.0.bias         | shape: (128,)                    | params: 128
2026-07-20 20:58:26,797 P2017787 INFO Eadro_Model.reconstructor.1.weight       | shape: (128,)                    | params: 128
2026-07-20 20:58:26,797 P2017787 INFO Eadro_Model.reconstructor.1.bias         | shape: (128,)                    | params: 128
2026-07-20 20:58:26,797 P2017787 INFO Eadro_Model.reconstructor.2.weight       | shape: (16, 128)                 | params: 2,048
2026-07-20 20:58:26,797 P2017787 INFO Eadro_Model.reconstructor.2.bias         | shape: (16,)                     | params: 16
2026-07-20 20:58:26,797 P2017787 INFO Subtotal: 149,138
2026-07-20 20:58:26,797 P2017787 INFO --------------------------------------------------------------------------------
2026-07-20 20:58:26,797 P2017787 INFO Common Parameters:
2026-07-20 20:58:26,797 P2017787 INFO show.0.weight                            | shape: (128, 16)                 | params: 2,048
2026-07-20 20:58:26,797 P2017787 INFO show.0.bias                              | shape: (128,)                    | params: 128
2026-07-20 20:58:26,797 P2017787 INFO show.2.weight                            | shape: (2, 128)                  | params: 256
2026-07-20 20:58:26,797 P2017787 INFO show.2.bias                              | shape: (2,)                      | params: 2
2026-07-20 20:58:26,797 P2017787 INFO Subtotal: 2,434
2026-07-20 20:58:26,797 P2017787 INFO --------------------------------------------------------------------------------
2026-07-20 20:58:26,797 P2017787 INFO Total Trainable Parameters: 151,572

2026-07-20 20:58:26,797 P2017787 INFO Trainable Parameters: 151572, reconstruction: 149138, common: 2434
2026-07-20 20:58:26,798 P2017787 INFO model : init weight
2026-07-20 20:58:26,799 P2017787 INFO Using GPU...
2026-07-20 20:58:26,803 P2017787 INFO optimizer : using AdaBelief
2026-07-20 20:58:26,803 P2017787 INFO ----------------------------------------------------------------------------------------------------
2026-07-20 20:58:26,803 P2017787 INFO 0/300 starting... lr: 0.001 para:1.0
2026-07-20 20:58:28,747 P2017787 INFO Epoch 0/300, all_loss:0.32973 cls_loss:36.33462 rec_loss:0.32973 [1.94s]; best loss:0.32973, patience : 0
2026-07-20 20:58:28,747 P2017787 INFO ----------------------------------------------------------------------------------------------------
2026-07-20 20:58:28,747 P2017787 INFO 1/300 starting... lr: 0.001 para:0.5
2026-07-20 20:58:29,958 P2017787 INFO Epoch 1/300, all_loss:9.45734 cls_loss:18.60932 rec_loss:0.30536 [1.20s]; best loss:9.45734, patience : 0
2026-07-20 20:58:29,958 P2017787 INFO ----------------------------------------------------------------------------------------------------
2026-07-20 20:58:29,959 P2017787 INFO 2/300 starting... lr: 0.001 para:0.3333333432674408
2026-07-20 20:58:31,215 P2017787 INFO Epoch 2/300, all_loss:7.69694 cls_loss:11.34063 rec_loss:0.40956 [1.25s]; best loss:7.69694, patience : 0
2026-07-20 20:58:31,769 P2017787 INFO pr:0.0000  rc:0.0000  auc:0.7936 ap:0.6792 f1: 0.0000 pred_right: 46800 pred_wrong: 0  actu_right: 43559 actu_wrong: 3241
2026-07-20 20:58:31,977 P2017787 INFO pr:0.0000  rc:0.0000  auc:0.7945 ap:0.6730 f1: 0.0000 pred_right: 19200 pred_wrong: 0  actu_right: 17874 actu_wrong: 1326
2026-07-20 20:58:31,982 P2017787 INFO ----------------------------------------------------------------------------------------------------
2026-07-20 20:58:31,982 P2017787 INFO 3/300 starting... lr: 0.001 para:0.25
2026-07-20 20:58:33,268 P2017787 INFO Epoch 3/300, all_loss:6.57664 cls_loss:8.61201 rec_loss:0.47052 [1.28s]; best loss:6.57664, patience : 0
2026-07-20 20:58:33,766 P2017787 INFO pr:0.9923  rc:0.3201  auc:0.8681 ap:0.7701 f1: 0.4840 pred_right: 45755 pred_wrong:1045 actu_right: 43560 actu_wrong: 3240
2026-07-20 20:58:33,964 P2017787 INFO pr:0.9881  rc:0.3137  auc:0.8657 ap:0.7661 f1: 0.4762 pred_right: 18779 pred_wrong:421 actu_right: 17874 actu_wrong: 1326
2026-07-20 20:58:33,969 P2017787 INFO ----------------------------------------------------------------------------------------------------
2026-07-20 20:58:33,969 P2017787 INFO 4/300 starting... lr: 0.001 para:0.20000000298023224
2026-07-20 20:58:35,122 P2017787 INFO Epoch 4/300, all_loss:5.90822 cls_loss:7.26054 rec_loss:0.49894 [1.15s]; best loss:5.90822, patience : 0
2026-07-20 20:58:35,590 P2017787 INFO pr:0.9942  rc:0.3188  auc:0.9025 ap:0.8099 f1: 0.4828 pred_right: 45761 pred_wrong:1039 actu_right: 43560 actu_wrong: 3240
2026-07-20 20:58:35,780 P2017787 INFO pr:0.9928  rc:0.3115  auc:0.8970 ap:0.8008 f1: 0.4742 pred_right: 18784 pred_wrong:416 actu_right: 17874 actu_wrong: 1326
2026-07-20 20:58:35,780 P2017787 INFO ----------------------------------------------------------------------------------------------------
2026-07-20 20:58:35,780 P2017787 INFO 5/300 starting... lr: 0.001 para:0.1666666716337204
2026-07-20 20:58:36,930 P2017787 INFO Epoch 5/300, all_loss:5.35648 cls_loss:6.32599 rec_loss:0.50889 [1.14s]; best loss:5.35648, patience : 0
2026-07-20 20:58:37,404 P2017787 INFO pr:0.8587  rc:0.5070  auc:0.9304 ap:0.8549 f1: 0.6375 pred_right: 44889 pred_wrong:1911 actu_right: 43563 actu_wrong: 3237
2026-07-20 20:58:37,609 P2017787 INFO pr:0.8290  rc:0.4864  auc:0.9246 ap:0.8453 f1: 0.6131 pred_right: 18422 pred_wrong:778 actu_right: 17874 actu_wrong: 1326
2026-07-20 20:58:37,614 P2017787 INFO ----------------------------------------------------------------------------------------------------
2026-07-20 20:58:37,614 P2017787 INFO 6/300 starting... lr: 0.001 para:0.1428571492433548
2026-07-20 20:58:38,914 P2017787 INFO Epoch 6/300, all_loss:4.64875 cls_loss:5.33052 rec_loss:0.55817 [1.29s]; best loss:4.64875, patience : 0
2026-07-20 20:58:39,559 P2017787 INFO pr:0.9732  rc:0.4478  auc:0.9520 ap:0.8854 f1: 0.6134 pred_right: 45310 pred_wrong:1490 actu_right: 43562 actu_wrong: 3238
2026-07-20 20:58:39,777 P2017787 INFO pr:0.9564  rc:0.4299  auc:0.9428 ap:0.8699 f1: 0.5931 pred_right: 18604 pred_wrong:596 actu_right: 17874 actu_wrong: 1326
2026-07-20 20:58:39,778 P2017787 INFO ----------------------------------------------------------------------------------------------------
2026-07-20 20:58:39,778 P2017787 INFO 7/300 starting... lr: 0.001 para:0.125
2026-07-20 20:58:40,960 P2017787 INFO Epoch 7/300, all_loss:4.13992 cls_loss:4.64855 rec_loss:0.57952 [1.18s]; best loss:4.13992, patience : 0
2026-07-20 20:58:41,453 P2017787 INFO pr:0.7342  rc:0.7308  auc:0.9644 ap:0.9114 f1: 0.7325 pred_right: 43576 pred_wrong:3224 actu_right: 43561 actu_wrong: 3239
2026-07-20 20:58:41,663 P2017787 INFO pr:0.7183  rc:0.6998  auc:0.9572 ap:0.8990 f1: 0.7089 pred_right: 17908 pred_wrong:1292 actu_right: 17874 actu_wrong: 1326
2026-07-20 20:58:41,669 P2017787 INFO ----------------------------------------------------------------------------------------------------
2026-07-20 20:58:41,669 P2017787 INFO 8/300 starting... lr: 0.001 para:0.1111111119389534
2026-07-20 20:58:42,934 P2017787 INFO Epoch 8/300, all_loss:3.71069 cls_loss:4.09833 rec_loss:0.60950 [1.26s]; best loss:3.71069, patience : 0
2026-07-20 20:58:43,506 P2017787 INFO pr:0.9804  rc:0.5093  auc:0.9720 ap:0.9250 f1: 0.6703 pred_right: 45116 pred_wrong:1684 actu_right: 43558 actu_wrong: 3242
2026-07-20 20:58:43,699 P2017787 INFO pr:0.9650  rc:0.4789  auc:0.9649 ap:0.9107 f1: 0.6401 pred_right: 18542 pred_wrong:658 actu_right: 17874 actu_wrong: 1326
2026-07-20 20:58:43,699 P2017787 INFO ----------------------------------------------------------------------------------------------------
2026-07-20 20:58:43,700 P2017787 INFO 9/300 starting... lr: 0.001 para:0.10000000149011612
2026-07-20 20:58:44,887 P2017787 INFO Epoch 9/300, all_loss:3.47073 cls_loss:3.79067 rec_loss:0.59135 [1.18s]; best loss:3.47073, patience : 0
2026-07-20 20:58:45,383 P2017787 INFO pr:0.9438  rc:0.6793  auc:0.9817 ap:0.9497 f1: 0.7900 pred_right: 44468 pred_wrong:2332 actu_right: 43560 actu_wrong: 3240
2026-07-20 20:58:45,647 P2017787 INFO pr:0.9317  rc:0.6486  auc:0.9739 ap:0.9362 f1: 0.7648 pred_right: 18277 pred_wrong:923 actu_right: 17874 actu_wrong: 1326
2026-07-20 20:58:45,653 P2017787 INFO ----------------------------------------------------------------------------------------------------
2026-07-20 20:58:45,654 P2017787 INFO 10/300 starting... lr: 0.001 para:0.09090909361839294
2026-07-20 20:58:48,298 P2017787 INFO Epoch 10/300, all_loss:2.71384 cls_loss:2.92205 rec_loss:0.63172 [2.64s]; best loss:2.71384, patience : 0
2026-07-20 20:58:48,709 P2017787 INFO pr:0.9438  rc:0.7153  auc:0.9866 ap:0.9619 f1: 0.8138 pred_right: 44345 pred_wrong:2455 actu_right: 43561 actu_wrong: 3239
2026-07-20 20:58:48,855 P2017787 INFO pr:0.9219  rc:0.6584  auc:0.9776 ap:0.9450 f1: 0.7681 pred_right: 18253 pred_wrong:947 actu_right: 17874 actu_wrong: 1326
2026-07-20 20:58:48,859 P2017787 INFO ----------------------------------------------------------------------------------------------------
2026-07-20 20:58:48,860 P2017787 INFO 11/300 starting... lr: 0.001 para:0.0833333358168602
2026-07-20 20:58:49,783 P2017787 INFO Epoch 11/300, all_loss:2.07050 cls_loss:2.19859 rec_loss:0.66151 [0.92s]; best loss:2.07050, patience : 0
2026-07-20 20:58:50,155 P2017787 INFO pr:0.9617  rc:0.7354  auc:0.9898 ap:0.9713 f1: 0.8334 pred_right: 44318 pred_wrong:2482 actu_right: 43554 actu_wrong: 3246
2026-07-20 20:58:50,306 P2017787 INFO pr:0.9577  rc:0.6825  auc:0.9823 ap:0.9574 f1: 0.7970 pred_right: 18255 pred_wrong:945 actu_right: 17874 actu_wrong: 1326
2026-07-20 20:58:50,310 P2017787 INFO ----------------------------------------------------------------------------------------------------
2026-07-20 20:58:50,310 P2017787 INFO 12/300 starting... lr: 0.001 para:0.07692307978868484
2026-07-20 20:58:51,203 P2017787 INFO Epoch 12/300, all_loss:1.62878 cls_loss:1.70737 rec_loss:0.68565 [0.89s]; best loss:1.62878, patience : 0
2026-07-20 20:58:51,573 P2017787 INFO pr:0.8964  rc:0.8926  auc:0.9924 ap:0.9774 f1: 0.8945 pred_right: 43575 pred_wrong:3225 actu_right: 43561 actu_wrong: 3239
2026-07-20 20:58:51,729 P2017787 INFO pr:0.8750  rc:0.8605  auc:0.9868 ap:0.9673 f1: 0.8677 pred_right: 17896 pred_wrong:1304 actu_right: 17874 actu_wrong: 1326
2026-07-20 20:58:51,734 P2017787 INFO ----------------------------------------------------------------------------------------------------
2026-07-20 20:58:51,734 P2017787 INFO 13/300 starting... lr: 0.001 para:0.0714285746216774
2026-07-20 20:58:52,671 P2017787 INFO Epoch 13/300, all_loss:1.31902 cls_loss:1.36640 rec_loss:0.70305 [0.93s]; best loss:1.31902, patience : 0
2026-07-20 20:58:53,024 P2017787 INFO pr:0.9179  rc:0.9182  auc:0.9934 ap:0.9832 f1: 0.9180 pred_right: 43560 pred_wrong:3240 actu_right: 43561 actu_wrong: 3239
2026-07-20 20:58:53,204 P2017787 INFO pr:0.9000  rc:0.8688  auc:0.9865 ap:0.9709 f1: 0.8841 pred_right: 17920 pred_wrong:1280 actu_right: 17874 actu_wrong: 1326
2026-07-20 20:58:53,212 P2017787 INFO ----------------------------------------------------------------------------------------------------
2026-07-20 20:58:53,212 P2017787 INFO 14/300 starting... lr: 0.001 para:0.06666667014360428
2026-07-20 20:58:54,372 P2017787 INFO Epoch 14/300, all_loss:1.29227 cls_loss:1.33672 rec_loss:0.67000 [1.15s]; best loss:1.29227, patience : 0
2026-07-20 20:58:54,835 P2017787 INFO pr:0.9569  rc:0.8358  auc:0.9935 ap:0.9806 f1: 0.8922 pred_right: 43971 pred_wrong:2829 actu_right: 43561 actu_wrong: 3239
2026-07-20 20:58:55,022 P2017787 INFO pr:0.9389  rc:0.7768  auc:0.9856 ap:0.9665 f1: 0.8502 pred_right: 18103 pred_wrong:1097 actu_right: 17874 actu_wrong: 1326
2026-07-20 20:58:55,023 P2017787 INFO ----------------------------------------------------------------------------------------------------
2026-07-20 20:58:55,023 P2017787 INFO 15/300 starting... lr: 0.001 para:0.0625
2026-07-20 20:58:56,284 P2017787 INFO Epoch 15/300, all_loss:1.13182 cls_loss:1.16331 rec_loss:0.65944 [1.25s]; best loss:1.13182, patience : 0
2026-07-20 20:58:56,763 P2017787 INFO pr:0.9712  rc:0.8624  auc:0.9940 ap:0.9847 f1: 0.9136 pred_right: 43921 pred_wrong:2879 actu_right: 43558 actu_wrong: 3242
2026-07-20 20:58:56,936 P2017787 INFO pr:0.9447  rc:0.8115  auc:0.9874 ap:0.9721 f1: 0.8730 pred_right: 18061 pred_wrong:1139 actu_right: 17874 actu_wrong: 1326
2026-07-20 20:58:56,937 P2017787 INFO ----------------------------------------------------------------------------------------------------
2026-07-20 20:58:56,937 P2017787 INFO 16/300 starting... lr: 0.001 para:0.05882352963089943
2026-07-20 20:58:58,054 P2017787 INFO Epoch 16/300, all_loss:1.05382 cls_loss:1.07793 rec_loss:0.66814 [1.11s]; best loss:1.05382, patience : 0
2026-07-20 20:58:58,427 P2017787 INFO pr:0.9384  rc:0.9114  auc:0.9941 ap:0.9846 f1: 0.9247 pred_right: 43652 pred_wrong:3148 actu_right: 43559 actu_wrong: 3241
2026-07-20 20:58:58,584 P2017787 INFO pr:0.9089  rc:0.8582  auc:0.9870 ap:0.9718 f1: 0.8829 pred_right: 17948 pred_wrong:1252 actu_right: 17874 actu_wrong: 1326
2026-07-20 20:58:58,589 P2017787 INFO ----------------------------------------------------------------------------------------------------
2026-07-20 20:58:58,589 P2017787 INFO 17/300 starting... lr: 0.001 para:0.0555555559694767
2026-07-20 20:58:59,692 P2017787 INFO Epoch 17/300, all_loss:1.12985 cls_loss:1.15827 rec_loss:0.64667 [1.10s]; best loss:1.05382, patience : 1
2026-07-20 20:59:00,071 P2017787 INFO pr:0.9749  rc:0.8509  auc:0.9943 ap:0.9857 f1: 0.9087 pred_right: 43972 pred_wrong:2828 actu_right: 43560 actu_wrong: 3240
2026-07-20 20:59:00,229 P2017787 INFO pr:0.9601  rc:0.7979  auc:0.9888 ap:0.9743 f1: 0.8715 pred_right: 18098 pred_wrong:1102 actu_right: 17874 actu_wrong: 1326
2026-07-20 20:59:00,229 P2017787 INFO ----------------------------------------------------------------------------------------------------
2026-07-20 20:59:00,229 P2017787 INFO 18/300 starting... lr: 0.001 para:0.05263157933950424
2026-07-20 20:59:02,307 P2017787 INFO Epoch 18/300, all_loss:0.94718 cls_loss:0.96407 rec_loss:0.64329 [2.07s]; best loss:0.94718, patience : 0
2026-07-20 20:59:03,020 P2017787 INFO pr:0.8363  rc:0.9707  auc:0.9949 ap:0.9869 f1: 0.8985 pred_right: 43038 pred_wrong:3762 actu_right: 43559 actu_wrong: 3241
2026-07-20 20:59:03,766 P2017787 INFO pr:0.7899  rc:0.9525  auc:0.9883 ap:0.9751 f1: 0.8636 pred_right: 17601 pred_wrong:1599 actu_right: 17874 actu_wrong: 1326
2026-07-20 20:59:03,770 P2017787 INFO ----------------------------------------------------------------------------------------------------
2026-07-20 20:59:03,771 P2017787 INFO 19/300 starting... lr: 0.001 para:0.05000000074505806
2026-07-20 20:59:06,873 P2017787 INFO Epoch 19/300, all_loss:0.91252 cls_loss:0.92605 rec_loss:0.65536 [3.09s]; best loss:0.91252, patience : 0
2026-07-20 20:59:07,747 P2017787 INFO pr:0.9192  rc:0.9506  auc:0.9948 ap:0.9877 f1: 0.9346 pred_right: 43448 pred_wrong:3352 actu_right: 43559 actu_wrong: 3241
2026-07-20 20:59:08,144 P2017787 INFO pr:0.9012  rc:0.9216  auc:0.9893 ap:0.9763 f1: 0.9113 pred_right: 17844 pred_wrong:1356 actu_right: 17874 actu_wrong: 1326
2026-07-20 20:59:08,152 P2017787 INFO ----------------------------------------------------------------------------------------------------
2026-07-20 20:59:08,152 P2017787 INFO 20/300 starting... lr: 0.001 para:0.0476190485060215
2026-07-20 20:59:11,066 P2017787 INFO Epoch 20/300, all_loss:0.98579 cls_loss:1.00283 rec_loss:0.64518 [2.91s]; best loss:0.91252, patience : 1
2026-07-20 20:59:12,470 P2017787 INFO pr:0.9757  rc:0.8661  auc:0.9939 ap:0.9868 f1: 0.9176 pred_right: 43922 pred_wrong:2878 actu_right: 43558 actu_wrong: 3242
2026-07-20 20:59:12,814 P2017787 INFO pr:0.9576  rc:0.8009  auc:0.9868 ap:0.9734 f1: 0.8723 pred_right: 18091 pred_wrong:1109 actu_right: 17874 actu_wrong: 1326
2026-07-20 20:59:12,815 P2017787 INFO ----------------------------------------------------------------------------------------------------
2026-07-20 20:59:12,815 P2017787 INFO 21/300 starting... lr: 0.001 para:0.04545454680919647
2026-07-20 20:59:15,409 P2017787 INFO Epoch 21/300, all_loss:0.86233 cls_loss:0.87244 rec_loss:0.64995 [2.59s]; best loss:0.86233, patience : 0
2026-07-20 20:59:16,034 P2017787 INFO pr:0.9746  rc:0.8292  auc:0.9942 ap:0.9854 f1: 0.8961 pred_right: 44040 pred_wrong:2760 actu_right: 43556 actu_wrong: 3244
2026-07-20 20:59:16,259 P2017787 INFO pr:0.9452  rc:0.7677  auc:0.9879 ap:0.9696 f1: 0.8473 pred_right: 18123 pred_wrong:1077 actu_right: 17874 actu_wrong: 1326
2026-07-20 20:59:16,259 P2017787 INFO ----------------------------------------------------------------------------------------------------
2026-07-20 20:59:16,259 P2017787 INFO 22/300 starting... lr: 0.001 para:0.043478261679410934
2026-07-20 20:59:17,624 P2017787 INFO Epoch 22/300, all_loss:0.86081 cls_loss:0.87071 rec_loss:0.64292 [1.36s]; best loss:0.86081, patience : 0
2026-07-20 20:59:18,065 P2017787 INFO pr:0.9546  rc:0.9210  auc:0.9946 ap:0.9879 f1: 0.9375 pred_right: 43672 pred_wrong:3128 actu_right: 43558 actu_wrong: 3242
2026-07-20 20:59:18,258 P2017787 INFO pr:0.9318  rc:0.8763  auc:0.9893 ap:0.9758 f1: 0.9032 pred_right: 17953 pred_wrong:1247 actu_right: 17874 actu_wrong: 1326
2026-07-20 20:59:18,263 P2017787 INFO ----------------------------------------------------------------------------------------------------
2026-07-20 20:59:18,264 P2017787 INFO 23/300 starting... lr: 0.001 para:0.0416666679084301
2026-07-20 20:59:19,493 P2017787 INFO Epoch 23/300, all_loss:0.81493 cls_loss:0.82380 rec_loss:0.61097 [1.22s]; best loss:0.81493, patience : 0
2026-07-20 20:59:20,001 P2017787 INFO pr:0.9512  rc:0.9327  auc:0.9952 ap:0.9886 f1: 0.9419 pred_right: 43624 pred_wrong:3176 actu_right: 43561 actu_wrong: 3239
2026-07-20 20:59:20,217 P2017787 INFO pr:0.9295  rc:0.8952  auc:0.9890 ap:0.9764 f1: 0.9120 pred_right: 17923 pred_wrong:1277 actu_right: 17874 actu_wrong: 1326
2026-07-20 20:59:20,223 P2017787 INFO ----------------------------------------------------------------------------------------------------
2026-07-20 20:59:20,223 P2017787 INFO 24/300 starting... lr: 0.001 para:0.03999999910593033
2026-07-20 20:59:21,525 P2017787 INFO Epoch 24/300, all_loss:0.55700 cls_loss:0.55279 rec_loss:0.65797 [1.29s]; best loss:0.55700, patience : 0
2026-07-20 20:59:22,000 P2017787 INFO pr:0.9303  rc:0.9343  auc:0.9940 ap:0.9873 f1: 0.9323 pred_right: 43542 pred_wrong:3258 actu_right: 43556 actu_wrong: 3244
2026-07-20 20:59:22,184 P2017787 INFO pr:0.9069  rc:0.8959  auc:0.9868 ap:0.9738 f1: 0.9014 pred_right: 17890 pred_wrong:1310 actu_right: 17874 actu_wrong: 1326
2026-07-20 20:59:22,185 P2017787 INFO ----------------------------------------------------------------------------------------------------
2026-07-20 20:59:22,185 P2017787 INFO 25/300 starting... lr: 0.001 para:0.03846153989434242
2026-07-20 20:59:23,397 P2017787 INFO Epoch 25/300, all_loss:0.68164 cls_loss:0.68323 rec_loss:0.64188 [1.21s]; best loss:0.55700, patience : 1
2026-07-20 20:59:23,913 P2017787 INFO pr:0.9308  rc:0.9512  auc:0.9956 ap:0.9887 f1: 0.9409 pred_right: 43491 pred_wrong:3309 actu_right: 43562 actu_wrong: 3238
2026-07-20 20:59:24,130 P2017787 INFO pr:0.8972  rc:0.9284  auc:0.9900 ap:0.9779 f1: 0.9125 pred_right: 17828 pred_wrong:1372 actu_right: 17874 actu_wrong: 1326
2026-07-20 20:59:24,131 P2017787 INFO ----------------------------------------------------------------------------------------------------
2026-07-20 20:59:24,131 P2017787 INFO 26/300 starting... lr: 0.001 para:0.03703703731298447
2026-07-20 20:59:25,334 P2017787 INFO Epoch 26/300, all_loss:0.72535 cls_loss:0.72920 rec_loss:0.62508 [1.20s]; best loss:0.55700, patience : 2
2026-07-20 20:59:25,804 P2017787 INFO pr:0.9788  rc:0.8839  auc:0.9950 ap:0.9892 f1: 0.9289 pred_right: 43875 pred_wrong:2925 actu_right: 43561 actu_wrong: 3239
2026-07-20 20:59:26,004 P2017787 INFO pr:0.9657  rc:0.8288  auc:0.9891 ap:0.9775 f1: 0.8920 pred_right: 18062 pred_wrong:1138 actu_right: 17874 actu_wrong: 1326
2026-07-20 20:59:26,005 P2017787 INFO ----------------------------------------------------------------------------------------------------
2026-07-20 20:59:26,005 P2017787 INFO 27/300 starting... lr: 0.001 para:0.0357142873108387
2026-07-20 20:59:27,202 P2017787 INFO Epoch 27/300, all_loss:0.68741 cls_loss:0.68966 rec_loss:0.62668 [1.20s]; best loss:0.55700, patience : 2
2026-07-20 20:59:27,675 P2017787 INFO pr:0.9531  rc:0.9216  auc:0.9936 ap:0.9870 f1: 0.9370 pred_right: 43669 pred_wrong:3131 actu_right: 43562 actu_wrong: 3238
2026-07-20 20:59:27,945 P2017787 INFO pr:0.9233  rc:0.8710  auc:0.9868 ap:0.9727 f1: 0.8964 pred_right: 17949 pred_wrong:1251 actu_right: 17874 actu_wrong: 1326
2026-07-20 20:59:27,945 P2017787 INFO ----------------------------------------------------------------------------------------------------
2026-07-20 20:59:27,946 P2017787 INFO 28/300 starting... lr: 0.001 para:0.03448275849223137
2026-07-20 20:59:29,376 P2017787 INFO Epoch 28/300, all_loss:0.61606 cls_loss:0.61596 rec_loss:0.61885 [1.43s]; best loss:0.55700, patience : 2
2026-07-20 20:59:29,954 P2017787 INFO pr:0.8700  rc:0.9457  auc:0.9954 ap:0.9852 f1: 0.9063 pred_right: 43277 pred_wrong:3523 actu_right: 43559 actu_wrong: 3241
2026-07-20 20:59:30,138 P2017787 INFO pr:0.8358  rc:0.9253  auc:0.9901 ap:0.9728 f1: 0.8783 pred_right: 17732 pred_wrong:1468 actu_right: 17874 actu_wrong: 1326
2026-07-20 20:59:30,139 P2017787 INFO ----------------------------------------------------------------------------------------------------
2026-07-20 20:59:30,139 P2017787 INFO 29/300 starting... lr: 0.001 para:0.03333333507180214
2026-07-20 20:59:31,320 P2017787 INFO Epoch 29/300, all_loss:0.80416 cls_loss:0.81127 rec_loss:0.59806 [1.18s]; best loss:0.55700, patience : 3
2026-07-20 20:59:31,818 P2017787 INFO pr:0.9207  rc:0.9602  auc:0.9933 ap:0.9888 f1: 0.9400 pred_right: 43421 pred_wrong:3379 actu_right: 43560 actu_wrong: 3240
2026-07-20 20:59:32,029 P2017787 INFO pr:0.8833  rc:0.9359  auc:0.9861 ap:0.9778 f1: 0.9088 pred_right: 17795 pred_wrong:1405 actu_right: 17874 actu_wrong: 1326
2026-07-20 20:59:32,030 P2017787 INFO ----------------------------------------------------------------------------------------------------
2026-07-20 20:59:32,030 P2017787 INFO 30/300 starting... lr: 0.001 para:0.032258063554763794
2026-07-20 20:59:33,233 P2017787 INFO Epoch 30/300, all_loss:0.61435 cls_loss:0.61343 rec_loss:0.64204 [1.20s]; best loss:0.55700, patience : 3
2026-07-20 20:59:33,701 P2017787 INFO pr:0.9571  rc:0.9358  auc:0.9942 ap:0.9891 f1: 0.9464 pred_right: 43630 pred_wrong:3170 actu_right: 43558 actu_wrong: 3242
2026-07-20 20:59:33,900 P2017787 INFO pr:0.9237  rc:0.8952  auc:0.9876 ap:0.9766 f1: 0.9092 pred_right: 17915 pred_wrong:1285 actu_right: 17874 actu_wrong: 1326
2026-07-20 20:59:33,905 P2017787 INFO ----------------------------------------------------------------------------------------------------
2026-07-20 20:59:33,905 P2017787 INFO 31/300 starting... lr: 0.001 para:0.03125
2026-07-20 20:59:35,126 P2017787 INFO Epoch 31/300, all_loss:0.65082 cls_loss:0.65197 rec_loss:0.61516 [1.22s]; best loss:0.55700, patience : 4
2026-07-20 20:59:35,629 P2017787 INFO pr:0.9608  rc:0.9453  auc:0.9954 ap:0.9910 f1: 0.9530 pred_right: 43614 pred_wrong:3186 actu_right: 43562 actu_wrong: 3238
2026-07-20 20:59:35,837 P2017787 INFO pr:0.9374  rc:0.9140  auc:0.9892 ap:0.9789 f1: 0.9255 pred_right: 17907 pred_wrong:1293 actu_right: 17874 actu_wrong: 1326
2026-07-20 20:59:35,843 P2017787 INFO ----------------------------------------------------------------------------------------------------
2026-07-20 20:59:35,843 P2017787 INFO 32/300 starting... lr: 0.001 para:0.03030303120613098
2026-07-20 20:59:37,096 P2017787 INFO Epoch 32/300, all_loss:0.64720 cls_loss:0.64872 rec_loss:0.59862 [1.25s]; best loss:0.55700, patience : 4
2026-07-20 20:59:37,570 P2017787 INFO pr:0.9192  rc:0.9527  auc:0.9948 ap:0.9890 f1: 0.9357 pred_right: 43445 pred_wrong:3355 actu_right: 43563 actu_wrong: 3237
2026-07-20 20:59:37,765 P2017787 INFO pr:0.8909  rc:0.9178  auc:0.9882 ap:0.9773 f1: 0.9042 pred_right: 17834 pred_wrong:1366 actu_right: 17874 actu_wrong: 1326
2026-07-20 20:59:37,766 P2017787 INFO ----------------------------------------------------------------------------------------------------
2026-07-20 20:59:37,766 P2017787 INFO 33/300 starting... lr: 0.001 para:0.029411764815449715
2026-07-20 20:59:39,015 P2017787 INFO Epoch 33/300, all_loss:0.55387 cls_loss:0.55130 rec_loss:0.63862 [1.24s]; best loss:0.55387, patience : 0
2026-07-20 20:59:39,510 P2017787 INFO pr:0.9230  rc:0.9620  auc:0.9953 ap:0.9899 f1: 0.9421 pred_right: 43422 pred_wrong:3378 actu_right: 43559 actu_wrong: 3241
2026-07-20 20:59:39,705 P2017787 INFO pr:0.8884  rc:0.9367  auc:0.9899 ap:0.9793 f1: 0.9119 pred_right: 17802 pred_wrong:1398 actu_right: 17874 actu_wrong: 1326
2026-07-20 20:59:39,706 P2017787 INFO ----------------------------------------------------------------------------------------------------
2026-07-20 20:59:39,706 P2017787 INFO 34/300 starting... lr: 0.001 para:0.02857142873108387
2026-07-20 20:59:40,884 P2017787 INFO Epoch 34/300, all_loss:0.50684 cls_loss:0.50437 rec_loss:0.59068 [1.17s]; best loss:0.50684, patience : 0
2026-07-20 20:59:41,312 P2017787 INFO pr:0.9646  rc:0.9250  auc:0.9953 ap:0.9902 f1: 0.9444 pred_right: 43694 pred_wrong:3106 actu_right: 43561 actu_wrong: 3239
2026-07-20 20:59:41,489 P2017787 INFO pr:0.9472  rc:0.8793  auc:0.9894 ap:0.9777 f1: 0.9120 pred_right: 17969 pred_wrong:1231 actu_right: 17874 actu_wrong: 1326
2026-07-20 20:59:41,490 P2017787 INFO ----------------------------------------------------------------------------------------------------
2026-07-20 20:59:41,490 P2017787 INFO 35/300 starting... lr: 0.001 para:0.02777777798473835
2026-07-20 20:59:42,631 P2017787 INFO Epoch 35/300, all_loss:0.48239 cls_loss:0.47951 rec_loss:0.58343 [1.14s]; best loss:0.48239, patience : 0
2026-07-20 20:59:43,126 P2017787 INFO pr:0.9454  rc:0.9506  auc:0.9948 ap:0.9897 f1: 0.9480 pred_right: 43540 pred_wrong:3260 actu_right: 43558 actu_wrong: 3242
2026-07-20 20:59:43,306 P2017787 INFO pr:0.9189  rc:0.9148  auc:0.9889 ap:0.9785 f1: 0.9169 pred_right: 17880 pred_wrong:1320 actu_right: 17874 actu_wrong: 1326
2026-07-20 20:59:43,306 P2017787 INFO ----------------------------------------------------------------------------------------------------
2026-07-20 20:59:43,306 P2017787 INFO 36/300 starting... lr: 0.001 para:0.027027027681469917
2026-07-20 20:59:44,420 P2017787 INFO Epoch 36/300, all_loss:0.45157 cls_loss:0.44726 rec_loss:0.60645 [1.11s]; best loss:0.45157, patience : 0
2026-07-20 20:59:44,912 P2017787 INFO pr:0.9843  rc:0.8707  auc:0.9942 ap:0.9885 f1: 0.9240 pred_right: 43933 pred_wrong:2867 actu_right: 43559 actu_wrong: 3241
2026-07-20 20:59:45,118 P2017787 INFO pr:0.9693  rc:0.8107  auc:0.9883 ap:0.9759 f1: 0.8830 pred_right: 18091 pred_wrong:1109 actu_right: 17874 actu_wrong: 1326
2026-07-20 20:59:45,118 P2017787 INFO ----------------------------------------------------------------------------------------------------
2026-07-20 20:59:45,118 P2017787 INFO 37/300 starting... lr: 0.001 para:0.02631578966975212
2026-07-20 20:59:46,263 P2017787 INFO Epoch 37/300, all_loss:0.69336 cls_loss:0.69614 rec_loss:0.59074 [1.14s]; best loss:0.45157, patience : 1
2026-07-20 20:59:46,714 P2017787 INFO pr:0.9591  rc:0.9035  auc:0.9896 ap:0.9841 f1: 0.9304 pred_right: 43746 pred_wrong:3054 actu_right: 43558 actu_wrong: 3242
2026-07-20 20:59:46,903 P2017787 INFO pr:0.9420  rc:0.8575  auc:0.9817 ap:0.9710 f1: 0.8977 pred_right: 17993 pred_wrong:1207 actu_right: 17874 actu_wrong: 1326
2026-07-20 20:59:46,903 P2017787 INFO ----------------------------------------------------------------------------------------------------
2026-07-20 20:59:46,903 P2017787 INFO 38/300 starting... lr: 0.001 para:0.025641025975346565
2026-07-20 20:59:48,094 P2017787 INFO Epoch 38/300, all_loss:0.70505 cls_loss:0.70888 rec_loss:0.55950 [1.19s]; best loss:0.45157, patience : 2
2026-07-20 20:59:48,634 P2017787 INFO pr:0.9675  rc:0.9266  auc:0.9963 ap:0.9899 f1: 0.9466 pred_right: 43695 pred_wrong:3105 actu_right: 43558 actu_wrong: 3242
2026-07-20 20:59:48,847 P2017787 INFO pr:0.9428  rc:0.8824  auc:0.9909 ap:0.9784 f1: 0.9116 pred_right: 17959 pred_wrong:1241 actu_right: 17874 actu_wrong: 1326
2026-07-20 20:59:48,848 P2017787 INFO ----------------------------------------------------------------------------------------------------
2026-07-20 20:59:48,848 P2017787 INFO 39/300 starting... lr: 0.001 para:0.02500000037252903
2026-07-20 20:59:50,090 P2017787 INFO Epoch 39/300, all_loss:0.41020 cls_loss:0.40507 rec_loss:0.61024 [1.24s]; best loss:0.41020, patience : 0
2026-07-20 20:59:50,591 P2017787 INFO pr:0.9439  rc:0.9506  auc:0.9957 ap:0.9902 f1: 0.9473 pred_right: 43537 pred_wrong:3263 actu_right: 43560 actu_wrong: 3240
2026-07-20 20:59:50,799 P2017787 INFO pr:0.9177  rc:0.9080  auc:0.9905 ap:0.9780 f1: 0.9128 pred_right: 17888 pred_wrong:1312 actu_right: 17874 actu_wrong: 1326
2026-07-20 20:59:50,799 P2017787 INFO ----------------------------------------------------------------------------------------------------
2026-07-20 20:59:50,799 P2017787 INFO 40/300 starting... lr: 0.001 para:0.024390242993831635
2026-07-20 20:59:51,995 P2017787 INFO Epoch 40/300, all_loss:0.50738 cls_loss:0.50558 rec_loss:0.57943 [1.19s]; best loss:0.41020, patience : 1
2026-07-20 20:59:52,581 P2017787 INFO pr:0.9574  rc:0.9370  auc:0.9947 ap:0.9888 f1: 0.9471 pred_right: 43629 pred_wrong:3171 actu_right: 43560 actu_wrong: 3240
2026-07-20 20:59:52,769 P2017787 INFO pr:0.9268  rc:0.8982  auc:0.9873 ap:0.9756 f1: 0.9123 pred_right: 17915 pred_wrong:1285 actu_right: 17874 actu_wrong: 1326
2026-07-20 20:59:52,769 P2017787 INFO ----------------------------------------------------------------------------------------------------
2026-07-20 20:59:52,769 P2017787 INFO 41/300 starting... lr: 0.001 para:0.02380952425301075
2026-07-20 20:59:53,939 P2017787 INFO Epoch 41/300, all_loss:0.49270 cls_loss:0.48988 rec_loss:0.60816 [1.17s]; best loss:0.41020, patience : 1
2026-07-20 20:59:54,410 P2017787 INFO pr:0.9423  rc:0.9423  auc:0.9965 ap:0.9867 f1: 0.9423 pred_right: 43558 pred_wrong:3242 actu_right: 43558 actu_wrong: 3242
2026-07-20 20:59:54,601 P2017787 INFO pr:0.9135  rc:0.9080  auc:0.9910 ap:0.9727 f1: 0.9107 pred_right: 17882 pred_wrong:1318 actu_right: 17874 actu_wrong: 1326
2026-07-20 20:59:54,601 P2017787 INFO ----------------------------------------------------------------------------------------------------
2026-07-20 20:59:54,601 P2017787 INFO 42/300 starting... lr: 0.001 para:0.023255813866853714
2026-07-20 20:59:55,706 P2017787 INFO Epoch 42/300, all_loss:0.42934 cls_loss:0.42576 rec_loss:0.57946 [1.10s]; best loss:0.41020, patience : 1
2026-07-20 20:59:56,112 P2017787 INFO pr:0.9383  rc:0.9629  auc:0.9950 ap:0.9903 f1: 0.9504 pred_right: 43478 pred_wrong:3322 actu_right: 43563 actu_wrong: 3237
2026-07-20 20:59:56,287 P2017787 INFO pr:0.9138  rc:0.9359  auc:0.9897 ap:0.9788 f1: 0.9247 pred_right: 17842 pred_wrong:1358 actu_right: 17874 actu_wrong: 1326
2026-07-20 20:59:56,287 P2017787 INFO ----------------------------------------------------------------------------------------------------
2026-07-20 20:59:56,288 P2017787 INFO 43/300 starting... lr: 0.001 para:0.022727273404598236
2026-07-20 20:59:57,415 P2017787 INFO Epoch 43/300, all_loss:0.37014 cls_loss:0.36484 rec_loss:0.59843 [1.12s]; best loss:0.37014, patience : 0
2026-07-20 20:59:57,886 P2017787 INFO pr:0.9377  rc:0.9531  auc:0.9947 ap:0.9884 f1: 0.9453 pred_right: 43508 pred_wrong:3292 actu_right: 43561 actu_wrong: 3239
2026-07-20 20:59:58,087 P2017787 INFO pr:0.9133  rc:0.9216  auc:0.9894 ap:0.9758 f1: 0.9174 pred_right: 17862 pred_wrong:1338 actu_right: 17874 actu_wrong: 1326
2026-07-20 20:59:58,088 P2017787 INFO ----------------------------------------------------------------------------------------------------
2026-07-20 20:59:58,088 P2017787 INFO 44/300 starting... lr: 0.001 para:0.02222222276031971
2026-07-20 20:59:59,315 P2017787 INFO Epoch 44/300, all_loss:0.37145 cls_loss:0.36609 rec_loss:0.60724 [1.23s]; best loss:0.37014, patience : 1
2026-07-20 20:59:59,814 P2017787 INFO pr:0.9424  rc:0.9435  auc:0.9953 ap:0.9896 f1: 0.9429 pred_right: 43556 pred_wrong:3244 actu_right: 43560 actu_wrong: 3240
2026-07-20 21:00:00,024 P2017787 INFO pr:0.9056  rc:0.9193  auc:0.9903 ap:0.9757 f1: 0.9124 pred_right: 17854 pred_wrong:1346 actu_right: 17874 actu_wrong: 1326
2026-07-20 21:00:00,024 P2017787 INFO ----------------------------------------------------------------------------------------------------
2026-07-20 21:00:00,025 P2017787 INFO 45/300 starting... lr: 0.001 para:0.021739130839705467
2026-07-20 21:00:01,311 P2017787 INFO Epoch 45/300, all_loss:0.40078 cls_loss:0.39587 rec_loss:0.62133 [1.29s]; best loss:0.37014, patience : 2
2026-07-20 21:00:01,835 P2017787 INFO pr:0.9094  rc:0.9667  auc:0.9939 ap:0.9876 f1: 0.9372 pred_right: 43356 pred_wrong:3444 actu_right: 43560 actu_wrong: 3240
2026-07-20 21:00:02,042 P2017787 INFO pr:0.8921  rc:0.9419  auc:0.9869 ap:0.9753 f1: 0.9164 pred_right: 17800 pred_wrong:1400 actu_right: 17874 actu_wrong: 1326
2026-07-20 21:00:02,042 P2017787 INFO ----------------------------------------------------------------------------------------------------
2026-07-20 21:00:02,042 P2017787 INFO 46/300 starting... lr: 0.001 para:0.021276595070958138
2026-07-20 21:00:03,264 P2017787 INFO Epoch 46/300, all_loss:0.41615 cls_loss:0.41238 rec_loss:0.58946 [1.22s]; best loss:0.37014, patience : 3
2026-07-20 21:00:03,759 P2017787 INFO pr:0.9655  rc:0.9321  auc:0.9948 ap:0.9903 f1: 0.9485 pred_right: 43671 pred_wrong:3129 actu_right: 43559 actu_wrong: 3241
2026-07-20 21:00:03,990 P2017787 INFO pr:0.9377  rc:0.8974  auc:0.9899 ap:0.9776 f1: 0.9171 pred_right: 17931 pred_wrong:1269 actu_right: 17874 actu_wrong: 1326
2026-07-20 21:00:03,991 P2017787 INFO ----------------------------------------------------------------------------------------------------
2026-07-20 21:00:03,991 P2017787 INFO 47/300 starting... lr: 0.001 para:0.02083333395421505
2026-07-20 21:00:05,155 P2017787 INFO Epoch 47/300, all_loss:0.34037 cls_loss:0.33519 rec_loss:0.58352 [1.16s]; best loss:0.34037, patience : 0
2026-07-20 21:00:05,568 P2017787 INFO pr:0.9309  rc:0.9556  auc:0.9951 ap:0.9896 f1: 0.9431 pred_right: 43473 pred_wrong:3327 actu_right: 43559 actu_wrong: 3241
2026-07-20 21:00:05,746 P2017787 INFO pr:0.8995  rc:0.9178  auc:0.9896 ap:0.9767 f1: 0.9085 pred_right: 17847 pred_wrong:1353 actu_right: 17874 actu_wrong: 1326
2026-07-20 21:00:05,746 P2017787 INFO ----------------------------------------------------------------------------------------------------
2026-07-20 21:00:05,746 P2017787 INFO 48/300 starting... lr: 0.001 para:0.020408162847161293
2026-07-20 21:00:06,979 P2017787 INFO Epoch 48/300, all_loss:0.40027 cls_loss:0.39660 rec_loss:0.57682 [1.23s]; best loss:0.34037, patience : 1
2026-07-20 21:00:07,463 P2017787 INFO pr:0.9367  rc:0.9546  auc:0.9950 ap:0.9893 f1: 0.9455 pred_right: 43500 pred_wrong:3300 actu_right: 43562 actu_wrong: 3238
2026-07-20 21:00:07,668 P2017787 INFO pr:0.9151  rc:0.9268  auc:0.9906 ap:0.9772 f1: 0.9209 pred_right: 17857 pred_wrong:1343 actu_right: 17874 actu_wrong: 1326
2026-07-20 21:00:07,668 P2017787 INFO ----------------------------------------------------------------------------------------------------
2026-07-20 21:00:07,669 P2017787 INFO 49/300 starting... lr: 0.001 para:0.019999999552965164
2026-07-20 21:00:08,845 P2017787 INFO Epoch 49/300, all_loss:0.38082 cls_loss:0.37677 rec_loss:0.57956 [1.18s]; best loss:0.34037, patience : 1
2026-07-20 21:00:09,316 P2017787 INFO pr:0.9132  rc:0.9617  auc:0.9951 ap:0.9887 f1: 0.9369 pred_right: 43388 pred_wrong:3412 actu_right: 43560 actu_wrong: 3240
2026-07-20 21:00:09,517 P2017787 INFO pr:0.8887  rc:0.9397  auc:0.9898 ap:0.9736 f1: 0.9135 pred_right: 17798 pred_wrong:1402 actu_right: 17874 actu_wrong: 1326
2026-07-20 21:00:09,518 P2017787 INFO ----------------------------------------------------------------------------------------------------
2026-07-20 21:00:09,518 P2017787 INFO 50/300 starting... lr: 0.001 para:0.019607843831181526
2026-07-20 21:00:10,745 P2017787 INFO Epoch 50/300, all_loss:0.31114 cls_loss:0.30547 rec_loss:0.59424 [1.22s]; best loss:0.31114, patience : 0
2026-07-20 21:00:11,226 P2017787 INFO pr:0.9463  rc:0.9618  auc:0.9933 ap:0.9885 f1: 0.9540 pred_right: 43505 pred_wrong:3295 actu_right: 43558 actu_wrong: 3242
2026-07-20 21:00:11,398 P2017787 INFO pr:0.9159  rc:0.9276  auc:0.9876 ap:0.9769 f1: 0.9217 pred_right: 17857 pred_wrong:1343 actu_right: 17874 actu_wrong: 1326
2026-07-20 21:00:11,402 P2017787 INFO ----------------------------------------------------------------------------------------------------
2026-07-20 21:00:11,402 P2017787 INFO 51/300 starting... lr: 0.001 para:0.01923076994717121
2026-07-20 21:00:12,728 P2017787 INFO Epoch 51/300, all_loss:0.46104 cls_loss:0.45872 rec_loss:0.57977 [1.32s]; best loss:0.31114, patience : 1
2026-07-20 21:00:13,205 P2017787 INFO pr:0.9539  rc:0.9333  auc:0.9928 ap:0.9872 f1: 0.9435 pred_right: 43632 pred_wrong:3168 actu_right: 43562 actu_wrong: 3238
2026-07-20 21:00:13,426 P2017787 INFO pr:0.9360  rc:0.8824  auc:0.9854 ap:0.9747 f1: 0.9084 pred_right: 17950 pred_wrong:1250 actu_right: 17874 actu_wrong: 1326
2026-07-20 21:00:13,427 P2017787 INFO ----------------------------------------------------------------------------------------------------
2026-07-20 21:00:13,427 P2017787 INFO 52/300 starting... lr: 0.001 para:0.01886792480945587
2026-07-20 21:00:14,685 P2017787 INFO Epoch 52/300, all_loss:0.27612 cls_loss:0.26941 rec_loss:0.62502 [1.25s]; best loss:0.27612, patience : 0
2026-07-20 21:00:15,123 P2017787 INFO pr:0.9313  rc:0.9635  auc:0.9939 ap:0.9883 f1: 0.9472 pred_right: 43451 pred_wrong:3349 actu_right: 43563 actu_wrong: 3237
2026-07-20 21:00:15,313 P2017787 INFO pr:0.9064  rc:0.9344  auc:0.9874 ap:0.9771 f1: 0.9202 pred_right: 17833 pred_wrong:1367 actu_right: 17874 actu_wrong: 1326
2026-07-20 21:00:15,313 P2017787 INFO ----------------------------------------------------------------------------------------------------
2026-07-20 21:00:15,313 P2017787 INFO 53/300 starting... lr: 0.001 para:0.018518518656492233
2026-07-20 21:00:16,485 P2017787 INFO Epoch 53/300, all_loss:0.39296 cls_loss:0.38948 rec_loss:0.57711 [1.17s]; best loss:0.27612, patience : 1
2026-07-20 21:00:16,943 P2017787 INFO pr:0.9438  rc:0.9537  auc:0.9940 ap:0.9884 f1: 0.9487 pred_right: 43525 pred_wrong:3275 actu_right: 43559 actu_wrong: 3241
2026-07-20 21:00:17,143 P2017787 INFO pr:0.9174  rc:0.9125  auc:0.9876 ap:0.9766 f1: 0.9149 pred_right: 17881 pred_wrong:1319 actu_right: 17874 actu_wrong: 1326
2026-07-20 21:00:17,144 P2017787 INFO ----------------------------------------------------------------------------------------------------
2026-07-20 21:00:17,144 P2017787 INFO 54/300 starting... lr: 0.001 para:0.0181818176060915
2026-07-20 21:00:18,371 P2017787 INFO Epoch 54/300, all_loss:0.39181 cls_loss:0.38863 rec_loss:0.56318 [1.23s]; best loss:0.27612, patience : 1
2026-07-20 21:00:18,845 P2017787 INFO pr:0.8952  rc:0.9787  auc:0.9961 ap:0.9870 f1: 0.9351 pred_right: 43259 pred_wrong:3541 actu_right: 43561 actu_wrong: 3239
2026-07-20 21:00:19,029 P2017787 INFO pr:0.8463  rc:0.9510  auc:0.9905 ap:0.9745 f1: 0.8956 pred_right: 17710 pred_wrong:1490 actu_right: 17874 actu_wrong: 1326
2026-07-20 21:00:19,030 P2017787 INFO ----------------------------------------------------------------------------------------------------
2026-07-20 21:00:19,030 P2017787 INFO 55/300 starting... lr: 0.001 para:0.01785714365541935
2026-07-20 21:00:20,303 P2017787 INFO Epoch 55/300, all_loss:0.45128 cls_loss:0.44975 rec_loss:0.53529 [1.27s]; best loss:0.27612, patience : 2
2026-07-20 21:00:20,759 P2017787 INFO pr:0.9477  rc:0.9340  auc:0.9932 ap:0.9874 f1: 0.9408 pred_right: 43607 pred_wrong:3193 actu_right: 43560 actu_wrong: 3240
2026-07-20 21:00:20,964 P2017787 INFO pr:0.9254  rc:0.8884  auc:0.9851 ap:0.9731 f1: 0.9065 pred_right: 17927 pred_wrong:1273 actu_right: 17874 actu_wrong: 1326
2026-07-20 21:00:20,964 P2017787 INFO ----------------------------------------------------------------------------------------------------
2026-07-20 21:00:20,965 P2017787 INFO 56/300 starting... lr: 0.001 para:0.017543859779834747
2026-07-20 21:00:22,261 P2017787 INFO Epoch 56/300, all_loss:0.39738 cls_loss:0.39456 rec_loss:0.55525 [1.30s]; best loss:0.27612, patience : 2
2026-07-20 21:00:22,709 P2017787 INFO pr:0.9381  rc:0.9670  auc:0.9952 ap:0.9898 f1: 0.9523 pred_right: 43456 pred_wrong:3344 actu_right: 43556 actu_wrong: 3244
2026-07-20 21:00:22,883 P2017787 INFO pr:0.9088  rc:0.9314  auc:0.9872 ap:0.9772 f1: 0.9199 pred_right: 17841 pred_wrong:1359 actu_right: 17874 actu_wrong: 1326
2026-07-20 21:00:22,884 P2017787 INFO ----------------------------------------------------------------------------------------------------
2026-07-20 21:00:22,884 P2017787 INFO 57/300 starting... lr: 0.001 para:0.017241379246115685
2026-07-20 21:00:24,090 P2017787 INFO Epoch 57/300, all_loss:0.28952 cls_loss:0.28442 rec_loss:0.58034 [1.21s]; best loss:0.27612, patience : 2
2026-07-20 21:00:24,517 P2017787 INFO pr:0.9749  rc:0.9352  auc:0.9941 ap:0.9901 f1: 0.9547 pred_right: 43690 pred_wrong:3110 actu_right: 43558 actu_wrong: 3242
2026-07-20 21:00:24,697 P2017787 INFO pr:0.9508  rc:0.8899  auc:0.9883 ap:0.9791 f1: 0.9194 pred_right: 17959 pred_wrong:1241 actu_right: 17874 actu_wrong: 1326
2026-07-20 21:00:24,703 P2017787 INFO ----------------------------------------------------------------------------------------------------
2026-07-20 21:00:24,703 P2017787 INFO 58/300 starting... lr: 0.001 para:0.016949152573943138
2026-07-20 21:00:25,825 P2017787 INFO Epoch 58/300, all_loss:0.27731 cls_loss:0.27258 rec_loss:0.55139 [1.12s]; best loss:0.27612, patience : 2
2026-07-20 21:00:26,238 P2017787 INFO pr:0.9624  rc:0.9475  auc:0.9947 ap:0.9905 f1: 0.9549 pred_right: 43611 pred_wrong:3189 actu_right: 43561 actu_wrong: 3239
2026-07-20 21:00:26,408 P2017787 INFO pr:0.9393  rc:0.9095  auc:0.9878 ap:0.9789 f1: 0.9241 pred_right: 17916 pred_wrong:1284 actu_right: 17874 actu_wrong: 1326
2026-07-20 21:00:26,412 P2017787 INFO ----------------------------------------------------------------------------------------------------
2026-07-20 21:00:26,413 P2017787 INFO 59/300 starting... lr: 0.001 para:0.01666666753590107
2026-07-20 21:00:27,679 P2017787 INFO Epoch 59/300, all_loss:0.32440 cls_loss:0.32024 rec_loss:0.56987 [1.27s]; best loss:0.27612, patience : 3
2026-07-20 21:00:28,116 P2017787 INFO pr:0.9712  rc:0.9452  auc:0.9954 ap:0.9903 f1: 0.9580 pred_right: 43640 pred_wrong:3160 actu_right: 43553 actu_wrong: 3247
2026-07-20 21:00:28,294 P2017787 INFO pr:0.9452  rc:0.9110  auc:0.9886 ap:0.9783 f1: 0.9278 pred_right: 17922 pred_wrong:1278 actu_right: 17874 actu_wrong: 1326
2026-07-20 21:00:28,299 P2017787 INFO ----------------------------------------------------------------------------------------------------
2026-07-20 21:00:28,299 P2017787 INFO 60/300 starting... lr: 0.001 para:0.016393441706895828
2026-07-20 21:00:30,863 P2017787 INFO Epoch 60/300, all_loss:0.34601 cls_loss:0.34164 rec_loss:0.60797 [2.56s]; best loss:0.27612, patience : 4
2026-07-20 21:00:31,195 P2017787 INFO pr:0.9447  rc:0.9596  auc:0.9930 ap:0.9875 f1: 0.9521 pred_right: 43509 pred_wrong:3291 actu_right: 43560 actu_wrong: 3240
2026-07-20 21:00:31,336 P2017787 INFO pr:0.9164  rc:0.9261  auc:0.9865 ap:0.9756 f1: 0.9212 pred_right: 17860 pred_wrong:1340 actu_right: 17874 actu_wrong: 1326
2026-07-20 21:00:31,337 P2017787 INFO ----------------------------------------------------------------------------------------------------
2026-07-20 21:00:31,337 P2017787 INFO 61/300 starting... lr: 0.001 para:0.016129031777381897
2026-07-20 21:00:32,214 P2017787 INFO Epoch 61/300, all_loss:0.35006 cls_loss:0.34733 rec_loss:0.51645 [0.88s]; best loss:0.27612, patience : 5
2026-07-20 21:00:32,573 P2017787 INFO pr:0.9787  rc:0.8794  auc:0.9894 ap:0.9837 f1: 0.9264 pred_right: 43886 pred_wrong:2914 actu_right: 43557 actu_wrong: 3243
2026-07-20 21:00:32,725 P2017787 INFO pr:0.9610  rc:0.8356  auc:0.9784 ap:0.9654 f1: 0.8939 pred_right: 18047 pred_wrong:1153 actu_right: 17874 actu_wrong: 1326
2026-07-20 21:00:32,725 P2017787 INFO ----------------------------------------------------------------------------------------------------
2026-07-20 21:00:32,725 P2017787 INFO 62/300 starting... lr: 0.001 para:0.01587301678955555
2026-07-20 21:00:33,597 P2017787 INFO Epoch 62/300, all_loss:0.45069 cls_loss:0.44948 rec_loss:0.52608 [0.87s]; best loss:0.27612, patience : 6
2026-07-20 21:00:33,950 P2017787 INFO pr:0.9617  rc:0.9454  auc:0.9919 ap:0.9884 f1: 0.9535 pred_right: 43615 pred_wrong:3185 actu_right: 43560 actu_wrong: 3240
2026-07-20 21:00:34,108 P2017787 INFO pr:0.9287  rc:0.9042  auc:0.9835 ap:0.9722 f1: 0.9163 pred_right: 17909 pred_wrong:1291 actu_right: 17874 actu_wrong: 1326
2026-07-20 21:00:34,108 P2017787 INFO ----------------------------------------------------------------------------------------------------
2026-07-20 21:00:34,108 P2017787 INFO 63/300 starting... lr: 0.001 para:0.015625
2026-07-20 21:00:35,068 P2017787 INFO Epoch 63/300, all_loss:0.32079 cls_loss:0.31625 rec_loss:0.60676 [0.96s]; best loss:0.27612, patience : 6
2026-07-20 21:00:35,418 P2017787 INFO pr:0.9748  rc:0.9080  auc:0.9924 ap:0.9878 f1: 0.9402 pred_right: 43782 pred_wrong:3018 actu_right: 43560 actu_wrong: 3240
2026-07-20 21:00:35,562 P2017787 INFO pr:0.9498  rc:0.8703  auc:0.9866 ap:0.9759 f1: 0.9083 pred_right: 17985 pred_wrong:1215 actu_right: 17874 actu_wrong: 1326
2026-07-20 21:00:35,562 P2017787 INFO ----------------------------------------------------------------------------------------------------
2026-07-20 21:00:35,562 P2017787 INFO 64/300 starting... lr: 0.001 para:0.015384615398943424
2026-07-20 21:00:36,687 P2017787 INFO Epoch 64/300, all_loss:0.36272 cls_loss:0.35980 rec_loss:0.54966 [1.13s]; best loss:0.27612, patience : 7
2026-07-20 21:00:37,159 P2017787 INFO pr:0.9627  rc:0.9485  auc:0.9939 ap:0.9902 f1: 0.9555 pred_right: 43608 pred_wrong:3192 actu_right: 43560 actu_wrong: 3240
2026-07-20 21:00:37,357 P2017787 INFO pr:0.9394  rc:0.8997  auc:0.9871 ap:0.9797 f1: 0.9191 pred_right: 17930 pred_wrong:1270 actu_right: 17874 actu_wrong: 1326
2026-07-20 21:00:37,357 P2017787 INFO ----------------------------------------------------------------------------------------------------
2026-07-20 21:00:37,357 P2017787 INFO 65/300 starting... lr: 0.001 para:0.01515151560306549
2026-07-20 21:00:38,502 P2017787 INFO Epoch 65/300, all_loss:0.37300 cls_loss:0.37070 rec_loss:0.52242 [1.14s]; best loss:0.27612, patience : 8
2026-07-20 21:00:38,917 P2017787 INFO pr:0.9338  rc:0.9497  auc:0.9958 ap:0.9863 f1: 0.9417 pred_right: 43505 pred_wrong:3295 actu_right: 43560 actu_wrong: 3240
2026-07-20 21:00:39,095 P2017787 INFO pr:0.9046  rc:0.9223  auc:0.9907 ap:0.9711 f1: 0.9134 pred_right: 17848 pred_wrong:1352 actu_right: 17874 actu_wrong: 1326
2026-07-20 21:00:39,095 P2017787 INFO ----------------------------------------------------------------------------------------------------
2026-07-20 21:00:39,096 P2017787 INFO 66/300 starting... lr: 0.001 para:0.014925372786819935
2026-07-20 21:00:40,227 P2017787 INFO Epoch 66/300, all_loss:0.33279 cls_loss:0.33029 rec_loss:0.49787 [1.13s]; best loss:0.27612, patience : 8
2026-07-20 21:00:40,675 P2017787 INFO pr:0.9451  rc:0.9620  auc:0.9957 ap:0.9900 f1: 0.9535 pred_right: 43503 pred_wrong:3297 actu_right: 43561 actu_wrong: 3239
2026-07-20 21:00:40,849 P2017787 INFO pr:0.9189  rc:0.9231  auc:0.9916 ap:0.9791 f1: 0.9210 pred_right: 17868 pred_wrong:1332 actu_right: 17874 actu_wrong: 1326
2026-07-20 21:00:40,849 P2017787 INFO ----------------------------------------------------------------------------------------------------
2026-07-20 21:00:40,849 P2017787 INFO 67/300 starting... lr: 0.001 para:0.014705882407724857
2026-07-20 21:00:41,902 P2017787 INFO Epoch 67/300, all_loss:0.28754 cls_loss:0.28373 rec_loss:0.54247 [1.05s]; best loss:0.27612, patience : 8
2026-07-20 21:00:42,287 P2017787 INFO pr:0.9559  rc:0.9506  auc:0.9953 ap:0.9915 f1: 0.9532 pred_right: 43581 pred_wrong:3219 actu_right: 43563 actu_wrong: 3237
2026-07-20 21:00:42,444 P2017787 INFO pr:0.9231  rc:0.9148  auc:0.9908 ap:0.9821 f1: 0.9189 pred_right: 17886 pred_wrong:1314 actu_right: 17874 actu_wrong: 1326
2026-07-20 21:00:42,445 P2017787 INFO ----------------------------------------------------------------------------------------------------
2026-07-20 21:00:42,445 P2017787 INFO 68/300 starting... lr: 0.001 para:0.014492753893136978
2026-07-20 21:00:43,545 P2017787 INFO Epoch 68/300, all_loss:0.28482 cls_loss:0.28102 rec_loss:0.54341 [1.10s]; best loss:0.27612, patience : 8
2026-07-20 21:00:44,145 P2017787 INFO pr:0.9803  rc:0.9386  auc:0.9944 ap:0.9917 f1: 0.9590 pred_right: 43697 pred_wrong:3103 actu_right: 43559 actu_wrong: 3241
2026-07-20 21:00:44,556 P2017787 INFO pr:0.9588  rc:0.8944  auc:0.9889 ap:0.9827 f1: 0.9255 pred_right: 17963 pred_wrong:1237 actu_right: 17874 actu_wrong: 1326
2026-07-20 21:00:44,566 P2017787 INFO ----------------------------------------------------------------------------------------------------
2026-07-20 21:00:44,567 P2017787 INFO 69/300 starting... lr: 0.001 para:0.014285714365541935
2026-07-20 21:00:46,701 P2017787 INFO Epoch 69/300, all_loss:0.24208 cls_loss:0.23790 rec_loss:0.53004 [2.13s]; best loss:0.24208, patience : 0
2026-07-20 21:00:47,998 P2017787 INFO pr:0.9505  rc:0.9704  auc:0.9950 ap:0.9900 f1: 0.9603 pred_right: 43489 pred_wrong:3311 actu_right: 43557 actu_wrong: 3243
2026-07-20 21:00:48,565 P2017787 INFO pr:0.9136  rc:0.9404  auc:0.9899 ap:0.9778 f1: 0.9268 pred_right: 17835 pred_wrong:1365 actu_right: 17874 actu_wrong: 1326
2026-07-20 21:00:48,572 P2017787 INFO ----------------------------------------------------------------------------------------------------
2026-07-20 21:00:48,573 P2017787 INFO 70/300 starting... lr: 0.001 para:0.014084506779909134
2026-07-20 21:00:50,377 P2017787 INFO Epoch 70/300, all_loss:0.23471 cls_loss:0.23011 rec_loss:0.55643 [1.80s]; best loss:0.23471, patience : 0
2026-07-20 21:00:51,930 P2017787 INFO pr:0.9784  rc:0.9097  auc:0.9926 ap:0.9895 f1: 0.9428 pred_right: 43784 pred_wrong:3016 actu_right: 43556 actu_wrong: 3244
2026-07-20 21:00:52,310 P2017787 INFO pr:0.9614  rc:0.8635  auc:0.9868 ap:0.9789 f1: 0.9098 pred_right: 18009 pred_wrong:1191 actu_right: 17874 actu_wrong: 1326
2026-07-20 21:00:52,311 P2017787 INFO ----------------------------------------------------------------------------------------------------
2026-07-20 21:00:52,312 P2017787 INFO 71/300 starting... lr: 0.001 para:0.013888888992369175
2026-07-20 21:00:55,917 P2017787 INFO Epoch 71/300, all_loss:0.23759 cls_loss:0.23325 rec_loss:0.54577 [3.60s]; best loss:0.23471, patience : 1
2026-07-20 21:00:57,241 P2017787 INFO pr:0.9687  rc:0.9565  auc:0.9920 ap:0.9878 f1: 0.9626 pred_right: 43602 pred_wrong:3198 actu_right: 43561 actu_wrong: 3239
2026-07-20 21:00:57,517 P2017787 INFO pr:0.9483  rc:0.9261  auc:0.9865 ap:0.9765 f1: 0.9370 pred_right: 17905 pred_wrong:1295 actu_right: 17874 actu_wrong: 1326
2026-07-20 21:00:57,524 P2017787 INFO ----------------------------------------------------------------------------------------------------
2026-07-20 21:00:57,524 P2017787 INFO 72/300 starting... lr: 0.001 para:0.013698630034923553
2026-07-20 21:00:59,379 P2017787 INFO Epoch 72/300, all_loss:0.27412 cls_loss:0.26998 rec_loss:0.57227 [1.85s]; best loss:0.23471, patience : 2
2026-07-20 21:00:59,920 P2017787 INFO pr:0.9456  rc:0.9651  auc:0.9936 ap:0.9879 f1: 0.9552 pred_right: 43494 pred_wrong:3306 actu_right: 43561 actu_wrong: 3239
2026-07-20 21:01:00,139 P2017787 INFO pr:0.9116  rc:0.9329  auc:0.9876 ap:0.9733 f1: 0.9221 pred_right: 17843 pred_wrong:1357 actu_right: 17874 actu_wrong: 1326
2026-07-20 21:01:00,140 P2017787 INFO ----------------------------------------------------------------------------------------------------
2026-07-20 21:01:00,140 P2017787 INFO 73/300 starting... lr: 0.001 para:0.013513513840734959
2026-07-20 21:01:01,434 P2017787 INFO Epoch 73/300, all_loss:0.31043 cls_loss:0.30718 rec_loss:0.54809 [1.29s]; best loss:0.23471, patience : 3
2026-07-20 21:01:01,937 P2017787 INFO pr:0.9479  rc:0.9611  auc:0.9933 ap:0.9884 f1: 0.9545 pred_right: 43517 pred_wrong:3283 actu_right: 43562 actu_wrong: 3238
2026-07-20 21:01:02,126 P2017787 INFO pr:0.9263  rc:0.9284  auc:0.9857 ap:0.9737 f1: 0.9273 pred_right: 17871 pred_wrong:1329 actu_right: 17874 actu_wrong: 1326
2026-07-20 21:01:02,126 P2017787 INFO ----------------------------------------------------------------------------------------------------
2026-07-20 21:01:02,127 P2017787 INFO 74/300 starting... lr: 0.001 para:0.013333333656191826
2026-07-20 21:01:03,332 P2017787 INFO Epoch 74/300, all_loss:0.29272 cls_loss:0.28958 rec_loss:0.52496 [1.21s]; best loss:0.23471, patience : 3
2026-07-20 21:01:03,810 P2017787 INFO pr:0.9551  rc:0.9577  auc:0.9930 ap:0.9893 f1: 0.9564 pred_right: 43549 pred_wrong:3251 actu_right: 43558 actu_wrong: 3242
2026-07-20 21:01:04,011 P2017787 INFO pr:0.9287  rc:0.9231  auc:0.9871 ap:0.9736 f1: 0.9259 pred_right: 17882 pred_wrong:1318 actu_right: 17874 actu_wrong: 1326
2026-07-20 21:01:04,012 P2017787 INFO ----------------------------------------------------------------------------------------------------
2026-07-20 21:01:04,012 P2017787 INFO 75/300 starting... lr: 0.001 para:0.01315789483487606
2026-07-20 21:01:05,318 P2017787 INFO Epoch 75/300, all_loss:0.28387 cls_loss:0.28046 rec_loss:0.53970 [1.31s]; best loss:0.23471, patience : 3
2026-07-20 21:01:05,800 P2017787 INFO pr:0.9425  rc:0.9701  auc:0.9944 ap:0.9894 f1: 0.9561 pred_right: 43462 pred_wrong:3338 actu_right: 43557 actu_wrong: 3243
2026-07-20 21:01:06,001 P2017787 INFO pr:0.9015  rc:0.9525  auc:0.9887 ap:0.9777 f1: 0.9263 pred_right: 17799 pred_wrong:1401 actu_right: 17874 actu_wrong: 1326
2026-07-20 21:01:06,001 P2017787 INFO ----------------------------------------------------------------------------------------------------
2026-07-20 21:01:06,002 P2017787 INFO 76/300 starting... lr: 0.001 para:0.012987012974917889
2026-07-20 21:01:07,235 P2017787 INFO Epoch 76/300, all_loss:0.36241 cls_loss:0.36046 rec_loss:0.51036 [1.23s]; best loss:0.23471, patience : 4
2026-07-20 21:01:07,628 P2017787 INFO pr:0.9432  rc:0.9679  auc:0.9940 ap:0.9910 f1: 0.9554 pred_right: 43474 pred_wrong:3326 actu_right: 43559 actu_wrong: 3241
2026-07-20 21:01:07,834 P2017787 INFO pr:0.9078  rc:0.9359  auc:0.9871 ap:0.9780 f1: 0.9216 pred_right: 17833 pred_wrong:1367 actu_right: 17874 actu_wrong: 1326
2026-07-20 21:01:07,834 P2017787 INFO ----------------------------------------------------------------------------------------------------
2026-07-20 21:01:07,834 P2017787 INFO 77/300 starting... lr: 0.001 para:0.012820512987673283
2026-07-20 21:01:09,079 P2017787 INFO Epoch 77/300, all_loss:0.30142 cls_loss:0.29812 rec_loss:0.55553 [1.24s]; best loss:0.23471, patience : 4
2026-07-20 21:01:09,583 P2017787 INFO pr:0.9630  rc:0.9540  auc:0.9933 ap:0.9894 f1: 0.9585 pred_right: 43588 pred_wrong:3212 actu_right: 43558 actu_wrong: 3242
2026-07-20 21:01:09,793 P2017787 INFO pr:0.9296  rc:0.9155  auc:0.9867 ap:0.9752 f1: 0.9225 pred_right: 17894 pred_wrong:1306 actu_right: 17874 actu_wrong: 1326
2026-07-20 21:01:09,793 P2017787 INFO ----------------------------------------------------------------------------------------------------
2026-07-20 21:01:09,793 P2017787 INFO 78/300 starting... lr: 0.001 para:0.012658228166401386
2026-07-20 21:01:10,962 P2017787 INFO Epoch 78/300, all_loss:0.27103 cls_loss:0.26739 rec_loss:0.55482 [1.17s]; best loss:0.23471, patience : 4
2026-07-20 21:01:11,452 P2017787 INFO pr:0.8916  rc:0.9781  auc:0.9934 ap:0.9844 f1: 0.9328 pred_right: 43240 pred_wrong:3560 actu_right: 43555 actu_wrong: 3245
2026-07-20 21:01:11,668 P2017787 INFO pr:0.8661  rc:0.9608  auc:0.9881 ap:0.9718 f1: 0.9110 pred_right: 17729 pred_wrong:1471 actu_right: 17874 actu_wrong: 1326
2026-07-20 21:01:11,669 P2017787 INFO ----------------------------------------------------------------------------------------------------
2026-07-20 21:01:11,669 P2017787 INFO 79/300 starting... lr: 0.001 para:0.012500000186264515
2026-07-20 21:01:12,928 P2017787 INFO Epoch 79/300, all_loss:0.26964 cls_loss:0.26596 rec_loss:0.56016 [1.26s]; best loss:0.23471, patience : 4
2026-07-20 21:01:13,392 P2017787 INFO pr:0.9662  rc:0.9525  auc:0.9913 ap:0.9890 f1: 0.9593 pred_right: 43606 pred_wrong:3194 actu_right: 43560 actu_wrong: 3240
2026-07-20 21:01:13,572 P2017787 INFO pr:0.9389  rc:0.9163  auc:0.9836 ap:0.9775 f1: 0.9275 pred_right: 17906 pred_wrong:1294 actu_right: 17874 actu_wrong: 1326
2026-07-20 21:01:13,572 P2017787 INFO ----------------------------------------------------------------------------------------------------
2026-07-20 21:01:13,572 P2017787 INFO 80/300 starting... lr: 0.001 para:0.012345679104328156
2026-07-20 21:01:14,778 P2017787 INFO Epoch 80/300, all_loss:0.42545 cls_loss:0.42459 rec_loss:0.49430 [1.21s]; best loss:0.23471, patience : 5
2026-07-20 21:01:15,285 P2017787 INFO pr:0.9402  rc:0.9698  auc:0.9959 ap:0.9916 f1: 0.9548 pred_right: 43454 pred_wrong:3346 actu_right: 43556 actu_wrong: 3244
2026-07-20 21:01:15,491 P2017787 INFO pr:0.9078  rc:0.9434  auc:0.9916 ap:0.9804 f1: 0.9253 pred_right: 17822 pred_wrong:1378 actu_right: 17874 actu_wrong: 1326
2026-07-20 21:01:15,491 P2017787 INFO ----------------------------------------------------------------------------------------------------
2026-07-20 21:01:15,492 P2017787 INFO 81/300 starting... lr: 0.001 para:0.012195121496915817
2026-07-20 21:01:16,714 P2017787 INFO Epoch 81/300, all_loss:0.32626 cls_loss:0.32391 rec_loss:0.51629 [1.22s]; best loss:0.23471, patience : 5
2026-07-20 21:01:17,229 P2017787 INFO pr:0.9628  rc:0.9500  auc:0.9926 ap:0.9900 f1: 0.9563 pred_right: 43603 pred_wrong:3197 actu_right: 43560 actu_wrong: 3240
2026-07-20 21:01:17,442 P2017787 INFO pr:0.9432  rc:0.9020  auc:0.9858 ap:0.9781 f1: 0.9221 pred_right: 17932 pred_wrong:1268 actu_right: 17874 actu_wrong: 1326
2026-07-20 21:01:17,443 P2017787 INFO ----------------------------------------------------------------------------------------------------
2026-07-20 21:01:17,443 P2017787 INFO 82/300 starting... lr: 0.001 para:0.012048192322254181
2026-07-20 21:01:18,725 P2017787 INFO Epoch 82/300, all_loss:0.25819 cls_loss:0.25444 rec_loss:0.56540 [1.28s]; best loss:0.23471, patience : 5
2026-07-20 21:01:19,242 P2017787 INFO pr:0.9605  rc:0.9528  auc:0.9931 ap:0.9909 f1: 0.9566 pred_right: 43585 pred_wrong:3215 actu_right: 43559 actu_wrong: 3241
2026-07-20 21:01:19,449 P2017787 INFO pr:0.9397  rc:0.9057  auc:0.9831 ap:0.9776 f1: 0.9224 pred_right: 17922 pred_wrong:1278 actu_right: 17874 actu_wrong: 1326
2026-07-20 21:01:19,449 P2017787 INFO ----------------------------------------------------------------------------------------------------
2026-07-20 21:01:19,449 P2017787 INFO 83/300 starting... lr: 0.001 para:0.011904762126505375
2026-07-20 21:01:20,722 P2017787 INFO Epoch 83/300, all_loss:0.15629 cls_loss:0.15074 rec_loss:0.61692 [1.27s]; best loss:0.15629, patience : 0
2026-07-20 21:01:21,198 P2017787 INFO pr:0.9757  rc:0.9297  auc:0.9919 ap:0.9882 f1: 0.9521 pred_right: 43711 pred_wrong:3089 actu_right: 43558 actu_wrong: 3242
2026-07-20 21:01:21,392 P2017787 INFO pr:0.9544  rc:0.8846  auc:0.9840 ap:0.9772 f1: 0.9182 pred_right: 17971 pred_wrong:1229 actu_right: 17874 actu_wrong: 1326
2026-07-20 21:01:21,393 P2017787 INFO ----------------------------------------------------------------------------------------------------
2026-07-20 21:01:21,393 P2017787 INFO 84/300 starting... lr: 0.001 para:0.0117647061124444
2026-07-20 21:01:22,566 P2017787 INFO Epoch 84/300, all_loss:0.24786 cls_loss:0.24368 rec_loss:0.59903 [1.17s]; best loss:0.15629, patience : 1
2026-07-20 21:01:22,972 P2017787 INFO pr:0.9654  rc:0.9651  auc:0.9936 ap:0.9885 f1: 0.9653 pred_right: 43560 pred_wrong:3240 actu_right: 43559 actu_wrong: 3241
2026-07-20 21:01:23,141 P2017787 INFO pr:0.9391  rc:0.9299  auc:0.9865 ap:0.9773 f1: 0.9344 pred_right: 17887 pred_wrong:1313 actu_right: 17874 actu_wrong: 1326
2026-07-20 21:01:23,146 P2017787 INFO ----------------------------------------------------------------------------------------------------
2026-07-20 21:01:23,146 P2017787 INFO 85/300 starting... lr: 0.001 para:0.011627906933426857
2026-07-20 21:01:24,392 P2017787 INFO Epoch 85/300, all_loss:0.23992 cls_loss:0.23623 rec_loss:0.55385 [1.25s]; best loss:0.15629, patience : 1
2026-07-20 21:01:24,884 P2017787 INFO pr:0.9447  rc:0.9648  auc:0.9944 ap:0.9911 f1: 0.9547 pred_right: 43489 pred_wrong:3311 actu_right: 43558 actu_wrong: 3242
2026-07-20 21:01:25,075 P2017787 INFO pr:0.9119  rc:0.9284  auc:0.9877 ap:0.9776 f1: 0.9200 pred_right: 17850 pred_wrong:1350 actu_right: 17874 actu_wrong: 1326
2026-07-20 21:01:25,075 P2017787 INFO ----------------------------------------------------------------------------------------------------
2026-07-20 21:01:25,075 P2017787 INFO 86/300 starting... lr: 0.001 para:0.01149425283074379
2026-07-20 21:01:26,283 P2017787 INFO Epoch 86/300, all_loss:0.29584 cls_loss:0.29326 rec_loss:0.51759 [1.21s]; best loss:0.15629, patience : 2
2026-07-20 21:01:26,733 P2017787 INFO pr:0.9710  rc:0.9494  auc:0.9956 ap:0.9923 f1: 0.9600 pred_right: 43633 pred_wrong:3167 actu_right: 43561 actu_wrong: 3239
2026-07-20 21:01:26,990 P2017787 INFO pr:0.9549  rc:0.9095  auc:0.9894 ap:0.9836 f1: 0.9316 pred_right: 17937 pred_wrong:1263 actu_right: 17874 actu_wrong: 1326
2026-07-20 21:01:26,991 P2017787 INFO ----------------------------------------------------------------------------------------------------
2026-07-20 21:01:26,991 P2017787 INFO 87/300 starting... lr: 0.001 para:0.011363636702299118
2026-07-20 21:01:28,248 P2017787 INFO Epoch 87/300, all_loss:0.22740 cls_loss:0.22415 rec_loss:0.50993 [1.26s]; best loss:0.15629, patience : 2
2026-07-20 21:01:28,686 P2017787 INFO pr:0.9650  rc:0.9617  auc:0.9960 ap:0.9906 f1: 0.9634 pred_right: 43571 pred_wrong:3229 actu_right: 43560 actu_wrong: 3240
2026-07-20 21:01:28,871 P2017787 INFO pr:0.9300  rc:0.9314  auc:0.9908 ap:0.9787 f1: 0.9307 pred_right: 17872 pred_wrong:1328 actu_right: 17874 actu_wrong: 1326
2026-07-20 21:01:28,871 P2017787 INFO ----------------------------------------------------------------------------------------------------
2026-07-20 21:01:28,871 P2017787 INFO 88/300 starting... lr: 0.001 para:0.01123595517128706
2026-07-20 21:01:30,026 P2017787 INFO Epoch 88/300, all_loss:0.23080 cls_loss:0.22761 rec_loss:0.51175 [1.15s]; best loss:0.15629, patience : 3
2026-07-20 21:01:30,457 P2017787 INFO pr:0.9827  rc:0.9300  auc:0.9921 ap:0.9910 f1: 0.9556 pred_right: 43733 pred_wrong:3067 actu_right: 43559 actu_wrong: 3241
2026-07-20 21:01:30,624 P2017787 INFO pr:0.9702  rc:0.8846  auc:0.9825 ap:0.9791 f1: 0.9254 pred_right: 17991 pred_wrong:1209 actu_right: 17874 actu_wrong: 1326
2026-07-20 21:01:30,624 P2017787 INFO ----------------------------------------------------------------------------------------------------
2026-07-20 21:01:30,625 P2017787 INFO 89/300 starting... lr: 0.001 para:0.011111111380159855
2026-07-20 21:01:31,846 P2017787 INFO Epoch 89/300, all_loss:0.20955 cls_loss:0.20561 rec_loss:0.56009 [1.22s]; best loss:0.15629, patience : 3
2026-07-20 21:01:32,346 P2017787 INFO pr:0.9528  rc:0.9593  auc:0.9937 ap:0.9914 f1: 0.9560 pred_right: 43538 pred_wrong:3262 actu_right: 43560 actu_wrong: 3240
2026-07-20 21:01:32,544 P2017787 INFO pr:0.9258  rc:0.9216  auc:0.9861 ap:0.9800 f1: 0.9237 pred_right: 17880 pred_wrong:1320 actu_right: 17874 actu_wrong: 1326
2026-07-20 21:01:32,545 P2017787 INFO ----------------------------------------------------------------------------------------------------
2026-07-20 21:01:32,545 P2017787 INFO 90/300 starting... lr: 0.001 para:0.010989011265337467
2026-07-20 21:01:33,609 P2017787 INFO Epoch 90/300, all_loss:0.24404 cls_loss:0.24088 rec_loss:0.52871 [1.06s]; best loss:0.15629, patience : 4
2026-07-20 21:01:34,056 P2017787 INFO pr:0.9556  rc:0.9629  auc:0.9951 ap:0.9912 f1: 0.9592 pred_right: 43537 pred_wrong:3263 actu_right: 43562 actu_wrong: 3238
2026-07-20 21:01:34,247 P2017787 INFO pr:0.9335  rc:0.9321  auc:0.9874 ap:0.9788 f1: 0.9328 pred_right: 17876 pred_wrong:1324 actu_right: 17874 actu_wrong: 1326
2026-07-20 21:01:34,247 P2017787 INFO ----------------------------------------------------------------------------------------------------
2026-07-20 21:01:34,248 P2017787 INFO 91/300 starting... lr: 0.001 para:0.010869565419852734
2026-07-20 21:01:35,419 P2017787 INFO Epoch 91/300, all_loss:0.33761 cls_loss:0.33599 rec_loss:0.48553 [1.17s]; best loss:0.15629, patience : 5
2026-07-20 21:01:35,964 P2017787 INFO pr:0.9333  rc:0.9710  auc:0.9967 ap:0.9930 f1: 0.9517 pred_right: 43429 pred_wrong:3371 actu_right: 43560 actu_wrong: 3240
2026-07-20 21:01:36,140 P2017787 INFO pr:0.9008  rc:0.9449  auc:0.9922 ap:0.9822 f1: 0.9223 pred_right: 17809 pred_wrong:1391 actu_right: 17874 actu_wrong: 1326
2026-07-20 21:01:36,141 P2017787 INFO ----------------------------------------------------------------------------------------------------
2026-07-20 21:01:36,141 P2017787 INFO 92/300 starting... lr: 0.001 para:0.01075268816202879
2026-07-20 21:01:37,317 P2017787 INFO Epoch 92/300, all_loss:0.32834 cls_loss:0.32656 rec_loss:0.49189 [1.18s]; best loss:0.15629, patience : 5
2026-07-20 21:01:37,734 P2017787 INFO pr:0.9738  rc:0.9401  auc:0.9964 ap:0.9922 f1: 0.9566 pred_right: 43674 pred_wrong:3126 actu_right: 43562 actu_wrong: 3238
2026-07-20 21:01:37,914 P2017787 INFO pr:0.9515  rc:0.9020  auc:0.9913 ap:0.9811 f1: 0.9261 pred_right: 17943 pred_wrong:1257 actu_right: 17874 actu_wrong: 1326
2026-07-20 21:01:37,914 P2017787 INFO ----------------------------------------------------------------------------------------------------
2026-07-20 21:01:37,915 P2017787 INFO 93/300 starting... lr: 0.001 para:0.010638297535479069
2026-07-20 21:01:39,149 P2017787 INFO Epoch 93/300, all_loss:0.27295 cls_loss:0.27019 rec_loss:0.53014 [1.23s]; best loss:0.15629, patience : 5
2026-07-20 21:01:39,768 P2017787 INFO pr:0.9682  rc:0.9500  auc:0.9951 ap:0.9922 f1: 0.9590 pred_right: 43620 pred_wrong:3180 actu_right: 43559 actu_wrong: 3241
2026-07-20 21:01:39,942 P2017787 INFO pr:0.9452  rc:0.9110  auc:0.9896 ap:0.9824 f1: 0.9278 pred_right: 17922 pred_wrong:1278 actu_right: 17874 actu_wrong: 1326
2026-07-20 21:01:39,942 P2017787 INFO ----------------------------------------------------------------------------------------------------
2026-07-20 21:01:39,942 P2017787 INFO 94/300 starting... lr: 0.001 para:0.010526316240429878
2026-07-20 21:01:41,043 P2017787 INFO Epoch 94/300, all_loss:0.28759 cls_loss:0.28546 rec_loss:0.48805 [1.10s]; best loss:0.15629, patience : 6
2026-07-20 21:01:41,464 P2017787 INFO pr:0.9512  rc:0.9735  auc:0.9959 ap:0.9918 f1: 0.9622 pred_right: 43483 pred_wrong:3317 actu_right: 43559 actu_wrong: 3241
2026-07-20 21:01:41,628 P2017787 INFO pr:0.9216  rc:0.9480  auc:0.9914 ap:0.9836 f1: 0.9346 pred_right: 17836 pred_wrong:1364 actu_right: 17874 actu_wrong: 1326
2026-07-20 21:01:41,628 P2017787 INFO ----------------------------------------------------------------------------------------------------
2026-07-20 21:01:41,628 P2017787 INFO 95/300 starting... lr: 0.001 para:0.010416666977107525
2026-07-20 21:01:42,885 P2017787 INFO Epoch 95/300, all_loss:0.25067 cls_loss:0.24802 rec_loss:0.50263 [1.26s]; best loss:0.15629, patience : 6
2026-07-20 21:01:43,379 P2017787 INFO pr:0.9683  rc:0.9515  auc:0.9959 ap:0.9895 f1: 0.9598 pred_right: 43617 pred_wrong:3183 actu_right: 43561 actu_wrong: 3239
2026-07-20 21:01:43,591 P2017787 INFO pr:0.9414  rc:0.9087  auc:0.9902 ap:0.9781 f1: 0.9248 pred_right: 17920 pred_wrong:1280 actu_right: 17874 actu_wrong: 1326
2026-07-20 21:01:43,591 P2017787 INFO ----------------------------------------------------------------------------------------------------
2026-07-20 21:01:43,591 P2017787 INFO 96/300 starting... lr: 0.001 para:0.010309278033673763
2026-07-20 21:01:44,772 P2017787 INFO Epoch 96/300, all_loss:0.20412 cls_loss:0.20131 rec_loss:0.47434 [1.18s]; best loss:0.15629, patience : 6
2026-07-20 21:01:45,274 P2017787 INFO pr:0.9757  rc:0.9416  auc:0.9950 ap:0.9906 f1: 0.9584 pred_right: 43675 pred_wrong:3125 actu_right: 43562 actu_wrong: 3238
2026-07-20 21:01:45,457 P2017787 INFO pr:0.9592  rc:0.9042  auc:0.9879 ap:0.9783 f1: 0.9309 pred_right: 17950 pred_wrong:1250 actu_right: 17874 actu_wrong: 1326
2026-07-20 21:01:45,457 P2017787 INFO ----------------------------------------------------------------------------------------------------
2026-07-20 21:01:45,457 P2017787 INFO 97/300 starting... lr: 0.001 para:0.010204081423580647
2026-07-20 21:01:46,668 P2017787 INFO Epoch 97/300, all_loss:0.17406 cls_loss:0.17035 rec_loss:0.53367 [1.21s]; best loss:0.15629, patience : 6
2026-07-20 21:01:47,213 P2017787 INFO pr:0.9700  rc:0.9475  auc:0.9927 ap:0.9898 f1: 0.9586 pred_right: 43637 pred_wrong:3163 actu_right: 43562 actu_wrong: 3238
2026-07-20 21:01:47,395 P2017787 INFO pr:0.9487  rc:0.9072  auc:0.9846 ap:0.9762 f1: 0.9275 pred_right: 17932 pred_wrong:1268 actu_right: 17874 actu_wrong: 1326
2026-07-20 21:01:47,395 P2017787 INFO ----------------------------------------------------------------------------------------------------
2026-07-20 21:01:47,395 P2017787 INFO 98/300 starting... lr: 0.001 para:0.010101010091602802
2026-07-20 21:01:48,538 P2017787 INFO Epoch 98/300, all_loss:0.14937 cls_loss:0.14529 rec_loss:0.54839 [1.14s]; best loss:0.14937, patience : 0
2026-07-20 21:01:48,960 P2017787 INFO pr:0.9594  rc:0.9478  auc:0.9910 ap:0.9870 f1: 0.9536 pred_right: 43600 pred_wrong:3200 actu_right: 43561 actu_wrong: 3239
2026-07-20 21:01:49,142 P2017787 INFO pr:0.9358  rc:0.9020  auc:0.9818 ap:0.9740 f1: 0.9186 pred_right: 17922 pred_wrong:1278 actu_right: 17874 actu_wrong: 1326
2026-07-20 21:01:49,142 P2017787 INFO ----------------------------------------------------------------------------------------------------
2026-07-20 21:01:49,142 P2017787 INFO 99/300 starting... lr: 0.001 para:0.01
2026-07-20 21:01:50,242 P2017787 INFO Epoch 99/300, all_loss:0.18200 cls_loss:0.17828 rec_loss:0.55116 [1.10s]; best loss:0.14937, patience : 1
2026-07-20 21:01:50,657 P2017787 INFO pr:0.9566  rc:0.9667  auc:0.9937 ap:0.9875 f1: 0.9616 pred_right: 43526 pred_wrong:3274 actu_right: 43560 actu_wrong: 3240
2026-07-20 21:01:50,825 P2017787 INFO pr:0.9240  rc:0.9351  auc:0.9867 ap:0.9758 f1: 0.9295 pred_right: 17858 pred_wrong:1342 actu_right: 17874 actu_wrong: 1326
2026-07-20 21:01:50,825 P2017787 INFO ----------------------------------------------------------------------------------------------------
2026-07-20 21:01:50,825 P2017787 INFO 100/300 starting... lr: 0.0009000000000000001 para:0.01
2026-07-20 21:01:52,097 P2017787 INFO Epoch 100/300, all_loss:0.19513 cls_loss:0.19191 rec_loss:0.51390 [1.27s]; best loss:0.14937, patience : 2
2026-07-20 21:01:52,539 P2017787 INFO pr:0.9675  rc:0.9565  auc:0.9935 ap:0.9876 f1: 0.9620 pred_right: 43598 pred_wrong:3202 actu_right: 43561 actu_wrong: 3239
2026-07-20 21:01:52,721 P2017787 INFO pr:0.9375  rc:0.9170  auc:0.9877 ap:0.9750 f1: 0.9272 pred_right: 17903 pred_wrong:1297 actu_right: 17874 actu_wrong: 1326
2026-07-20 21:01:52,721 P2017787 INFO ----------------------------------------------------------------------------------------------------
2026-07-20 21:01:52,721 P2017787 INFO 101/300 starting... lr: 0.0009000000000000001 para:0.01
2026-07-20 21:01:54,106 P2017787 INFO Epoch 101/300, all_loss:0.20166 cls_loss:0.19831 rec_loss:0.53302 [1.38s]; best loss:0.14937, patience : 3
2026-07-20 21:01:54,562 P2017787 INFO pr:0.9647  rc:0.9525  auc:0.9912 ap:0.9882 f1: 0.9585 pred_right: 43601 pred_wrong:3199 actu_right: 43560 actu_wrong: 3240
2026-07-20 21:01:54,732 P2017787 INFO pr:0.9423  rc:0.9110  auc:0.9836 ap:0.9766 f1: 0.9264 pred_right: 17918 pred_wrong:1282 actu_right: 17874 actu_wrong: 1326
2026-07-20 21:01:54,732 P2017787 INFO ----------------------------------------------------------------------------------------------------
2026-07-20 21:01:54,732 P2017787 INFO 102/300 starting... lr: 0.0009000000000000001 para:0.01
2026-07-20 21:01:55,972 P2017787 INFO Epoch 102/300, all_loss:0.21310 cls_loss:0.20966 rec_loss:0.55375 [1.24s]; best loss:0.14937, patience : 4
2026-07-20 21:01:56,413 P2017787 INFO pr:0.9729  rc:0.9540  auc:0.9946 ap:0.9902 f1: 0.9634 pred_right: 43623 pred_wrong:3177 actu_right: 43560 actu_wrong: 3240
2026-07-20 21:01:56,596 P2017787 INFO pr:0.9470  rc:0.9155  auc:0.9884 ap:0.9772 f1: 0.9310 pred_right: 17918 pred_wrong:1282 actu_right: 17874 actu_wrong: 1326
2026-07-20 21:01:56,597 P2017787 INFO ----------------------------------------------------------------------------------------------------
2026-07-20 21:01:56,597 P2017787 INFO 103/300 starting... lr: 0.0009000000000000001 para:0.01
2026-07-20 21:01:57,847 P2017787 INFO Epoch 103/300, all_loss:0.20194 cls_loss:0.19896 rec_loss:0.49698 [1.25s]; best loss:0.14937, patience : 4
2026-07-20 21:01:58,318 P2017787 INFO pr:0.9763  rc:0.9269  auc:0.9939 ap:0.9900 f1: 0.9510 pred_right: 43721 pred_wrong:3079 actu_right: 43557 actu_wrong: 3243
2026-07-20 21:01:58,511 P2017787 INFO pr:0.9655  rc:0.8876  auc:0.9866 ap:0.9784 f1: 0.9250 pred_right: 17981 pred_wrong:1219 actu_right: 17874 actu_wrong: 1326
2026-07-20 21:01:58,511 P2017787 INFO ----------------------------------------------------------------------------------------------------
2026-07-20 21:01:58,511 P2017787 INFO 104/300 starting... lr: 0.0009000000000000001 para:0.01
2026-07-20 21:01:59,645 P2017787 INFO Epoch 104/300, all_loss:0.19814 cls_loss:0.19493 rec_loss:0.51553 [1.13s]; best loss:0.14937, patience : 4
2026-07-20 21:02:00,065 P2017787 INFO pr:0.9433  rc:0.9716  auc:0.9945 ap:0.9906 f1: 0.9573 pred_right: 43464 pred_wrong:3336 actu_right: 43561 actu_wrong: 3239
2026-07-20 21:02:00,284 P2017787 INFO pr:0.9244  rc:0.9404  auc:0.9889 ap:0.9814 f1: 0.9323 pred_right: 17851 pred_wrong:1349 actu_right: 17874 actu_wrong: 1326
2026-07-20 21:02:00,284 P2017787 INFO ----------------------------------------------------------------------------------------------------
2026-07-20 21:02:00,284 P2017787 INFO 105/300 starting... lr: 0.0009000000000000001 para:0.01
2026-07-20 21:02:01,496 P2017787 INFO Epoch 105/300, all_loss:0.17829 cls_loss:0.17482 rec_loss:0.52208 [1.21s]; best loss:0.14937, patience : 4
2026-07-20 21:02:01,935 P2017787 INFO pr:0.9687  rc:0.9657  auc:0.9933 ap:0.9907 f1: 0.9672 pred_right: 43571 pred_wrong:3229 actu_right: 43561 actu_wrong: 3239
2026-07-20 21:02:02,118 P2017787 INFO pr:0.9368  rc:0.9276  auc:0.9873 ap:0.9777 f1: 0.9322 pred_right: 17887 pred_wrong:1313 actu_right: 17874 actu_wrong: 1326
2026-07-20 21:02:02,123 P2017787 INFO ----------------------------------------------------------------------------------------------------
2026-07-20 21:02:02,123 P2017787 INFO 106/300 starting... lr: 0.0009000000000000001 para:0.01
2026-07-20 21:02:03,435 P2017787 INFO Epoch 106/300, all_loss:0.14173 cls_loss:0.13765 rec_loss:0.54562 [1.31s]; best loss:0.14173, patience : 0
2026-07-20 21:02:03,934 P2017787 INFO pr:0.9643  rc:0.9584  auc:0.9914 ap:0.9898 f1: 0.9613 pred_right: 43578 pred_wrong:3222 actu_right: 43558 actu_wrong: 3242
2026-07-20 21:02:04,156 P2017787 INFO pr:0.9407  rc:0.9095  auc:0.9808 ap:0.9743 f1: 0.9248 pred_right: 17918 pred_wrong:1282 actu_right: 17874 actu_wrong: 1326
2026-07-20 21:02:04,156 P2017787 INFO ----------------------------------------------------------------------------------------------------
2026-07-20 21:02:04,156 P2017787 INFO 107/300 starting... lr: 0.0009000000000000001 para:0.01
2026-07-20 21:02:05,510 P2017787 INFO Epoch 107/300, all_loss:0.16795 cls_loss:0.16436 rec_loss:0.52349 [1.35s]; best loss:0.14173, patience : 1
2026-07-20 21:02:06,040 P2017787 INFO pr:0.9574  rc:0.9651  auc:0.9929 ap:0.9886 f1: 0.9613 pred_right: 43535 pred_wrong:3265 actu_right: 43561 actu_wrong: 3239
2026-07-20 21:02:06,253 P2017787 INFO pr:0.9319  rc:0.9284  auc:0.9848 ap:0.9767 f1: 0.9301 pred_right: 17879 pred_wrong:1321 actu_right: 17874 actu_wrong: 1326
2026-07-20 21:02:06,254 P2017787 INFO ----------------------------------------------------------------------------------------------------
2026-07-20 21:02:06,254 P2017787 INFO 108/300 starting... lr: 0.0009000000000000001 para:0.01
2026-07-20 21:02:07,441 P2017787 INFO Epoch 108/300, all_loss:0.16498 cls_loss:0.16149 rec_loss:0.51061 [1.19s]; best loss:0.14173, patience : 1
2026-07-20 21:02:07,948 P2017787 INFO pr:0.9584  rc:0.9660  auc:0.9928 ap:0.9890 f1: 0.9622 pred_right: 43534 pred_wrong:3266 actu_right: 43560 actu_wrong: 3240
2026-07-20 21:02:08,170 P2017787 INFO pr:0.9262  rc:0.9276  auc:0.9847 ap:0.9751 f1: 0.9269 pred_right: 17872 pred_wrong:1328 actu_right: 17874 actu_wrong: 1326
2026-07-20 21:02:08,171 P2017787 INFO ----------------------------------------------------------------------------------------------------
2026-07-20 21:02:08,171 P2017787 INFO 109/300 starting... lr: 0.0009000000000000001 para:0.01
2026-07-20 21:02:09,478 P2017787 INFO Epoch 109/300, all_loss:0.16650 cls_loss:0.16305 rec_loss:0.50798 [1.31s]; best loss:0.14173, patience : 2
2026-07-20 21:02:10,087 P2017787 INFO pr:0.9629  rc:0.9608  auc:0.9927 ap:0.9872 f1: 0.9618 pred_right: 43569 pred_wrong:3231 actu_right: 43562 actu_wrong: 3238
2026-07-20 21:02:10,291 P2017787 INFO pr:0.9284  rc:0.9284  auc:0.9865 ap:0.9750 f1: 0.9284 pred_right: 17874 pred_wrong:1326 actu_right: 17874 actu_wrong: 1326
2026-07-20 21:02:10,291 P2017787 INFO ----------------------------------------------------------------------------------------------------
2026-07-20 21:02:10,299 P2017787 INFO 110/300 starting... lr: 0.0009000000000000001 para:0.01
2026-07-20 21:02:12,952 P2017787 INFO Epoch 110/300, all_loss:0.20298 cls_loss:0.20011 rec_loss:0.48753 [2.65s]; best loss:0.14173, patience : 3
2026-07-20 21:02:13,308 P2017787 INFO pr:0.9776  rc:0.9173  auc:0.9914 ap:0.9891 f1: 0.9465 pred_right: 43760 pred_wrong:3040 actu_right: 43560 actu_wrong: 3240
2026-07-20 21:02:13,453 P2017787 INFO pr:0.9576  rc:0.8688  auc:0.9819 ap:0.9766 f1: 0.9110 pred_right: 17997 pred_wrong:1203 actu_right: 17874 actu_wrong: 1326
2026-07-20 21:02:13,453 P2017787 INFO ----------------------------------------------------------------------------------------------------
2026-07-20 21:02:13,453 P2017787 INFO 111/300 starting... lr: 0.0009000000000000001 para:0.01
2026-07-20 21:02:14,310 P2017787 INFO Epoch 111/300, all_loss:0.18905 cls_loss:0.18601 rec_loss:0.49000 [0.86s]; best loss:0.14173, patience : 3
2026-07-20 21:02:14,653 P2017787 INFO pr:0.9234  rc:0.9738  auc:0.9948 ap:0.9905 f1: 0.9479 pred_right: 43381 pred_wrong:3419 actu_right: 43558 actu_wrong: 3242
2026-07-20 21:02:14,795 P2017787 INFO pr:0.8945  rc:0.9404  auc:0.9856 ap:0.9762 f1: 0.9169 pred_right: 17806 pred_wrong:1394 actu_right: 17874 actu_wrong: 1326
2026-07-20 21:02:14,795 P2017787 INFO ----------------------------------------------------------------------------------------------------
2026-07-20 21:02:14,795 P2017787 INFO 112/300 starting... lr: 0.0009000000000000001 para:0.01
2026-07-20 21:02:15,668 P2017787 INFO Epoch 112/300, all_loss:0.21527 cls_loss:0.21253 rec_loss:0.48590 [0.87s]; best loss:0.14173, patience : 4
2026-07-20 21:02:16,072 P2017787 INFO pr:0.9611  rc:0.9537  auc:0.9925 ap:0.9864 f1: 0.9574 pred_right: 43588 pred_wrong:3212 actu_right: 43563 actu_wrong: 3237
2026-07-20 21:02:16,223 P2017787 INFO pr:0.9216  rc:0.9306  auc:0.9844 ap:0.9701 f1: 0.9261 pred_right: 17861 pred_wrong:1339 actu_right: 17874 actu_wrong: 1326
2026-07-20 21:02:16,224 P2017787 INFO ----------------------------------------------------------------------------------------------------
2026-07-20 21:02:16,224 P2017787 INFO 113/300 starting... lr: 0.0009000000000000001 para:0.01
2026-07-20 21:02:17,158 P2017787 INFO Epoch 113/300, all_loss:0.36570 cls_loss:0.36488 rec_loss:0.44672 [0.93s]; best loss:0.14173, patience : 5
2026-07-20 21:02:17,510 P2017787 INFO pr:0.9361  rc:0.9722  auc:0.9935 ap:0.9900 f1: 0.9538 pred_right: 43435 pred_wrong:3365 actu_right: 43560 actu_wrong: 3240
2026-07-20 21:02:17,658 P2017787 INFO pr:0.9080  rc:0.9449  auc:0.9862 ap:0.9782 f1: 0.9261 pred_right: 17820 pred_wrong:1380 actu_right: 17874 actu_wrong: 1326
2026-07-20 21:02:17,658 P2017787 INFO ----------------------------------------------------------------------------------------------------
2026-07-20 21:02:17,658 P2017787 INFO 114/300 starting... lr: 0.0009000000000000001 para:0.01
2026-07-20 21:02:18,732 P2017787 INFO Epoch 114/300, all_loss:0.25162 cls_loss:0.24932 rec_loss:0.47888 [1.07s]; best loss:0.14173, patience : 5
2026-07-20 21:02:19,179 P2017787 INFO pr:0.9745  rc:0.9540  auc:0.9923 ap:0.9876 f1: 0.9641 pred_right: 43628 pred_wrong:3172 actu_right: 43560 actu_wrong: 3240
2026-07-20 21:02:19,373 P2017787 INFO pr:0.9550  rc:0.9133  auc:0.9837 ap:0.9762 f1: 0.9337 pred_right: 17932 pred_wrong:1268 actu_right: 17874 actu_wrong: 1326
2026-07-20 21:02:19,373 P2017787 INFO ----------------------------------------------------------------------------------------------------
2026-07-20 21:02:19,373 P2017787 INFO 115/300 starting... lr: 0.0009000000000000001 para:0.01
2026-07-20 21:02:20,495 P2017787 INFO Epoch 115/300, all_loss:0.33482 cls_loss:0.33346 rec_loss:0.47005 [1.12s]; best loss:0.14173, patience : 6
2026-07-20 21:02:20,885 P2017787 INFO pr:0.9572  rc:0.9583  auc:0.9925 ap:0.9890 f1: 0.9577 pred_right: 43556 pred_wrong:3244 actu_right: 43560 actu_wrong: 3240
2026-07-20 21:02:21,057 P2017787 INFO pr:0.9389  rc:0.9276  auc:0.9853 ap:0.9804 f1: 0.9332 pred_right: 17890 pred_wrong:1310 actu_right: 17874 actu_wrong: 1326
2026-07-20 21:02:21,057 P2017787 INFO ----------------------------------------------------------------------------------------------------
2026-07-20 21:02:21,057 P2017787 INFO 116/300 starting... lr: 0.0009000000000000001 para:0.01
2026-07-20 21:02:22,238 P2017787 INFO Epoch 116/300, all_loss:0.15189 cls_loss:0.14700 rec_loss:0.63615 [1.18s]; best loss:0.14173, patience : 6
2026-07-20 21:02:22,640 P2017787 INFO pr:0.9589  rc:0.9642  auc:0.9924 ap:0.9874 f1: 0.9616 pred_right: 43540 pred_wrong:3260 actu_right: 43558 actu_wrong: 3242
2026-07-20 21:02:22,803 P2017787 INFO pr:0.9315  rc:0.9231  auc:0.9835 ap:0.9771 f1: 0.9273 pred_right: 17886 pred_wrong:1314 actu_right: 17874 actu_wrong: 1326
2026-07-20 21:02:22,804 P2017787 INFO ----------------------------------------------------------------------------------------------------
2026-07-20 21:02:22,804 P2017787 INFO 117/300 starting... lr: 0.0009000000000000001 para:0.01
2026-07-20 21:02:23,907 P2017787 INFO Epoch 117/300, all_loss:0.14829 cls_loss:0.14340 rec_loss:0.63209 [1.10s]; best loss:0.14173, patience : 6
2026-07-20 21:02:24,346 P2017787 INFO pr:0.9439  rc:0.9756  auc:0.9939 ap:0.9860 f1: 0.9595 pred_right: 43448 pred_wrong:3352 actu_right: 43557 actu_wrong: 3243
2026-07-20 21:02:24,529 P2017787 INFO pr:0.9099  rc:0.9517  auc:0.9877 ap:0.9757 f1: 0.9303 pred_right: 17813 pred_wrong:1387 actu_right: 17874 actu_wrong: 1326
2026-07-20 21:02:24,530 P2017787 INFO ----------------------------------------------------------------------------------------------------
2026-07-20 21:02:24,530 P2017787 INFO 118/300 starting... lr: 0.0009000000000000001 para:0.01
2026-07-20 21:02:25,728 P2017787 INFO Epoch 118/300, all_loss:0.14596 cls_loss:0.14149 rec_loss:0.58843 [1.20s]; best loss:0.14173, patience : 6
2026-07-20 21:02:26,721 P2017787 INFO pr:0.9567  rc:0.9688  auc:0.9931 ap:0.9866 f1: 0.9627 pred_right: 43521 pred_wrong:3279 actu_right: 43562 actu_wrong: 3238
2026-07-20 21:02:27,061 P2017787 INFO pr:0.9316  rc:0.9344  auc:0.9866 ap:0.9754 f1: 0.9330 pred_right: 17870 pred_wrong:1330 actu_right: 17874 actu_wrong: 1326
2026-07-20 21:02:27,061 P2017787 INFO ----------------------------------------------------------------------------------------------------
2026-07-20 21:02:27,061 P2017787 INFO 119/300 starting... lr: 0.0009000000000000001 para:0.01
2026-07-20 21:02:31,275 P2017787 INFO Epoch 119/300, all_loss:0.17461 cls_loss:0.17083 rec_loss:0.54868 [4.21s]; best loss:0.14173, patience : 7
2026-07-20 21:02:32,501 P2017787 INFO pr:0.9627  rc:0.9648  auc:0.9937 ap:0.9883 f1: 0.9638 pred_right: 43552 pred_wrong:3248 actu_right: 43559 actu_wrong: 3241
2026-07-20 21:02:32,894 P2017787 INFO pr:0.9420  rc:0.9314  auc:0.9876 ap:0.9749 f1: 0.9367 pred_right: 17889 pred_wrong:1311 actu_right: 17874 actu_wrong: 1326
2026-07-20 21:02:32,895 P2017787 INFO ----------------------------------------------------------------------------------------------------
2026-07-20 21:02:32,895 P2017787 INFO 120/300 starting... lr: 0.0009000000000000001 para:0.01
2026-07-20 21:02:35,340 P2017787 INFO Epoch 120/300, all_loss:0.16679 cls_loss:0.16342 rec_loss:0.50045 [2.44s]; best loss:0.14173, patience : 7
2026-07-20 21:02:36,320 P2017787 INFO pr:0.9636  rc:0.9323  auc:0.9939 ap:0.9853 f1: 0.9477 pred_right: 43668 pred_wrong:3132 actu_right: 43563 actu_wrong: 3237
2026-07-20 21:02:36,918 P2017787 INFO pr:0.9408  rc:0.9103  auc:0.9880 ap:0.9711 f1: 0.9253 pred_right: 17917 pred_wrong:1283 actu_right: 17874 actu_wrong: 1326
2026-07-20 21:02:36,919 P2017787 INFO ----------------------------------------------------------------------------------------------------
2026-07-20 21:02:36,919 P2017787 INFO 121/300 starting... lr: 0.0009000000000000001 para:0.01
2026-07-20 21:02:39,285 P2017787 INFO Epoch 121/300, all_loss:0.24181 cls_loss:0.23942 rec_loss:0.47884 [2.36s]; best loss:0.14173, patience : 8
2026-07-20 21:02:39,880 P2017787 INFO pr:0.9536  rc:0.9722  auc:0.9945 ap:0.9893 f1: 0.9628 pred_right: 43500 pred_wrong:3300 actu_right: 43563 actu_wrong: 3237
2026-07-20 21:02:40,113 P2017787 INFO pr:0.9300  rc:0.9412  auc:0.9890 ap:0.9758 f1: 0.9355 pred_right: 17858 pred_wrong:1342 actu_right: 17874 actu_wrong: 1326
2026-07-20 21:02:40,114 P2017787 INFO ----------------------------------------------------------------------------------------------------
2026-07-20 21:02:40,114 P2017787 INFO 122/300 starting... lr: 0.0009000000000000001 para:0.01
2026-07-20 21:02:41,586 P2017787 INFO Epoch 122/300, all_loss:0.24405 cls_loss:0.24153 rec_loss:0.49306 [1.47s]; best loss:0.14173, patience : 9
2026-07-20 21:02:42,101 P2017787 INFO pr:0.9726  rc:0.9422  auc:0.9935 ap:0.9899 f1: 0.9572 pred_right: 43663 pred_wrong:3137 actu_right: 43562 actu_wrong: 3238
2026-07-20 21:02:42,316 P2017787 INFO pr:0.9500  rc:0.9027  auc:0.9869 ap:0.9781 f1: 0.9258 pred_right: 17940 pred_wrong:1260 actu_right: 17874 actu_wrong: 1326
2026-07-20 21:02:42,317 P2017787 INFO ----------------------------------------------------------------------------------------------------
2026-07-20 21:02:42,317 P2017787 INFO 123/300 starting... lr: 0.0009000000000000001 para:0.01
2026-07-20 21:02:43,738 P2017787 INFO Epoch 123/300, all_loss:0.23322 cls_loss:0.23076 rec_loss:0.47687 [1.42s]; best loss:0.14173, patience : 9
2026-07-20 21:02:44,189 P2017787 INFO pr:0.9678  rc:0.9546  auc:0.9941 ap:0.9899 f1: 0.9612 pred_right: 43603 pred_wrong:3197 actu_right: 43559 actu_wrong: 3241
2026-07-20 21:02:44,380 P2017787 INFO pr:0.9487  rc:0.9065  auc:0.9860 ap:0.9769 f1: 0.9271 pred_right: 17933 pred_wrong:1267 actu_right: 17874 actu_wrong: 1326
2026-07-20 21:02:44,380 P2017787 INFO ----------------------------------------------------------------------------------------------------
2026-07-20 21:02:44,380 P2017787 INFO 124/300 starting... lr: 0.0009000000000000001 para:0.01
2026-07-20 21:02:45,582 P2017787 INFO Epoch 124/300, all_loss:0.27512 cls_loss:0.27338 rec_loss:0.44726 [1.20s]; best loss:0.14173, patience : 10
2026-07-20 21:02:46,028 P2017787 INFO pr:0.9723  rc:0.9210  auc:0.9927 ap:0.9907 f1: 0.9460 pred_right: 43731 pred_wrong:3069 actu_right: 43560 actu_wrong: 3240
2026-07-20 21:02:46,204 P2017787 INFO pr:0.9562  rc:0.8733  auc:0.9851 ap:0.9807 f1: 0.9129 pred_right: 17989 pred_wrong:1211 actu_right: 17874 actu_wrong: 1326
2026-07-20 21:02:46,205 P2017787 INFO ----------------------------------------------------------------------------------------------------
2026-07-20 21:02:46,205 P2017787 INFO 125/300 starting... lr: 0.0009000000000000001 para:0.01
2026-07-20 21:02:47,498 P2017787 INFO Epoch 125/300, all_loss:0.22636 cls_loss:0.22394 rec_loss:0.46639 [1.29s]; best loss:0.14173, patience : 10
2026-07-20 21:02:47,993 P2017787 INFO pr:0.9661  rc:0.9515  auc:0.9943 ap:0.9898 f1: 0.9588 pred_right: 43610 pred_wrong:3190 actu_right: 43561 actu_wrong: 3239
2026-07-20 21:02:48,194 P2017787 INFO pr:0.9459  rc:0.9231  auc:0.9875 ap:0.9777 f1: 0.9344 pred_right: 17906 pred_wrong:1294 actu_right: 17874 actu_wrong: 1326
2026-07-20 21:02:48,194 P2017787 INFO ----------------------------------------------------------------------------------------------------
2026-07-20 21:02:48,194 P2017787 INFO 126/300 starting... lr: 0.0009000000000000001 para:0.01
2026-07-20 21:02:49,501 P2017787 INFO Epoch 126/300, all_loss:0.23254 cls_loss:0.23014 rec_loss:0.47021 [1.31s]; best loss:0.14173, patience : 11
2026-07-20 21:02:49,998 P2017787 INFO pr:0.9774  rc:0.9333  auc:0.9939 ap:0.9896 f1: 0.9548 pred_right: 43706 pred_wrong:3094 actu_right: 43560 actu_wrong: 3240
2026-07-20 21:02:50,211 P2017787 INFO pr:0.9627  rc:0.8944  auc:0.9890 ap:0.9801 f1: 0.9273 pred_right: 17968 pred_wrong:1232 actu_right: 17874 actu_wrong: 1326
2026-07-20 21:02:50,212 P2017787 INFO ----------------------------------------------------------------------------------------------------
2026-07-20 21:02:50,212 P2017787 INFO 127/300 starting... lr: 0.0009000000000000001 para:0.01
2026-07-20 21:02:51,439 P2017787 INFO Epoch 127/300, all_loss:0.18806 cls_loss:0.18556 rec_loss:0.43560 [1.23s]; best loss:0.14173, patience : 11
2026-07-20 21:02:51,975 P2017787 INFO pr:0.9565  rc:0.9698  auc:0.9937 ap:0.9915 f1: 0.9631 pred_right: 43515 pred_wrong:3285 actu_right: 43560 actu_wrong: 3240
2026-07-20 21:02:52,194 P2017787 INFO pr:0.9319  rc:0.9397  auc:0.9870 ap:0.9803 f1: 0.9358 pred_right: 17863 pred_wrong:1337 actu_right: 17874 actu_wrong: 1326
2026-07-20 21:02:52,194 P2017787 INFO ----------------------------------------------------------------------------------------------------
2026-07-20 21:02:52,194 P2017787 INFO 128/300 starting... lr: 0.0009000000000000001 para:0.01
2026-07-20 21:02:53,438 P2017787 INFO Epoch 128/300, all_loss:0.20743 cls_loss:0.20480 rec_loss:0.46723 [1.24s]; best loss:0.14173, patience : 12
2026-07-20 21:02:53,878 P2017787 INFO pr:0.9484  rc:0.9645  auc:0.9949 ap:0.9903 f1: 0.9564 pred_right: 43505 pred_wrong:3295 actu_right: 43560 actu_wrong: 3240
2026-07-20 21:02:54,060 P2017787 INFO pr:0.9258  rc:0.9321  auc:0.9884 ap:0.9789 f1: 0.9290 pred_right: 17865 pred_wrong:1335 actu_right: 17874 actu_wrong: 1326
2026-07-20 21:02:54,060 P2017787 INFO ----------------------------------------------------------------------------------------------------
2026-07-20 21:02:54,060 P2017787 INFO 129/300 starting... lr: 0.0009000000000000001 para:0.01
2026-07-20 21:02:55,342 P2017787 INFO Epoch 129/300, all_loss:0.17622 cls_loss:0.17354 rec_loss:0.44126 [1.28s]; best loss:0.14173, patience : 12
2026-07-20 21:02:55,868 P2017787 INFO pr:0.9764  rc:0.9469  auc:0.9944 ap:0.9910 f1: 0.9614 pred_right: 43660 pred_wrong:3140 actu_right: 43562 actu_wrong: 3238
2026-07-20 21:02:56,034 P2017787 INFO pr:0.9608  rc:0.9065  auc:0.9876 ap:0.9796 f1: 0.9329 pred_right: 17949 pred_wrong:1251 actu_right: 17874 actu_wrong: 1326
2026-07-20 21:02:56,035 P2017787 INFO ----------------------------------------------------------------------------------------------------
2026-07-20 21:02:56,035 P2017787 INFO 130/300 starting... lr: 0.0009000000000000001 para:0.01
2026-07-20 21:02:57,199 P2017787 INFO Epoch 130/300, all_loss:0.17612 cls_loss:0.17329 rec_loss:0.45548 [1.16s]; best loss:0.14173, patience : 12
2026-07-20 21:02:57,716 P2017787 INFO pr:0.9664  rc:0.9596  auc:0.9915 ap:0.9890 f1: 0.9630 pred_right: 43583 pred_wrong:3217 actu_right: 43560 actu_wrong: 3240
2026-07-20 21:02:57,927 P2017787 INFO pr:0.9488  rc:0.9080  auc:0.9836 ap:0.9782 f1: 0.9279 pred_right: 17931 pred_wrong:1269 actu_right: 17874 actu_wrong: 1326
2026-07-20 21:02:57,927 P2017787 INFO ----------------------------------------------------------------------------------------------------
2026-07-20 21:02:57,927 P2017787 INFO 131/300 starting... lr: 0.0009000000000000001 para:0.01
2026-07-20 21:02:59,269 P2017787 INFO Epoch 131/300, all_loss:0.19182 cls_loss:0.18934 rec_loss:0.43737 [1.34s]; best loss:0.14173, patience : 13
2026-07-20 21:02:59,696 P2017787 INFO pr:0.9560  rc:0.9657  auc:0.9935 ap:0.9875 f1: 0.9608 pred_right: 43529 pred_wrong:3271 actu_right: 43562 actu_wrong: 3238
2026-07-20 21:02:59,897 P2017787 INFO pr:0.9267  rc:0.9253  auc:0.9862 ap:0.9758 f1: 0.9260 pred_right: 17876 pred_wrong:1324 actu_right: 17874 actu_wrong: 1326
2026-07-20 21:02:59,897 P2017787 INFO ----------------------------------------------------------------------------------------------------
2026-07-20 21:02:59,897 P2017787 INFO 132/300 starting... lr: 0.0009000000000000001 para:0.01
2026-07-20 21:03:01,180 P2017787 INFO Epoch 132/300, all_loss:0.19137 cls_loss:0.18911 rec_loss:0.41539 [1.28s]; best loss:0.14173, patience : 13
2026-07-20 21:03:01,629 P2017787 INFO pr:0.9702  rc:0.9546  auc:0.9942 ap:0.9892 f1: 0.9624 pred_right: 43611 pred_wrong:3189 actu_right: 43559 actu_wrong: 3241
2026-07-20 21:03:01,798 P2017787 INFO pr:0.9525  rc:0.9223  auc:0.9887 ap:0.9790 f1: 0.9372 pred_right: 17916 pred_wrong:1284 actu_right: 17874 actu_wrong: 1326
2026-07-20 21:03:01,798 P2017787 INFO ----------------------------------------------------------------------------------------------------
2026-07-20 21:03:01,799 P2017787 INFO 133/300 starting... lr: 0.0009000000000000001 para:0.01
2026-07-20 21:03:02,895 P2017787 INFO Epoch 133/300, all_loss:0.15546 cls_loss:0.15245 rec_loss:0.45409 [1.10s]; best loss:0.14173, patience : 13
2026-07-20 21:03:03,349 P2017787 INFO pr:0.9469  rc:0.9694  auc:0.9941 ap:0.9856 f1: 0.9580 pred_right: 43484 pred_wrong:3316 actu_right: 43561 actu_wrong: 3239
2026-07-20 21:03:03,528 P2017787 INFO pr:0.9136  rc:0.9404  auc:0.9894 ap:0.9741 f1: 0.9268 pred_right: 17835 pred_wrong:1365 actu_right: 17874 actu_wrong: 1326
2026-07-20 21:03:03,529 P2017787 INFO ----------------------------------------------------------------------------------------------------
2026-07-20 21:03:03,529 P2017787 INFO 134/300 starting... lr: 0.0009000000000000001 para:0.01
2026-07-20 21:03:04,796 P2017787 INFO Epoch 134/300, all_loss:0.19508 cls_loss:0.19267 rec_loss:0.43285 [1.27s]; best loss:0.14173, patience : 14
2026-07-20 21:03:05,247 P2017787 INFO pr:0.9699  rc:0.9633  auc:0.9935 ap:0.9910 f1: 0.9666 pred_right: 43582 pred_wrong:3218 actu_right: 43560 actu_wrong: 3240
2026-07-20 21:03:05,443 P2017787 INFO pr:0.9496  rc:0.9231  auc:0.9876 ap:0.9822 f1: 0.9361 pred_right: 17911 pred_wrong:1289 actu_right: 17874 actu_wrong: 1326
2026-07-20 21:03:05,443 P2017787 INFO ----------------------------------------------------------------------------------------------------
2026-07-20 21:03:05,443 P2017787 INFO 135/300 starting... lr: 0.0009000000000000001 para:0.01
2026-07-20 21:03:06,725 P2017787 INFO Early stop at epoch: 135
2026-07-20 21:03:06,725 P2017787 INFO saving model...
2026-07-20 21:03:06,725 P2017787 INFO Eadro - loss  best score:0.14172658324241638 at epoch 106
2026-07-20 21:03:06,734 P2017787 INFO Eadro - f1  best score:0.9672232529375386 at epoch 105
2026-07-20 21:03:06,740 P2017787 INFO Average training time per epoch: 1.35 seconds
2026-07-20 21:03:06,741 P2017787 INFO calculate scores...
2026-07-20 21:03:06,741 P2017787 INFO calculate label with loss...
2026-07-20 21:03:06,741 P2017787 INFO Eadro on ./result/Eadro-SN-Epochs300-Seed2ExpNameRQ1_main-lowshow-simplegraph loading...
2026-07-20 21:03:06,963 P2017787 INFO pr:0.9407  rc:0.9095  auc:0.9808 ap:0.9743 f1: 0.9248 pred_right: 17918 pred_wrong:1282 actu_right: 17874 actu_wrong: 1326
2026-07-20 21:03:07,597 P2017787 INFO pr:0.9407  rc:0.9095  auc:0.9808 ap:0.9743 f1: 0.9248 pred_right: 17918 pred_wrong:1282 actu_right: 17874 actu_wrong: 1326
2026-07-20 21:03:07,597 P2017787 INFO Performance Summary:
{'GPU': {'inference_time_per_sample_ms': 0.10241216885073158, 'throughput_samples_per_sec': 9764.464625854436, 'peak_memory_mb': 59.40576171875, 'energy_per_sample_joules': 0.006099617570665147}, 'CPU': {'inference_time_per_sample_ms': 0.3497813049697196, 'throughput_samples_per_sec': 2858.929238904205, 'peak_memory_mb': 1883.92578125, 'energy_per_sample_joules': 0.022735784823031773}}
2026-07-20 21:03:07,597 P2017787 INFO Starting clean-room hardware benchmarking...
2026-07-20 21:03:08,211 P2017787 INFO Performance with loss: pr:0.9407  rc:0.9095  auc:0.9808 ap:0.9743 f1: 0.9248 pred_right: 17918 pred_wrong:1282 actu_right: 17874 actu_wrong: 1326
2026-07-20 21:03:08,212 P2017787 INFO calculate label with f1...
2026-07-20 21:03:08,212 P2017787 INFO Eadro on ./result/Eadro-SN-Epochs300-Seed2ExpNameRQ1_main-lowshow-simplegraph loading...
2026-07-20 21:03:08,440 P2017787 INFO pr:0.9368  rc:0.9276  auc:0.9873 ap:0.9777 f1: 0.9322 pred_right: 17887 pred_wrong:1313 actu_right: 17874 actu_wrong: 1326
2026-07-20 21:03:08,906 P2017787 INFO pr:0.9368  rc:0.9276  auc:0.9873 ap:0.9777 f1: 0.9322 pred_right: 17887 pred_wrong:1313 actu_right: 17874 actu_wrong: 1326
2026-07-20 21:03:08,906 P2017787 INFO Performance Summary:
{'GPU': {'inference_time_per_sample_ms': 0.10669070429130459, 'throughput_samples_per_sec': 9372.887794138416, 'peak_memory_mb': 58.89892578125, 'energy_per_sample_joules': 0.005754949934825115}, 'CPU': {'inference_time_per_sample_ms': 0.25246643410930303, 'throughput_samples_per_sec': 3960.9225817601523, 'peak_memory_mb': 1901.5, 'energy_per_sample_joules': 0.0164103182171047}}
2026-07-20 21:03:08,906 P2017787 INFO Starting clean-room hardware benchmarking...
2026-07-20 21:03:09,465 P2017787 INFO Performance with f1: pr:0.9368  rc:0.9276  auc:0.9873 ap:0.9777 f1: 0.9322 pred_right: 17887 pred_wrong:1313 actu_right: 17874 actu_wrong: 1326
2026-07-25 22:22:14,137 P2152433 INFO ---- Model: ----MSTGAD-bea37417----random_seed : 2----req_loss_approach : Normal-Recreation----rec_lambda : 1.0----auxi_lambda : 0.5----Freq Domain : Eadro----Multi Fits : false----train : True----evaluate : False
2026-07-25 22:22:14,137 P2152433 INFO Load from /home/db2003/Desktop/Amr/Tests/Eadro/codes/chunks/SN
2026-07-25 22:22:14,985 P2152433 INFO Fewshot: training with 1.0 of the 70% of the data
2026-07-25 22:22:15,120 P2152433 INFO Trainable Parameters Breakdown:
2026-07-25 22:22:15,120 P2152433 INFO --------------------------------------------------------------------------------
2026-07-25 22:22:15,120 P2152433 INFO Reconstruction-Specific Parameters:
2026-07-25 22:22:15,120 P2152433 INFO Eadro_Model.encoder.trace_model.net.network.0.weight | shape: (20, 2, 3)                | params: 120
2026-07-25 22:22:15,120 P2152433 INFO Eadro_Model.encoder.trace_model.net.network.0.bias | shape: (20,)                     | params: 20
2026-07-25 22:22:15,120 P2152433 INFO Eadro_Model.encoder.trace_model.net.network.1.weight | shape: (20,)                     | params: 20
2026-07-25 22:22:15,120 P2152433 INFO Eadro_Model.encoder.trace_model.net.network.1.bias | shape: (20,)                     | params: 20
2026-07-25 22:22:15,120 P2152433 INFO Eadro_Model.encoder.trace_model.net.network.4.weight | shape: (8, 20, 3)                | params: 480
2026-07-25 22:22:15,120 P2152433 INFO Eadro_Model.encoder.trace_model.net.network.4.bias | shape: (8,)                      | params: 8
2026-07-25 22:22:15,120 P2152433 INFO Eadro_Model.encoder.trace_model.net.network.5.weight | shape: (8,)                      | params: 8
2026-07-25 22:22:15,120 P2152433 INFO Eadro_Model.encoder.trace_model.net.network.5.bias | shape: (8,)                      | params: 8
2026-07-25 22:22:15,120 P2152433 INFO Eadro_Model.encoder.log_model.embedder.weight | shape: (32, 7)                   | params: 224
2026-07-25 22:22:15,120 P2152433 INFO Eadro_Model.encoder.log_model.embedder.bias | shape: (32,)                     | params: 32
2026-07-25 22:22:15,120 P2152433 INFO Eadro_Model.encoder.metric_model.net.network.0.weight | shape: (64, 7, 3)                | params: 1,344
2026-07-25 22:22:15,121 P2152433 INFO Eadro_Model.encoder.metric_model.net.network.0.bias | shape: (64,)                     | params: 64
2026-07-25 22:22:15,121 P2152433 INFO Eadro_Model.encoder.metric_model.net.network.1.weight | shape: (64,)                     | params: 64
2026-07-25 22:22:15,121 P2152433 INFO Eadro_Model.encoder.metric_model.net.network.1.bias | shape: (64,)                     | params: 64
2026-07-25 22:22:15,121 P2152433 INFO Eadro_Model.encoder.metric_model.net.network.4.weight | shape: (8, 64, 3)                | params: 1,536
2026-07-25 22:22:15,121 P2152433 INFO Eadro_Model.encoder.metric_model.net.network.4.bias | shape: (8,)                      | params: 8
2026-07-25 22:22:15,121 P2152433 INFO Eadro_Model.encoder.metric_model.net.network.5.weight | shape: (8,)                      | params: 8
2026-07-25 22:22:15,121 P2152433 INFO Eadro_Model.encoder.metric_model.net.network.5.bias | shape: (8,)                      | params: 8
2026-07-25 22:22:15,121 P2152433 INFO Eadro_Model.encoder.fuse.weight          | shape: (64, 48)                  | params: 3,072
2026-07-25 22:22:15,121 P2152433 INFO Eadro_Model.encoder.fuse.bias            | shape: (64,)                     | params: 64
2026-07-25 22:22:15,121 P2152433 INFO Eadro_Model.encoder.status_model.layers.0.att | shape: (1, 4, 64)                | params: 256
2026-07-25 22:22:15,121 P2152433 INFO Eadro_Model.encoder.status_model.layers.0.bias | shape: (64,)                     | params: 64
2026-07-25 22:22:15,121 P2152433 INFO Eadro_Model.encoder.status_model.layers.0.lin_l.weight | shape: (256, 32)                 | params: 8,192
2026-07-25 22:22:15,121 P2152433 INFO Eadro_Model.encoder.status_model.layers.0.lin_l.bias | shape: (256,)                    | params: 256
2026-07-25 22:22:15,121 P2152433 INFO Eadro_Model.encoder.status_model.layers.0.lin_r.weight | shape: (256, 32)                 | params: 8,192
2026-07-25 22:22:15,121 P2152433 INFO Eadro_Model.encoder.status_model.layers.0.lin_r.bias | shape: (256,)                    | params: 256
2026-07-25 22:22:15,121 P2152433 INFO Eadro_Model.encoder.status_model.layers.1.att | shape: (1, 4, 128)               | params: 512
2026-07-25 22:22:15,121 P2152433 INFO Eadro_Model.encoder.status_model.layers.1.bias | shape: (128,)                    | params: 128
2026-07-25 22:22:15,121 P2152433 INFO Eadro_Model.encoder.status_model.layers.1.lin_l.weight | shape: (512, 64)                 | params: 32,768
2026-07-25 22:22:15,121 P2152433 INFO Eadro_Model.encoder.status_model.layers.1.lin_l.bias | shape: (512,)                    | params: 512
2026-07-25 22:22:15,121 P2152433 INFO Eadro_Model.encoder.status_model.layers.1.lin_r.weight | shape: (512, 64)                 | params: 32,768
2026-07-25 22:22:15,121 P2152433 INFO Eadro_Model.encoder.status_model.layers.1.lin_r.bias | shape: (512,)                    | params: 512
2026-07-25 22:22:15,121 P2152433 INFO Eadro_Model.reconstructor.0.weight       | shape: (128, 128)                | params: 16,384
2026-07-25 22:22:15,121 P2152433 INFO Eadro_Model.reconstructor.0.bias         | shape: (128,)                    | params: 128
2026-07-25 22:22:15,121 P2152433 INFO Eadro_Model.reconstructor.1.weight       | shape: (128,)                    | params: 128
2026-07-25 22:22:15,121 P2152433 INFO Eadro_Model.reconstructor.1.bias         | shape: (128,)                    | params: 128
2026-07-25 22:22:15,121 P2152433 INFO Eadro_Model.reconstructor.2.weight       | shape: (16, 128)                 | params: 2,048
2026-07-25 22:22:15,121 P2152433 INFO Eadro_Model.reconstructor.2.bias         | shape: (16,)                     | params: 16
2026-07-25 22:22:15,121 P2152433 INFO Subtotal: 110,420
2026-07-25 22:22:15,121 P2152433 INFO --------------------------------------------------------------------------------
2026-07-25 22:22:15,122 P2152433 INFO Common Parameters:
2026-07-25 22:22:15,122 P2152433 INFO show.0.weight                            | shape: (128, 16)                 | params: 2,048
2026-07-25 22:22:15,122 P2152433 INFO show.0.bias                              | shape: (128,)                    | params: 128
2026-07-25 22:22:15,122 P2152433 INFO show.2.weight                            | shape: (2, 128)                  | params: 256
2026-07-25 22:22:15,122 P2152433 INFO show.2.bias                              | shape: (2,)                      | params: 2
2026-07-25 22:22:15,122 P2152433 INFO Subtotal: 2,434
2026-07-25 22:22:15,122 P2152433 INFO --------------------------------------------------------------------------------
2026-07-25 22:22:15,122 P2152433 INFO Total Trainable Parameters: 112,854

2026-07-25 22:22:15,122 P2152433 INFO Trainable Parameters: 112854, reconstruction: 110420, common: 2434
2026-07-25 22:22:15,122 P2152433 INFO model : init weight
2026-07-25 22:22:15,123 P2152433 INFO Using GPU...
2026-07-25 22:22:15,126 P2152433 INFO optimizer : using AdaBelief
2026-07-25 22:22:15,126 P2152433 INFO ----------------------------------------------------------------------------------------------------
2026-07-25 22:22:15,126 P2152433 INFO 0/300 starting... lr: 0.001 para:1.0
2026-07-25 22:22:16,985 P2152433 INFO Epoch 0/300, all_loss:0.24396 cls_loss:30.17264 rec_loss:0.24396 [1.85s]; best loss:0.24396, patience : 0
2026-07-25 22:22:16,986 P2152433 INFO ----------------------------------------------------------------------------------------------------
2026-07-25 22:22:16,986 P2152433 INFO 1/300 starting... lr: 0.001 para:0.5
2026-07-25 22:22:18,122 P2152433 INFO Epoch 1/300, all_loss:9.30604 cls_loss:18.30431 rec_loss:0.30776 [1.13s]; best loss:9.30604, patience : 0
2026-07-25 22:22:18,123 P2152433 INFO ----------------------------------------------------------------------------------------------------
2026-07-25 22:22:18,123 P2152433 INFO 2/300 starting... lr: 0.001 para:0.3333333432674408
2026-07-25 22:22:19,163 P2152433 INFO Epoch 2/300, all_loss:7.84242 cls_loss:11.55285 rec_loss:0.42158 [1.04s]; best loss:7.84242, patience : 0
2026-07-25 22:22:19,613 P2152433 INFO pr:0.0000  rc:0.0000  auc:0.7826 ap:0.6106 f1: 0.0000 pred_right: 46800 pred_wrong: 0  actu_right: 43561 actu_wrong: 3239
2026-07-25 22:22:19,769 P2152433 INFO pr:0.0000  rc:0.0000  auc:0.7865 ap:0.6118 f1: 0.0000 pred_right: 19200 pred_wrong: 0  actu_right: 17874 actu_wrong: 1326
2026-07-25 22:22:19,774 P2152433 INFO ----------------------------------------------------------------------------------------------------
2026-07-25 22:22:19,774 P2152433 INFO 3/300 starting... lr: 0.001 para:0.25
2026-07-25 22:22:20,749 P2152433 INFO Epoch 3/300, all_loss:7.67050 cls_loss:10.08703 rec_loss:0.42091 [0.97s]; best loss:7.67050, patience : 0
2026-07-25 22:22:21,169 P2152433 INFO pr:0.0000  rc:0.0000  auc:0.8161 ap:0.6449 f1: 0.0000 pred_right: 46800 pred_wrong: 0  actu_right: 43558 actu_wrong: 3242
2026-07-25 22:22:21,484 P2152433 INFO pr:0.0000  rc:0.0000  auc:0.8158 ap:0.6447 f1: 0.0000 pred_right: 19200 pred_wrong: 0  actu_right: 17874 actu_wrong: 1326
2026-07-25 22:22:21,491 P2152433 INFO ----------------------------------------------------------------------------------------------------
2026-07-25 22:22:21,492 P2152433 INFO 4/300 starting... lr: 0.001 para:0.20000000298023224
2026-07-25 22:22:23,872 P2152433 INFO Epoch 4/300, all_loss:7.64583 cls_loss:9.45168 rec_loss:0.42242 [2.37s]; best loss:7.64583, patience : 0
2026-07-25 22:22:25,178 P2152433 INFO pr:0.0000  rc:0.0000  auc:0.8521 ap:0.7447 f1: 0.0000 pred_right: 46800 pred_wrong: 0  actu_right: 43560 actu_wrong: 3240
2026-07-25 22:22:25,526 P2152433 INFO pr:0.0000  rc:0.0000  auc:0.8493 ap:0.7412 f1: 0.0000 pred_right: 19200 pred_wrong: 0  actu_right: 17874 actu_wrong: 1326
2026-07-25 22:22:25,535 P2152433 INFO ----------------------------------------------------------------------------------------------------
2026-07-25 22:22:25,536 P2152433 INFO 5/300 starting... lr: 0.001 para:0.1666666716337204
2026-07-25 22:22:28,125 P2152433 INFO Epoch 5/300, all_loss:6.66881 cls_loss:7.91616 rec_loss:0.43206 [2.58s]; best loss:6.66881, patience : 0
2026-07-25 22:22:29,357 P2152433 INFO pr:0.9128  rc:0.3362  auc:0.8747 ap:0.7826 f1: 0.4914 pred_right: 45607 pred_wrong:1193 actu_right: 43561 actu_wrong: 3239
2026-07-25 22:22:29,741 P2152433 INFO pr:0.9023  rc:0.3273  auc:0.8707 ap:0.7779 f1: 0.4804 pred_right: 18719 pred_wrong:481 actu_right: 17874 actu_wrong: 1326
2026-07-25 22:22:29,748 P2152433 INFO ----------------------------------------------------------------------------------------------------
2026-07-25 22:22:29,748 P2152433 INFO 6/300 starting... lr: 0.001 para:0.1428571492433548
2026-07-25 22:22:32,888 P2152433 INFO Epoch 6/300, all_loss:6.37853 cls_loss:7.37071 rec_loss:0.42547 [3.13s]; best loss:6.37853, patience : 0
2026-07-25 22:22:33,937 P2152433 INFO pr:0.9158  rc:0.3725  auc:0.8880 ap:0.7951 f1: 0.5296 pred_right: 45482 pred_wrong:1318 actu_right: 43560 actu_wrong: 3240
2026-07-25 22:22:34,324 P2152433 INFO pr:0.9084  rc:0.3590  auc:0.8837 ap:0.7898 f1: 0.5146 pred_right: 18676 pred_wrong:524 actu_right: 17874 actu_wrong: 1326
2026-07-25 22:22:34,332 P2152433 INFO ----------------------------------------------------------------------------------------------------
2026-07-25 22:22:34,332 P2152433 INFO 7/300 starting... lr: 0.001 para:0.125
2026-07-25 22:22:37,780 P2152433 INFO Epoch 7/300, all_loss:6.19512 cls_loss:7.01860 rec_loss:0.43072 [3.44s]; best loss:6.19512, patience : 0
2026-07-25 22:22:38,520 P2152433 INFO pr:0.8891  rc:0.3934  auc:0.8990 ap:0.8106 f1: 0.5455 pred_right: 45366 pred_wrong:1434 actu_right: 43559 actu_wrong: 3241
2026-07-25 22:22:38,787 P2152433 INFO pr:0.8453  rc:0.3914  auc:0.8952 ap:0.8034 f1: 0.5351 pred_right: 18586 pred_wrong:614 actu_right: 17874 actu_wrong: 1326
2026-07-25 22:22:38,794 P2152433 INFO ----------------------------------------------------------------------------------------------------
2026-07-25 22:22:38,794 P2152433 INFO 8/300 starting... lr: 0.001 para:0.1111111119389534
2026-07-25 22:22:40,124 P2152433 INFO Epoch 8/300, all_loss:6.04167 cls_loss:6.74362 rec_loss:0.42604 [1.32s]; best loss:6.04167, patience : 0
2026-07-25 22:22:40,660 P2152433 INFO pr:0.9136  rc:0.3918  auc:0.9085 ap:0.8211 f1: 0.5484 pred_right: 45411 pred_wrong:1389 actu_right: 43561 actu_wrong: 3239
2026-07-25 22:22:40,888 P2152433 INFO pr:0.8811  rc:0.3801  auc:0.9016 ap:0.8111 f1: 0.5311 pred_right: 18628 pred_wrong:572 actu_right: 17874 actu_wrong: 1326
2026-07-25 22:22:40,895 P2152433 INFO ----------------------------------------------------------------------------------------------------
2026-07-25 22:22:40,895 P2152433 INFO 9/300 starting... lr: 0.001 para:0.10000000149011612
2026-07-25 22:22:42,328 P2152433 INFO Epoch 9/300, all_loss:5.84777 cls_loss:6.44968 rec_loss:0.43056 [1.43s]; best loss:5.84777, patience : 0
2026-07-25 22:22:42,962 P2152433 INFO pr:0.9266  rc:0.3854  auc:0.9172 ap:0.8295 f1: 0.5444 pred_right: 45451 pred_wrong:1349 actu_right: 43557 actu_wrong: 3243
2026-07-25 22:22:43,229 P2152433 INFO pr:0.8986  rc:0.3808  auc:0.9111 ap:0.8219 f1: 0.5350 pred_right: 18638 pred_wrong:562 actu_right: 17874 actu_wrong: 1326
2026-07-25 22:22:43,230 P2152433 INFO ----------------------------------------------------------------------------------------------------
2026-07-25 22:22:43,230 P2152433 INFO 10/300 starting... lr: 0.001 para:0.09090909361839294
2026-07-25 22:22:44,598 P2152433 INFO Epoch 10/300, all_loss:5.63922 cls_loss:6.15981 rec_loss:0.43324 [1.36s]; best loss:5.63922, patience : 0
2026-07-25 22:22:45,092 P2152433 INFO pr:0.8073  rc:0.4978  auc:0.9255 ap:0.8434 f1: 0.6159 pred_right: 44802 pred_wrong:1998 actu_right: 43560 actu_wrong: 3240
2026-07-25 22:22:45,300 P2152433 INFO pr:0.7866  rc:0.4864  auc:0.9192 ap:0.8355 f1: 0.6011 pred_right: 18380 pred_wrong:820 actu_right: 17874 actu_wrong: 1326
2026-07-25 22:22:45,307 P2152433 INFO ----------------------------------------------------------------------------------------------------
2026-07-25 22:22:45,307 P2152433 INFO 11/300 starting... lr: 0.001 para:0.0833333358168602
2026-07-25 22:22:46,752 P2152433 INFO Epoch 11/300, all_loss:5.44997 cls_loss:5.90630 rec_loss:0.43026 [1.44s]; best loss:5.44997, patience : 0
2026-07-25 22:22:47,228 P2152433 INFO pr:0.6953  rc:0.5721  auc:0.9350 ap:0.8530 f1: 0.6277 pred_right: 44135 pred_wrong:2665 actu_right: 43561 actu_wrong: 3239
2026-07-25 22:22:47,428 P2152433 INFO pr:0.6930  rc:0.5566  auc:0.9284 ap:0.8445 f1: 0.6173 pred_right: 18135 pred_wrong:1065 actu_right: 17874 actu_wrong: 1326
2026-07-25 22:22:47,434 P2152433 INFO ----------------------------------------------------------------------------------------------------
2026-07-25 22:22:47,434 P2152433 INFO 12/300 starting... lr: 0.001 para:0.07692307978868484
2026-07-25 22:22:48,748 P2152433 INFO Epoch 12/300, all_loss:5.12177 cls_loss:5.51140 rec_loss:0.44613 [1.31s]; best loss:5.12177, patience : 0
2026-07-25 22:22:49,304 P2152433 INFO pr:0.7786  rc:0.5582  auc:0.9481 ap:0.8688 f1: 0.6502 pred_right: 44478 pred_wrong:2322 actu_right: 43561 actu_wrong: 3239
2026-07-25 22:22:49,531 P2152433 INFO pr:0.7680  rc:0.5317  auc:0.9425 ap:0.8622 f1: 0.6283 pred_right: 18282 pred_wrong:918 actu_right: 17874 actu_wrong: 1326
2026-07-25 22:22:49,536 P2152433 INFO ----------------------------------------------------------------------------------------------------
2026-07-25 22:22:49,536 P2152433 INFO 13/300 starting... lr: 0.001 para:0.0714285746216774
2026-07-25 22:22:50,761 P2152433 INFO Epoch 13/300, all_loss:4.57245 cls_loss:4.88979 rec_loss:0.44697 [1.22s]; best loss:4.57245, patience : 0
2026-07-25 22:22:51,224 P2152433 INFO pr:0.8035  rc:0.6170  auc:0.9689 ap:0.9012 f1: 0.6980 pred_right: 44312 pred_wrong:2488 actu_right: 43560 actu_wrong: 3240
2026-07-25 22:22:51,423 P2152433 INFO pr:0.7947  rc:0.5897  auc:0.9623 ap:0.8936 f1: 0.6771 pred_right: 18216 pred_wrong:984 actu_right: 17874 actu_wrong: 1326
2026-07-25 22:22:51,429 P2152433 INFO ----------------------------------------------------------------------------------------------------
2026-07-25 22:22:51,429 P2152433 INFO 14/300 starting... lr: 0.001 para:0.06666667014360428
2026-07-25 22:22:52,649 P2152433 INFO Epoch 14/300, all_loss:3.69459 cls_loss:3.92497 rec_loss:0.46934 [1.21s]; best loss:3.69459, patience : 0
2026-07-25 22:22:53,131 P2152433 INFO pr:0.8815  rc:0.6499  auc:0.9785 ap:0.9299 f1: 0.7482 pred_right: 44412 pred_wrong:2388 actu_right: 43561 actu_wrong: 3239
2026-07-25 22:22:53,340 P2152433 INFO pr:0.8796  rc:0.6282  auc:0.9725 ap:0.9229 f1: 0.7330 pred_right: 18253 pred_wrong:947 actu_right: 17874 actu_wrong: 1326
2026-07-25 22:22:53,346 P2152433 INFO ----------------------------------------------------------------------------------------------------
2026-07-25 22:22:53,346 P2152433 INFO 15/300 starting... lr: 0.001 para:0.0625
2026-07-25 22:22:54,680 P2152433 INFO Epoch 15/300, all_loss:3.19960 cls_loss:3.38213 rec_loss:0.46169 [1.33s]; best loss:3.19960, patience : 0
2026-07-25 22:22:55,216 P2152433 INFO pr:0.8373  rc:0.7944  auc:0.9829 ap:0.9458 f1: 0.8153 pred_right: 43726 pred_wrong:3074 actu_right: 43560 actu_wrong: 3240
2026-07-25 22:22:55,405 P2152433 INFO pr:0.8233  rc:0.7662  auc:0.9773 ap:0.9371 f1: 0.7937 pred_right: 17966 pred_wrong:1234 actu_right: 17874 actu_wrong: 1326
2026-07-25 22:22:55,410 P2152433 INFO ----------------------------------------------------------------------------------------------------
2026-07-25 22:22:55,410 P2152433 INFO 16/300 starting... lr: 0.001 para:0.05882352963089943
2026-07-25 22:22:56,689 P2152433 INFO Epoch 16/300, all_loss:2.83134 cls_loss:2.97972 rec_loss:0.45730 [1.27s]; best loss:2.83134, patience : 0
2026-07-25 22:22:57,192 P2152433 INFO pr:0.9128  rc:0.7527  auc:0.9864 ap:0.9558 f1: 0.8250 pred_right: 44129 pred_wrong:2671 actu_right: 43561 actu_wrong: 3239
2026-07-25 22:22:57,381 P2152433 INFO pr:0.8950  rc:0.7202  auc:0.9806 ap:0.9457 f1: 0.7982 pred_right: 18133 pred_wrong:1067 actu_right: 17874 actu_wrong: 1326
2026-07-25 22:22:57,388 P2152433 INFO ----------------------------------------------------------------------------------------------------
2026-07-25 22:22:57,388 P2152433 INFO 17/300 starting... lr: 0.001 para:0.0555555559694767
2026-07-25 22:22:58,677 P2152433 INFO Epoch 17/300, all_loss:2.68447 cls_loss:2.81526 rec_loss:0.46110 [1.28s]; best loss:2.68447, patience : 0
2026-07-25 22:22:59,194 P2152433 INFO pr:0.8656  rc:0.8391  auc:0.9879 ap:0.9603 f1: 0.8522 pred_right: 43660 pred_wrong:3140 actu_right: 43561 actu_wrong: 3239
2026-07-25 22:22:59,419 P2152433 INFO pr:0.8512  rc:0.8024  auc:0.9820 ap:0.9494 f1: 0.8261 pred_right: 17950 pred_wrong:1250 actu_right: 17874 actu_wrong: 1326
2026-07-25 22:22:59,425 P2152433 INFO ----------------------------------------------------------------------------------------------------
2026-07-25 22:22:59,425 P2152433 INFO 18/300 starting... lr: 0.001 para:0.05263157933950424
2026-07-25 22:23:00,748 P2152433 INFO Epoch 18/300, all_loss:2.50204 cls_loss:2.61478 rec_loss:0.47256 [1.32s]; best loss:2.50204, patience : 0
2026-07-25 22:23:01,289 P2152433 INFO pr:0.8524  rc:0.8698  auc:0.9891 ap:0.9639 f1: 0.8610 pred_right: 43494 pred_wrong:3306 actu_right: 43560 actu_wrong: 3240
2026-07-25 22:23:01,512 P2152433 INFO pr:0.8287  rc:0.8394  auc:0.9836 ap:0.9526 f1: 0.8340 pred_right: 17857 pred_wrong:1343 actu_right: 17874 actu_wrong: 1326
2026-07-25 22:23:01,519 P2152433 INFO ----------------------------------------------------------------------------------------------------
2026-07-25 22:23:01,519 P2152433 INFO 19/300 starting... lr: 0.001 para:0.05000000074505806
2026-07-25 22:23:02,862 P2152433 INFO Epoch 19/300, all_loss:2.41280 cls_loss:2.51475 rec_loss:0.47569 [1.34s]; best loss:2.41280, patience : 0
2026-07-25 22:23:03,423 P2152433 INFO pr:0.8427  rc:0.8765  auc:0.9898 ap:0.9646 f1: 0.8593 pred_right: 43431 pred_wrong:3369 actu_right: 43561 actu_wrong: 3239
2026-07-25 22:23:03,687 P2152433 INFO pr:0.8130  rc:0.8492  auc:0.9851 ap:0.9532 f1: 0.8307 pred_right: 17815 pred_wrong:1385 actu_right: 17874 actu_wrong: 1326
2026-07-25 22:23:03,687 P2152433 INFO ----------------------------------------------------------------------------------------------------
2026-07-25 22:23:03,687 P2152433 INFO 20/300 starting... lr: 0.001 para:0.0476190485060215
2026-07-25 22:23:05,048 P2152433 INFO Epoch 20/300, all_loss:2.34048 cls_loss:2.43375 rec_loss:0.47504 [1.35s]; best loss:2.34048, patience : 0
2026-07-25 22:23:05,591 P2152433 INFO pr:0.8884  rc:0.7930  auc:0.9884 ap:0.9597 f1: 0.8380 pred_right: 43907 pred_wrong:2893 actu_right: 43559 actu_wrong: 3241
2026-07-25 22:23:05,815 P2152433 INFO pr:0.8602  rc:0.7655  auc:0.9830 ap:0.9479 f1: 0.8101 pred_right: 18020 pred_wrong:1180 actu_right: 17874 actu_wrong: 1326
2026-07-25 22:23:05,816 P2152433 INFO ----------------------------------------------------------------------------------------------------
2026-07-25 22:23:05,816 P2152433 INFO 21/300 starting... lr: 0.001 para:0.04545454680919647
2026-07-25 22:23:07,088 P2152433 INFO Epoch 21/300, all_loss:2.09139 cls_loss:2.16764 rec_loss:0.49034 [1.27s]; best loss:2.09139, patience : 0
2026-07-25 22:23:07,636 P2152433 INFO pr:0.8776  rc:0.8895  auc:0.9906 ap:0.9707 f1: 0.8835 pred_right: 43516 pred_wrong:3284 actu_right: 43560 actu_wrong: 3240
2026-07-25 22:23:07,854 P2152433 INFO pr:0.8590  rc:0.8499  auc:0.9853 ap:0.9588 f1: 0.8544 pred_right: 17888 pred_wrong:1312 actu_right: 17874 actu_wrong: 1326
2026-07-25 22:23:07,860 P2152433 INFO ----------------------------------------------------------------------------------------------------
2026-07-25 22:23:07,860 P2152433 INFO 22/300 starting... lr: 0.001 para:0.043478261679410934
2026-07-25 22:23:09,228 P2152433 INFO Epoch 22/300, all_loss:1.92306 cls_loss:1.98817 rec_loss:0.49074 [1.36s]; best loss:1.92306, patience : 0
2026-07-25 22:23:09,711 P2152433 INFO pr:0.8946  rc:0.8686  auc:0.9911 ap:0.9713 f1: 0.8814 pred_right: 43651 pred_wrong:3149 actu_right: 43557 actu_wrong: 3243
2026-07-25 22:23:09,896 P2152433 INFO pr:0.8729  rc:0.8235  auc:0.9858 ap:0.9592 f1: 0.8475 pred_right: 17949 pred_wrong:1251 actu_right: 17874 actu_wrong: 1326
2026-07-25 22:23:09,896 P2152433 INFO ----------------------------------------------------------------------------------------------------
2026-07-25 22:23:09,897 P2152433 INFO 23/300 starting... lr: 0.001 para:0.0416666679084301
2026-07-25 22:23:11,183 P2152433 INFO Epoch 23/300, all_loss:1.84394 cls_loss:1.90337 rec_loss:0.47703 [1.28s]; best loss:1.84394, patience : 0
2026-07-25 22:23:11,665 P2152433 INFO pr:0.9393  rc:0.8070  auc:0.9918 ap:0.9730 f1: 0.8682 pred_right: 44017 pred_wrong:2783 actu_right: 43561 actu_wrong: 3239
2026-07-25 22:23:11,862 P2152433 INFO pr:0.9271  rc:0.7677  auc:0.9871 ap:0.9613 f1: 0.8399 pred_right: 18102 pred_wrong:1098 actu_right: 17874 actu_wrong: 1326
2026-07-25 22:23:11,863 P2152433 INFO ----------------------------------------------------------------------------------------------------
2026-07-25 22:23:11,863 P2152433 INFO 24/300 starting... lr: 0.001 para:0.03999999910593033
2026-07-25 22:23:13,217 P2152433 INFO Epoch 24/300, all_loss:1.88221 cls_loss:1.93982 rec_loss:0.49946 [1.35s]; best loss:1.84394, patience : 1
2026-07-25 22:23:13,847 P2152433 INFO pr:0.8601  rc:0.9172  auc:0.9926 ap:0.9752 f1: 0.8878 pred_right: 43347 pred_wrong:3453 actu_right: 43562 actu_wrong: 3238
2026-07-25 22:23:14,104 P2152433 INFO pr:0.8316  rc:0.8899  auc:0.9889 ap:0.9645 f1: 0.8597 pred_right: 17781 pred_wrong:1419 actu_right: 17874 actu_wrong: 1326
2026-07-25 22:23:14,112 P2152433 INFO ----------------------------------------------------------------------------------------------------
2026-07-25 22:23:14,112 P2152433 INFO 25/300 starting... lr: 0.001 para:0.03846153989434242
2026-07-25 22:23:15,396 P2152433 INFO Epoch 25/300, all_loss:1.80383 cls_loss:1.85633 rec_loss:0.49117 [1.28s]; best loss:1.80383, patience : 0
2026-07-25 22:23:15,861 P2152433 INFO pr:0.9265  rc:0.8519  auc:0.9922 ap:0.9751 f1: 0.8876 pred_right: 43820 pred_wrong:2980 actu_right: 43559 actu_wrong: 3241
2026-07-25 22:23:16,073 P2152433 INFO pr:0.9112  rc:0.8205  auc:0.9884 ap:0.9634 f1: 0.8635 pred_right: 18006 pred_wrong:1194 actu_right: 17874 actu_wrong: 1326
2026-07-25 22:23:16,073 P2152433 INFO ----------------------------------------------------------------------------------------------------
2026-07-25 22:23:16,073 P2152433 INFO 26/300 starting... lr: 0.001 para:0.03703703731298447
2026-07-25 22:23:17,347 P2152433 INFO Epoch 26/300, all_loss:1.71837 cls_loss:1.76513 rec_loss:0.50276 [1.27s]; best loss:1.71837, patience : 0
2026-07-25 22:23:17,870 P2152433 INFO pr:0.9345  rc:0.8705  auc:0.9924 ap:0.9776 f1: 0.9013 pred_right: 43779 pred_wrong:3021 actu_right: 43557 actu_wrong: 3243
2026-07-25 22:23:18,061 P2152433 INFO pr:0.9187  rc:0.8348  auc:0.9890 ap:0.9666 f1: 0.8748 pred_right: 17995 pred_wrong:1205 actu_right: 17874 actu_wrong: 1326
2026-07-25 22:23:18,067 P2152433 INFO ----------------------------------------------------------------------------------------------------
2026-07-25 22:23:18,067 P2152433 INFO 27/300 starting... lr: 0.001 para:0.0357142873108387
2026-07-25 22:23:19,444 P2152433 INFO Epoch 27/300, all_loss:1.64209 cls_loss:1.68427 rec_loss:0.50318 [1.37s]; best loss:1.64209, patience : 0
2026-07-25 22:23:19,902 P2152433 INFO pr:0.9095  rc:0.8896  auc:0.9930 ap:0.9772 f1: 0.8994 pred_right: 43629 pred_wrong:3171 actu_right: 43558 actu_wrong: 3242
2026-07-25 22:23:20,098 P2152433 INFO pr:0.8892  rc:0.8477  auc:0.9895 ap:0.9664 f1: 0.8680 pred_right: 17936 pred_wrong:1264 actu_right: 17874 actu_wrong: 1326
2026-07-25 22:23:20,098 P2152433 INFO ----------------------------------------------------------------------------------------------------
2026-07-25 22:23:20,098 P2152433 INFO 28/300 starting... lr: 0.001 para:0.03448275849223137
2026-07-25 22:23:21,388 P2152433 INFO Epoch 28/300, all_loss:1.71198 cls_loss:1.75481 rec_loss:0.51274 [1.29s]; best loss:1.64209, patience : 1
2026-07-25 22:23:21,906 P2152433 INFO pr:0.8624  rc:0.9213  auc:0.9932 ap:0.9769 f1: 0.8909 pred_right: 43340 pred_wrong:3460 actu_right: 43561 actu_wrong: 3239
2026-07-25 22:23:22,128 P2152433 INFO pr:0.8270  rc:0.8831  auc:0.9896 ap:0.9649 f1: 0.8541 pred_right: 17784 pred_wrong:1416 actu_right: 17874 actu_wrong: 1326
2026-07-25 22:23:22,128 P2152433 INFO ----------------------------------------------------------------------------------------------------
2026-07-25 22:23:22,128 P2152433 INFO 29/300 starting... lr: 0.001 para:0.03333333507180214
2026-07-25 22:23:23,358 P2152433 INFO Epoch 29/300, all_loss:1.42495 cls_loss:1.45606 rec_loss:0.52295 [1.22s]; best loss:1.42495, patience : 0
2026-07-25 22:23:23,892 P2152433 INFO pr:0.9058  rc:0.9139  auc:0.9936 ap:0.9795 f1: 0.9099 pred_right: 43529 pred_wrong:3271 actu_right: 43558 actu_wrong: 3242
2026-07-25 22:23:24,110 P2152433 INFO pr:0.8776  rc:0.8816  auc:0.9914 ap:0.9707 f1: 0.8796 pred_right: 17868 pred_wrong:1332 actu_right: 17874 actu_wrong: 1326
2026-07-25 22:23:24,116 P2152433 INFO ----------------------------------------------------------------------------------------------------
2026-07-25 22:23:24,117 P2152433 INFO 30/300 starting... lr: 0.001 para:0.032258063554763794
2026-07-25 22:23:25,364 P2152433 INFO Epoch 30/300, all_loss:1.48550 cls_loss:1.51717 rec_loss:0.53539 [1.25s]; best loss:1.42495, patience : 1
2026-07-25 22:23:25,880 P2152433 INFO pr:0.9169  rc:0.8923  auc:0.9937 ap:0.9781 f1: 0.9044 pred_right: 43647 pred_wrong:3153 actu_right: 43560 actu_wrong: 3240
2026-07-25 22:23:26,105 P2152433 INFO pr:0.8934  rc:0.8537  auc:0.9913 ap:0.9695 f1: 0.8731 pred_right: 17933 pred_wrong:1267 actu_right: 17874 actu_wrong: 1326
2026-07-25 22:23:26,105 P2152433 INFO ----------------------------------------------------------------------------------------------------
2026-07-25 22:23:26,106 P2152433 INFO 31/300 starting... lr: 0.001 para:0.03125
2026-07-25 22:23:27,454 P2152433 INFO Epoch 31/300, all_loss:1.37152 cls_loss:1.39911 rec_loss:0.51618 [1.34s]; best loss:1.37152, patience : 0
2026-07-25 22:23:27,922 P2152433 INFO pr:0.9161  rc:0.9065  auc:0.9936 ap:0.9801 f1: 0.9113 pred_right: 43594 pred_wrong:3206 actu_right: 43560 actu_wrong: 3240
2026-07-25 22:23:28,116 P2152433 INFO pr:0.8885  rc:0.8650  auc:0.9909 ap:0.9694 f1: 0.8766 pred_right: 17909 pred_wrong:1291 actu_right: 17874 actu_wrong: 1326
2026-07-25 22:23:28,122 P2152433 INFO ----------------------------------------------------------------------------------------------------
2026-07-25 22:23:28,122 P2152433 INFO 32/300 starting... lr: 0.001 para:0.03030303120613098
2026-07-25 22:23:29,447 P2152433 INFO Epoch 32/300, all_loss:1.39886 cls_loss:1.42628 rec_loss:0.52150 [1.32s]; best loss:1.37152, patience : 1
2026-07-25 22:23:29,918 P2152433 INFO pr:0.9307  rc:0.9086  auc:0.9942 ap:0.9814 f1: 0.9195 pred_right: 43640 pred_wrong:3160 actu_right: 43563 actu_wrong: 3237
2026-07-25 22:23:30,110 P2152433 INFO pr:0.8995  rc:0.8635  auc:0.9922 ap:0.9724 f1: 0.8811 pred_right: 17927 pred_wrong:1273 actu_right: 17874 actu_wrong: 1326
2026-07-25 22:23:30,115 P2152433 INFO ----------------------------------------------------------------------------------------------------
2026-07-25 22:23:30,115 P2152433 INFO 33/300 starting... lr: 0.001 para:0.029411764815449715
2026-07-25 22:23:31,363 P2152433 INFO Epoch 33/300, all_loss:1.39710 cls_loss:1.42356 rec_loss:0.52398 [1.25s]; best loss:1.37152, patience : 1
2026-07-25 22:23:31,892 P2152433 INFO pr:0.9541  rc:0.8657  auc:0.9942 ap:0.9820 f1: 0.9078 pred_right: 43860 pred_wrong:2940 actu_right: 43560 actu_wrong: 3240
2026-07-25 22:23:32,096 P2152433 INFO pr:0.9374  rc:0.8137  auc:0.9924 ap:0.9734 f1: 0.8712 pred_right: 18049 pred_wrong:1151 actu_right: 17874 actu_wrong: 1326
2026-07-25 22:23:32,096 P2152433 INFO ----------------------------------------------------------------------------------------------------
2026-07-25 22:23:32,096 P2152433 INFO 34/300 starting... lr: 0.001 para:0.02857142873108387
2026-07-25 22:23:33,356 P2152433 INFO Epoch 34/300, all_loss:1.17859 cls_loss:1.19768 rec_loss:0.52967 [1.25s]; best loss:1.17859, patience : 0
2026-07-25 22:23:33,895 P2152433 INFO pr:0.8882  rc:0.9463  auc:0.9940 ap:0.9826 f1: 0.9163 pred_right: 43347 pred_wrong:3453 actu_right: 43559 actu_wrong: 3241
2026-07-25 22:23:34,113 P2152433 INFO pr:0.8553  rc:0.9050  auc:0.9911 ap:0.9711 f1: 0.8794 pred_right: 17797 pred_wrong:1403 actu_right: 17874 actu_wrong: 1326
2026-07-25 22:23:34,114 P2152433 INFO ----------------------------------------------------------------------------------------------------
2026-07-25 22:23:34,114 P2152433 INFO 35/300 starting... lr: 0.001 para:0.02777777798473835
2026-07-25 22:23:35,326 P2152433 INFO Epoch 35/300, all_loss:1.30564 cls_loss:1.32707 rec_loss:0.55548 [1.21s]; best loss:1.17859, patience : 1
2026-07-25 22:23:35,850 P2152433 INFO pr:0.9437  rc:0.8962  auc:0.9941 ap:0.9829 f1: 0.9194 pred_right: 43725 pred_wrong:3075 actu_right: 43562 actu_wrong: 3238
2026-07-25 22:23:36,070 P2152433 INFO pr:0.9157  rc:0.8514  auc:0.9922 ap:0.9725 f1: 0.8824 pred_right: 17967 pred_wrong:1233 actu_right: 17874 actu_wrong: 1326
2026-07-25 22:23:36,070 P2152433 INFO ----------------------------------------------------------------------------------------------------
2026-07-25 22:23:36,070 P2152433 INFO 36/300 starting... lr: 0.001 para:0.027027027681469917
2026-07-25 22:23:37,374 P2152433 INFO Epoch 36/300, all_loss:1.27494 cls_loss:1.29486 rec_loss:0.55784 [1.30s]; best loss:1.17859, patience : 1
2026-07-25 22:23:37,825 P2152433 INFO pr:0.9436  rc:0.8886  auc:0.9942 ap:0.9814 f1: 0.9153 pred_right: 43749 pred_wrong:3051 actu_right: 43560 actu_wrong: 3240
2026-07-25 22:23:38,021 P2152433 INFO pr:0.9172  rc:0.8522  auc:0.9921 ap:0.9711 f1: 0.8835 pred_right: 17968 pred_wrong:1232 actu_right: 17874 actu_wrong: 1326
2026-07-25 22:23:38,021 P2152433 INFO ----------------------------------------------------------------------------------------------------
2026-07-25 22:23:38,021 P2152433 INFO 37/300 starting... lr: 0.001 para:0.02631578966975212
2026-07-25 22:23:39,324 P2152433 INFO Epoch 37/300, all_loss:1.22982 cls_loss:1.24777 rec_loss:0.56582 [1.30s]; best loss:1.17859, patience : 1
2026-07-25 22:23:39,851 P2152433 INFO pr:0.9462  rc:0.8410  auc:0.9936 ap:0.9812 f1: 0.8905 pred_right: 43920 pred_wrong:2880 actu_right: 43560 actu_wrong: 3240
2026-07-25 22:23:40,074 P2152433 INFO pr:0.9354  rc:0.7971  auc:0.9904 ap:0.9698 f1: 0.8607 pred_right: 18070 pred_wrong:1130 actu_right: 17874 actu_wrong: 1326
2026-07-25 22:23:40,075 P2152433 INFO ----------------------------------------------------------------------------------------------------
2026-07-25 22:23:40,075 P2152433 INFO 38/300 starting... lr: 0.001 para:0.025641025975346565
2026-07-25 22:23:41,378 P2152433 INFO Epoch 38/300, all_loss:1.57164 cls_loss:1.59888 rec_loss:0.53655 [1.30s]; best loss:1.17859, patience : 2
2026-07-25 22:23:41,930 P2152433 INFO pr:0.9069  rc:0.9349  auc:0.9946 ap:0.9833 f1: 0.9206 pred_right: 43461 pred_wrong:3339 actu_right: 43561 actu_wrong: 3239
2026-07-25 22:23:42,161 P2152433 INFO pr:0.8755  rc:0.8906  auc:0.9902 ap:0.9713 f1: 0.8830 pred_right: 17851 pred_wrong:1349 actu_right: 17874 actu_wrong: 1326
2026-07-25 22:23:42,167 P2152433 INFO ----------------------------------------------------------------------------------------------------
2026-07-25 22:23:42,167 P2152433 INFO 39/300 starting... lr: 0.001 para:0.02500000037252903
2026-07-25 22:23:43,461 P2152433 INFO Epoch 39/300, all_loss:1.22165 cls_loss:1.23907 rec_loss:0.54227 [1.29s]; best loss:1.17859, patience : 2
2026-07-25 22:23:44,012 P2152433 INFO pr:0.9050  rc:0.9340  auc:0.9945 ap:0.9829 f1: 0.9192 pred_right: 43454 pred_wrong:3346 actu_right: 43558 actu_wrong: 3242
2026-07-25 22:23:44,244 P2152433 INFO pr:0.8667  rc:0.9020  auc:0.9928 ap:0.9738 f1: 0.8840 pred_right: 17820 pred_wrong:1380 actu_right: 17874 actu_wrong: 1326
2026-07-25 22:23:44,245 P2152433 INFO ----------------------------------------------------------------------------------------------------
2026-07-25 22:23:44,245 P2152433 INFO 40/300 starting... lr: 0.001 para:0.024390242993831635
2026-07-25 22:23:45,692 P2152433 INFO Epoch 40/300, all_loss:1.11422 cls_loss:1.12805 rec_loss:0.56106 [1.44s]; best loss:1.11422, patience : 0
2026-07-25 22:23:46,252 P2152433 INFO pr:0.7999  rc:0.9654  auc:0.9944 ap:0.9814 f1: 0.8749 pred_right: 42892 pred_wrong:3908 actu_right: 43562 actu_wrong: 3238
2026-07-25 22:23:46,476 P2152433 INFO pr:0.7727  rc:0.9434  auc:0.9908 ap:0.9685 f1: 0.8496 pred_right: 17581 pred_wrong:1619 actu_right: 17874 actu_wrong: 1326
2026-07-25 22:23:46,476 P2152433 INFO ----------------------------------------------------------------------------------------------------
2026-07-25 22:23:46,477 P2152433 INFO 41/300 starting... lr: 0.001 para:0.02380952425301075
2026-07-25 22:23:47,881 P2152433 INFO Epoch 41/300, all_loss:1.12509 cls_loss:1.13864 rec_loss:0.56992 [1.40s]; best loss:1.11422, patience : 1
2026-07-25 22:23:48,453 P2152433 INFO pr:0.8543  rc:0.9577  auc:0.9945 ap:0.9842 f1: 0.9031 pred_right: 43169 pred_wrong:3631 actu_right: 43561 actu_wrong: 3239
2026-07-25 22:23:48,668 P2152433 INFO pr:0.8104  rc:0.9284  auc:0.9929 ap:0.9748 f1: 0.8654 pred_right: 17681 pred_wrong:1519 actu_right: 17874 actu_wrong: 1326
2026-07-25 22:23:48,669 P2152433 INFO ----------------------------------------------------------------------------------------------------
2026-07-25 22:23:48,669 P2152433 INFO 42/300 starting... lr: 0.001 para:0.023255813866853714
2026-07-25 22:23:50,038 P2152433 INFO Epoch 42/300, all_loss:1.11946 cls_loss:1.13237 rec_loss:0.57720 [1.37s]; best loss:1.11422, patience : 1
2026-07-25 22:23:50,580 P2152433 INFO pr:0.9044  rc:0.9373  auc:0.9949 ap:0.9841 f1: 0.9206 pred_right: 43442 pred_wrong:3358 actu_right: 43560 actu_wrong: 3240
2026-07-25 22:23:50,818 P2152433 INFO pr:0.8613  rc:0.8989  auc:0.9926 ap:0.9737 f1: 0.8797 pred_right: 17816 pred_wrong:1384 actu_right: 17874 actu_wrong: 1326
2026-07-25 22:23:50,819 P2152433 INFO ----------------------------------------------------------------------------------------------------
2026-07-25 22:23:50,819 P2152433 INFO 43/300 starting... lr: 0.001 para:0.022727273404598236
2026-07-25 22:23:52,112 P2152433 INFO Epoch 43/300, all_loss:1.06382 cls_loss:1.07538 rec_loss:0.56688 [1.29s]; best loss:1.06382, patience : 0
2026-07-25 22:23:52,620 P2152433 INFO pr:0.8972  rc:0.9238  auc:0.9941 ap:0.9824 f1: 0.9103 pred_right: 43463 pred_wrong:3337 actu_right: 43559 actu_wrong: 3241
2026-07-25 22:23:52,828 P2152433 INFO pr:0.8677  rc:0.8854  auc:0.9911 ap:0.9725 f1: 0.8764 pred_right: 17847 pred_wrong:1353 actu_right: 17874 actu_wrong: 1326
2026-07-25 22:23:52,829 P2152433 INFO ----------------------------------------------------------------------------------------------------
2026-07-25 22:23:52,829 P2152433 INFO 44/300 starting... lr: 0.001 para:0.02222222276031971
2026-07-25 22:23:54,154 P2152433 INFO Epoch 44/300, all_loss:1.01916 cls_loss:1.02956 rec_loss:0.56151 [1.32s]; best loss:1.01916, patience : 0
2026-07-25 22:23:54,739 P2152433 INFO pr:0.9349  rc:0.9355  auc:0.9944 ap:0.9862 f1: 0.9352 pred_right: 43560 pred_wrong:3240 actu_right: 43562 actu_wrong: 3238
2026-07-25 22:23:54,982 P2152433 INFO pr:0.9072  rc:0.8989  auc:0.9926 ap:0.9778 f1: 0.9030 pred_right: 17886 pred_wrong:1314 actu_right: 17874 actu_wrong: 1326
2026-07-25 22:23:54,988 P2152433 INFO ----------------------------------------------------------------------------------------------------
2026-07-25 22:23:54,988 P2152433 INFO 45/300 starting... lr: 0.001 para:0.021739130839705467
2026-07-25 22:23:56,312 P2152433 INFO Epoch 45/300, all_loss:1.07280 cls_loss:1.08405 rec_loss:0.56659 [1.32s]; best loss:1.01916, patience : 1
2026-07-25 22:23:56,801 P2152433 INFO pr:0.9518  rc:0.8605  auc:0.9930 ap:0.9817 f1: 0.9038 pred_right: 43872 pred_wrong:2928 actu_right: 43561 actu_wrong: 3239
2026-07-25 22:23:57,007 P2152433 INFO pr:0.9312  rc:0.8265  auc:0.9908 ap:0.9729 f1: 0.8757 pred_right: 18023 pred_wrong:1177 actu_right: 17874 actu_wrong: 1326
2026-07-25 22:23:57,007 P2152433 INFO ----------------------------------------------------------------------------------------------------
2026-07-25 22:23:57,008 P2152433 INFO 46/300 starting... lr: 0.001 para:0.021276595070958138
2026-07-25 22:23:58,362 P2152433 INFO Epoch 46/300, all_loss:0.90311 cls_loss:0.91028 rec_loss:0.57313 [1.35s]; best loss:0.90311, patience : 0
2026-07-25 22:23:58,902 P2152433 INFO pr:0.9375  rc:0.8941  auc:0.9925 ap:0.9813 f1: 0.9153 pred_right: 43712 pred_wrong:3088 actu_right: 43562 actu_wrong: 3238
2026-07-25 22:23:59,129 P2152433 INFO pr:0.9120  rc:0.8673  auc:0.9900 ap:0.9698 f1: 0.8891 pred_right: 17939 pred_wrong:1261 actu_right: 17874 actu_wrong: 1326
2026-07-25 22:23:59,129 P2152433 INFO ----------------------------------------------------------------------------------------------------
2026-07-25 22:23:59,130 P2152433 INFO 47/300 starting... lr: 0.001 para:0.02083333395421505
2026-07-25 22:24:02,241 P2152433 INFO Epoch 47/300, all_loss:0.91971 cls_loss:0.92730 rec_loss:0.56330 [3.11s]; best loss:0.90311, patience : 1
2026-07-25 22:24:02,610 P2152433 INFO pr:0.9345  rc:0.9071  auc:0.9945 ap:0.9846 f1: 0.9206 pred_right: 43654 pred_wrong:3146 actu_right: 43559 actu_wrong: 3241
2026-07-25 22:24:02,758 P2152433 INFO pr:0.9060  rc:0.8725  auc:0.9917 ap:0.9738 f1: 0.8890 pred_right: 17923 pred_wrong:1277 actu_right: 17874 actu_wrong: 1326
2026-07-25 22:24:02,759 P2152433 INFO ----------------------------------------------------------------------------------------------------
2026-07-25 22:24:02,759 P2152433 INFO 48/300 starting... lr: 0.001 para:0.020408162847161293
2026-07-25 22:24:03,649 P2152433 INFO Epoch 48/300, all_loss:1.03865 cls_loss:1.04794 rec_loss:0.59260 [0.89s]; best loss:0.90311, patience : 2
2026-07-25 22:24:04,009 P2152433 INFO pr:0.9225  rc:0.9395  auc:0.9932 ap:0.9852 f1: 0.9309 pred_right: 43498 pred_wrong:3302 actu_right: 43558 actu_wrong: 3242
2026-07-25 22:24:04,164 P2152433 INFO pr:0.8853  rc:0.8906  auc:0.9913 ap:0.9745 f1: 0.8880 pred_right: 17866 pred_wrong:1334 actu_right: 17874 actu_wrong: 1326
2026-07-25 22:24:04,164 P2152433 INFO ----------------------------------------------------------------------------------------------------
2026-07-25 22:24:04,165 P2152433 INFO 49/300 starting... lr: 0.001 para:0.019999999552965164
2026-07-25 22:24:05,079 P2152433 INFO Epoch 49/300, all_loss:0.86876 cls_loss:0.87469 rec_loss:0.57796 [0.91s]; best loss:0.86876, patience : 0
2026-07-25 22:24:05,471 P2152433 INFO pr:0.9060  rc:0.9275  auc:0.9942 ap:0.9834 f1: 0.9166 pred_right: 43481 pred_wrong:3319 actu_right: 43558 actu_wrong: 3242
2026-07-25 22:24:05,634 P2152433 INFO pr:0.8763  rc:0.8869  auc:0.9916 ap:0.9720 f1: 0.8816 pred_right: 17858 pred_wrong:1342 actu_right: 17874 actu_wrong: 1326
2026-07-25 22:24:05,635 P2152433 INFO ----------------------------------------------------------------------------------------------------
2026-07-25 22:24:05,635 P2152433 INFO 50/300 starting... lr: 0.001 para:0.019607843831181526
2026-07-25 22:24:06,573 P2152433 INFO Epoch 50/300, all_loss:0.82487 cls_loss:0.82988 rec_loss:0.57422 [0.93s]; best loss:0.82487, patience : 0
2026-07-25 22:24:06,947 P2152433 INFO pr:0.8964  rc:0.9592  auc:0.9939 ap:0.9853 f1: 0.9267 pred_right: 43335 pred_wrong:3465 actu_right: 43562 actu_wrong: 3238
2026-07-25 22:24:07,108 P2152433 INFO pr:0.8561  rc:0.9246  auc:0.9917 ap:0.9750 f1: 0.8891 pred_right: 17768 pred_wrong:1432 actu_right: 17874 actu_wrong: 1326
2026-07-25 22:24:07,108 P2152433 INFO ----------------------------------------------------------------------------------------------------
2026-07-25 22:24:07,108 P2152433 INFO 51/300 starting... lr: 0.001 para:0.01923076994717121
2026-07-25 22:24:08,169 P2152433 INFO Epoch 51/300, all_loss:0.93758 cls_loss:0.94443 rec_loss:0.58858 [1.06s]; best loss:0.82487, patience : 1
2026-07-25 22:24:08,572 P2152433 INFO pr:0.9124  rc:0.9293  auc:0.9937 ap:0.9840 f1: 0.9208 pred_right: 43501 pred_wrong:3299 actu_right: 43561 actu_wrong: 3239
2026-07-25 22:24:08,743 P2152433 INFO pr:0.8886  rc:0.8839  auc:0.9911 ap:0.9728 f1: 0.8862 pred_right: 17881 pred_wrong:1319 actu_right: 17874 actu_wrong: 1326
2026-07-25 22:24:08,743 P2152433 INFO ----------------------------------------------------------------------------------------------------
2026-07-25 22:24:08,744 P2152433 INFO 52/300 starting... lr: 0.001 para:0.01886792480945587
2026-07-25 22:24:09,860 P2152433 INFO Epoch 52/300, all_loss:0.82307 cls_loss:0.82748 rec_loss:0.59389 [1.11s]; best loss:0.82307, patience : 0
2026-07-25 22:24:10,366 P2152433 INFO pr:0.9342  rc:0.9411  auc:0.9939 ap:0.9859 f1: 0.9376 pred_right: 43533 pred_wrong:3267 actu_right: 43557 actu_wrong: 3243
2026-07-25 22:24:10,572 P2152433 INFO pr:0.9049  rc:0.9118  auc:0.9912 ap:0.9758 f1: 0.9083 pred_right: 17864 pred_wrong:1336 actu_right: 17874 actu_wrong: 1326
2026-07-25 22:24:10,578 P2152433 INFO ----------------------------------------------------------------------------------------------------
2026-07-25 22:24:10,579 P2152433 INFO 53/300 starting... lr: 0.001 para:0.018518518656492233
2026-07-25 22:24:11,828 P2152433 INFO Epoch 53/300, all_loss:0.73738 cls_loss:0.74002 rec_loss:0.59738 [1.24s]; best loss:0.73738, patience : 0
2026-07-25 22:24:12,332 P2152433 INFO pr:0.9451  rc:0.9247  auc:0.9935 ap:0.9856 f1: 0.9348 pred_right: 43628 pred_wrong:3172 actu_right: 43558 actu_wrong: 3242
2026-07-25 22:24:12,544 P2152433 INFO pr:0.9166  rc:0.8786  auc:0.9902 ap:0.9724 f1: 0.8972 pred_right: 17929 pred_wrong:1271 actu_right: 17874 actu_wrong: 1326
2026-07-25 22:24:12,544 P2152433 INFO ----------------------------------------------------------------------------------------------------
2026-07-25 22:24:12,545 P2152433 INFO 54/300 starting... lr: 0.001 para:0.0181818176060915
2026-07-25 22:24:13,739 P2152433 INFO Epoch 54/300, all_loss:0.78654 cls_loss:0.79022 rec_loss:0.58780 [1.19s]; best loss:0.73738, patience : 1
2026-07-25 22:24:14,216 P2152433 INFO pr:0.9332  rc:0.9186  auc:0.9939 ap:0.9857 f1: 0.9259 pred_right: 43609 pred_wrong:3191 actu_right: 43558 actu_wrong: 3242
2026-07-25 22:24:14,413 P2152433 INFO pr:0.8939  rc:0.8831  auc:0.9916 ap:0.9734 f1: 0.8885 pred_right: 17890 pred_wrong:1310 actu_right: 17874 actu_wrong: 1326
2026-07-25 22:24:14,414 P2152433 INFO ----------------------------------------------------------------------------------------------------
2026-07-25 22:24:14,414 P2152433 INFO 55/300 starting... lr: 0.001 para:0.01785714365541935
2026-07-25 22:24:15,617 P2152433 INFO Epoch 55/300, all_loss:0.70507 cls_loss:0.70695 rec_loss:0.60177 [1.20s]; best loss:0.70507, patience : 0
2026-07-25 22:24:16,195 P2152433 INFO pr:0.9421  rc:0.9345  auc:0.9933 ap:0.9859 f1: 0.9383 pred_right: 43590 pred_wrong:3210 actu_right: 43564 actu_wrong: 3236
2026-07-25 22:24:16,688 P2152433 INFO pr:0.9139  rc:0.8967  auc:0.9885 ap:0.9731 f1: 0.9052 pred_right: 17899 pred_wrong:1301 actu_right: 17874 actu_wrong: 1326
2026-07-25 22:24:16,698 P2152433 INFO ----------------------------------------------------------------------------------------------------
2026-07-25 22:24:16,699 P2152433 INFO 56/300 starting... lr: 0.001 para:0.017543859779834747
2026-07-25 22:24:19,845 P2152433 INFO Epoch 56/300, all_loss:0.84944 cls_loss:0.85304 rec_loss:0.64789 [3.15s]; best loss:0.70507, patience : 1
2026-07-25 22:24:20,667 P2152433 INFO pr:0.9174  rc:0.9503  auc:0.9953 ap:0.9867 f1: 0.9336 pred_right: 43445 pred_wrong:3355 actu_right: 43561 actu_wrong: 3239
2026-07-25 22:24:21,099 P2152433 INFO pr:0.8746  rc:0.9155  auc:0.9929 ap:0.9742 f1: 0.8946 pred_right: 17812 pred_wrong:1388 actu_right: 17874 actu_wrong: 1326
2026-07-25 22:24:21,099 P2152433 INFO ----------------------------------------------------------------------------------------------------
2026-07-25 22:24:21,100 P2152433 INFO 57/300 starting... lr: 0.001 para:0.017241379246115685
2026-07-25 22:24:25,338 P2152433 INFO Epoch 57/300, all_loss:0.77222 cls_loss:0.77495 rec_loss:0.61658 [4.24s]; best loss:0.70507, patience : 1
2026-07-25 22:24:26,088 P2152433 INFO pr:0.9409  rc:0.9435  auc:0.9948 ap:0.9871 f1: 0.9422 pred_right: 43552 pred_wrong:3248 actu_right: 43561 actu_wrong: 3239
2026-07-25 22:24:26,477 P2152433 INFO pr:0.9048  rc:0.9035  auc:0.9923 ap:0.9766 f1: 0.9042 pred_right: 17876 pred_wrong:1324 actu_right: 17874 actu_wrong: 1326
2026-07-25 22:24:26,486 P2152433 INFO ----------------------------------------------------------------------------------------------------
2026-07-25 22:24:26,487 P2152433 INFO 58/300 starting... lr: 0.001 para:0.016949152573943138
2026-07-25 22:24:29,627 P2152433 INFO Epoch 58/300, all_loss:0.82580 cls_loss:0.82934 rec_loss:0.62041 [3.14s]; best loss:0.70507, patience : 2
2026-07-25 22:24:30,557 P2152433 INFO pr:0.8915  rc:0.9543  auc:0.9953 ap:0.9858 f1: 0.9219 pred_right: 43333 pred_wrong:3467 actu_right: 43561 actu_wrong: 3239
2026-07-25 22:24:30,904 P2152433 INFO pr:0.8656  rc:0.9276  auc:0.9935 ap:0.9747 f1: 0.8955 pred_right: 17779 pred_wrong:1421 actu_right: 17874 actu_wrong: 1326
2026-07-25 22:24:30,905 P2152433 INFO ----------------------------------------------------------------------------------------------------
2026-07-25 22:24:30,905 P2152433 INFO 59/300 starting... lr: 0.001 para:0.01666666753590107
2026-07-25 22:24:33,067 P2152433 INFO Epoch 59/300, all_loss:0.77575 cls_loss:0.77849 rec_loss:0.61408 [2.16s]; best loss:0.70507, patience : 2
2026-07-25 22:24:33,771 P2152433 INFO pr:0.9458  rc:0.9151  auc:0.9941 ap:0.9872 f1: 0.9302 pred_right: 43664 pred_wrong:3136 actu_right: 43559 actu_wrong: 3241
2026-07-25 22:24:33,998 P2152433 INFO pr:0.9213  rc:0.8831  auc:0.9922 ap:0.9759 f1: 0.9018 pred_right: 17929 pred_wrong:1271 actu_right: 17874 actu_wrong: 1326
2026-07-25 22:24:33,998 P2152433 INFO ----------------------------------------------------------------------------------------------------
2026-07-25 22:24:33,998 P2152433 INFO 60/300 starting... lr: 0.001 para:0.016393441706895828
2026-07-25 22:24:35,296 P2152433 INFO Epoch 60/300, all_loss:0.68093 cls_loss:0.68186 rec_loss:0.62474 [1.29s]; best loss:0.68093, patience : 0
2026-07-25 22:24:35,823 P2152433 INFO pr:0.9418  rc:0.9235  auc:0.9933 ap:0.9873 f1: 0.9325 pred_right: 43622 pred_wrong:3178 actu_right: 43559 actu_wrong: 3241
2026-07-25 22:24:36,041 P2152433 INFO pr:0.9214  rc:0.8665  auc:0.9895 ap:0.9757 f1: 0.8931 pred_right: 17953 pred_wrong:1247 actu_right: 17874 actu_wrong: 1326
2026-07-25 22:24:36,041 P2152433 INFO ----------------------------------------------------------------------------------------------------
2026-07-25 22:24:36,042 P2152433 INFO 61/300 starting... lr: 0.001 para:0.016129031777381897
2026-07-25 22:24:37,416 P2152433 INFO Epoch 61/300, all_loss:0.63296 cls_loss:0.63278 rec_loss:0.64416 [1.37s]; best loss:0.63296, patience : 0
2026-07-25 22:24:37,976 P2152433 INFO pr:0.9487  rc:0.9423  auc:0.9934 ap:0.9878 f1: 0.9455 pred_right: 43581 pred_wrong:3219 actu_right: 43559 actu_wrong: 3241
2026-07-25 22:24:38,208 P2152433 INFO pr:0.9218  rc:0.9072  auc:0.9891 ap:0.9766 f1: 0.9145 pred_right: 17895 pred_wrong:1305 actu_right: 17874 actu_wrong: 1326
2026-07-25 22:24:38,214 P2152433 INFO ----------------------------------------------------------------------------------------------------
2026-07-25 22:24:38,214 P2152433 INFO 62/300 starting... lr: 0.001 para:0.01587301678955555
2026-07-25 22:24:39,529 P2152433 INFO Epoch 62/300, all_loss:0.66649 cls_loss:0.66731 rec_loss:0.61576 [1.31s]; best loss:0.63296, patience : 1
2026-07-25 22:24:39,974 P2152433 INFO pr:0.9515  rc:0.9336  auc:0.9928 ap:0.9878 f1: 0.9425 pred_right: 43623 pred_wrong:3177 actu_right: 43562 actu_wrong: 3238
2026-07-25 22:24:40,159 P2152433 INFO pr:0.9307  rc:0.8906  auc:0.9893 ap:0.9757 f1: 0.9102 pred_right: 17931 pred_wrong:1269 actu_right: 17874 actu_wrong: 1326
2026-07-25 22:24:40,159 P2152433 INFO ----------------------------------------------------------------------------------------------------
2026-07-25 22:24:40,159 P2152433 INFO 63/300 starting... lr: 0.001 para:0.015625
2026-07-25 22:24:41,469 P2152433 INFO Epoch 63/300, all_loss:0.58955 cls_loss:0.58829 rec_loss:0.66885 [1.30s]; best loss:0.58955, patience : 0
2026-07-25 22:24:41,992 P2152433 INFO pr:0.9515  rc:0.9383  auc:0.9942 ap:0.9871 f1: 0.9448 pred_right: 43606 pred_wrong:3194 actu_right: 43561 actu_wrong: 3239
2026-07-25 22:24:42,207 P2152433 INFO pr:0.9283  rc:0.8989  auc:0.9916 ap:0.9763 f1: 0.9134 pred_right: 17916 pred_wrong:1284 actu_right: 17874 actu_wrong: 1326
2026-07-25 22:24:42,208 P2152433 INFO ----------------------------------------------------------------------------------------------------
2026-07-25 22:24:42,208 P2152433 INFO 64/300 starting... lr: 0.001 para:0.015384615398943424
2026-07-25 22:24:43,623 P2152433 INFO Epoch 64/300, all_loss:0.53661 cls_loss:0.53537 rec_loss:0.61652 [1.41s]; best loss:0.53661, patience : 0
2026-07-25 22:24:44,161 P2152433 INFO pr:0.9611  rc:0.9238  auc:0.9926 ap:0.9871 f1: 0.9421 pred_right: 43686 pred_wrong:3114 actu_right: 43560 actu_wrong: 3240
2026-07-25 22:24:44,384 P2152433 INFO pr:0.9334  rc:0.8876  auc:0.9880 ap:0.9748 f1: 0.9099 pred_right: 17939 pred_wrong:1261 actu_right: 17874 actu_wrong: 1326
2026-07-25 22:24:44,385 P2152433 INFO ----------------------------------------------------------------------------------------------------
2026-07-25 22:24:44,385 P2152433 INFO 65/300 starting... lr: 0.001 para:0.01515151560306549
2026-07-25 22:24:45,625 P2152433 INFO Epoch 65/300, all_loss:0.80871 cls_loss:0.81143 rec_loss:0.63178 [1.24s]; best loss:0.53661, patience : 1
2026-07-25 22:24:46,145 P2152433 INFO pr:0.9543  rc:0.9275  auc:0.9933 ap:0.9879 f1: 0.9407 pred_right: 43650 pred_wrong:3150 actu_right: 43559 actu_wrong: 3241
2026-07-25 22:24:46,362 P2152433 INFO pr:0.9326  rc:0.8876  auc:0.9895 ap:0.9756 f1: 0.9096 pred_right: 17938 pred_wrong:1262 actu_right: 17874 actu_wrong: 1326
2026-07-25 22:24:46,362 P2152433 INFO ----------------------------------------------------------------------------------------------------
2026-07-25 22:24:46,363 P2152433 INFO 66/300 starting... lr: 0.001 para:0.014925372786819935
2026-07-25 22:24:47,677 P2152433 INFO Epoch 66/300, all_loss:0.52647 cls_loss:0.52531 rec_loss:0.60290 [1.31s]; best loss:0.52647, patience : 0
2026-07-25 22:24:48,192 P2152433 INFO pr:0.9420  rc:0.9473  auc:0.9941 ap:0.9883 f1: 0.9446 pred_right: 43540 pred_wrong:3260 actu_right: 43558 actu_wrong: 3242
2026-07-25 22:24:48,380 P2152433 INFO pr:0.9021  rc:0.9103  auc:0.9901 ap:0.9766 f1: 0.9062 pred_right: 17862 pred_wrong:1338 actu_right: 17874 actu_wrong: 1326
2026-07-25 22:24:48,381 P2152433 INFO ----------------------------------------------------------------------------------------------------
2026-07-25 22:24:48,381 P2152433 INFO 67/300 starting... lr: 0.001 para:0.014705882407724857
2026-07-25 22:24:49,595 P2152433 INFO Epoch 67/300, all_loss:0.53537 cls_loss:0.53390 rec_loss:0.63366 [1.21s]; best loss:0.52647, patience : 1
2026-07-25 22:24:50,069 P2152433 INFO pr:0.9257  rc:0.9540  auc:0.9938 ap:0.9886 f1: 0.9396 pred_right: 43462 pred_wrong:3338 actu_right: 43561 actu_wrong: 3239
2026-07-25 22:24:50,270 P2152433 INFO pr:0.8879  rc:0.9140  auc:0.9892 ap:0.9761 f1: 0.9008 pred_right: 17835 pred_wrong:1365 actu_right: 17874 actu_wrong: 1326
2026-07-25 22:24:50,270 P2152433 INFO ----------------------------------------------------------------------------------------------------
2026-07-25 22:24:50,271 P2152433 INFO 68/300 starting... lr: 0.001 para:0.014492753893136978
2026-07-25 22:24:51,531 P2152433 INFO Epoch 68/300, all_loss:0.48031 cls_loss:0.47759 rec_loss:0.66549 [1.25s]; best loss:0.48031, patience : 0
2026-07-25 22:24:52,065 P2152433 INFO pr:0.9552  rc:0.9075  auc:0.9928 ap:0.9859 f1: 0.9307 pred_right: 43719 pred_wrong:3081 actu_right: 43557 actu_wrong: 3243
2026-07-25 22:24:52,263 P2152433 INFO pr:0.9174  rc:0.8710  auc:0.9881 ap:0.9740 f1: 0.8936 pred_right: 17941 pred_wrong:1259 actu_right: 17874 actu_wrong: 1326
2026-07-25 22:24:52,263 P2152433 INFO ----------------------------------------------------------------------------------------------------
2026-07-25 22:24:52,263 P2152433 INFO 69/300 starting... lr: 0.001 para:0.014285714365541935
2026-07-25 22:24:53,623 P2152433 INFO Epoch 69/300, all_loss:0.62086 cls_loss:0.62005 rec_loss:0.67671 [1.36s]; best loss:0.48031, patience : 1
2026-07-25 22:24:54,092 P2152433 INFO pr:0.9233  rc:0.9577  auc:0.9934 ap:0.9873 f1: 0.9402 pred_right: 43437 pred_wrong:3363 actu_right: 43558 actu_wrong: 3242
2026-07-25 22:24:54,291 P2152433 INFO pr:0.8886  rc:0.9261  auc:0.9878 ap:0.9746 f1: 0.9069 pred_right: 17818 pred_wrong:1382 actu_right: 17874 actu_wrong: 1326
2026-07-25 22:24:54,292 P2152433 INFO ----------------------------------------------------------------------------------------------------
2026-07-25 22:24:54,292 P2152433 INFO 70/300 starting... lr: 0.001 para:0.014084506779909134
2026-07-25 22:24:55,556 P2152433 INFO Epoch 70/300, all_loss:0.50863 cls_loss:0.50676 rec_loss:0.64010 [1.26s]; best loss:0.48031, patience : 1
2026-07-25 22:24:56,074 P2152433 INFO pr:0.9553  rc:0.9162  auc:0.9933 ap:0.9868 f1: 0.9353 pred_right: 43689 pred_wrong:3111 actu_right: 43556 actu_wrong: 3244
2026-07-25 22:24:56,289 P2152433 INFO pr:0.9278  rc:0.8816  auc:0.9896 ap:0.9725 f1: 0.9041 pred_right: 17940 pred_wrong:1260 actu_right: 17874 actu_wrong: 1326
2026-07-25 22:24:56,290 P2152433 INFO ----------------------------------------------------------------------------------------------------
2026-07-25 22:24:56,290 P2152433 INFO 71/300 starting... lr: 0.001 para:0.013888888992369175
2026-07-25 22:24:57,651 P2152433 INFO Epoch 71/300, all_loss:0.45780 cls_loss:0.45504 rec_loss:0.65408 [1.35s]; best loss:0.45780, patience : 0
2026-07-25 22:24:58,151 P2152433 INFO pr:0.9353  rc:0.9497  auc:0.9922 ap:0.9860 f1: 0.9424 pred_right: 43509 pred_wrong:3291 actu_right: 43559 actu_wrong: 3241
2026-07-25 22:24:58,352 P2152433 INFO pr:0.9019  rc:0.9155  auc:0.9892 ap:0.9745 f1: 0.9087 pred_right: 17854 pred_wrong:1346 actu_right: 17874 actu_wrong: 1326
2026-07-25 22:24:58,352 P2152433 INFO ----------------------------------------------------------------------------------------------------
2026-07-25 22:24:58,353 P2152433 INFO 72/300 starting... lr: 0.001 para:0.013698630034923553
2026-07-25 22:24:59,632 P2152433 INFO Epoch 72/300, all_loss:0.42376 cls_loss:0.42015 rec_loss:0.68342 [1.27s]; best loss:0.42376, patience : 0
2026-07-25 22:25:00,160 P2152433 INFO pr:0.9126  rc:0.9383  auc:0.9918 ap:0.9851 f1: 0.9253 pred_right: 43470 pred_wrong:3330 actu_right: 43561 actu_wrong: 3239
2026-07-25 22:25:00,392 P2152433 INFO pr:0.8874  rc:0.9035  auc:0.9872 ap:0.9722 f1: 0.8954 pred_right: 17850 pred_wrong:1350 actu_right: 17874 actu_wrong: 1326
2026-07-25 22:25:00,392 P2152433 INFO ----------------------------------------------------------------------------------------------------
2026-07-25 22:25:00,393 P2152433 INFO 73/300 starting... lr: 0.001 para:0.013513513840734959
2026-07-25 22:25:01,756 P2152433 INFO Epoch 73/300, all_loss:0.66797 cls_loss:0.66808 rec_loss:0.66019 [1.36s]; best loss:0.42376, patience : 1
2026-07-25 22:25:02,388 P2152433 INFO pr:0.9104  rc:0.9590  auc:0.9928 ap:0.9865 f1: 0.9341 pred_right: 43385 pred_wrong:3415 actu_right: 43558 actu_wrong: 3242
2026-07-25 22:25:02,573 P2152433 INFO pr:0.8777  rc:0.9306  auc:0.9874 ap:0.9744 f1: 0.9034 pred_right: 17794 pred_wrong:1406 actu_right: 17874 actu_wrong: 1326
2026-07-25 22:25:02,574 P2152433 INFO ----------------------------------------------------------------------------------------------------
2026-07-25 22:25:02,574 P2152433 INFO 74/300 starting... lr: 0.001 para:0.013333333656191826
2026-07-25 22:25:03,890 P2152433 INFO Epoch 74/300, all_loss:0.50440 cls_loss:0.50190 rec_loss:0.68938 [1.32s]; best loss:0.42376, patience : 1
2026-07-25 22:25:04,334 P2152433 INFO pr:0.9431  rc:0.9559  auc:0.9920 ap:0.9872 f1: 0.9495 pred_right: 43512 pred_wrong:3288 actu_right: 43556 actu_wrong: 3244
2026-07-25 22:25:04,526 P2152433 INFO pr:0.9071  rc:0.9133  auc:0.9870 ap:0.9756 f1: 0.9102 pred_right: 17865 pred_wrong:1335 actu_right: 17874 actu_wrong: 1326
2026-07-25 22:25:04,531 P2152433 INFO ----------------------------------------------------------------------------------------------------
2026-07-25 22:25:04,531 P2152433 INFO 75/300 starting... lr: 0.001 para:0.01315789483487606
2026-07-25 22:25:05,819 P2152433 INFO Epoch 75/300, all_loss:0.41332 cls_loss:0.40967 rec_loss:0.68729 [1.28s]; best loss:0.41332, patience : 0
2026-07-25 22:25:06,415 P2152433 INFO pr:0.9350  rc:0.9537  auc:0.9923 ap:0.9862 f1: 0.9443 pred_right: 43492 pred_wrong:3308 actu_right: 43557 actu_wrong: 3243
2026-07-25 22:25:06,595 P2152433 INFO pr:0.8980  rc:0.9231  auc:0.9850 ap:0.9730 f1: 0.9104 pred_right: 17837 pred_wrong:1363 actu_right: 17874 actu_wrong: 1326
2026-07-25 22:25:06,595 P2152433 INFO ----------------------------------------------------------------------------------------------------
2026-07-25 22:25:06,595 P2152433 INFO 76/300 starting... lr: 0.001 para:0.012987012974917889
2026-07-25 22:25:08,103 P2152433 INFO Epoch 76/300, all_loss:0.49711 cls_loss:0.49482 rec_loss:0.67081 [1.51s]; best loss:0.41332, patience : 1
2026-07-25 22:25:08,617 P2152433 INFO pr:0.9456  rc:0.9448  auc:0.9931 ap:0.9879 f1: 0.9452 pred_right: 43563 pred_wrong:3237 actu_right: 43560 actu_wrong: 3240
2026-07-25 22:25:08,831 P2152433 INFO pr:0.9165  rc:0.9110  auc:0.9874 ap:0.9751 f1: 0.9138 pred_right: 17882 pred_wrong:1318 actu_right: 17874 actu_wrong: 1326
2026-07-25 22:25:08,832 P2152433 INFO ----------------------------------------------------------------------------------------------------
2026-07-25 22:25:08,832 P2152433 INFO 77/300 starting... lr: 0.001 para:0.012820512987673283
2026-07-25 22:25:10,090 P2152433 INFO Epoch 77/300, all_loss:0.42712 cls_loss:0.42405 rec_loss:0.66391 [1.26s]; best loss:0.41332, patience : 1
2026-07-25 22:25:10,627 P2152433 INFO pr:0.9548  rc:0.9325  auc:0.9916 ap:0.9881 f1: 0.9435 pred_right: 43633 pred_wrong:3167 actu_right: 43557 actu_wrong: 3243
2026-07-25 22:25:10,842 P2152433 INFO pr:0.9274  rc:0.8861  auc:0.9862 ap:0.9761 f1: 0.9063 pred_right: 17933 pred_wrong:1267 actu_right: 17874 actu_wrong: 1326
2026-07-25 22:25:10,842 P2152433 INFO ----------------------------------------------------------------------------------------------------
2026-07-25 22:25:10,842 P2152433 INFO 78/300 starting... lr: 0.001 para:0.012658228166401386
2026-07-25 22:25:12,145 P2152433 INFO Epoch 78/300, all_loss:0.47063 cls_loss:0.46828 rec_loss:0.65344 [1.30s]; best loss:0.41332, patience : 2
2026-07-25 22:25:12,609 P2152433 INFO pr:0.9465  rc:0.9515  auc:0.9937 ap:0.9869 f1: 0.9490 pred_right: 43545 pred_wrong:3255 actu_right: 43562 actu_wrong: 3238
2026-07-25 22:25:12,797 P2152433 INFO pr:0.9074  rc:0.9238  auc:0.9880 ap:0.9690 f1: 0.9155 pred_right: 17850 pred_wrong:1350 actu_right: 17874 actu_wrong: 1326
2026-07-25 22:25:12,798 P2152433 INFO ----------------------------------------------------------------------------------------------------
2026-07-25 22:25:12,798 P2152433 INFO 79/300 starting... lr: 0.001 para:0.012500000186264515
2026-07-25 22:25:14,384 P2152433 INFO Epoch 79/300, all_loss:0.34251 cls_loss:0.33830 rec_loss:0.67471 [1.58s]; best loss:0.34251, patience : 0
2026-07-25 22:25:15,049 P2152433 INFO pr:0.9390  rc:0.9349  auc:0.9932 ap:0.9846 f1: 0.9369 pred_right: 43572 pred_wrong:3228 actu_right: 43558 actu_wrong: 3242
2026-07-25 22:25:15,252 P2152433 INFO pr:0.8928  rc:0.8982  auc:0.9883 ap:0.9685 f1: 0.8955 pred_right: 17866 pred_wrong:1334 actu_right: 17874 actu_wrong: 1326
2026-07-25 22:25:15,253 P2152433 INFO ----------------------------------------------------------------------------------------------------
2026-07-25 22:25:15,253 P2152433 INFO 80/300 starting... lr: 0.001 para:0.012345679104328156
2026-07-25 22:25:16,720 P2152433 INFO Epoch 80/300, all_loss:0.40002 cls_loss:0.39671 rec_loss:0.66429 [1.47s]; best loss:0.34251, patience : 1
2026-07-25 22:25:17,151 P2152433 INFO pr:0.9445  rc:0.9512  auc:0.9921 ap:0.9844 f1: 0.9479 pred_right: 43537 pred_wrong:3263 actu_right: 43560 actu_wrong: 3240
2026-07-25 22:25:17,352 P2152433 INFO pr:0.9071  rc:0.9201  auc:0.9851 ap:0.9667 f1: 0.9135 pred_right: 17855 pred_wrong:1345 actu_right: 17874 actu_wrong: 1326
2026-07-25 22:25:17,353 P2152433 INFO ----------------------------------------------------------------------------------------------------
2026-07-25 22:25:17,353 P2152433 INFO 81/300 starting... lr: 0.001 para:0.012195121496915817
2026-07-25 22:25:18,732 P2152433 INFO Epoch 81/300, all_loss:0.51925 cls_loss:0.51746 rec_loss:0.66405 [1.38s]; best loss:0.34251, patience : 2
2026-07-25 22:25:19,357 P2152433 INFO pr:0.9289  rc:0.9509  auc:0.9934 ap:0.9846 f1: 0.9398 pred_right: 43482 pred_wrong:3318 actu_right: 43559 actu_wrong: 3241
2026-07-25 22:25:19,570 P2152433 INFO pr:0.8888  rc:0.9103  auc:0.9891 ap:0.9691 f1: 0.8994 pred_right: 17842 pred_wrong:1358 actu_right: 17874 actu_wrong: 1326
2026-07-25 22:25:19,571 P2152433 INFO ----------------------------------------------------------------------------------------------------
2026-07-25 22:25:19,571 P2152433 INFO 82/300 starting... lr: 0.001 para:0.012048192322254181
2026-07-25 22:25:20,881 P2152433 INFO Epoch 82/300, all_loss:0.45920 cls_loss:0.45729 rec_loss:0.61586 [1.31s]; best loss:0.34251, patience : 2
2026-07-25 22:25:21,491 P2152433 INFO pr:0.9446  rc:0.9589  auc:0.9929 ap:0.9866 f1: 0.9517 pred_right: 43512 pred_wrong:3288 actu_right: 43561 actu_wrong: 3239
2026-07-25 22:25:21,690 P2152433 INFO pr:0.9052  rc:0.9291  auc:0.9870 ap:0.9726 f1: 0.9170 pred_right: 17839 pred_wrong:1361 actu_right: 17874 actu_wrong: 1326
2026-07-25 22:25:21,698 P2152433 INFO ----------------------------------------------------------------------------------------------------
2026-07-25 22:25:21,698 P2152433 INFO 83/300 starting... lr: 0.001 para:0.011904762126505375
2026-07-25 22:25:23,078 P2152433 INFO Epoch 83/300, all_loss:0.46240 cls_loss:0.46082 rec_loss:0.59409 [1.38s]; best loss:0.34251, patience : 3
2026-07-25 22:25:23,587 P2152433 INFO pr:0.9509  rc:0.9377  auc:0.9932 ap:0.9869 f1: 0.9443 pred_right: 43602 pred_wrong:3198 actu_right: 43557 actu_wrong: 3243
2026-07-25 22:25:23,799 P2152433 INFO pr:0.9087  rc:0.9012  auc:0.9878 ap:0.9720 f1: 0.9050 pred_right: 17885 pred_wrong:1315 actu_right: 17874 actu_wrong: 1326
2026-07-25 22:25:23,799 P2152433 INFO ----------------------------------------------------------------------------------------------------
2026-07-25 22:25:23,799 P2152433 INFO 84/300 starting... lr: 0.001 para:0.0117647061124444
2026-07-25 22:25:25,298 P2152433 INFO Epoch 84/300, all_loss:0.47599 cls_loss:0.47433 rec_loss:0.61517 [1.50s]; best loss:0.34251, patience : 4
2026-07-25 22:25:25,906 P2152433 INFO pr:0.9342  rc:0.9590  auc:0.9950 ap:0.9881 f1: 0.9464 pred_right: 43473 pred_wrong:3327 actu_right: 43559 actu_wrong: 3241
2026-07-25 22:25:26,094 P2152433 INFO pr:0.8947  rc:0.9291  auc:0.9921 ap:0.9767 f1: 0.9116 pred_right: 17823 pred_wrong:1377 actu_right: 17874 actu_wrong: 1326
2026-07-25 22:25:26,095 P2152433 INFO ----------------------------------------------------------------------------------------------------
2026-07-25 22:25:26,095 P2152433 INFO 85/300 starting... lr: 0.001 para:0.011627906933426857
2026-07-25 22:25:27,407 P2152433 INFO Epoch 85/300, all_loss:0.42279 cls_loss:0.42054 rec_loss:0.61486 [1.31s]; best loss:0.34251, patience : 4
2026-07-25 22:25:28,004 P2152433 INFO pr:0.9538  rc:0.9485  auc:0.9935 ap:0.9885 f1: 0.9511 pred_right: 43576 pred_wrong:3224 actu_right: 43558 actu_wrong: 3242
2026-07-25 22:25:28,186 P2152433 INFO pr:0.9179  rc:0.9103  auc:0.9877 ap:0.9766 f1: 0.9140 pred_right: 17885 pred_wrong:1315 actu_right: 17874 actu_wrong: 1326
2026-07-25 22:25:28,187 P2152433 INFO ----------------------------------------------------------------------------------------------------
2026-07-25 22:25:28,187 P2152433 INFO 86/300 starting... lr: 0.001 para:0.01149425283074379
2026-07-25 22:25:29,492 P2152433 INFO Epoch 86/300, all_loss:0.29969 cls_loss:0.29643 rec_loss:0.58030 [1.30s]; best loss:0.29969, patience : 0
2026-07-25 22:25:29,999 P2152433 INFO pr:0.9554  rc:0.9463  auc:0.9938 ap:0.9867 f1: 0.9508 pred_right: 43591 pred_wrong:3209 actu_right: 43560 actu_wrong: 3240
2026-07-25 22:25:30,253 P2152433 INFO pr:0.9196  rc:0.9140  auc:0.9870 ap:0.9730 f1: 0.9168 pred_right: 17882 pred_wrong:1318 actu_right: 17874 actu_wrong: 1326
2026-07-25 22:25:30,253 P2152433 INFO ----------------------------------------------------------------------------------------------------
2026-07-25 22:25:30,254 P2152433 INFO 87/300 starting... lr: 0.001 para:0.011363636702299118
2026-07-25 22:25:31,696 P2152433 INFO Epoch 87/300, all_loss:0.43413 cls_loss:0.43242 rec_loss:0.58233 [1.44s]; best loss:0.29969, patience : 1
2026-07-25 22:25:32,143 P2152433 INFO pr:0.9374  rc:0.9534  auc:0.9937 ap:0.9872 f1: 0.9453 pred_right: 43507 pred_wrong:3293 actu_right: 43562 actu_wrong: 3238
2026-07-25 22:25:32,329 P2152433 INFO pr:0.9012  rc:0.9148  auc:0.9888 ap:0.9745 f1: 0.9079 pred_right: 17854 pred_wrong:1346 actu_right: 17874 actu_wrong: 1326
2026-07-25 22:25:32,329 P2152433 INFO ----------------------------------------------------------------------------------------------------
2026-07-25 22:25:32,329 P2152433 INFO 88/300 starting... lr: 0.001 para:0.01123595517128706
2026-07-25 22:25:33,645 P2152433 INFO Epoch 88/300, all_loss:0.35167 cls_loss:0.34861 rec_loss:0.62048 [1.32s]; best loss:0.29969, patience : 1
2026-07-25 22:25:34,162 P2152433 INFO pr:0.9411  rc:0.9411  auc:0.9935 ap:0.9870 f1: 0.9411 pred_right: 43559 pred_wrong:3241 actu_right: 43559 actu_wrong: 3241
2026-07-25 22:25:34,443 P2152433 INFO pr:0.9043  rc:0.9118  auc:0.9875 ap:0.9707 f1: 0.9080 pred_right: 17863 pred_wrong:1337 actu_right: 17874 actu_wrong: 1326
2026-07-25 22:25:34,443 P2152433 INFO ----------------------------------------------------------------------------------------------------
2026-07-25 22:25:34,443 P2152433 INFO 89/300 starting... lr: 0.001 para:0.011111111380159855
2026-07-25 22:25:35,967 P2152433 INFO Epoch 89/300, all_loss:0.42966 cls_loss:0.42732 rec_loss:0.63796 [1.52s]; best loss:0.29969, patience : 2
2026-07-25 22:25:36,588 P2152433 INFO pr:0.9553  rc:0.9429  auc:0.9928 ap:0.9876 f1: 0.9491 pred_right: 43601 pred_wrong:3199 actu_right: 43559 actu_wrong: 3241
2026-07-25 22:25:36,820 P2152433 INFO pr:0.9254  rc:0.9072  auc:0.9862 ap:0.9736 f1: 0.9162 pred_right: 17900 pred_wrong:1300 actu_right: 17874 actu_wrong: 1326
2026-07-25 22:25:36,820 P2152433 INFO ----------------------------------------------------------------------------------------------------
2026-07-25 22:25:36,821 P2152433 INFO 90/300 starting... lr: 0.001 para:0.010989011265337467
2026-07-25 22:25:38,155 P2152433 INFO Epoch 90/300, all_loss:0.42541 cls_loss:0.42318 rec_loss:0.62579 [1.33s]; best loss:0.29969, patience : 2
2026-07-25 22:25:38,782 P2152433 INFO pr:0.9484  rc:0.9423  auc:0.9925 ap:0.9873 f1: 0.9453 pred_right: 43582 pred_wrong:3218 actu_right: 43561 actu_wrong: 3239
2026-07-25 22:25:39,026 P2152433 INFO pr:0.9200  rc:0.8929  auc:0.9861 ap:0.9724 f1: 0.9062 pred_right: 17913 pred_wrong:1287 actu_right: 17874 actu_wrong: 1326
2026-07-25 22:25:39,026 P2152433 INFO ----------------------------------------------------------------------------------------------------
2026-07-25 22:25:39,026 P2152433 INFO 91/300 starting... lr: 0.001 para:0.010869565419852734
2026-07-25 22:25:40,531 P2152433 INFO Epoch 91/300, all_loss:0.28747 cls_loss:0.28374 rec_loss:0.62650 [1.50s]; best loss:0.28747, patience : 0
2026-07-25 22:25:41,057 P2152433 INFO pr:0.9305  rc:0.9623  auc:0.9934 ap:0.9874 f1: 0.9461 pred_right: 43449 pred_wrong:3351 actu_right: 43560 actu_wrong: 3240
2026-07-25 22:25:41,249 P2152433 INFO pr:0.8915  rc:0.9299  auc:0.9855 ap:0.9688 f1: 0.9103 pred_right: 17817 pred_wrong:1383 actu_right: 17874 actu_wrong: 1326
2026-07-25 22:25:41,250 P2152433 INFO ----------------------------------------------------------------------------------------------------
2026-07-25 22:25:41,250 P2152433 INFO 92/300 starting... lr: 0.001 para:0.01075268816202879
2026-07-25 22:25:42,623 P2152433 INFO Epoch 92/300, all_loss:0.39363 cls_loss:0.39107 rec_loss:0.62911 [1.37s]; best loss:0.28747, patience : 1
2026-07-25 22:25:43,241 P2152433 INFO pr:0.9542  rc:0.9197  auc:0.9916 ap:0.9862 f1: 0.9366 pred_right: 43680 pred_wrong:3120 actu_right: 43563 actu_wrong: 3237
2026-07-25 22:25:43,441 P2152433 INFO pr:0.9188  rc:0.8703  auc:0.9847 ap:0.9689 f1: 0.8939 pred_right: 17944 pred_wrong:1256 actu_right: 17874 actu_wrong: 1326
2026-07-25 22:25:43,441 P2152433 INFO ----------------------------------------------------------------------------------------------------
2026-07-25 22:25:43,441 P2152433 INFO 93/300 starting... lr: 0.001 para:0.010638297535479069
2026-07-25 22:25:44,802 P2152433 INFO Epoch 93/300, all_loss:0.30416 cls_loss:0.30101 rec_loss:0.59757 [1.36s]; best loss:0.28747, patience : 1
2026-07-25 22:25:45,298 P2152433 INFO pr:0.9531  rc:0.9490  auc:0.9925 ap:0.9877 f1: 0.9511 pred_right: 43577 pred_wrong:3223 actu_right: 43563 actu_wrong: 3237
2026-07-25 22:25:45,503 P2152433 INFO pr:0.9207  rc:0.9110  auc:0.9871 ap:0.9750 f1: 0.9158 pred_right: 17888 pred_wrong:1312 actu_right: 17874 actu_wrong: 1326
2026-07-25 22:25:45,503 P2152433 INFO ----------------------------------------------------------------------------------------------------
2026-07-25 22:25:45,504 P2152433 INFO 94/300 starting... lr: 0.001 para:0.010526316240429878
2026-07-25 22:25:46,871 P2152433 INFO Epoch 94/300, all_loss:0.39061 cls_loss:0.38816 rec_loss:0.62063 [1.37s]; best loss:0.28747, patience : 2
2026-07-25 22:25:47,296 P2152433 INFO pr:0.9315  rc:0.9602  auc:0.9932 ap:0.9875 f1: 0.9457 pred_right: 43455 pred_wrong:3345 actu_right: 43555 actu_wrong: 3245
2026-07-25 22:25:47,579 P2152433 INFO pr:0.8972  rc:0.9276  auc:0.9871 ap:0.9722 f1: 0.9121 pred_right: 17829 pred_wrong:1371 actu_right: 17874 actu_wrong: 1326
2026-07-25 22:25:47,579 P2152433 INFO ----------------------------------------------------------------------------------------------------
2026-07-25 22:25:47,579 P2152433 INFO 95/300 starting... lr: 0.001 para:0.010416666977107525
2026-07-25 22:25:49,081 P2152433 INFO Epoch 95/300, all_loss:0.40789 cls_loss:0.40570 rec_loss:0.61574 [1.50s]; best loss:0.28747, patience : 3
2026-07-25 22:25:49,768 P2152433 INFO pr:0.9439  rc:0.9457  auc:0.9930 ap:0.9885 f1: 0.9448 pred_right: 43554 pred_wrong:3246 actu_right: 43560 actu_wrong: 3240
2026-07-25 22:25:49,971 P2152433 INFO pr:0.8983  rc:0.9125  auc:0.9859 ap:0.9722 f1: 0.9053 pred_right: 17853 pred_wrong:1347 actu_right: 17874 actu_wrong: 1326
2026-07-25 22:25:49,972 P2152433 INFO ----------------------------------------------------------------------------------------------------
2026-07-25 22:25:49,972 P2152433 INFO 96/300 starting... lr: 0.001 para:0.010309278033673763
2026-07-25 22:25:51,319 P2152433 INFO Epoch 96/300, all_loss:0.36739 cls_loss:0.36456 rec_loss:0.63942 [1.35s]; best loss:0.28747, patience : 3
2026-07-25 22:25:51,797 P2152433 INFO pr:0.9454  rc:0.9410  auc:0.9917 ap:0.9880 f1: 0.9432 pred_right: 43578 pred_wrong:3222 actu_right: 43563 actu_wrong: 3237
2026-07-25 22:25:52,003 P2152433 INFO pr:0.9179  rc:0.9020  auc:0.9832 ap:0.9726 f1: 0.9099 pred_right: 17897 pred_wrong:1303 actu_right: 17874 actu_wrong: 1326
2026-07-25 22:25:52,004 P2152433 INFO ----------------------------------------------------------------------------------------------------
2026-07-25 22:25:52,004 P2152433 INFO 97/300 starting... lr: 0.001 para:0.010204081423580647
2026-07-25 22:25:54,042 P2152433 INFO Epoch 97/300, all_loss:0.44112 cls_loss:0.43897 rec_loss:0.65006 [2.04s]; best loss:0.28747, patience : 4
2026-07-25 22:25:54,888 P2152433 INFO pr:0.9374  rc:0.9617  auc:0.9926 ap:0.9871 f1: 0.9494 pred_right: 43476 pred_wrong:3324 actu_right: 43560 actu_wrong: 3240
2026-07-25 22:25:55,042 P2152433 INFO pr:0.8968  rc:0.9306  auc:0.9876 ap:0.9736 f1: 0.9134 pred_right: 17824 pred_wrong:1376 actu_right: 17874 actu_wrong: 1326
2026-07-25 22:25:55,042 P2152433 INFO ----------------------------------------------------------------------------------------------------
2026-07-25 22:25:55,042 P2152433 INFO 98/300 starting... lr: 0.001 para:0.010101010091602802
2026-07-25 22:25:55,928 P2152433 INFO Epoch 98/300, all_loss:0.48930 cls_loss:0.48832 rec_loss:0.58510 [0.89s]; best loss:0.28747, patience : 5
2026-07-25 22:25:56,298 P2152433 INFO pr:0.9666  rc:0.9009  auc:0.9898 ap:0.9864 f1: 0.9326 pred_right: 43780 pred_wrong:3020 actu_right: 43560 actu_wrong: 3240
2026-07-25 22:25:56,455 P2152433 INFO pr:0.9441  rc:0.8537  auc:0.9817 ap:0.9726 f1: 0.8966 pred_right: 18001 pred_wrong:1199 actu_right: 17874 actu_wrong: 1326
2026-07-25 22:25:56,455 P2152433 INFO ----------------------------------------------------------------------------------------------------
2026-07-25 22:25:56,455 P2152433 INFO 99/300 starting... lr: 0.001 para:0.01
2026-07-25 22:25:57,337 P2152433 INFO Epoch 99/300, all_loss:0.44110 cls_loss:0.43988 rec_loss:0.56208 [0.88s]; best loss:0.28747, patience : 5
2026-07-25 22:25:57,708 P2152433 INFO pr:0.9341  rc:0.9589  auc:0.9944 ap:0.9870 f1: 0.9464 pred_right: 43476 pred_wrong:3324 actu_right: 43562 actu_wrong: 3238
2026-07-25 22:25:57,868 P2152433 INFO pr:0.8845  rc:0.9299  auc:0.9889 ap:0.9726 f1: 0.9066 pred_right: 17806 pred_wrong:1394 actu_right: 17874 actu_wrong: 1326
2026-07-25 22:25:57,868 P2152433 INFO ----------------------------------------------------------------------------------------------------
2026-07-25 22:25:57,868 P2152433 INFO 100/300 starting... lr: 0.0009000000000000001 para:0.01
2026-07-25 22:25:58,761 P2152433 INFO Epoch 100/300, all_loss:0.25247 cls_loss:0.24908 rec_loss:0.58849 [0.89s]; best loss:0.25247, patience : 0
2026-07-25 22:25:59,138 P2152433 INFO pr:0.9591  rc:0.9485  auc:0.9936 ap:0.9868 f1: 0.9538 pred_right: 43594 pred_wrong:3206 actu_right: 43558 actu_wrong: 3242
2026-07-25 22:25:59,296 P2152433 INFO pr:0.9202  rc:0.9133  auc:0.9872 ap:0.9736 f1: 0.9167 pred_right: 17884 pred_wrong:1316 actu_right: 17874 actu_wrong: 1326
2026-07-25 22:25:59,300 P2152433 INFO ----------------------------------------------------------------------------------------------------
2026-07-25 22:25:59,300 P2152433 INFO 101/300 starting... lr: 0.0009000000000000001 para:0.01
2026-07-25 22:26:00,250 P2152433 INFO Epoch 101/300, all_loss:0.29467 cls_loss:0.29129 rec_loss:0.62900 [0.95s]; best loss:0.25247, patience : 1
2026-07-25 22:26:00,775 P2152433 INFO pr:0.9585  rc:0.9472  auc:0.9923 ap:0.9878 f1: 0.9528 pred_right: 43597 pred_wrong:3203 actu_right: 43559 actu_wrong: 3241
2026-07-25 22:26:00,985 P2152433 INFO pr:0.9237  rc:0.9042  auc:0.9844 ap:0.9728 f1: 0.9139 pred_right: 17902 pred_wrong:1298 actu_right: 17874 actu_wrong: 1326
2026-07-25 22:26:00,985 P2152433 INFO ----------------------------------------------------------------------------------------------------
2026-07-25 22:26:00,985 P2152433 INFO 102/300 starting... lr: 0.0009000000000000001 para:0.01
2026-07-25 22:26:02,293 P2152433 INFO Epoch 102/300, all_loss:0.27462 cls_loss:0.27104 rec_loss:0.62868 [1.31s]; best loss:0.25247, patience : 1
2026-07-25 22:26:02,888 P2152433 INFO pr:0.9425  rc:0.9663  auc:0.9938 ap:0.9865 f1: 0.9543 pred_right: 43479 pred_wrong:3321 actu_right: 43561 actu_wrong: 3239
2026-07-25 22:26:03,120 P2152433 INFO pr:0.9027  rc:0.9374  auc:0.9878 ap:0.9712 f1: 0.9197 pred_right: 17823 pred_wrong:1377 actu_right: 17874 actu_wrong: 1326
2026-07-25 22:26:03,126 P2152433 INFO ----------------------------------------------------------------------------------------------------
2026-07-25 22:26:03,126 P2152433 INFO 103/300 starting... lr: 0.0009000000000000001 para:0.01
2026-07-25 22:26:04,350 P2152433 INFO Epoch 103/300, all_loss:0.27335 cls_loss:0.26977 rec_loss:0.62736 [1.22s]; best loss:0.25247, patience : 1
2026-07-25 22:26:04,858 P2152433 INFO pr:0.9638  rc:0.9546  auc:0.9930 ap:0.9886 f1: 0.9592 pred_right: 43593 pred_wrong:3207 actu_right: 43562 actu_wrong: 3238
2026-07-25 22:26:05,053 P2152433 INFO pr:0.9270  rc:0.9193  auc:0.9867 ap:0.9758 f1: 0.9231 pred_right: 17885 pred_wrong:1315 actu_right: 17874 actu_wrong: 1326
2026-07-25 22:26:05,059 P2152433 INFO ----------------------------------------------------------------------------------------------------
2026-07-25 22:26:05,059 P2152433 INFO 104/300 starting... lr: 0.0009000000000000001 para:0.01
2026-07-25 22:26:06,298 P2152433 INFO Epoch 104/300, all_loss:0.23967 cls_loss:0.23599 rec_loss:0.60470 [1.23s]; best loss:0.23967, patience : 0
2026-07-25 22:26:06,801 P2152433 INFO pr:0.9546  rc:0.9540  auc:0.9926 ap:0.9880 f1: 0.9543 pred_right: 43564 pred_wrong:3236 actu_right: 43562 actu_wrong: 3238
2026-07-25 22:26:06,994 P2152433 INFO pr:0.9226  rc:0.9080  auc:0.9862 ap:0.9756 f1: 0.9152 pred_right: 17895 pred_wrong:1305 actu_right: 17874 actu_wrong: 1326
2026-07-25 22:26:06,994 P2152433 INFO ----------------------------------------------------------------------------------------------------
2026-07-25 22:26:06,994 P2152433 INFO 105/300 starting... lr: 0.0009000000000000001 para:0.01
2026-07-25 22:26:08,093 P2152433 INFO Epoch 105/300, all_loss:0.32288 cls_loss:0.32016 rec_loss:0.59254 [1.10s]; best loss:0.23967, patience : 1
2026-07-25 22:26:08,544 P2152433 INFO pr:0.9421  rc:0.9599  auc:0.9940 ap:0.9887 f1: 0.9509 pred_right: 43500 pred_wrong:3300 actu_right: 43561 actu_wrong: 3239
2026-07-25 22:26:08,790 P2152433 INFO pr:0.9058  rc:0.9284  auc:0.9875 ap:0.9735 f1: 0.9169 pred_right: 17841 pred_wrong:1359 actu_right: 17874 actu_wrong: 1326
2026-07-25 22:26:08,790 P2152433 INFO ----------------------------------------------------------------------------------------------------
2026-07-25 22:26:08,790 P2152433 INFO 106/300 starting... lr: 0.0009000000000000001 para:0.01
2026-07-25 22:26:12,739 P2152433 INFO Epoch 106/300, all_loss:0.33489 cls_loss:0.33257 rec_loss:0.56430 [3.95s]; best loss:0.23967, patience : 2
2026-07-25 22:26:13,886 P2152433 INFO pr:0.9495  rc:0.9620  auc:0.9932 ap:0.9886 f1: 0.9557 pred_right: 43516 pred_wrong:3284 actu_right: 43559 actu_wrong: 3241
2026-07-25 22:26:14,237 P2152433 INFO pr:0.9098  rc:0.9276  auc:0.9874 ap:0.9719 f1: 0.9186 pred_right: 17848 pred_wrong:1352 actu_right: 17874 actu_wrong: 1326
2026-07-25 22:26:14,238 P2152433 INFO ----------------------------------------------------------------------------------------------------
2026-07-25 22:26:14,238 P2152433 INFO 107/300 starting... lr: 0.0009000000000000001 para:0.01
2026-07-25 22:26:18,644 P2152433 INFO Epoch 107/300, all_loss:0.34403 cls_loss:0.34169 rec_loss:0.57592 [4.41s]; best loss:0.23967, patience : 3
2026-07-25 22:26:19,585 P2152433 INFO pr:0.9338  rc:0.9670  auc:0.9943 ap:0.9870 f1: 0.9501 pred_right: 43446 pred_wrong:3354 actu_right: 43561 actu_wrong: 3239
2026-07-25 22:26:20,030 P2152433 INFO pr:0.8836  rc:0.9442  auc:0.9878 ap:0.9705 f1: 0.9129 pred_right: 17783 pred_wrong:1417 actu_right: 17874 actu_wrong: 1326
2026-07-25 22:26:20,030 P2152433 INFO ----------------------------------------------------------------------------------------------------
2026-07-25 22:26:20,030 P2152433 INFO 108/300 starting... lr: 0.0009000000000000001 para:0.01
2026-07-25 22:26:22,573 P2152433 INFO Epoch 108/300, all_loss:0.25969 cls_loss:0.25643 rec_loss:0.58228 [2.54s]; best loss:0.23967, patience : 3
2026-07-25 22:26:23,875 P2152433 INFO pr:0.9636  rc:0.9479  auc:0.9924 ap:0.9880 f1: 0.9557 pred_right: 43612 pred_wrong:3188 actu_right: 43559 actu_wrong: 3241
2026-07-25 22:26:24,136 P2152433 INFO pr:0.9409  rc:0.9133  auc:0.9833 ap:0.9716 f1: 0.9269 pred_right: 17913 pred_wrong:1287 actu_right: 17874 actu_wrong: 1326
2026-07-25 22:26:24,136 P2152433 INFO ----------------------------------------------------------------------------------------------------
2026-07-25 22:26:24,136 P2152433 INFO 109/300 starting... lr: 0.0009000000000000001 para:0.01
2026-07-25 22:26:25,914 P2152433 INFO Epoch 109/300, all_loss:0.23461 cls_loss:0.23122 rec_loss:0.57049 [1.77s]; best loss:0.23461, patience : 0
2026-07-25 22:26:26,531 P2152433 INFO pr:0.9671  rc:0.9504  auc:0.9925 ap:0.9882 f1: 0.9587 pred_right: 43611 pred_wrong:3189 actu_right: 43555 actu_wrong: 3245
2026-07-25 22:26:26,794 P2152433 INFO pr:0.9346  rc:0.9155  auc:0.9861 ap:0.9719 f1: 0.9250 pred_right: 17901 pred_wrong:1299 actu_right: 17874 actu_wrong: 1326
2026-07-25 22:26:26,794 P2152433 INFO ----------------------------------------------------------------------------------------------------
2026-07-25 22:26:26,794 P2152433 INFO 110/300 starting... lr: 0.0009000000000000001 para:0.01
2026-07-25 22:26:28,147 P2152433 INFO Epoch 110/300, all_loss:0.29020 cls_loss:0.28745 rec_loss:0.56231 [1.35s]; best loss:0.23461, patience : 1
2026-07-25 22:26:28,692 P2152433 INFO pr:0.9556  rc:0.9562  auc:0.9938 ap:0.9865 f1: 0.9559 pred_right: 43558 pred_wrong:3242 actu_right: 43560 actu_wrong: 3240
2026-07-25 22:26:28,971 P2152433 INFO pr:0.9134  rc:0.9231  auc:0.9874 ap:0.9716 f1: 0.9182 pred_right: 17860 pred_wrong:1340 actu_right: 17874 actu_wrong: 1326
2026-07-25 22:26:28,971 P2152433 INFO ----------------------------------------------------------------------------------------------------
2026-07-25 22:26:28,971 P2152433 INFO 111/300 starting... lr: 0.0009000000000000001 para:0.01
2026-07-25 22:26:30,366 P2152433 INFO Epoch 111/300, all_loss:0.34165 cls_loss:0.33944 rec_loss:0.56047 [1.39s]; best loss:0.23461, patience : 2
2026-07-25 22:26:30,911 P2152433 INFO pr:0.9643  rc:0.9432  auc:0.9913 ap:0.9875 f1: 0.9536 pred_right: 43632 pred_wrong:3168 actu_right: 43561 actu_wrong: 3239
2026-07-25 22:26:31,122 P2152433 INFO pr:0.9340  rc:0.9072  auc:0.9839 ap:0.9744 f1: 0.9204 pred_right: 17912 pred_wrong:1288 actu_right: 17874 actu_wrong: 1326
2026-07-25 22:26:31,122 P2152433 INFO ----------------------------------------------------------------------------------------------------
2026-07-25 22:26:31,122 P2152433 INFO 112/300 starting... lr: 0.0009000000000000001 para:0.01
2026-07-25 22:26:32,454 P2152433 INFO Epoch 112/300, all_loss:0.25058 cls_loss:0.24762 rec_loss:0.54335 [1.33s]; best loss:0.23461, patience : 2
2026-07-25 22:26:33,006 P2152433 INFO pr:0.9608  rc:0.9460  auc:0.9921 ap:0.9892 f1: 0.9533 pred_right: 43611 pred_wrong:3189 actu_right: 43561 actu_wrong: 3239
2026-07-25 22:26:33,213 P2152433 INFO pr:0.9306  rc:0.8997  auc:0.9844 ap:0.9742 f1: 0.9149 pred_right: 17918 pred_wrong:1282 actu_right: 17874 actu_wrong: 1326
2026-07-25 22:26:33,214 P2152433 INFO ----------------------------------------------------------------------------------------------------
2026-07-25 22:26:33,214 P2152433 INFO 113/300 starting... lr: 0.0009000000000000001 para:0.01
2026-07-25 22:26:34,584 P2152433 INFO Epoch 113/300, all_loss:0.36580 cls_loss:0.36386 rec_loss:0.55812 [1.37s]; best loss:0.23461, patience : 3
2026-07-25 22:26:35,105 P2152433 INFO pr:0.9258  rc:0.9549  auc:0.9926 ap:0.9838 f1: 0.9401 pred_right: 43459 pred_wrong:3341 actu_right: 43561 actu_wrong: 3239
2026-07-25 22:26:35,325 P2152433 INFO pr:0.8836  rc:0.9216  auc:0.9838 ap:0.9656 f1: 0.9022 pred_right: 17817 pred_wrong:1383 actu_right: 17874 actu_wrong: 1326
2026-07-25 22:26:35,326 P2152433 INFO ----------------------------------------------------------------------------------------------------
2026-07-25 22:26:35,326 P2152433 INFO 114/300 starting... lr: 0.0009000000000000001 para:0.01
2026-07-25 22:26:36,611 P2152433 INFO Epoch 114/300, all_loss:0.23680 cls_loss:0.23382 rec_loss:0.53233 [1.28s]; best loss:0.23461, patience : 3
2026-07-25 22:26:37,133 P2152433 INFO pr:0.9501  rc:0.9516  auc:0.9926 ap:0.9878 f1: 0.9508 pred_right: 43553 pred_wrong:3247 actu_right: 43558 actu_wrong: 3242
2026-07-25 22:26:37,353 P2152433 INFO pr:0.9150  rc:0.9170  auc:0.9860 ap:0.9737 f1: 0.9160 pred_right: 17871 pred_wrong:1329 actu_right: 17874 actu_wrong: 1326
2026-07-25 22:26:37,353 P2152433 INFO ----------------------------------------------------------------------------------------------------
2026-07-25 22:26:37,353 P2152433 INFO 115/300 starting... lr: 0.0009000000000000001 para:0.01
2026-07-25 22:26:38,606 P2152433 INFO Epoch 115/300, all_loss:0.26959 cls_loss:0.26658 rec_loss:0.56766 [1.25s]; best loss:0.23461, patience : 4
2026-07-25 22:26:39,098 P2152433 INFO pr:0.9439  rc:0.9547  auc:0.9923 ap:0.9872 f1: 0.9493 pred_right: 43519 pred_wrong:3281 actu_right: 43556 actu_wrong: 3244
2026-07-25 22:26:39,388 P2152433 INFO pr:0.9069  rc:0.9178  auc:0.9844 ap:0.9701 f1: 0.9123 pred_right: 17858 pred_wrong:1342 actu_right: 17874 actu_wrong: 1326
2026-07-25 22:26:39,389 P2152433 INFO ----------------------------------------------------------------------------------------------------
2026-07-25 22:26:39,389 P2152433 INFO 116/300 starting... lr: 0.0009000000000000001 para:0.01
2026-07-25 22:26:40,614 P2152433 INFO Epoch 116/300, all_loss:0.31109 cls_loss:0.30828 rec_loss:0.58925 [1.22s]; best loss:0.23461, patience : 5
2026-07-25 22:26:41,133 P2152433 INFO pr:0.9372  rc:0.9609  auc:0.9936 ap:0.9864 f1: 0.9489 pred_right: 43474 pred_wrong:3326 actu_right: 43556 actu_wrong: 3244
2026-07-25 22:26:41,355 P2152433 INFO pr:0.8920  rc:0.9284  auc:0.9866 ap:0.9673 f1: 0.9098 pred_right: 17820 pred_wrong:1380 actu_right: 17874 actu_wrong: 1326
2026-07-25 22:26:41,355 P2152433 INFO ----------------------------------------------------------------------------------------------------
2026-07-25 22:26:41,355 P2152433 INFO 117/300 starting... lr: 0.0009000000000000001 para:0.01
2026-07-25 22:26:42,666 P2152433 INFO Epoch 117/300, all_loss:0.34007 cls_loss:0.33783 rec_loss:0.56181 [1.31s]; best loss:0.23461, patience : 6
2026-07-25 22:26:43,221 P2152433 INFO pr:0.9255  rc:0.9623  auc:0.9923 ap:0.9850 f1: 0.9435 pred_right: 43433 pred_wrong:3367 actu_right: 43562 actu_wrong: 3238
2026-07-25 22:26:43,456 P2152433 INFO pr:0.8934  rc:0.9359  auc:0.9849 ap:0.9707 f1: 0.9142 pred_right: 17811 pred_wrong:1389 actu_right: 17874 actu_wrong: 1326
2026-07-25 22:26:43,456 P2152433 INFO ----------------------------------------------------------------------------------------------------
2026-07-25 22:26:43,456 P2152433 INFO 118/300 starting... lr: 0.0009000000000000001 para:0.01
2026-07-25 22:26:44,747 P2152433 INFO Epoch 118/300, all_loss:0.29911 cls_loss:0.29638 rec_loss:0.56858 [1.29s]; best loss:0.23461, patience : 6
2026-07-25 22:26:45,249 P2152433 INFO pr:0.9449  rc:0.9580  auc:0.9934 ap:0.9852 f1: 0.9514 pred_right: 43516 pred_wrong:3284 actu_right: 43561 actu_wrong: 3239
2026-07-25 22:26:45,461 P2152433 INFO pr:0.9065  rc:0.9284  auc:0.9871 ap:0.9707 f1: 0.9173 pred_right: 17842 pred_wrong:1358 actu_right: 17874 actu_wrong: 1326
2026-07-25 22:26:45,462 P2152433 INFO ----------------------------------------------------------------------------------------------------
2026-07-25 22:26:45,462 P2152433 INFO 119/300 starting... lr: 0.0009000000000000001 para:0.01
2026-07-25 22:26:46,716 P2152433 INFO Epoch 119/300, all_loss:0.27211 cls_loss:0.26931 rec_loss:0.54976 [1.25s]; best loss:0.23461, patience : 6
2026-07-25 22:26:47,370 P2152433 INFO pr:0.9689  rc:0.9317  auc:0.9911 ap:0.9886 f1: 0.9499 pred_right: 43686 pred_wrong:3114 actu_right: 43562 actu_wrong: 3238
2026-07-25 22:26:47,586 P2152433 INFO pr:0.9460  rc:0.8854  auc:0.9833 ap:0.9719 f1: 0.9147 pred_right: 17959 pred_wrong:1241 actu_right: 17874 actu_wrong: 1326
2026-07-25 22:26:47,586 P2152433 INFO ----------------------------------------------------------------------------------------------------
2026-07-25 22:26:47,586 P2152433 INFO 120/300 starting... lr: 0.0009000000000000001 para:0.01
2026-07-25 22:26:48,787 P2152433 INFO Epoch 120/300, all_loss:0.28729 cls_loss:0.28473 rec_loss:0.54070 [1.20s]; best loss:0.23461, patience : 7
2026-07-25 22:26:49,225 P2152433 INFO pr:0.9525  rc:0.9602  auc:0.9923 ap:0.9872 f1: 0.9563 pred_right: 43534 pred_wrong:3266 actu_right: 43560 actu_wrong: 3240
2026-07-25 22:26:49,444 P2152433 INFO pr:0.9175  rc:0.9231  auc:0.9846 ap:0.9709 f1: 0.9203 pred_right: 17866 pred_wrong:1334 actu_right: 17874 actu_wrong: 1326
2026-07-25 22:26:49,444 P2152433 INFO ----------------------------------------------------------------------------------------------------
2026-07-25 22:26:49,444 P2152433 INFO 121/300 starting... lr: 0.0009000000000000001 para:0.01
2026-07-25 22:26:50,713 P2152433 INFO Epoch 121/300, all_loss:0.18949 cls_loss:0.18595 rec_loss:0.53976 [1.26s]; best loss:0.18949, patience : 0
2026-07-25 22:26:51,258 P2152433 INFO pr:0.9302  rc:0.9670  auc:0.9937 ap:0.9866 f1: 0.9482 pred_right: 43434 pred_wrong:3366 actu_right: 43562 actu_wrong: 3238
2026-07-25 22:26:51,481 P2152433 INFO pr:0.8923  rc:0.9374  auc:0.9863 ap:0.9686 f1: 0.9143 pred_right: 17807 pred_wrong:1393 actu_right: 17874 actu_wrong: 1326
2026-07-25 22:26:51,482 P2152433 INFO ----------------------------------------------------------------------------------------------------
2026-07-25 22:26:51,482 P2152433 INFO 122/300 starting... lr: 0.0009000000000000001 para:0.01
2026-07-25 22:26:52,732 P2152433 INFO Epoch 122/300, all_loss:0.23804 cls_loss:0.23500 rec_loss:0.53904 [1.25s]; best loss:0.18949, patience : 1
2026-07-25 22:26:53,316 P2152433 INFO pr:0.9480  rc:0.9623  auc:0.9931 ap:0.9876 f1: 0.9551 pred_right: 43513 pred_wrong:3287 actu_right: 43562 actu_wrong: 3238
2026-07-25 22:26:53,560 P2152433 INFO pr:0.9167  rc:0.9299  auc:0.9860 ap:0.9729 f1: 0.9232 pred_right: 17855 pred_wrong:1345 actu_right: 17874 actu_wrong: 1326
2026-07-25 22:26:53,560 P2152433 INFO ----------------------------------------------------------------------------------------------------
2026-07-25 22:26:53,560 P2152433 INFO 123/300 starting... lr: 0.0009000000000000001 para:0.01
2026-07-25 22:26:54,757 P2152433 INFO Epoch 123/300, all_loss:0.20932 cls_loss:0.20584 rec_loss:0.55368 [1.20s]; best loss:0.18949, patience : 1
2026-07-25 22:26:55,202 P2152433 INFO pr:0.9509  rc:0.9571  auc:0.9931 ap:0.9856 f1: 0.9540 pred_right: 43540 pred_wrong:3260 actu_right: 43561 actu_wrong: 3239
2026-07-25 22:26:55,387 P2152433 INFO pr:0.9108  rc:0.9246  auc:0.9852 ap:0.9679 f1: 0.9177 pred_right: 17854 pred_wrong:1346 actu_right: 17874 actu_wrong: 1326
2026-07-25 22:26:55,388 P2152433 INFO ----------------------------------------------------------------------------------------------------
2026-07-25 22:26:55,388 P2152433 INFO 124/300 starting... lr: 0.0009000000000000001 para:0.01
2026-07-25 22:26:56,574 P2152433 INFO Epoch 124/300, all_loss:0.19641 cls_loss:0.19295 rec_loss:0.53891 [1.19s]; best loss:0.18949, patience : 1
2026-07-25 22:26:57,124 P2152433 INFO pr:0.9455  rc:0.9691  auc:0.9931 ap:0.9862 f1: 0.9572 pred_right: 43478 pred_wrong:3322 actu_right: 43559 actu_wrong: 3241
2026-07-25 22:26:57,355 P2152433 INFO pr:0.9024  rc:0.9344  auc:0.9870 ap:0.9700 f1: 0.9181 pred_right: 17827 pred_wrong:1373 actu_right: 17874 actu_wrong: 1326
2026-07-25 22:26:57,356 P2152433 INFO ----------------------------------------------------------------------------------------------------
2026-07-25 22:26:57,356 P2152433 INFO 125/300 starting... lr: 0.0009000000000000001 para:0.01
2026-07-25 22:26:58,709 P2152433 INFO Epoch 125/300, all_loss:0.25650 cls_loss:0.25365 rec_loss:0.53865 [1.35s]; best loss:0.18949, patience : 2
2026-07-25 22:26:59,191 P2152433 INFO pr:0.9640  rc:0.9417  auc:0.9912 ap:0.9857 f1: 0.9527 pred_right: 43632 pred_wrong:3168 actu_right: 43557 actu_wrong: 3243
2026-07-25 22:26:59,392 P2152433 INFO pr:0.9328  rc:0.9005  auc:0.9818 ap:0.9680 f1: 0.9163 pred_right: 17920 pred_wrong:1280 actu_right: 17874 actu_wrong: 1326
2026-07-25 22:26:59,392 P2152433 INFO ----------------------------------------------------------------------------------------------------
2026-07-25 22:26:59,392 P2152433 INFO 126/300 starting... lr: 0.0009000000000000001 para:0.01
2026-07-25 22:27:00,715 P2152433 INFO Epoch 126/300, all_loss:0.28302 cls_loss:0.28048 rec_loss:0.53405 [1.32s]; best loss:0.18949, patience : 3
2026-07-25 22:27:01,297 P2152433 INFO pr:0.9693  rc:0.9358  auc:0.9915 ap:0.9863 f1: 0.9523 pred_right: 43672 pred_wrong:3128 actu_right: 43560 actu_wrong: 3240
2026-07-25 22:27:01,534 P2152433 INFO pr:0.9383  rc:0.8952  auc:0.9846 ap:0.9720 f1: 0.9162 pred_right: 17935 pred_wrong:1265 actu_right: 17874 actu_wrong: 1326
2026-07-25 22:27:01,534 P2152433 INFO ----------------------------------------------------------------------------------------------------
2026-07-25 22:27:01,534 P2152433 INFO 127/300 starting... lr: 0.0009000000000000001 para:0.01
2026-07-25 22:27:02,775 P2152433 INFO Epoch 127/300, all_loss:0.25083 cls_loss:0.24821 rec_loss:0.50977 [1.24s]; best loss:0.18949, patience : 3
2026-07-25 22:27:03,238 P2152433 INFO pr:0.9686  rc:0.9519  auc:0.9927 ap:0.9871 f1: 0.9602 pred_right: 43615 pred_wrong:3185 actu_right: 43559 actu_wrong: 3241
2026-07-25 22:27:03,428 P2152433 INFO pr:0.9340  rc:0.9186  auc:0.9851 ap:0.9685 f1: 0.9262 pred_right: 17896 pred_wrong:1304 actu_right: 17874 actu_wrong: 1326
2026-07-25 22:27:03,438 P2152433 INFO ----------------------------------------------------------------------------------------------------
2026-07-25 22:27:03,438 P2152433 INFO 128/300 starting... lr: 0.0009000000000000001 para:0.01
2026-07-25 22:27:04,805 P2152433 INFO Epoch 128/300, all_loss:0.24705 cls_loss:0.24461 rec_loss:0.48919 [1.37s]; best loss:0.18949, patience : 3
2026-07-25 22:27:05,277 P2152433 INFO pr:0.9490  rc:0.9651  auc:0.9933 ap:0.9872 f1: 0.9570 pred_right: 43505 pred_wrong:3295 actu_right: 43560 actu_wrong: 3240
2026-07-25 22:27:05,479 P2152433 INFO pr:0.9107  rc:0.9306  auc:0.9870 ap:0.9693 f1: 0.9206 pred_right: 17845 pred_wrong:1355 actu_right: 17874 actu_wrong: 1326
2026-07-25 22:27:05,479 P2152433 INFO ----------------------------------------------------------------------------------------------------
2026-07-25 22:27:05,479 P2152433 INFO 129/300 starting... lr: 0.0009000000000000001 para:0.01
2026-07-25 22:27:06,763 P2152433 INFO Epoch 129/300, all_loss:0.20260 cls_loss:0.19961 rec_loss:0.49886 [1.28s]; best loss:0.18949, patience : 3
2026-07-25 22:27:07,212 P2152433 INFO pr:0.9545  rc:0.9510  auc:0.9929 ap:0.9880 f1: 0.9527 pred_right: 43569 pred_wrong:3231 actu_right: 43557 actu_wrong: 3243
2026-07-25 22:27:07,408 P2152433 INFO pr:0.9257  rc:0.9118  auc:0.9838 ap:0.9704 f1: 0.9187 pred_right: 17894 pred_wrong:1306 actu_right: 17874 actu_wrong: 1326
2026-07-25 22:27:07,408 P2152433 INFO ----------------------------------------------------------------------------------------------------
2026-07-25 22:27:07,408 P2152433 INFO 130/300 starting... lr: 0.0009000000000000001 para:0.01
2026-07-25 22:27:08,591 P2152433 INFO Epoch 130/300, all_loss:0.23428 cls_loss:0.23141 rec_loss:0.51796 [1.18s]; best loss:0.18949, patience : 4
2026-07-25 22:27:09,064 P2152433 INFO pr:0.9542  rc:0.9571  auc:0.9920 ap:0.9864 f1: 0.9557 pred_right: 43547 pred_wrong:3253 actu_right: 43557 actu_wrong: 3243
2026-07-25 22:27:09,300 P2152433 INFO pr:0.9234  rc:0.9087  auc:0.9852 ap:0.9719 f1: 0.9160 pred_right: 17895 pred_wrong:1305 actu_right: 17874 actu_wrong: 1326
2026-07-25 22:27:09,300 P2152433 INFO ----------------------------------------------------------------------------------------------------
2026-07-25 22:27:09,301 P2152433 INFO 131/300 starting... lr: 0.0009000000000000001 para:0.01
2026-07-25 22:27:10,520 P2152433 INFO Epoch 131/300, all_loss:0.28885 cls_loss:0.28654 rec_loss:0.51695 [1.22s]; best loss:0.18949, patience : 5
2026-07-25 22:27:10,969 P2152433 INFO pr:0.9503  rc:0.9515  auc:0.9923 ap:0.9876 f1: 0.9509 pred_right: 43558 pred_wrong:3242 actu_right: 43562 actu_wrong: 3238
2026-07-25 22:27:11,157 P2152433 INFO pr:0.9214  rc:0.9103  auc:0.9847 ap:0.9687 f1: 0.9158 pred_right: 17890 pred_wrong:1310 actu_right: 17874 actu_wrong: 1326
2026-07-25 22:27:11,157 P2152433 INFO ----------------------------------------------------------------------------------------------------
2026-07-25 22:27:11,158 P2152433 INFO 132/300 starting... lr: 0.0009000000000000001 para:0.01
2026-07-25 22:27:12,541 P2152433 INFO Epoch 132/300, all_loss:0.33352 cls_loss:0.33164 rec_loss:0.51976 [1.38s]; best loss:0.18949, patience : 6
2026-07-25 22:27:13,180 P2152433 INFO pr:0.9793  rc:0.9225  auc:0.9925 ap:0.9894 f1: 0.9500 pred_right: 43751 pred_wrong:3049 actu_right: 43563 actu_wrong: 3237
2026-07-25 22:27:13,389 P2152433 INFO pr:0.9521  rc:0.8695  auc:0.9847 ap:0.9738 f1: 0.9089 pred_right: 17989 pred_wrong:1211 actu_right: 17874 actu_wrong: 1326
2026-07-25 22:27:13,390 P2152433 INFO ----------------------------------------------------------------------------------------------------
2026-07-25 22:27:13,390 P2152433 INFO 133/300 starting... lr: 0.0009000000000000001 para:0.01
2026-07-25 22:27:14,631 P2152433 INFO Epoch 133/300, all_loss:0.24749 cls_loss:0.24493 rec_loss:0.50139 [1.24s]; best loss:0.18949, patience : 6
2026-07-25 22:27:15,154 P2152433 INFO pr:0.9685  rc:0.9491  auc:0.9920 ap:0.9866 f1: 0.9587 pred_right: 43622 pred_wrong:3178 actu_right: 43557 actu_wrong: 3243
2026-07-25 22:27:15,379 P2152433 INFO pr:0.9307  rc:0.9020  auc:0.9859 ap:0.9721 f1: 0.9161 pred_right: 17915 pred_wrong:1285 actu_right: 17874 actu_wrong: 1326
2026-07-25 22:27:15,380 P2152433 INFO ----------------------------------------------------------------------------------------------------
2026-07-25 22:27:15,380 P2152433 INFO 134/300 starting... lr: 0.0009000000000000001 para:0.01
2026-07-25 22:27:16,723 P2152433 INFO Epoch 134/300, all_loss:0.21117 cls_loss:0.20832 rec_loss:0.49358 [1.34s]; best loss:0.18949, patience : 6
2026-07-25 22:27:17,355 P2152433 INFO pr:0.9475  rc:0.9525  auc:0.9922 ap:0.9878 f1: 0.9500 pred_right: 43540 pred_wrong:3260 actu_right: 43557 actu_wrong: 3243
2026-07-25 22:27:17,558 P2152433 INFO pr:0.9125  rc:0.9118  auc:0.9862 ap:0.9742 f1: 0.9121 pred_right: 17875 pred_wrong:1325 actu_right: 17874 actu_wrong: 1326
2026-07-25 22:27:17,558 P2152433 INFO ----------------------------------------------------------------------------------------------------
2026-07-25 22:27:17,558 P2152433 INFO 135/300 starting... lr: 0.0009000000000000001 para:0.01
2026-07-25 22:27:18,741 P2152433 INFO Epoch 135/300, all_loss:0.22306 cls_loss:0.22027 rec_loss:0.49982 [1.18s]; best loss:0.18949, patience : 7
2026-07-25 22:27:19,243 P2152433 INFO pr:0.9294  rc:0.9701  auc:0.9938 ap:0.9845 f1: 0.9493 pred_right: 43415 pred_wrong:3385 actu_right: 43557 actu_wrong: 3243
2026-07-25 22:27:19,430 P2152433 INFO pr:0.8827  rc:0.9419  auc:0.9854 ap:0.9671 f1: 0.9113 pred_right: 17785 pred_wrong:1415 actu_right: 17874 actu_wrong: 1326
2026-07-25 22:27:19,430 P2152433 INFO ----------------------------------------------------------------------------------------------------
2026-07-25 22:27:19,430 P2152433 INFO 136/300 starting... lr: 0.0009000000000000001 para:0.01
2026-07-25 22:27:20,728 P2152433 INFO Epoch 136/300, all_loss:0.32593 cls_loss:0.32400 rec_loss:0.51771 [1.30s]; best loss:0.18949, patience : 8
2026-07-25 22:27:21,257 P2152433 INFO pr:0.9570  rc:0.9540  auc:0.9934 ap:0.9883 f1: 0.9555 pred_right: 43571 pred_wrong:3229 actu_right: 43561 actu_wrong: 3239
2026-07-25 22:27:21,481 P2152433 INFO pr:0.9228  rc:0.9193  auc:0.9872 ap:0.9705 f1: 0.9210 pred_right: 17879 pred_wrong:1321 actu_right: 17874 actu_wrong: 1326
2026-07-25 22:27:21,481 P2152433 INFO ----------------------------------------------------------------------------------------------------
2026-07-25 22:27:21,482 P2152433 INFO 137/300 starting... lr: 0.0009000000000000001 para:0.01
2026-07-25 22:27:22,829 P2152433 INFO Epoch 137/300, all_loss:0.33828 cls_loss:0.33698 rec_loss:0.46733 [1.35s]; best loss:0.18949, patience : 9
2026-07-25 22:27:23,297 P2152433 INFO pr:0.9616  rc:0.9414  auc:0.9922 ap:0.9873 f1: 0.9514 pred_right: 43627 pred_wrong:3173 actu_right: 43559 actu_wrong: 3241
2026-07-25 22:27:23,492 P2152433 INFO pr:0.9303  rc:0.9057  auc:0.9861 ap:0.9735 f1: 0.9178 pred_right: 17909 pred_wrong:1291 actu_right: 17874 actu_wrong: 1326
2026-07-25 22:27:23,492 P2152433 INFO ----------------------------------------------------------------------------------------------------
2026-07-25 22:27:23,492 P2152433 INFO 138/300 starting... lr: 0.0009000000000000001 para:0.01
2026-07-25 22:27:24,918 P2152433 INFO Epoch 138/300, all_loss:0.30805 cls_loss:0.30644 rec_loss:0.46739 [1.42s]; best loss:0.18949, patience : 9
2026-07-25 22:27:25,567 P2152433 INFO pr:0.9734  rc:0.9241  auc:0.9924 ap:0.9887 f1: 0.9481 pred_right: 43723 pred_wrong:3077 actu_right: 43559 actu_wrong: 3241
2026-07-25 22:27:25,764 P2152433 INFO pr:0.9414  rc:0.8846  auc:0.9850 ap:0.9752 f1: 0.9121 pred_right: 17954 pred_wrong:1246 actu_right: 17874 actu_wrong: 1326
2026-07-25 22:27:25,765 P2152433 INFO ----------------------------------------------------------------------------------------------------
2026-07-25 22:27:25,765 P2152433 INFO 139/300 starting... lr: 0.0009000000000000001 para:0.01
2026-07-25 22:27:26,965 P2152433 INFO Epoch 139/300, all_loss:0.22531 cls_loss:0.22265 rec_loss:0.48841 [1.20s]; best loss:0.18949, patience : 9
2026-07-25 22:27:27,403 P2152433 INFO pr:0.9554  rc:0.9516  auc:0.9925 ap:0.9869 f1: 0.9535 pred_right: 43572 pred_wrong:3228 actu_right: 43559 actu_wrong: 3241
2026-07-25 22:27:27,597 P2152433 INFO pr:0.9235  rc:0.9110  auc:0.9839 ap:0.9707 f1: 0.9172 pred_right: 17892 pred_wrong:1308 actu_right: 17874 actu_wrong: 1326
2026-07-25 22:27:27,597 P2152433 INFO ----------------------------------------------------------------------------------------------------
2026-07-25 22:27:27,597 P2152433 INFO 140/300 starting... lr: 0.0009000000000000001 para:0.01
2026-07-25 22:27:28,963 P2152433 INFO Epoch 140/300, all_loss:0.18582 cls_loss:0.18270 rec_loss:0.49459 [1.36s]; best loss:0.18582, patience : 0
2026-07-25 22:27:29,478 P2152433 INFO pr:0.9604  rc:0.9565  auc:0.9934 ap:0.9878 f1: 0.9585 pred_right: 43569 pred_wrong:3231 actu_right: 43556 actu_wrong: 3244
2026-07-25 22:27:29,691 P2152433 INFO pr:0.9271  rc:0.9201  auc:0.9859 ap:0.9729 f1: 0.9235 pred_right: 17884 pred_wrong:1316 actu_right: 17874 actu_wrong: 1326
2026-07-25 22:27:29,691 P2152433 INFO ----------------------------------------------------------------------------------------------------
2026-07-25 22:27:29,691 P2152433 INFO 141/300 starting... lr: 0.0009000000000000001 para:0.01
2026-07-25 22:27:31,117 P2152433 INFO Epoch 141/300, all_loss:0.22483 cls_loss:0.22216 rec_loss:0.48896 [1.42s]; best loss:0.18582, patience : 1
2026-07-25 22:27:31,765 P2152433 INFO pr:0.9679  rc:0.9419  auc:0.9922 ap:0.9891 f1: 0.9548 pred_right: 43650 pred_wrong:3150 actu_right: 43563 actu_wrong: 3237
2026-07-25 22:27:31,960 P2152433 INFO pr:0.9425  rc:0.9020  auc:0.9838 ap:0.9734 f1: 0.9218 pred_right: 17931 pred_wrong:1269 actu_right: 17874 actu_wrong: 1326
2026-07-25 22:27:31,960 P2152433 INFO ----------------------------------------------------------------------------------------------------
2026-07-25 22:27:31,960 P2152433 INFO 142/300 starting... lr: 0.0009000000000000001 para:0.01
2026-07-25 22:27:33,139 P2152433 INFO Epoch 142/300, all_loss:0.22051 cls_loss:0.21782 rec_loss:0.48641 [1.18s]; best loss:0.18582, patience : 1
2026-07-25 22:27:33,590 P2152433 INFO pr:0.9444  rc:0.9633  auc:0.9934 ap:0.9881 f1: 0.9537 pred_right: 43492 pred_wrong:3308 actu_right: 43557 actu_wrong: 3243
2026-07-25 22:27:33,791 P2152433 INFO pr:0.9084  rc:0.9276  auc:0.9859 ap:0.9724 f1: 0.9179 pred_right: 17846 pred_wrong:1354 actu_right: 17874 actu_wrong: 1326
2026-07-25 22:27:33,792 P2152433 INFO ----------------------------------------------------------------------------------------------------
2026-07-25 22:27:33,792 P2152433 INFO 143/300 starting... lr: 0.0009000000000000001 para:0.01
2026-07-25 22:27:35,054 P2152433 INFO Epoch 143/300, all_loss:0.15950 cls_loss:0.15609 rec_loss:0.49713 [1.26s]; best loss:0.15950, patience : 0
2026-07-25 22:27:35,498 P2152433 INFO pr:0.9521  rc:0.9568  auc:0.9931 ap:0.9883 f1: 0.9544 pred_right: 43546 pred_wrong:3254 actu_right: 43562 actu_wrong: 3238
2026-07-25 22:27:35,708 P2152433 INFO pr:0.9152  rc:0.9276  auc:0.9848 ap:0.9706 f1: 0.9213 pred_right: 17856 pred_wrong:1344 actu_right: 17874 actu_wrong: 1326
2026-07-25 22:27:35,708 P2152433 INFO ----------------------------------------------------------------------------------------------------
2026-07-25 22:27:35,709 P2152433 INFO 144/300 starting... lr: 0.0009000000000000001 para:0.01
2026-07-25 22:27:37,195 P2152433 INFO Epoch 144/300, all_loss:0.28731 cls_loss:0.28515 rec_loss:0.50067 [1.49s]; best loss:0.15950, patience : 1
2026-07-25 22:27:37,684 P2152433 INFO pr:0.9745  rc:0.9420  auc:0.9921 ap:0.9882 f1: 0.9580 pred_right: 43667 pred_wrong:3133 actu_right: 43559 actu_wrong: 3241
2026-07-25 22:27:37,886 P2152433 INFO pr:0.9487  rc:0.8929  auc:0.9843 ap:0.9719 f1: 0.9200 pred_right: 17952 pred_wrong:1248 actu_right: 17874 actu_wrong: 1326
2026-07-25 22:27:37,886 P2152433 INFO ----------------------------------------------------------------------------------------------------
2026-07-25 22:27:37,886 P2152433 INFO 145/300 starting... lr: 0.0009000000000000001 para:0.01
2026-07-25 22:27:39,211 P2152433 INFO Epoch 145/300, all_loss:0.21599 cls_loss:0.21313 rec_loss:0.49905 [1.32s]; best loss:0.15950, patience : 1
2026-07-25 22:27:39,711 P2152433 INFO pr:0.9631  rc:0.9420  auc:0.9919 ap:0.9884 f1: 0.9524 pred_right: 43631 pred_wrong:3169 actu_right: 43560 actu_wrong: 3240
2026-07-25 22:27:39,918 P2152433 INFO pr:0.9313  rc:0.8997  auc:0.9852 ap:0.9734 f1: 0.9152 pred_right: 17919 pred_wrong:1281 actu_right: 17874 actu_wrong: 1326
2026-07-25 22:27:39,918 P2152433 INFO ----------------------------------------------------------------------------------------------------
2026-07-25 22:27:39,918 P2152433 INFO 146/300 starting... lr: 0.0009000000000000001 para:0.01
2026-07-25 22:27:41,238 P2152433 INFO Epoch 146/300, all_loss:0.27061 cls_loss:0.26847 rec_loss:0.48182 [1.32s]; best loss:0.15950, patience : 2
2026-07-25 22:27:41,691 P2152433 INFO pr:0.9676  rc:0.9482  auc:0.9916 ap:0.9879 f1: 0.9578 pred_right: 43623 pred_wrong:3177 actu_right: 43558 actu_wrong: 3242
2026-07-25 22:27:41,875 P2152433 INFO pr:0.9409  rc:0.9005  auc:0.9866 ap:0.9769 f1: 0.9202 pred_right: 17931 pred_wrong:1269 actu_right: 17874 actu_wrong: 1326
2026-07-25 22:27:41,875 P2152433 INFO ----------------------------------------------------------------------------------------------------
2026-07-25 22:27:41,875 P2152433 INFO 147/300 starting... lr: 0.0009000000000000001 para:0.01
2026-07-25 22:27:43,410 P2152433 INFO Epoch 147/300, all_loss:0.18367 cls_loss:0.18076 rec_loss:0.47139 [1.53s]; best loss:0.15950, patience : 2
2026-07-25 22:27:44,031 P2152433 INFO pr:0.9521  rc:0.9565  auc:0.9932 ap:0.9857 f1: 0.9543 pred_right: 43544 pred_wrong:3256 actu_right: 43559 actu_wrong: 3241
2026-07-25 22:27:44,216 P2152433 INFO pr:0.9051  rc:0.9276  auc:0.9875 ap:0.9679 f1: 0.9162 pred_right: 17841 pred_wrong:1359 actu_right: 17874 actu_wrong: 1326
2026-07-25 22:27:44,217 P2152433 INFO ----------------------------------------------------------------------------------------------------
2026-07-25 22:27:44,217 P2152433 INFO 148/300 starting... lr: 0.0009000000000000001 para:0.01
2026-07-25 22:27:46,909 P2152433 INFO Epoch 148/300, all_loss:0.26541 cls_loss:0.26329 rec_loss:0.47571 [2.69s]; best loss:0.15950, patience : 3
2026-07-25 22:27:47,272 P2152433 INFO pr:0.9341  rc:0.9679  auc:0.9942 ap:0.9862 f1: 0.9507 pred_right: 43445 pred_wrong:3355 actu_right: 43562 actu_wrong: 3238
2026-07-25 22:27:47,431 P2152433 INFO pr:0.8918  rc:0.9389  auc:0.9880 ap:0.9707 f1: 0.9148 pred_right: 17804 pred_wrong:1396 actu_right: 17874 actu_wrong: 1326
2026-07-25 22:27:47,432 P2152433 INFO ----------------------------------------------------------------------------------------------------
2026-07-25 22:27:47,432 P2152433 INFO 149/300 starting... lr: 0.0009000000000000001 para:0.01
2026-07-25 22:27:48,329 P2152433 INFO Epoch 149/300, all_loss:0.26358 cls_loss:0.26172 rec_loss:0.44858 [0.90s]; best loss:0.15950, patience : 3
2026-07-25 22:27:48,697 P2152433 INFO pr:0.9515  rc:0.9565  auc:0.9936 ap:0.9879 f1: 0.9540 pred_right: 43543 pred_wrong:3257 actu_right: 43560 actu_wrong: 3240
2026-07-25 22:27:48,856 P2152433 INFO pr:0.9160  rc:0.9299  auc:0.9884 ap:0.9770 f1: 0.9229 pred_right: 17854 pred_wrong:1346 actu_right: 17874 actu_wrong: 1326
2026-07-25 22:27:48,856 P2152433 INFO ----------------------------------------------------------------------------------------------------
2026-07-25 22:27:48,856 P2152433 INFO 150/300 starting... lr: 0.0009000000000000001 para:0.01
2026-07-25 22:27:49,801 P2152433 INFO Epoch 150/300, all_loss:0.43973 cls_loss:0.43955 rec_loss:0.45719 [0.94s]; best loss:0.15950, patience : 4
2026-07-25 22:27:50,168 P2152433 INFO pr:0.9371  rc:0.9568  auc:0.9935 ap:0.9890 f1: 0.9469 pred_right: 43491 pred_wrong:3309 actu_right: 43559 actu_wrong: 3241
2026-07-25 22:27:50,325 P2152433 INFO pr:0.9093  rc:0.9299  auc:0.9868 ap:0.9753 f1: 0.9195 pred_right: 17844 pred_wrong:1356 actu_right: 17874 actu_wrong: 1326
2026-07-25 22:27:50,326 P2152433 INFO ----------------------------------------------------------------------------------------------------
2026-07-25 22:27:50,326 P2152433 INFO 151/300 starting... lr: 0.0009000000000000001 para:0.01
2026-07-25 22:27:51,310 P2152433 INFO Epoch 151/300, all_loss:0.23791 cls_loss:0.23591 rec_loss:0.43643 [0.98s]; best loss:0.15950, patience : 4
2026-07-25 22:27:51,691 P2152433 INFO pr:0.9604  rc:0.9515  auc:0.9920 ap:0.9855 f1: 0.9560 pred_right: 43590 pred_wrong:3210 actu_right: 43560 actu_wrong: 3240
2026-07-25 22:27:51,858 P2152433 INFO pr:0.9295  rc:0.9042  auc:0.9835 ap:0.9714 f1: 0.9167 pred_right: 17910 pred_wrong:1290 actu_right: 17874 actu_wrong: 1326
2026-07-25 22:27:51,859 P2152433 INFO ----------------------------------------------------------------------------------------------------
2026-07-25 22:27:51,859 P2152433 INFO 152/300 starting... lr: 0.0009000000000000001 para:0.01
2026-07-25 22:27:52,949 P2152433 INFO Epoch 152/300, all_loss:0.19647 cls_loss:0.19404 rec_loss:0.43711 [1.09s]; best loss:0.15950, patience : 4
2026-07-25 22:27:53,455 P2152433 INFO pr:0.9707  rc:0.9398  auc:0.9905 ap:0.9866 f1: 0.9550 pred_right: 43664 pred_wrong:3136 actu_right: 43561 actu_wrong: 3239
2026-07-25 22:27:53,664 P2152433 INFO pr:0.9471  rc:0.8906  auc:0.9820 ap:0.9729 f1: 0.9180 pred_right: 17953 pred_wrong:1247 actu_right: 17874 actu_wrong: 1326
2026-07-25 22:27:53,664 P2152433 INFO ----------------------------------------------------------------------------------------------------
2026-07-25 22:27:53,665 P2152433 INFO 153/300 starting... lr: 0.0009000000000000001 para:0.01
2026-07-25 22:27:54,865 P2152433 INFO Epoch 153/300, all_loss:0.17918 cls_loss:0.17644 rec_loss:0.45087 [1.20s]; best loss:0.15950, patience : 4
2026-07-25 22:27:55,358 P2152433 INFO pr:0.9750  rc:0.9389  auc:0.9910 ap:0.9884 f1: 0.9566 pred_right: 43680 pred_wrong:3120 actu_right: 43560 actu_wrong: 3240
2026-07-25 22:27:55,580 P2152433 INFO pr:0.9516  rc:0.8891  auc:0.9805 ap:0.9729 f1: 0.9193 pred_right: 17961 pred_wrong:1239 actu_right: 17874 actu_wrong: 1326
2026-07-25 22:27:55,581 P2152433 INFO ----------------------------------------------------------------------------------------------------
2026-07-25 22:27:55,581 P2152433 INFO 154/300 starting... lr: 0.0009000000000000001 para:0.01
2026-07-25 22:27:56,776 P2152433 INFO Epoch 154/300, all_loss:0.22030 cls_loss:0.21799 rec_loss:0.44876 [1.19s]; best loss:0.15950, patience : 5
2026-07-25 22:27:57,244 P2152433 INFO pr:0.9506  rc:0.9611  auc:0.9933 ap:0.9860 f1: 0.9558 pred_right: 43521 pred_wrong:3279 actu_right: 43557 actu_wrong: 3243
2026-07-25 22:27:57,434 P2152433 INFO pr:0.9100  rc:0.9231  auc:0.9871 ap:0.9725 f1: 0.9165 pred_right: 17855 pred_wrong:1345 actu_right: 17874 actu_wrong: 1326
2026-07-25 22:27:57,434 P2152433 INFO ----------------------------------------------------------------------------------------------------
2026-07-25 22:27:57,434 P2152433 INFO 155/300 starting... lr: 0.0009000000000000001 para:0.01
2026-07-25 22:27:58,545 P2152433 INFO Epoch 155/300, all_loss:0.24321 cls_loss:0.24136 rec_loss:0.42655 [1.11s]; best loss:0.15950, patience : 6
2026-07-25 22:27:59,000 P2152433 INFO pr:0.9675  rc:0.9469  auc:0.9915 ap:0.9859 f1: 0.9571 pred_right: 43628 pred_wrong:3172 actu_right: 43559 actu_wrong: 3241
2026-07-25 22:27:59,182 P2152433 INFO pr:0.9366  rc:0.9020  auc:0.9829 ap:0.9706 f1: 0.9189 pred_right: 17923 pred_wrong:1277 actu_right: 17874 actu_wrong: 1326
2026-07-25 22:27:59,182 P2152433 INFO ----------------------------------------------------------------------------------------------------
2026-07-25 22:27:59,182 P2152433 INFO 156/300 starting... lr: 0.0009000000000000001 para:0.01
2026-07-25 22:28:00,454 P2152433 INFO Epoch 156/300, all_loss:0.27632 cls_loss:0.27480 rec_loss:0.42693 [1.27s]; best loss:0.15950, patience : 7
2026-07-25 22:28:01,166 P2152433 INFO pr:0.9579  rc:0.9605  auc:0.9928 ap:0.9876 f1: 0.9592 pred_right: 43549 pred_wrong:3251 actu_right: 43558 actu_wrong: 3242
2026-07-25 22:28:01,526 P2152433 INFO pr:0.9182  rc:0.9231  auc:0.9863 ap:0.9748 f1: 0.9206 pred_right: 17867 pred_wrong:1333 actu_right: 17874 actu_wrong: 1326
2026-07-25 22:28:01,526 P2152433 INFO ----------------------------------------------------------------------------------------------------
2026-07-25 22:28:01,526 P2152433 INFO 157/300 starting... lr: 0.0009000000000000001 para:0.01
2026-07-25 22:28:03,997 P2152433 INFO Epoch 157/300, all_loss:0.24877 cls_loss:0.24708 rec_loss:0.41547 [2.47s]; best loss:0.15950, patience : 7
2026-07-25 22:28:05,171 P2152433 INFO pr:0.9589  rc:0.9648  auc:0.9935 ap:0.9870 f1: 0.9618 pred_right: 43542 pred_wrong:3258 actu_right: 43562 actu_wrong: 3238
2026-07-25 22:28:05,535 P2152433 INFO pr:0.9214  rc:0.9284  auc:0.9885 ap:0.9773 f1: 0.9249 pred_right: 17864 pred_wrong:1336 actu_right: 17874 actu_wrong: 1326
2026-07-25 22:28:05,543 P2152433 INFO ----------------------------------------------------------------------------------------------------
2026-07-25 22:28:05,544 P2152433 INFO 158/300 starting... lr: 0.0009000000000000001 para:0.01
2026-07-25 22:28:07,937 P2152433 INFO Epoch 158/300, all_loss:0.18482 cls_loss:0.18225 rec_loss:0.43958 [2.39s]; best loss:0.15950, patience : 7
2026-07-25 22:28:09,692 P2152433 INFO pr:0.9769  rc:0.9272  auc:0.9906 ap:0.9888 f1: 0.9514 pred_right: 43722 pred_wrong:3078 actu_right: 43557 actu_wrong: 3243
2026-07-25 22:28:10,168 P2152433 INFO pr:0.9466  rc:0.8816  auc:0.9829 ap:0.9755 f1: 0.9129 pred_right: 17965 pred_wrong:1235 actu_right: 17874 actu_wrong: 1326
2026-07-25 22:28:10,169 P2152433 INFO ----------------------------------------------------------------------------------------------------
2026-07-25 22:28:10,169 P2152433 INFO 159/300 starting... lr: 0.0009000000000000001 para:0.01
2026-07-25 22:28:13,344 P2152433 INFO Epoch 159/300, all_loss:0.17712 cls_loss:0.17441 rec_loss:0.44612 [3.17s]; best loss:0.15950, patience : 7
2026-07-25 22:28:14,765 P2152433 INFO pr:0.9711  rc:0.9448  auc:0.9928 ap:0.9887 f1: 0.9578 pred_right: 43648 pred_wrong:3152 actu_right: 43560 actu_wrong: 3240
2026-07-25 22:28:15,322 P2152433 INFO pr:0.9330  rc:0.9035  auc:0.9861 ap:0.9732 f1: 0.9180 pred_right: 17916 pred_wrong:1284 actu_right: 17874 actu_wrong: 1326
2026-07-25 22:28:15,323 P2152433 INFO ----------------------------------------------------------------------------------------------------
2026-07-25 22:28:15,324 P2152433 INFO 160/300 starting... lr: 0.0009000000000000001 para:0.01
2026-07-25 22:28:17,101 P2152433 INFO Epoch 160/300, all_loss:0.25149 cls_loss:0.24957 rec_loss:0.44119 [1.78s]; best loss:0.15950, patience : 8
2026-07-25 22:28:17,820 P2152433 INFO pr:0.9519  rc:0.9516  auc:0.9913 ap:0.9875 f1: 0.9517 pred_right: 43558 pred_wrong:3242 actu_right: 43557 actu_wrong: 3243
2026-07-25 22:28:18,101 P2152433 INFO pr:0.9281  rc:0.9155  auc:0.9844 ap:0.9762 f1: 0.9218 pred_right: 17892 pred_wrong:1308 actu_right: 17874 actu_wrong: 1326
2026-07-25 22:28:18,102 P2152433 INFO ----------------------------------------------------------------------------------------------------
2026-07-25 22:28:18,102 P2152433 INFO 161/300 starting... lr: 0.0009000000000000001 para:0.01
2026-07-25 22:28:19,456 P2152433 INFO Epoch 161/300, all_loss:0.16090 cls_loss:0.15803 rec_loss:0.44498 [1.35s]; best loss:0.15950, patience : 8
2026-07-25 22:28:20,019 P2152433 INFO pr:0.9397  rc:0.9559  auc:0.9920 ap:0.9850 f1: 0.9477 pred_right: 43501 pred_wrong:3299 actu_right: 43557 actu_wrong: 3243
2026-07-25 22:28:20,237 P2152433 INFO pr:0.9108  rc:0.9163  auc:0.9838 ap:0.9704 f1: 0.9135 pred_right: 17866 pred_wrong:1334 actu_right: 17874 actu_wrong: 1326
2026-07-25 22:28:20,238 P2152433 INFO ----------------------------------------------------------------------------------------------------
2026-07-25 22:28:20,238 P2152433 INFO 162/300 starting... lr: 0.0009000000000000001 para:0.01
2026-07-25 22:28:21,548 P2152433 INFO Epoch 162/300, all_loss:0.28256 cls_loss:0.28079 rec_loss:0.45828 [1.31s]; best loss:0.15950, patience : 9
2026-07-25 22:28:22,073 P2152433 INFO pr:0.9593  rc:0.9522  auc:0.9928 ap:0.9872 f1: 0.9557 pred_right: 43581 pred_wrong:3219 actu_right: 43557 actu_wrong: 3243
2026-07-25 22:28:22,291 P2152433 INFO pr:0.9257  rc:0.9208  auc:0.9854 ap:0.9704 f1: 0.9233 pred_right: 17881 pred_wrong:1319 actu_right: 17874 actu_wrong: 1326
2026-07-25 22:28:22,291 P2152433 INFO ----------------------------------------------------------------------------------------------------
2026-07-25 22:28:22,291 P2152433 INFO 163/300 starting... lr: 0.0009000000000000001 para:0.01
2026-07-25 22:28:23,639 P2152433 INFO Epoch 163/300, all_loss:0.38443 cls_loss:0.38368 rec_loss:0.45826 [1.35s]; best loss:0.15950, patience : 10
2026-07-25 22:28:24,239 P2152433 INFO pr:0.9332  rc:0.9698  auc:0.9942 ap:0.9878 f1: 0.9511 pred_right: 43433 pred_wrong:3367 actu_right: 43560 actu_wrong: 3240
2026-07-25 22:28:24,482 P2152433 INFO pr:0.8894  rc:0.9457  auc:0.9884 ap:0.9740 f1: 0.9167 pred_right: 17790 pred_wrong:1410 actu_right: 17874 actu_wrong: 1326
2026-07-25 22:28:24,482 P2152433 INFO ----------------------------------------------------------------------------------------------------
2026-07-25 22:28:24,483 P2152433 INFO 164/300 starting... lr: 0.0009000000000000001 para:0.01
2026-07-25 22:28:25,837 P2152433 INFO Epoch 164/300, all_loss:0.31476 cls_loss:0.31355 rec_loss:0.43462 [1.35s]; best loss:0.15950, patience : 10
2026-07-25 22:28:26,282 P2152433 INFO pr:0.9545  rc:0.9580  auc:0.9932 ap:0.9886 f1: 0.9563 pred_right: 43547 pred_wrong:3253 actu_right: 43559 actu_wrong: 3241
2026-07-25 22:28:26,470 P2152433 INFO pr:0.9278  rc:0.9306  auc:0.9871 ap:0.9755 f1: 0.9292 pred_right: 17870 pred_wrong:1330 actu_right: 17874 actu_wrong: 1326
2026-07-25 22:28:26,471 P2152433 INFO ----------------------------------------------------------------------------------------------------
2026-07-25 22:28:26,471 P2152433 INFO 165/300 starting... lr: 0.0009000000000000001 para:0.01
2026-07-25 22:28:27,699 P2152433 INFO Epoch 165/300, all_loss:0.19358 cls_loss:0.19111 rec_loss:0.43843 [1.23s]; best loss:0.15950, patience : 10
2026-07-25 22:28:28,130 P2152433 INFO pr:0.9558  rc:0.9599  auc:0.9929 ap:0.9883 f1: 0.9578 pred_right: 43543 pred_wrong:3257 actu_right: 43557 actu_wrong: 3243
2026-07-25 22:28:28,325 P2152433 INFO pr:0.9192  rc:0.9351  auc:0.9868 ap:0.9767 f1: 0.9271 pred_right: 17851 pred_wrong:1349 actu_right: 17874 actu_wrong: 1326
2026-07-25 22:28:28,325 P2152433 INFO ----------------------------------------------------------------------------------------------------
2026-07-25 22:28:28,326 P2152433 INFO 166/300 starting... lr: 0.0009000000000000001 para:0.01
2026-07-25 22:28:29,566 P2152433 INFO Epoch 166/300, all_loss:0.22753 cls_loss:0.22523 rec_loss:0.45569 [1.24s]; best loss:0.15950, patience : 11
2026-07-25 22:28:30,008 P2152433 INFO pr:0.9445  rc:0.9611  auc:0.9932 ap:0.9875 f1: 0.9527 pred_right: 43505 pred_wrong:3295 actu_right: 43562 actu_wrong: 3238
2026-07-25 22:28:30,207 P2152433 INFO pr:0.9173  rc:0.9284  auc:0.9869 ap:0.9753 f1: 0.9228 pred_right: 17858 pred_wrong:1342 actu_right: 17874 actu_wrong: 1326
2026-07-25 22:28:30,207 P2152433 INFO ----------------------------------------------------------------------------------------------------
2026-07-25 22:28:30,208 P2152433 INFO 167/300 starting... lr: 0.0009000000000000001 para:0.01
2026-07-25 22:28:31,393 P2152433 INFO Epoch 167/300, all_loss:0.27991 cls_loss:0.27823 rec_loss:0.44610 [1.18s]; best loss:0.15950, patience : 12
2026-07-25 22:28:31,830 P2152433 INFO pr:0.9704  rc:0.9293  auc:0.9924 ap:0.9874 f1: 0.9494 pred_right: 43697 pred_wrong:3103 actu_right: 43560 actu_wrong: 3240
2026-07-25 22:28:32,016 P2152433 INFO pr:0.9393  rc:0.8989  auc:0.9848 ap:0.9724 f1: 0.9187 pred_right: 17931 pred_wrong:1269 actu_right: 17874 actu_wrong: 1326
2026-07-25 22:28:32,017 P2152433 INFO ----------------------------------------------------------------------------------------------------
2026-07-25 22:28:32,024 P2152433 INFO 168/300 starting... lr: 0.0009000000000000001 para:0.01
2026-07-25 22:28:33,233 P2152433 INFO Epoch 168/300, all_loss:0.20269 cls_loss:0.20044 rec_loss:0.42592 [1.21s]; best loss:0.15950, patience : 12
2026-07-25 22:28:33,869 P2152433 INFO pr:0.9581  rc:0.9593  auc:0.9936 ap:0.9890 f1: 0.9587 pred_right: 43554 pred_wrong:3246 actu_right: 43558 actu_wrong: 3242
2026-07-25 22:28:34,072 P2152433 INFO pr:0.9195  rc:0.9299  auc:0.9887 ap:0.9776 f1: 0.9246 pred_right: 17859 pred_wrong:1341 actu_right: 17874 actu_wrong: 1326
2026-07-25 22:28:34,072 P2152433 INFO ----------------------------------------------------------------------------------------------------
2026-07-25 22:28:34,072 P2152433 INFO 169/300 starting... lr: 0.0009000000000000001 para:0.01
2026-07-25 22:28:35,434 P2152433 INFO Epoch 169/300, all_loss:0.16769 cls_loss:0.16505 rec_loss:0.42886 [1.36s]; best loss:0.15950, patience : 12
2026-07-25 22:28:35,897 P2152433 INFO pr:0.9658  rc:0.9512  auc:0.9922 ap:0.9890 f1: 0.9585 pred_right: 43611 pred_wrong:3189 actu_right: 43562 actu_wrong: 3238
2026-07-25 22:28:36,079 P2152433 INFO pr:0.9366  rc:0.9133  auc:0.9856 ap:0.9743 f1: 0.9248 pred_right: 17907 pred_wrong:1293 actu_right: 17874 actu_wrong: 1326
2026-07-25 22:28:36,079 P2152433 INFO ----------------------------------------------------------------------------------------------------
2026-07-25 22:28:36,079 P2152433 INFO 170/300 starting... lr: 0.0009000000000000001 para:0.01
2026-07-25 22:28:37,193 P2152433 INFO Epoch 170/300, all_loss:0.19368 cls_loss:0.19132 rec_loss:0.42755 [1.11s]; best loss:0.15950, patience : 13
2026-07-25 22:28:37,640 P2152433 INFO pr:0.9621  rc:0.9559  auc:0.9917 ap:0.9874 f1: 0.9590 pred_right: 43581 pred_wrong:3219 actu_right: 43560 actu_wrong: 3240
2026-07-25 22:28:37,835 P2152433 INFO pr:0.9311  rc:0.9268  auc:0.9838 ap:0.9769 f1: 0.9289 pred_right: 17880 pred_wrong:1320 actu_right: 17874 actu_wrong: 1326
2026-07-25 22:28:37,835 P2152433 INFO ----------------------------------------------------------------------------------------------------
2026-07-25 22:28:37,835 P2152433 INFO 171/300 starting... lr: 0.0009000000000000001 para:0.01
2026-07-25 22:28:39,267 P2152433 INFO Epoch 171/300, all_loss:0.23379 cls_loss:0.23176 rec_loss:0.43469 [1.43s]; best loss:0.15950, patience : 14
2026-07-25 22:28:39,909 P2152433 INFO pr:0.9761  rc:0.9457  auc:0.9921 ap:0.9895 f1: 0.9607 pred_right: 43660 pred_wrong:3140 actu_right: 43559 actu_wrong: 3241
2026-07-25 22:28:40,099 P2152433 INFO pr:0.9534  rc:0.9110  auc:0.9838 ap:0.9775 f1: 0.9317 pred_right: 17933 pred_wrong:1267 actu_right: 17874 actu_wrong: 1326
2026-07-25 22:28:40,099 P2152433 INFO ----------------------------------------------------------------------------------------------------
2026-07-25 22:28:40,099 P2152433 INFO 172/300 starting... lr: 0.0009000000000000001 para:0.01
2026-07-25 22:28:41,420 P2152433 INFO Early stop at epoch: 172
2026-07-25 22:28:41,420 P2152433 INFO saving model...
2026-07-25 22:28:41,420 P2152433 INFO Eadro - loss  best score:0.1594998687505722 at epoch 143
2026-07-25 22:28:41,436 P2152433 INFO Eadro - f1  best score:0.9618226600985221 at epoch 157
2026-07-25 22:28:41,442 P2152433 INFO Average training time per epoch: 1.45 seconds
2026-07-25 22:28:41,443 P2152433 INFO calculate scores...
2026-07-25 22:28:41,443 P2152433 INFO calculate label with loss...
2026-07-25 22:28:41,443 P2152433 INFO Eadro on ./result/Eadro-SN-Epochs300-Seed2ExpNameRQ1_main-lowshow-simplegraph loading...
2026-07-25 22:28:41,685 P2152433 INFO pr:0.9152  rc:0.9276  auc:0.9848 ap:0.9706 f1: 0.9213 pred_right: 17856 pred_wrong:1344 actu_right: 17874 actu_wrong: 1326
2026-07-25 22:28:42,192 P2152433 INFO pr:0.9152  rc:0.9276  auc:0.9848 ap:0.9706 f1: 0.9213 pred_right: 17856 pred_wrong:1344 actu_right: 17874 actu_wrong: 1326
2026-07-25 22:28:42,192 P2152433 INFO Performance Summary:
{'GPU': {'inference_time_per_sample_ms': 0.11188371537061795, 'throughput_samples_per_sec': 8937.851202808844, 'peak_memory_mb': 50.4130859375, 'energy_per_sample_joules': 0.006409538344294276}, 'CPU': {'inference_time_per_sample_ms': 0.274363402730995, 'throughput_samples_per_sec': 3644.8009830978426, 'peak_memory_mb': 1869.140625, 'energy_per_sample_joules': 0.017833621177514677}}
2026-07-25 22:28:42,192 P2152433 INFO Starting clean-room hardware benchmarking...
2026-07-25 22:28:42,774 P2152433 INFO Performance with loss: pr:0.9152  rc:0.9276  auc:0.9848 ap:0.9706 f1: 0.9213 pred_right: 17856 pred_wrong:1344 actu_right: 17874 actu_wrong: 1326
2026-07-25 22:28:42,775 P2152433 INFO calculate label with f1...
2026-07-25 22:28:42,775 P2152433 INFO Eadro on ./result/Eadro-SN-Epochs300-Seed2ExpNameRQ1_main-lowshow-simplegraph loading...
2026-07-25 22:28:42,994 P2152433 INFO pr:0.9214  rc:0.9284  auc:0.9885 ap:0.9773 f1: 0.9249 pred_right: 17864 pred_wrong:1336 actu_right: 17874 actu_wrong: 1326
2026-07-25 22:28:43,370 P2152433 INFO pr:0.9214  rc:0.9284  auc:0.9885 ap:0.9773 f1: 0.9249 pred_right: 17864 pred_wrong:1336 actu_right: 17874 actu_wrong: 1326
2026-07-25 22:28:43,370 P2152433 INFO Performance Summary:
{'GPU': {'inference_time_per_sample_ms': 0.10178182582662564, 'throughput_samples_per_sec': 9824.936739722003, 'peak_memory_mb': 49.5263671875, 'energy_per_sample_joules': 0.005255250121993248}, 'CPU': {'inference_time_per_sample_ms': 0.19780624784037817, 'throughput_samples_per_sec': 5055.452044199133, 'peak_memory_mb': 1878.9140625, 'energy_per_sample_joules': 0.01285740610962458}}
2026-07-25 22:28:43,370 P2152433 INFO Starting clean-room hardware benchmarking...
2026-07-25 22:28:43,948 P2152433 INFO Performance with f1: pr:0.9214  rc:0.9284  auc:0.9885 ap:0.9773 f1: 0.9249 pred_right: 17864 pred_wrong:1336 actu_right: 17874 actu_wrong: 1326
