2026-07-14 11:46:34,602 P1712943 INFO ---- Model: ----MSTGAD-4a0e056c----random_seed : 2----req_loss_approach : Legendre-style----rec_lambda : 1.0----auxi_lambda : 0.0----Freq Domain : DLinear----Multi Fits : false----train : True----evaluate : False
2026-07-14 11:46:34,602 P1712943 INFO read Tranform data
2026-07-14 11:46:35,883 P1712943 INFO read Graph edge data
2026-07-14 11:46:35,883 P1712943 INFO Fewshot: training with 1.0 of the 70% of the data
2026-07-14 11:46:37,608 P1712943 INFO Trainable Parameters Breakdown:
2026-07-14 11:46:37,608 P1712943 INFO --------------------------------------------------------------------------------
2026-07-14 11:46:37,608 P1712943 INFO Reconstruction-Specific Parameters:
2026-07-14 11:46:37,608 P1712943 INFO linear_attn.Wq.weight                    | shape: (10, 10)                  | params: 100
2026-07-14 11:46:37,608 P1712943 INFO linear_attn.Wk.weight                    | shape: (10, 10)                  | params: 100
2026-07-14 11:46:37,608 P1712943 INFO linear_attn.Wv.weight                    | shape: (10, 10)                  | params: 100
2026-07-14 11:46:37,608 P1712943 INFO linear_attn.out.weight                   | shape: (10, 10)                  | params: 100
2026-07-14 11:46:37,608 P1712943 INFO linear_attn.out.bias                     | shape: (10,)                     | params: 10
2026-07-14 11:46:37,608 P1712943 INFO linear_attn.norm.weight                  | shape: (10,)                     | params: 10
2026-07-14 11:46:37,608 P1712943 INFO linear_attn.norm.bias                    | shape: (10,)                     | params: 10
2026-07-14 11:46:37,608 P1712943 INFO shared_fits.Linear_Seasonal.weight       | shape: (10, 10)                  | params: 100
2026-07-14 11:46:37,608 P1712943 INFO shared_fits.Linear_Seasonal.bias         | shape: (10,)                     | params: 10
2026-07-14 11:46:37,609 P1712943 INFO shared_fits.Linear_Trend.weight          | shape: (10, 10)                  | params: 100
2026-07-14 11:46:37,609 P1712943 INFO shared_fits.Linear_Trend.bias            | shape: (10,)                     | params: 10
2026-07-14 11:46:37,609 P1712943 INFO modality_proj.node.weight                | shape: (10, 4)                   | params: 40
2026-07-14 11:46:37,609 P1712943 INFO modality_proj.node.bias                  | shape: (10,)                     | params: 10
2026-07-14 11:46:37,609 P1712943 INFO modality_proj.log.weight                 | shape: (10, 16)                  | params: 160
2026-07-14 11:46:37,609 P1712943 INFO modality_proj.log.bias                   | shape: (10,)                     | params: 10
2026-07-14 11:46:37,609 P1712943 INFO modality_proj.edge.weight                | shape: (10, 4)                   | params: 40
2026-07-14 11:46:37,609 P1712943 INFO modality_proj.edge.bias                  | shape: (10,)                     | params: 10
2026-07-14 11:46:37,609 P1712943 INFO modality_proj_out.node.weight            | shape: (4, 10)                   | params: 40
2026-07-14 11:46:37,609 P1712943 INFO modality_proj_out.node.bias              | shape: (4,)                      | params: 4
2026-07-14 11:46:37,609 P1712943 INFO modality_proj_out.log.weight             | shape: (16, 10)                  | params: 160
2026-07-14 11:46:37,609 P1712943 INFO modality_proj_out.log.bias               | shape: (16,)                     | params: 16
2026-07-14 11:46:37,609 P1712943 INFO modality_proj_out.edge.weight            | shape: (4, 10)                   | params: 40
2026-07-14 11:46:37,609 P1712943 INFO modality_proj_out.edge.bias              | shape: (4,)                      | params: 4
2026-07-14 11:46:37,609 P1712943 INFO Subtotal: 1,184
2026-07-14 11:46:37,609 P1712943 INFO --------------------------------------------------------------------------------
2026-07-14 11:46:37,609 P1712943 INFO Common Parameters:
2026-07-14 11:46:37,609 P1712943 INFO node_emb.linear.weight                   | shape: (4, 3)                    | params: 12
2026-07-14 11:46:37,609 P1712943 INFO node_emb.linear.bias                     | shape: (4,)                      | params: 4
2026-07-14 11:46:37,609 P1712943 INFO log_emb.linear.weight                    | shape: (16, 256)                 | params: 4,096
2026-07-14 11:46:37,609 P1712943 INFO log_emb.linear.bias                      | shape: (16,)                     | params: 16
2026-07-14 11:46:37,609 P1712943 INFO egde_emb.linear.weight                   | shape: (4, 7)                    | params: 28
2026-07-14 11:46:37,609 P1712943 INFO egde_emb.linear.bias                     | shape: (4,)                      | params: 4
2026-07-14 11:46:37,609 P1712943 INFO dense_node.weight                        | shape: (3, 4)                    | params: 12
2026-07-14 11:46:37,610 P1712943 INFO dense_node.bias                          | shape: (3,)                      | params: 3
2026-07-14 11:46:37,610 P1712943 INFO dense_log.weight                         | shape: (256, 16)                 | params: 4,096
2026-07-14 11:46:37,610 P1712943 INFO dense_log.bias                           | shape: (256,)                    | params: 256
2026-07-14 11:46:37,610 P1712943 INFO dense_edge.weight                        | shape: (7, 4)                    | params: 28
2026-07-14 11:46:37,610 P1712943 INFO dense_edge.bias                          | shape: (7,)                      | params: 7
2026-07-14 11:46:37,610 P1712943 INFO show.0.weight                            | shape: (128, 266)                | params: 34,048
2026-07-14 11:46:37,610 P1712943 INFO show.0.bias                              | shape: (128,)                    | params: 128
2026-07-14 11:46:37,610 P1712943 INFO show.2.weight                            | shape: (2, 128)                  | params: 256
2026-07-14 11:46:37,610 P1712943 INFO show.2.bias                              | shape: (2,)                      | params: 2
2026-07-14 11:46:37,610 P1712943 INFO Subtotal: 42,996
2026-07-14 11:46:37,610 P1712943 INFO --------------------------------------------------------------------------------
2026-07-14 11:46:37,610 P1712943 INFO Total Trainable Parameters: 44,180

2026-07-14 11:46:37,610 P1712943 INFO Trainable Parameters: 44180, reconstruction: 1184, common: 42996
2026-07-14 11:46:37,610 P1712943 INFO model : init weight
2026-07-14 11:46:37,611 P1712943 INFO Using GPU...
2026-07-14 11:46:37,615 P1712943 INFO optimizer : using AdaBelief
2026-07-14 11:46:37,615 P1712943 INFO ----------------------------------------------------------------------------------------------------
2026-07-14 11:46:37,615 P1712943 INFO 0/300 starting... lr: 0.001 para:1.0
2026-07-14 11:46:44,323 P1712943 INFO Epoch 0/300, all_loss:0.15329 cls_loss:89.15022 rec_loss:0.15329 [6.70s]; best loss:0.15329, patience : 0
2026-07-14 11:46:44,323 P1712943 INFO ----------------------------------------------------------------------------------------------------
2026-07-14 11:46:44,330 P1712943 INFO 1/300 starting... lr: 0.001 para:0.5
2026-07-14 11:46:50,408 P1712943 INFO Epoch 1/300, all_loss:4.30365 cls_loss:8.45052 rec_loss:0.15678 [6.07s]; best loss:4.30365, patience : 0
2026-07-14 11:46:50,408 P1712943 INFO ----------------------------------------------------------------------------------------------------
2026-07-14 11:46:50,408 P1712943 INFO 2/300 starting... lr: 0.001 para:0.3333333432674408
2026-07-14 11:46:57,437 P1712943 INFO Epoch 2/300, all_loss:4.96265 cls_loss:7.36063 rec_loss:0.16670 [7.03s]; best loss:4.30365, patience : 1
2026-07-14 11:46:59,166 P1712943 INFO pr:0.8727  rc:0.4848  auc:0.9348 ap:0.8214 f1: 0.6234 pred_right: 38780 pred_wrong:220 actu_right: 38604 actu_wrong: 396
2026-07-14 11:46:59,880 P1712943 INFO pr:0.8393  rc:0.3643  auc:0.9393 ap:0.8105 f1: 0.5081 pred_right: 16444 pred_wrong:56 actu_right: 16371 actu_wrong: 129
2026-07-14 11:46:59,884 P1712943 INFO ----------------------------------------------------------------------------------------------------
2026-07-14 11:46:59,888 P1712943 INFO 3/300 starting... lr: 0.001 para:0.25
2026-07-14 11:47:05,498 P1712943 INFO Epoch 3/300, all_loss:1.34928 cls_loss:1.74210 rec_loss:0.17081 [5.61s]; best loss:1.34928, patience : 0
2026-07-14 11:47:07,439 P1712943 INFO pr:0.8988  rc:0.7380  auc:0.9496 ap:0.9159 f1: 0.8105 pred_right: 38674 pred_wrong:326 actu_right: 38603 actu_wrong: 397
2026-07-14 11:47:08,337 P1712943 INFO pr:0.8704  rc:0.7287  auc:0.9426 ap:0.9048 f1: 0.7932 pred_right: 16392 pred_wrong:108 actu_right: 16371 actu_wrong: 129
2026-07-14 11:47:08,343 P1712943 INFO ----------------------------------------------------------------------------------------------------
2026-07-14 11:47:08,343 P1712943 INFO 4/300 starting... lr: 0.001 para:0.20000000298023224
2026-07-14 11:47:21,719 P1712943 INFO Epoch 4/300, all_loss:0.85518 cls_loss:1.02609 rec_loss:0.17153 [13.37s]; best loss:0.85518, patience : 0
2026-07-14 11:47:24,288 P1712943 INFO pr:0.9294  rc:0.8287  auc:0.9598 ap:0.9415 f1: 0.8762 pred_right: 38646 pred_wrong:354 actu_right: 38603 actu_wrong: 397
2026-07-14 11:47:25,299 P1712943 INFO pr:0.9160  rc:0.8450  auc:0.9737 ap:0.9464 f1: 0.8790 pred_right: 16381 pred_wrong:119 actu_right: 16371 actu_wrong: 129
2026-07-14 11:47:25,304 P1712943 INFO ----------------------------------------------------------------------------------------------------
2026-07-14 11:47:25,304 P1712943 INFO 5/300 starting... lr: 0.001 para:0.1666666716337204
2026-07-14 11:47:31,754 P1712943 INFO Epoch 5/300, all_loss:0.56123 cls_loss:0.63931 rec_loss:0.17082 [6.45s]; best loss:0.56123, patience : 0
2026-07-14 11:47:34,287 P1712943 INFO pr:0.9543  rc:0.7904  auc:0.9788 ap:0.9580 f1: 0.8646 pred_right: 38672 pred_wrong:328 actu_right: 38604 actu_wrong: 396
2026-07-14 11:47:35,407 P1712943 INFO pr:0.9633  rc:0.8140  auc:0.9866 ap:0.9580 f1: 0.8824 pred_right: 16391 pred_wrong:109 actu_right: 16371 actu_wrong: 129
2026-07-14 11:47:35,407 P1712943 INFO ----------------------------------------------------------------------------------------------------
2026-07-14 11:47:35,407 P1712943 INFO 6/300 starting... lr: 0.001 para:0.1428571492433548
2026-07-14 11:47:41,601 P1712943 INFO Epoch 6/300, all_loss:0.49541 cls_loss:0.55040 rec_loss:0.16547 [6.19s]; best loss:0.49541, patience : 0
2026-07-14 11:47:43,826 P1712943 INFO pr:0.9475  rc:0.8662  auc:0.9794 ap:0.9607 f1: 0.9050 pred_right: 38638 pred_wrong:362 actu_right: 38604 actu_wrong: 396
2026-07-14 11:47:44,870 P1712943 INFO pr:0.9268  rc:0.8837  auc:0.9846 ap:0.9690 f1: 0.9048 pred_right: 16377 pred_wrong:123 actu_right: 16371 actu_wrong: 129
2026-07-14 11:47:44,875 P1712943 INFO ----------------------------------------------------------------------------------------------------
2026-07-14 11:47:44,875 P1712943 INFO 7/300 starting... lr: 0.001 para:0.125
2026-07-14 11:47:51,220 P1712943 INFO Epoch 7/300, all_loss:0.80767 cls_loss:0.90072 rec_loss:0.15637 [6.34s]; best loss:0.49541, patience : 1
2026-07-14 11:47:53,249 P1712943 INFO pr:0.9511  rc:0.8816  auc:0.9841 ap:0.9667 f1: 0.9150 pred_right: 38632 pred_wrong:368 actu_right: 38603 actu_wrong: 397
2026-07-14 11:47:54,165 P1712943 INFO pr:0.9508  rc:0.8992  auc:0.9912 ap:0.9736 f1: 0.9243 pred_right: 16378 pred_wrong:122 actu_right: 16371 actu_wrong: 129
2026-07-14 11:47:54,169 P1712943 INFO ----------------------------------------------------------------------------------------------------
2026-07-14 11:47:54,169 P1712943 INFO 8/300 starting... lr: 0.001 para:0.1111111119389534
2026-07-14 11:48:00,597 P1712943 INFO Epoch 8/300, all_loss:0.52014 cls_loss:0.56565 rec_loss:0.15608 [6.43s]; best loss:0.49541, patience : 1
2026-07-14 11:48:02,900 P1712943 INFO pr:0.9089  rc:0.9043  auc:0.9897 ap:0.9460 f1: 0.9066 pred_right: 38605 pred_wrong:395 actu_right: 38603 actu_wrong: 397
2026-07-14 11:48:03,828 P1712943 INFO pr:0.8806  rc:0.9147  auc:0.9937 ap:0.9389 f1: 0.8973 pred_right: 16366 pred_wrong:134 actu_right: 16371 actu_wrong: 129
2026-07-14 11:48:03,828 P1712943 INFO ----------------------------------------------------------------------------------------------------
2026-07-14 11:48:03,828 P1712943 INFO 9/300 starting... lr: 0.001 para:0.10000000149011612
2026-07-14 11:48:10,105 P1712943 INFO Epoch 9/300, all_loss:0.44245 cls_loss:0.47527 rec_loss:0.14702 [6.27s]; best loss:0.44245, patience : 0
2026-07-14 11:48:12,330 P1712943 INFO pr:0.9521  rc:0.9018  auc:0.9838 ap:0.9689 f1: 0.9263 pred_right: 38624 pred_wrong:376 actu_right: 38603 actu_wrong: 397
2026-07-14 11:48:13,365 P1712943 INFO pr:0.9453  rc:0.9380  auc:0.9766 ap:0.9682 f1: 0.9416 pred_right: 16372 pred_wrong:128 actu_right: 16371 actu_wrong: 129
2026-07-14 11:48:13,369 P1712943 INFO ----------------------------------------------------------------------------------------------------
2026-07-14 11:48:13,369 P1712943 INFO 10/300 starting... lr: 0.001 para:0.09090909361839294
2026-07-14 11:48:19,644 P1712943 INFO Epoch 10/300, all_loss:0.29187 cls_loss:0.30652 rec_loss:0.14538 [6.27s]; best loss:0.29187, patience : 0
2026-07-14 11:48:22,190 P1712943 INFO pr:0.9711  rc:0.8463  auc:0.9798 ap:0.9663 f1: 0.9044 pred_right: 38654 pred_wrong:346 actu_right: 38603 actu_wrong: 397
2026-07-14 11:48:23,186 P1712943 INFO pr:0.9658  rc:0.8760  auc:0.9752 ap:0.9616 f1: 0.9187 pred_right: 16383 pred_wrong:117 actu_right: 16371 actu_wrong: 129
2026-07-14 11:48:23,186 P1712943 INFO ----------------------------------------------------------------------------------------------------
2026-07-14 11:48:23,187 P1712943 INFO 11/300 starting... lr: 0.001 para:0.0833333358168602
2026-07-14 11:48:30,718 P1712943 INFO Epoch 11/300, all_loss:0.28481 cls_loss:0.29779 rec_loss:0.14194 [7.53s]; best loss:0.28481, patience : 0
2026-07-14 11:48:32,392 P1712943 INFO pr:0.9475  rc:0.9093  auc:0.9892 ap:0.9750 f1: 0.9280 pred_right: 38619 pred_wrong:381 actu_right: 38603 actu_wrong: 397
2026-07-14 11:48:33,104 P1712943 INFO pr:0.9313  rc:0.9457  auc:0.9853 ap:0.9713 f1: 0.9385 pred_right: 16369 pred_wrong:131 actu_right: 16371 actu_wrong: 129
2026-07-14 11:48:33,108 P1712943 INFO ----------------------------------------------------------------------------------------------------
2026-07-14 11:48:33,108 P1712943 INFO 12/300 starting... lr: 0.001 para:0.07692307978868484
2026-07-14 11:48:38,334 P1712943 INFO Epoch 12/300, all_loss:0.31903 cls_loss:0.33426 rec_loss:0.13619 [5.23s]; best loss:0.28481, patience : 1
2026-07-14 11:48:40,276 P1712943 INFO pr:0.9289  rc:0.9242  auc:0.9834 ap:0.9722 f1: 0.9266 pred_right: 38606 pred_wrong:394 actu_right: 38604 actu_wrong: 396
2026-07-14 11:48:41,072 P1712943 INFO pr:0.8978  rc:0.9535  auc:0.9782 ap:0.9699 f1: 0.9248 pred_right: 16363 pred_wrong:137 actu_right: 16371 actu_wrong: 129
2026-07-14 11:48:41,073 P1712943 INFO ----------------------------------------------------------------------------------------------------
2026-07-14 11:48:41,073 P1712943 INFO 13/300 starting... lr: 0.001 para:0.0714285746216774
2026-07-14 11:48:54,185 P1712943 INFO Epoch 13/300, all_loss:0.33533 cls_loss:0.35129 rec_loss:0.12788 [13.11s]; best loss:0.28481, patience : 2
2026-07-14 11:48:56,922 P1712943 INFO pr:0.9825  rc:0.8485  auc:0.9819 ap:0.9707 f1: 0.9106 pred_right: 38658 pred_wrong:342 actu_right: 38604 actu_wrong: 396
2026-07-14 11:48:57,968 P1712943 INFO pr:0.9664  rc:0.8915  auc:0.9891 ap:0.9748 f1: 0.9274 pred_right: 16381 pred_wrong:119 actu_right: 16371 actu_wrong: 129
2026-07-14 11:48:57,968 P1712943 INFO ----------------------------------------------------------------------------------------------------
2026-07-14 11:48:57,969 P1712943 INFO 14/300 starting... lr: 0.001 para:0.06666667014360428
2026-07-14 11:49:04,512 P1712943 INFO Epoch 14/300, all_loss:14.80285 cls_loss:15.85131 rec_loss:0.12446 [6.54s]; best loss:0.28481, patience : 3
2026-07-14 11:49:06,726 P1712943 INFO pr:0.9556  rc:0.9242  auc:0.9909 ap:0.9771 f1: 0.9397 pred_right: 38617 pred_wrong:383 actu_right: 38604 actu_wrong: 396
2026-07-14 11:49:07,632 P1712943 INFO pr:0.9470  rc:0.9690  auc:0.9971 ap:0.9759 f1: 0.9579 pred_right: 16368 pred_wrong:132 actu_right: 16371 actu_wrong: 129
2026-07-14 11:49:07,636 P1712943 INFO ----------------------------------------------------------------------------------------------------
2026-07-14 11:49:07,637 P1712943 INFO 15/300 starting... lr: 0.001 para:0.0625
2026-07-14 11:49:13,856 P1712943 INFO Epoch 15/300, all_loss:0.22241 cls_loss:0.22891 rec_loss:0.12498 [6.22s]; best loss:0.22241, patience : 0
2026-07-14 11:49:16,138 P1712943 INFO pr:0.9444  rc:0.8992  auc:0.9898 ap:0.9556 f1: 0.9213 pred_right: 38622 pred_wrong:378 actu_right: 38603 actu_wrong: 397
2026-07-14 11:49:17,087 P1712943 INFO pr:0.9248  rc:0.9535  auc:0.9967 ap:0.9378 f1: 0.9389 pred_right: 16367 pred_wrong:133 actu_right: 16371 actu_wrong: 129
2026-07-14 11:49:17,088 P1712943 INFO ----------------------------------------------------------------------------------------------------
2026-07-14 11:49:17,088 P1712943 INFO 16/300 starting... lr: 0.001 para:0.05882352963089943
2026-07-14 11:49:23,295 P1712943 INFO Epoch 16/300, all_loss:0.43809 cls_loss:0.45807 rec_loss:0.11841 [6.21s]; best loss:0.22241, patience : 1
2026-07-14 11:49:25,393 P1712943 INFO pr:0.9240  rc:0.9496  auc:0.9887 ap:0.9652 f1: 0.9366 pred_right: 38592 pred_wrong:408 actu_right: 38603 actu_wrong: 397
2026-07-14 11:49:26,401 P1712943 INFO pr:0.9007  rc:0.9845  auc:0.9994 ap:0.9618 f1: 0.9407 pred_right: 16359 pred_wrong:141 actu_right: 16371 actu_wrong: 129
2026-07-14 11:49:26,402 P1712943 INFO ----------------------------------------------------------------------------------------------------
2026-07-14 11:49:26,402 P1712943 INFO 17/300 starting... lr: 0.001 para:0.0555555559694767
2026-07-14 11:49:32,768 P1712943 INFO Epoch 17/300, all_loss:0.18494 cls_loss:0.18918 rec_loss:0.11277 [6.36s]; best loss:0.18494, patience : 0
2026-07-14 11:49:34,812 P1712943 INFO pr:0.9802  rc:0.8715  auc:0.9851 ap:0.9759 f1: 0.9227 pred_right: 38647 pred_wrong:353 actu_right: 38603 actu_wrong: 397
2026-07-14 11:49:35,726 P1712943 INFO pr:0.9524  rc:0.9302  auc:0.9954 ap:0.9659 f1: 0.9412 pred_right: 16374 pred_wrong:126 actu_right: 16371 actu_wrong: 129
2026-07-14 11:49:35,726 P1712943 INFO ----------------------------------------------------------------------------------------------------
2026-07-14 11:49:35,726 P1712943 INFO 18/300 starting... lr: 0.001 para:0.05263157933950424
2026-07-14 11:49:42,040 P1712943 INFO Epoch 18/300, all_loss:0.21114 cls_loss:0.21673 rec_loss:0.11057 [6.31s]; best loss:0.18494, patience : 1
2026-07-14 11:49:44,395 P1712943 INFO pr:0.9514  rc:0.9370  auc:0.9914 ap:0.9826 f1: 0.9442 pred_right: 38609 pred_wrong:391 actu_right: 38603 actu_wrong: 397
2026-07-14 11:49:45,346 P1712943 INFO pr:0.9191  rc:0.9690  auc:0.9996 ap:0.9758 f1: 0.9434 pred_right: 16364 pred_wrong:136 actu_right: 16371 actu_wrong: 129
2026-07-14 11:49:45,351 P1712943 INFO ----------------------------------------------------------------------------------------------------
2026-07-14 11:49:45,351 P1712943 INFO 19/300 starting... lr: 0.001 para:0.05000000074505806
2026-07-14 11:49:51,575 P1712943 INFO Epoch 19/300, all_loss:0.14479 cls_loss:0.14638 rec_loss:0.11464 [6.22s]; best loss:0.14479, patience : 0
2026-07-14 11:49:53,911 P1712943 INFO pr:0.9731  rc:0.9118  auc:0.9877 ap:0.9774 f1: 0.9415 pred_right: 38628 pred_wrong:372 actu_right: 38603 actu_wrong: 397
2026-07-14 11:49:54,816 P1712943 INFO pr:0.9474  rc:0.9767  auc:0.9954 ap:0.9769 f1: 0.9618 pred_right: 16367 pred_wrong:133 actu_right: 16371 actu_wrong: 129
2026-07-14 11:49:54,816 P1712943 INFO ----------------------------------------------------------------------------------------------------
2026-07-14 11:49:54,816 P1712943 INFO 20/300 starting... lr: 0.001 para:0.0476190485060215
2026-07-14 11:50:01,322 P1712943 INFO Epoch 20/300, all_loss:0.18557 cls_loss:0.18949 rec_loss:0.10713 [6.51s]; best loss:0.14479, patience : 1
2026-07-14 11:50:04,429 P1712943 INFO pr:0.9386  rc:0.9244  auc:0.9922 ap:0.9614 f1: 0.9315 pred_right: 38609 pred_wrong:391 actu_right: 38603 actu_wrong: 397
2026-07-14 11:50:05,422 P1712943 INFO pr:0.9254  rc:0.9612  auc:0.9989 ap:0.9493 f1: 0.9430 pred_right: 16366 pred_wrong:134 actu_right: 16371 actu_wrong: 129
2026-07-14 11:50:05,423 P1712943 INFO ----------------------------------------------------------------------------------------------------
2026-07-14 11:50:05,423 P1712943 INFO 21/300 starting... lr: 0.001 para:0.04545454680919647
2026-07-14 11:50:10,219 P1712943 INFO Epoch 21/300, all_loss:0.18684 cls_loss:0.19084 rec_loss:0.10284 [4.80s]; best loss:0.14479, patience : 2
2026-07-14 11:50:12,167 P1712943 INFO pr:0.9872  rc:0.7778  auc:0.9832 ap:0.9699 f1: 0.8701 pred_right: 38688 pred_wrong:312 actu_right: 38604 actu_wrong: 396
2026-07-14 11:50:13,046 P1712943 INFO pr:0.9643  rc:0.8372  auc:0.9931 ap:0.9729 f1: 0.8963 pred_right: 16388 pred_wrong:112 actu_right: 16371 actu_wrong: 129
2026-07-14 11:50:13,047 P1712943 INFO ----------------------------------------------------------------------------------------------------
2026-07-14 11:50:13,047 P1712943 INFO 22/300 starting... lr: 0.001 para:0.043478261679410934
2026-07-14 11:50:20,013 P1712943 INFO Epoch 22/300, all_loss:0.18396 cls_loss:0.18778 rec_loss:0.09996 [6.97s]; best loss:0.14479, patience : 2
2026-07-14 11:50:23,873 P1712943 INFO pr:0.9665  rc:0.8715  auc:0.9857 ap:0.9732 f1: 0.9166 pred_right: 38642 pred_wrong:358 actu_right: 38603 actu_wrong: 397
2026-07-14 11:50:25,632 P1712943 INFO pr:0.9449  rc:0.9302  auc:0.9927 ap:0.9683 f1: 0.9375 pred_right: 16373 pred_wrong:127 actu_right: 16371 actu_wrong: 129
2026-07-14 11:50:25,633 P1712943 INFO ----------------------------------------------------------------------------------------------------
2026-07-14 11:50:25,633 P1712943 INFO 23/300 starting... lr: 0.001 para:0.0416666679084301
2026-07-14 11:50:34,676 P1712943 INFO Epoch 23/300, all_loss:0.34681 cls_loss:0.35788 rec_loss:0.09221 [9.04s]; best loss:0.14479, patience : 3
2026-07-14 11:50:37,073 P1712943 INFO pr:0.9832  rc:0.8889  auc:0.9824 ap:0.9766 f1: 0.9337 pred_right: 38642 pred_wrong:358 actu_right: 38604 actu_wrong: 396
2026-07-14 11:50:38,172 P1712943 INFO pr:0.9680  rc:0.9380  auc:0.9954 ap:0.9721 f1: 0.9528 pred_right: 16375 pred_wrong:125 actu_right: 16371 actu_wrong: 129
2026-07-14 11:50:38,173 P1712943 INFO ----------------------------------------------------------------------------------------------------
2026-07-14 11:50:38,173 P1712943 INFO 24/300 starting... lr: 0.001 para:0.03999999910593033
2026-07-14 11:50:44,473 P1712943 INFO Epoch 24/300, all_loss:0.18660 cls_loss:0.19036 rec_loss:0.09615 [6.30s]; best loss:0.14479, patience : 3
2026-07-14 11:50:46,773 P1712943 INFO pr:0.9684  rc:0.9270  auc:0.9894 ap:0.9832 f1: 0.9472 pred_right: 38620 pred_wrong:380 actu_right: 38603 actu_wrong: 397
2026-07-14 11:50:47,779 P1712943 INFO pr:0.9542  rc:0.9690  auc:0.9959 ap:0.9794 f1: 0.9615 pred_right: 16369 pred_wrong:131 actu_right: 16371 actu_wrong: 129
2026-07-14 11:50:47,784 P1712943 INFO ----------------------------------------------------------------------------------------------------
2026-07-14 11:50:47,784 P1712943 INFO 25/300 starting... lr: 0.001 para:0.03846153989434242
2026-07-14 11:50:54,042 P1712943 INFO Epoch 25/300, all_loss:0.20168 cls_loss:0.20601 rec_loss:0.09363 [6.26s]; best loss:0.14479, patience : 4
2026-07-14 11:50:56,139 P1712943 INFO pr:0.9836  rc:0.9043  auc:0.9864 ap:0.9791 f1: 0.9423 pred_right: 38635 pred_wrong:365 actu_right: 38603 actu_wrong: 397
2026-07-14 11:50:57,042 P1712943 INFO pr:0.9524  rc:0.9302  auc:0.9897 ap:0.9733 f1: 0.9412 pred_right: 16374 pred_wrong:126 actu_right: 16371 actu_wrong: 129
2026-07-14 11:50:57,042 P1712943 INFO ----------------------------------------------------------------------------------------------------
2026-07-14 11:50:57,043 P1712943 INFO 26/300 starting... lr: 0.001 para:0.03703703731298447
2026-07-14 11:51:03,259 P1712943 INFO Epoch 26/300, all_loss:0.15303 cls_loss:0.15448 rec_loss:0.11537 [6.22s]; best loss:0.14479, patience : 4
2026-07-14 11:51:05,707 P1712943 INFO pr:0.9761  rc:0.9244  auc:0.9855 ap:0.9809 f1: 0.9495 pred_right: 38624 pred_wrong:376 actu_right: 38603 actu_wrong: 397
2026-07-14 11:51:06,743 P1712943 INFO pr:0.9618  rc:0.9767  auc:0.9996 ap:0.9841 f1: 0.9692 pred_right: 16369 pred_wrong:131 actu_right: 16371 actu_wrong: 129
2026-07-14 11:51:06,748 P1712943 INFO ----------------------------------------------------------------------------------------------------
2026-07-14 11:51:06,748 P1712943 INFO 27/300 starting... lr: 0.001 para:0.0357142873108387
2026-07-14 11:51:12,810 P1712943 INFO Epoch 27/300, all_loss:0.18668 cls_loss:0.18979 rec_loss:0.10274 [6.06s]; best loss:0.14479, patience : 5
2026-07-14 11:51:15,117 P1712943 INFO pr:0.9518  rc:0.9446  auc:0.9892 ap:0.9814 f1: 0.9482 pred_right: 38606 pred_wrong:394 actu_right: 38603 actu_wrong: 397
2026-07-14 11:51:16,019 P1712943 INFO pr:0.9191  rc:0.9690  auc:0.9939 ap:0.9752 f1: 0.9434 pred_right: 16364 pred_wrong:136 actu_right: 16371 actu_wrong: 129
2026-07-14 11:51:16,020 P1712943 INFO ----------------------------------------------------------------------------------------------------
2026-07-14 11:51:16,020 P1712943 INFO 28/300 starting... lr: 0.001 para:0.03448275849223137
2026-07-14 11:51:21,942 P1712943 INFO Epoch 28/300, all_loss:0.15472 cls_loss:0.15710 rec_loss:0.08809 [5.92s]; best loss:0.14479, patience : 5
2026-07-14 11:51:23,971 P1712943 INFO pr:0.9810  rc:0.9093  auc:0.9891 ap:0.9787 f1: 0.9438 pred_right: 38632 pred_wrong:368 actu_right: 38603 actu_wrong: 397
2026-07-14 11:51:24,841 P1712943 INFO pr:0.9606  rc:0.9457  auc:0.9927 ap:0.9729 f1: 0.9531 pred_right: 16373 pred_wrong:127 actu_right: 16371 actu_wrong: 129
2026-07-14 11:51:24,841 P1712943 INFO ----------------------------------------------------------------------------------------------------
2026-07-14 11:51:24,842 P1712943 INFO 29/300 starting... lr: 0.001 para:0.03333333507180214
2026-07-14 11:51:31,063 P1712943 INFO Epoch 29/300, all_loss:0.13999 cls_loss:0.14181 rec_loss:0.08725 [6.22s]; best loss:0.13999, patience : 0
2026-07-14 11:51:33,534 P1712943 INFO pr:0.9687  rc:0.9369  auc:0.9866 ap:0.9817 f1: 0.9525 pred_right: 38617 pred_wrong:383 actu_right: 38604 actu_wrong: 396
2026-07-14 11:51:34,407 P1712943 INFO pr:0.9470  rc:0.9690  auc:0.9976 ap:0.9826 f1: 0.9579 pred_right: 16368 pred_wrong:132 actu_right: 16371 actu_wrong: 129
2026-07-14 11:51:34,411 P1712943 INFO ----------------------------------------------------------------------------------------------------
2026-07-14 11:51:34,412 P1712943 INFO 30/300 starting... lr: 0.001 para:0.032258063554763794
2026-07-14 11:51:40,701 P1712943 INFO Epoch 30/300, all_loss:0.40476 cls_loss:0.41541 rec_loss:0.08509 [6.29s]; best loss:0.13999, patience : 1
2026-07-14 11:51:42,524 P1712943 INFO pr:0.9662  rc:0.9370  auc:0.9908 ap:0.9812 f1: 0.9514 pred_right: 38615 pred_wrong:385 actu_right: 38603 actu_wrong: 397
2026-07-14 11:51:43,387 P1712943 INFO pr:0.9394  rc:0.9612  auc:0.9936 ap:0.9780 f1: 0.9502 pred_right: 16368 pred_wrong:132 actu_right: 16371 actu_wrong: 129
2026-07-14 11:51:43,388 P1712943 INFO ----------------------------------------------------------------------------------------------------
2026-07-14 11:51:43,388 P1712943 INFO 31/300 starting... lr: 0.001 para:0.03125
2026-07-14 11:51:49,292 P1712943 INFO Epoch 31/300, all_loss:0.11135 cls_loss:0.11223 rec_loss:0.08405 [5.90s]; best loss:0.11135, patience : 0
2026-07-14 11:51:53,840 P1712943 INFO pr:0.9548  rc:0.9043  auc:0.9876 ap:0.9634 f1: 0.9288 pred_right: 38624 pred_wrong:376 actu_right: 38603 actu_wrong: 397
2026-07-14 11:51:55,300 P1712943 INFO pr:0.9470  rc:0.9690  auc:0.9956 ap:0.9770 f1: 0.9579 pred_right: 16368 pred_wrong:132 actu_right: 16371 actu_wrong: 129
2026-07-14 11:51:55,301 P1712943 INFO ----------------------------------------------------------------------------------------------------
2026-07-14 11:51:55,301 P1712943 INFO 32/300 starting... lr: 0.001 para:0.03030303120613098
2026-07-14 11:52:05,645 P1712943 INFO Epoch 32/300, all_loss:13.13552 cls_loss:13.54343 rec_loss:0.08247 [10.34s]; best loss:0.11135, patience : 1
2026-07-14 11:52:08,054 P1712943 INFO pr:0.9853  rc:0.8413  auc:0.9864 ap:0.9710 f1: 0.9076 pred_right: 38661 pred_wrong:339 actu_right: 38603 actu_wrong: 397
2026-07-14 11:52:09,066 P1712943 INFO pr:0.9664  rc:0.8915  auc:0.9945 ap:0.9668 f1: 0.9274 pred_right: 16381 pred_wrong:119 actu_right: 16371 actu_wrong: 129
2026-07-14 11:52:09,067 P1712943 INFO ----------------------------------------------------------------------------------------------------
2026-07-14 11:52:09,067 P1712943 INFO 33/300 starting... lr: 0.001 para:0.029411764815449715
2026-07-14 11:52:15,547 P1712943 INFO Epoch 33/300, all_loss:0.12725 cls_loss:0.12873 rec_loss:0.07852 [6.48s]; best loss:0.11135, patience : 1
2026-07-14 11:52:17,938 P1712943 INFO pr:0.9732  rc:0.9190  auc:0.9897 ap:0.9773 f1: 0.9453 pred_right: 38627 pred_wrong:373 actu_right: 38605 actu_wrong: 395
2026-07-14 11:52:18,927 P1712943 INFO pr:0.9542  rc:0.9690  auc:0.9990 ap:0.9794 f1: 0.9615 pred_right: 16369 pred_wrong:131 actu_right: 16371 actu_wrong: 129
2026-07-14 11:52:18,928 P1712943 INFO ----------------------------------------------------------------------------------------------------
2026-07-14 11:52:18,935 P1712943 INFO 34/300 starting... lr: 0.001 para:0.02857142873108387
2026-07-14 11:52:25,267 P1712943 INFO Epoch 34/300, all_loss:0.10273 cls_loss:0.10341 rec_loss:0.07971 [6.33s]; best loss:0.10273, patience : 0
2026-07-14 11:52:27,594 P1712943 INFO pr:0.9611  rc:0.9345  auc:0.9899 ap:0.9816 f1: 0.9476 pred_right: 38614 pred_wrong:386 actu_right: 38603 actu_wrong: 397
2026-07-14 11:52:28,641 P1712943 INFO pr:0.9403  rc:0.9767  auc:0.9988 ap:0.9794 f1: 0.9582 pred_right: 16366 pred_wrong:134 actu_right: 16371 actu_wrong: 129
2026-07-14 11:52:28,641 P1712943 INFO ----------------------------------------------------------------------------------------------------
2026-07-14 11:52:28,642 P1712943 INFO 35/300 starting... lr: 0.001 para:0.02777777798473835
2026-07-14 11:52:34,648 P1712943 INFO Epoch 35/300, all_loss:0.11348 cls_loss:0.11447 rec_loss:0.07901 [6.01s]; best loss:0.10273, patience : 1
2026-07-14 11:52:37,140 P1712943 INFO pr:0.9761  rc:0.9293  auc:0.9880 ap:0.9825 f1: 0.9521 pred_right: 38623 pred_wrong:377 actu_right: 38604 actu_wrong: 396
2026-07-14 11:52:38,157 P1712943 INFO pr:0.9542  rc:0.9690  auc:0.9974 ap:0.9804 f1: 0.9615 pred_right: 16369 pred_wrong:131 actu_right: 16371 actu_wrong: 129
2026-07-14 11:52:38,158 P1712943 INFO ----------------------------------------------------------------------------------------------------
2026-07-14 11:52:38,158 P1712943 INFO 36/300 starting... lr: 0.001 para:0.027027027681469917
2026-07-14 11:52:44,402 P1712943 INFO Epoch 36/300, all_loss:0.11886 cls_loss:0.12012 rec_loss:0.07348 [6.24s]; best loss:0.10273, patience : 2
2026-07-14 11:52:46,565 P1712943 INFO pr:0.9587  rc:0.9345  auc:0.9863 ap:0.9799 f1: 0.9464 pred_right: 38613 pred_wrong:387 actu_right: 38603 actu_wrong: 397
2026-07-14 11:52:47,625 P1712943 INFO pr:0.9065  rc:0.9767  auc:0.9976 ap:0.9802 f1: 0.9403 pred_right: 16361 pred_wrong:139 actu_right: 16371 actu_wrong: 129
2026-07-14 11:52:47,626 P1712943 INFO ----------------------------------------------------------------------------------------------------
2026-07-14 11:52:47,626 P1712943 INFO 37/300 starting... lr: 0.001 para:0.02631578966975212
2026-07-14 11:52:53,950 P1712943 INFO Epoch 37/300, all_loss:0.09000 cls_loss:0.09048 rec_loss:0.07248 [6.32s]; best loss:0.09000, patience : 0
2026-07-14 11:52:56,300 P1712943 INFO pr:0.9783  rc:0.9116  auc:0.9853 ap:0.9789 f1: 0.9438 pred_right: 38631 pred_wrong:369 actu_right: 38604 actu_wrong: 396
2026-07-14 11:52:57,309 P1712943 INFO pr:0.9542  rc:0.9690  auc:0.9951 ap:0.9785 f1: 0.9615 pred_right: 16369 pred_wrong:131 actu_right: 16371 actu_wrong: 129
2026-07-14 11:52:57,310 P1712943 INFO ----------------------------------------------------------------------------------------------------
2026-07-14 11:52:57,310 P1712943 INFO 38/300 starting... lr: 0.001 para:0.025641025975346565
2026-07-14 11:53:03,417 P1712943 INFO Epoch 38/300, all_loss:0.07167 cls_loss:0.07163 rec_loss:0.07299 [6.10s]; best loss:0.07167, patience : 0
2026-07-14 11:53:05,921 P1712943 INFO pr:0.9588  rc:0.9370  auc:0.9867 ap:0.9800 f1: 0.9478 pred_right: 38612 pred_wrong:388 actu_right: 38603 actu_wrong: 397
2026-07-14 11:53:07,094 P1712943 INFO pr:0.8803  rc:0.9690  auc:0.9902 ap:0.9791 f1: 0.9225 pred_right: 16358 pred_wrong:142 actu_right: 16371 actu_wrong: 129
2026-07-14 11:53:07,095 P1712943 INFO ----------------------------------------------------------------------------------------------------
2026-07-14 11:53:07,095 P1712943 INFO 39/300 starting... lr: 0.001 para:0.02500000037252903
2026-07-14 11:53:12,857 P1712943 INFO Epoch 39/300, all_loss:0.07749 cls_loss:0.07760 rec_loss:0.07331 [5.76s]; best loss:0.07167, patience : 1
2026-07-14 11:53:14,567 P1712943 INFO pr:0.9889  rc:0.9015  auc:0.9862 ap:0.9795 f1: 0.9432 pred_right: 38639 pred_wrong:361 actu_right: 38604 actu_wrong: 396
2026-07-14 11:53:15,329 P1712943 INFO pr:0.9612  rc:0.9612  auc:0.9952 ap:0.9813 f1: 0.9612 pred_right: 16371 pred_wrong:129 actu_right: 16371 actu_wrong: 129
2026-07-14 11:53:15,330 P1712943 INFO ----------------------------------------------------------------------------------------------------
2026-07-14 11:53:15,330 P1712943 INFO 40/300 starting... lr: 0.001 para:0.024390242993831635
2026-07-14 11:53:20,791 P1712943 INFO Epoch 40/300, all_loss:0.06505 cls_loss:0.06479 rec_loss:0.07510 [5.46s]; best loss:0.06505, patience : 0
2026-07-14 11:53:24,592 P1712943 INFO pr:0.9735  rc:0.9244  auc:0.9850 ap:0.9792 f1: 0.9483 pred_right: 38623 pred_wrong:377 actu_right: 38603 actu_wrong: 397
2026-07-14 11:53:26,175 P1712943 INFO pr:0.9328  rc:0.9690  auc:0.9952 ap:0.9825 f1: 0.9506 pred_right: 16366 pred_wrong:134 actu_right: 16371 actu_wrong: 129
2026-07-14 11:53:26,176 P1712943 INFO ----------------------------------------------------------------------------------------------------
2026-07-14 11:53:26,176 P1712943 INFO 41/300 starting... lr: 0.001 para:0.02380952425301075
2026-07-14 11:53:37,661 P1712943 INFO Epoch 41/300, all_loss:0.12866 cls_loss:0.13002 rec_loss:0.07272 [11.48s]; best loss:0.06505, patience : 1
2026-07-14 11:53:40,043 P1712943 INFO pr:0.9738  rc:0.9369  auc:0.9868 ap:0.9793 f1: 0.9550 pred_right: 38619 pred_wrong:381 actu_right: 38604 actu_wrong: 396
2026-07-14 11:53:41,019 P1712943 INFO pr:0.9259  rc:0.9690  auc:0.9953 ap:0.9774 f1: 0.9470 pred_right: 16365 pred_wrong:135 actu_right: 16371 actu_wrong: 129
2026-07-14 11:53:41,024 P1712943 INFO ----------------------------------------------------------------------------------------------------
2026-07-14 11:53:41,024 P1712943 INFO 42/300 starting... lr: 0.001 para:0.023255813866853714
2026-07-14 11:53:47,356 P1712943 INFO Epoch 42/300, all_loss:0.07725 cls_loss:0.07736 rec_loss:0.07231 [6.33s]; best loss:0.06505, patience : 1
2026-07-14 11:53:49,534 P1712943 INFO pr:0.9854  rc:0.8514  auc:0.9800 ap:0.9685 f1: 0.9135 pred_right: 38657 pred_wrong:343 actu_right: 38603 actu_wrong: 397
2026-07-14 11:53:50,439 P1712943 INFO pr:0.9685  rc:0.9535  auc:0.9950 ap:0.9741 f1: 0.9609 pred_right: 16373 pred_wrong:127 actu_right: 16371 actu_wrong: 129
2026-07-14 11:53:50,440 P1712943 INFO ----------------------------------------------------------------------------------------------------
2026-07-14 11:53:50,447 P1712943 INFO 43/300 starting... lr: 0.001 para:0.022727273404598236
2026-07-14 11:53:56,535 P1712943 INFO Epoch 43/300, all_loss:0.26229 cls_loss:0.26641 rec_loss:0.08513 [6.09s]; best loss:0.06505, patience : 2
2026-07-14 11:53:58,884 P1712943 INFO pr:0.9729  rc:0.9043  auc:0.9828 ap:0.9788 f1: 0.9373 pred_right: 38631 pred_wrong:369 actu_right: 38603 actu_wrong: 397
2026-07-14 11:53:59,836 P1712943 INFO pr:0.9457  rc:0.9457  auc:0.9877 ap:0.9700 f1: 0.9457 pred_right: 16371 pred_wrong:129 actu_right: 16371 actu_wrong: 129
2026-07-14 11:53:59,837 P1712943 INFO ----------------------------------------------------------------------------------------------------
2026-07-14 11:53:59,837 P1712943 INFO 44/300 starting... lr: 0.001 para:0.02222222276031971
2026-07-14 11:54:06,076 P1712943 INFO Epoch 44/300, all_loss:0.07267 cls_loss:0.07262 rec_loss:0.07464 [6.24s]; best loss:0.06505, patience : 2
2026-07-14 11:54:08,488 P1712943 INFO pr:0.9806  rc:0.8892  auc:0.9829 ap:0.9748 f1: 0.9326 pred_right: 38640 pred_wrong:360 actu_right: 38603 actu_wrong: 397
2026-07-14 11:54:09,475 P1712943 INFO pr:0.9685  rc:0.9535  auc:0.9927 ap:0.9756 f1: 0.9609 pred_right: 16373 pred_wrong:127 actu_right: 16371 actu_wrong: 129
2026-07-14 11:54:09,475 P1712943 INFO ----------------------------------------------------------------------------------------------------
2026-07-14 11:54:09,475 P1712943 INFO 45/300 starting... lr: 0.001 para:0.021739130839705467
2026-07-14 11:54:15,684 P1712943 INFO Epoch 45/300, all_loss:0.07195 cls_loss:0.07194 rec_loss:0.07244 [6.21s]; best loss:0.06505, patience : 2
2026-07-14 11:54:18,035 P1712943 INFO pr:0.9862  rc:0.9018  auc:0.9867 ap:0.9782 f1: 0.9421 pred_right: 38637 pred_wrong:363 actu_right: 38603 actu_wrong: 397
2026-07-14 11:54:18,922 P1712943 INFO pr:0.9672  rc:0.9147  auc:0.9895 ap:0.9723 f1: 0.9402 pred_right: 16378 pred_wrong:122 actu_right: 16371 actu_wrong: 129
2026-07-14 11:54:18,922 P1712943 INFO ----------------------------------------------------------------------------------------------------
2026-07-14 11:54:18,922 P1712943 INFO 46/300 starting... lr: 0.001 para:0.021276595070958138
2026-07-14 11:54:25,144 P1712943 INFO Epoch 46/300, all_loss:0.04734 cls_loss:0.04668 rec_loss:0.07805 [6.22s]; best loss:0.04734, patience : 0
2026-07-14 11:54:27,515 P1712943 INFO pr:0.9763  rc:0.9343  auc:0.9829 ap:0.9793 f1: 0.9548 pred_right: 38621 pred_wrong:379 actu_right: 38604 actu_wrong: 396
2026-07-14 11:54:28,477 P1712943 INFO pr:0.9394  rc:0.9612  auc:0.9951 ap:0.9815 f1: 0.9502 pred_right: 16368 pred_wrong:132 actu_right: 16371 actu_wrong: 129
2026-07-14 11:54:28,477 P1712943 INFO ----------------------------------------------------------------------------------------------------
2026-07-14 11:54:28,478 P1712943 INFO 47/300 starting... lr: 0.001 para:0.02083333395421505
2026-07-14 11:54:34,663 P1712943 INFO Epoch 47/300, all_loss:0.07512 cls_loss:0.07504 rec_loss:0.07909 [6.18s]; best loss:0.04734, patience : 1
2026-07-14 11:54:36,785 P1712943 INFO pr:0.8069  rc:0.9370  auc:0.9846 ap:0.9007 f1: 0.8671 pred_right: 38539 pred_wrong:461 actu_right: 38603 actu_wrong: 397
2026-07-14 11:54:37,756 P1712943 INFO pr:0.9191  rc:0.9690  auc:0.9953 ap:0.9682 f1: 0.9434 pred_right: 16364 pred_wrong:136 actu_right: 16371 actu_wrong: 129
2026-07-14 11:54:37,756 P1712943 INFO ----------------------------------------------------------------------------------------------------
2026-07-14 11:54:37,756 P1712943 INFO 48/300 starting... lr: 0.001 para:0.020408162847161293
2026-07-14 11:54:44,082 P1712943 INFO Epoch 48/300, all_loss:0.06981 cls_loss:0.06960 rec_loss:0.08014 [6.33s]; best loss:0.04734, patience : 1
2026-07-14 11:54:45,668 P1712943 INFO pr:0.9866  rc:0.9270  auc:0.9840 ap:0.9812 f1: 0.9558 pred_right: 38627 pred_wrong:373 actu_right: 38603 actu_wrong: 397
2026-07-14 11:54:46,453 P1712943 INFO pr:0.9470  rc:0.9690  auc:0.9932 ap:0.9792 f1: 0.9579 pred_right: 16368 pred_wrong:132 actu_right: 16371 actu_wrong: 129
2026-07-14 11:54:46,459 P1712943 INFO ----------------------------------------------------------------------------------------------------
2026-07-14 11:54:46,459 P1712943 INFO 49/300 starting... lr: 0.001 para:0.019999999552965164
2026-07-14 11:54:52,170 P1712943 INFO Epoch 49/300, all_loss:0.04482 cls_loss:0.04402 rec_loss:0.08404 [5.71s]; best loss:0.04482, patience : 0
2026-07-14 11:54:54,755 P1712943 INFO pr:0.9865  rc:0.9219  auc:0.9822 ap:0.9795 f1: 0.9531 pred_right: 38629 pred_wrong:371 actu_right: 38603 actu_wrong: 397
2026-07-14 11:54:56,632 P1712943 INFO pr:0.9612  rc:0.9612  auc:0.9950 ap:0.9817 f1: 0.9612 pred_right: 16371 pred_wrong:129 actu_right: 16371 actu_wrong: 129
2026-07-14 11:54:56,634 P1712943 INFO ----------------------------------------------------------------------------------------------------
2026-07-14 11:54:56,634 P1712943 INFO 50/300 starting... lr: 0.001 para:0.019607843831181526
2026-07-14 11:55:08,120 P1712943 INFO Epoch 50/300, all_loss:0.06746 cls_loss:0.06711 rec_loss:0.08469 [11.48s]; best loss:0.04482, patience : 1
2026-07-14 11:55:10,582 P1712943 INFO pr:0.9740  rc:0.9421  auc:0.9911 ap:0.9810 f1: 0.9577 pred_right: 38616 pred_wrong:384 actu_right: 38603 actu_wrong: 397
2026-07-14 11:55:11,538 P1712943 INFO pr:0.9470  rc:0.9690  auc:0.9948 ap:0.9797 f1: 0.9579 pred_right: 16368 pred_wrong:132 actu_right: 16371 actu_wrong: 129
2026-07-14 11:55:11,547 P1712943 INFO ----------------------------------------------------------------------------------------------------
2026-07-14 11:55:11,547 P1712943 INFO 51/300 starting... lr: 0.001 para:0.01923076994717121
2026-07-14 11:55:18,014 P1712943 INFO Epoch 51/300, all_loss:0.08707 cls_loss:0.08718 rec_loss:0.08184 [6.47s]; best loss:0.04482, patience : 2
2026-07-14 11:55:20,286 P1712943 INFO pr:0.9788  rc:0.9320  auc:0.9880 ap:0.9788 f1: 0.9548 pred_right: 38622 pred_wrong:378 actu_right: 38603 actu_wrong: 397
2026-07-14 11:55:21,166 P1712943 INFO pr:0.9398  rc:0.9690  auc:0.9904 ap:0.9784 f1: 0.9542 pred_right: 16367 pred_wrong:133 actu_right: 16371 actu_wrong: 129
2026-07-14 11:55:21,167 P1712943 INFO ----------------------------------------------------------------------------------------------------
2026-07-14 11:55:21,167 P1712943 INFO 52/300 starting... lr: 0.001 para:0.01886792480945587
2026-07-14 11:55:27,213 P1712943 INFO Epoch 52/300, all_loss:0.08103 cls_loss:0.08119 rec_loss:0.07296 [6.05s]; best loss:0.04482, patience : 2
2026-07-14 11:55:29,477 P1712943 INFO pr:0.9640  rc:0.9446  auc:0.9869 ap:0.9803 f1: 0.9542 pred_right: 38611 pred_wrong:389 actu_right: 38603 actu_wrong: 397
2026-07-14 11:55:30,538 P1712943 INFO pr:0.9000  rc:0.9767  auc:0.9947 ap:0.9788 f1: 0.9368 pred_right: 16360 pred_wrong:140 actu_right: 16371 actu_wrong: 129
2026-07-14 11:55:30,539 P1712943 INFO ----------------------------------------------------------------------------------------------------
2026-07-14 11:55:30,539 P1712943 INFO 53/300 starting... lr: 0.001 para:0.018518518656492233
2026-07-14 11:55:36,791 P1712943 INFO Epoch 53/300, all_loss:0.06380 cls_loss:0.06347 rec_loss:0.08146 [6.25s]; best loss:0.04482, patience : 2
2026-07-14 11:55:39,092 P1712943 INFO pr:0.9778  rc:0.8892  auc:0.9797 ap:0.9729 f1: 0.9314 pred_right: 38639 pred_wrong:361 actu_right: 38603 actu_wrong: 397
2026-07-14 11:55:40,148 P1712943 INFO pr:0.9531  rc:0.9457  auc:0.9892 ap:0.9744 f1: 0.9494 pred_right: 16372 pred_wrong:128 actu_right: 16371 actu_wrong: 129
2026-07-14 11:55:40,149 P1712943 INFO ----------------------------------------------------------------------------------------------------
2026-07-14 11:55:40,149 P1712943 INFO 54/300 starting... lr: 0.001 para:0.0181818176060915
2026-07-14 11:55:46,381 P1712943 INFO Epoch 54/300, all_loss:0.14268 cls_loss:0.14382 rec_loss:0.08118 [6.23s]; best loss:0.04482, patience : 3
2026-07-14 11:55:48,620 P1712943 INFO pr:0.9710  rc:0.9270  auc:0.9897 ap:0.9769 f1: 0.9485 pred_right: 38621 pred_wrong:379 actu_right: 38603 actu_wrong: 397
2026-07-14 11:55:49,486 P1712943 INFO pr:0.9265  rc:0.9767  auc:0.9952 ap:0.9821 f1: 0.9509 pred_right: 16364 pred_wrong:136 actu_right: 16371 actu_wrong: 129
2026-07-14 11:55:49,487 P1712943 INFO ----------------------------------------------------------------------------------------------------
2026-07-14 11:55:49,487 P1712943 INFO 55/300 starting... lr: 0.001 para:0.01785714365541935
2026-07-14 11:55:55,824 P1712943 INFO Epoch 55/300, all_loss:0.04464 cls_loss:0.04406 rec_loss:0.07659 [6.33s]; best loss:0.04464, patience : 0
2026-07-14 11:55:58,233 P1712943 INFO pr:0.9763  rc:0.9320  auc:0.9878 ap:0.9796 f1: 0.9536 pred_right: 38621 pred_wrong:379 actu_right: 38603 actu_wrong: 397
2026-07-14 11:55:59,143 P1712943 INFO pr:0.9545  rc:0.9767  auc:0.9946 ap:0.9827 f1: 0.9655 pred_right: 16368 pred_wrong:132 actu_right: 16371 actu_wrong: 129
2026-07-14 11:55:59,143 P1712943 INFO ----------------------------------------------------------------------------------------------------
2026-07-14 11:55:59,143 P1712943 INFO 56/300 starting... lr: 0.001 para:0.017543859779834747
2026-07-14 11:56:05,292 P1712943 INFO Epoch 56/300, all_loss:0.04936 cls_loss:0.04886 rec_loss:0.07698 [6.15s]; best loss:0.04464, patience : 1
2026-07-14 11:56:07,797 P1712943 INFO pr:0.9687  rc:0.9345  auc:0.9845 ap:0.9777 f1: 0.9513 pred_right: 38617 pred_wrong:383 actu_right: 38603 actu_wrong: 397
2026-07-14 11:56:08,905 P1712943 INFO pr:0.9333  rc:0.9767  auc:0.9944 ap:0.9781 f1: 0.9545 pred_right: 16365 pred_wrong:135 actu_right: 16371 actu_wrong: 129
2026-07-14 11:56:08,906 P1712943 INFO ----------------------------------------------------------------------------------------------------
2026-07-14 11:56:08,906 P1712943 INFO 57/300 starting... lr: 0.001 para:0.017241379246115685
2026-07-14 11:56:15,581 P1712943 INFO Epoch 57/300, all_loss:0.57338 cls_loss:0.58188 rec_loss:0.08885 [6.67s]; best loss:0.04464, patience : 2
2026-07-14 11:56:17,243 P1712943 INFO pr:0.9764  rc:0.9370  auc:0.9837 ap:0.9797 f1: 0.9563 pred_right: 38619 pred_wrong:381 actu_right: 38603 actu_wrong: 397
2026-07-14 11:56:17,985 P1712943 INFO pr:0.9389  rc:0.9535  auc:0.9900 ap:0.9793 f1: 0.9462 pred_right: 16369 pred_wrong:131 actu_right: 16371 actu_wrong: 129
2026-07-14 11:56:17,986 P1712943 INFO ----------------------------------------------------------------------------------------------------
2026-07-14 11:56:17,986 P1712943 INFO 58/300 starting... lr: 0.001 para:0.016949152573943138
2026-07-14 11:56:23,901 P1712943 INFO Epoch 58/300, all_loss:0.08914 cls_loss:0.08923 rec_loss:0.08369 [5.92s]; best loss:0.04464, patience : 2
2026-07-14 11:56:26,303 P1712943 INFO pr:0.9642  rc:0.9496  auc:0.9879 ap:0.9788 f1: 0.9569 pred_right: 38609 pred_wrong:391 actu_right: 38603 actu_wrong: 397
2026-07-14 11:56:28,081 P1712943 INFO pr:0.8936  rc:0.9767  auc:0.9997 ap:0.9781 f1: 0.9333 pred_right: 16359 pred_wrong:141 actu_right: 16371 actu_wrong: 129
2026-07-14 11:56:28,082 P1712943 INFO ----------------------------------------------------------------------------------------------------
2026-07-14 11:56:28,082 P1712943 INFO 59/300 starting... lr: 0.001 para:0.01666666753590107
2026-07-14 11:56:39,923 P1712943 INFO Epoch 59/300, all_loss:0.04420 cls_loss:0.04340 rec_loss:0.09103 [11.84s]; best loss:0.04420, patience : 0
2026-07-14 11:56:42,202 P1712943 INFO pr:0.9740  rc:0.9421  auc:0.9859 ap:0.9796 f1: 0.9577 pred_right: 38616 pred_wrong:384 actu_right: 38603 actu_wrong: 397
2026-07-14 11:56:43,084 P1712943 INFO pr:0.9328  rc:0.9690  auc:0.9931 ap:0.9803 f1: 0.9506 pred_right: 16366 pred_wrong:134 actu_right: 16371 actu_wrong: 129
2026-07-14 11:56:43,088 P1712943 INFO ----------------------------------------------------------------------------------------------------
2026-07-14 11:56:43,088 P1712943 INFO 60/300 starting... lr: 0.001 para:0.016393441706895828
2026-07-14 11:56:49,410 P1712943 INFO Epoch 60/300, all_loss:0.04968 cls_loss:0.04888 rec_loss:0.09795 [6.32s]; best loss:0.04420, patience : 1
2026-07-14 11:56:51,621 P1712943 INFO pr:0.9589  rc:0.9419  auc:0.9851 ap:0.9786 f1: 0.9503 pred_right: 38611 pred_wrong:389 actu_right: 38604 actu_wrong: 396
2026-07-14 11:56:52,518 P1712943 INFO pr:0.8929  rc:0.9690  auc:0.9917 ap:0.9691 f1: 0.9294 pred_right: 16360 pred_wrong:140 actu_right: 16371 actu_wrong: 129
2026-07-14 11:56:52,518 P1712943 INFO ----------------------------------------------------------------------------------------------------
2026-07-14 11:56:52,518 P1712943 INFO 61/300 starting... lr: 0.001 para:0.016129031777381897
2026-07-14 11:56:58,545 P1712943 INFO Epoch 61/300, all_loss:0.08503 cls_loss:0.08487 rec_loss:0.09453 [6.03s]; best loss:0.04420, patience : 2
2026-07-14 11:57:00,913 P1712943 INFO pr:0.9214  rc:0.9446  auc:0.9852 ap:0.9695 f1: 0.9328 pred_right: 38593 pred_wrong:407 actu_right: 38603 actu_wrong: 397
2026-07-14 11:57:01,878 P1712943 INFO pr:0.8514  rc:0.9767  auc:0.9950 ap:0.9680 f1: 0.9097 pred_right: 16352 pred_wrong:148 actu_right: 16371 actu_wrong: 129
2026-07-14 11:57:01,879 P1712943 INFO ----------------------------------------------------------------------------------------------------
2026-07-14 11:57:01,879 P1712943 INFO 62/300 starting... lr: 0.001 para:0.01587301678955555
2026-07-14 11:57:07,976 P1712943 INFO Epoch 62/300, all_loss:0.25030 cls_loss:0.25271 rec_loss:0.10068 [6.10s]; best loss:0.04420, patience : 3
2026-07-14 11:57:10,184 P1712943 INFO pr:0.9659  rc:0.9270  auc:0.9777 ap:0.9703 f1: 0.9460 pred_right: 38619 pred_wrong:381 actu_right: 38603 actu_wrong: 397
2026-07-14 11:57:11,122 P1712943 INFO pr:0.9470  rc:0.9690  auc:0.9908 ap:0.9750 f1: 0.9579 pred_right: 16368 pred_wrong:132 actu_right: 16371 actu_wrong: 129
2026-07-14 11:57:11,123 P1712943 INFO ----------------------------------------------------------------------------------------------------
2026-07-14 11:57:11,123 P1712943 INFO 63/300 starting... lr: 0.001 para:0.015625
2026-07-14 11:57:17,387 P1712943 INFO Epoch 63/300, all_loss:0.13044 cls_loss:0.13099 rec_loss:0.09543 [6.26s]; best loss:0.04420, patience : 3
2026-07-14 11:57:19,504 P1712943 INFO pr:0.9835  rc:0.8992  auc:0.9789 ap:0.9787 f1: 0.9395 pred_right: 38637 pred_wrong:363 actu_right: 38603 actu_wrong: 397
2026-07-14 11:57:20,509 P1712943 INFO pr:0.9385  rc:0.9457  auc:0.9869 ap:0.9740 f1: 0.9421 pred_right: 16370 pred_wrong:130 actu_right: 16371 actu_wrong: 129
2026-07-14 11:57:20,510 P1712943 INFO ----------------------------------------------------------------------------------------------------
2026-07-14 11:57:20,510 P1712943 INFO 64/300 starting... lr: 0.001 para:0.015384615398943424
2026-07-14 11:57:26,849 P1712943 INFO Epoch 64/300, all_loss:0.06340 cls_loss:0.06293 rec_loss:0.09366 [6.34s]; best loss:0.04420, patience : 3
2026-07-14 11:57:29,320 P1712943 INFO pr:0.9615  rc:0.9446  auc:0.9846 ap:0.9794 f1: 0.9530 pred_right: 38610 pred_wrong:390 actu_right: 38603 actu_wrong: 397
2026-07-14 11:57:30,317 P1712943 INFO pr:0.8865  rc:0.9690  auc:0.9929 ap:0.9767 f1: 0.9259 pred_right: 16359 pred_wrong:141 actu_right: 16371 actu_wrong: 129
2026-07-14 11:57:30,318 P1712943 INFO ----------------------------------------------------------------------------------------------------
2026-07-14 11:57:30,318 P1712943 INFO 65/300 starting... lr: 0.001 para:0.01515151560306549
2026-07-14 11:57:36,640 P1712943 INFO Epoch 65/300, all_loss:0.05245 cls_loss:0.05193 rec_loss:0.08646 [6.32s]; best loss:0.04420, patience : 3
2026-07-14 11:57:39,140 P1712943 INFO pr:0.9864  rc:0.9144  auc:0.9796 ap:0.9787 f1: 0.9490 pred_right: 38632 pred_wrong:368 actu_right: 38603 actu_wrong: 397
2026-07-14 11:57:40,308 P1712943 INFO pr:0.9524  rc:0.9302  auc:0.9809 ap:0.9699 f1: 0.9412 pred_right: 16374 pred_wrong:126 actu_right: 16371 actu_wrong: 129
2026-07-14 11:57:40,309 P1712943 INFO ----------------------------------------------------------------------------------------------------
2026-07-14 11:57:40,309 P1712943 INFO 66/300 starting... lr: 0.001 para:0.014925372786819935
2026-07-14 11:57:47,831 P1712943 INFO Epoch 66/300, all_loss:0.03053 cls_loss:0.03005 rec_loss:0.06216 [7.52s]; best loss:0.03053, patience : 0
2026-07-14 11:57:49,773 P1712943 INFO pr:0.9861  rc:0.8942  auc:0.9768 ap:0.9774 f1: 0.9379 pred_right: 38640 pred_wrong:360 actu_right: 38603 actu_wrong: 397
2026-07-14 11:57:50,535 P1712943 INFO pr:0.9672  rc:0.9147  auc:0.9800 ap:0.9684 f1: 0.9402 pred_right: 16378 pred_wrong:122 actu_right: 16371 actu_wrong: 129
2026-07-14 11:57:50,535 P1712943 INFO ----------------------------------------------------------------------------------------------------
2026-07-14 11:57:50,535 P1712943 INFO 67/300 starting... lr: 0.001 para:0.014705882407724857
2026-07-14 11:57:56,818 P1712943 INFO Epoch 67/300, all_loss:0.27416 cls_loss:0.27676 rec_loss:0.09988 [6.28s]; best loss:0.03053, patience : 1
2026-07-14 11:58:00,536 P1712943 INFO pr:0.9834  rc:0.8942  auc:0.9805 ap:0.9788 f1: 0.9367 pred_right: 38639 pred_wrong:361 actu_right: 38603 actu_wrong: 397
2026-07-14 11:58:02,392 P1712943 INFO pr:0.9597  rc:0.9225  auc:0.9827 ap:0.9681 f1: 0.9407 pred_right: 16376 pred_wrong:124 actu_right: 16371 actu_wrong: 129
2026-07-14 11:58:02,393 P1712943 INFO ----------------------------------------------------------------------------------------------------
2026-07-14 11:58:02,394 P1712943 INFO 68/300 starting... lr: 0.001 para:0.014492753893136978
2026-07-14 11:58:14,789 P1712943 INFO Epoch 68/300, all_loss:0.02675 cls_loss:0.02581 rec_loss:0.09046 [12.39s]; best loss:0.02675, patience : 0
2026-07-14 11:58:17,409 P1712943 INFO pr:0.9661  rc:0.9320  auc:0.9803 ap:0.9785 f1: 0.9487 pred_right: 38617 pred_wrong:383 actu_right: 38603 actu_wrong: 397
2026-07-14 11:58:18,454 P1712943 INFO pr:0.9185  rc:0.9612  auc:0.9888 ap:0.9711 f1: 0.9394 pred_right: 16365 pred_wrong:135 actu_right: 16371 actu_wrong: 129
2026-07-14 11:58:18,455 P1712943 INFO ----------------------------------------------------------------------------------------------------
2026-07-14 11:58:18,455 P1712943 INFO 69/300 starting... lr: 0.001 para:0.014285714365541935
2026-07-14 11:58:25,054 P1712943 INFO Epoch 69/300, all_loss:0.06112 cls_loss:0.06067 rec_loss:0.09198 [6.60s]; best loss:0.02675, patience : 1
2026-07-14 11:58:27,635 P1712943 INFO pr:0.9519  rc:0.9471  auc:0.9843 ap:0.9710 f1: 0.9495 pred_right: 38605 pred_wrong:395 actu_right: 38603 actu_wrong: 397
2026-07-14 11:58:28,791 P1712943 INFO pr:0.8671  rc:0.9612  auc:0.9949 ap:0.9745 f1: 0.9118 pred_right: 16357 pred_wrong:143 actu_right: 16371 actu_wrong: 129
2026-07-14 11:58:28,792 P1712943 INFO ----------------------------------------------------------------------------------------------------
2026-07-14 11:58:28,792 P1712943 INFO 70/300 starting... lr: 0.001 para:0.014084506779909134
2026-07-14 11:58:35,296 P1712943 INFO Epoch 70/300, all_loss:0.07353 cls_loss:0.07320 rec_loss:0.09682 [6.50s]; best loss:0.02675, patience : 2
2026-07-14 11:58:37,777 P1712943 INFO pr:0.9360  rc:0.9572  auc:0.9893 ap:0.9772 f1: 0.9465 pred_right: 38594 pred_wrong:406 actu_right: 38603 actu_wrong: 397
2026-07-14 11:58:38,784 P1712943 INFO pr:0.8514  rc:0.9767  auc:0.9974 ap:0.9643 f1: 0.9097 pred_right: 16352 pred_wrong:148 actu_right: 16371 actu_wrong: 129
2026-07-14 11:58:38,784 P1712943 INFO ----------------------------------------------------------------------------------------------------
2026-07-14 11:58:38,784 P1712943 INFO 71/300 starting... lr: 0.001 para:0.013888888992369175
2026-07-14 11:58:45,167 P1712943 INFO Epoch 71/300, all_loss:0.34242 cls_loss:0.34599 rec_loss:0.08919 [6.38s]; best loss:0.02675, patience : 3
2026-07-14 11:58:47,591 P1712943 INFO pr:0.9736  rc:0.9295  auc:0.9823 ap:0.9776 f1: 0.9510 pred_right: 38621 pred_wrong:379 actu_right: 38603 actu_wrong: 397
2026-07-14 11:58:48,710 P1712943 INFO pr:0.9254  rc:0.9612  auc:0.9922 ap:0.9771 f1: 0.9430 pred_right: 16366 pred_wrong:134 actu_right: 16371 actu_wrong: 129
2026-07-14 11:58:48,711 P1712943 INFO ----------------------------------------------------------------------------------------------------
2026-07-14 11:58:48,711 P1712943 INFO 72/300 starting... lr: 0.001 para:0.013698630034923553
2026-07-14 11:58:55,089 P1712943 INFO Epoch 72/300, all_loss:0.07814 cls_loss:0.07791 rec_loss:0.09485 [6.38s]; best loss:0.02675, patience : 3
2026-07-14 11:58:57,412 P1712943 INFO pr:0.9709  rc:0.9244  auc:0.9805 ap:0.9745 f1: 0.9471 pred_right: 38622 pred_wrong:378 actu_right: 38603 actu_wrong: 397
2026-07-14 11:58:58,372 P1712943 INFO pr:0.9254  rc:0.9612  auc:0.9911 ap:0.9729 f1: 0.9430 pred_right: 16366 pred_wrong:134 actu_right: 16371 actu_wrong: 129
2026-07-14 11:58:58,373 P1712943 INFO ----------------------------------------------------------------------------------------------------
2026-07-14 11:58:58,373 P1712943 INFO 73/300 starting... lr: 0.001 para:0.013513513840734959
2026-07-14 11:59:05,301 P1712943 INFO Epoch 73/300, all_loss:0.05858 cls_loss:0.05816 rec_loss:0.08931 [6.93s]; best loss:0.02675, patience : 3
2026-07-14 11:59:07,715 P1712943 INFO pr:0.9471  rc:0.9471  auc:0.9879 ap:0.9784 f1: 0.9471 pred_right: 38603 pred_wrong:397 actu_right: 38603 actu_wrong: 397
2026-07-14 11:59:08,756 P1712943 INFO pr:0.8630  rc:0.9767  auc:0.9949 ap:0.9672 f1: 0.9164 pred_right: 16354 pred_wrong:146 actu_right: 16371 actu_wrong: 129
2026-07-14 11:59:08,756 P1712943 INFO ----------------------------------------------------------------------------------------------------
2026-07-14 11:59:08,757 P1712943 INFO 74/300 starting... lr: 0.001 para:0.013333333656191826
2026-07-14 11:59:15,282 P1712943 INFO Epoch 74/300, all_loss:0.02519 cls_loss:0.02425 rec_loss:0.09415 [6.52s]; best loss:0.02519, patience : 0
2026-07-14 11:59:17,646 P1712943 INFO pr:0.9662  rc:0.9370  auc:0.9861 ap:0.9784 f1: 0.9514 pred_right: 38615 pred_wrong:385 actu_right: 38603 actu_wrong: 397
2026-07-14 11:59:18,634 P1712943 INFO pr:0.9044  rc:0.9535  auc:0.9941 ap:0.9754 f1: 0.9283 pred_right: 16364 pred_wrong:136 actu_right: 16371 actu_wrong: 129
2026-07-14 11:59:18,635 P1712943 INFO ----------------------------------------------------------------------------------------------------
2026-07-14 11:59:18,635 P1712943 INFO 75/300 starting... lr: 0.001 para:0.01315789483487606
2026-07-14 11:59:25,503 P1712943 INFO Epoch 75/300, all_loss:0.03021 cls_loss:0.02937 rec_loss:0.09344 [6.87s]; best loss:0.02519, patience : 1
2026-07-14 11:59:27,282 P1712943 INFO pr:0.9712  rc:0.9345  auc:0.9821 ap:0.9778 f1: 0.9525 pred_right: 38618 pred_wrong:382 actu_right: 38603 actu_wrong: 397
2026-07-14 11:59:28,118 P1712943 INFO pr:0.9248  rc:0.9535  auc:0.9942 ap:0.9757 f1: 0.9389 pred_right: 16367 pred_wrong:133 actu_right: 16371 actu_wrong: 129
2026-07-14 11:59:28,119 P1712943 INFO ----------------------------------------------------------------------------------------------------
2026-07-14 11:59:28,119 P1712943 INFO 76/300 starting... lr: 0.001 para:0.012987012974917889
2026-07-14 11:59:34,138 P1712943 INFO Epoch 76/300, all_loss:0.02166 cls_loss:0.02075 rec_loss:0.09094 [6.02s]; best loss:0.02166, patience : 0
2026-07-14 11:59:37,819 P1712943 INFO pr:0.9662  rc:0.9370  auc:0.9816 ap:0.9774 f1: 0.9514 pred_right: 38615 pred_wrong:385 actu_right: 38603 actu_wrong: 397
2026-07-14 11:59:39,928 P1712943 INFO pr:0.9242  rc:0.9457  auc:0.9943 ap:0.9765 f1: 0.9349 pred_right: 16368 pred_wrong:132 actu_right: 16371 actu_wrong: 129
2026-07-14 11:59:39,929 P1712943 INFO ----------------------------------------------------------------------------------------------------
2026-07-14 11:59:39,929 P1712943 INFO 77/300 starting... lr: 0.001 para:0.012820512987673283
2026-07-14 11:59:51,005 P1712943 INFO Epoch 77/300, all_loss:0.02287 cls_loss:0.02194 rec_loss:0.09507 [11.08s]; best loss:0.02166, patience : 1
2026-07-14 11:59:53,569 P1712943 INFO pr:0.9611  rc:0.9345  auc:0.9785 ap:0.9747 f1: 0.9476 pred_right: 38614 pred_wrong:386 actu_right: 38603 actu_wrong: 397
2026-07-14 11:59:54,718 P1712943 INFO pr:0.9091  rc:0.9302  auc:0.9817 ap:0.9677 f1: 0.9195 pred_right: 16368 pred_wrong:132 actu_right: 16371 actu_wrong: 129
2026-07-14 11:59:54,719 P1712943 INFO ----------------------------------------------------------------------------------------------------
2026-07-14 11:59:54,719 P1712943 INFO 78/300 starting... lr: 0.001 para:0.012658228166401386
2026-07-14 12:00:01,223 P1712943 INFO Epoch 78/300, all_loss:0.07080 cls_loss:0.07051 rec_loss:0.09270 [6.50s]; best loss:0.02166, patience : 2
2026-07-14 12:00:03,503 P1712943 INFO pr:0.9612  rc:0.9370  auc:0.9825 ap:0.9740 f1: 0.9490 pred_right: 38613 pred_wrong:387 actu_right: 38603 actu_wrong: 397
2026-07-14 12:00:04,429 P1712943 INFO pr:0.8978  rc:0.9535  auc:0.9894 ap:0.9660 f1: 0.9248 pred_right: 16363 pred_wrong:137 actu_right: 16371 actu_wrong: 129
2026-07-14 12:00:04,429 P1712943 INFO ----------------------------------------------------------------------------------------------------
2026-07-14 12:00:04,429 P1712943 INFO 79/300 starting... lr: 0.001 para:0.012500000186264515
2026-07-14 12:00:10,821 P1712943 INFO Epoch 79/300, all_loss:0.51285 cls_loss:0.51812 rec_loss:0.09650 [6.39s]; best loss:0.02166, patience : 3
2026-07-14 12:00:13,205 P1712943 INFO pr:0.9735  rc:0.9268  auc:0.9845 ap:0.9769 f1: 0.9495 pred_right: 38623 pred_wrong:377 actu_right: 38604 actu_wrong: 396
2026-07-14 12:00:14,264 P1712943 INFO pr:0.9167  rc:0.9380  auc:0.9820 ap:0.9655 f1: 0.9272 pred_right: 16368 pred_wrong:132 actu_right: 16371 actu_wrong: 129
2026-07-14 12:00:14,264 P1712943 INFO ----------------------------------------------------------------------------------------------------
2026-07-14 12:00:14,264 P1712943 INFO 80/300 starting... lr: 0.001 para:0.012345679104328156
2026-07-14 12:00:20,735 P1712943 INFO Epoch 80/300, all_loss:0.07890 cls_loss:0.07877 rec_loss:0.08881 [6.47s]; best loss:0.02166, patience : 3
2026-07-14 12:00:23,223 P1712943 INFO pr:0.9642  rc:0.9496  auc:0.9901 ap:0.9777 f1: 0.9569 pred_right: 38609 pred_wrong:391 actu_right: 38603 actu_wrong: 397
2026-07-14 12:00:24,263 P1712943 INFO pr:0.9259  rc:0.9690  auc:0.9942 ap:0.9764 f1: 0.9470 pred_right: 16365 pred_wrong:135 actu_right: 16371 actu_wrong: 129
2026-07-14 12:00:24,264 P1712943 INFO ----------------------------------------------------------------------------------------------------
2026-07-14 12:00:24,264 P1712943 INFO 81/300 starting... lr: 0.001 para:0.012195121496915817
2026-07-14 12:00:30,839 P1712943 INFO Epoch 81/300, all_loss:0.09805 cls_loss:0.09822 rec_loss:0.08410 [6.57s]; best loss:0.02166, patience : 4
2026-07-14 12:00:33,285 P1712943 INFO pr:0.9915  rc:0.8816  auc:0.9809 ap:0.9729 f1: 0.9333 pred_right: 38647 pred_wrong:353 actu_right: 38603 actu_wrong: 397
2026-07-14 12:00:34,345 P1712943 INFO pr:0.9593  rc:0.9147  auc:0.9690 ap:0.9608 f1: 0.9365 pred_right: 16377 pred_wrong:123 actu_right: 16371 actu_wrong: 129
2026-07-14 12:00:34,345 P1712943 INFO ----------------------------------------------------------------------------------------------------
2026-07-14 12:00:34,346 P1712943 INFO 82/300 starting... lr: 0.001 para:0.012048192322254181
2026-07-14 12:00:40,757 P1712943 INFO Epoch 82/300, all_loss:0.07430 cls_loss:0.07399 rec_loss:0.09991 [6.41s]; best loss:0.02166, patience : 4
2026-07-14 12:00:43,099 P1712943 INFO pr:0.9813  rc:0.9244  auc:0.9784 ap:0.9768 f1: 0.9520 pred_right: 38626 pred_wrong:374 actu_right: 38603 actu_wrong: 397
2026-07-14 12:00:44,221 P1712943 INFO pr:0.9538  rc:0.9612  auc:0.9866 ap:0.9781 f1: 0.9575 pred_right: 16370 pred_wrong:130 actu_right: 16371 actu_wrong: 129
2026-07-14 12:00:44,222 P1712943 INFO ----------------------------------------------------------------------------------------------------
2026-07-14 12:00:44,222 P1712943 INFO 83/300 starting... lr: 0.001 para:0.011904762126505375
2026-07-14 12:00:50,797 P1712943 INFO Epoch 83/300, all_loss:0.03760 cls_loss:0.03684 rec_loss:0.10081 [6.57s]; best loss:0.02166, patience : 4
2026-07-14 12:00:53,187 P1712943 INFO pr:0.9446  rc:0.9446  auc:0.9862 ap:0.9731 f1: 0.9446 pred_right: 38603 pred_wrong:397 actu_right: 38603 actu_wrong: 397
2026-07-14 12:00:54,254 P1712943 INFO pr:0.8865  rc:0.9690  auc:0.9904 ap:0.9537 f1: 0.9259 pred_right: 16359 pred_wrong:141 actu_right: 16371 actu_wrong: 129
2026-07-14 12:00:54,254 P1712943 INFO ----------------------------------------------------------------------------------------------------
2026-07-14 12:00:54,254 P1712943 INFO 84/300 starting... lr: 0.001 para:0.0117647061124444
2026-07-14 12:01:01,196 P1712943 INFO Epoch 84/300, all_loss:0.07327 cls_loss:0.07287 rec_loss:0.10678 [6.94s]; best loss:0.02166, patience : 5
2026-07-14 12:01:02,887 P1712943 INFO pr:0.9758  rc:0.9167  auc:0.9828 ap:0.9769 f1: 0.9453 pred_right: 38628 pred_wrong:372 actu_right: 38604 actu_wrong: 396
2026-07-14 12:01:03,673 P1712943 INFO pr:0.9385  rc:0.9457  auc:0.9863 ap:0.9712 f1: 0.9421 pred_right: 16370 pred_wrong:130 actu_right: 16371 actu_wrong: 129
2026-07-14 12:01:03,674 P1712943 INFO ----------------------------------------------------------------------------------------------------
2026-07-14 12:01:03,674 P1712943 INFO 85/300 starting... lr: 0.001 para:0.011627906933426857
2026-07-14 12:01:09,711 P1712943 INFO Epoch 85/300, all_loss:0.02700 cls_loss:0.02611 rec_loss:0.10219 [6.04s]; best loss:0.02166, patience : 5
2026-07-14 12:01:13,316 P1712943 INFO pr:0.9613  rc:0.9419  auc:0.9816 ap:0.9744 f1: 0.9515 pred_right: 38612 pred_wrong:388 actu_right: 38604 actu_wrong: 396
2026-07-14 12:01:15,352 P1712943 INFO pr:0.9051  rc:0.9612  auc:0.9895 ap:0.9645 f1: 0.9323 pred_right: 16363 pred_wrong:137 actu_right: 16371 actu_wrong: 129
2026-07-14 12:01:15,353 P1712943 INFO ----------------------------------------------------------------------------------------------------
2026-07-14 12:01:15,354 P1712943 INFO 86/300 starting... lr: 0.001 para:0.01149425283074379
2026-07-14 12:01:26,846 P1712943 INFO Epoch 86/300, all_loss:0.04890 cls_loss:0.04842 rec_loss:0.08964 [11.49s]; best loss:0.02166, patience : 6
2026-07-14 12:01:29,324 P1712943 INFO pr:0.9736  rc:0.9295  auc:0.9821 ap:0.9762 f1: 0.9510 pred_right: 38621 pred_wrong:379 actu_right: 38603 actu_wrong: 397
2026-07-14 12:01:30,433 P1712943 INFO pr:0.9254  rc:0.9612  auc:0.9943 ap:0.9735 f1: 0.9430 pred_right: 16366 pred_wrong:134 actu_right: 16371 actu_wrong: 129
2026-07-14 12:01:30,434 P1712943 INFO ----------------------------------------------------------------------------------------------------
2026-07-14 12:01:30,434 P1712943 INFO 87/300 starting... lr: 0.001 para:0.011363636702299118
2026-07-14 12:01:37,281 P1712943 INFO Epoch 87/300, all_loss:0.07627 cls_loss:0.07604 rec_loss:0.09629 [6.85s]; best loss:0.02166, patience : 7
2026-07-14 12:01:39,781 P1712943 INFO pr:0.9788  rc:0.9295  auc:0.9830 ap:0.9767 f1: 0.9535 pred_right: 38623 pred_wrong:377 actu_right: 38603 actu_wrong: 397
2026-07-14 12:01:40,866 P1712943 INFO pr:0.9328  rc:0.9690  auc:0.9943 ap:0.9783 f1: 0.9506 pred_right: 16366 pred_wrong:134 actu_right: 16371 actu_wrong: 129
2026-07-14 12:01:40,867 P1712943 INFO ----------------------------------------------------------------------------------------------------
2026-07-14 12:01:40,874 P1712943 INFO 88/300 starting... lr: 0.001 para:0.01123595517128706
2026-07-14 12:01:47,620 P1712943 INFO Epoch 88/300, all_loss:0.01711 cls_loss:0.01627 rec_loss:0.09115 [6.74s]; best loss:0.01711, patience : 0
2026-07-14 12:01:50,221 P1712943 INFO pr:0.9812  rc:0.9217  auc:0.9786 ap:0.9781 f1: 0.9505 pred_right: 38628 pred_wrong:372 actu_right: 38604 actu_wrong: 396
2026-07-14 12:01:51,258 P1712943 INFO pr:0.9524  rc:0.9302  auc:0.9838 ap:0.9692 f1: 0.9412 pred_right: 16374 pred_wrong:126 actu_right: 16371 actu_wrong: 129
2026-07-14 12:01:51,259 P1712943 INFO ----------------------------------------------------------------------------------------------------
2026-07-14 12:01:51,259 P1712943 INFO 89/300 starting... lr: 0.001 para:0.011111111380159855
2026-07-14 12:01:57,939 P1712943 INFO Epoch 89/300, all_loss:0.01252 cls_loss:0.01163 rec_loss:0.09133 [6.68s]; best loss:0.01252, patience : 0
2026-07-14 12:02:00,605 P1712943 INFO pr:0.9829  rc:0.8709  auc:0.9717 ap:0.9732 f1: 0.9235 pred_right: 38650 pred_wrong:350 actu_right: 38605 actu_wrong: 395
2026-07-14 12:02:01,688 P1712943 INFO pr:0.9680  rc:0.9380  auc:0.9815 ap:0.9681 f1: 0.9528 pred_right: 16375 pred_wrong:125 actu_right: 16371 actu_wrong: 129
2026-07-14 12:02:01,689 P1712943 INFO ----------------------------------------------------------------------------------------------------
2026-07-14 12:02:01,689 P1712943 INFO 90/300 starting... lr: 0.001 para:0.010989011265337467
2026-07-14 12:02:08,427 P1712943 INFO Epoch 90/300, all_loss:0.01724 cls_loss:0.01633 rec_loss:0.09985 [6.74s]; best loss:0.01252, patience : 1
2026-07-14 12:02:10,907 P1712943 INFO pr:0.9761  rc:0.9244  auc:0.9812 ap:0.9775 f1: 0.9495 pred_right: 38624 pred_wrong:376 actu_right: 38603 actu_wrong: 397
2026-07-14 12:02:11,829 P1712943 INFO pr:0.9023  rc:0.9302  auc:0.9816 ap:0.9609 f1: 0.9160 pred_right: 16367 pred_wrong:133 actu_right: 16371 actu_wrong: 129
2026-07-14 12:02:11,829 P1712943 INFO ----------------------------------------------------------------------------------------------------
2026-07-14 12:02:11,830 P1712943 INFO 91/300 starting... lr: 0.001 para:0.010869565419852734
2026-07-14 12:02:18,330 P1712943 INFO Epoch 91/300, all_loss:0.05160 cls_loss:0.05088 rec_loss:0.11777 [6.50s]; best loss:0.01252, patience : 2
2026-07-14 12:02:20,708 P1712943 INFO pr:0.9661  rc:0.9343  auc:0.9835 ap:0.9782 f1: 0.9499 pred_right: 38617 pred_wrong:383 actu_right: 38604 actu_wrong: 396
2026-07-14 12:02:21,635 P1712943 INFO pr:0.9185  rc:0.9612  auc:0.9910 ap:0.9680 f1: 0.9394 pred_right: 16365 pred_wrong:135 actu_right: 16371 actu_wrong: 129
2026-07-14 12:02:21,636 P1712943 INFO ----------------------------------------------------------------------------------------------------
2026-07-14 12:02:21,636 P1712943 INFO 92/300 starting... lr: 0.001 para:0.01075268816202879
2026-07-14 12:02:28,104 P1712943 INFO Epoch 92/300, all_loss:0.03585 cls_loss:0.03510 rec_loss:0.10507 [6.47s]; best loss:0.01252, patience : 2
2026-07-14 12:02:31,520 P1712943 INFO pr:0.9781  rc:0.9018  auc:0.9769 ap:0.9752 f1: 0.9384 pred_right: 38634 pred_wrong:366 actu_right: 38603 actu_wrong: 397
2026-07-14 12:02:33,341 P1712943 INFO pr:0.9520  rc:0.9225  auc:0.9822 ap:0.9683 f1: 0.9370 pred_right: 16375 pred_wrong:125 actu_right: 16371 actu_wrong: 129
2026-07-14 12:02:33,341 P1712943 INFO ----------------------------------------------------------------------------------------------------
2026-07-14 12:02:33,341 P1712943 INFO 93/300 starting... lr: 0.001 para:0.010638297535479069
2026-07-14 12:02:38,692 P1712943 INFO Epoch 93/300, all_loss:0.01130 cls_loss:0.01034 rec_loss:0.10041 [5.35s]; best loss:0.01130, patience : 0
2026-07-14 12:02:40,659 P1712943 INFO pr:0.9419  rc:0.9395  auc:0.9825 ap:0.9728 f1: 0.9407 pred_right: 38604 pred_wrong:396 actu_right: 38603 actu_wrong: 397
2026-07-14 12:02:41,547 P1712943 INFO pr:0.8921  rc:0.9612  auc:0.9890 ap:0.9550 f1: 0.9254 pred_right: 16361 pred_wrong:139 actu_right: 16371 actu_wrong: 129
2026-07-14 12:02:41,548 P1712943 INFO ----------------------------------------------------------------------------------------------------
2026-07-14 12:02:41,548 P1712943 INFO 94/300 starting... lr: 0.001 para:0.010526316240429878
2026-07-14 12:02:50,619 P1712943 INFO Epoch 94/300, all_loss:0.67198 cls_loss:0.67805 rec_loss:0.10165 [9.07s]; best loss:0.01130, patience : 1
2026-07-14 12:02:55,107 P1712943 INFO pr:0.9687  rc:0.9345  auc:0.9845 ap:0.9775 f1: 0.9513 pred_right: 38617 pred_wrong:383 actu_right: 38603 actu_wrong: 397
2026-07-14 12:02:57,032 P1712943 INFO pr:0.9394  rc:0.9612  auc:0.9866 ap:0.9672 f1: 0.9502 pred_right: 16368 pred_wrong:132 actu_right: 16371 actu_wrong: 129
2026-07-14 12:02:57,033 P1712943 INFO ----------------------------------------------------------------------------------------------------
2026-07-14 12:02:57,034 P1712943 INFO 95/300 starting... lr: 0.001 para:0.010416666977107525
2026-07-14 12:03:05,037 P1712943 INFO Epoch 95/300, all_loss:0.01499 cls_loss:0.01396 rec_loss:0.11225 [8.00s]; best loss:0.01130, patience : 1
2026-07-14 12:03:07,550 P1712943 INFO pr:0.9738  rc:0.9345  auc:0.9840 ap:0.9774 f1: 0.9537 pred_right: 38619 pred_wrong:381 actu_right: 38603 actu_wrong: 397
2026-07-14 12:03:08,580 P1712943 INFO pr:0.9179  rc:0.9535  auc:0.9846 ap:0.9619 f1: 0.9354 pred_right: 16366 pred_wrong:134 actu_right: 16371 actu_wrong: 129
2026-07-14 12:03:08,581 P1712943 INFO ----------------------------------------------------------------------------------------------------
2026-07-14 12:03:08,581 P1712943 INFO 96/300 starting... lr: 0.001 para:0.010309278033673763
2026-07-14 12:03:15,031 P1712943 INFO Epoch 96/300, all_loss:0.01793 cls_loss:0.01692 rec_loss:0.11484 [6.45s]; best loss:0.01130, patience : 2
2026-07-14 12:03:17,413 P1712943 INFO pr:0.9655  rc:0.9169  auc:0.9789 ap:0.9714 f1: 0.9406 pred_right: 38623 pred_wrong:377 actu_right: 38603 actu_wrong: 397
2026-07-14 12:03:18,424 P1712943 INFO pr:0.9302  rc:0.9302  auc:0.9690 ap:0.9545 f1: 0.9302 pred_right: 16371 pred_wrong:129 actu_right: 16371 actu_wrong: 129
2026-07-14 12:03:18,424 P1712943 INFO ----------------------------------------------------------------------------------------------------
2026-07-14 12:03:18,425 P1712943 INFO 97/300 starting... lr: 0.001 para:0.010204081423580647
2026-07-14 12:03:25,147 P1712943 INFO Epoch 97/300, all_loss:0.32557 cls_loss:0.32773 rec_loss:0.11583 [6.72s]; best loss:0.01130, patience : 3
2026-07-14 12:03:27,676 P1712943 INFO pr:0.9917  rc:0.8992  auc:0.9746 ap:0.9730 f1: 0.9432 pred_right: 38640 pred_wrong:360 actu_right: 38603 actu_wrong: 397
2026-07-14 12:03:28,714 P1712943 INFO pr:0.9512  rc:0.9070  auc:0.9705 ap:0.9527 f1: 0.9286 pred_right: 16377 pred_wrong:123 actu_right: 16371 actu_wrong: 129
2026-07-14 12:03:28,714 P1712943 INFO ----------------------------------------------------------------------------------------------------
2026-07-14 12:03:28,722 P1712943 INFO 98/300 starting... lr: 0.001 para:0.010101010091602802
2026-07-14 12:03:35,452 P1712943 INFO Epoch 98/300, all_loss:0.03094 cls_loss:0.03020 rec_loss:0.10338 [6.73s]; best loss:0.01130, patience : 3
2026-07-14 12:03:37,995 P1712943 INFO pr:0.9686  rc:0.9320  auc:0.9818 ap:0.9792 f1: 0.9499 pred_right: 38618 pred_wrong:382 actu_right: 38603 actu_wrong: 397
2026-07-14 12:03:39,044 P1712943 INFO pr:0.9179  rc:0.9535  auc:0.9900 ap:0.9652 f1: 0.9354 pred_right: 16366 pred_wrong:134 actu_right: 16371 actu_wrong: 129
2026-07-14 12:03:39,045 P1712943 INFO ----------------------------------------------------------------------------------------------------
2026-07-14 12:03:39,045 P1712943 INFO 99/300 starting... lr: 0.001 para:0.01
2026-07-14 12:03:45,751 P1712943 INFO Epoch 99/300, all_loss:0.02083 cls_loss:0.01997 rec_loss:0.10636 [6.71s]; best loss:0.01130, patience : 3
2026-07-14 12:03:48,256 P1712943 INFO pr:0.9661  rc:0.9320  auc:0.9840 ap:0.9755 f1: 0.9487 pred_right: 38617 pred_wrong:383 actu_right: 38603 actu_wrong: 397
2026-07-14 12:03:49,296 P1712943 INFO pr:0.9104  rc:0.9457  auc:0.9845 ap:0.9628 f1: 0.9278 pred_right: 16366 pred_wrong:134 actu_right: 16371 actu_wrong: 129
2026-07-14 12:03:49,297 P1712943 INFO ----------------------------------------------------------------------------------------------------
2026-07-14 12:03:49,297 P1712943 INFO 100/300 starting... lr: 0.0009000000000000001 para:0.01
2026-07-14 12:03:55,893 P1712943 INFO Epoch 100/300, all_loss:0.12018 cls_loss:0.12025 rec_loss:0.11243 [6.60s]; best loss:0.01130, patience : 4
2026-07-14 12:03:58,462 P1712943 INFO pr:0.9714  rc:0.9421  auc:0.9857 ap:0.9766 f1: 0.9565 pred_right: 38615 pred_wrong:385 actu_right: 38603 actu_wrong: 397
2026-07-14 12:03:59,574 P1712943 INFO pr:0.9333  rc:0.9767  auc:0.9904 ap:0.9724 f1: 0.9545 pred_right: 16365 pred_wrong:135 actu_right: 16371 actu_wrong: 129
2026-07-14 12:03:59,574 P1712943 INFO ----------------------------------------------------------------------------------------------------
2026-07-14 12:03:59,575 P1712943 INFO 101/300 starting... lr: 0.0009000000000000001 para:0.01
2026-07-14 12:04:06,286 P1712943 INFO Epoch 101/300, all_loss:0.01187 cls_loss:0.01085 rec_loss:0.11205 [6.71s]; best loss:0.01130, patience : 4
2026-07-14 12:04:09,627 P1712943 INFO pr:0.9788  rc:0.9367  auc:0.9815 ap:0.9775 f1: 0.9573 pred_right: 38622 pred_wrong:378 actu_right: 38605 actu_wrong: 395
2026-07-14 12:04:10,794 P1712943 INFO pr:0.9389  rc:0.9535  auc:0.9902 ap:0.9747 f1: 0.9462 pred_right: 16369 pred_wrong:131 actu_right: 16371 actu_wrong: 129
2026-07-14 12:04:10,795 P1712943 INFO ----------------------------------------------------------------------------------------------------
2026-07-14 12:04:10,795 P1712943 INFO 102/300 starting... lr: 0.0009000000000000001 para:0.01
2026-07-14 12:04:16,113 P1712943 INFO Epoch 102/300, all_loss:0.00988 cls_loss:0.00892 rec_loss:0.10565 [5.31s]; best loss:0.00988, patience : 0
2026-07-14 12:04:18,242 P1712943 INFO pr:0.9811  rc:0.9169  auc:0.9788 ap:0.9746 f1: 0.9479 pred_right: 38629 pred_wrong:371 actu_right: 38603 actu_wrong: 397
2026-07-14 12:04:19,307 P1712943 INFO pr:0.9453  rc:0.9380  auc:0.9861 ap:0.9684 f1: 0.9416 pred_right: 16372 pred_wrong:128 actu_right: 16371 actu_wrong: 129
2026-07-14 12:04:19,308 P1712943 INFO ----------------------------------------------------------------------------------------------------
2026-07-14 12:04:19,308 P1712943 INFO 103/300 starting... lr: 0.0009000000000000001 para:0.01
2026-07-14 12:04:29,157 P1712943 INFO Epoch 103/300, all_loss:0.00583 cls_loss:0.00470 rec_loss:0.11783 [9.84s]; best loss:0.00583, patience : 0
2026-07-14 12:04:35,645 P1712943 INFO pr:0.9687  rc:0.9345  auc:0.9790 ap:0.9758 f1: 0.9513 pred_right: 38617 pred_wrong:383 actu_right: 38603 actu_wrong: 397
2026-07-14 12:04:37,008 P1712943 INFO pr:0.9254  rc:0.9612  auc:0.9920 ap:0.9717 f1: 0.9430 pred_right: 16366 pred_wrong:134 actu_right: 16371 actu_wrong: 129
2026-07-14 12:04:37,009 P1712943 INFO ----------------------------------------------------------------------------------------------------
2026-07-14 12:04:37,009 P1712943 INFO 104/300 starting... lr: 0.0009000000000000001 para:0.01
2026-07-14 12:04:44,151 P1712943 INFO Epoch 104/300, all_loss:0.00404 cls_loss:0.00296 rec_loss:0.11040 [7.14s]; best loss:0.00404, patience : 0
2026-07-14 12:04:46,400 P1712943 INFO pr:0.9495  rc:0.9471  auc:0.9835 ap:0.9707 f1: 0.9483 pred_right: 38604 pred_wrong:396 actu_right: 38603 actu_wrong: 397
2026-07-14 12:04:47,376 P1712943 INFO pr:0.8562  rc:0.9690  auc:0.9955 ap:0.9556 f1: 0.9091 pred_right: 16354 pred_wrong:146 actu_right: 16371 actu_wrong: 129
2026-07-14 12:04:47,378 P1712943 INFO ----------------------------------------------------------------------------------------------------
2026-07-14 12:04:47,378 P1712943 INFO 105/300 starting... lr: 0.0009000000000000001 para:0.01
2026-07-14 12:04:53,918 P1712943 INFO Epoch 105/300, all_loss:0.00320 cls_loss:0.00208 rec_loss:0.11367 [6.54s]; best loss:0.00320, patience : 0
2026-07-14 12:04:56,251 P1712943 INFO pr:0.9564  rc:0.9419  auc:0.9841 ap:0.9762 f1: 0.9491 pred_right: 38610 pred_wrong:390 actu_right: 38604 actu_wrong: 396
2026-07-14 12:04:57,213 P1712943 INFO pr:0.9058  rc:0.9690  auc:0.9903 ap:0.9662 f1: 0.9363 pred_right: 16362 pred_wrong:138 actu_right: 16371 actu_wrong: 129
2026-07-14 12:04:57,213 P1712943 INFO ----------------------------------------------------------------------------------------------------
2026-07-14 12:04:57,213 P1712943 INFO 106/300 starting... lr: 0.0009000000000000001 para:0.01
2026-07-14 12:05:03,898 P1712943 INFO Epoch 106/300, all_loss:0.00314 cls_loss:0.00195 rec_loss:0.12070 [6.68s]; best loss:0.00314, patience : 0
2026-07-14 12:05:06,548 P1712943 INFO pr:0.9811  rc:0.9144  auc:0.9772 ap:0.9774 f1: 0.9465 pred_right: 38630 pred_wrong:370 actu_right: 38603 actu_wrong: 397
2026-07-14 12:05:07,730 P1712943 INFO pr:0.9462  rc:0.9535  auc:0.9844 ap:0.9712 f1: 0.9498 pred_right: 16370 pred_wrong:130 actu_right: 16371 actu_wrong: 129
2026-07-14 12:05:07,731 P1712943 INFO ----------------------------------------------------------------------------------------------------
2026-07-14 12:05:07,731 P1712943 INFO 107/300 starting... lr: 0.0009000000000000001 para:0.01
2026-07-14 12:05:14,473 P1712943 INFO Epoch 107/300, all_loss:0.12102 cls_loss:0.12103 rec_loss:0.11973 [6.74s]; best loss:0.00314, patience : 1
2026-07-14 12:05:17,042 P1712943 INFO pr:0.9686  rc:0.9320  auc:0.9821 ap:0.9745 f1: 0.9499 pred_right: 38618 pred_wrong:382 actu_right: 38603 actu_wrong: 397
2026-07-14 12:05:17,978 P1712943 INFO pr:0.9259  rc:0.9690  auc:0.9922 ap:0.9669 f1: 0.9470 pred_right: 16365 pred_wrong:135 actu_right: 16371 actu_wrong: 129
2026-07-14 12:05:17,978 P1712943 INFO ----------------------------------------------------------------------------------------------------
2026-07-14 12:05:17,978 P1712943 INFO 108/300 starting... lr: 0.0009000000000000001 para:0.01
2026-07-14 12:05:24,769 P1712943 INFO Epoch 108/300, all_loss:0.32344 cls_loss:0.32574 rec_loss:0.09617 [6.79s]; best loss:0.00314, patience : 2
2026-07-14 12:05:27,383 P1712943 INFO pr:0.9786  rc:0.9217  auc:0.9823 ap:0.9805 f1: 0.9493 pred_right: 38627 pred_wrong:373 actu_right: 38604 actu_wrong: 396
2026-07-14 12:05:28,394 P1712943 INFO pr:0.9318  rc:0.9535  auc:0.9907 ap:0.9705 f1: 0.9425 pred_right: 16368 pred_wrong:132 actu_right: 16371 actu_wrong: 129
2026-07-14 12:05:28,394 P1712943 INFO ----------------------------------------------------------------------------------------------------
2026-07-14 12:05:28,395 P1712943 INFO 109/300 starting... lr: 0.0009000000000000001 para:0.01
2026-07-14 12:05:35,189 P1712943 INFO Epoch 109/300, all_loss:0.03080 cls_loss:0.03016 rec_loss:0.09369 [6.79s]; best loss:0.00314, patience : 2
2026-07-14 12:05:37,394 P1712943 INFO pr:0.9661  rc:0.9320  auc:0.9829 ap:0.9786 f1: 0.9487 pred_right: 38617 pred_wrong:383 actu_right: 38603 actu_wrong: 397
2026-07-14 12:05:38,385 P1712943 INFO pr:0.9179  rc:0.9535  auc:0.9871 ap:0.9642 f1: 0.9354 pred_right: 16366 pred_wrong:134 actu_right: 16371 actu_wrong: 129
2026-07-14 12:05:38,386 P1712943 INFO ----------------------------------------------------------------------------------------------------
2026-07-14 12:05:38,386 P1712943 INFO 110/300 starting... lr: 0.0009000000000000001 para:0.01
2026-07-14 12:05:46,314 P1712943 INFO Epoch 110/300, all_loss:0.01477 cls_loss:0.01398 rec_loss:0.09291 [7.93s]; best loss:0.00314, patience : 2
2026-07-14 12:05:48,842 P1712943 INFO pr:0.9667  rc:0.9496  auc:0.9874 ap:0.9793 f1: 0.9581 pred_right: 38610 pred_wrong:390 actu_right: 38603 actu_wrong: 397
2026-07-14 12:05:49,596 P1712943 INFO pr:0.9197  rc:0.9767  auc:0.9924 ap:0.9625 f1: 0.9474 pred_right: 16363 pred_wrong:137 actu_right: 16371 actu_wrong: 129
2026-07-14 12:05:49,599 P1712943 INFO ----------------------------------------------------------------------------------------------------
2026-07-14 12:05:49,600 P1712943 INFO 111/300 starting... lr: 0.0009000000000000001 para:0.01
2026-07-14 12:05:55,381 P1712943 INFO Epoch 111/300, all_loss:0.00436 cls_loss:0.00344 rec_loss:0.09503 [5.78s]; best loss:0.00314, patience : 2
2026-07-14 12:05:57,555 P1712943 INFO pr:0.9662  rc:0.9394  auc:0.9822 ap:0.9788 f1: 0.9526 pred_right: 38615 pred_wrong:385 actu_right: 38604 actu_wrong: 396
2026-07-14 12:05:58,447 P1712943 INFO pr:0.9197  rc:0.9767  auc:0.9936 ap:0.9592 f1: 0.9474 pred_right: 16363 pred_wrong:137 actu_right: 16371 actu_wrong: 129
2026-07-14 12:05:58,447 P1712943 INFO ----------------------------------------------------------------------------------------------------
2026-07-14 12:05:58,447 P1712943 INFO 112/300 starting... lr: 0.0009000000000000001 para:0.01
2026-07-14 12:06:10,765 P1712943 INFO Epoch 112/300, all_loss:0.01430 cls_loss:0.01348 rec_loss:0.09594 [12.32s]; best loss:0.00314, patience : 3
2026-07-14 12:06:15,108 P1712943 INFO pr:0.9661  rc:0.9369  auc:0.9839 ap:0.9797 f1: 0.9513 pred_right: 38616 pred_wrong:384 actu_right: 38604 actu_wrong: 396
2026-07-14 12:06:16,294 P1712943 INFO pr:0.9197  rc:0.9767  auc:0.9921 ap:0.9682 f1: 0.9474 pred_right: 16363 pred_wrong:137 actu_right: 16371 actu_wrong: 129
2026-07-14 12:06:16,295 P1712943 INFO ----------------------------------------------------------------------------------------------------
2026-07-14 12:06:16,295 P1712943 INFO 113/300 starting... lr: 0.0009000000000000001 para:0.01
2026-07-14 12:06:23,220 P1712943 INFO Epoch 113/300, all_loss:0.00441 cls_loss:0.00351 rec_loss:0.09294 [6.92s]; best loss:0.00314, patience : 3
2026-07-14 12:06:25,765 P1712943 INFO pr:0.9891  rc:0.9167  auc:0.9742 ap:0.9770 f1: 0.9515 pred_right: 38633 pred_wrong:367 actu_right: 38604 actu_wrong: 396
2026-07-14 12:06:26,871 P1712943 INFO pr:0.9398  rc:0.9690  auc:0.9892 ap:0.9707 f1: 0.9542 pred_right: 16367 pred_wrong:133 actu_right: 16371 actu_wrong: 129
2026-07-14 12:06:26,871 P1712943 INFO ----------------------------------------------------------------------------------------------------
2026-07-14 12:06:26,872 P1712943 INFO 114/300 starting... lr: 0.0009000000000000001 para:0.01
2026-07-14 12:06:33,664 P1712943 INFO Epoch 114/300, all_loss:0.05218 cls_loss:0.05172 rec_loss:0.09791 [6.79s]; best loss:0.00314, patience : 4
2026-07-14 12:06:35,880 P1712943 INFO pr:0.9563  rc:0.9370  auc:0.9833 ap:0.9783 f1: 0.9466 pred_right: 38611 pred_wrong:389 actu_right: 38603 actu_wrong: 397
2026-07-14 12:06:36,810 P1712943 INFO pr:0.9197  rc:0.9767  auc:0.9920 ap:0.9615 f1: 0.9474 pred_right: 16363 pred_wrong:137 actu_right: 16371 actu_wrong: 129
2026-07-14 12:06:36,810 P1712943 INFO ----------------------------------------------------------------------------------------------------
2026-07-14 12:06:36,810 P1712943 INFO 115/300 starting... lr: 0.0009000000000000001 para:0.01
2026-07-14 12:06:43,142 P1712943 INFO Epoch 115/300, all_loss:0.01315 cls_loss:0.01236 rec_loss:0.09146 [6.33s]; best loss:0.00314, patience : 4
2026-07-14 12:06:45,264 P1712943 INFO pr:0.9686  rc:0.9320  auc:0.9836 ap:0.9784 f1: 0.9499 pred_right: 38618 pred_wrong:382 actu_right: 38603 actu_wrong: 397
2026-07-14 12:06:46,268 P1712943 INFO pr:0.9191  rc:0.9690  auc:0.9920 ap:0.9648 f1: 0.9434 pred_right: 16364 pred_wrong:136 actu_right: 16371 actu_wrong: 129
2026-07-14 12:06:46,269 P1712943 INFO ----------------------------------------------------------------------------------------------------
2026-07-14 12:06:46,269 P1712943 INFO 116/300 starting... lr: 0.0009000000000000001 para:0.01
2026-07-14 12:06:52,955 P1712943 INFO Epoch 116/300, all_loss:0.00853 cls_loss:0.00763 rec_loss:0.09701 [6.69s]; best loss:0.00314, patience : 4
2026-07-14 12:06:55,460 P1712943 INFO pr:0.9688  rc:0.9370  auc:0.9824 ap:0.9767 f1: 0.9526 pred_right: 38616 pred_wrong:384 actu_right: 38603 actu_wrong: 397
2026-07-14 12:06:56,510 P1712943 INFO pr:0.9197  rc:0.9767  auc:0.9922 ap:0.9685 f1: 0.9474 pred_right: 16363 pred_wrong:137 actu_right: 16371 actu_wrong: 129
2026-07-14 12:06:56,511 P1712943 INFO ----------------------------------------------------------------------------------------------------
2026-07-14 12:06:56,511 P1712943 INFO 117/300 starting... lr: 0.0009000000000000001 para:0.01
2026-07-14 12:07:03,039 P1712943 INFO Epoch 117/300, all_loss:0.02454 cls_loss:0.02381 rec_loss:0.09666 [6.53s]; best loss:0.00314, patience : 5
2026-07-14 12:07:05,416 P1712943 INFO pr:0.9587  rc:0.9345  auc:0.9789 ap:0.9752 f1: 0.9464 pred_right: 38613 pred_wrong:387 actu_right: 38603 actu_wrong: 397
2026-07-14 12:07:06,485 P1712943 INFO pr:0.9124  rc:0.9690  auc:0.9856 ap:0.9607 f1: 0.9398 pred_right: 16363 pred_wrong:137 actu_right: 16371 actu_wrong: 129
2026-07-14 12:07:06,486 P1712943 INFO ----------------------------------------------------------------------------------------------------
2026-07-14 12:07:06,486 P1712943 INFO 118/300 starting... lr: 0.0009000000000000001 para:0.01
2026-07-14 12:07:13,074 P1712943 INFO Epoch 118/300, all_loss:0.08382 cls_loss:0.08356 rec_loss:0.10985 [6.59s]; best loss:0.00314, patience : 6
2026-07-14 12:07:15,561 P1712943 INFO pr:0.9685  rc:0.9295  auc:0.9840 ap:0.9779 f1: 0.9486 pred_right: 38619 pred_wrong:381 actu_right: 38603 actu_wrong: 397
2026-07-14 12:07:16,464 P1712943 INFO pr:0.9333  rc:0.9767  auc:0.9905 ap:0.9719 f1: 0.9545 pred_right: 16365 pred_wrong:135 actu_right: 16371 actu_wrong: 129
2026-07-14 12:07:16,465 P1712943 INFO ----------------------------------------------------------------------------------------------------
2026-07-14 12:07:16,465 P1712943 INFO 119/300 starting... lr: 0.0009000000000000001 para:0.01
2026-07-14 12:07:23,498 P1712943 INFO Epoch 119/300, all_loss:0.06492 cls_loss:0.06440 rec_loss:0.11692 [7.03s]; best loss:0.00314, patience : 6
2026-07-14 12:07:25,385 P1712943 INFO pr:0.9486  rc:0.9295  auc:0.9846 ap:0.9791 f1: 0.9389 pred_right: 38611 pred_wrong:389 actu_right: 38603 actu_wrong: 397
2026-07-14 12:07:26,218 P1712943 INFO pr:0.9118  rc:0.9612  auc:0.9938 ap:0.9741 f1: 0.9358 pred_right: 16364 pred_wrong:136 actu_right: 16371 actu_wrong: 129
2026-07-14 12:07:26,219 P1712943 INFO ----------------------------------------------------------------------------------------------------
2026-07-14 12:07:26,219 P1712943 INFO 120/300 starting... lr: 0.0009000000000000001 para:0.01
2026-07-14 12:07:32,231 P1712943 INFO Epoch 120/300, all_loss:0.02927 cls_loss:0.02842 rec_loss:0.11364 [6.01s]; best loss:0.00314, patience : 6
2026-07-14 12:07:34,964 P1712943 INFO pr:0.9662  rc:0.9370  auc:0.9840 ap:0.9796 f1: 0.9514 pred_right: 38615 pred_wrong:385 actu_right: 38603 actu_wrong: 397
2026-07-14 12:07:36,820 P1712943 INFO pr:0.9265  rc:0.9767  auc:0.9905 ap:0.9675 f1: 0.9509 pred_right: 16364 pred_wrong:136 actu_right: 16371 actu_wrong: 129
2026-07-14 12:07:36,821 P1712943 INFO ----------------------------------------------------------------------------------------------------
2026-07-14 12:07:36,821 P1712943 INFO 121/300 starting... lr: 0.0009000000000000001 para:0.01
2026-07-14 12:07:49,009 P1712943 INFO Epoch 121/300, all_loss:0.01148 cls_loss:0.01057 rec_loss:0.10116 [12.19s]; best loss:0.00314, patience : 6
2026-07-14 12:07:51,303 P1712943 INFO pr:0.9666  rc:0.9471  auc:0.9849 ap:0.9794 f1: 0.9567 pred_right: 38611 pred_wrong:389 actu_right: 38603 actu_wrong: 397
2026-07-14 12:07:52,465 P1712943 INFO pr:0.9403  rc:0.9767  auc:0.9915 ap:0.9745 f1: 0.9582 pred_right: 16366 pred_wrong:134 actu_right: 16371 actu_wrong: 129
2026-07-14 12:07:52,466 P1712943 INFO ----------------------------------------------------------------------------------------------------
2026-07-14 12:07:52,466 P1712943 INFO 122/300 starting... lr: 0.0009000000000000001 para:0.01
2026-07-14 12:07:59,023 P1712943 INFO Epoch 122/300, all_loss:0.00231 cls_loss:0.00124 rec_loss:0.10769 [6.55s]; best loss:0.00231, patience : 0
2026-07-14 12:08:01,472 P1712943 INFO pr:0.9711  rc:0.9295  auc:0.9830 ap:0.9777 f1: 0.9498 pred_right: 38620 pred_wrong:380 actu_right: 38603 actu_wrong: 397
2026-07-14 12:08:02,404 P1712943 INFO pr:0.9398  rc:0.9690  auc:0.9910 ap:0.9748 f1: 0.9542 pred_right: 16367 pred_wrong:133 actu_right: 16371 actu_wrong: 129
2026-07-14 12:08:02,405 P1712943 INFO ----------------------------------------------------------------------------------------------------
2026-07-14 12:08:02,412 P1712943 INFO 123/300 starting... lr: 0.0009000000000000001 para:0.01
2026-07-14 12:08:09,065 P1712943 INFO Epoch 123/300, all_loss:0.00178 cls_loss:0.00067 rec_loss:0.11117 [6.65s]; best loss:0.00178, patience : 0
2026-07-14 12:08:11,538 P1712943 INFO pr:0.9787  rc:0.9293  auc:0.9818 ap:0.9768 f1: 0.9534 pred_right: 38624 pred_wrong:376 actu_right: 38604 actu_wrong: 396
2026-07-14 12:08:12,566 P1712943 INFO pr:0.9470  rc:0.9690  auc:0.9903 ap:0.9754 f1: 0.9579 pred_right: 16368 pred_wrong:132 actu_right: 16371 actu_wrong: 129
2026-07-14 12:08:12,566 P1712943 INFO ----------------------------------------------------------------------------------------------------
2026-07-14 12:08:12,566 P1712943 INFO 124/300 starting... lr: 0.0009000000000000001 para:0.01
2026-07-14 12:08:19,281 P1712943 INFO Epoch 124/300, all_loss:0.00180 cls_loss:0.00069 rec_loss:0.11125 [6.71s]; best loss:0.00178, patience : 1
2026-07-14 12:08:21,929 P1712943 INFO pr:0.9711  rc:0.9295  auc:0.9823 ap:0.9767 f1: 0.9498 pred_right: 38620 pred_wrong:380 actu_right: 38603 actu_wrong: 397
2026-07-14 12:08:22,951 P1712943 INFO pr:0.9398  rc:0.9690  auc:0.9904 ap:0.9743 f1: 0.9542 pred_right: 16367 pred_wrong:133 actu_right: 16371 actu_wrong: 129
2026-07-14 12:08:22,952 P1712943 INFO ----------------------------------------------------------------------------------------------------
2026-07-14 12:08:22,952 P1712943 INFO 125/300 starting... lr: 0.0009000000000000001 para:0.01
2026-07-14 12:08:29,607 P1712943 INFO Epoch 125/300, all_loss:0.00165 cls_loss:0.00061 rec_loss:0.10534 [6.65s]; best loss:0.00165, patience : 0
2026-07-14 12:08:32,160 P1712943 INFO pr:0.9813  rc:0.9268  auc:0.9797 ap:0.9767 f1: 0.9532 pred_right: 38626 pred_wrong:374 actu_right: 38604 actu_wrong: 396
2026-07-14 12:08:33,120 P1712943 INFO pr:0.9470  rc:0.9690  auc:0.9905 ap:0.9751 f1: 0.9579 pred_right: 16368 pred_wrong:132 actu_right: 16371 actu_wrong: 129
2026-07-14 12:08:33,121 P1712943 INFO ----------------------------------------------------------------------------------------------------
2026-07-14 12:08:33,121 P1712943 INFO 126/300 starting... lr: 0.0009000000000000001 para:0.01
2026-07-14 12:08:39,625 P1712943 INFO Epoch 126/300, all_loss:0.00146 cls_loss:0.00038 rec_loss:0.10753 [6.50s]; best loss:0.00146, patience : 0
2026-07-14 12:08:42,266 P1712943 INFO pr:0.9788  rc:0.9295  auc:0.9811 ap:0.9774 f1: 0.9535 pred_right: 38623 pred_wrong:377 actu_right: 38603 actu_wrong: 397
2026-07-14 12:08:43,348 P1712943 INFO pr:0.9398  rc:0.9690  auc:0.9905 ap:0.9753 f1: 0.9542 pred_right: 16367 pred_wrong:133 actu_right: 16371 actu_wrong: 129
2026-07-14 12:08:43,349 P1712943 INFO ----------------------------------------------------------------------------------------------------
2026-07-14 12:08:43,349 P1712943 INFO 127/300 starting... lr: 0.0009000000000000001 para:0.01
2026-07-14 12:08:49,846 P1712943 INFO Epoch 127/300, all_loss:0.00137 cls_loss:0.00031 rec_loss:0.10596 [6.49s]; best loss:0.00137, patience : 0
2026-07-14 12:08:52,302 P1712943 INFO pr:0.9762  rc:0.9295  auc:0.9819 ap:0.9778 f1: 0.9523 pred_right: 38622 pred_wrong:378 actu_right: 38603 actu_wrong: 397
2026-07-14 12:08:53,235 P1712943 INFO pr:0.9398  rc:0.9690  auc:0.9905 ap:0.9753 f1: 0.9542 pred_right: 16367 pred_wrong:133 actu_right: 16371 actu_wrong: 129
2026-07-14 12:08:53,236 P1712943 INFO ----------------------------------------------------------------------------------------------------
2026-07-14 12:08:53,236 P1712943 INFO 128/300 starting... lr: 0.0009000000000000001 para:0.01
2026-07-14 12:09:00,178 P1712943 INFO Epoch 128/300, all_loss:0.00129 cls_loss:0.00025 rec_loss:0.10419 [6.94s]; best loss:0.00129, patience : 0
2026-07-14 12:09:01,862 P1712943 INFO pr:0.9761  rc:0.9293  auc:0.9821 ap:0.9779 f1: 0.9521 pred_right: 38623 pred_wrong:377 actu_right: 38604 actu_wrong: 396
2026-07-14 12:09:02,624 P1712943 INFO pr:0.9398  rc:0.9690  auc:0.9906 ap:0.9754 f1: 0.9542 pred_right: 16367 pred_wrong:133 actu_right: 16371 actu_wrong: 129
2026-07-14 12:09:02,625 P1712943 INFO ----------------------------------------------------------------------------------------------------
2026-07-14 12:09:02,625 P1712943 INFO 129/300 starting... lr: 0.0009000000000000001 para:0.01
2026-07-14 12:09:08,781 P1712943 INFO Epoch 129/300, all_loss:0.00125 cls_loss:0.00023 rec_loss:0.10209 [6.15s]; best loss:0.00125, patience : 0
2026-07-14 12:09:11,658 P1712943 INFO pr:0.9788  rc:0.9295  auc:0.9829 ap:0.9781 f1: 0.9535 pred_right: 38623 pred_wrong:377 actu_right: 38603 actu_wrong: 397
2026-07-14 12:09:13,495 P1712943 INFO pr:0.9398  rc:0.9690  auc:0.9907 ap:0.9755 f1: 0.9542 pred_right: 16367 pred_wrong:133 actu_right: 16371 actu_wrong: 129
2026-07-14 12:09:13,496 P1712943 INFO ----------------------------------------------------------------------------------------------------
2026-07-14 12:09:13,496 P1712943 INFO 130/300 starting... lr: 0.0009000000000000001 para:0.01
2026-07-14 12:09:25,829 P1712943 INFO Epoch 130/300, all_loss:0.00119 cls_loss:0.00018 rec_loss:0.10046 [12.33s]; best loss:0.00119, patience : 0
2026-07-14 12:09:28,458 P1712943 INFO pr:0.9736  rc:0.9295  auc:0.9831 ap:0.9784 f1: 0.9510 pred_right: 38621 pred_wrong:379 actu_right: 38603 actu_wrong: 397
2026-07-14 12:09:29,571 P1712943 INFO pr:0.9398  rc:0.9690  auc:0.9908 ap:0.9756 f1: 0.9542 pred_right: 16367 pred_wrong:133 actu_right: 16371 actu_wrong: 129
2026-07-14 12:09:29,571 P1712943 INFO ----------------------------------------------------------------------------------------------------
2026-07-14 12:09:29,571 P1712943 INFO 131/300 starting... lr: 0.0009000000000000001 para:0.01
2026-07-14 12:09:36,422 P1712943 INFO Epoch 131/300, all_loss:0.00116 cls_loss:0.00018 rec_loss:0.09826 [6.85s]; best loss:0.00116, patience : 0
2026-07-14 12:09:38,677 P1712943 INFO pr:0.9736  rc:0.9295  auc:0.9832 ap:0.9787 f1: 0.9510 pred_right: 38621 pred_wrong:379 actu_right: 38603 actu_wrong: 397
2026-07-14 12:09:39,688 P1712943 INFO pr:0.9398  rc:0.9690  auc:0.9909 ap:0.9756 f1: 0.9542 pred_right: 16367 pred_wrong:133 actu_right: 16371 actu_wrong: 129
2026-07-14 12:09:39,689 P1712943 INFO ----------------------------------------------------------------------------------------------------
2026-07-14 12:09:39,689 P1712943 INFO 132/300 starting... lr: 0.0009000000000000001 para:0.01
2026-07-14 12:09:46,333 P1712943 INFO Epoch 132/300, all_loss:0.00113 cls_loss:0.00017 rec_loss:0.09602 [6.64s]; best loss:0.00113, patience : 0
2026-07-14 12:09:48,832 P1712943 INFO pr:0.9736  rc:0.9295  auc:0.9831 ap:0.9789 f1: 0.9510 pred_right: 38621 pred_wrong:379 actu_right: 38603 actu_wrong: 397
2026-07-14 12:09:49,909 P1712943 INFO pr:0.9398  rc:0.9690  auc:0.9910 ap:0.9757 f1: 0.9542 pred_right: 16367 pred_wrong:133 actu_right: 16371 actu_wrong: 129
2026-07-14 12:09:49,909 P1712943 INFO ----------------------------------------------------------------------------------------------------
2026-07-14 12:09:49,910 P1712943 INFO 133/300 starting... lr: 0.0009000000000000001 para:0.01
2026-07-14 12:09:56,557 P1712943 INFO Epoch 133/300, all_loss:0.00107 cls_loss:0.00014 rec_loss:0.09384 [6.64s]; best loss:0.00107, patience : 0
2026-07-14 12:09:59,065 P1712943 INFO pr:0.9762  rc:0.9295  auc:0.9831 ap:0.9791 f1: 0.9523 pred_right: 38622 pred_wrong:378 actu_right: 38603 actu_wrong: 397
2026-07-14 12:10:00,132 P1712943 INFO pr:0.9398  rc:0.9690  auc:0.9910 ap:0.9757 f1: 0.9542 pred_right: 16367 pred_wrong:133 actu_right: 16371 actu_wrong: 129
2026-07-14 12:10:00,132 P1712943 INFO ----------------------------------------------------------------------------------------------------
2026-07-14 12:10:00,133 P1712943 INFO 134/300 starting... lr: 0.0009000000000000001 para:0.01
2026-07-14 12:10:06,906 P1712943 INFO Epoch 134/300, all_loss:0.00103 cls_loss:0.00011 rec_loss:0.09230 [6.77s]; best loss:0.00103, patience : 0
2026-07-14 12:10:09,494 P1712943 INFO pr:0.9762  rc:0.9295  auc:0.9830 ap:0.9789 f1: 0.9523 pred_right: 38622 pred_wrong:378 actu_right: 38603 actu_wrong: 397
2026-07-14 12:10:10,564 P1712943 INFO pr:0.9398  rc:0.9690  auc:0.9911 ap:0.9757 f1: 0.9542 pred_right: 16367 pred_wrong:133 actu_right: 16371 actu_wrong: 129
2026-07-14 12:10:10,564 P1712943 INFO ----------------------------------------------------------------------------------------------------
2026-07-14 12:10:10,564 P1712943 INFO 135/300 starting... lr: 0.0009000000000000001 para:0.01
2026-07-14 12:10:17,152 P1712943 INFO Epoch 135/300, all_loss:0.00101 cls_loss:0.00012 rec_loss:0.08941 [6.58s]; best loss:0.00101, patience : 0
2026-07-14 12:10:19,516 P1712943 INFO pr:0.9736  rc:0.9318  auc:0.9837 ap:0.9797 f1: 0.9523 pred_right: 38621 pred_wrong:379 actu_right: 38604 actu_wrong: 396
2026-07-14 12:10:20,483 P1712943 INFO pr:0.9328  rc:0.9690  auc:0.9911 ap:0.9758 f1: 0.9506 pred_right: 16366 pred_wrong:134 actu_right: 16371 actu_wrong: 129
2026-07-14 12:10:20,484 P1712943 INFO ----------------------------------------------------------------------------------------------------
2026-07-14 12:10:20,484 P1712943 INFO 136/300 starting... lr: 0.0009000000000000001 para:0.01
2026-07-14 12:10:27,000 P1712943 INFO Epoch 136/300, all_loss:0.00099 cls_loss:0.00012 rec_loss:0.08729 [6.51s]; best loss:0.00099, patience : 0
2026-07-14 12:10:29,828 P1712943 INFO pr:0.9763  rc:0.9320  auc:0.9836 ap:0.9795 f1: 0.9536 pred_right: 38621 pred_wrong:379 actu_right: 38603 actu_wrong: 397
2026-07-14 12:10:31,490 P1712943 INFO pr:0.9398  rc:0.9690  auc:0.9911 ap:0.9759 f1: 0.9542 pred_right: 16367 pred_wrong:133 actu_right: 16371 actu_wrong: 129
2026-07-14 12:10:31,491 P1712943 INFO ----------------------------------------------------------------------------------------------------
2026-07-14 12:10:31,491 P1712943 INFO 137/300 starting... lr: 0.0009000000000000001 para:0.01
2026-07-14 12:10:36,656 P1712943 INFO Epoch 137/300, all_loss:0.00096 cls_loss:0.00011 rec_loss:0.08498 [5.16s]; best loss:0.00096, patience : 0
2026-07-14 12:10:38,665 P1712943 INFO pr:0.9763  rc:0.9345  auc:0.9834 ap:0.9794 f1: 0.9550 pred_right: 38620 pred_wrong:380 actu_right: 38603 actu_wrong: 397
2026-07-14 12:10:39,560 P1712943 INFO pr:0.9328  rc:0.9690  auc:0.9911 ap:0.9758 f1: 0.9506 pred_right: 16366 pred_wrong:134 actu_right: 16371 actu_wrong: 129
2026-07-14 12:10:39,561 P1712943 INFO ----------------------------------------------------------------------------------------------------
2026-07-14 12:10:39,561 P1712943 INFO 138/300 starting... lr: 0.0009000000000000001 para:0.01
2026-07-14 12:10:48,224 P1712943 INFO Epoch 138/300, all_loss:0.00094 cls_loss:0.00011 rec_loss:0.08292 [8.65s]; best loss:0.00094, patience : 0
2026-07-14 12:10:52,951 P1712943 INFO pr:0.9763  rc:0.9320  auc:0.9837 ap:0.9794 f1: 0.9536 pred_right: 38621 pred_wrong:379 actu_right: 38603 actu_wrong: 397
2026-07-14 12:10:54,821 P1712943 INFO pr:0.9328  rc:0.9690  auc:0.9911 ap:0.9760 f1: 0.9506 pred_right: 16366 pred_wrong:134 actu_right: 16371 actu_wrong: 129
2026-07-14 12:10:54,822 P1712943 INFO ----------------------------------------------------------------------------------------------------
2026-07-14 12:10:54,822 P1712943 INFO 139/300 starting... lr: 0.0009000000000000001 para:0.01
2026-07-14 12:11:03,043 P1712943 INFO Epoch 139/300, all_loss:0.00090 cls_loss:0.00010 rec_loss:0.08092 [8.22s]; best loss:0.00090, patience : 0
2026-07-14 12:11:05,332 P1712943 INFO pr:0.9763  rc:0.9343  auc:0.9835 ap:0.9793 f1: 0.9548 pred_right: 38621 pred_wrong:379 actu_right: 38604 actu_wrong: 396
2026-07-14 12:11:06,266 P1712943 INFO pr:0.9328  rc:0.9690  auc:0.9912 ap:0.9760 f1: 0.9506 pred_right: 16366 pred_wrong:134 actu_right: 16371 actu_wrong: 129
2026-07-14 12:11:06,267 P1712943 INFO ----------------------------------------------------------------------------------------------------
2026-07-14 12:11:06,267 P1712943 INFO 140/300 starting... lr: 0.0009000000000000001 para:0.01
2026-07-14 12:11:12,909 P1712943 INFO Epoch 140/300, all_loss:0.00086 cls_loss:0.00007 rec_loss:0.07899 [6.64s]; best loss:0.00086, patience : 0
2026-07-14 12:11:15,403 P1712943 INFO pr:0.9763  rc:0.9343  auc:0.9830 ap:0.9791 f1: 0.9548 pred_right: 38621 pred_wrong:379 actu_right: 38604 actu_wrong: 396
2026-07-14 12:11:16,440 P1712943 INFO pr:0.9328  rc:0.9690  auc:0.9913 ap:0.9759 f1: 0.9506 pred_right: 16366 pred_wrong:134 actu_right: 16371 actu_wrong: 129
2026-07-14 12:11:16,441 P1712943 INFO ----------------------------------------------------------------------------------------------------
2026-07-14 12:11:16,441 P1712943 INFO 141/300 starting... lr: 0.0009000000000000001 para:0.01
2026-07-14 12:11:22,963 P1712943 INFO Epoch 141/300, all_loss:0.00083 cls_loss:0.00007 rec_loss:0.07647 [6.52s]; best loss:0.00083, patience : 0
2026-07-14 12:11:25,264 P1712943 INFO pr:0.9763  rc:0.9345  auc:0.9830 ap:0.9792 f1: 0.9550 pred_right: 38620 pred_wrong:380 actu_right: 38603 actu_wrong: 397
2026-07-14 12:11:26,363 P1712943 INFO pr:0.9328  rc:0.9690  auc:0.9913 ap:0.9760 f1: 0.9506 pred_right: 16366 pred_wrong:134 actu_right: 16371 actu_wrong: 129
2026-07-14 12:11:26,364 P1712943 INFO ----------------------------------------------------------------------------------------------------
2026-07-14 12:11:26,364 P1712943 INFO 142/300 starting... lr: 0.0009000000000000001 para:0.01
2026-07-14 12:11:33,192 P1712943 INFO Epoch 142/300, all_loss:0.00081 cls_loss:0.00007 rec_loss:0.07460 [6.82s]; best loss:0.00081, patience : 0
2026-07-14 12:11:35,625 P1712943 INFO pr:0.9736  rc:0.9342  auc:0.9830 ap:0.9793 f1: 0.9535 pred_right: 38621 pred_wrong:379 actu_right: 38605 actu_wrong: 395
2026-07-14 12:11:36,807 P1712943 INFO pr:0.9333  rc:0.9767  auc:0.9915 ap:0.9760 f1: 0.9545 pred_right: 16365 pred_wrong:135 actu_right: 16371 actu_wrong: 129
2026-07-14 12:11:36,808 P1712943 INFO ----------------------------------------------------------------------------------------------------
2026-07-14 12:11:36,808 P1712943 INFO 143/300 starting... lr: 0.0009000000000000001 para:0.01
2026-07-14 12:11:43,612 P1712943 INFO Epoch 143/300, all_loss:0.00080 cls_loss:0.00007 rec_loss:0.07261 [6.80s]; best loss:0.00080, patience : 0
2026-07-14 12:11:46,053 P1712943 INFO pr:0.9763  rc:0.9345  auc:0.9830 ap:0.9792 f1: 0.9550 pred_right: 38620 pred_wrong:380 actu_right: 38603 actu_wrong: 397
2026-07-14 12:11:47,113 P1712943 INFO pr:0.9328  rc:0.9690  auc:0.9915 ap:0.9762 f1: 0.9506 pred_right: 16366 pred_wrong:134 actu_right: 16371 actu_wrong: 129
2026-07-14 12:11:47,114 P1712943 INFO ----------------------------------------------------------------------------------------------------
2026-07-14 12:11:47,114 P1712943 INFO 144/300 starting... lr: 0.0009000000000000001 para:0.01
2026-07-14 12:11:53,688 P1712943 INFO Epoch 144/300, all_loss:0.00078 cls_loss:0.00007 rec_loss:0.07100 [6.57s]; best loss:0.00078, patience : 0
2026-07-14 12:11:56,298 P1712943 INFO pr:0.9763  rc:0.9345  auc:0.9830 ap:0.9791 f1: 0.9550 pred_right: 38620 pred_wrong:380 actu_right: 38603 actu_wrong: 397
2026-07-14 12:11:57,280 P1712943 INFO pr:0.9328  rc:0.9690  auc:0.9914 ap:0.9761 f1: 0.9506 pred_right: 16366 pred_wrong:134 actu_right: 16371 actu_wrong: 129
2026-07-14 12:11:57,281 P1712943 INFO ----------------------------------------------------------------------------------------------------
2026-07-14 12:11:57,281 P1712943 INFO 145/300 starting... lr: 0.0009000000000000001 para:0.01
2026-07-14 12:12:03,893 P1712943 INFO Epoch 145/300, all_loss:0.00075 cls_loss:0.00006 rec_loss:0.06903 [6.61s]; best loss:0.00075, patience : 0
2026-07-14 12:12:06,451 P1712943 INFO pr:0.9738  rc:0.9370  auc:0.9831 ap:0.9793 f1: 0.9551 pred_right: 38618 pred_wrong:382 actu_right: 38603 actu_wrong: 397
2026-07-14 12:12:08,752 P1712943 INFO pr:0.9333  rc:0.9767  auc:0.9918 ap:0.9761 f1: 0.9545 pred_right: 16365 pred_wrong:135 actu_right: 16371 actu_wrong: 129
2026-07-14 12:12:08,753 P1712943 INFO ----------------------------------------------------------------------------------------------------
2026-07-14 12:12:08,754 P1712943 INFO 146/300 starting... lr: 0.0009000000000000001 para:0.01
2026-07-14 12:12:13,933 P1712943 INFO Epoch 146/300, all_loss:0.00072 cls_loss:0.00005 rec_loss:0.06719 [5.18s]; best loss:0.00072, patience : 0
2026-07-14 12:12:16,008 P1712943 INFO pr:0.9764  rc:0.9370  auc:0.9823 ap:0.9793 f1: 0.9563 pred_right: 38619 pred_wrong:381 actu_right: 38603 actu_wrong: 397
2026-07-14 12:12:16,872 P1712943 INFO pr:0.9333  rc:0.9767  auc:0.9919 ap:0.9763 f1: 0.9545 pred_right: 16365 pred_wrong:135 actu_right: 16371 actu_wrong: 129
2026-07-14 12:12:16,872 P1712943 INFO ----------------------------------------------------------------------------------------------------
2026-07-14 12:12:16,873 P1712943 INFO 147/300 starting... lr: 0.0009000000000000001 para:0.01
2026-07-14 12:12:24,348 P1712943 INFO Epoch 147/300, all_loss:0.00071 cls_loss:0.00006 rec_loss:0.06497 [7.47s]; best loss:0.00071, patience : 0
2026-07-14 12:12:29,355 P1712943 INFO pr:0.9713  rc:0.9370  auc:0.9832 ap:0.9791 f1: 0.9538 pred_right: 38617 pred_wrong:383 actu_right: 38603 actu_wrong: 397
2026-07-14 12:12:31,159 P1712943 INFO pr:0.9197  rc:0.9767  auc:0.9917 ap:0.9759 f1: 0.9474 pred_right: 16363 pred_wrong:137 actu_right: 16371 actu_wrong: 129
2026-07-14 12:12:31,160 P1712943 INFO ----------------------------------------------------------------------------------------------------
2026-07-14 12:12:31,160 P1712943 INFO 148/300 starting... lr: 0.0009000000000000001 para:0.01
2026-07-14 12:12:40,488 P1712943 INFO Epoch 148/300, all_loss:0.20252 cls_loss:0.20367 rec_loss:0.08936 [9.33s]; best loss:0.00071, patience : 1
2026-07-14 12:12:43,022 P1712943 INFO pr:0.9590  rc:0.9421  auc:0.9852 ap:0.9758 f1: 0.9504 pred_right: 38610 pred_wrong:390 actu_right: 38603 actu_wrong: 397
2026-07-14 12:12:44,014 P1712943 INFO pr:0.9203  rc:0.9845  auc:0.9948 ap:0.9587 f1: 0.9513 pred_right: 16362 pred_wrong:138 actu_right: 16371 actu_wrong: 129
2026-07-14 12:12:44,015 P1712943 INFO ----------------------------------------------------------------------------------------------------
2026-07-14 12:12:44,015 P1712943 INFO 149/300 starting... lr: 0.0009000000000000001 para:0.01
2026-07-14 12:12:50,623 P1712943 INFO Epoch 149/300, all_loss:0.47557 cls_loss:0.47972 rec_loss:0.06534 [6.61s]; best loss:0.00071, patience : 2
2026-07-14 12:12:52,826 P1712943 INFO pr:0.9782  rc:0.9043  auc:0.9819 ap:0.9793 f1: 0.9398 pred_right: 38633 pred_wrong:367 actu_right: 38603 actu_wrong: 397
2026-07-14 12:12:53,752 P1712943 INFO pr:0.9762  rc:0.9535  auc:0.9856 ap:0.9748 f1: 0.9647 pred_right: 16374 pred_wrong:126 actu_right: 16371 actu_wrong: 129
2026-07-14 12:12:53,753 P1712943 INFO ----------------------------------------------------------------------------------------------------
2026-07-14 12:12:53,753 P1712943 INFO 150/300 starting... lr: 0.0009000000000000001 para:0.01
2026-07-14 12:13:00,062 P1712943 INFO Epoch 150/300, all_loss:0.44995 cls_loss:0.45382 rec_loss:0.06643 [6.31s]; best loss:0.00071, patience : 2
2026-07-14 12:13:02,233 P1712943 INFO pr:0.9686  rc:0.9320  auc:0.9847 ap:0.9771 f1: 0.9499 pred_right: 38618 pred_wrong:382 actu_right: 38603 actu_wrong: 397
2026-07-14 12:13:03,444 P1712943 INFO pr:0.9545  rc:0.9767  auc:0.9928 ap:0.9764 f1: 0.9655 pred_right: 16368 pred_wrong:132 actu_right: 16371 actu_wrong: 129
2026-07-14 12:13:03,444 P1712943 INFO ----------------------------------------------------------------------------------------------------
2026-07-14 12:13:03,445 P1712943 INFO 151/300 starting... lr: 0.0009000000000000001 para:0.01
2026-07-14 12:13:10,085 P1712943 INFO Epoch 151/300, all_loss:0.02033 cls_loss:0.01983 rec_loss:0.06976 [6.64s]; best loss:0.00071, patience : 2
2026-07-14 12:13:12,572 P1712943 INFO pr:0.9616  rc:0.9471  auc:0.9866 ap:0.9794 f1: 0.9543 pred_right: 38609 pred_wrong:391 actu_right: 38603 actu_wrong: 397
2026-07-14 12:13:13,512 P1712943 INFO pr:0.9333  rc:0.9767  auc:0.9928 ap:0.9697 f1: 0.9545 pred_right: 16365 pred_wrong:135 actu_right: 16371 actu_wrong: 129
2026-07-14 12:13:13,513 P1712943 INFO ----------------------------------------------------------------------------------------------------
2026-07-14 12:13:13,513 P1712943 INFO 152/300 starting... lr: 0.0009000000000000001 para:0.01
2026-07-14 12:13:19,898 P1712943 INFO Epoch 152/300, all_loss:0.00880 cls_loss:0.00820 rec_loss:0.06763 [6.38s]; best loss:0.00071, patience : 2
2026-07-14 12:13:22,249 P1712943 INFO pr:0.9693  rc:0.9547  auc:0.9849 ap:0.9795 f1: 0.9619 pred_right: 38609 pred_wrong:391 actu_right: 38603 actu_wrong: 397
2026-07-14 12:13:23,257 P1712943 INFO pr:0.9333  rc:0.9767  auc:0.9952 ap:0.9665 f1: 0.9545 pred_right: 16365 pred_wrong:135 actu_right: 16371 actu_wrong: 129
2026-07-14 12:13:23,261 P1712943 INFO ----------------------------------------------------------------------------------------------------
2026-07-14 12:13:23,262 P1712943 INFO 153/300 starting... lr: 0.0009000000000000001 para:0.01
2026-07-14 12:13:29,899 P1712943 INFO Epoch 153/300, all_loss:0.04228 cls_loss:0.04202 rec_loss:0.06810 [6.64s]; best loss:0.00071, patience : 3
2026-07-14 12:13:32,507 P1712943 INFO pr:0.9783  rc:0.9091  auc:0.9827 ap:0.9816 f1: 0.9424 pred_right: 38632 pred_wrong:368 actu_right: 38604 actu_wrong: 396
2026-07-14 12:13:33,476 P1712943 INFO pr:0.9470  rc:0.9690  auc:0.9905 ap:0.9785 f1: 0.9579 pred_right: 16368 pred_wrong:132 actu_right: 16371 actu_wrong: 129
2026-07-14 12:13:33,476 P1712943 INFO ----------------------------------------------------------------------------------------------------
2026-07-14 12:13:33,477 P1712943 INFO 154/300 starting... lr: 0.0009000000000000001 para:0.01
2026-07-14 12:13:40,400 P1712943 INFO Epoch 154/300, all_loss:0.05336 cls_loss:0.05321 rec_loss:0.06811 [6.92s]; best loss:0.00071, patience : 4
2026-07-14 12:13:42,974 P1712943 INFO pr:0.9761  rc:0.9268  auc:0.9848 ap:0.9809 f1: 0.9508 pred_right: 38624 pred_wrong:376 actu_right: 38604 actu_wrong: 396
2026-07-14 12:13:44,720 P1712943 INFO pr:0.9466  rc:0.9612  auc:0.9851 ap:0.9717 f1: 0.9538 pred_right: 16369 pred_wrong:131 actu_right: 16371 actu_wrong: 129
2026-07-14 12:13:44,721 P1712943 INFO ----------------------------------------------------------------------------------------------------
2026-07-14 12:13:44,721 P1712943 INFO 155/300 starting... lr: 0.0009000000000000001 para:0.01
2026-07-14 12:13:50,480 P1712943 INFO Epoch 155/300, all_loss:0.00369 cls_loss:0.00302 rec_loss:0.07019 [5.76s]; best loss:0.00071, patience : 4
2026-07-14 12:13:52,352 P1712943 INFO pr:0.9714  rc:0.9421  auc:0.9861 ap:0.9807 f1: 0.9565 pred_right: 38615 pred_wrong:385 actu_right: 38603 actu_wrong: 397
2026-07-14 12:13:53,270 P1712943 INFO pr:0.9259  rc:0.9690  auc:0.9924 ap:0.9680 f1: 0.9470 pred_right: 16365 pred_wrong:135 actu_right: 16371 actu_wrong: 129
2026-07-14 12:13:53,271 P1712943 INFO ----------------------------------------------------------------------------------------------------
2026-07-14 12:13:53,271 P1712943 INFO 156/300 starting... lr: 0.0009000000000000001 para:0.01
2026-07-14 12:14:00,986 P1712943 INFO Epoch 156/300, all_loss:0.00643 cls_loss:0.00573 rec_loss:0.07546 [7.71s]; best loss:0.00071, patience : 5
2026-07-14 12:14:06,559 P1712943 INFO pr:0.9663  rc:0.9395  auc:0.9843 ap:0.9810 f1: 0.9527 pred_right: 38614 pred_wrong:386 actu_right: 38603 actu_wrong: 397
2026-07-14 12:14:08,307 P1712943 INFO pr:0.9398  rc:0.9690  auc:0.9909 ap:0.9664 f1: 0.9542 pred_right: 16367 pred_wrong:133 actu_right: 16371 actu_wrong: 129
2026-07-14 12:14:08,308 P1712943 INFO ----------------------------------------------------------------------------------------------------
2026-07-14 12:14:08,308 P1712943 INFO 157/300 starting... lr: 0.0009000000000000001 para:0.01
2026-07-14 12:14:17,235 P1712943 INFO Epoch 157/300, all_loss:0.00124 cls_loss:0.00051 rec_loss:0.07407 [8.93s]; best loss:0.00071, patience : 5
2026-07-14 12:14:19,820 P1712943 INFO pr:0.9789  rc:0.9345  auc:0.9847 ap:0.9808 f1: 0.9562 pred_right: 38621 pred_wrong:379 actu_right: 38603 actu_wrong: 397
2026-07-14 12:14:20,865 P1712943 INFO pr:0.9394  rc:0.9612  auc:0.9888 ap:0.9652 f1: 0.9502 pred_right: 16368 pred_wrong:132 actu_right: 16371 actu_wrong: 129
2026-07-14 12:14:20,865 P1712943 INFO ----------------------------------------------------------------------------------------------------
2026-07-14 12:14:20,866 P1712943 INFO 158/300 starting... lr: 0.0009000000000000001 para:0.01
2026-07-14 12:14:27,422 P1712943 INFO Epoch 158/300, all_loss:0.00105 cls_loss:0.00031 rec_loss:0.07392 [6.56s]; best loss:0.00071, patience : 5
2026-07-14 12:14:29,770 P1712943 INFO pr:0.9763  rc:0.9345  auc:0.9848 ap:0.9807 f1: 0.9550 pred_right: 38620 pred_wrong:380 actu_right: 38603 actu_wrong: 397
2026-07-14 12:14:30,912 P1712943 INFO pr:0.9394  rc:0.9612  auc:0.9886 ap:0.9657 f1: 0.9502 pred_right: 16368 pred_wrong:132 actu_right: 16371 actu_wrong: 129
2026-07-14 12:14:30,912 P1712943 INFO ----------------------------------------------------------------------------------------------------
2026-07-14 12:14:30,912 P1712943 INFO 159/300 starting... lr: 0.0009000000000000001 para:0.01
2026-07-14 12:14:37,542 P1712943 INFO Epoch 159/300, all_loss:0.00096 cls_loss:0.00023 rec_loss:0.07321 [6.63s]; best loss:0.00071, patience : 5
2026-07-14 12:14:39,743 P1712943 INFO pr:0.9787  rc:0.9316  auc:0.9846 ap:0.9805 f1: 0.9546 pred_right: 38624 pred_wrong:376 actu_right: 38605 actu_wrong: 395
2026-07-14 12:14:40,665 P1712943 INFO pr:0.9394  rc:0.9612  auc:0.9885 ap:0.9653 f1: 0.9502 pred_right: 16368 pred_wrong:132 actu_right: 16371 actu_wrong: 129
2026-07-14 12:14:40,666 P1712943 INFO ----------------------------------------------------------------------------------------------------
2026-07-14 12:14:40,666 P1712943 INFO 160/300 starting... lr: 0.0009000000000000001 para:0.01
2026-07-14 12:14:47,117 P1712943 INFO Epoch 160/300, all_loss:0.00091 cls_loss:0.00018 rec_loss:0.07223 [6.45s]; best loss:0.00071, patience : 5
2026-07-14 12:14:49,624 P1712943 INFO pr:0.9788  rc:0.9320  auc:0.9847 ap:0.9806 f1: 0.9548 pred_right: 38622 pred_wrong:378 actu_right: 38603 actu_wrong: 397
2026-07-14 12:14:50,758 P1712943 INFO pr:0.9394  rc:0.9612  auc:0.9866 ap:0.9649 f1: 0.9502 pred_right: 16368 pred_wrong:132 actu_right: 16371 actu_wrong: 129
2026-07-14 12:14:50,759 P1712943 INFO ----------------------------------------------------------------------------------------------------
2026-07-14 12:14:50,759 P1712943 INFO 161/300 starting... lr: 0.0009000000000000001 para:0.01
2026-07-14 12:14:57,479 P1712943 INFO Epoch 161/300, all_loss:0.00089 cls_loss:0.00018 rec_loss:0.07121 [6.72s]; best loss:0.00071, patience : 5
2026-07-14 12:14:59,979 P1712943 INFO pr:0.9788  rc:0.9295  auc:0.9846 ap:0.9806 f1: 0.9535 pred_right: 38623 pred_wrong:377 actu_right: 38603 actu_wrong: 397
2026-07-14 12:15:01,060 P1712943 INFO pr:0.9394  rc:0.9612  auc:0.9884 ap:0.9654 f1: 0.9502 pred_right: 16368 pred_wrong:132 actu_right: 16371 actu_wrong: 129
2026-07-14 12:15:01,060 P1712943 INFO ----------------------------------------------------------------------------------------------------
2026-07-14 12:15:01,060 P1712943 INFO 162/300 starting... lr: 0.0009000000000000001 para:0.01
2026-07-14 12:15:07,671 P1712943 INFO Epoch 162/300, all_loss:0.00086 cls_loss:0.00016 rec_loss:0.07011 [6.61s]; best loss:0.00071, patience : 5
2026-07-14 12:15:09,993 P1712943 INFO pr:0.9788  rc:0.9295  auc:0.9845 ap:0.9806 f1: 0.9535 pred_right: 38623 pred_wrong:377 actu_right: 38603 actu_wrong: 397
2026-07-14 12:15:11,010 P1712943 INFO pr:0.9394  rc:0.9612  auc:0.9865 ap:0.9644 f1: 0.9502 pred_right: 16368 pred_wrong:132 actu_right: 16371 actu_wrong: 129
2026-07-14 12:15:11,011 P1712943 INFO ----------------------------------------------------------------------------------------------------
2026-07-14 12:15:11,011 P1712943 INFO 163/300 starting... lr: 0.0009000000000000001 para:0.01
2026-07-14 12:15:17,550 P1712943 INFO Epoch 163/300, all_loss:0.00081 cls_loss:0.00012 rec_loss:0.06905 [6.54s]; best loss:0.00071, patience : 5
2026-07-14 12:15:20,075 P1712943 INFO pr:0.9788  rc:0.9295  auc:0.9844 ap:0.9806 f1: 0.9535 pred_right: 38623 pred_wrong:377 actu_right: 38603 actu_wrong: 397
2026-07-14 12:15:21,253 P1712943 INFO pr:0.9394  rc:0.9612  auc:0.9864 ap:0.9633 f1: 0.9502 pred_right: 16368 pred_wrong:132 actu_right: 16371 actu_wrong: 129
2026-07-14 12:15:21,254 P1712943 INFO ----------------------------------------------------------------------------------------------------
2026-07-14 12:15:21,255 P1712943 INFO 164/300 starting... lr: 0.0009000000000000001 para:0.01
2026-07-14 12:15:27,422 P1712943 INFO Epoch 164/300, all_loss:0.00080 cls_loss:0.00012 rec_loss:0.06784 [6.17s]; best loss:0.00071, patience : 5
2026-07-14 12:15:29,582 P1712943 INFO pr:0.9788  rc:0.9295  auc:0.9844 ap:0.9806 f1: 0.9535 pred_right: 38623 pred_wrong:377 actu_right: 38603 actu_wrong: 397
2026-07-14 12:15:30,515 P1712943 INFO pr:0.9394  rc:0.9612  auc:0.9864 ap:0.9630 f1: 0.9502 pred_right: 16368 pred_wrong:132 actu_right: 16371 actu_wrong: 129
2026-07-14 12:15:30,515 P1712943 INFO ----------------------------------------------------------------------------------------------------
2026-07-14 12:15:30,515 P1712943 INFO 165/300 starting... lr: 0.0009000000000000001 para:0.01
2026-07-14 12:15:37,353 P1712943 INFO Epoch 165/300, all_loss:0.00078 cls_loss:0.00011 rec_loss:0.06662 [6.84s]; best loss:0.00071, patience : 5
2026-07-14 12:15:43,606 P1712943 INFO pr:0.9788  rc:0.9295  auc:0.9843 ap:0.9806 f1: 0.9535 pred_right: 38623 pred_wrong:377 actu_right: 38603 actu_wrong: 397
2026-07-14 12:15:45,838 P1712943 INFO pr:0.9394  rc:0.9612  auc:0.9862 ap:0.9624 f1: 0.9502 pred_right: 16368 pred_wrong:132 actu_right: 16371 actu_wrong: 129
2026-07-14 12:15:45,842 P1712943 INFO ----------------------------------------------------------------------------------------------------
2026-07-14 12:15:45,843 P1712943 INFO 166/300 starting... lr: 0.0009000000000000001 para:0.01
2026-07-14 12:15:54,565 P1712943 INFO Epoch 166/300, all_loss:0.00077 cls_loss:0.00011 rec_loss:0.06562 [8.72s]; best loss:0.00071, patience : 5
2026-07-14 12:15:57,091 P1712943 INFO pr:0.9762  rc:0.9295  auc:0.9842 ap:0.9806 f1: 0.9523 pred_right: 38622 pred_wrong:378 actu_right: 38603 actu_wrong: 397
2026-07-14 12:15:57,991 P1712943 INFO pr:0.9323  rc:0.9612  auc:0.9860 ap:0.9630 f1: 0.9466 pred_right: 16367 pred_wrong:133 actu_right: 16371 actu_wrong: 129
2026-07-14 12:15:57,991 P1712943 INFO ----------------------------------------------------------------------------------------------------
2026-07-14 12:15:57,992 P1712943 INFO 167/300 starting... lr: 0.0009000000000000001 para:0.01
2026-07-14 12:16:04,643 P1712943 INFO Epoch 167/300, all_loss:0.00074 cls_loss:0.00009 rec_loss:0.06469 [6.65s]; best loss:0.00071, patience : 5
2026-07-14 12:16:06,920 P1712943 INFO pr:0.9761  rc:0.9293  auc:0.9841 ap:0.9806 f1: 0.9521 pred_right: 38623 pred_wrong:377 actu_right: 38604 actu_wrong: 396
2026-07-14 12:16:07,841 P1712943 INFO pr:0.9323  rc:0.9612  auc:0.9861 ap:0.9621 f1: 0.9466 pred_right: 16367 pred_wrong:133 actu_right: 16371 actu_wrong: 129
2026-07-14 12:16:07,842 P1712943 INFO ----------------------------------------------------------------------------------------------------
2026-07-14 12:16:07,842 P1712943 INFO 168/300 starting... lr: 0.0009000000000000001 para:0.01
2026-07-14 12:16:14,186 P1712943 INFO Epoch 168/300, all_loss:0.00073 cls_loss:0.00009 rec_loss:0.06344 [6.34s]; best loss:0.00071, patience : 5
2026-07-14 12:16:16,579 P1712943 INFO pr:0.9762  rc:0.9295  auc:0.9841 ap:0.9807 f1: 0.9523 pred_right: 38622 pred_wrong:378 actu_right: 38603 actu_wrong: 397
2026-07-14 12:16:17,546 P1712943 INFO pr:0.9323  rc:0.9612  auc:0.9860 ap:0.9622 f1: 0.9466 pred_right: 16367 pred_wrong:133 actu_right: 16371 actu_wrong: 129
2026-07-14 12:16:17,547 P1712943 INFO ----------------------------------------------------------------------------------------------------
2026-07-14 12:16:17,547 P1712943 INFO 169/300 starting... lr: 0.0009000000000000001 para:0.01
2026-07-14 12:16:24,269 P1712943 INFO Epoch 169/300, all_loss:0.00071 cls_loss:0.00009 rec_loss:0.06249 [6.72s]; best loss:0.00071, patience : 0
2026-07-14 12:16:26,641 P1712943 INFO pr:0.9762  rc:0.9295  auc:0.9840 ap:0.9807 f1: 0.9523 pred_right: 38622 pred_wrong:378 actu_right: 38603 actu_wrong: 397
2026-07-14 12:16:27,706 P1712943 INFO pr:0.9323  rc:0.9612  auc:0.9860 ap:0.9620 f1: 0.9466 pred_right: 16367 pred_wrong:133 actu_right: 16371 actu_wrong: 129
2026-07-14 12:16:27,707 P1712943 INFO ----------------------------------------------------------------------------------------------------
2026-07-14 12:16:27,707 P1712943 INFO 170/300 starting... lr: 0.0009000000000000001 para:0.01
2026-07-14 12:16:34,524 P1712943 INFO Epoch 170/300, all_loss:0.00069 cls_loss:0.00008 rec_loss:0.06154 [6.81s]; best loss:0.00069, patience : 0
2026-07-14 12:16:37,018 P1712943 INFO pr:0.9762  rc:0.9295  auc:0.9839 ap:0.9807 f1: 0.9523 pred_right: 38622 pred_wrong:378 actu_right: 38603 actu_wrong: 397
2026-07-14 12:16:38,163 P1712943 INFO pr:0.9323  rc:0.9612  auc:0.9861 ap:0.9621 f1: 0.9466 pred_right: 16367 pred_wrong:133 actu_right: 16371 actu_wrong: 129
2026-07-14 12:16:38,164 P1712943 INFO ----------------------------------------------------------------------------------------------------
2026-07-14 12:16:38,164 P1712943 INFO 171/300 starting... lr: 0.0009000000000000001 para:0.01
2026-07-14 12:16:44,838 P1712943 INFO Epoch 171/300, all_loss:0.00067 cls_loss:0.00007 rec_loss:0.06039 [6.67s]; best loss:0.00067, patience : 0
2026-07-14 12:16:47,198 P1712943 INFO pr:0.9763  rc:0.9320  auc:0.9838 ap:0.9808 f1: 0.9536 pred_right: 38621 pred_wrong:379 actu_right: 38603 actu_wrong: 397
2026-07-14 12:16:48,184 P1712943 INFO pr:0.9323  rc:0.9612  auc:0.9857 ap:0.9663 f1: 0.9466 pred_right: 16367 pred_wrong:133 actu_right: 16371 actu_wrong: 129
2026-07-14 12:16:48,185 P1712943 INFO ----------------------------------------------------------------------------------------------------
2026-07-14 12:16:48,185 P1712943 INFO 172/300 starting... lr: 0.0009000000000000001 para:0.01
2026-07-14 12:16:54,760 P1712943 INFO Epoch 172/300, all_loss:0.00066 cls_loss:0.00007 rec_loss:0.05916 [6.57s]; best loss:0.00066, patience : 0
2026-07-14 12:16:58,315 P1712943 INFO pr:0.9737  rc:0.9343  auc:0.9836 ap:0.9807 f1: 0.9536 pred_right: 38620 pred_wrong:380 actu_right: 38604 actu_wrong: 396
2026-07-14 12:16:59,132 P1712943 INFO pr:0.9323  rc:0.9612  auc:0.9885 ap:0.9651 f1: 0.9466 pred_right: 16367 pred_wrong:133 actu_right: 16371 actu_wrong: 129
2026-07-14 12:16:59,133 P1712943 INFO ----------------------------------------------------------------------------------------------------
2026-07-14 12:16:59,133 P1712943 INFO 173/300 starting... lr: 0.0009000000000000001 para:0.01
2026-07-14 12:17:04,701 P1712943 INFO Epoch 173/300, all_loss:0.00065 cls_loss:0.00007 rec_loss:0.05834 [5.56s]; best loss:0.00065, patience : 0
2026-07-14 12:17:07,146 P1712943 INFO pr:0.9763  rc:0.9343  auc:0.9836 ap:0.9808 f1: 0.9548 pred_right: 38621 pred_wrong:379 actu_right: 38604 actu_wrong: 396
2026-07-14 12:17:08,105 P1712943 INFO pr:0.9323  rc:0.9612  auc:0.9860 ap:0.9640 f1: 0.9466 pred_right: 16367 pred_wrong:133 actu_right: 16371 actu_wrong: 129
2026-07-14 12:17:08,106 P1712943 INFO ----------------------------------------------------------------------------------------------------
2026-07-14 12:17:08,106 P1712943 INFO 174/300 starting... lr: 0.0009000000000000001 para:0.01
2026-07-14 12:17:18,586 P1712943 INFO Epoch 174/300, all_loss:0.00063 cls_loss:0.00006 rec_loss:0.05730 [10.47s]; best loss:0.00063, patience : 0
2026-07-14 12:17:24,363 P1712943 INFO pr:0.9762  rc:0.9318  auc:0.9835 ap:0.9808 f1: 0.9535 pred_right: 38622 pred_wrong:378 actu_right: 38604 actu_wrong: 396
2026-07-14 12:17:25,584 P1712943 INFO pr:0.9323  rc:0.9612  auc:0.9856 ap:0.9677 f1: 0.9466 pred_right: 16367 pred_wrong:133 actu_right: 16371 actu_wrong: 129
2026-07-14 12:17:25,584 P1712943 INFO ----------------------------------------------------------------------------------------------------
2026-07-14 12:17:25,585 P1712943 INFO 175/300 starting... lr: 0.0009000000000000001 para:0.01
2026-07-14 12:17:32,466 P1712943 INFO Epoch 175/300, all_loss:0.00062 cls_loss:0.00006 rec_loss:0.05619 [6.88s]; best loss:0.00062, patience : 0
2026-07-14 12:17:34,713 P1712943 INFO pr:0.9763  rc:0.9320  auc:0.9835 ap:0.9808 f1: 0.9536 pred_right: 38621 pred_wrong:379 actu_right: 38603 actu_wrong: 397
2026-07-14 12:17:35,820 P1712943 INFO pr:0.9323  rc:0.9612  auc:0.9842 ap:0.9720 f1: 0.9466 pred_right: 16367 pred_wrong:133 actu_right: 16371 actu_wrong: 129
2026-07-14 12:17:35,821 P1712943 INFO ----------------------------------------------------------------------------------------------------
2026-07-14 12:17:35,821 P1712943 INFO 176/300 starting... lr: 0.0009000000000000001 para:0.01
2026-07-14 12:17:42,234 P1712943 INFO Epoch 176/300, all_loss:0.00061 cls_loss:0.00006 rec_loss:0.05533 [6.41s]; best loss:0.00061, patience : 0
2026-07-14 12:17:44,524 P1712943 INFO pr:0.9737  rc:0.9320  auc:0.9834 ap:0.9808 f1: 0.9524 pred_right: 38620 pred_wrong:380 actu_right: 38603 actu_wrong: 397
2026-07-14 12:17:45,505 P1712943 INFO pr:0.9254  rc:0.9612  auc:0.9877 ap:0.9721 f1: 0.9430 pred_right: 16366 pred_wrong:134 actu_right: 16371 actu_wrong: 129
2026-07-14 12:17:45,506 P1712943 INFO ----------------------------------------------------------------------------------------------------
2026-07-14 12:17:45,513 P1712943 INFO 177/300 starting... lr: 0.0009000000000000001 para:0.01
2026-07-14 12:17:51,989 P1712943 INFO Epoch 177/300, all_loss:0.00059 cls_loss:0.00005 rec_loss:0.05412 [6.47s]; best loss:0.00059, patience : 0
2026-07-14 12:17:54,350 P1712943 INFO pr:0.9763  rc:0.9320  auc:0.9832 ap:0.9808 f1: 0.9536 pred_right: 38621 pred_wrong:379 actu_right: 38603 actu_wrong: 397
2026-07-14 12:17:55,446 P1712943 INFO pr:0.9254  rc:0.9612  auc:0.9860 ap:0.9721 f1: 0.9430 pred_right: 16366 pred_wrong:134 actu_right: 16371 actu_wrong: 129
2026-07-14 12:17:55,447 P1712943 INFO ----------------------------------------------------------------------------------------------------
2026-07-14 12:17:55,447 P1712943 INFO 178/300 starting... lr: 0.0009000000000000001 para:0.01
2026-07-14 12:18:02,074 P1712943 INFO Epoch 178/300, all_loss:0.00057 cls_loss:0.00004 rec_loss:0.05309 [6.62s]; best loss:0.00057, patience : 0
2026-07-14 12:18:04,738 P1712943 INFO pr:0.9762  rc:0.9318  auc:0.9832 ap:0.9808 f1: 0.9535 pred_right: 38622 pred_wrong:378 actu_right: 38604 actu_wrong: 396
2026-07-14 12:18:05,848 P1712943 INFO pr:0.9254  rc:0.9612  auc:0.9863 ap:0.9725 f1: 0.9430 pred_right: 16366 pred_wrong:134 actu_right: 16371 actu_wrong: 129
2026-07-14 12:18:05,849 P1712943 INFO ----------------------------------------------------------------------------------------------------
2026-07-14 12:18:05,849 P1712943 INFO 179/300 starting... lr: 0.0009000000000000001 para:0.01
2026-07-14 12:18:12,503 P1712943 INFO Epoch 179/300, all_loss:0.00057 cls_loss:0.00005 rec_loss:0.05195 [6.65s]; best loss:0.00057, patience : 0
2026-07-14 12:18:15,050 P1712943 INFO pr:0.9737  rc:0.9320  auc:0.9830 ap:0.9809 f1: 0.9524 pred_right: 38620 pred_wrong:380 actu_right: 38603 actu_wrong: 397
2026-07-14 12:18:16,117 P1712943 INFO pr:0.9259  rc:0.9690  auc:0.9905 ap:0.9725 f1: 0.9470 pred_right: 16365 pred_wrong:135 actu_right: 16371 actu_wrong: 129
2026-07-14 12:18:16,118 P1712943 INFO ----------------------------------------------------------------------------------------------------
2026-07-14 12:18:16,118 P1712943 INFO 180/300 starting... lr: 0.0009000000000000001 para:0.01
2026-07-14 12:18:22,830 P1712943 INFO Epoch 180/300, all_loss:0.00055 cls_loss:0.00005 rec_loss:0.05017 [6.71s]; best loss:0.00055, patience : 0
2026-07-14 12:18:25,351 P1712943 INFO pr:0.9737  rc:0.9320  auc:0.9828 ap:0.9808 f1: 0.9524 pred_right: 38620 pred_wrong:380 actu_right: 38603 actu_wrong: 397
2026-07-14 12:18:26,450 P1712943 INFO pr:0.9254  rc:0.9612  auc:0.9861 ap:0.9723 f1: 0.9430 pred_right: 16366 pred_wrong:134 actu_right: 16371 actu_wrong: 129
2026-07-14 12:18:26,451 P1712943 INFO ----------------------------------------------------------------------------------------------------
2026-07-14 12:18:26,451 P1712943 INFO 181/300 starting... lr: 0.0009000000000000001 para:0.01
2026-07-14 12:18:34,135 P1712943 INFO Epoch 181/300, all_loss:0.00054 cls_loss:0.00004 rec_loss:0.05008 [7.68s]; best loss:0.00054, patience : 0
2026-07-14 12:18:35,796 P1712943 INFO pr:0.9763  rc:0.9320  auc:0.9827 ap:0.9808 f1: 0.9536 pred_right: 38621 pred_wrong:379 actu_right: 38603 actu_wrong: 397
2026-07-14 12:18:36,515 P1712943 INFO pr:0.9254  rc:0.9612  auc:0.9865 ap:0.9725 f1: 0.9430 pred_right: 16366 pred_wrong:134 actu_right: 16371 actu_wrong: 129
2026-07-14 12:18:36,515 P1712943 INFO ----------------------------------------------------------------------------------------------------
2026-07-14 12:18:36,515 P1712943 INFO 182/300 starting... lr: 0.0009000000000000001 para:0.01
2026-07-14 12:18:42,432 P1712943 INFO Epoch 182/300, all_loss:0.00053 cls_loss:0.00004 rec_loss:0.04891 [5.91s]; best loss:0.00053, patience : 0
2026-07-14 12:18:44,454 P1712943 INFO pr:0.9711  rc:0.9320  auc:0.9825 ap:0.9809 f1: 0.9512 pred_right: 38619 pred_wrong:381 actu_right: 38603 actu_wrong: 397
2026-07-14 12:18:45,720 P1712943 INFO pr:0.9254  rc:0.9612  auc:0.9898 ap:0.9725 f1: 0.9430 pred_right: 16366 pred_wrong:134 actu_right: 16371 actu_wrong: 129
2026-07-14 12:18:45,721 P1712943 INFO ----------------------------------------------------------------------------------------------------
2026-07-14 12:18:45,721 P1712943 INFO 183/300 starting... lr: 0.0009000000000000001 para:0.01
2026-07-14 12:18:58,918 P1712943 INFO Epoch 183/300, all_loss:0.00052 cls_loss:0.00004 rec_loss:0.04791 [13.19s]; best loss:0.00052, patience : 0
2026-07-14 12:19:01,507 P1712943 INFO pr:0.9711  rc:0.9320  auc:0.9826 ap:0.9809 f1: 0.9512 pred_right: 38619 pred_wrong:381 actu_right: 38603 actu_wrong: 397
2026-07-14 12:19:02,592 P1712943 INFO pr:0.9254  rc:0.9612  auc:0.9871 ap:0.9724 f1: 0.9430 pred_right: 16366 pred_wrong:134 actu_right: 16371 actu_wrong: 129
2026-07-14 12:19:02,593 P1712943 INFO ----------------------------------------------------------------------------------------------------
2026-07-14 12:19:02,593 P1712943 INFO 184/300 starting... lr: 0.0009000000000000001 para:0.01
2026-07-14 12:19:09,171 P1712943 INFO Epoch 184/300, all_loss:0.00051 cls_loss:0.00004 rec_loss:0.04689 [6.57s]; best loss:0.00051, patience : 0
2026-07-14 12:19:11,406 P1712943 INFO pr:0.9686  rc:0.9320  auc:0.9824 ap:0.9808 f1: 0.9499 pred_right: 38618 pred_wrong:382 actu_right: 38603 actu_wrong: 397
2026-07-14 12:19:12,315 P1712943 INFO pr:0.9185  rc:0.9612  auc:0.9872 ap:0.9723 f1: 0.9394 pred_right: 16365 pred_wrong:135 actu_right: 16371 actu_wrong: 129
2026-07-14 12:19:12,315 P1712943 INFO ----------------------------------------------------------------------------------------------------
2026-07-14 12:19:12,316 P1712943 INFO 185/300 starting... lr: 0.0009000000000000001 para:0.01
2026-07-14 12:19:18,922 P1712943 INFO Epoch 185/300, all_loss:0.00050 cls_loss:0.00003 rec_loss:0.04615 [6.60s]; best loss:0.00050, patience : 0
2026-07-14 12:19:21,385 P1712943 INFO pr:0.9685  rc:0.9318  auc:0.9824 ap:0.9808 f1: 0.9498 pred_right: 38619 pred_wrong:381 actu_right: 38604 actu_wrong: 396
2026-07-14 12:19:22,423 P1712943 INFO pr:0.9254  rc:0.9612  auc:0.9895 ap:0.9727 f1: 0.9430 pred_right: 16366 pred_wrong:134 actu_right: 16371 actu_wrong: 129
2026-07-14 12:19:22,423 P1712943 INFO ----------------------------------------------------------------------------------------------------
2026-07-14 12:19:22,423 P1712943 INFO 186/300 starting... lr: 0.0009000000000000001 para:0.01
2026-07-14 12:19:29,051 P1712943 INFO Epoch 186/300, all_loss:0.00048 cls_loss:0.00003 rec_loss:0.04478 [6.62s]; best loss:0.00048, patience : 0
2026-07-14 12:19:31,475 P1712943 INFO pr:0.9686  rc:0.9320  auc:0.9822 ap:0.9808 f1: 0.9499 pred_right: 38618 pred_wrong:382 actu_right: 38603 actu_wrong: 397
2026-07-14 12:19:32,465 P1712943 INFO pr:0.9259  rc:0.9690  auc:0.9877 ap:0.9726 f1: 0.9470 pred_right: 16365 pred_wrong:135 actu_right: 16371 actu_wrong: 129
2026-07-14 12:19:32,466 P1712943 INFO ----------------------------------------------------------------------------------------------------
2026-07-14 12:19:32,466 P1712943 INFO 187/300 starting... lr: 0.0009000000000000001 para:0.01
2026-07-14 12:19:38,854 P1712943 INFO Epoch 187/300, all_loss:0.00047 cls_loss:0.00003 rec_loss:0.04378 [6.38s]; best loss:0.00047, patience : 0
2026-07-14 12:19:40,995 P1712943 INFO pr:0.9686  rc:0.9320  auc:0.9822 ap:0.9807 f1: 0.9499 pred_right: 38618 pred_wrong:382 actu_right: 38603 actu_wrong: 397
2026-07-14 12:19:42,183 P1712943 INFO pr:0.9254  rc:0.9612  auc:0.9875 ap:0.9725 f1: 0.9430 pred_right: 16366 pred_wrong:134 actu_right: 16371 actu_wrong: 129
2026-07-14 12:19:42,183 P1712943 INFO ----------------------------------------------------------------------------------------------------
2026-07-14 12:19:42,184 P1712943 INFO 188/300 starting... lr: 0.0009000000000000001 para:0.01
2026-07-14 12:19:48,684 P1712943 INFO Epoch 188/300, all_loss:0.00046 cls_loss:0.00003 rec_loss:0.04295 [6.50s]; best loss:0.00046, patience : 0
2026-07-14 12:19:51,097 P1712943 INFO pr:0.9737  rc:0.9320  auc:0.9824 ap:0.9811 f1: 0.9524 pred_right: 38620 pred_wrong:380 actu_right: 38603 actu_wrong: 397
2026-07-14 12:19:52,136 P1712943 INFO pr:0.9259  rc:0.9690  auc:0.9898 ap:0.9731 f1: 0.9470 pred_right: 16365 pred_wrong:135 actu_right: 16371 actu_wrong: 129
2026-07-14 12:19:52,137 P1712943 INFO ----------------------------------------------------------------------------------------------------
2026-07-14 12:19:52,137 P1712943 INFO 189/300 starting... lr: 0.0009000000000000001 para:0.01
2026-07-14 12:19:58,702 P1712943 INFO Epoch 189/300, all_loss:0.00048 cls_loss:0.00005 rec_loss:0.04277 [6.56s]; best loss:0.00046, patience : 1
2026-07-14 12:20:01,136 P1712943 INFO pr:0.9761  rc:0.9293  auc:0.9822 ap:0.9805 f1: 0.9521 pred_right: 38623 pred_wrong:377 actu_right: 38604 actu_wrong: 396
2026-07-14 12:20:02,271 P1712943 INFO pr:0.9323  rc:0.9612  auc:0.9875 ap:0.9725 f1: 0.9466 pred_right: 16367 pred_wrong:133 actu_right: 16371 actu_wrong: 129
2026-07-14 12:20:02,272 P1712943 INFO ----------------------------------------------------------------------------------------------------
2026-07-14 12:20:02,272 P1712943 INFO 190/300 starting... lr: 0.0009000000000000001 para:0.01
2026-07-14 12:20:09,033 P1712943 INFO Epoch 190/300, all_loss:0.00047 cls_loss:0.00005 rec_loss:0.04214 [6.76s]; best loss:0.00046, patience : 1
2026-07-14 12:20:10,798 P1712943 INFO pr:0.9787  rc:0.9293  auc:0.9821 ap:0.9807 f1: 0.9534 pred_right: 38624 pred_wrong:376 actu_right: 38604 actu_wrong: 396
2026-07-14 12:20:11,593 P1712943 INFO pr:0.9323  rc:0.9612  auc:0.9859 ap:0.9721 f1: 0.9466 pred_right: 16367 pred_wrong:133 actu_right: 16371 actu_wrong: 129
2026-07-14 12:20:11,593 P1712943 INFO ----------------------------------------------------------------------------------------------------
2026-07-14 12:20:11,593 P1712943 INFO 191/300 starting... lr: 0.0009000000000000001 para:0.01
2026-07-14 12:20:17,724 P1712943 INFO Epoch 191/300, all_loss:0.78883 cls_loss:0.79621 rec_loss:0.05806 [6.13s]; best loss:0.00046, patience : 2
2026-07-14 12:20:22,692 P1712943 INFO pr:0.9673  rc:0.8942  auc:0.9728 ap:0.9700 f1: 0.9293 pred_right: 38633 pred_wrong:367 actu_right: 38603 actu_wrong: 397
2026-07-14 12:20:24,781 P1712943 INFO pr:0.9444  rc:0.9225  auc:0.9782 ap:0.9672 f1: 0.9333 pred_right: 16374 pred_wrong:126 actu_right: 16371 actu_wrong: 129
2026-07-14 12:20:24,782 P1712943 INFO ----------------------------------------------------------------------------------------------------
2026-07-14 12:20:24,782 P1712943 INFO 192/300 starting... lr: 0.0009000000000000001 para:0.01
2026-07-14 12:20:35,003 P1712943 INFO Epoch 192/300, all_loss:0.20644 cls_loss:0.20790 rec_loss:0.06238 [10.22s]; best loss:0.00046, patience : 2
2026-07-14 12:20:37,572 P1712943 INFO pr:0.9704  rc:0.9068  auc:0.9792 ap:0.9748 f1: 0.9375 pred_right: 38629 pred_wrong:371 actu_right: 38603 actu_wrong: 397
2026-07-14 12:20:38,688 P1712943 INFO pr:0.9394  rc:0.9612  auc:0.9926 ap:0.9738 f1: 0.9502 pred_right: 16368 pred_wrong:132 actu_right: 16371 actu_wrong: 129
2026-07-14 12:20:38,689 P1712943 INFO ----------------------------------------------------------------------------------------------------
2026-07-14 12:20:38,689 P1712943 INFO 193/300 starting... lr: 0.0009000000000000001 para:0.01
2026-07-14 12:20:45,389 P1712943 INFO Epoch 193/300, all_loss:0.05258 cls_loss:0.05253 rec_loss:0.05735 [6.70s]; best loss:0.00046, patience : 2
2026-07-14 12:20:47,693 P1712943 INFO pr:0.9757  rc:0.9118  auc:0.9829 ap:0.9769 f1: 0.9427 pred_right: 38629 pred_wrong:371 actu_right: 38603 actu_wrong: 397
2026-07-14 12:20:48,642 P1712943 INFO pr:0.9531  rc:0.9457  auc:0.9905 ap:0.9744 f1: 0.9494 pred_right: 16372 pred_wrong:128 actu_right: 16371 actu_wrong: 129
2026-07-14 12:20:48,643 P1712943 INFO ----------------------------------------------------------------------------------------------------
2026-07-14 12:20:48,643 P1712943 INFO 194/300 starting... lr: 0.0009000000000000001 para:0.01
2026-07-14 12:20:55,233 P1712943 INFO Epoch 194/300, all_loss:0.01505 cls_loss:0.01464 rec_loss:0.05545 [6.59s]; best loss:0.00046, patience : 2
2026-07-14 12:20:57,689 P1712943 INFO pr:0.9808  rc:0.9015  auc:0.9812 ap:0.9806 f1: 0.9395 pred_right: 38636 pred_wrong:364 actu_right: 38604 actu_wrong: 396
2026-07-14 12:20:58,657 P1712943 INFO pr:0.9760  rc:0.9457  auc:0.9890 ap:0.9768 f1: 0.9606 pred_right: 16375 pred_wrong:125 actu_right: 16371 actu_wrong: 129
2026-07-14 12:20:58,658 P1712943 INFO ----------------------------------------------------------------------------------------------------
2026-07-14 12:20:58,658 P1712943 INFO 195/300 starting... lr: 0.0009000000000000001 para:0.01
2026-07-14 12:21:05,016 P1712943 INFO Epoch 195/300, all_loss:0.01229 cls_loss:0.01186 rec_loss:0.05544 [6.36s]; best loss:0.00046, patience : 2
2026-07-14 12:21:07,451 P1712943 INFO pr:0.9740  rc:0.9421  auc:0.9846 ap:0.9790 f1: 0.9577 pred_right: 38616 pred_wrong:384 actu_right: 38603 actu_wrong: 397
2026-07-14 12:21:08,353 P1712943 INFO pr:0.9403  rc:0.9767  auc:0.9928 ap:0.9792 f1: 0.9582 pred_right: 16366 pred_wrong:134 actu_right: 16371 actu_wrong: 129
2026-07-14 12:21:08,354 P1712943 INFO ----------------------------------------------------------------------------------------------------
2026-07-14 12:21:08,354 P1712943 INFO 196/300 starting... lr: 0.0009000000000000001 para:0.01
2026-07-14 12:21:15,082 P1712943 INFO Epoch 196/300, all_loss:0.00150 cls_loss:0.00096 rec_loss:0.05517 [6.73s]; best loss:0.00046, patience : 2
2026-07-14 12:21:17,244 P1712943 INFO pr:0.9713  rc:0.9370  auc:0.9835 ap:0.9784 f1: 0.9538 pred_right: 38617 pred_wrong:383 actu_right: 38603 actu_wrong: 397
2026-07-14 12:21:18,346 P1712943 INFO pr:0.9403  rc:0.9767  auc:0.9916 ap:0.9790 f1: 0.9582 pred_right: 16366 pred_wrong:134 actu_right: 16371 actu_wrong: 129
2026-07-14 12:21:18,347 P1712943 INFO ----------------------------------------------------------------------------------------------------
2026-07-14 12:21:18,347 P1712943 INFO 197/300 starting... lr: 0.0009000000000000001 para:0.01
2026-07-14 12:21:24,933 P1712943 INFO Epoch 197/300, all_loss:0.00086 cls_loss:0.00032 rec_loss:0.05508 [6.59s]; best loss:0.00046, patience : 2
2026-07-14 12:21:27,376 P1712943 INFO pr:0.9712  rc:0.9369  auc:0.9836 ap:0.9783 f1: 0.9537 pred_right: 38618 pred_wrong:382 actu_right: 38604 actu_wrong: 396
2026-07-14 12:21:28,388 P1712943 INFO pr:0.9403  rc:0.9767  auc:0.9915 ap:0.9790 f1: 0.9582 pred_right: 16366 pred_wrong:134 actu_right: 16371 actu_wrong: 129
2026-07-14 12:21:28,388 P1712943 INFO ----------------------------------------------------------------------------------------------------
2026-07-14 12:21:28,388 P1712943 INFO 198/300 starting... lr: 0.0009000000000000001 para:0.01
2026-07-14 12:21:34,987 P1712943 INFO Epoch 198/300, all_loss:0.00076 cls_loss:0.00022 rec_loss:0.05446 [6.60s]; best loss:0.00046, patience : 2
2026-07-14 12:21:38,352 P1712943 INFO pr:0.9712  rc:0.9369  auc:0.9835 ap:0.9782 f1: 0.9537 pred_right: 38618 pred_wrong:382 actu_right: 38604 actu_wrong: 396
2026-07-14 12:21:39,784 P1712943 INFO pr:0.9403  rc:0.9767  auc:0.9913 ap:0.9790 f1: 0.9582 pred_right: 16366 pred_wrong:134 actu_right: 16371 actu_wrong: 129
2026-07-14 12:21:39,785 P1712943 INFO ----------------------------------------------------------------------------------------------------
2026-07-14 12:21:39,785 P1712943 INFO 199/300 starting... lr: 0.0009000000000000001 para:0.01
2026-07-14 12:21:44,860 P1712943 INFO Epoch 199/300, all_loss:0.00071 cls_loss:0.00017 rec_loss:0.05422 [5.07s]; best loss:0.00046, patience : 2
2026-07-14 12:21:47,181 P1712943 INFO pr:0.9713  rc:0.9370  auc:0.9836 ap:0.9782 f1: 0.9538 pred_right: 38617 pred_wrong:383 actu_right: 38603 actu_wrong: 397
2026-07-14 12:21:48,041 P1712943 INFO pr:0.9403  rc:0.9767  auc:0.9913 ap:0.9792 f1: 0.9582 pred_right: 16366 pred_wrong:134 actu_right: 16371 actu_wrong: 129
2026-07-14 12:21:48,042 P1712943 INFO ----------------------------------------------------------------------------------------------------
2026-07-14 12:21:48,042 P1712943 INFO 200/300 starting... lr: 0.0008100000000000001 para:0.01
2026-07-14 12:21:56,772 P1712943 INFO Epoch 200/300, all_loss:0.00067 cls_loss:0.00013 rec_loss:0.05378 [8.73s]; best loss:0.00046, patience : 2
2026-07-14 12:22:01,238 P1712943 INFO pr:0.9713  rc:0.9370  auc:0.9837 ap:0.9782 f1: 0.9538 pred_right: 38617 pred_wrong:383 actu_right: 38603 actu_wrong: 397
2026-07-14 12:22:02,843 P1712943 INFO pr:0.9403  rc:0.9767  auc:0.9913 ap:0.9793 f1: 0.9582 pred_right: 16366 pred_wrong:134 actu_right: 16371 actu_wrong: 129
2026-07-14 12:22:02,844 P1712943 INFO ----------------------------------------------------------------------------------------------------
2026-07-14 12:22:02,845 P1712943 INFO 201/300 starting... lr: 0.0008100000000000001 para:0.01
2026-07-14 12:22:11,426 P1712943 INFO Epoch 201/300, all_loss:0.00066 cls_loss:0.00012 rec_loss:0.05323 [8.58s]; best loss:0.00046, patience : 2
2026-07-14 12:22:13,945 P1712943 INFO pr:0.9713  rc:0.9370  auc:0.9837 ap:0.9782 f1: 0.9538 pred_right: 38617 pred_wrong:383 actu_right: 38603 actu_wrong: 397
2026-07-14 12:22:14,904 P1712943 INFO pr:0.9403  rc:0.9767  auc:0.9913 ap:0.9794 f1: 0.9582 pred_right: 16366 pred_wrong:134 actu_right: 16371 actu_wrong: 129
2026-07-14 12:22:14,904 P1712943 INFO ----------------------------------------------------------------------------------------------------
2026-07-14 12:22:14,904 P1712943 INFO 202/300 starting... lr: 0.0008100000000000001 para:0.01
2026-07-14 12:22:21,313 P1712943 INFO Epoch 202/300, all_loss:0.00063 cls_loss:0.00011 rec_loss:0.05285 [6.41s]; best loss:0.00046, patience : 2
2026-07-14 12:22:23,722 P1712943 INFO pr:0.9712  rc:0.9369  auc:0.9837 ap:0.9782 f1: 0.9537 pred_right: 38618 pred_wrong:382 actu_right: 38604 actu_wrong: 396
2026-07-14 12:22:24,767 P1712943 INFO pr:0.9403  rc:0.9767  auc:0.9913 ap:0.9795 f1: 0.9582 pred_right: 16366 pred_wrong:134 actu_right: 16371 actu_wrong: 129
2026-07-14 12:22:24,768 P1712943 INFO ----------------------------------------------------------------------------------------------------
2026-07-14 12:22:24,768 P1712943 INFO 203/300 starting... lr: 0.0008100000000000001 para:0.01
2026-07-14 12:22:31,363 P1712943 INFO Epoch 203/300, all_loss:0.00062 cls_loss:0.00010 rec_loss:0.05231 [6.59s]; best loss:0.00046, patience : 2
2026-07-14 12:22:33,771 P1712943 INFO pr:0.9713  rc:0.9370  auc:0.9837 ap:0.9782 f1: 0.9538 pred_right: 38617 pred_wrong:383 actu_right: 38603 actu_wrong: 397
2026-07-14 12:22:34,737 P1712943 INFO pr:0.9403  rc:0.9767  auc:0.9913 ap:0.9795 f1: 0.9582 pred_right: 16366 pred_wrong:134 actu_right: 16371 actu_wrong: 129
2026-07-14 12:22:34,737 P1712943 INFO ----------------------------------------------------------------------------------------------------
2026-07-14 12:22:34,737 P1712943 INFO 204/300 starting... lr: 0.0008100000000000001 para:0.01
2026-07-14 12:22:40,909 P1712943 INFO Epoch 204/300, all_loss:0.00061 cls_loss:0.00009 rec_loss:0.05182 [6.17s]; best loss:0.00046, patience : 2
2026-07-14 12:22:43,128 P1712943 INFO pr:0.9712  rc:0.9369  auc:0.9836 ap:0.9781 f1: 0.9537 pred_right: 38618 pred_wrong:382 actu_right: 38604 actu_wrong: 396
2026-07-14 12:22:44,060 P1712943 INFO pr:0.9403  rc:0.9767  auc:0.9914 ap:0.9795 f1: 0.9582 pred_right: 16366 pred_wrong:134 actu_right: 16371 actu_wrong: 129
2026-07-14 12:22:44,060 P1712943 INFO ----------------------------------------------------------------------------------------------------
2026-07-14 12:22:44,061 P1712943 INFO 205/300 starting... lr: 0.0008100000000000001 para:0.01
2026-07-14 12:22:50,488 P1712943 INFO Epoch 205/300, all_loss:0.00059 cls_loss:0.00008 rec_loss:0.05129 [6.43s]; best loss:0.00046, patience : 2
2026-07-14 12:22:52,741 P1712943 INFO pr:0.9713  rc:0.9370  auc:0.9837 ap:0.9782 f1: 0.9538 pred_right: 38617 pred_wrong:383 actu_right: 38603 actu_wrong: 397
2026-07-14 12:22:53,768 P1712943 INFO pr:0.9403  rc:0.9767  auc:0.9913 ap:0.9796 f1: 0.9582 pred_right: 16366 pred_wrong:134 actu_right: 16371 actu_wrong: 129
2026-07-14 12:22:53,769 P1712943 INFO ----------------------------------------------------------------------------------------------------
2026-07-14 12:22:53,769 P1712943 INFO 206/300 starting... lr: 0.0008100000000000001 para:0.01
2026-07-14 12:23:00,490 P1712943 INFO Epoch 206/300, all_loss:0.00058 cls_loss:0.00007 rec_loss:0.05076 [6.72s]; best loss:0.00046, patience : 2
2026-07-14 12:23:03,042 P1712943 INFO pr:0.9713  rc:0.9370  auc:0.9837 ap:0.9782 f1: 0.9538 pred_right: 38617 pred_wrong:383 actu_right: 38603 actu_wrong: 397
2026-07-14 12:23:04,099 P1712943 INFO pr:0.9403  rc:0.9767  auc:0.9914 ap:0.9796 f1: 0.9582 pred_right: 16366 pred_wrong:134 actu_right: 16371 actu_wrong: 129
2026-07-14 12:23:04,100 P1712943 INFO ----------------------------------------------------------------------------------------------------
2026-07-14 12:23:04,100 P1712943 INFO 207/300 starting... lr: 0.0008100000000000001 para:0.01
2026-07-14 12:23:10,809 P1712943 INFO Epoch 207/300, all_loss:0.00057 cls_loss:0.00007 rec_loss:0.05020 [6.71s]; best loss:0.00046, patience : 2
2026-07-14 12:23:13,982 P1712943 INFO pr:0.9713  rc:0.9370  auc:0.9837 ap:0.9782 f1: 0.9538 pred_right: 38617 pred_wrong:383 actu_right: 38603 actu_wrong: 397
2026-07-14 12:23:14,739 P1712943 INFO pr:0.9403  rc:0.9767  auc:0.9914 ap:0.9797 f1: 0.9582 pred_right: 16366 pred_wrong:134 actu_right: 16371 actu_wrong: 129
2026-07-14 12:23:14,739 P1712943 INFO ----------------------------------------------------------------------------------------------------
2026-07-14 12:23:14,740 P1712943 INFO 208/300 starting... lr: 0.0008100000000000001 para:0.01
2026-07-14 12:23:19,883 P1712943 INFO Epoch 208/300, all_loss:0.00056 cls_loss:0.00007 rec_loss:0.04965 [5.14s]; best loss:0.00046, patience : 2
2026-07-14 12:23:21,982 P1712943 INFO pr:0.9713  rc:0.9370  auc:0.9837 ap:0.9782 f1: 0.9538 pred_right: 38617 pred_wrong:383 actu_right: 38603 actu_wrong: 397
2026-07-14 12:23:22,891 P1712943 INFO pr:0.9333  rc:0.9767  auc:0.9914 ap:0.9761 f1: 0.9545 pred_right: 16365 pred_wrong:135 actu_right: 16371 actu_wrong: 129
2026-07-14 12:23:22,891 P1712943 INFO ----------------------------------------------------------------------------------------------------
2026-07-14 12:23:22,891 P1712943 INFO 209/300 starting... lr: 0.0008100000000000001 para:0.01
2026-07-14 12:23:33,444 P1712943 INFO Epoch 209/300, all_loss:0.00055 cls_loss:0.00006 rec_loss:0.04907 [10.55s]; best loss:0.00046, patience : 2
2026-07-14 12:23:38,479 P1712943 INFO pr:0.9738  rc:0.9370  auc:0.9836 ap:0.9782 f1: 0.9551 pred_right: 38618 pred_wrong:382 actu_right: 38603 actu_wrong: 397
2026-07-14 12:23:40,415 P1712943 INFO pr:0.9403  rc:0.9767  auc:0.9915 ap:0.9762 f1: 0.9582 pred_right: 16366 pred_wrong:134 actu_right: 16371 actu_wrong: 129
2026-07-14 12:23:40,416 P1712943 INFO ----------------------------------------------------------------------------------------------------
2026-07-14 12:23:40,416 P1712943 INFO 210/300 starting... lr: 0.0008100000000000001 para:0.01
2026-07-14 12:23:47,485 P1712943 INFO Epoch 210/300, all_loss:0.00054 cls_loss:0.00006 rec_loss:0.04849 [7.07s]; best loss:0.00046, patience : 2
2026-07-14 12:23:49,776 P1712943 INFO pr:0.9713  rc:0.9370  auc:0.9836 ap:0.9782 f1: 0.9538 pred_right: 38617 pred_wrong:383 actu_right: 38603 actu_wrong: 397
2026-07-14 12:23:50,747 P1712943 INFO pr:0.9333  rc:0.9767  auc:0.9915 ap:0.9762 f1: 0.9545 pred_right: 16365 pred_wrong:135 actu_right: 16371 actu_wrong: 129
2026-07-14 12:23:50,748 P1712943 INFO ----------------------------------------------------------------------------------------------------
2026-07-14 12:23:50,748 P1712943 INFO 211/300 starting... lr: 0.0008100000000000001 para:0.01
2026-07-14 12:23:57,297 P1712943 INFO Epoch 211/300, all_loss:0.00053 cls_loss:0.00005 rec_loss:0.04785 [6.55s]; best loss:0.00046, patience : 2
2026-07-14 12:23:59,748 P1712943 INFO pr:0.9712  rc:0.9369  auc:0.9835 ap:0.9781 f1: 0.9537 pred_right: 38618 pred_wrong:382 actu_right: 38604 actu_wrong: 396
2026-07-14 12:24:00,804 P1712943 INFO pr:0.9333  rc:0.9767  auc:0.9916 ap:0.9763 f1: 0.9545 pred_right: 16365 pred_wrong:135 actu_right: 16371 actu_wrong: 129
2026-07-14 12:24:00,804 P1712943 INFO ----------------------------------------------------------------------------------------------------
2026-07-14 12:24:00,804 P1712943 INFO 212/300 starting... lr: 0.0008100000000000001 para:0.01
2026-07-14 12:24:07,257 P1712943 INFO Epoch 212/300, all_loss:0.00052 cls_loss:0.00005 rec_loss:0.04720 [6.45s]; best loss:0.00046, patience : 2
2026-07-14 12:24:09,496 P1712943 INFO pr:0.9738  rc:0.9369  auc:0.9835 ap:0.9782 f1: 0.9550 pred_right: 38619 pred_wrong:381 actu_right: 38604 actu_wrong: 396
2026-07-14 12:24:10,428 P1712943 INFO pr:0.9333  rc:0.9767  auc:0.9917 ap:0.9763 f1: 0.9545 pred_right: 16365 pred_wrong:135 actu_right: 16371 actu_wrong: 129
2026-07-14 12:24:10,429 P1712943 INFO ----------------------------------------------------------------------------------------------------
2026-07-14 12:24:10,429 P1712943 INFO 213/300 starting... lr: 0.0008100000000000001 para:0.01
2026-07-14 12:24:17,229 P1712943 INFO Epoch 213/300, all_loss:0.00052 cls_loss:0.00005 rec_loss:0.04661 [6.80s]; best loss:0.00046, patience : 2
2026-07-14 12:24:19,565 P1712943 INFO pr:0.9713  rc:0.9370  auc:0.9834 ap:0.9781 f1: 0.9538 pred_right: 38617 pred_wrong:383 actu_right: 38603 actu_wrong: 397
2026-07-14 12:24:20,565 P1712943 INFO pr:0.9333  rc:0.9767  auc:0.9917 ap:0.9763 f1: 0.9545 pred_right: 16365 pred_wrong:135 actu_right: 16371 actu_wrong: 129
2026-07-14 12:24:20,565 P1712943 INFO ----------------------------------------------------------------------------------------------------
2026-07-14 12:24:20,566 P1712943 INFO 214/300 starting... lr: 0.0008100000000000001 para:0.01
2026-07-14 12:24:27,095 P1712943 INFO Epoch 214/300, all_loss:0.00050 cls_loss:0.00004 rec_loss:0.04597 [6.53s]; best loss:0.00046, patience : 2
2026-07-14 12:24:29,427 P1712943 INFO pr:0.9738  rc:0.9369  auc:0.9834 ap:0.9781 f1: 0.9550 pred_right: 38619 pred_wrong:381 actu_right: 38604 actu_wrong: 396
2026-07-14 12:24:30,324 P1712943 INFO pr:0.9333  rc:0.9767  auc:0.9918 ap:0.9764 f1: 0.9545 pred_right: 16365 pred_wrong:135 actu_right: 16371 actu_wrong: 129
2026-07-14 12:24:30,324 P1712943 INFO ----------------------------------------------------------------------------------------------------
2026-07-14 12:24:30,324 P1712943 INFO 215/300 starting... lr: 0.0008100000000000001 para:0.01
2026-07-14 12:24:36,955 P1712943 INFO Epoch 215/300, all_loss:0.00050 cls_loss:0.00004 rec_loss:0.04538 [6.63s]; best loss:0.00046, patience : 2
2026-07-14 12:24:39,281 P1712943 INFO pr:0.9738  rc:0.9370  auc:0.9834 ap:0.9782 f1: 0.9551 pred_right: 38618 pred_wrong:382 actu_right: 38603 actu_wrong: 397
2026-07-14 12:24:40,195 P1712943 INFO pr:0.9333  rc:0.9767  auc:0.9920 ap:0.9764 f1: 0.9545 pred_right: 16365 pred_wrong:135 actu_right: 16371 actu_wrong: 129
2026-07-14 12:24:40,195 P1712943 INFO ----------------------------------------------------------------------------------------------------
2026-07-14 12:24:40,196 P1712943 INFO 216/300 starting... lr: 0.0008100000000000001 para:0.01
2026-07-14 12:24:47,962 P1712943 INFO Epoch 216/300, all_loss:0.00049 cls_loss:0.00004 rec_loss:0.04479 [7.77s]; best loss:0.00046, patience : 2
2026-07-14 12:24:49,777 P1712943 INFO pr:0.9713  rc:0.9370  auc:0.9833 ap:0.9782 f1: 0.9538 pred_right: 38617 pred_wrong:383 actu_right: 38603 actu_wrong: 397
2026-07-14 12:24:50,532 P1712943 INFO pr:0.9333  rc:0.9767  auc:0.9921 ap:0.9766 f1: 0.9545 pred_right: 16365 pred_wrong:135 actu_right: 16371 actu_wrong: 129
2026-07-14 12:24:50,532 P1712943 INFO ----------------------------------------------------------------------------------------------------
2026-07-14 12:24:50,532 P1712943 INFO 217/300 starting... lr: 0.0008100000000000001 para:0.01
2026-07-14 12:24:56,317 P1712943 INFO Epoch 217/300, all_loss:0.00048 cls_loss:0.00004 rec_loss:0.04421 [5.78s]; best loss:0.00046, patience : 2
2026-07-14 12:24:58,438 P1712943 INFO pr:0.9738  rc:0.9370  auc:0.9833 ap:0.9782 f1: 0.9551 pred_right: 38618 pred_wrong:382 actu_right: 38603 actu_wrong: 397
2026-07-14 12:24:59,308 P1712943 INFO pr:0.9333  rc:0.9767  auc:0.9922 ap:0.9765 f1: 0.9545 pred_right: 16365 pred_wrong:135 actu_right: 16371 actu_wrong: 129
2026-07-14 12:24:59,308 P1712943 INFO ----------------------------------------------------------------------------------------------------
2026-07-14 12:24:59,308 P1712943 INFO 218/300 starting... lr: 0.0008100000000000001 para:0.01
2026-07-14 12:25:13,128 P1712943 INFO Epoch 218/300, all_loss:0.00047 cls_loss:0.00004 rec_loss:0.04362 [13.82s]; best loss:0.00046, patience : 2
2026-07-14 12:25:15,612 P1712943 INFO pr:0.9738  rc:0.9370  auc:0.9832 ap:0.9782 f1: 0.9551 pred_right: 38618 pred_wrong:382 actu_right: 38603 actu_wrong: 397
2026-07-14 12:25:16,546 P1712943 INFO pr:0.9333  rc:0.9767  auc:0.9924 ap:0.9765 f1: 0.9545 pred_right: 16365 pred_wrong:135 actu_right: 16371 actu_wrong: 129
2026-07-14 12:25:16,547 P1712943 INFO ----------------------------------------------------------------------------------------------------
2026-07-14 12:25:16,547 P1712943 INFO 219/300 starting... lr: 0.0008100000000000001 para:0.01
2026-07-14 12:25:23,276 P1712943 INFO Epoch 219/300, all_loss:0.00047 cls_loss:0.00004 rec_loss:0.04294 [6.73s]; best loss:0.00046, patience : 2
2026-07-14 12:25:25,702 P1712943 INFO pr:0.9764  rc:0.9370  auc:0.9831 ap:0.9782 f1: 0.9563 pred_right: 38619 pred_wrong:381 actu_right: 38603 actu_wrong: 397
2026-07-14 12:25:26,659 P1712943 INFO pr:0.9333  rc:0.9767  auc:0.9925 ap:0.9765 f1: 0.9545 pred_right: 16365 pred_wrong:135 actu_right: 16371 actu_wrong: 129
2026-07-14 12:25:26,660 P1712943 INFO ----------------------------------------------------------------------------------------------------
2026-07-14 12:25:26,660 P1712943 INFO 220/300 starting... lr: 0.0008100000000000001 para:0.01
2026-07-14 12:25:33,139 P1712943 INFO Epoch 220/300, all_loss:0.00046 cls_loss:0.00004 rec_loss:0.04233 [6.48s]; best loss:0.00046, patience : 2
2026-07-14 12:25:35,328 P1712943 INFO pr:0.9738  rc:0.9370  auc:0.9832 ap:0.9783 f1: 0.9551 pred_right: 38618 pred_wrong:382 actu_right: 38603 actu_wrong: 397
2026-07-14 12:25:36,259 P1712943 INFO pr:0.9333  rc:0.9767  auc:0.9927 ap:0.9766 f1: 0.9545 pred_right: 16365 pred_wrong:135 actu_right: 16371 actu_wrong: 129
2026-07-14 12:25:36,260 P1712943 INFO ----------------------------------------------------------------------------------------------------
2026-07-14 12:25:36,260 P1712943 INFO 221/300 starting... lr: 0.0008100000000000001 para:0.01
2026-07-14 12:25:42,691 P1712943 INFO Epoch 221/300, all_loss:0.00045 cls_loss:0.00003 rec_loss:0.04175 [6.43s]; best loss:0.00045, patience : 0
2026-07-14 12:25:45,016 P1712943 INFO pr:0.9764  rc:0.9370  auc:0.9831 ap:0.9783 f1: 0.9563 pred_right: 38619 pred_wrong:381 actu_right: 38603 actu_wrong: 397
2026-07-14 12:25:46,166 P1712943 INFO pr:0.9333  rc:0.9767  auc:0.9929 ap:0.9767 f1: 0.9545 pred_right: 16365 pred_wrong:135 actu_right: 16371 actu_wrong: 129
2026-07-14 12:25:46,167 P1712943 INFO ----------------------------------------------------------------------------------------------------
2026-07-14 12:25:46,167 P1712943 INFO 222/300 starting... lr: 0.0008100000000000001 para:0.01
2026-07-14 12:25:52,902 P1712943 INFO Epoch 222/300, all_loss:0.00045 cls_loss:0.00004 rec_loss:0.04137 [6.73s]; best loss:0.00045, patience : 0
2026-07-14 12:25:55,128 P1712943 INFO pr:0.9738  rc:0.9370  auc:0.9831 ap:0.9782 f1: 0.9551 pred_right: 38618 pred_wrong:382 actu_right: 38603 actu_wrong: 397
2026-07-14 12:25:56,100 P1712943 INFO pr:0.9333  rc:0.9767  auc:0.9929 ap:0.9766 f1: 0.9545 pred_right: 16365 pred_wrong:135 actu_right: 16371 actu_wrong: 129
2026-07-14 12:25:56,101 P1712943 INFO ----------------------------------------------------------------------------------------------------
2026-07-14 12:25:56,101 P1712943 INFO 223/300 starting... lr: 0.0008100000000000001 para:0.01
2026-07-14 12:26:02,622 P1712943 INFO Epoch 223/300, all_loss:0.00044 cls_loss:0.00003 rec_loss:0.04068 [6.52s]; best loss:0.00044, patience : 0
2026-07-14 12:26:05,224 P1712943 INFO pr:0.9738  rc:0.9369  auc:0.9829 ap:0.9782 f1: 0.9550 pred_right: 38619 pred_wrong:381 actu_right: 38604 actu_wrong: 396
2026-07-14 12:26:06,126 P1712943 INFO pr:0.9333  rc:0.9767  auc:0.9930 ap:0.9767 f1: 0.9545 pred_right: 16365 pred_wrong:135 actu_right: 16371 actu_wrong: 129
2026-07-14 12:26:06,127 P1712943 INFO ----------------------------------------------------------------------------------------------------
2026-07-14 12:26:06,127 P1712943 INFO 224/300 starting... lr: 0.0008100000000000001 para:0.01
2026-07-14 12:26:12,848 P1712943 INFO Epoch 224/300, all_loss:0.00043 cls_loss:0.00003 rec_loss:0.04009 [6.72s]; best loss:0.00043, patience : 0
2026-07-14 12:26:15,095 P1712943 INFO pr:0.9713  rc:0.9370  auc:0.9828 ap:0.9781 f1: 0.9538 pred_right: 38617 pred_wrong:383 actu_right: 38603 actu_wrong: 397
2026-07-14 12:26:16,192 P1712943 INFO pr:0.9333  rc:0.9767  auc:0.9930 ap:0.9767 f1: 0.9545 pred_right: 16365 pred_wrong:135 actu_right: 16371 actu_wrong: 129
2026-07-14 12:26:16,193 P1712943 INFO ----------------------------------------------------------------------------------------------------
2026-07-14 12:26:16,193 P1712943 INFO 225/300 starting... lr: 0.0008100000000000001 para:0.01
2026-07-14 12:26:23,875 P1712943 INFO Epoch 225/300, all_loss:0.00042 cls_loss:0.00003 rec_loss:0.03954 [7.68s]; best loss:0.00042, patience : 0
2026-07-14 12:26:25,627 P1712943 INFO pr:0.9789  rc:0.9345  auc:0.9829 ap:0.9782 f1: 0.9562 pred_right: 38621 pred_wrong:379 actu_right: 38603 actu_wrong: 397
2026-07-14 12:26:26,356 P1712943 INFO pr:0.9333  rc:0.9767  auc:0.9933 ap:0.9769 f1: 0.9545 pred_right: 16365 pred_wrong:135 actu_right: 16371 actu_wrong: 129
2026-07-14 12:26:26,357 P1712943 INFO ----------------------------------------------------------------------------------------------------
2026-07-14 12:26:26,357 P1712943 INFO 226/300 starting... lr: 0.0008100000000000001 para:0.01
2026-07-14 12:26:31,987 P1712943 INFO Epoch 226/300, all_loss:0.00042 cls_loss:0.00003 rec_loss:0.03923 [5.63s]; best loss:0.00042, patience : 0
2026-07-14 12:26:34,298 P1712943 INFO pr:0.9764  rc:0.9370  auc:0.9827 ap:0.9781 f1: 0.9563 pred_right: 38619 pred_wrong:381 actu_right: 38603 actu_wrong: 397
2026-07-14 12:26:35,155 P1712943 INFO pr:0.9333  rc:0.9767  auc:0.9933 ap:0.9767 f1: 0.9545 pred_right: 16365 pred_wrong:135 actu_right: 16371 actu_wrong: 129
2026-07-14 12:26:35,155 P1712943 INFO ----------------------------------------------------------------------------------------------------
2026-07-14 12:26:35,155 P1712943 INFO 227/300 starting... lr: 0.0008100000000000001 para:0.01
2026-07-14 12:26:48,720 P1712943 INFO Epoch 227/300, all_loss:0.00041 cls_loss:0.00003 rec_loss:0.03848 [13.56s]; best loss:0.00041, patience : 0
2026-07-14 12:26:51,414 P1712943 INFO pr:0.9763  rc:0.9345  auc:0.9828 ap:0.9781 f1: 0.9550 pred_right: 38620 pred_wrong:380 actu_right: 38603 actu_wrong: 397
2026-07-14 12:26:52,531 P1712943 INFO pr:0.9333  rc:0.9767  auc:0.9934 ap:0.9768 f1: 0.9545 pred_right: 16365 pred_wrong:135 actu_right: 16371 actu_wrong: 129
2026-07-14 12:26:52,531 P1712943 INFO ----------------------------------------------------------------------------------------------------
2026-07-14 12:26:52,532 P1712943 INFO 228/300 starting... lr: 0.0008100000000000001 para:0.01
2026-07-14 12:26:59,192 P1712943 INFO Epoch 228/300, all_loss:0.00040 cls_loss:0.00002 rec_loss:0.03807 [6.66s]; best loss:0.00040, patience : 0
2026-07-14 12:27:01,462 P1712943 INFO pr:0.9788  rc:0.9320  auc:0.9826 ap:0.9781 f1: 0.9548 pred_right: 38622 pred_wrong:378 actu_right: 38603 actu_wrong: 397
2026-07-14 12:27:02,411 P1712943 INFO pr:0.9333  rc:0.9767  auc:0.9935 ap:0.9770 f1: 0.9545 pred_right: 16365 pred_wrong:135 actu_right: 16371 actu_wrong: 129
2026-07-14 12:27:02,412 P1712943 INFO ----------------------------------------------------------------------------------------------------
2026-07-14 12:27:02,412 P1712943 INFO 229/300 starting... lr: 0.0008100000000000001 para:0.01
2026-07-14 12:27:08,938 P1712943 INFO Epoch 229/300, all_loss:0.00039 cls_loss:0.00002 rec_loss:0.03731 [6.52s]; best loss:0.00039, patience : 0
2026-07-14 12:27:11,588 P1712943 INFO pr:0.9788  rc:0.9318  auc:0.9824 ap:0.9780 f1: 0.9547 pred_right: 38623 pred_wrong:377 actu_right: 38604 actu_wrong: 396
2026-07-14 12:27:12,555 P1712943 INFO pr:0.9333  rc:0.9767  auc:0.9936 ap:0.9771 f1: 0.9545 pred_right: 16365 pred_wrong:135 actu_right: 16371 actu_wrong: 129
2026-07-14 12:27:12,556 P1712943 INFO ----------------------------------------------------------------------------------------------------
2026-07-14 12:27:12,556 P1712943 INFO 230/300 starting... lr: 0.0008100000000000001 para:0.01
2026-07-14 12:27:19,037 P1712943 INFO Epoch 230/300, all_loss:0.00039 cls_loss:0.00003 rec_loss:0.03653 [6.48s]; best loss:0.00039, patience : 0
2026-07-14 12:27:21,600 P1712943 INFO pr:0.9761  rc:0.9316  auc:0.9824 ap:0.9779 f1: 0.9534 pred_right: 38623 pred_wrong:377 actu_right: 38605 actu_wrong: 395
2026-07-14 12:27:22,673 P1712943 INFO pr:0.9333  rc:0.9767  auc:0.9935 ap:0.9770 f1: 0.9545 pred_right: 16365 pred_wrong:135 actu_right: 16371 actu_wrong: 129
2026-07-14 12:27:22,674 P1712943 INFO ----------------------------------------------------------------------------------------------------
2026-07-14 12:27:22,674 P1712943 INFO 231/300 starting... lr: 0.0008100000000000001 para:0.01
2026-07-14 12:27:29,149 P1712943 INFO Epoch 231/300, all_loss:0.00039 cls_loss:0.00003 rec_loss:0.03600 [6.47s]; best loss:0.00039, patience : 0
2026-07-14 12:27:31,613 P1712943 INFO pr:0.9814  rc:0.9320  auc:0.9813 ap:0.9780 f1: 0.9561 pred_right: 38623 pred_wrong:377 actu_right: 38603 actu_wrong: 397
2026-07-14 12:27:32,703 P1712943 INFO pr:0.9333  rc:0.9767  auc:0.9936 ap:0.9771 f1: 0.9545 pred_right: 16365 pred_wrong:135 actu_right: 16371 actu_wrong: 129
2026-07-14 12:27:32,704 P1712943 INFO ----------------------------------------------------------------------------------------------------
2026-07-14 12:27:32,704 P1712943 INFO 232/300 starting... lr: 0.0008100000000000001 para:0.01
2026-07-14 12:27:39,595 P1712943 INFO Epoch 232/300, all_loss:0.00041 cls_loss:0.00005 rec_loss:0.03606 [6.89s]; best loss:0.00039, patience : 1
2026-07-14 12:27:42,183 P1712943 INFO pr:0.9661  rc:0.9320  auc:0.9829 ap:0.9780 f1: 0.9487 pred_right: 38617 pred_wrong:383 actu_right: 38603 actu_wrong: 397
2026-07-14 12:27:43,330 P1712943 INFO pr:0.9197  rc:0.9767  auc:0.9933 ap:0.9729 f1: 0.9474 pred_right: 16363 pred_wrong:137 actu_right: 16371 actu_wrong: 129
2026-07-14 12:27:43,331 P1712943 INFO ----------------------------------------------------------------------------------------------------
2026-07-14 12:27:43,331 P1712943 INFO 233/300 starting... lr: 0.0008100000000000001 para:0.01
2026-07-14 12:27:49,950 P1712943 INFO Epoch 233/300, all_loss:0.07843 cls_loss:0.07883 rec_loss:0.03826 [6.62s]; best loss:0.00039, patience : 2
2026-07-14 12:27:52,144 P1712943 INFO pr:0.9941  rc:0.8438  auc:0.9720 ap:0.9793 f1: 0.9128 pred_right: 38663 pred_wrong:337 actu_right: 38603 actu_wrong: 397
2026-07-14 12:27:53,262 P1712943 INFO pr:0.9667  rc:0.8992  auc:0.9764 ap:0.9703 f1: 0.9317 pred_right: 16380 pred_wrong:120 actu_right: 16371 actu_wrong: 129
2026-07-14 12:27:53,263 P1712943 INFO ----------------------------------------------------------------------------------------------------
2026-07-14 12:27:53,263 P1712943 INFO 234/300 starting... lr: 0.0008100000000000001 para:0.01
2026-07-14 12:28:00,441 P1712943 INFO Epoch 234/300, all_loss:7.33894 cls_loss:7.41192 rec_loss:0.11375 [7.18s]; best loss:0.00039, patience : 3
2026-07-14 12:28:02,151 P1712943 INFO pr:0.8940  rc:0.9369  auc:0.9767 ap:0.9625 f1: 0.9149 pred_right: 38585 pred_wrong:415 actu_right: 38604 actu_wrong: 396
2026-07-14 12:28:02,893 P1712943 INFO pr:0.8533  rc:0.9922  auc:0.9953 ap:0.9665 f1: 0.9176 pred_right: 16350 pred_wrong:150 actu_right: 16371 actu_wrong: 129
2026-07-14 12:28:02,893 P1712943 INFO ----------------------------------------------------------------------------------------------------
2026-07-14 12:28:02,894 P1712943 INFO 235/300 starting... lr: 0.0008100000000000001 para:0.01
2026-07-14 12:28:08,686 P1712943 INFO Epoch 235/300, all_loss:0.15704 cls_loss:0.15822 rec_loss:0.04020 [5.79s]; best loss:0.00039, patience : 3
2026-07-14 12:28:10,959 P1712943 INFO pr:0.9678  rc:0.9093  auc:0.9841 ap:0.9775 f1: 0.9377 pred_right: 38627 pred_wrong:373 actu_right: 38603 actu_wrong: 397
2026-07-14 12:28:13,159 P1712943 INFO pr:0.9764  rc:0.9612  auc:0.9934 ap:0.9775 f1: 0.9688 pred_right: 16373 pred_wrong:127 actu_right: 16371 actu_wrong: 129
2026-07-14 12:28:13,160 P1712943 INFO ----------------------------------------------------------------------------------------------------
2026-07-14 12:28:13,161 P1712943 INFO 236/300 starting... lr: 0.0008100000000000001 para:0.01
2026-07-14 12:28:25,906 P1712943 INFO Epoch 236/300, all_loss:0.03572 cls_loss:0.03567 rec_loss:0.04036 [12.74s]; best loss:0.00039, patience : 3
2026-07-14 12:28:28,486 P1712943 INFO pr:0.9662  rc:0.9370  auc:0.9856 ap:0.9795 f1: 0.9514 pred_right: 38615 pred_wrong:385 actu_right: 38603 actu_wrong: 397
2026-07-14 12:28:29,509 P1712943 INFO pr:0.9265  rc:0.9767  auc:0.9958 ap:0.9790 f1: 0.9509 pred_right: 16364 pred_wrong:136 actu_right: 16371 actu_wrong: 129
2026-07-14 12:28:29,510 P1712943 INFO ----------------------------------------------------------------------------------------------------
2026-07-14 12:28:29,510 P1712943 INFO 237/300 starting... lr: 0.0008100000000000001 para:0.01
2026-07-14 12:28:36,155 P1712943 INFO Epoch 237/300, all_loss:0.00399 cls_loss:0.00363 rec_loss:0.03930 [6.64s]; best loss:0.00039, patience : 3
2026-07-14 12:28:38,678 P1712943 INFO pr:0.9789  rc:0.9345  auc:0.9844 ap:0.9808 f1: 0.9562 pred_right: 38621 pred_wrong:379 actu_right: 38603 actu_wrong: 397
2026-07-14 12:28:39,607 P1712943 INFO pr:0.9474  rc:0.9767  auc:0.9936 ap:0.9786 f1: 0.9618 pred_right: 16367 pred_wrong:133 actu_right: 16371 actu_wrong: 129
2026-07-14 12:28:39,607 P1712943 INFO ----------------------------------------------------------------------------------------------------
2026-07-14 12:28:39,608 P1712943 INFO 238/300 starting... lr: 0.0008100000000000001 para:0.01
2026-07-14 12:28:46,183 P1712943 INFO Epoch 238/300, all_loss:0.00654 cls_loss:0.00621 rec_loss:0.03926 [6.57s]; best loss:0.00039, patience : 4
2026-07-14 12:28:48,802 P1712943 INFO pr:0.9788  rc:0.9295  auc:0.9794 ap:0.9778 f1: 0.9535 pred_right: 38623 pred_wrong:377 actu_right: 38603 actu_wrong: 397
2026-07-14 12:28:49,896 P1712943 INFO pr:0.9545  rc:0.9767  auc:0.9938 ap:0.9769 f1: 0.9655 pred_right: 16368 pred_wrong:132 actu_right: 16371 actu_wrong: 129
2026-07-14 12:28:49,896 P1712943 INFO ----------------------------------------------------------------------------------------------------
2026-07-14 12:28:49,896 P1712943 INFO 239/300 starting... lr: 0.0008100000000000001 para:0.01
2026-07-14 12:28:56,392 P1712943 INFO Epoch 239/300, all_loss:0.01439 cls_loss:0.01413 rec_loss:0.04013 [6.50s]; best loss:0.00039, patience : 5
2026-07-14 12:28:58,894 P1712943 INFO pr:0.9588  rc:0.9394  auc:0.9845 ap:0.9789 f1: 0.9490 pred_right: 38612 pred_wrong:388 actu_right: 38604 actu_wrong: 396
2026-07-14 12:28:59,960 P1712943 INFO pr:0.9265  rc:0.9767  auc:0.9934 ap:0.9786 f1: 0.9509 pred_right: 16364 pred_wrong:136 actu_right: 16371 actu_wrong: 129
2026-07-14 12:28:59,960 P1712943 INFO ----------------------------------------------------------------------------------------------------
2026-07-14 12:28:59,960 P1712943 INFO 240/300 starting... lr: 0.0008100000000000001 para:0.01
2026-07-14 12:29:06,349 P1712943 INFO Epoch 240/300, all_loss:0.00184 cls_loss:0.00145 rec_loss:0.04014 [6.39s]; best loss:0.00039, patience : 5
2026-07-14 12:29:08,817 P1712943 INFO pr:0.9764  rc:0.9370  auc:0.9842 ap:0.9798 f1: 0.9563 pred_right: 38619 pred_wrong:381 actu_right: 38603 actu_wrong: 397
2026-07-14 12:29:09,859 P1712943 INFO pr:0.9333  rc:0.9767  auc:0.9937 ap:0.9751 f1: 0.9545 pred_right: 16365 pred_wrong:135 actu_right: 16371 actu_wrong: 129
2026-07-14 12:29:09,860 P1712943 INFO ----------------------------------------------------------------------------------------------------
2026-07-14 12:29:09,860 P1712943 INFO 241/300 starting... lr: 0.0008100000000000001 para:0.01
2026-07-14 12:29:16,413 P1712943 INFO Epoch 241/300, all_loss:0.00085 cls_loss:0.00045 rec_loss:0.03973 [6.55s]; best loss:0.00039, patience : 5
2026-07-14 12:29:19,050 P1712943 INFO pr:0.9739  rc:0.9395  auc:0.9838 ap:0.9799 f1: 0.9564 pred_right: 38617 pred_wrong:383 actu_right: 38603 actu_wrong: 397
2026-07-14 12:29:20,129 P1712943 INFO pr:0.9333  rc:0.9767  auc:0.9937 ap:0.9752 f1: 0.9545 pred_right: 16365 pred_wrong:135 actu_right: 16371 actu_wrong: 129
2026-07-14 12:29:20,130 P1712943 INFO ----------------------------------------------------------------------------------------------------
2026-07-14 12:29:20,130 P1712943 INFO 242/300 starting... lr: 0.0008100000000000001 para:0.01
2026-07-14 12:29:26,614 P1712943 INFO Epoch 242/300, all_loss:0.00068 cls_loss:0.00029 rec_loss:0.03961 [6.48s]; best loss:0.00039, patience : 5
2026-07-14 12:29:29,095 P1712943 INFO pr:0.9739  rc:0.9395  auc:0.9841 ap:0.9788 f1: 0.9564 pred_right: 38617 pred_wrong:383 actu_right: 38603 actu_wrong: 397
2026-07-14 12:29:30,170 P1712943 INFO pr:0.9333  rc:0.9767  auc:0.9937 ap:0.9754 f1: 0.9545 pred_right: 16365 pred_wrong:135 actu_right: 16371 actu_wrong: 129
2026-07-14 12:29:30,170 P1712943 INFO ----------------------------------------------------------------------------------------------------
2026-07-14 12:29:30,171 P1712943 INFO 243/300 starting... lr: 0.0008100000000000001 para:0.01
2026-07-14 12:29:37,223 P1712943 INFO Epoch 243/300, all_loss:0.00061 cls_loss:0.00021 rec_loss:0.03972 [7.05s]; best loss:0.00039, patience : 5
2026-07-14 12:29:38,909 P1712943 INFO pr:0.9738  rc:0.9392  auc:0.9835 ap:0.9792 f1: 0.9562 pred_right: 38619 pred_wrong:381 actu_right: 38605 actu_wrong: 395
2026-07-14 12:29:39,722 P1712943 INFO pr:0.9333  rc:0.9767  auc:0.9937 ap:0.9755 f1: 0.9545 pred_right: 16365 pred_wrong:135 actu_right: 16371 actu_wrong: 129
2026-07-14 12:29:39,722 P1712943 INFO ----------------------------------------------------------------------------------------------------
2026-07-14 12:29:39,722 P1712943 INFO 244/300 starting... lr: 0.0008100000000000001 para:0.01
2026-07-14 12:29:45,686 P1712943 INFO Epoch 244/300, all_loss:0.00057 cls_loss:0.00018 rec_loss:0.03957 [5.96s]; best loss:0.00039, patience : 5
2026-07-14 12:29:48,910 P1712943 INFO pr:0.9738  rc:0.9370  auc:0.9829 ap:0.9791 f1: 0.9551 pred_right: 38618 pred_wrong:382 actu_right: 38603 actu_wrong: 397
2026-07-14 12:29:50,764 P1712943 INFO pr:0.9333  rc:0.9767  auc:0.9937 ap:0.9755 f1: 0.9545 pred_right: 16365 pred_wrong:135 actu_right: 16371 actu_wrong: 129
2026-07-14 12:29:50,765 P1712943 INFO ----------------------------------------------------------------------------------------------------
2026-07-14 12:29:50,765 P1712943 INFO 245/300 starting... lr: 0.0008100000000000001 para:0.01
2026-07-14 12:30:03,051 P1712943 INFO Epoch 245/300, all_loss:0.00054 cls_loss:0.00015 rec_loss:0.03945 [12.29s]; best loss:0.00039, patience : 5
2026-07-14 12:30:05,555 P1712943 INFO pr:0.9738  rc:0.9369  auc:0.9829 ap:0.9791 f1: 0.9550 pred_right: 38619 pred_wrong:381 actu_right: 38604 actu_wrong: 396
2026-07-14 12:30:06,610 P1712943 INFO pr:0.9333  rc:0.9767  auc:0.9937 ap:0.9755 f1: 0.9545 pred_right: 16365 pred_wrong:135 actu_right: 16371 actu_wrong: 129
2026-07-14 12:30:06,610 P1712943 INFO ----------------------------------------------------------------------------------------------------
2026-07-14 12:30:06,610 P1712943 INFO 246/300 starting... lr: 0.0008100000000000001 para:0.01
2026-07-14 12:30:13,421 P1712943 INFO Epoch 246/300, all_loss:0.00052 cls_loss:0.00013 rec_loss:0.03938 [6.81s]; best loss:0.00039, patience : 5
2026-07-14 12:30:15,834 P1712943 INFO pr:0.9713  rc:0.9370  auc:0.9828 ap:0.9793 f1: 0.9538 pred_right: 38617 pred_wrong:383 actu_right: 38603 actu_wrong: 397
2026-07-14 12:30:16,804 P1712943 INFO pr:0.9333  rc:0.9767  auc:0.9937 ap:0.9754 f1: 0.9545 pred_right: 16365 pred_wrong:135 actu_right: 16371 actu_wrong: 129
2026-07-14 12:30:16,805 P1712943 INFO ----------------------------------------------------------------------------------------------------
2026-07-14 12:30:16,812 P1712943 INFO 247/300 starting... lr: 0.0008100000000000001 para:0.01
2026-07-14 12:30:23,293 P1712943 INFO Epoch 247/300, all_loss:0.00050 cls_loss:0.00011 rec_loss:0.03921 [6.48s]; best loss:0.00039, patience : 5
2026-07-14 12:30:25,754 P1712943 INFO pr:0.9688  rc:0.9370  auc:0.9828 ap:0.9794 f1: 0.9526 pred_right: 38616 pred_wrong:384 actu_right: 38603 actu_wrong: 397
2026-07-14 12:30:26,762 P1712943 INFO pr:0.9333  rc:0.9767  auc:0.9937 ap:0.9754 f1: 0.9545 pred_right: 16365 pred_wrong:135 actu_right: 16371 actu_wrong: 129
2026-07-14 12:30:26,763 P1712943 INFO ----------------------------------------------------------------------------------------------------
2026-07-14 12:30:26,763 P1712943 INFO 248/300 starting... lr: 0.0008100000000000001 para:0.01
2026-07-14 12:30:33,243 P1712943 INFO Epoch 248/300, all_loss:0.00049 cls_loss:0.00010 rec_loss:0.03906 [6.48s]; best loss:0.00039, patience : 5
2026-07-14 12:30:35,701 P1712943 INFO pr:0.9688  rc:0.9394  auc:0.9834 ap:0.9794 f1: 0.9538 pred_right: 38616 pred_wrong:384 actu_right: 38604 actu_wrong: 396
2026-07-14 12:30:36,732 P1712943 INFO pr:0.9333  rc:0.9767  auc:0.9937 ap:0.9755 f1: 0.9545 pred_right: 16365 pred_wrong:135 actu_right: 16371 actu_wrong: 129
2026-07-14 12:30:36,733 P1712943 INFO ----------------------------------------------------------------------------------------------------
2026-07-14 12:30:36,733 P1712943 INFO 249/300 starting... lr: 0.0008100000000000001 para:0.01
2026-07-14 12:30:43,325 P1712943 INFO Epoch 249/300, all_loss:0.00048 cls_loss:0.00009 rec_loss:0.03886 [6.59s]; best loss:0.00039, patience : 5
2026-07-14 12:30:45,788 P1712943 INFO pr:0.9714  rc:0.9395  auc:0.9834 ap:0.9795 f1: 0.9552 pred_right: 38616 pred_wrong:384 actu_right: 38603 actu_wrong: 397
2026-07-14 12:30:46,750 P1712943 INFO pr:0.9333  rc:0.9767  auc:0.9937 ap:0.9755 f1: 0.9545 pred_right: 16365 pred_wrong:135 actu_right: 16371 actu_wrong: 129
2026-07-14 12:30:46,750 P1712943 INFO ----------------------------------------------------------------------------------------------------
2026-07-14 12:30:46,751 P1712943 INFO 250/300 starting... lr: 0.0008100000000000001 para:0.01
2026-07-14 12:30:53,467 P1712943 INFO Epoch 250/300, all_loss:0.00047 cls_loss:0.00008 rec_loss:0.03870 [6.72s]; best loss:0.00039, patience : 5
2026-07-14 12:30:56,028 P1712943 INFO pr:0.9714  rc:0.9395  auc:0.9834 ap:0.9794 f1: 0.9552 pred_right: 38616 pred_wrong:384 actu_right: 38603 actu_wrong: 397
2026-07-14 12:30:57,109 P1712943 INFO pr:0.9265  rc:0.9767  auc:0.9937 ap:0.9754 f1: 0.9509 pred_right: 16364 pred_wrong:136 actu_right: 16371 actu_wrong: 129
2026-07-14 12:30:57,110 P1712943 INFO ----------------------------------------------------------------------------------------------------
2026-07-14 12:30:57,110 P1712943 INFO 251/300 starting... lr: 0.0008100000000000001 para:0.01
2026-07-14 12:31:03,823 P1712943 INFO Epoch 251/300, all_loss:0.00046 cls_loss:0.00007 rec_loss:0.03858 [6.71s]; best loss:0.00039, patience : 5
2026-07-14 12:31:06,163 P1712943 INFO pr:0.9714  rc:0.9395  auc:0.9834 ap:0.9794 f1: 0.9552 pred_right: 38616 pred_wrong:384 actu_right: 38603 actu_wrong: 397
2026-07-14 12:31:07,063 P1712943 INFO pr:0.9265  rc:0.9767  auc:0.9937 ap:0.9755 f1: 0.9509 pred_right: 16364 pred_wrong:136 actu_right: 16371 actu_wrong: 129
2026-07-14 12:31:07,064 P1712943 INFO ----------------------------------------------------------------------------------------------------
2026-07-14 12:31:07,064 P1712943 INFO 252/300 starting... lr: 0.0008100000000000001 para:0.01
2026-07-14 12:31:13,762 P1712943 INFO Epoch 252/300, all_loss:0.00045 cls_loss:0.00007 rec_loss:0.03836 [6.70s]; best loss:0.00039, patience : 5
2026-07-14 12:31:15,685 P1712943 INFO pr:0.9714  rc:0.9395  auc:0.9834 ap:0.9793 f1: 0.9552 pred_right: 38616 pred_wrong:384 actu_right: 38603 actu_wrong: 397
2026-07-14 12:31:16,633 P1712943 INFO pr:0.9265  rc:0.9767  auc:0.9937 ap:0.9754 f1: 0.9509 pred_right: 16364 pred_wrong:136 actu_right: 16371 actu_wrong: 129
2026-07-14 12:31:16,634 P1712943 INFO ----------------------------------------------------------------------------------------------------
2026-07-14 12:31:16,634 P1712943 INFO 253/300 starting... lr: 0.0008100000000000001 para:0.01
2026-07-14 12:31:22,623 P1712943 INFO Epoch 253/300, all_loss:0.00044 cls_loss:0.00006 rec_loss:0.03817 [5.99s]; best loss:0.00039, patience : 5
2026-07-14 12:31:26,131 P1712943 INFO pr:0.9713  rc:0.9394  auc:0.9833 ap:0.9793 f1: 0.9551 pred_right: 38617 pred_wrong:383 actu_right: 38604 actu_wrong: 396
2026-07-14 12:31:28,250 P1712943 INFO pr:0.9265  rc:0.9767  auc:0.9937 ap:0.9719 f1: 0.9509 pred_right: 16364 pred_wrong:136 actu_right: 16371 actu_wrong: 129
2026-07-14 12:31:28,252 P1712943 INFO ----------------------------------------------------------------------------------------------------
2026-07-14 12:31:28,253 P1712943 INFO 254/300 starting... lr: 0.0008100000000000001 para:0.01
2026-07-14 12:31:39,459 P1712943 INFO Epoch 254/300, all_loss:0.00043 cls_loss:0.00005 rec_loss:0.03799 [11.20s]; best loss:0.00039, patience : 5
2026-07-14 12:31:42,085 P1712943 INFO pr:0.9714  rc:0.9395  auc:0.9834 ap:0.9793 f1: 0.9552 pred_right: 38616 pred_wrong:384 actu_right: 38603 actu_wrong: 397
2026-07-14 12:31:43,178 P1712943 INFO pr:0.9265  rc:0.9767  auc:0.9937 ap:0.9719 f1: 0.9509 pred_right: 16364 pred_wrong:136 actu_right: 16371 actu_wrong: 129
2026-07-14 12:31:43,178 P1712943 INFO ----------------------------------------------------------------------------------------------------
2026-07-14 12:31:43,179 P1712943 INFO 255/300 starting... lr: 0.0008100000000000001 para:0.01
2026-07-14 12:31:49,897 P1712943 INFO Epoch 255/300, all_loss:0.00043 cls_loss:0.00005 rec_loss:0.03780 [6.72s]; best loss:0.00039, patience : 5
2026-07-14 12:31:52,234 P1712943 INFO pr:0.9713  rc:0.9370  auc:0.9834 ap:0.9793 f1: 0.9538 pred_right: 38617 pred_wrong:383 actu_right: 38603 actu_wrong: 397
2026-07-14 12:31:53,190 P1712943 INFO pr:0.9265  rc:0.9767  auc:0.9937 ap:0.9720 f1: 0.9509 pred_right: 16364 pred_wrong:136 actu_right: 16371 actu_wrong: 129
2026-07-14 12:31:53,191 P1712943 INFO ----------------------------------------------------------------------------------------------------
2026-07-14 12:31:53,191 P1712943 INFO 256/300 starting... lr: 0.0008100000000000001 para:0.01
2026-07-14 12:31:59,748 P1712943 INFO Epoch 256/300, all_loss:0.00042 cls_loss:0.00004 rec_loss:0.03760 [6.56s]; best loss:0.00039, patience : 5
2026-07-14 12:32:02,318 P1712943 INFO pr:0.9712  rc:0.9369  auc:0.9833 ap:0.9791 f1: 0.9537 pred_right: 38618 pred_wrong:382 actu_right: 38604 actu_wrong: 396
2026-07-14 12:32:03,223 P1712943 INFO pr:0.9265  rc:0.9767  auc:0.9937 ap:0.9720 f1: 0.9509 pred_right: 16364 pred_wrong:136 actu_right: 16371 actu_wrong: 129
2026-07-14 12:32:03,224 P1712943 INFO ----------------------------------------------------------------------------------------------------
2026-07-14 12:32:03,231 P1712943 INFO 257/300 starting... lr: 0.0008100000000000001 para:0.01
2026-07-14 12:32:09,543 P1712943 INFO Epoch 257/300, all_loss:0.00042 cls_loss:0.00004 rec_loss:0.03726 [6.31s]; best loss:0.00039, patience : 5
2026-07-14 12:32:11,990 P1712943 INFO pr:0.9712  rc:0.9369  auc:0.9833 ap:0.9791 f1: 0.9537 pred_right: 38618 pred_wrong:382 actu_right: 38604 actu_wrong: 396
2026-07-14 12:32:13,017 P1712943 INFO pr:0.9265  rc:0.9767  auc:0.9937 ap:0.9720 f1: 0.9509 pred_right: 16364 pred_wrong:136 actu_right: 16371 actu_wrong: 129
2026-07-14 12:32:13,017 P1712943 INFO ----------------------------------------------------------------------------------------------------
2026-07-14 12:32:13,018 P1712943 INFO 258/300 starting... lr: 0.0008100000000000001 para:0.01
2026-07-14 12:32:19,750 P1712943 INFO Epoch 258/300, all_loss:0.00041 cls_loss:0.00004 rec_loss:0.03707 [6.73s]; best loss:0.00039, patience : 5
2026-07-14 12:32:22,255 P1712943 INFO pr:0.9713  rc:0.9370  auc:0.9833 ap:0.9791 f1: 0.9538 pred_right: 38617 pred_wrong:383 actu_right: 38603 actu_wrong: 397
2026-07-14 12:32:23,210 P1712943 INFO pr:0.9265  rc:0.9767  auc:0.9937 ap:0.9719 f1: 0.9509 pred_right: 16364 pred_wrong:136 actu_right: 16371 actu_wrong: 129
2026-07-14 12:32:23,211 P1712943 INFO ----------------------------------------------------------------------------------------------------
2026-07-14 12:32:23,211 P1712943 INFO 259/300 starting... lr: 0.0008100000000000001 para:0.01
2026-07-14 12:32:29,850 P1712943 INFO Epoch 259/300, all_loss:0.00041 cls_loss:0.00004 rec_loss:0.03691 [6.64s]; best loss:0.00039, patience : 5
2026-07-14 12:32:32,290 P1712943 INFO pr:0.9713  rc:0.9370  auc:0.9833 ap:0.9791 f1: 0.9538 pred_right: 38617 pred_wrong:383 actu_right: 38603 actu_wrong: 397
2026-07-14 12:32:33,324 P1712943 INFO pr:0.9265  rc:0.9767  auc:0.9937 ap:0.9720 f1: 0.9509 pred_right: 16364 pred_wrong:136 actu_right: 16371 actu_wrong: 129
2026-07-14 12:32:33,324 P1712943 INFO ----------------------------------------------------------------------------------------------------
2026-07-14 12:32:33,324 P1712943 INFO 260/300 starting... lr: 0.0008100000000000001 para:0.01
2026-07-14 12:32:39,940 P1712943 INFO Epoch 260/300, all_loss:0.00040 cls_loss:0.00003 rec_loss:0.03667 [6.62s]; best loss:0.00039, patience : 5
2026-07-14 12:32:42,520 P1712943 INFO pr:0.9713  rc:0.9370  auc:0.9827 ap:0.9790 f1: 0.9538 pred_right: 38617 pred_wrong:383 actu_right: 38603 actu_wrong: 397
2026-07-14 12:32:43,607 P1712943 INFO pr:0.9265  rc:0.9767  auc:0.9937 ap:0.9719 f1: 0.9509 pred_right: 16364 pred_wrong:136 actu_right: 16371 actu_wrong: 129
2026-07-14 12:32:43,608 P1712943 INFO ----------------------------------------------------------------------------------------------------
2026-07-14 12:32:43,608 P1712943 INFO 261/300 starting... lr: 0.0008100000000000001 para:0.01
2026-07-14 12:32:50,405 P1712943 INFO Epoch 261/300, all_loss:0.00040 cls_loss:0.00003 rec_loss:0.03645 [6.80s]; best loss:0.00039, patience : 5
2026-07-14 12:32:52,214 P1712943 INFO pr:0.9713  rc:0.9370  auc:0.9833 ap:0.9791 f1: 0.9538 pred_right: 38617 pred_wrong:383 actu_right: 38603 actu_wrong: 397
2026-07-14 12:32:53,010 P1712943 INFO pr:0.9265  rc:0.9767  auc:0.9937 ap:0.9722 f1: 0.9509 pred_right: 16364 pred_wrong:136 actu_right: 16371 actu_wrong: 129
2026-07-14 12:32:53,010 P1712943 INFO ----------------------------------------------------------------------------------------------------
2026-07-14 12:32:53,010 P1712943 INFO 262/300 starting... lr: 0.0008100000000000001 para:0.01
2026-07-14 12:32:58,914 P1712943 INFO Epoch 262/300, all_loss:0.00039 cls_loss:0.00003 rec_loss:0.03610 [5.90s]; best loss:0.00039, patience : 0
2026-07-14 12:33:02,266 P1712943 INFO pr:0.9713  rc:0.9370  auc:0.9820 ap:0.9790 f1: 0.9538 pred_right: 38617 pred_wrong:383 actu_right: 38603 actu_wrong: 397
2026-07-14 12:33:04,294 P1712943 INFO pr:0.9265  rc:0.9767  auc:0.9937 ap:0.9722 f1: 0.9509 pred_right: 16364 pred_wrong:136 actu_right: 16371 actu_wrong: 129
2026-07-14 12:33:04,295 P1712943 INFO ----------------------------------------------------------------------------------------------------
2026-07-14 12:33:04,295 P1712943 INFO 263/300 starting... lr: 0.0008100000000000001 para:0.01
2026-07-14 12:33:15,778 P1712943 INFO Epoch 263/300, all_loss:0.00039 cls_loss:0.00003 rec_loss:0.03587 [11.48s]; best loss:0.00039, patience : 0
2026-07-14 12:33:18,325 P1712943 INFO pr:0.9712  rc:0.9369  auc:0.9820 ap:0.9790 f1: 0.9537 pred_right: 38618 pred_wrong:382 actu_right: 38604 actu_wrong: 396
2026-07-14 12:33:19,365 P1712943 INFO pr:0.9265  rc:0.9767  auc:0.9937 ap:0.9723 f1: 0.9509 pred_right: 16364 pred_wrong:136 actu_right: 16371 actu_wrong: 129
2026-07-14 12:33:19,366 P1712943 INFO ----------------------------------------------------------------------------------------------------
2026-07-14 12:33:19,366 P1712943 INFO 264/300 starting... lr: 0.0008100000000000001 para:0.01
2026-07-14 12:33:26,017 P1712943 INFO Epoch 264/300, all_loss:0.00039 cls_loss:0.00003 rec_loss:0.03550 [6.65s]; best loss:0.00039, patience : 0
2026-07-14 12:33:28,524 P1712943 INFO pr:0.9713  rc:0.9370  auc:0.9820 ap:0.9791 f1: 0.9538 pred_right: 38617 pred_wrong:383 actu_right: 38603 actu_wrong: 397
2026-07-14 12:33:29,606 P1712943 INFO pr:0.9265  rc:0.9767  auc:0.9937 ap:0.9723 f1: 0.9509 pred_right: 16364 pred_wrong:136 actu_right: 16371 actu_wrong: 129
2026-07-14 12:33:29,607 P1712943 INFO ----------------------------------------------------------------------------------------------------
2026-07-14 12:33:29,607 P1712943 INFO 265/300 starting... lr: 0.0008100000000000001 para:0.01
2026-07-14 12:33:36,243 P1712943 INFO Epoch 265/300, all_loss:0.00038 cls_loss:0.00003 rec_loss:0.03532 [6.63s]; best loss:0.00038, patience : 0
2026-07-14 12:33:38,679 P1712943 INFO pr:0.9713  rc:0.9370  auc:0.9820 ap:0.9790 f1: 0.9538 pred_right: 38617 pred_wrong:383 actu_right: 38603 actu_wrong: 397
2026-07-14 12:33:39,731 P1712943 INFO pr:0.9265  rc:0.9767  auc:0.9938 ap:0.9726 f1: 0.9509 pred_right: 16364 pred_wrong:136 actu_right: 16371 actu_wrong: 129
2026-07-14 12:33:39,732 P1712943 INFO ----------------------------------------------------------------------------------------------------
2026-07-14 12:33:39,732 P1712943 INFO 266/300 starting... lr: 0.0008100000000000001 para:0.01
2026-07-14 12:33:46,477 P1712943 INFO Epoch 266/300, all_loss:0.00037 cls_loss:0.00003 rec_loss:0.03496 [6.74s]; best loss:0.00037, patience : 0
2026-07-14 12:33:49,008 P1712943 INFO pr:0.9713  rc:0.9370  auc:0.9819 ap:0.9777 f1: 0.9538 pred_right: 38617 pred_wrong:383 actu_right: 38603 actu_wrong: 397
2026-07-14 12:33:50,052 P1712943 INFO pr:0.9197  rc:0.9767  auc:0.9937 ap:0.9725 f1: 0.9474 pred_right: 16363 pred_wrong:137 actu_right: 16371 actu_wrong: 129
2026-07-14 12:33:50,052 P1712943 INFO ----------------------------------------------------------------------------------------------------
2026-07-14 12:33:50,053 P1712943 INFO 267/300 starting... lr: 0.0008100000000000001 para:0.01
2026-07-14 12:33:56,569 P1712943 INFO Epoch 267/300, all_loss:0.00037 cls_loss:0.00002 rec_loss:0.03471 [6.51s]; best loss:0.00037, patience : 0
2026-07-14 12:33:59,007 P1712943 INFO pr:0.9713  rc:0.9370  auc:0.9826 ap:0.9779 f1: 0.9538 pred_right: 38617 pred_wrong:383 actu_right: 38603 actu_wrong: 397
2026-07-14 12:33:59,981 P1712943 INFO pr:0.9197  rc:0.9767  auc:0.9938 ap:0.9728 f1: 0.9474 pred_right: 16363 pred_wrong:137 actu_right: 16371 actu_wrong: 129
2026-07-14 12:33:59,981 P1712943 INFO ----------------------------------------------------------------------------------------------------
2026-07-14 12:33:59,981 P1712943 INFO 268/300 starting... lr: 0.0008100000000000001 para:0.01
2026-07-14 12:34:06,613 P1712943 INFO Epoch 268/300, all_loss:0.00037 cls_loss:0.00002 rec_loss:0.03431 [6.63s]; best loss:0.00037, patience : 0
2026-07-14 12:34:09,171 P1712943 INFO pr:0.9713  rc:0.9370  auc:0.9825 ap:0.9779 f1: 0.9538 pred_right: 38617 pred_wrong:383 actu_right: 38603 actu_wrong: 397
2026-07-14 12:34:10,256 P1712943 INFO pr:0.9197  rc:0.9767  auc:0.9938 ap:0.9730 f1: 0.9474 pred_right: 16363 pred_wrong:137 actu_right: 16371 actu_wrong: 129
2026-07-14 12:34:10,256 P1712943 INFO ----------------------------------------------------------------------------------------------------
2026-07-14 12:34:10,256 P1712943 INFO 269/300 starting... lr: 0.0008100000000000001 para:0.01
2026-07-14 12:34:16,737 P1712943 INFO Epoch 269/300, all_loss:0.00036 cls_loss:0.00002 rec_loss:0.03400 [6.48s]; best loss:0.00036, patience : 0
2026-07-14 12:34:18,941 P1712943 INFO pr:0.9713  rc:0.9370  auc:0.9818 ap:0.9777 f1: 0.9538 pred_right: 38617 pred_wrong:383 actu_right: 38603 actu_wrong: 397
2026-07-14 12:34:19,869 P1712943 INFO pr:0.9333  rc:0.9767  auc:0.9938 ap:0.9728 f1: 0.9545 pred_right: 16365 pred_wrong:135 actu_right: 16371 actu_wrong: 129
2026-07-14 12:34:19,870 P1712943 INFO ----------------------------------------------------------------------------------------------------
2026-07-14 12:34:19,870 P1712943 INFO 270/300 starting... lr: 0.0008100000000000001 para:0.01
2026-07-14 12:34:26,804 P1712943 INFO Epoch 270/300, all_loss:0.00036 cls_loss:0.00002 rec_loss:0.03363 [6.93s]; best loss:0.00036, patience : 0
2026-07-14 12:34:28,494 P1712943 INFO pr:0.9713  rc:0.9370  auc:0.9817 ap:0.9777 f1: 0.9538 pred_right: 38617 pred_wrong:383 actu_right: 38603 actu_wrong: 397
2026-07-14 12:34:29,300 P1712943 INFO pr:0.9333  rc:0.9767  auc:0.9938 ap:0.9731 f1: 0.9545 pred_right: 16365 pred_wrong:135 actu_right: 16371 actu_wrong: 129
2026-07-14 12:34:29,301 P1712943 INFO ----------------------------------------------------------------------------------------------------
2026-07-14 12:34:29,301 P1712943 INFO 271/300 starting... lr: 0.0008100000000000001 para:0.01
2026-07-14 12:34:35,432 P1712943 INFO Epoch 271/300, all_loss:0.00035 cls_loss:0.00002 rec_loss:0.03328 [6.13s]; best loss:0.00035, patience : 0
2026-07-14 12:34:39,548 P1712943 INFO pr:0.9713  rc:0.9394  auc:0.9836 ap:0.9790 f1: 0.9551 pred_right: 38617 pred_wrong:383 actu_right: 38604 actu_wrong: 396
2026-07-14 12:34:42,431 P1712943 INFO pr:0.9265  rc:0.9767  auc:0.9938 ap:0.9733 f1: 0.9509 pred_right: 16364 pred_wrong:136 actu_right: 16371 actu_wrong: 129
2026-07-14 12:34:42,432 P1712943 INFO ----------------------------------------------------------------------------------------------------
2026-07-14 12:34:42,432 P1712943 INFO 272/300 starting... lr: 0.0008100000000000001 para:0.01
2026-07-14 12:34:52,752 P1712943 INFO Epoch 272/300, all_loss:0.00035 cls_loss:0.00002 rec_loss:0.03285 [10.32s]; best loss:0.00035, patience : 0
2026-07-14 12:34:55,427 P1712943 INFO pr:0.9663  rc:0.9395  auc:0.9829 ap:0.9742 f1: 0.9527 pred_right: 38614 pred_wrong:386 actu_right: 38603 actu_wrong: 397
2026-07-14 12:34:56,384 P1712943 INFO pr:0.9130  rc:0.9767  auc:0.9938 ap:0.9700 f1: 0.9438 pred_right: 16362 pred_wrong:138 actu_right: 16371 actu_wrong: 129
2026-07-14 12:34:56,385 P1712943 INFO ----------------------------------------------------------------------------------------------------
2026-07-14 12:34:56,385 P1712943 INFO 273/300 starting... lr: 0.0008100000000000001 para:0.01
2026-07-14 12:35:03,124 P1712943 INFO Epoch 273/300, all_loss:0.40717 cls_loss:0.41086 rec_loss:0.04197 [6.74s]; best loss:0.00035, patience : 1
2026-07-14 12:35:05,369 P1712943 INFO pr:0.9437  rc:0.9342  auc:0.9850 ap:0.9753 f1: 0.9389 pred_right: 38609 pred_wrong:391 actu_right: 38605 actu_wrong: 395
2026-07-14 12:35:06,379 P1712943 INFO pr:0.9130  rc:0.9767  auc:0.9975 ap:0.9782 f1: 0.9438 pred_right: 16362 pred_wrong:138 actu_right: 16371 actu_wrong: 129
2026-07-14 12:35:06,379 P1712943 INFO ----------------------------------------------------------------------------------------------------
2026-07-14 12:35:06,379 P1712943 INFO 274/300 starting... lr: 0.0008100000000000001 para:0.01
2026-07-14 12:35:12,969 P1712943 INFO Epoch 274/300, all_loss:0.11929 cls_loss:0.12007 rec_loss:0.04130 [6.59s]; best loss:0.00035, patience : 1
2026-07-14 12:35:15,393 P1712943 INFO pr:0.9266  rc:0.9219  auc:0.9858 ap:0.9745 f1: 0.9242 pred_right: 38605 pred_wrong:395 actu_right: 38603 actu_wrong: 397
2026-07-14 12:35:16,353 P1712943 INFO pr:0.9124  rc:0.9690  auc:0.9941 ap:0.9769 f1: 0.9398 pred_right: 16363 pred_wrong:137 actu_right: 16371 actu_wrong: 129
2026-07-14 12:35:16,354 P1712943 INFO ----------------------------------------------------------------------------------------------------
2026-07-14 12:35:16,354 P1712943 INFO 275/300 starting... lr: 0.0008100000000000001 para:0.01
2026-07-14 12:35:23,080 P1712943 INFO Epoch 275/300, all_loss:0.07365 cls_loss:0.07392 rec_loss:0.04698 [6.73s]; best loss:0.00035, patience : 1
2026-07-14 12:35:25,441 P1712943 INFO pr:0.9591  rc:0.9446  auc:0.9873 ap:0.9826 f1: 0.9518 pred_right: 38609 pred_wrong:391 actu_right: 38603 actu_wrong: 397
2026-07-14 12:35:26,367 P1712943 INFO pr:0.9265  rc:0.9767  auc:0.9978 ap:0.9761 f1: 0.9509 pred_right: 16364 pred_wrong:136 actu_right: 16371 actu_wrong: 129
2026-07-14 12:35:26,368 P1712943 INFO ----------------------------------------------------------------------------------------------------
2026-07-14 12:35:26,368 P1712943 INFO 276/300 starting... lr: 0.0008100000000000001 para:0.01
2026-07-14 12:35:32,795 P1712943 INFO Epoch 276/300, all_loss:0.01351 cls_loss:0.01320 rec_loss:0.04425 [6.43s]; best loss:0.00035, patience : 1
2026-07-14 12:35:35,196 P1712943 INFO pr:0.9791  rc:0.9446  auc:0.9837 ap:0.9820 f1: 0.9615 pred_right: 38617 pred_wrong:383 actu_right: 38603 actu_wrong: 397
2026-07-14 12:35:36,254 P1712943 INFO pr:0.9474  rc:0.9767  auc:0.9959 ap:0.9824 f1: 0.9618 pred_right: 16367 pred_wrong:133 actu_right: 16371 actu_wrong: 129
2026-07-14 12:35:36,255 P1712943 INFO ----------------------------------------------------------------------------------------------------
2026-07-14 12:35:36,255 P1712943 INFO 277/300 starting... lr: 0.0008100000000000001 para:0.01
2026-07-14 12:35:42,703 P1712943 INFO Epoch 277/300, all_loss:0.00096 cls_loss:0.00053 rec_loss:0.04386 [6.45s]; best loss:0.00035, patience : 1
2026-07-14 12:35:45,269 P1712943 INFO pr:0.9791  rc:0.9446  auc:0.9841 ap:0.9825 f1: 0.9615 pred_right: 38617 pred_wrong:383 actu_right: 38603 actu_wrong: 397
2026-07-14 12:35:46,230 P1712943 INFO pr:0.9403  rc:0.9767  auc:0.9959 ap:0.9823 f1: 0.9582 pred_right: 16366 pred_wrong:134 actu_right: 16371 actu_wrong: 129
2026-07-14 12:35:46,230 P1712943 INFO ----------------------------------------------------------------------------------------------------
2026-07-14 12:35:46,230 P1712943 INFO 278/300 starting... lr: 0.0008100000000000001 para:0.01
2026-07-14 12:35:52,622 P1712943 INFO Epoch 278/300, all_loss:0.00069 cls_loss:0.00026 rec_loss:0.04335 [6.39s]; best loss:0.00035, patience : 1
2026-07-14 12:35:55,138 P1712943 INFO pr:0.9791  rc:0.9446  auc:0.9841 ap:0.9828 f1: 0.9615 pred_right: 38617 pred_wrong:383 actu_right: 38603 actu_wrong: 397
2026-07-14 12:35:56,373 P1712943 INFO pr:0.9403  rc:0.9767  auc:0.9959 ap:0.9824 f1: 0.9582 pred_right: 16366 pred_wrong:134 actu_right: 16371 actu_wrong: 129
2026-07-14 12:35:56,373 P1712943 INFO ----------------------------------------------------------------------------------------------------
2026-07-14 12:35:56,374 P1712943 INFO 279/300 starting... lr: 0.0008100000000000001 para:0.01
2026-07-14 12:36:02,792 P1712943 INFO Epoch 279/300, all_loss:0.00061 cls_loss:0.00018 rec_loss:0.04304 [6.42s]; best loss:0.00035, patience : 1
2026-07-14 12:36:04,682 P1712943 INFO pr:0.9791  rc:0.9446  auc:0.9841 ap:0.9828 f1: 0.9615 pred_right: 38617 pred_wrong:383 actu_right: 38603 actu_wrong: 397
2026-07-14 12:36:05,530 P1712943 INFO pr:0.9403  rc:0.9767  auc:0.9959 ap:0.9826 f1: 0.9582 pred_right: 16366 pred_wrong:134 actu_right: 16371 actu_wrong: 129
2026-07-14 12:36:05,530 P1712943 INFO ----------------------------------------------------------------------------------------------------
2026-07-14 12:36:05,531 P1712943 INFO 280/300 starting... lr: 0.0008100000000000001 para:0.01
2026-07-14 12:36:12,192 P1712943 INFO Epoch 280/300, all_loss:0.00057 cls_loss:0.00014 rec_loss:0.04253 [6.66s]; best loss:0.00035, patience : 1
2026-07-14 12:36:17,302 P1712943 INFO pr:0.9766  rc:0.9446  auc:0.9841 ap:0.9830 f1: 0.9603 pred_right: 38616 pred_wrong:384 actu_right: 38603 actu_wrong: 397
2026-07-14 12:36:19,594 P1712943 INFO pr:0.9403  rc:0.9767  auc:0.9959 ap:0.9826 f1: 0.9582 pred_right: 16366 pred_wrong:134 actu_right: 16371 actu_wrong: 129
2026-07-14 12:36:19,595 P1712943 INFO ----------------------------------------------------------------------------------------------------
2026-07-14 12:36:19,595 P1712943 INFO 281/300 starting... lr: 0.0008100000000000001 para:0.01
2026-07-14 12:36:29,848 P1712943 INFO Epoch 281/300, all_loss:0.00054 cls_loss:0.00012 rec_loss:0.04206 [10.25s]; best loss:0.00035, patience : 1
2026-07-14 12:36:32,657 P1712943 INFO pr:0.9766  rc:0.9446  auc:0.9842 ap:0.9819 f1: 0.9603 pred_right: 38616 pred_wrong:384 actu_right: 38603 actu_wrong: 397
2026-07-14 12:36:33,621 P1712943 INFO pr:0.9403  rc:0.9767  auc:0.9959 ap:0.9790 f1: 0.9582 pred_right: 16366 pred_wrong:134 actu_right: 16371 actu_wrong: 129
2026-07-14 12:36:33,622 P1712943 INFO ----------------------------------------------------------------------------------------------------
2026-07-14 12:36:33,622 P1712943 INFO 282/300 starting... lr: 0.0008100000000000001 para:0.01
2026-07-14 12:36:40,238 P1712943 INFO Epoch 282/300, all_loss:0.00052 cls_loss:0.00010 rec_loss:0.04151 [6.62s]; best loss:0.00035, patience : 1
2026-07-14 12:36:42,615 P1712943 INFO pr:0.9740  rc:0.9444  auc:0.9841 ap:0.9820 f1: 0.9590 pred_right: 38616 pred_wrong:384 actu_right: 38604 actu_wrong: 396
2026-07-14 12:36:43,629 P1712943 INFO pr:0.9403  rc:0.9767  auc:0.9959 ap:0.9791 f1: 0.9582 pred_right: 16366 pred_wrong:134 actu_right: 16371 actu_wrong: 129
2026-07-14 12:36:43,629 P1712943 INFO ----------------------------------------------------------------------------------------------------
2026-07-14 12:36:43,629 P1712943 INFO 283/300 starting... lr: 0.0008100000000000001 para:0.01
2026-07-14 12:36:50,249 P1712943 INFO Epoch 283/300, all_loss:0.00050 cls_loss:0.00009 rec_loss:0.04117 [6.62s]; best loss:0.00035, patience : 1
2026-07-14 12:36:52,598 P1712943 INFO pr:0.9740  rc:0.9446  auc:0.9842 ap:0.9820 f1: 0.9591 pred_right: 38615 pred_wrong:385 actu_right: 38603 actu_wrong: 397
2026-07-14 12:36:53,545 P1712943 INFO pr:0.9403  rc:0.9767  auc:0.9959 ap:0.9791 f1: 0.9582 pred_right: 16366 pred_wrong:134 actu_right: 16371 actu_wrong: 129
2026-07-14 12:36:53,546 P1712943 INFO ----------------------------------------------------------------------------------------------------
2026-07-14 12:36:53,546 P1712943 INFO 284/300 starting... lr: 0.0008100000000000001 para:0.01
2026-07-14 12:37:00,006 P1712943 INFO Epoch 284/300, all_loss:0.00048 cls_loss:0.00008 rec_loss:0.04080 [6.46s]; best loss:0.00035, patience : 1
2026-07-14 12:37:02,418 P1712943 INFO pr:0.9740  rc:0.9446  auc:0.9841 ap:0.9820 f1: 0.9591 pred_right: 38615 pred_wrong:385 actu_right: 38603 actu_wrong: 397
2026-07-14 12:37:03,321 P1712943 INFO pr:0.9403  rc:0.9767  auc:0.9959 ap:0.9792 f1: 0.9582 pred_right: 16366 pred_wrong:134 actu_right: 16371 actu_wrong: 129
2026-07-14 12:37:03,321 P1712943 INFO ----------------------------------------------------------------------------------------------------
2026-07-14 12:37:03,322 P1712943 INFO 285/300 starting... lr: 0.0008100000000000001 para:0.01
2026-07-14 12:37:09,892 P1712943 INFO Epoch 285/300, all_loss:0.00047 cls_loss:0.00007 rec_loss:0.04023 [6.57s]; best loss:0.00035, patience : 1
2026-07-14 12:37:12,415 P1712943 INFO pr:0.9740  rc:0.9446  auc:0.9840 ap:0.9821 f1: 0.9591 pred_right: 38615 pred_wrong:385 actu_right: 38603 actu_wrong: 397
2026-07-14 12:37:13,507 P1712943 INFO pr:0.9403  rc:0.9767  auc:0.9959 ap:0.9793 f1: 0.9582 pred_right: 16366 pred_wrong:134 actu_right: 16371 actu_wrong: 129
2026-07-14 12:37:13,508 P1712943 INFO ----------------------------------------------------------------------------------------------------
2026-07-14 12:37:13,515 P1712943 INFO 286/300 starting... lr: 0.0008100000000000001 para:0.01
2026-07-14 12:37:20,021 P1712943 INFO Epoch 286/300, all_loss:0.00046 cls_loss:0.00006 rec_loss:0.03988 [6.51s]; best loss:0.00035, patience : 1
2026-07-14 12:37:22,480 P1712943 INFO pr:0.9740  rc:0.9444  auc:0.9839 ap:0.9820 f1: 0.9590 pred_right: 38616 pred_wrong:384 actu_right: 38604 actu_wrong: 396
2026-07-14 12:37:23,545 P1712943 INFO pr:0.9403  rc:0.9767  auc:0.9959 ap:0.9793 f1: 0.9582 pred_right: 16366 pred_wrong:134 actu_right: 16371 actu_wrong: 129
2026-07-14 12:37:23,545 P1712943 INFO ----------------------------------------------------------------------------------------------------
2026-07-14 12:37:23,545 P1712943 INFO 287/300 starting... lr: 0.0008100000000000001 para:0.01
2026-07-14 12:37:30,387 P1712943 INFO Epoch 287/300, all_loss:0.00045 cls_loss:0.00006 rec_loss:0.03945 [6.84s]; best loss:0.00035, patience : 1
2026-07-14 12:37:32,699 P1712943 INFO pr:0.9740  rc:0.9444  auc:0.9839 ap:0.9820 f1: 0.9590 pred_right: 38616 pred_wrong:384 actu_right: 38604 actu_wrong: 396
2026-07-14 12:37:34,022 P1712943 INFO pr:0.9403  rc:0.9767  auc:0.9959 ap:0.9794 f1: 0.9582 pred_right: 16366 pred_wrong:134 actu_right: 16371 actu_wrong: 129
2026-07-14 12:37:34,023 P1712943 INFO ----------------------------------------------------------------------------------------------------
2026-07-14 12:37:34,023 P1712943 INFO 288/300 starting... lr: 0.0008100000000000001 para:0.01
2026-07-14 12:37:40,019 P1712943 INFO Epoch 288/300, all_loss:0.00044 cls_loss:0.00005 rec_loss:0.03912 [6.00s]; best loss:0.00035, patience : 1
2026-07-14 12:37:41,930 P1712943 INFO pr:0.9765  rc:0.9444  auc:0.9838 ap:0.9820 f1: 0.9602 pred_right: 38617 pred_wrong:383 actu_right: 38604 actu_wrong: 396
2026-07-14 12:37:42,855 P1712943 INFO pr:0.9403  rc:0.9767  auc:0.9959 ap:0.9794 f1: 0.9582 pred_right: 16366 pred_wrong:134 actu_right: 16371 actu_wrong: 129
2026-07-14 12:37:42,856 P1712943 INFO ----------------------------------------------------------------------------------------------------
2026-07-14 12:37:42,856 P1712943 INFO 289/300 starting... lr: 0.0008100000000000001 para:0.01
2026-07-14 12:37:49,515 P1712943 INFO Epoch 289/300, all_loss:0.00043 cls_loss:0.00005 rec_loss:0.03874 [6.66s]; best loss:0.00035, patience : 1
2026-07-14 12:37:54,383 P1712943 INFO pr:0.9740  rc:0.9446  auc:0.9839 ap:0.9821 f1: 0.9591 pred_right: 38615 pred_wrong:385 actu_right: 38603 actu_wrong: 397
2026-07-14 12:37:56,427 P1712943 INFO pr:0.9403  rc:0.9767  auc:0.9959 ap:0.9794 f1: 0.9582 pred_right: 16366 pred_wrong:134 actu_right: 16371 actu_wrong: 129
2026-07-14 12:37:56,428 P1712943 INFO ----------------------------------------------------------------------------------------------------
2026-07-14 12:37:56,429 P1712943 INFO 290/300 starting... lr: 0.0008100000000000001 para:0.01
2026-07-14 12:38:06,567 P1712943 INFO Epoch 290/300, all_loss:0.00042 cls_loss:0.00004 rec_loss:0.03836 [10.14s]; best loss:0.00035, patience : 1
2026-07-14 12:38:09,081 P1712943 INFO pr:0.9766  rc:0.9446  auc:0.9837 ap:0.9820 f1: 0.9603 pred_right: 38616 pred_wrong:384 actu_right: 38603 actu_wrong: 397
2026-07-14 12:38:10,072 P1712943 INFO pr:0.9403  rc:0.9767  auc:0.9959 ap:0.9795 f1: 0.9582 pred_right: 16366 pred_wrong:134 actu_right: 16371 actu_wrong: 129
2026-07-14 12:38:10,073 P1712943 INFO ----------------------------------------------------------------------------------------------------
2026-07-14 12:38:10,073 P1712943 INFO 291/300 starting... lr: 0.0008100000000000001 para:0.01
2026-07-14 12:38:16,626 P1712943 INFO Epoch 291/300, all_loss:0.00042 cls_loss:0.00004 rec_loss:0.03796 [6.55s]; best loss:0.00035, patience : 1
2026-07-14 12:38:18,950 P1712943 INFO pr:0.9765  rc:0.9444  auc:0.9836 ap:0.9819 f1: 0.9602 pred_right: 38617 pred_wrong:383 actu_right: 38604 actu_wrong: 396
2026-07-14 12:38:19,880 P1712943 INFO pr:0.9403  rc:0.9767  auc:0.9959 ap:0.9796 f1: 0.9582 pred_right: 16366 pred_wrong:134 actu_right: 16371 actu_wrong: 129
2026-07-14 12:38:19,881 P1712943 INFO ----------------------------------------------------------------------------------------------------
2026-07-14 12:38:19,881 P1712943 INFO 292/300 starting... lr: 0.0008100000000000001 para:0.01
2026-07-14 12:38:26,515 P1712943 INFO Epoch 292/300, all_loss:0.00041 cls_loss:0.00004 rec_loss:0.03754 [6.63s]; best loss:0.00035, patience : 1
2026-07-14 12:38:28,957 P1712943 INFO pr:0.9740  rc:0.9446  auc:0.9836 ap:0.9820 f1: 0.9591 pred_right: 38615 pred_wrong:385 actu_right: 38603 actu_wrong: 397
2026-07-14 12:38:30,034 P1712943 INFO pr:0.9403  rc:0.9767  auc:0.9959 ap:0.9796 f1: 0.9582 pred_right: 16366 pred_wrong:134 actu_right: 16371 actu_wrong: 129
2026-07-14 12:38:30,035 P1712943 INFO ----------------------------------------------------------------------------------------------------
2026-07-14 12:38:30,035 P1712943 INFO 293/300 starting... lr: 0.0008100000000000001 para:0.01
2026-07-14 12:38:36,263 P1712943 INFO Epoch 293/300, all_loss:0.00041 cls_loss:0.00004 rec_loss:0.03728 [6.23s]; best loss:0.00035, patience : 1
2026-07-14 12:38:38,386 P1712943 INFO pr:0.9740  rc:0.9446  auc:0.9836 ap:0.9819 f1: 0.9591 pred_right: 38615 pred_wrong:385 actu_right: 38603 actu_wrong: 397
2026-07-14 12:38:39,317 P1712943 INFO pr:0.9403  rc:0.9767  auc:0.9959 ap:0.9796 f1: 0.9582 pred_right: 16366 pred_wrong:134 actu_right: 16371 actu_wrong: 129
2026-07-14 12:38:39,318 P1712943 INFO ----------------------------------------------------------------------------------------------------
2026-07-14 12:38:39,318 P1712943 INFO 294/300 starting... lr: 0.0008100000000000001 para:0.01
2026-07-14 12:38:46,073 P1712943 INFO Epoch 294/300, all_loss:0.00040 cls_loss:0.00003 rec_loss:0.03691 [6.75s]; best loss:0.00035, patience : 1
2026-07-14 12:38:48,621 P1712943 INFO pr:0.9740  rc:0.9446  auc:0.9841 ap:0.9819 f1: 0.9591 pred_right: 38615 pred_wrong:385 actu_right: 38603 actu_wrong: 397
2026-07-14 12:38:49,715 P1712943 INFO pr:0.9403  rc:0.9767  auc:0.9959 ap:0.9797 f1: 0.9582 pred_right: 16366 pred_wrong:134 actu_right: 16371 actu_wrong: 129
2026-07-14 12:38:49,716 P1712943 INFO ----------------------------------------------------------------------------------------------------
2026-07-14 12:38:49,716 P1712943 INFO 295/300 starting... lr: 0.0008100000000000001 para:0.01
2026-07-14 12:38:56,193 P1712943 INFO Epoch 295/300, all_loss:0.00040 cls_loss:0.00003 rec_loss:0.03654 [6.48s]; best loss:0.00035, patience : 1
2026-07-14 12:38:58,653 P1712943 INFO pr:0.9715  rc:0.9446  auc:0.9840 ap:0.9818 f1: 0.9579 pred_right: 38614 pred_wrong:386 actu_right: 38603 actu_wrong: 397
2026-07-14 12:38:59,702 P1712943 INFO pr:0.9403  rc:0.9767  auc:0.9959 ap:0.9797 f1: 0.9582 pred_right: 16366 pred_wrong:134 actu_right: 16371 actu_wrong: 129
2026-07-14 12:38:59,702 P1712943 INFO ----------------------------------------------------------------------------------------------------
2026-07-14 12:38:59,703 P1712943 INFO 296/300 starting... lr: 0.0008100000000000001 para:0.01
2026-07-14 12:39:06,091 P1712943 INFO Epoch 296/300, all_loss:0.00039 cls_loss:0.00003 rec_loss:0.03616 [6.39s]; best loss:0.00035, patience : 1
2026-07-14 12:39:08,237 P1712943 INFO pr:0.9714  rc:0.9419  auc:0.9839 ap:0.9818 f1: 0.9564 pred_right: 38616 pred_wrong:384 actu_right: 38604 actu_wrong: 396
2026-07-14 12:39:09,364 P1712943 INFO pr:0.9403  rc:0.9767  auc:0.9959 ap:0.9797 f1: 0.9582 pred_right: 16366 pred_wrong:134 actu_right: 16371 actu_wrong: 129
2026-07-14 12:39:09,365 P1712943 INFO ----------------------------------------------------------------------------------------------------
2026-07-14 12:39:09,365 P1712943 INFO 297/300 starting... lr: 0.0008100000000000001 para:0.01
2026-07-14 12:39:16,090 P1712943 INFO Epoch 297/300, all_loss:0.00038 cls_loss:0.00003 rec_loss:0.03584 [6.72s]; best loss:0.00035, patience : 1
2026-07-14 12:39:17,926 P1712943 INFO pr:0.9714  rc:0.9421  auc:0.9839 ap:0.9817 f1: 0.9565 pred_right: 38615 pred_wrong:385 actu_right: 38603 actu_wrong: 397
2026-07-14 12:39:18,828 P1712943 INFO pr:0.9403  rc:0.9767  auc:0.9959 ap:0.9798 f1: 0.9582 pred_right: 16366 pred_wrong:134 actu_right: 16371 actu_wrong: 129
2026-07-14 12:39:18,829 P1712943 INFO ----------------------------------------------------------------------------------------------------
2026-07-14 12:39:18,829 P1712943 INFO 298/300 starting... lr: 0.0008100000000000001 para:0.01
2026-07-14 12:39:24,983 P1712943 INFO Epoch 298/300, all_loss:0.00038 cls_loss:0.00003 rec_loss:0.03547 [6.15s]; best loss:0.00035, patience : 1
2026-07-14 12:39:29,098 P1712943 INFO pr:0.9714  rc:0.9444  auc:0.9838 ap:0.9816 f1: 0.9577 pred_right: 38615 pred_wrong:385 actu_right: 38604 actu_wrong: 396
2026-07-14 12:39:31,050 P1712943 INFO pr:0.9403  rc:0.9767  auc:0.9960 ap:0.9798 f1: 0.9582 pred_right: 16366 pred_wrong:134 actu_right: 16371 actu_wrong: 129
2026-07-14 12:39:31,051 P1712943 INFO ----------------------------------------------------------------------------------------------------
2026-07-14 12:39:31,052 P1712943 INFO 299/300 starting... lr: 0.0008100000000000001 para:0.01
2026-07-14 12:39:42,665 P1712943 INFO Epoch 299/300, all_loss:0.00038 cls_loss:0.00002 rec_loss:0.03516 [11.61s]; best loss:0.00035, patience : 1
2026-07-14 12:39:45,046 P1712943 INFO pr:0.9714  rc:0.9421  auc:0.9837 ap:0.9816 f1: 0.9565 pred_right: 38615 pred_wrong:385 actu_right: 38603 actu_wrong: 397
2026-07-14 12:39:46,017 P1712943 INFO pr:0.9403  rc:0.9767  auc:0.9960 ap:0.9798 f1: 0.9582 pred_right: 16366 pred_wrong:134 actu_right: 16371 actu_wrong: 129
2026-07-14 12:39:46,018 P1712943 INFO saving model...
2026-07-14 12:39:46,018 P1712943 INFO DLinear - loss  best score:0.0003490770177450031 at epoch 272
2026-07-14 12:39:46,025 P1712943 INFO DLinear - f1  best score:0.9619289340101523 at epoch 152
2026-07-14 12:39:46,031 P1712943 INFO Average training time per epoch: 7.02 seconds
2026-07-14 12:39:46,032 P1712943 INFO calculate scores...
2026-07-14 12:39:46,032 P1712943 INFO calculate label with loss...
2026-07-14 12:39:46,032 P1712943 INFO DLinear on ./result/server_only_exps/Architecture_updatedFreDF/DLinear-MSDS-Epochs300-Seed2-ExpNameRQ2_architecture-LPFLPF-Attnlinear_attn-NormLinTrue-RecLambda1.0-AuxiLambda0.0 loading...
2026-07-14 12:39:47,028 P1712943 INFO pr:0.9130  rc:0.9767  auc:0.9938 ap:0.9700 f1: 0.9438 pred_right: 16362 pred_wrong:138 actu_right: 16371 actu_wrong: 129
2026-07-14 12:39:48,335 P1712943 INFO pr:0.9130  rc:0.9767  auc:0.9938 ap:0.9700 f1: 0.9438 pred_right: 16362 pred_wrong:138 actu_right: 16371 actu_wrong: 129
2026-07-14 12:39:48,335 P1712943 INFO Performance Summary:
{'GPU': {'inference_time_per_sample_ms': 0.284208654573558, 'throughput_samples_per_sec': 3518.5416907886006, 'peak_memory_mb': 40.93505859375, 'energy_per_sample_joules': 0.014616282687408938}, 'CPU': {'inference_time_per_sample_ms': 0.37795365818659843, 'throughput_samples_per_sec': 2645.8270169891907, 'peak_memory_mb': 2915.1484375, 'energy_per_sample_joules': 0.0245669877821289}}
2026-07-14 12:39:48,335 P1712943 INFO Starting clean-room hardware benchmarking...
2026-07-14 12:39:49,148 P1712943 INFO Performance with loss: pr:0.9130  rc:0.9767  auc:0.9938 ap:0.9700 f1: 0.9438 pred_right: 16362 pred_wrong:138 actu_right: 16371 actu_wrong: 129
2026-07-14 12:39:49,148 P1712943 INFO calculate label with f1...
2026-07-14 12:39:49,149 P1712943 INFO DLinear on ./result/server_only_exps/Architecture_updatedFreDF/DLinear-MSDS-Epochs300-Seed2-ExpNameRQ2_architecture-LPFLPF-Attnlinear_attn-NormLinTrue-RecLambda1.0-AuxiLambda0.0 loading...
2026-07-14 12:39:50,250 P1712943 INFO pr:0.9333  rc:0.9767  auc:0.9952 ap:0.9665 f1: 0.9545 pred_right: 16365 pred_wrong:135 actu_right: 16371 actu_wrong: 129
2026-07-14 12:39:51,564 P1712943 INFO pr:0.9333  rc:0.9767  auc:0.9952 ap:0.9665 f1: 0.9545 pred_right: 16365 pred_wrong:135 actu_right: 16371 actu_wrong: 129
2026-07-14 12:39:51,565 P1712943 INFO Performance Summary:
{'GPU': {'inference_time_per_sample_ms': 0.31703418610841305, 'throughput_samples_per_sec': 3154.2339716576807, 'peak_memory_mb': 40.38720703125, 'energy_per_sample_joules': 0.015984229595213967}, 'CPU': {'inference_time_per_sample_ms': 0.38067943951503574, 'throughput_samples_per_sec': 2626.8820855519384, 'peak_memory_mb': 2919.3515625, 'energy_per_sample_joules': 0.024744163568477324}}
2026-07-14 12:39:51,572 P1712943 INFO Starting clean-room hardware benchmarking...
2026-07-14 12:39:52,355 P1712943 INFO Performance with f1: pr:0.9333  rc:0.9767  auc:0.9952 ap:0.9665 f1: 0.9545 pred_right: 16365 pred_wrong:135 actu_right: 16371 actu_wrong: 129
